eventname,date,startdate,enddate,venue_name,postcode
Bredy Reunion,2026-07-09,2026-07-09 10:00:00+00:00,2026-07-11 23:45:00+00:00,Bredy Farm,DT6 4ND
Bradford Literature Festival,2026-07-09,2026-07-09 09:00:00+00:00,2026-07-09 22:00:00+00:00,University Of Bradford,BD7 1DP
British Summer Time,2026-06-27,2026-06-27 11:00:00+00:00,2026-07-12 23:00:00+00:00,"The Hyde Park, St Neots",PE19 1AJ
Eskfest,2026-07-09,2026-07-09 11:00:00+00:00,2026-07-11 23:00:00+00:00,The Woolpack Inn,CA19 1TH
2000trees Festival,2026-07-08,2026-07-08 12:00:00+00:00,2026-07-11 23:00:00+00:00,Upcote Farm,GL54 4bl
Gosport Sunset Festival 2026,2026-07-09,2026-07-09 15:30:00+00:00,2026-07-12 23:00:00+00:00,Walpole Park,PO12 1NH
Into the Woods festival 2026,2026-07-10,2026-07-10 12:00:00+00:00,2026-07-11 23:45:00+00:00,Piercefield Park,NP16 6BE
90s & 00s Nation Summer Fest,2026-07-10,2026-07-10 16:00:00+00:00,2026-07-10 23:00:00+00:00,Harrow Lodge Park,RM12 4PL
Shut The Funk Up,2026-07-10,2026-07-10 12:00:00+00:00,2026-07-12 23:00:00+00:00,THE GRANGE,KT113QJ
90s Fest 2026,2026-07-10,2026-07-10 17:00:00+00:00,2026-07-12 23:00:00+00:00,Don Valley Bowl,S9 5DP
"Hopfest 2026 - Preston Grasshoppers Beer, Gin and Music Festival",2026-07-10,2026-07-10 16:00:00+00:00,2026-07-11 23:00:00+00:00,Preston Grasshoppers Rugby Football Club,PR4 0AP
Rock the Castle - Weekender,2026-07-10,2026-07-10 17:30:00+00:00,2026-07-11 22:30:00+00:00,Flint Castle,CH6 5NG
In the Park Newcastle presents Paul Weller,2026-07-10,2026-07-10 17:00:00+00:00,2026-07-10 22:00:00+00:00,Exhibition Park,NE2 4PZ
Secret Garden Series with Chicane,2026-07-10,2026-07-10 18:00:00+00:00,2026-07-10 23:00:00+00:00,The Hobbit Pub,SO14 0JZ
Sound Factory Festival,2026-07-10,2026-07-10 17:00:00+00:00,2026-07-12 02:00:00+00:00,Depo Plymouth,PL1 3LU
Cheadle Carnival Presents Dance Fest!,2026-07-10,2026-07-10 17:00:00+00:00,2026-07-10 23:00:00+00:00,Tean Road Recreation Ground,ST10 1LG
District 11,2026-07-10,2026-07-10 16:00:00+00:00,2026-07-11 23:45:00+00:00,Babylon Farm,DE55 4NG
Mario Bakuna Band - Live @Buxton International Festival 2026,2026-07-10,2026-07-10 20:00:00+00:00,2026-07-10 21:15:00+00:00,Buxton Opera House,SK17 6XN
Tiree Music Festival,2026-07-10,2026-07-10 11:00:00+00:00,2026-07-12 23:00:00+00:00,Crossapol,PA77 6UP
Freerotation,2026-07-10,2026-07-10 11:00:00+00:00,2026-07-12 23:00:00+00:00,BASKERVILLE HALL,HR3 5LE
"Mostly Jazz, Funk and Soul Festival",2026-07-10,2026-07-10 11:00:00+00:00,2026-07-12 23:00:00+00:00,Moseley Park,B13 8DD
Bradford Literature Festival,2026-07-10,2026-07-10 09:00:00+00:00,2026-07-10 22:00:00+00:00,University Of Bradford,BD7 1DP
Boogietown 2026,2026-07-11,2026-07-11 12:00:00+00:00,2026-07-11 22:30:00+00:00,Apps Court Farm,KT12 2EG
Lost Minds,2026-07-11,2026-07-11 11:00:00+00:00,2026-07-11 23:00:00+00:00,Exhibition Park,NE2 4PZ
Essex Summer Fest,2026-07-11,2026-07-11 12:00:00+00:00,2026-07-12 22:30:00+00:00,Harrow Lodge Park,RM12 4QU
Fisher 2026 | Silverworks Island,2026-07-11,2026-07-11 14:00:00+00:00,2026-07-11 22:30:00+00:00,Silverworks Island,E16 2BU
Summer Sound Music Festival,2026-07-11,2026-07-11 12:00:00+00:00,2026-07-12 18:00:00+00:00,Guisborough Rugby Club,TS14 7BB
Livefields Festival 2026,2026-07-11,2026-07-11 12:00:00+00:00,2026-07-11 23:00:00+00:00,Oakwell Hall Country Park,WF17 9LG
Hits On The Pitch 2026,2026-07-11,2026-07-11 12:00:00+00:00,2026-07-11 23:00:00+00:00,Manchester Rugby Club,SK8 7NB
Alsager Music Festival 2026,2026-07-11,2026-07-11 12:00:00+00:00,2026-07-11 21:00:00+00:00,Milton Park Alsager,ST7 2ES
Kaleidoscope Festival 2026,2026-07-11,2026-07-11 13:00:00+00:00,2026-07-11 22:30:00+00:00,Alexandra Park And Palace,N22 7AY
"CLAIRE RICHARDS, LOUISE & MORE| Love the 90s Festival |Dreamland",2026-07-11,2026-07-11 17:00:00+00:00,2026-07-11 22:30:00+00:00,Dreamland,CT9 1XJ
Derby Music Festival 2026  - A Great Family Day Out!,2026-07-11,2026-07-11 12:00:00+00:00,2026-07-11 22:00:00+00:00,Elvaston Castle Country Park,DE72 3EP
Road to Nashville Outdoor Festival | Project House | SOLD OUT,2026-07-11,2026-07-11 12:00:00+00:00,2026-07-11 21:00:00+00:00,Project House,LS12 2DR
WN30 - Wigan Reunion (30+ Event),2026-07-11,2026-07-11 15:00:00+00:00,2026-07-11 22:00:00+00:00,The Dome Wigan,WN2 2DZ
Analog & House Emporium 'SUMMER OUTDOOR ALL DAYER',2026-07-11,2026-07-11 14:00:00+00:00,2026-07-11 23:00:00+00:00,The Mulberry Farnham,GU9 8AD
D-Fest 2026,2026-07-11,2026-07-11 13:00:00+00:00,2026-07-11 23:45:00+00:00,Dunvant Rugby Football Club,SA2 7RU
Southsea Thai Food and Craft Festival,2026-07-11,2026-07-11 10:00:00+00:00,2026-07-12 19:00:00+00:00,Southsea Common Portsmouth PO5 3LR,PO5 3LR
Dance at the Billy '26,2026-07-11,2026-07-11 13:00:00+00:00,2026-07-11 23:00:00+00:00,"The King William, Warmley, Bristol, BS30 8BL",BS308SB
Taste Of Thailand Music And Food Festival,2026-07-11,2026-07-11 10:00:00+00:00,2026-07-12 19:00:00+00:00,Town Park Runcorn,WA7 6PT
Beer & Cider Summer Festival,2026-07-11,2026-07-11 14:00:00+00:00,2026-07-11 23:30:00+00:00,Five Ways Old Edwardians Sports Club,B48 7BD
Country Nights Country Hoedown 2026. Live Music & Line Dancing,2026-07-11,2026-07-11 17:00:00+00:00,2026-07-11 23:45:00+00:00,Easton Farm Park,IP13 0EQ
SOLACE. Golden Hours Into After Dark // PART TWO,2026-07-11,2026-07-11 14:00:00+00:00,2026-07-12 03:00:00+00:00,The Brewery Tap,LU1 3ET
Hubble Bubble Sound Bazar Festival,2026-07-11,2026-07-11 16:00:00+00:00,2026-07-12 01:00:00+00:00,The Yard MCR,M8 8NF
Shinefest,2026-07-11,2026-07-11 15:00:00+00:00,2026-07-11 22:00:00+00:00,Nice N Sleazys,G2 3LG
Derby Music Festival 2026 - Parking,2026-07-11,2026-07-11 10:00:00+00:00,2026-07-11 22:00:00+00:00,Elvaston Castle Country Park,DE72 3EP
Inn Fest 2026,2026-07-11,2026-07-11 12:00:00+00:00,2026-07-11 22:00:00+00:00,"The New Inn, North Thoresby",DN36 5QS
Love Afrobeats & Bashment :: Rooftop Day Party,2026-07-11,2026-07-11 16:00:00+00:00,2026-07-11 22:00:00+00:00,Brixton Storeys,SW9 8HH
Hartbeat Music Festival VIP Area,2027-07-10,2026-07-11 12:00:00+00:00,2026-07-11 21:00:00+00:00,"Hartham Common, Hertford",SG13 7AH
Moor Fest,2026-07-11,2026-07-11 13:00:00+00:00,2026-07-12 01:00:00+00:00,Bradford Moor Golf Club,BD2 4RW
Festwich Tribute Festival,2026-07-11,2026-07-11 11:00:00+00:00,2026-07-12 23:00:00+00:00,Heaton Park,M25 0EQ
FixFest,2026-07-11,2026-07-11 11:00:00+00:00,2026-07-11 23:00:00+00:00,Delapre Abbey,NN4 8AW
Bradford Literature Festival,2026-07-11,2026-07-11 09:00:00+00:00,2026-07-11 22:00:00+00:00,University Of Bradford,BD7 1DP
Tiësto 2026 | Silverworks Island,2026-07-12,2026-07-12 15:00:00+00:00,2026-07-12 22:00:00+00:00,Silverworks Island,E16 2BU
Electric Heart Surrey,2026-07-12,2026-07-12 14:00:00+00:00,2026-07-12 22:30:00+00:00,Apps Court Farm,KT12 2EG
"GirlyPop X K-Pop Festival | Dreamland, Margate",2026-07-12,2026-07-12 12:00:00+00:00,2026-07-12 17:00:00+00:00,Dreamland,CT9 1XJ
Allday Indie Summer Outdoor Beach Festival - Brighton,2026-07-12,2026-07-12 17:00:00+00:00,2026-07-12 22:00:00+00:00,Central Park Brighton Seafront,BN2 1FY
In the Park Newcastle presents Wolf Alice,2026-07-12,2026-07-12 17:00:00+00:00,2026-07-12 22:00:00+00:00,Exhibition Park,NE2 4PZ
Angel Fest 26,2026-07-12,2026-07-12 12:00:00+00:00,2026-07-13 02:00:00+00:00,Bar Fibre,LS1 6LY
Bradford Literature Festival,2026-07-12,2026-07-12 09:00:00+00:00,2026-07-12 22:00:00+00:00,University Of Bradford,BD7 1DP
On The Beach 2026: Thursday- Fatboy Slim,2026-07-16,2026-07-16 14:00:00+00:00,2026-07-16 22:00:00+00:00,Brighton Beach,BN2 1TW
HebCelt 2026,2026-07-16,2026-07-16 17:00:00+00:00,2026-07-18 23:30:00+00:00,Lews Castle Green,HS2 0XP
Prog For Peart - The 6th year,2026-07-16,2026-07-16 18:30:00+00:00,2026-07-19 02:00:00+00:00,The Northcourt Abingdon United,OX14 1PL
The Wild Gardens Festival,2026-07-16,2026-07-16 11:00:00+00:00,2026-07-19 23:00:00+00:00,Port Eliot Estate,PL12 5ND
Beat-Herder Festival,2026-07-16,2026-07-16 11:00:00+00:00,2026-07-19 23:00:00+00:00,The Beat Herder Festival Ground,BB7 4ls
The Searchers and Hollies Experience,2026-07-16,2026-07-16 19:30:00+00:00,2026-07-16 22:00:00+00:00,"Guildhall Arts Centre, UK",NG31 6PZ
On The Beach 2026: Friday - Fatboy Slim,2026-07-17,2026-07-17 13:00:00+00:00,2026-07-17 22:30:00+00:00,Brighton Beach,BN2 1TW
Maid of Stone 2026,2026-07-17,2026-07-17 13:00:00+00:00,2026-07-19 22:00:00+00:00,Mote Park,ME15 7RN
Craic by the Creek 2026,2026-07-17,2026-07-17 12:00:00+00:00,2026-07-19 23:45:00+00:00,Whitebottom Farm,SK6 5JQ
Back Doune The Rabbit Hole 2026,2026-07-17,2026-07-17 15:00:00+00:00,2026-07-19 23:45:00+00:00,Cardross Estate,FK8 3JY
Fields Of Gold Summer Festival 2026,2026-07-17,2026-07-17 12:00:00+00:00,2026-07-18 22:00:00+00:00,Tameside Stadium,OL7 9HG
Sunset Groove Festival 2026,2026-07-17,2026-07-17 17:00:00+00:00,2026-07-19 22:30:00+00:00,Thorpe Meadows,DN17 4BF
Wytwoods Festival,2026-07-17,2026-07-17 15:00:00+00:00,2026-07-19 03:00:00+00:00,Robin Hill Advenutre Park,PO30 2NU
Lost Groove Festival 2026,2026-07-17,2026-07-17 16:00:00+00:00,2026-07-19 14:00:00+00:00,Lost Groove 2026,SP11 8AT
Campfire Country Music Festival,2026-09-11,2026-07-17 15:00:00+00:00,2026-07-17 22:00:00+00:00,Charlton Park,SN16 9RU
Foodies Festival 2026 - Winchester,2026-07-17,2026-07-17 12:00:00+00:00,2026-07-19 21:00:00+00:00,"River Park Leisure Centre, Winchester",SO23 7DD
Rock n Ribs Festival,2026-07-17,2026-07-17 11:00:00+00:00,2026-07-19 23:00:00+00:00,Bath And West Show Ground,BA4 6QN
Dornoch Music Festival,2026-07-17,2026-07-17 11:00:00+00:00,2026-07-18 23:00:00+00:00,The Meadows Field,IV25 3SF
Ventnor Fringe,2026-07-17,2026-07-17 09:00:00+00:00,2026-07-26 23:45:00+00:00,Ventnor Exchange,PO38 1SW
Nozstock The Hidden Valley,2026-07-17,2026-07-17 11:00:00+00:00,2026-07-18 23:00:00+00:00,Rowden Paddocks,HR7 4LS
Christchurch Music Festival,2026-07-17,2026-07-17 16:00:00+00:00,2026-07-19 20:00:00+00:00,Christchurch Quay,BH23 1BZ
On The Beach 2026:  Saturday - Fatboy Slim,2026-07-18,2026-07-18 13:00:00+00:00,2026-07-18 22:30:00+00:00,Brighton Beach,BN2 1TW
Solihull Summer Fest 2026,2026-07-18,2026-07-18 11:00:00+00:00,2026-07-19 22:30:00+00:00,Tudor Grange Park Solihull,B91 3LU
Bassfest Summer Festival 2026,2026-07-18,2026-07-18 11:00:00+00:00,2026-07-19 22:00:00+00:00,Don Valley Bowl,S9 5DP
As One in the Park 2026,2026-07-18,2026-07-18 12:00:00+00:00,2026-07-18 22:00:00+00:00, Walpole Park Mattock Lane London W5 5EQ,W5 5EQ
Soul Disco Society,2026-07-18,2026-07-18 12:00:00+00:00,2026-07-18 23:00:00+00:00,Beacon Park,WS13 6QZ
"Rum & Reggae 2026 | The Prospect Building, Bristol",2026-07-18,2026-07-18 14:00:00+00:00,2026-07-18 22:00:00+00:00,The Prospect Building,BS2 0QD
Priory Live Festival,2026-07-18,2026-07-18 12:30:00+00:00,2026-07-18 22:30:00+00:00,Priory Gardens,BR6 0HH
Northampton Big Family Day Out,2026-07-18,2026-07-18 12:00:00+00:00,2026-07-18 22:00:00+00:00,Northampton Casuals RUFC,NN4 7AA
Girls Like R&B x Binks Yard Nottingham,2026-07-18,2026-07-18 15:00:00+00:00,2026-07-18 22:00:00+00:00,Binks Yard,NG2 3BJ
"DOUGIE POYNTER & MORE | Pop Republic Fest | SteelYard, Sheffield",2026-07-18,2026-07-18 13:00:00+00:00,2026-07-18 23:00:00+00:00,SYSheffield (Steel Yard),S3 8AS
AllDay Musicals - Sat 18th July - Freight island - Manchester,2026-07-18,2026-07-18 15:00:00+00:00,2026-07-18 21:00:00+00:00,Freight Island,M1 2PZ
Tribute On The Hill 2026,2026-07-18,2026-07-18 13:00:00+00:00,2026-07-18 21:30:00+00:00,The Spitfire Pub,ME19 4AU
The Ship Open Air,2026-07-18,2026-07-18 14:00:00+00:00,2026-07-18 22:00:00+00:00,The Ship,CM2 8LB
Hopskotch Summer Series: Part II,2026-07-18,2026-07-18 14:00:00+00:00,2026-07-18 22:30:00+00:00,Aynsley Mill ,ST3 1HZ
One Day In The Park [25 Years of Melting Pot],2026-07-18,2026-07-18 17:00:00+00:00,2026-07-18 22:30:00+00:00,Queen's Park Arena Bandstand,G42 8QR
Summer Of Love UKG & R&B Summer Outdoor Day Party Cardiff,2026-07-18,2026-07-18 15:00:00+00:00,2026-07-18 22:00:00+00:00,Lo Lounge,CF10 4GA
Day Fever Summer Music Event Abercynon RFC,2026-07-18,2026-07-18 13:00:00+00:00,2026-07-18 21:00:00+00:00,Abercynon Rugby Football Club,CF45 4RU
R&B Lovers -  Summer Outdoor Beach Festival - Central Park,2026-07-18,2026-07-18 14:00:00+00:00,2026-07-18 22:00:00+00:00,Central Park,BN2 1FY
"House on the Docks with Wiley, SUPA D & many more",2026-07-18,2026-07-18 15:00:00+00:00,2026-07-18 23:00:00+00:00,Eutopia Whs,IG11 0DW
Leeds Pride Festival - Freedom Party,2026-07-18,2026-07-18 13:00:00+00:00,2026-07-18 22:00:00+00:00,Leeds Pride Main Stage,Ls1 6LY
Grime Day Festival,2026-07-18,2026-07-18 13:00:00+00:00,2026-07-18 20:00:00+00:00,Sector 57,B5 5TR
Daynova,2026-07-18,2026-07-18 15:00:00+00:00,2026-07-18 23:00:00+00:00,Eutopia,IG11 0DW
Silverburn Streetfood Festival SSFF,2026-07-18,2026-07-18 12:00:00+00:00,2026-07-19 21:30:00+00:00,Silverburn Park,KY8 5PU
Taste Of Thailand Music And Food Festival,2026-07-18,2026-07-18 10:00:00+00:00,2026-07-19 19:00:00+00:00,West Park Wolverhampton,WV1 4PW
BeatMasters Outdoor Music Festival,2026-09-12,2026-07-18 12:00:00+00:00,2026-07-18 22:00:00+00:00,Charlton Park,SN16 9RU
Mini Traco Fest 2026,2026-07-18,2026-07-18 14:00:00+00:00,2026-07-18 19:00:00+00:00,Aldershot Traction Club,GU11 3NE
Summer Bash 8,2026-07-18,2026-07-18 13:00:00+00:00,2026-07-18 23:00:00+00:00,Facebar Reading,RG1 7JE
Xcstasy Jouvert Soca Festival 2026,2026-07-18,2026-07-18 13:00:00+00:00,2026-07-18 21:00:00+00:00,Modern Park,SM4 5HE
Baytech at Mambo,2026-07-18,2026-07-18 13:00:00+00:00,2026-07-18 21:00:00+00:00,Mambo,TA1 1LN
Festival,2026-07-18,2026-07-18 13:00:00+00:00,2026-07-18 22:00:00+00:00,"The Halfway House, England",NE42 6JF
We Are Wirral,2026-07-18,2026-07-18 11:00:00+00:00,2026-07-19 23:00:00+00:00,Birkenhead Park,CH41 4HY
Family Music Festival,2026-07-18,2026-07-18 11:00:00+00:00,2026-07-19 22:00:00+00:00,We Are Wirral,CH43 4TS
Live Festival,2026-07-18,2026-07-18 12:30:00+00:00,2026-07-18 22:30:00+00:00,Priory Gardens,BR6 0HH
Splendour Festival,2026-07-18,2026-07-18 11:00:00+00:00,2026-07-19 23:00:00+00:00,Wollaton Park,NG8 2AE
Cheese and Chilli Festival,2026-07-18,2026-07-18 10:00:00+00:00,2026-07-19 18:00:00+00:00,"Shalford Park, Guildford",GU4 8BL
On The Beach 2026: Sunday - Fatboy Slim,2026-07-19,2026-07-19 13:00:00+00:00,2026-07-19 22:30:00+00:00,Brighton Beach,BN2 1TW
Northampton Country Music Festival,2026-07-19,2026-07-19 12:00:00+00:00,2026-07-19 22:00:00+00:00,Northampton Casuals RUFC,NN4 7AA
We Love it Outdoor Tribute Festival Malmsbury - July 2026,2026-09-13,2026-07-19 12:00:00+00:00,2026-07-19 22:00:00+00:00,Charlton Park Estate,SN16 9LL
Leeds Pride Festival - Dance Arena,2026-07-19,2026-07-19 14:00:00+00:00,2026-07-20 04:00:00+00:00,Under The Arches,LS1 6LY
Folk By The Oak,2026-07-19,2026-07-19 11:00:00+00:00,2026-07-19 23:00:00+00:00,Hatfield House,AL9 5HX
On The Beach 2026: Madness presents Madrophenia [EXTRA DATE],2026-07-23,2026-07-23 15:00:00+00:00,2026-07-23 22:00:00+00:00,Brighton Beach,BN2 1TW
Feast On Bristol 2026,2026-07-23,2026-07-23 17:00:00+00:00,2026-07-26 19:00:00+00:00,The Downs Bristol,BS9 1FG
Club Class Luxury Pass at Truck Festival,2026-07-23,2026-07-23 08:00:00+00:00,2026-07-26 23:00:00+00:00,Hill Farm,OX13 6SW
Vodafone at Latitude Festival,2026-07-23,2026-07-23 08:00:00+00:00,2026-07-26 23:00:00+00:00,Henham Park,NR34 8AN
Chargecandy at Truck Festival,2026-07-23,2026-07-23 08:00:00+00:00,2026-07-26 23:00:00+00:00,Hill Farm,OX13 6SW
Truck Festival,2026-07-23,2026-07-23 11:00:00+00:00,2026-07-26 23:00:00+00:00,"Hill Farm , Steventon Oxfordshire",OX13 6SW
Rock Oyster Festival,2026-07-23,2026-07-23 11:00:00+00:00,2026-07-26 23:00:00+00:00,Dinham House ,PL27 6RH
Campo Sancho,2026-07-23,2026-07-23 11:00:00+00:00,2026-07-26 23:00:00+00:00,Walkern Hall Walkern Stevenage SG2,SG2 7HZ
Northants Rocks,2026-07-23,2026-07-23 11:00:00+00:00,2026-07-26 23:00:00+00:00,Northants Rocks,NN9 5EJ
The George Harrison Project,2026-07-23,2026-07-23 19:30:00+00:00,2026-07-23 22:00:00+00:00,The Muni Theatre,BB8 0AE
Latitude Festival,2026-07-23,2026-07-23 11:00:00+00:00,2026-07-26 23:00:00+00:00,Henham Park,NR34 8AN
On The Beach 2026: Madness presents Madrophenia,2026-07-24,2026-07-24 14:00:00+00:00,2026-07-24 22:30:00+00:00,Brighton Beach,BN2 1TW
Rock The Mote 2026,2026-07-24,2026-07-24 17:00:00+00:00,2026-07-26 22:00:00+00:00,Mote Park,ME15 7RN
Hedex Presents: My Home Is The Rave Festival,2026-07-24,2026-07-24 14:00:00+00:00,2026-07-24 22:00:00+00:00,Boston Manor Park,TW8 9JX
Offal Fest 2026,2026-07-24,2026-07-24 17:00:00+00:00,2026-07-26 23:00:00+00:00,Boundary,M15 6AD
Together Again Festival 2026,2026-07-24,2026-07-24 09:00:00+00:00,2026-07-26 23:45:00+00:00,Bolesworth Castle,CH3 9HQ
Doncaster Balloon Festival,2026-07-24,2026-07-24 12:00:00+00:00,2026-07-25 22:00:00+00:00,Town Field Doncaster,DN1 2JR
Symphonic Ibiza Orchestra | Lichfield Concert,2026-07-24,2026-07-24 17:00:00+00:00,2026-07-24 23:00:00+00:00,Beacon Park Lichfield,WS13 6RA
Together Again Festival 2026: Exclusive Offers,2026-07-24,2026-07-24 12:00:00+00:00,2026-07-26 23:45:00+00:00,Bolesworth Castle,CH3 9HQ
Beacon Park Tribute Festival 2026,2026-07-24,2026-07-24 17:00:00+00:00,2026-07-26 22:00:00+00:00,Beacon Park Lichfield,WS13 6RA
Beach Fest Skegness 2026,2026-07-24,2026-07-24 12:00:00+00:00,2026-07-26 21:00:00+00:00,Skegness Beach,PE25 2UQ
Peaceful World Festival 2026,2026-07-24,2026-07-24 12:00:00+00:00,2026-07-26 23:45:00+00:00,The Vegan Castle,TA7 9DH
Lazydays Festival 2026,2026-07-24,2026-07-24 14:00:00+00:00,2026-07-26 20:00:00+00:00,Priory Park,SS2 6BN
Crystal Soul Weekender 2026,2026-07-24,2026-07-24 14:00:00+00:00,2026-07-26 12:00:00+00:00,Coach House Hotel Flint Cross,SG8 7PN
Live at Melbourne Hall - Jo Whiley's 90s Anthems,2026-07-24,2026-07-24 17:00:00+00:00,2026-07-24 23:00:00+00:00,Melbourne Hall,DE73 8EN
Bournemouth Reggae Weekender 2026,2026-07-24,2026-07-24 18:00:00+00:00,2026-07-26 22:00:00+00:00,Kings Park Bournemouth BH7 6JF,BH7 6JF
Together Again: VIP Voyage Hot Tubs,2026-07-24,2026-07-24 12:00:00+00:00,2026-07-26 23:45:00+00:00,Bolesworth Castle,CH3 9HQ
Boho Festival 2026,2026-07-24,2026-07-24 15:00:00+00:00,2026-07-27 01:00:00+00:00,Millview Glamping And Events,NG138HT
SeekOut Arts & Music Festival,2026-07-24,2026-07-24 13:00:00+00:00,2026-07-26 13:00:00+00:00,Gisburn Forest,BB7 4TS
Hammerdown Festival 2026,2026-07-24,2026-07-24 17:30:00+00:00,2026-07-26 22:00:00+00:00,The Factory Live,BN14 8BX
Gadabout Festival,2026-07-24,2026-07-24 11:00:00+00:00,2026-07-25 23:00:00+00:00,High Hall Farm,CA49SG
Tramlines,2026-07-24,2026-07-24 11:00:00+00:00,2026-07-26 23:00:00+00:00,Hillsborough Park,S6 4HD
Blue Reef Festival,2026-07-24,2026-07-24 11:00:00+00:00,2026-07-25 23:00:00+00:00,Loddington Farm Ltd,ME17 4AG
Hayrock Tribute Festival,2026-07-24,2026-07-24 09:00:00+00:00,2026-07-26 23:00:00+00:00,Haydock Park Racecourse,WA12 0HQ
Chiddfest,2026-07-24,2026-07-24 11:00:00+00:00,2026-07-26 23:00:00+00:00,Nash Street Chiddingly BN27 4AA,BN27 4AA
Deer Shed Festival,2026-07-24,2026-07-24 11:00:00+00:00,2026-07-26 23:00:00+00:00,Baldersby Park,YO7 3BZ
GlastonBARRY Juniors Festival,2026-07-24,2026-07-24 11:00:00+00:00,2026-07-24 23:00:00+00:00,Romilly Park,CF62 6RN
The George Harrison Project,2026-07-24,2026-07-24 19:30:00+00:00,2026-07-24 22:00:00+00:00,Lancaster Grand Theatre,LA1 1NL
Steelhouse Festival,2026-07-24,2026-07-24 11:00:00+00:00,2026-07-26 23:00:00+00:00,Hafod Y Dafal,NP13 2ER
Landed Festival,2026-07-24,2026-07-24 11:00:00+00:00,2026-07-26 23:00:00+00:00,Landed Festival,LD1 6HF
Valhalla Viking Festival,2026-07-24,2026-07-24 10:00:00+00:00,2026-07-26 23:45:00+00:00,"Dummer Down Farm, Basingstoke",RG25 2AR
KISSTORY On Blackheath 2026,2026-07-25,2026-07-25 13:00:00+00:00,2026-07-25 22:00:00+00:00,Blackhealth Common,SE10 8QY
"OnTheBeach LIVE: The Maccabees, Editors, Miles Kane, Anna Calvi",2026-07-25,2026-07-25 13:00:00+00:00,2026-07-25 22:30:00+00:00,Brighton Beach,BN2 1TW
Debdale Park Sports Club Music Festival,2026-07-25,2026-07-25 12:00:00+00:00,2026-07-25 21:30:00+00:00,Debdale Sports And Recreation Club,NG19 7NS
Forsaken Forest Festival BTID Clubland,2026-07-25,2026-07-25 13:00:00+00:00,2026-07-25 22:00:00+00:00,Camelot,PR7 5LP
Picnic and Pop Festival,2026-07-25,2026-07-25 12:00:00+00:00,2026-07-26 20:00:00+00:00,Manor Park,GU12 4LU
Country Club - Outdoor Country Music Festival - Manchester,2026-07-25,2026-07-25 15:00:00+00:00,2026-07-25 22:00:00+00:00,Freight Island,M1 2PZ
The House & Vocal Disco Festival,2026-07-25,2026-07-25 12:00:00+00:00,2026-07-25 23:00:00+00:00,Wilmslow Phoenix Sports Club,SK9 4HP
Back To The 90s - Summer Outdoor Festival - Birmingham,2026-07-25,2026-07-25 13:00:00+00:00,2026-07-26 00:00:00+00:00,Luna Springs Digbeth ,B9 4AG
Chesterfield Music Festival 2026  - A Great Family Day Out!,2026-07-25,2026-07-25 12:00:00+00:00,2026-07-25 22:00:00+00:00,Chesterfield Panthers Rugby Football Club,S41 9BF
"Rum & Reggae 2026 | Project House, Leeds",2026-07-25,2026-07-25 12:00:00+00:00,2026-07-25 21:00:00+00:00,Project House,LS12 2DR
KISSTORY On Blackheath 2026,2026-07-25,2026-07-25 13:00:00+00:00,2026-07-25 22:00:00+00:00,Blackheath Common,SE10 8QY
RNB MANIA | Wakefield's Outdoor R&B Festival,2026-07-25,2026-07-25 15:00:00+00:00,2026-07-25 22:00:00+00:00,Tileyard North,WF1 5FY
Love to be... at House & Vocal Disco Fest,2026-07-25,2026-07-25 12:00:00+00:00,2026-07-25 23:00:00+00:00,Wilmslow Phoenix Sports Club,SK9 4HP
Fell Out Boy & Black Charade | Revolve Festival | SY Sheff,2026-07-25,2026-07-25 14:00:00+00:00,2026-07-25 23:00:00+00:00,SYSheffield (Steel Yard),S3 8AS
"Rum & Reggae Fest | The Hangar, Norwich",2026-07-25,2026-07-25 14:00:00+00:00,2026-07-25 21:00:00+00:00,The Hangar,NR3 1QA
Suited and Booted 2026,2026-07-25,2026-07-25 12:00:00+00:00,2026-07-25 21:30:00+00:00,The Hayes Sports Partnership,B389EL
The House That Ash Built 2026,2026-07-25,2026-07-25 14:00:00+00:00,2026-07-25 23:00:00+00:00,The Millers Pond,SO19 8FQ
4Four Bassline - Birmingham Open-Air Rooftop Rave,2026-07-25,2026-07-25 16:00:00+00:00,2026-07-25 22:00:00+00:00,XOYO,B9 4AG
Salisbury Live Summer Extravaganza,2026-07-25,2026-07-25 14:00:00+00:00,2026-07-25 23:00:00+00:00,Victoria Park Salisbury,SP1 3NE
"Junction 2 x fabric: Nina Kraviz, Jeff Mills",2026-07-25,2026-07-25 14:00:00+00:00,2026-07-25 22:00:00+00:00,Boston Manor Park,TW8 9JX
Magic of Thailand Festival in Guildford,2026-07-25,2026-07-25 10:00:00+00:00,2026-07-26 19:00:00+00:00,Stoke Park Guildford,GU1 1ER
Tunsfest 2026,2026-07-25,2026-07-25 12:00:00+00:00,2026-07-25 23:45:00+00:00,The Three Tuns Sutton Coldfield,B72 1XS
RNP Fest 2026,2026-07-25,2026-07-25 13:00:00+00:00,2026-07-25 21:00:00+00:00,"Golden Lion, Fallings Park",WV10 0RH
Summer Outdoor 80s Tribute Festival - Cardiff,2026-07-25,2026-07-25 15:00:00+00:00,2026-07-25 22:00:00+00:00,Tiger Yard,CF10 4GA
RNB MANIA | Hertford's R&B Festival,2026-07-25,2026-07-25 15:00:00+00:00,2026-07-25 23:00:00+00:00,"Dog And Whistle, Hertford",SG14 1AB
"AG FEST 2026, London",2026-07-25,2026-07-25 12:00:00+00:00,2026-07-25 22:00:00+00:00,Copthall Playing Fields,NW4 1PS
Big Rave,2026-07-25,2026-07-25 12:00:00+00:00,2026-07-26 00:00:00+00:00,Middle World Farms,LN4 1AQ
Judge Jules @ Daisy Shake - Ibiza Day Rave,2026-07-25,2026-07-25 14:00:00+00:00,2026-07-25 23:00:00+00:00,The Pear Tree Hotel,DE5 3HR
A Summer Cookout 2026,2026-07-25,2026-07-25 12:00:00+00:00,2026-07-26 02:00:00+00:00,The Carlton Club Manchester,M16 8BE
Newcastle Pride Arena 2026,2026-07-25,2026-07-25 12:00:00+00:00,2026-07-26 23:00:00+00:00, Times Square Scotswood Road Newcastle Upon Tyne NE1 4E,NE1 4EP
"CUE - Together Again Festival w. Gaskin, Robbie Doherty & more",2026-07-25,2026-07-25 14:00:00+00:00,2026-07-26 02:00:00+00:00,Bolesworth Castle,CH3 9HQ
Ealing Jazz Festival 2026,2026-07-25,2026-07-25 13:00:00+00:00,2026-07-26 22:30:00+00:00,Walpole Park,W5 5qe
NØCTILEX Festival,2026-07-25,2026-07-25 18:00:00+00:00,2026-07-26 04:00:00+00:00,Bee Noir,M3 5EN
Pawfest,2026-07-25,2026-07-25 12:00:00+00:00,2026-07-25 22:00:00+00:00,Cf381bh,CF381bh
Live at Melbourne Hall - Lightning Seeds,2026-07-25,2026-07-25 15:00:00+00:00,2026-07-25 23:00:00+00:00,Melbourne Hall,DE73 8EN
ITG Festival,2026-07-25,2026-07-25 15:00:00+00:00,2026-07-26 00:00:00+00:00,Whitehaven Rugby League Football Club,CA28 9DD
R&B Lovers Outdoor Festival - Sat 25th July - The Buttermarket,2026-07-25,2026-07-25 15:00:00+00:00,2026-07-25 22:00:00+00:00,The Buttermarket,SY1 2LF
Taste Of Thailand Music And Food Festival,2026-07-25,2026-07-25 10:00:00+00:00,2026-07-26 19:00:00+00:00,Earlham Park  Norwich,NR4 7TQ
The Northern Soul All Festival,2026-07-25,2026-07-25 13:00:00+00:00,2026-07-25 23:45:00+00:00,The Bramley Social,L3 0AP
Breakin Science Summer Underground | Jungle Mania | D&B Classics,2026-09-05,2026-07-25 14:00:00+00:00,2026-07-25 22:00:00+00:00,Eutopia Warehouse,IG11 0DW
State of it Pt.4 Containment Weekender!,2026-07-25,2026-07-25 15:00:00+00:00,2026-07-26 22:00:00+00:00,The Charles Bradlaugh,NN1 3AU
Early Doors at Peggy's 25th July,2026-07-25,2026-07-25 12:00:00+00:00,2026-07-25 23:30:00+00:00,Peggy Mccools,WA2 7NW
AfroParkFest 2026,2026-07-25,2026-07-25 12:00:00+00:00,2026-07-25 22:00:00+00:00,Middleton Pavillion,MK10 9AD
Asylum Uprising metal fest,2026-07-25,2026-07-25 15:00:00+00:00,2026-07-25 23:15:00+00:00,The Asylum Nightclub,HU67RX
Rewind (Day Party at Mambo),2026-07-25,2026-07-25 15:00:00+00:00,2026-07-25 22:00:00+00:00,Mambo,TA1 1LN
OVER 30's CLUB - Daytime Clubbing - Digital Newcastle,2026-07-25,2026-07-25 15:00:00+00:00,2026-07-25 20:00:00+00:00,Digital Newcastle,NE1 4EP
DNB360 & Noise Enforcement -ONE DAY OUTDOOR FESTIVAL Stourbridge,2026-07-25,2026-07-25 14:00:00+00:00,2026-07-26 02:00:00+00:00,Waxey Gordons,DY9 8ER
Alex Fest,2026-07-25,2026-07-25 11:00:00+00:00,2026-07-26 23:00:00+00:00,Alexandra Arms,BN22 7SA
Pig Fest,2026-07-25,2026-07-25 11:00:00+00:00,2026-07-25 19:00:00+00:00,Kew Little Pigs Farm Ltd,HP7 0HR
Scare Taxi play at Alive at the Barn 2026,2026-07-25,2026-07-25 18:00:00+00:00,2026-07-25 23:00:00+00:00,The Barn Theatre,BN42 4TE
Tidal Gathering Tribute Festival,2026-07-25,2026-07-25 11:00:00+00:00,2026-07-26 23:00:00+00:00,Adur Recreation Ground,BN43 5LT
Canada Water presents Round The Dock,2026-07-25,2026-07-25 10:00:00+00:00,2026-07-26 20:00:00+00:00,Canada Water Culture Space,SE16 7AR
The Sounds of the 80s show with The Zoots,2026-07-25,2026-07-25 19:30:00+00:00,2026-07-25 22:00:00+00:00,The Barn,OX11 7AD
GlastonBARRY Tribute Festival,2026-07-25,2026-07-25 11:00:00+00:00,2026-07-26 23:00:00+00:00,Romilly Park,CF62 6RN
The George Harrison Project,2026-07-25,2026-07-25 19:30:00+00:00,2026-07-25 22:00:00+00:00,The Brindley,WA7 1BG
Castle Park Live,2026-07-25,2026-07-25 11:00:00+00:00,2026-07-25 23:00:00+00:00,Castle Park Frodsham WA6,WA6 6SE
Suited and Booted Festival,2026-07-25,2026-07-25 11:00:00+00:00,2026-07-25 23:00:00+00:00,Hayes Playing Fields,B38 9EL
On The Beach 2026: Moby,2026-07-26,2026-07-26 14:00:00+00:00,2026-07-26 22:30:00+00:00,Brighton Beach,BN2 1TW
Chesterfield Country Music Festival,2026-07-26,2026-07-26 12:00:00+00:00,2026-07-26 22:00:00+00:00,Chesterfield Panthers RUFC,S41 9BF
Heritage Live: UB40 featuring Ali Campbell,2026-07-26,2026-07-26 13:00:00+00:00,2026-07-26 22:30:00+00:00,Englefield Estate,RG7 5DZ
Next Act Festival,2026-07-26,2026-07-26 15:00:00+00:00,2026-07-26 21:00:00+00:00,ARTCH Studios,PR1 8SD
Live at Melbourne Hall - The Shires,2026-07-26,2026-07-26 14:00:00+00:00,2026-07-26 23:00:00+00:00,Melbourne Hall,DE73 8EN
Drum Cupboard Takeover Festival IV,2026-07-26,2026-07-26 12:30:00+00:00,2026-07-26 20:00:00+00:00,MK11 LIVE MUSIC VENUE,MK11 3LH
RNBLAND - Manchester's Biggest RnB Summer Day Festival (1000 RNB,2026-07-26,2026-07-26 16:00:00+00:00,2026-07-26 22:00:00+00:00,Six Trees,M17 1BN
It's Our House LDN: PRESSURE SUMMER DAY PARTY @Nagshall Farm,2026-07-26,2026-07-26 12:00:00+00:00,2026-07-26 22:00:00+00:00,Nags Hall Farm,RH9 8DB
Roots Market,2026-07-26,2026-07-26 14:00:00+00:00,2026-07-26 23:00:00+00:00,Sector 57,B5 5TR
Pig Chill,2026-07-26,2026-07-26 11:00:00+00:00,2026-07-26 19:00:00+00:00,Kew Little Pigs Farm Ltd,HP7 0HR
"Junction 2: Adam Beyer, Miss Monique, Indo Warehouse",2026-07-26,2026-07-26 14:00:00+00:00,2026-07-26 22:00:00+00:00,Boston Manor Park,TW8 9JX
Petworth Summer Festival - Coffee Concert - Bossa Nova,2026-07-28,2026-07-28 12:00:00+00:00,2026-07-28 13:00:00+00:00,Sofas And Stuff   Fittleworth,RH20 1ER
Belladrum Tartan Heart Festival 2026,2026-07-30,2026-07-30 12:00:00+00:00,2026-08-01 23:00:00+00:00,Belladrum Estate,IV4 7BA
Club Class Luxury Pass at Y Not Festival,2026-07-30,2026-07-30 08:00:00+00:00,2026-08-02 23:00:00+00:00,Y Not Festival,DE4 2PH
Valley Fest,2026-07-30,2026-07-30 09:00:00+00:00,2026-08-02 01:00:00+00:00,The Community Farm,BS40 8SZ
Breakout Festival 2026,2026-07-30,2026-07-30 15:00:00+00:00,2026-08-02 23:45:00+00:00,Cox Heath Farm,SA62 5YH
Chargecandy at Y Not Festival,2026-07-30,2026-07-30 08:00:00+00:00,2026-08-02 23:00:00+00:00,Y Not Festival,DE4 2PH
Chargecandy at Belladrum Tartan Heart,2026-07-30,2026-07-30 11:00:00+00:00,2026-08-01 23:00:00+00:00,Belladrum Estate,IV4 7BA
Vodafone at Kendal Calling,2026-07-30,2026-07-30 08:00:00+00:00,2026-08-02 23:00:00+00:00,Lowther Deer Park,CA10 2DY
Vodafone at Wilderness,2026-07-30,2026-07-30 08:00:00+00:00,2026-08-02 23:00:00+00:00,Cornbury Park,OX7 3EH
Vodafone at Camp Bestival,2026-07-30,2026-07-30 08:00:00+00:00,2026-08-02 23:00:00+00:00,Lulworth Castle,BH20 5QS
Kendal Calling,2026-07-30,2026-07-30 11:00:00+00:00,2026-08-02 23:00:00+00:00,Lowther Deer Park,CA10 2DY
App Fest,2026-07-30,2026-07-30 11:00:00+00:00,2026-08-02 23:00:00+00:00,HILLWORTH FARM,GL20 6AX
Outcider Festival,2026-07-30,2026-07-30 11:00:00+00:00,2026-08-02 23:00:00+00:00,Fernhill Farm,BS40 6LD
Cambridge Rock Festival,2026-07-30,2026-07-30 11:00:00+00:00,2026-08-02 23:00:00+00:00,Ben's Yard,CB7 5TL
Camp Bestival - Dorset,2026-07-30,2026-07-30 10:00:00+00:00,2026-08-02 23:00:00+00:00,Lulworth Castle,BH20 5QS
Wilderness Festival,2026-07-30,2026-07-30 10:00:00+00:00,2026-08-02 23:00:00+00:00,Cornbury Park,OX7 3EH
Y Not Festival,2026-07-30,2026-07-30 10:00:00+00:00,2026-08-02 23:00:00+00:00,Pikehall,DE4 2xx
The Green Gathering,2026-07-30,2026-07-30 11:00:00+00:00,2026-08-02 23:00:00+00:00,Piercefield Park,NP16 6BE
Reggae Land 2026,2026-07-31,2026-07-31 16:00:00+00:00,2026-08-02 22:30:00+00:00,The National Bowl,MK5 8AA
Burna Boy LIVE at The Milton Keynes National Bowl,2026-07-31,2026-07-31 16:00:00+00:00,2026-07-31 23:00:00+00:00,The National Bowl,MK5 8AA
Clubland By The Sea,2026-07-31,2026-07-31 15:00:00+00:00,2026-07-31 23:00:00+00:00,Seaton Reach,TS25 1XN
The Sound of West End Musicals - Feast Live,2026-07-31,2026-07-31 17:30:00+00:00,2026-07-31 22:00:00+00:00,Clifton Downs,BS91FG
Supersonic Weekender,2026-07-31,2026-07-31 09:00:00+00:00,2026-08-02 23:00:00+00:00,Cattows Farm,LE67 2TD
Arbroath Fest,2026-07-31,2026-07-31 11:00:00+00:00,2026-08-01 22:00:00+00:00,Inchcape Park,DD11 1PZ
Effy & Mall Grab Present: Frangrance,2026-07-31,2026-07-31 14:00:00+00:00,2026-07-31 22:00:00+00:00,Boston Manor Park,TW8 9JX
Notsilly weekender,2026-07-31,2026-07-31 12:00:00+00:00,2026-08-03 12:00:00+00:00,"Secret LEICESTERSHIRE Location, LE12",LE12 7BB
Hillbilly Hootenanny 2026,2026-07-31,2026-07-31 12:00:00+00:00,2026-08-02 22:30:00+00:00,The Music Baa,SP5 4LP
Mandala Sounds Rituals,2026-07-31,2026-07-31 22:00:00+00:00,2026-08-01 05:00:00+00:00,Network Sheffield 14 16 Matilda Street S14qd,S1 4qd
Kawson Sacka Afrobeat Live,2026-07-31,2026-07-31 21:00:00+00:00,2026-08-01 02:00:00+00:00,The Printworks Hastings,TN34 1HA
Styal Craft Beer Fest 2026,2026-08-01,2026-07-31 15:00:00+00:00,2026-08-01 23:00:00+00:00,Wilmslow Phoenix Sports Club,SK9 4HP
Good Vibrations Society,2026-07-31,2026-07-31 11:00:00+00:00,2026-08-02 23:00:00+00:00,Pippingford Park,TN22 3HW
Valley Fest,2026-07-31,2026-07-31 11:00:00+00:00,2026-08-02 23:00:00+00:00,Valley Fest,BS40 8SZ
Stowaway Festival,2026-07-31,2026-07-31 11:00:00+00:00,2026-08-02 23:00:00+00:00,Blackpit Brewery,MK18 5LJ
Club Classics Orchestra,2026-07-31,2026-07-31 17:00:00+00:00,2026-08-01 11:00:00+00:00,Silverlake Stadium,SO50 9HT
Hillbilly Hootenanny,2026-07-31,2026-07-31 12:00:00+00:00,2026-08-02 22:30:00+00:00,"The Music Baa, UK",SP5 4LP
The Moors Muisc Festival,2026-07-31,2026-07-31 14:30:00+00:00,2026-08-02 23:00:00+00:00,Kirkbymoorside Town Centre,YO62 6DA
The Kooks Inside In / Inside Out 20 year anniversary,2026-07-31,2026-07-31 16:00:00+00:00,2026-07-31 23:00:00+00:00,Old Royal Naval College Greenwich,SE10 9NN
The Searchers and Hollies Experience,2026-07-31,2026-07-31 19:30:00+00:00,2026-07-31 22:00:00+00:00,Babbacombe Theatre,TQ1 3LU
Margate Soul Festival,2026-07-31,2026-07-31 11:00:00+00:00,2026-08-02 23:00:00+00:00,Margate,CT9 1DD
RADAR Festival,2026-07-31,2026-07-31 11:00:00+00:00,2026-08-02 23:00:00+00:00,O2 Victoria Warehouse,M17 1AB
Teletech Festival 2026,2026-08-01,2026-08-01 13:00:00+00:00,2026-08-02 05:00:00+00:00,Bowlers Exhibition Centre,M17 1SN
Hospital30 Block Party,2026-08-01,2026-08-01 14:00:00+00:00,2026-08-01 23:00:00+00:00,Hackney Wick   Multiple Venues,E9 5LN
Word of Mouth Prosecco & Club Classics Festival 2026 @ Himley,2026-08-01,2026-08-01 12:00:00+00:00,2026-08-01 21:00:00+00:00,Himley Hall,DY3 4DF
Brighton Pride - Pride on the Park 2026,2026-08-01,2026-08-01 13:00:00+00:00,2026-08-02 23:00:00+00:00,Preston Park Preston Road Brighton BN1 6AU,BN1 6AU
"Save The Rave: Old Skool Outdoor Festival, Southport 2026",2026-08-01,2026-08-01 11:00:00+00:00,2026-08-01 22:00:00+00:00,Adventure Coast Southport,PR8 1RX
Haçienda Classical Live Orchestra on The Downs - Feast Live,2026-08-01,2026-08-01 16:00:00+00:00,2026-08-01 23:00:00+00:00,Clifton Downs,BS91FG
Our House Fest 2026,2026-08-01,2026-08-01 13:00:00+00:00,2026-08-01 23:00:00+00:00,Tileyard North Courtyard,WF1 5FY
Maravilosa 5th birthday safari open air,2026-08-01,2026-08-01 12:00:00+00:00,2026-08-01 23:00:00+00:00,Widford Lodge Playing Field,CM2 9AN
JUVY Open Air - Sat 1st August @ Berwick Manor Essex,2026-08-01,2026-08-01 14:00:00+00:00,2026-08-01 19:00:00+00:00,Berwick Manor Hotel,RM13 9EL
Worcester Tribute Festival 2026,2026-08-01,2026-08-01 12:00:00+00:00,2026-08-01 21:30:00+00:00,Worcester Racecourse,WR1 3EH
Eterna presents L O S T in the woods,2026-08-01,2026-08-01 11:30:00+00:00,2026-08-01 22:00:00+00:00,Elvaston Castle Country Park,DE72 3EP
Country Club - Outdoor Country Music Festival - Liverpool,2026-08-01,2026-08-01 15:00:00+00:00,2026-08-01 22:00:00+00:00,Allerton Manor Golf Club,L18 3JT
Brighton Pride - Pride Street Party 2026,2026-08-01,2026-08-01 15:00:00+00:00,2026-08-02 21:00:00+00:00,Marine Parade,BN2 1TA
Newton Music Festival,2026-08-01,2026-08-01 16:00:00+00:00,2026-08-01 22:00:00+00:00,Mesnes Park,WA12 9TB
Emily Makis - Outsiders 2.0 Day Party: Bristol,2026-08-01,2026-08-01 14:00:00+00:00,2026-08-01 22:00:00+00:00,Pytch Yard,BS4 5EN
RNB MANIA | Nottingham's R&B Festival!,2026-08-01,2026-08-01 15:00:00+00:00,2026-08-01 21:00:00+00:00,Nottingham's The Nest (Notts County FC),ng23hu
Wax Format Outdoors: Sam Mitcham Vinyl Only All Day Long,2026-08-01,2026-08-01 15:00:00+00:00,2026-08-02 02:00:00+00:00,The Yard Manchester,M8 8NF
Hillside Festival 2026,2026-08-01,2026-08-01 14:00:00+00:00,2026-08-01 23:00:00+00:00,Hillside Festival,BL7 0JW
"Beard's Fest 2026 - Bladerunner, prozak, Toby ross, DJ cosworth",2026-08-01,2026-08-01 13:00:00+00:00,2026-08-02 03:00:00+00:00,Tremorna Farm,TR19 6NL
Festival in the Park,2026-08-01,2026-08-01 12:00:00+00:00,2026-08-01 21:00:00+00:00,Queens Park Burnley,BB10 3AA
Analog & Ibiza Sound Fest 'SUMMER GARDEN PARTY',2026-08-01,2026-08-01 14:00:00+00:00,2026-08-01 22:00:00+00:00,The White Horse Gardens,AL6 9ET
Dom Dolla on the Thames,2026-08-01,2026-08-01 14:00:00+00:00,2026-08-01 23:00:00+00:00,Old Royal Naval College Greenwich,SE10 9NN
A Grand Day Out,2026-08-01,2026-08-01 14:00:00+00:00,2026-08-02 01:00:00+00:00,Chew's Yard,PR1 2HB
R&B Lovers - Saturday 1st August - Luna Springs,2026-08-01,2026-08-01 15:00:00+00:00,2026-08-02 00:00:00+00:00,Luna Springs Digbeth ,B9 4AG
Cheshire Fest 2026,2026-08-22,2026-08-01 12:00:00+00:00,2026-08-01 23:00:00+00:00,Capesthorne Hall,SK11 9JY
Bassline Oldskool Anthems Sheffield Outdoor Fest,2026-08-01,2026-08-01 14:00:00+00:00,2026-08-01 23:00:00+00:00,Network,S1 4QD
Magic of Thailand Festival in Cambridge,2026-08-01,2026-08-01 10:00:00+00:00,2026-08-02 19:00:00+00:00,Parkers Piece A603 Cambridge CB1 1NA,CB1 1NA
R&B Lovers Summer Open Air Festival - Sat 1st Aug - LDN EAST,2026-08-01,2026-08-01 14:00:00+00:00,2026-08-01 22:00:00+00:00,LDN EAST,E16 4SH
Ealing Blues Festival 2026,2026-08-01,2026-08-01 13:00:00+00:00,2026-08-02 22:30:00+00:00,Walpole Park,W5 5qe
North West music fest 2026 @ Robin Hood,2026-08-01,2026-08-01 12:00:00+00:00,2026-08-01 22:00:00+00:00,Robin Hood,WN7 3PA
Innervisions London,2026-08-01,2026-08-01 14:00:00+00:00,2026-08-01 22:00:00+00:00,Boston Manor Park,TW8 9JX
Riverside Riddimz Festival,2026-08-01,2026-08-01 12:00:00+00:00,2026-08-02 23:45:00+00:00,Upton Upon Severn,WR8 0HP
Prologue Presents - The Ibiza Day Party,2026-08-01,2026-08-01 15:00:00+00:00,2026-08-02 01:00:00+00:00,Lord Hill,DA6 7QG
Styal Craft Beer Fest 2026,2026-08-01,2026-08-01 12:00:00+00:00,2026-08-01 23:00:00+00:00,Wilmslow Phoenix Sports Club,SK9 4HP
Beats Festival,2026-08-01,2026-08-01 10:00:00+00:00,2026-08-02 19:00:00+00:00,Bridgnorth Rugby Club,WV15 5AD
Threshold was Here - The reunion,2026-08-01,2026-08-01 12:00:00+00:00,2026-08-02 02:00:00+00:00,District ,L1 0BW
Country Girls Yard Party,2026-08-01,2026-08-01 14:00:00+00:00,2026-08-01 23:00:00+00:00,The Collecting Yard,PR4 0RN
Greenlands inn Jamaica  independence festival,2026-08-01,2026-08-01 14:00:00+00:00,2026-08-01 23:45:00+00:00,The Greenlands Inn,B31 4LF
True Pride,2026-08-01,2026-08-01 17:00:00+00:00,2026-08-02 02:00:00+00:00,Hidden @ Downtex Mill,M3 1DZ
Summer Breakout U18,2026-08-01,2026-08-01 12:00:00+00:00,2026-08-01 17:00:00+00:00,Catshill Social Club,B61 0JJ
Zione - FOREST PARTY,2026-08-01,2026-08-01 17:00:00+00:00,2026-08-01 22:00:00+00:00,Denton Forest,M34 7GR
REM Sessions - 1st August,2026-08-01,2026-08-01 17:00:00+00:00,2026-08-01 23:00:00+00:00,Mr Shaws House,DE1 3NQ
Campfire Country Club - London Country Music Spring Festival,2026-08-01,2026-08-01 15:00:00+00:00,2026-08-01 21:00:00+00:00,The Steel Yard,EC4R 3UE
Totally 90s Festival,2026-08-01,2026-08-01 12:00:00+00:00,2026-08-02 22:30:00+00:00,Oaklands College,AL4 0JA
Country Road Festival,2026-08-01,2026-08-01 12:00:00+00:00,2026-08-01 22:30:00+00:00,Silverlake Stadium,SO50 9HT
Cambridge Folk Festival,2026-08-01,2026-08-01 11:00:00+00:00,2026-08-02 23:00:00+00:00,Cherry Hinton Hall,CB1 8DW
Becky Hill - Feast Live,2026-08-02,2026-08-02 16:00:00+00:00,2026-08-02 21:30:00+00:00,Clifton Downs,BS91FG
"Junction 2: I Hate Models, Charlie Sparks",2026-08-02,2026-08-02 14:00:00+00:00,2026-08-02 22:00:00+00:00,Boston Manor Park,TW8 9JX
Peggy Gou on the Thames,2026-08-02,2026-08-02 14:00:00+00:00,2026-08-02 23:00:00+00:00,Old Royal Naval College Greenwich,SE10 9NN
We are bounce festival,2026-08-02,2026-08-02 13:00:00+00:00,2026-08-02 17:00:00+00:00,The Rainton Arena,DH4 5PH
4Play Presents - Garage & Basslines (Summer Day Party),2026-08-02,2026-08-02 15:30:00+00:00,2026-08-02 22:00:00+00:00,Pitcher And Piano,NG1 1HN
Denim Wear Day & Night Party,2026-08-02,2026-08-02 14:00:00+00:00,2026-08-03 00:00:00+00:00,The Ravensbury,CR4 4JA
Shirley Social - Country Special - Sunday 2nd August 2026,2026-08-02,2026-08-02 10:30:00+00:00,2026-08-02 18:00:00+00:00,Shirley Park,B90 3AL
BASHMENT NATION - Jamaican Independence Day Festival,2026-08-02,2026-08-02 16:00:00+00:00,2026-08-02 22:00:00+00:00,Studio 338,SE10 0PF
Jerk Jam Summer Sizzla,2026-08-02,2026-08-02 12:00:00+00:00,2026-08-02 22:30:00+00:00,Silverlake Stadium,SO50 9HT
Vodafone at Boardmasters,2026-08-05,2026-08-05 08:00:00+00:00,2026-08-09 23:00:00+00:00,Boardmasters ,TR8 4AN
Lakefest 2026,2026-08-05,2026-08-05 15:00:00+00:00,2026-08-10 00:00:00+00:00,Eastnor Castle Deer Park,HR8 1RL
Boardmasters Festival,2026-08-05,2026-08-05 11:00:00+00:00,2026-08-09 23:00:00+00:00,Watergate Bay Newquay,TR8 4AA
Back 2 Festival 2026 - The 10th Birthday,2026-08-06,2026-08-06 12:00:00+00:00,2026-08-09 23:00:00+00:00,Cattows Farm,LE67 2TD
Chargecandy at Bloodstock Festival,2026-08-06,2026-08-06 08:00:00+00:00,2026-08-09 23:00:00+00:00,Catton Park,DE12 8LN
Back 2 Festival,2026-08-06,2026-08-06 11:00:00+00:00,2026-08-09 23:00:00+00:00,Cattows Farm,LE67 2TD
Houghton Festival,2026-08-06,2026-08-06 11:00:00+00:00,2026-08-09 23:00:00+00:00,Houghton Hall,PE31 6UE
Creation Fest,2026-08-06,2026-08-06 11:00:00+00:00,2026-08-09 23:00:00+00:00,Royal Cornwall Showground,PL27 7JE
Firevolt Rock Festival,2026-08-06,2026-08-06 11:00:00+00:00,2026-08-09 23:00:00+00:00,Whitebottom Farm,SK6 5JQ
Bloodstock Open Air,2026-08-06,2026-08-06 10:00:00+00:00,2026-08-09 23:00:00+00:00,Catton Park,DE12 8LN
Rebellion Punk Music Festival,2026-08-06,2026-08-06 11:00:00+00:00,2026-08-09 23:00:00+00:00,Winter Gardens Blackpool,FY1 1HL
Deva Fest,2026-08-06,2026-08-06 11:00:00+00:00,2026-08-09 23:00:00+00:00,Cholmondeley Castle Estate,SY14 8HD
Diaspora Calling! Festival,2026-08-07,2026-08-07 16:00:00+00:00,2026-08-07 23:00:00+00:00,The National Bowl,MK5 8AA
Timescape Festival 2026,2026-08-07,2026-08-07 12:00:00+00:00,2026-08-09 23:00:00+00:00,Abbots Ripton Cambridgeshire,PE28 2PH
Secret Island Festival,2026-08-07,2026-08-07 19:00:00+00:00,2026-08-09 21:00:00+00:00,"STROOD FIELD, EAST MERSEA ROAD, EAST MERSEA, CO5 8SL",CO58SL
Symphonica #TheIbizaOrchestra Bexleyheath,2026-08-07,2026-08-07 18:00:00+00:00,2026-08-07 22:00:00+00:00,Danson Park,DA15 9PW
"SOULTASIA  - Outdoor Festival, London 2026",2026-08-07,2026-08-07 16:00:00+00:00,2026-08-07 23:00:00+00:00,Morden Park,SM4 4BU
Bristol International Rare Soul Weekender 2026,2026-08-07,2026-08-07 16:00:00+00:00,2026-08-09 01:00:00+00:00,Various Venues,BS5 0DJ
Soultasia Hertfordshire,2026-08-07,2026-08-07 16:00:00+00:00,2026-08-07 22:00:00+00:00,Metropolitan Bushey,WD23 2TR
Summer Jams 2026,2026-08-07,2026-08-07 16:00:00+00:00,2026-08-07 23:00:00+00:00,Abbey Park,LE4 5AQ
Foodies Festival 2026 - Edinburgh,2026-08-07,2026-08-07 12:00:00+00:00,2026-08-09 21:00:00+00:00,Inverleith Park,EH3 5NZ
"LoveHerder ""Getting High on Life"" Festival 2026",2026-08-07,2026-08-07 09:00:00+00:00,2026-08-10 16:00:00+00:00,"Birkrigg Park, Stainton, Nr Kendal LA8 0DY",LA8 0DY
Jamaican Independence Weekend - 3 Days of Music & Culture,2026-08-07,2026-08-07 12:00:00+00:00,2026-08-09 23:30:00+00:00,The Bulldog Pub,CV31 2NX
Summerstein Fest,2026-08-07,2026-08-07 19:30:00+00:00,2026-08-09 17:00:00+00:00,INN ON THE PROM HOTEL,FY8 1LU
Phases Casa Nueva,2026-08-07,2026-08-07 20:00:00+00:00,2026-08-08 03:00:00+00:00,Calluna Nottingham,NG1 4AA
Edinburgh Fringe Festival,2026-08-07,2026-08-07 09:00:00+00:00,2026-08-31 23:45:00+00:00,Various,EH1 2NE
Kozfest 2026,2026-08-07,2026-08-07 12:00:00+00:00,2026-08-09 23:45:00+00:00,Penmaenau At Builth Wells,LD2 3RD
Farmer Phil's Festival,2026-08-07,2026-08-07 11:00:00+00:00,2026-08-09 23:00:00+00:00,Near Gatten Farm,SY5 0SN
No Art Open Air Liverpool - 2026,2026-08-08,2026-08-08 12:00:00+00:00,2026-08-08 23:00:00+00:00,Otterspool Promenade,L17 5AL
Electric Paradise,2026-08-08,2026-08-08 12:00:00+00:00,2026-08-08 22:30:00+00:00,The National Bowl,MK5 8AA
The Great Fete,2026-08-08,2026-08-08 12:00:00+00:00,2026-08-09 22:00:00+00:00,Hatfield Park,AL9 5HX
Garage Nation Outdoor Festival 2026,2026-08-08,2026-08-08 13:00:00+00:00,2026-08-08 22:00:00+00:00,Morden Park,SM4 4BU
Made In 90s Fest 5th Birthday Feat R&B Icons Xscape & Lil' Mo,2026-08-08,2026-08-08 13:00:00+00:00,2026-08-08 22:00:00+00:00,Addington Park,CR0 5AR
"Road to Nashville Outdoor Festival | Tileyard, Wakefield",2026-08-08,2026-08-08 12:00:00+00:00,2026-08-08 22:00:00+00:00,Tileyard North,WF1 5FY
Park Rock Bexleyheath 2026,2026-08-08,2026-08-08 12:00:00+00:00,2026-08-08 22:00:00+00:00,"Danson Park, Bexleyheath",DA6 8HL
Hawkwind: Friends and Relations,2026-08-08,2026-08-08 19:00:00+00:00,2026-08-09 23:00:00+00:00,Morecambe Winter Gardens,LA4 4BU
"ARTFUL DODGER, K-KLASS & MORE | Love the 90s Fest | Binks Yard",2026-08-08,2026-08-08 14:00:00+00:00,2026-08-08 22:00:00+00:00,Binks Yard,NG2 3BJ
The Canwell Show,2026-08-08,2026-08-08 09:00:00+00:00,2026-08-08 20:00:00+00:00,Canwell Showground,B755SL
Doncaster Pride 2026,2026-08-08,2026-08-08 11:00:00+00:00,2026-08-08 22:00:00+00:00,Town Field Doncaster,DN1 2JR
"Road to Nashville Outdoor Festival | Eutopia, Barking",2026-08-08,2026-08-08 14:00:00+00:00,2026-08-08 22:00:00+00:00,Eutopia Warehouse,IG11 0DW
Fox Fest,2026-08-08,2026-08-08 15:00:00+00:00,2026-08-08 23:00:00+00:00,Fox And Hounds,CM11 1PW
Hive Family Festival 2026,2026-08-08,2026-08-08 11:45:00+00:00,2026-08-08 21:00:00+00:00,Fairthorne Manor,SO30 2GH
Cookout - Open-Air Summer Festival - Ldn East  - London,2026-08-08,2026-08-08 15:00:00+00:00,2026-08-08 22:00:00+00:00,LDN EAST,E16 4SH
R&B Lovers - Summer Weekender - Freight Island Manchester,2026-08-08,2026-08-08 15:00:00+00:00,2026-08-09 22:00:00+00:00,Freight Island,M1 2PZ
Adriatique present X on the Thames,2026-08-08,2026-08-08 14:00:00+00:00,2026-08-08 23:00:00+00:00,Old Royal Naval College Greenwich,SE10 9NN
The Gee Cross Summer Festival,2026-08-08,2026-08-08 12:00:00+00:00,2026-08-09 16:00:00+00:00,Sam Redfern Green,SK14 5RW
Back By Dope Demand Festival,2026-08-08,2026-08-08 14:00:00+00:00,2026-08-08 22:00:00+00:00,Six Trees,M17 1BN
Long Eaton Music Festival,2026-08-08,2026-08-08 11:30:00+00:00,2026-08-08 22:00:00+00:00,West Park Events Field,NG10 4AA
Party In The Park 2026 - Tribute Festival,2026-08-08,2026-08-08 15:00:00+00:00,2026-08-08 23:00:00+00:00,1988 Bar And Kitchen,wf9 5jb
RNB MANIA | Bristol's R&B Festival,2026-08-08,2026-08-08 15:00:00+00:00,2026-08-08 21:00:00+00:00,Electric Bristol,BS1 2JY
Grange-Fest 2026,2026-08-08,2026-08-08 12:30:00+00:00,2026-08-08 23:30:00+00:00,Grange Leisure Park,LN12 1NE
Summer 90s Dance Outdoor Daytime Festival Cardiff,2026-08-08,2026-08-08 15:00:00+00:00,2026-08-08 22:00:00+00:00,Tiger Yard,CF10 4GA
Minersfest 90s,2026-08-08,2026-08-08 12:00:00+00:00,2026-08-08 23:00:00+00:00,North Skelton Football Field ,TS12 2DA
Country Club - Country Music Festival - Shrewsbury,2026-08-08,2026-08-08 15:00:00+00:00,2026-08-08 22:00:00+00:00,The Buttermarket,SY1 2LF
Leicester Food & Music Festival,2026-08-08,2026-08-08 11:00:00+00:00,2026-08-09 22:00:00+00:00,Abbey Park,LE4 5AQ
Example | Live at Cattows Farm,2026-08-08,2026-08-08 12:00:00+00:00,2026-08-08 23:00:00+00:00,Cattows Farm,LE67 2TD
Reggae at the Billy '26,2026-08-08,2026-08-08 14:00:00+00:00,2026-08-08 21:00:00+00:00,"The King William, Warmley, Bristol, BS30 8BL",BS308SB
Martin Kemp Live DJ set - Back to the 80's - Brighton,2026-08-08,2026-08-08 17:00:00+00:00,2026-08-08 22:00:00+00:00,Pryzm Brighton,BN1 2RE
Party At The Palace,2026-08-08,2026-08-08 12:00:00+00:00,2026-08-09 23:00:00+00:00,Linlithgow Peel (Palace),EH49 7AL
Brookfest 2026,2026-08-08,2026-08-08 13:00:00+00:00,2026-08-08 21:00:00+00:00,Blackbrook Rugby Club ,WA11 9BB
The Official South West 64th Jamaican Independence Day,2026-08-08,2026-08-08 14:00:00+00:00,2026-08-09 22:00:00+00:00,Lakota,BS2 8QN
Peacock Freakshow 2,2026-08-08,2026-08-08 14:00:00+00:00,2026-08-08 23:00:00+00:00,Harbour Tavern,YO15 2SH
R&B Lovers - Outdoor Festival Junkyard Norwich,2026-08-08,2026-08-08 14:00:00+00:00,2026-08-08 22:00:00+00:00,Junkyard,NR3 1QA
Brynfest 2026,2026-08-08,2026-08-08 13:00:00+00:00,2026-08-08 22:00:00+00:00,Maes Elwyn Playing Fields,SA18 1AH
The Poetic Funk Afterparty,2026-08-08,2026-08-08 21:00:00+00:00,2026-08-09 02:00:00+00:00,The Printworks Hastings,TN34 1HA
Summer Shellings,2026-08-08,2026-08-08 14:00:00+00:00,2026-08-09 01:00:00+00:00,Fornos,B60 3DR
Day & Night Refugee Fundraiser,2026-08-08,2026-08-08 14:00:00+00:00,2026-08-08 23:45:00+00:00,Fox And Firkin,SE13 6JZ
CH3 Presents : Downtown w/ Ozzie Guven,2026-08-08,2026-08-08 14:00:00+00:00,2026-08-08 22:30:00+00:00,Aynsley Mill ,ST3 1HZ
Hidden Beach Festival: Day 1,2026-08-08,2026-08-08 12:00:00+00:00,2026-08-08 22:00:00+00:00,The Oval (Hastings),TN34 1EU
The George Harrison Project,2026-08-08,2026-08-08 19:30:00+00:00,2026-08-08 22:00:00+00:00,"Brewhouse Theatre And Arts Centre, UK",TA1 1JL
Music & Cider Festival,2026-08-08,2026-08-08 13:00:00+00:00,2026-08-08 23:00:00+00:00,Wool Royal British Legion,BH20 6DJ
WV1fest,2026-08-08,2026-08-08 11:00:00+00:00,2026-08-09 23:00:00+00:00,West Park Wolverhampton,WV1 4PW
New Forest Fairy Festival,2026-08-08,2026-08-08 10:00:00+00:00,2026-08-09 18:00:00+00:00,Burley Village,BH24 4AB
Maiden Voyage,2026-08-08,2026-08-08 12:00:00+00:00,2026-08-08 23:00:00+00:00,BURGESS PARK,SE5 0AL
Sundown Country Festival - Bexleyheath,2026-08-09,2026-08-09 12:00:00+00:00,2026-08-09 20:00:00+00:00,BEXLEYHEATH    Danson Park Lakeside Close DA15 9PW,DA15 9PW
Eastern Electrics 2026,2026-08-09,2026-08-09 12:00:00+00:00,2026-08-09 22:00:00+00:00,BURGESS PARK,SE5 0AL
Garage Nation Generations Festival & Music Nation,2026-08-09,2026-08-09 14:00:00+00:00,2026-08-09 22:00:00+00:00,Morden Park,SM4 4BU
Anjunadeep Open Air on the Thames,2026-08-09,2026-08-09 14:00:00+00:00,2026-08-09 23:00:00+00:00,Old Royal Naval College Greenwich,SE10 9NN
London Reggae & Ska Festival - Morden Park,2026-08-09,2026-08-09 14:00:00+00:00,2026-08-09 22:00:00+00:00,Morden Park,SM4 4BU
Summer 90s & 00s R&B Outdoor Festival - London 2026,2026-08-09,2026-08-09 13:00:00+00:00,2026-08-09 21:00:00+00:00,The Cause London,E16 1YZ
Flashback Fete,2026-08-09,2026-08-09 15:00:00+00:00,2026-08-09 21:00:00+00:00,Mama Roux's Birmingham,B9 4AG
AWOL @ Music Nation Festival 2026,2026-08-09,2026-08-09 14:00:00+00:00,2026-08-09 22:00:00+00:00,Morden Park,SM4 4BU
Love Sensation Festival,2026-08-09,2026-08-09 12:00:00+00:00,2026-08-09 21:00:00+00:00,The Oval (Hastings),TN34 1EU
Gin & Juice: Old School Hip-Hop Outdoor Summer Festival,2026-08-09,2026-08-09 13:00:00+00:00,2026-08-09 21:00:00+00:00,The Cause London,E16 1YZ
Anjunadeep Open Air on the Thames,2026-08-09,2026-08-09 14:00:00+00:00,2026-08-09 23:00:00+00:00,Anjunadeep Open Air On The Thames,SE10 9LL
Homegrown Festival,2026-08-11,2026-08-11 11:00:00+00:00,2026-08-11 23:00:00+00:00,The Hope And Ruin,BN1 3WA
Chargecandy at Boomtown Fair,2026-08-12,2026-08-12 08:00:00+00:00,2026-08-16 23:00:00+00:00,Matterley Estate,SO21 1HW
Boomtown,2026-08-12,2026-08-12 11:00:00+00:00,2026-08-16 23:00:00+00:00,Matterley Estate,SO21 1HW
Borde Hill Summer Series (weekend tickets),2026-08-13,2026-08-13 16:00:00+00:00,2026-08-15 22:30:00+00:00,Borde Hill Parkland,RH16 1XP
Ranch Jam Festival 2026,2026-08-14,2026-08-14 09:00:00+00:00,2026-08-16 22:00:00+00:00,Cattows Farm,LE67 2TD
SOULTASIA Reading,2026-08-14,2026-08-14 17:00:00+00:00,2026-08-14 22:30:00+00:00,Prospect Park,RG30 2ND
MK Weekender,2026-08-14,2026-08-14 17:00:00+00:00,2026-08-15 23:00:00+00:00,Campbell Park Avebury Blvd Milton Keynes MK9 3FT ,MK9 3FT
LPT SEA Access,2026-08-14,2026-08-14 17:00:00+00:00,2026-08-16 23:00:00+00:00,Brechin Castle Showground,DD9 6TJ
Northampton Balloon Festival,2026-08-14,2026-08-14 12:00:00+00:00,2026-08-16 22:30:00+00:00,Northampton Balloon Festival Northampton Racecourse,NN1 4LG
Beach Fest Bournemouth,2026-08-14,2026-08-14 15:00:00+00:00,2026-08-16 19:30:00+00:00,Bournemouth Beach,BH5 1BN
SnugFest 2026 - Fell Foot Wood - Florentenes,2026-08-14,2026-08-14 10:00:00+00:00,2026-08-16 11:00:00+00:00,Fell Foot Wood Newby Bridge Ulverston LA12 8NN,LA12 8NN
Marsh Tots,2026-08-14,2026-08-14 12:00:00+00:00,2026-08-14 18:00:00+00:00,Farm Field,TN299SL
Wild Within Women's Festival,2026-08-14,2026-08-14 12:00:00+00:00,2026-08-16 15:00:00+00:00,Silver Forest,LN7 6HL
WREXFEST 2026 - Early Bird Weekend Pass,2026-08-14,2026-08-14 18:00:00+00:00,2026-08-16 03:00:00+00:00,Wrexham City Centre Various Venues,LL13 8BB
Jurassic Fields,2026-08-14,2026-08-14 11:00:00+00:00,2026-08-16 23:00:00+00:00,West Bay Fields,DT6 4DN
Country Calling,2026-08-14,2026-08-14 11:00:00+00:00,2026-08-16 23:00:00+00:00,Hylands Estate Chelmsford,CM2 8WQ
The Magpies Festival,2026-08-14,2026-08-14 11:00:00+00:00,2026-08-15 23:00:00+00:00,"Sutton Park, York",YO61 1DP
Big Weekender,2026-08-14,2026-08-14 09:30:00+00:00,2026-08-16 17:30:00+00:00,Wellington Country Park.,RG7 1SP
Vegan Camp Out,2026-08-14,2026-08-14 11:00:00+00:00,2026-08-17 23:00:00+00:00,Walesby Forest Adventure Activity Centre,NG22 9NG
Ministry Of Sound Classical At Castle Howard,2026-08-15,2026-08-15 14:00:00+00:00,2026-08-15 22:30:00+00:00,Castle Howard York,YO60 7DJ
Coloursfest 25th Anniversary 2026,2026-08-15,2026-08-15 12:00:00+00:00,2026-08-16 23:00:00+00:00,BRAEHEAD WATERFRONT,G51 4BN
Norden Cricket Club Festival 2026,2026-08-15,2026-08-15 12:00:00+00:00,2026-08-15 21:30:00+00:00,Norden Cricket Club,OL12 7SD
In the Park presents Lewis Capaldi,2026-08-15,2026-08-15 16:00:00+00:00,2026-08-15 22:00:00+00:00,Sefton Park,L17 1AP
RNB MANIA | Sheffield's Outdoor Summer Festival,2026-08-15,2026-08-15 15:00:00+00:00,2026-08-15 23:00:00+00:00,SYSheffield (Steel Yard),S3 8AS
Déjà vu Garden Party,2026-08-15,2026-08-15 14:00:00+00:00,2026-08-15 23:00:00+00:00,The Country Park,HU13 0HB
SKINNY LIVING - Solid Ground Festival,2026-08-15,2026-08-15 13:00:00+00:00,2026-08-15 23:00:00+00:00,Tileyard North Courtyard,WF1 5FY
Electric Dreams - By The Sea 15th AUG - South Queensferry,2026-08-15,2026-08-15 14:00:00+00:00,2026-08-15 22:00:00+00:00,Outboard By Scotts,EH30 9RD
BOOZéBRUNCH The Festival Dalkeith Country Park,2026-08-15,2026-08-15 12:00:00+00:00,2026-08-15 18:30:00+00:00,Dalkeith Country Park ,EH22 1ST
Wilmslow,2026-08-15,2026-08-15 11:30:00+00:00,2026-08-15 22:00:00+00:00,Wilmslow Rugby Club,SK9 5PZ
Garage Republic Outdoor Festival 2026 | Binks Yard Nottingham,2026-08-15,2026-08-15 14:00:00+00:00,2026-08-15 22:00:00+00:00,Binks Yard,NG2 3BJ
Evesham Music Festival 2026,2026-08-15,2026-08-15 12:00:00+00:00,2026-08-15 21:30:00+00:00,Badsey Community And Sports Club,WR11 7EU
Cafe Mambo Ibiza Classics In The Park Festival,2026-08-15,2026-08-15 12:00:00+00:00,2026-08-15 22:00:00+00:00,Prospect Park,RG30 2ND
Haze Festival - Sat 15th Aug 2026,2026-08-15,2026-08-15 14:00:00+00:00,2026-08-15 22:00:00+00:00,Coventry Cathedral Ruins,CV1 5AB
Out There .,2026-08-15,2026-08-15 19:30:00+00:00,2026-08-16 02:00:00+00:00,Gisburn Forest,BB7 4TS
Sheffield Festival Of Reggae| Network 2026,2026-08-15,2026-08-15 13:00:00+00:00,2026-08-16 00:00:00+00:00,Network   Sheffield,S1 4QD
SOLAIRE: Open Air,2026-08-15,2026-08-15 14:00:00+00:00,2026-08-15 21:00:00+00:00,Lochardil House Hotel,IV2 4LF
OVER 30's CLUB - Summer Open Air Festival - Freight Island,2026-08-15,2026-08-15 15:00:00+00:00,2026-08-15 22:00:00+00:00,Freight Island,M1 2PZ
Summer 90s Outdoor Festival - Junkyard Norwich,2026-08-15,2026-08-15 15:00:00+00:00,2026-08-15 22:00:00+00:00,Junkyard Market,NR3 1QA
Energy 91 Garden Rave 2,2026-08-15,2026-08-15 15:00:00+00:00,2026-08-15 22:00:00+00:00,Reindeer Inn,SK15 3DW
Magic of Thailand Festival in Brighton,2026-08-15,2026-08-15 10:00:00+00:00,2026-08-16 19:00:00+00:00,Preston Park Preston Road Brighton BN1 6AU,BN1 6AU
Her Frequency Rooftop Party,2026-08-15,2026-08-15 14:00:00+00:00,2026-08-15 22:00:00+00:00,Home Lincoln,LN1 1UF
Allday Indie Indoor Festival - Leeds,2026-08-15,2026-08-15 17:00:00+00:00,2026-08-15 22:00:00+00:00,O2 Academy Leeds,LS2 3AW
OrchardFest 2026,2026-08-15,2026-08-15 14:00:00+00:00,2026-08-15 22:15:00+00:00,The Orchard Trust Day Service,gl179pd
Garden Rave,2026-08-15,2026-08-15 12:00:00+00:00,2026-08-15 23:00:00+00:00,Coach House,EN9 2BE
R&B Lovers - Saturday 15th August - Athena Leicester,2026-08-15,2026-08-15 17:00:00+00:00,2026-08-15 23:00:00+00:00,Athena,LE1 1QD
R&B Lovers - Saturday 15th August - Mint Warehouse,2026-08-15,2026-08-15 15:00:00+00:00,2026-08-15 22:00:00+00:00,Mint Warehouse,LS11 9UD
R&B Lovers - Saturday 15th August - DEPOT Cardiff,2026-08-15,2026-08-15 17:00:00+00:00,2026-08-15 23:00:00+00:00,Depot,CF10 5DF
Frogfest Liverpool - 2026,2026-08-15,2026-08-15 14:00:00+00:00,2026-08-16 02:00:00+00:00,District ,L1 0BW
The CourtYard Fest,2027-08-14,2026-08-15 10:30:00+00:00,2026-08-15 22:30:00+00:00,Betley Court Farm,CW3 9BH
Rock The Marshes,2026-08-15,2026-08-15 12:00:00+00:00,2026-08-16 23:00:00+00:00,Farm Field,TN299SL
ProDog Beach Fest 2026,2026-08-15,2026-08-15 09:00:00+00:00,2026-08-16 17:00:00+00:00,Weston Super Mare Beach Lawns,BS23 1AT
Original Culture Festival 2026,2026-08-15,2026-08-15 14:00:00+00:00,2026-08-15 22:00:00+00:00,Priory Country Park Barkers Lane Bedford MK41,MK41 9DJ
GWT Night Market,2026-08-15,2026-08-15 17:00:00+00:00,2026-08-15 23:00:00+00:00,Forest Recreation Ground Gregory Blvd NG7 6LB,NG7 6LB
The Searchers and Hollies Experience,2026-08-15,2026-08-15 19:30:00+00:00,2026-08-15 22:00:00+00:00,University Of Kent.,CT2 7NB
The Temple Newsam Food Festival 2026: A Summertime Feast,2026-08-15,2026-08-15 10:00:00+00:00,2026-08-16 19:00:00+00:00,Temple Newsam Park,LS15 0AD
Michael Bibi extended set on the Thames,2026-08-16,2026-08-16 14:00:00+00:00,2026-08-16 23:00:00+00:00,Old Royal Naval College Greenwich,SE10 9NN
Raver Tots Outdoor Festival Milton Keynes,2026-08-16,2026-08-16 12:00:00+00:00,2026-08-16 18:00:00+00:00,Campbell Park Milton Keynes MK9,MK9 4AD
The Garden @SEA,2026-08-16,2026-08-16 12:00:00+00:00,2026-08-16 21:00:00+00:00,Brechin Castle Showground,DD9 6TJ
Raver Tots Outdoor Festival Reading,2026-08-16,2026-08-16 13:00:00+00:00,2026-08-16 18:00:00+00:00,Prospect Park Reading,RG30 2ND
original Family Festival 2026,2026-08-16,2026-08-16 11:00:00+00:00,2026-08-16 19:00:00+00:00,Priory Country Park Barkers Lane Bedford MK41,MK41 9DJ
Sounds of the 60s with The Zoots,2026-08-17,2026-08-17 19:30:00+00:00,2026-08-17 22:00:00+00:00,The Mowlem,BH19 1DD
ArcTanGent,2026-08-19,2026-08-19 11:00:00+00:00,2026-08-23 23:00:00+00:00,Fernhill Farm,BS40 6LD
Himley Live 2026: The K-POP Festival Experience,2026-08-20,2026-08-20 16:00:00+00:00,2026-08-20 19:30:00+00:00,Himley Hall,DY3 4DF
Rock N Roll Circus Norwich,2026-08-20,2026-08-20 11:00:00+00:00,2026-08-23 23:00:00+00:00,Earlham Park,NR4 7TQ
110 Above,2026-08-20,2026-08-20 11:00:00+00:00,2026-08-22 23:00:00+00:00,Gopsall Hall Farm,CV9 3QJ
Sunrise Film Festival,2026-08-20,2026-08-20 10:00:00+00:00,2026-08-23 23:00:00+00:00,Marina Theatre,NR32 1HH
Sunrise Film Festival,2026-08-20,2026-08-20 10:00:00+00:00,2026-08-23 23:00:00+00:00,"Marina Theatre, UK",NR32 1HH
Trentham Live,2026-08-20,2026-08-20 11:00:00+00:00,2026-08-23 23:00:00+00:00,Trentham Gardens ,ST4 8JG
We Out Here Festival,2026-08-20,2026-08-20 11:00:00+00:00,2026-08-23 23:00:00+00:00,"Wimborne St Giles, Dorset",BH21 5NA
Green Man Festival,2026-08-20,2026-08-20 11:00:00+00:00,2026-08-23 23:00:00+00:00,Bannau Brycheiniog National Park,NP81LP
A New Day Festival 2026,2026-08-21,2026-08-21 11:30:00+00:00,2026-08-23 23:00:00+00:00,Mt Ephraim Gardens Hernhill Faversham Kent,ME13 9TX
"Rob Lamberti presents: George Michael | Keel SQ, Sunderland",2026-08-21,2026-08-21 19:00:00+00:00,2026-08-21 22:30:00+00:00,Keel Square,SR1 3DZ
U Fest - Boxpark Wembley - Friday 21st August,2026-08-21,2026-08-21 18:00:00+00:00,2026-08-21 23:00:00+00:00,Boxpark Wembley,HA9 0JT
Ibiza Classics Richmond,2026-08-21,2026-08-21 18:00:00+00:00,2026-08-21 22:00:00+00:00,Old Deer Park,TW9 2SL
Symphonic Ibiza Orchestra Bristol,2026-08-21,2026-08-21 17:00:00+00:00,2026-08-21 22:30:00+00:00,Bristol Amphitheatre And Waterfront Square,BS1 5LL
The Darley Park Weekender 2026,2026-08-21,2026-08-21 16:00:00+00:00,2026-08-21 23:00:00+00:00,Darley Park,DE22 1EN
Flocksteady Bleats 2026,2026-08-21,2026-08-21 12:00:00+00:00,2026-08-23 22:30:00+00:00,The Music Baa,SP5 4LP
Phases Casa Nueva X Bunker,2026-08-21,2026-08-21 20:00:00+00:00,2026-08-22 03:00:00+00:00,Calluna Nottingham,NG1 4AA
One Love Festival,2026-08-21,2026-08-21 11:00:00+00:00,2026-08-22 23:00:00+00:00,Bentley Estate,BN8 5AF
Beautiful Days Festival,2026-08-21,2026-08-21 11:00:00+00:00,2026-08-23 23:00:00+00:00,Escot Park,EX11 1LU
Field Maneuvers,2026-08-21,2026-08-21 11:00:00+00:00,2026-08-23 23:00:00+00:00,SECRET LOCATION NORWICH,NR31DD
Tribfest 2026,2026-08-21,2026-08-21 12:00:00+00:00,2026-08-23 23:45:00+00:00,Sledmere House,YO25 3XG
Flocksteady Bleats,2026-08-21,2026-08-21 12:00:00+00:00,2026-08-23 22:30:00+00:00,"The Music Baa, UK",SP5 4LP
3 Wishes Fairy Festival,2026-08-21,2026-08-21 10:00:00+00:00,2026-08-23 23:00:00+00:00,Garslade Farm,BA5 1RX
FAC51 The Haçienda at Wollaton Hall - Nottingham,2026-08-22,2026-08-22 13:00:00+00:00,2026-08-22 23:00:00+00:00,Wollaton Hall,NG8 2AE
Park Rock Richmond 2026,2026-08-22,2026-08-22 12:00:00+00:00,2026-08-22 22:00:00+00:00,"Old Deer Park, Richmond",TW9 2SL
Rockore 2026,2026-08-22,2026-08-22 11:00:00+00:00,2026-08-22 22:30:00+00:00,Lochore Meadows Country Park,KY5 8BA
"CLAIRE RICHARDS, ETERNAL & MORE| Love the 90s Fest |Keel Square",2026-08-22,2026-08-22 13:00:00+00:00,2026-08-22 22:30:00+00:00,Keel Square,SR1 3DZ
Remember Them Dayz Fest - London - Boxpark Wembley,2026-08-22,2026-08-22 18:00:00+00:00,2026-08-22 23:00:00+00:00,Boxpark Wembley,HA9 0JT
Roe Green Cricket Club festival 2026,2026-08-22,2026-08-22 12:00:00+00:00,2026-08-22 21:30:00+00:00,ROE GREEN CRICKET CLUB,M282QW
SOULTASIA - Bristol,2026-08-22,2026-08-22 13:00:00+00:00,2026-08-22 22:30:00+00:00,Bristol Amphitheatre,BS1 5LL
Himley Live 2026: The Groove Society,2026-08-22,2026-08-22 13:30:00+00:00,2026-08-22 22:00:00+00:00,Himley Hall,DY3 4DF
Banff Castle Rocks,2026-08-22,2026-08-22 13:00:00+00:00,2026-08-22 23:00:00+00:00,Banff Castle,AB45 1DL
Purple Disco Machine,2026-08-22,2026-08-22 14:30:00+00:00,2026-08-22 22:00:00+00:00,Magazine Open Air,SE10 0JH
Southbound Fest,2026-08-22,2026-08-22 12:00:00+00:00,2026-08-23 22:00:00+00:00,Princes Park Eastbourne,bn227ll
"NADINE COYLE & MORE | Pop Republic Fest | Freight Island, MCR",2026-08-22,2026-08-22 14:00:00+00:00,2026-08-22 22:00:00+00:00,Freight Island,M1 2PZ
"Rum & Reggae | Binks Yard, Nottingham",2026-08-22,2026-08-22 14:00:00+00:00,2026-08-22 22:00:00+00:00,Binks Yard,NG2 3BJ
Paisley Music and Arts Street Festival,2026-08-22,2026-08-22 12:00:00+00:00,2026-08-22 21:00:00+00:00,"Shuttle Street, Paisley",PA1 1YD
Dubtendo Day Party - London,2026-08-22,2026-08-22 13:00:00+00:00,2026-08-22 21:00:00+00:00,The Fox And Firkin,SE13 6JZ
Pulloxhill Events 2026 - Ellie Sax Presents Ibiza Anthems Live,2026-08-22,2026-08-22 17:00:00+00:00,2026-08-23 00:00:00+00:00,The Cross Keys Paddock,MK45 5HB
Cheshire Fest 2026 | Live at Tatton Park,2026-08-22,2026-08-22 12:00:00+00:00,2026-08-22 23:00:00+00:00,Tatton Park,WA16 6QN
Hifields 2026,2026-08-22,2026-08-22 12:00:00+00:00,2026-08-23 00:00:00+00:00,Dullingham Polo Club,CB8 9UT
Signal Festival 2026,2026-08-22,2026-08-22 12:00:00+00:00,2026-08-23 05:00:00+00:00,The Cause London,E16 1YZ
Back to the 80's Summer Tribute Festival with Martin Kemp,2026-08-22,2026-08-22 15:00:00+00:00,2026-08-22 22:00:00+00:00,Wheelers Farm ,CM3 3LZ
Boxout Fest 2026 + SPECIAL GUESTS,2026-08-22,2026-08-22 15:00:00+00:00,2026-08-23 23:30:00+00:00,Luna Springs Digbeth ,B9 4AG
Magic of Thailand Festival in Manchester,2026-08-22,2026-08-22 10:00:00+00:00,2026-08-23 19:00:00+00:00,Platt Fields Park Platt Lane Manchester M14 5NF,M14 5NF
The Red Lion Garden Party,2026-08-22,2026-08-22 12:30:00+00:00,2026-08-22 21:00:00+00:00,The Red Lion Inn,DY7 5DU
NucleusFEST,2026-08-22,2026-08-22 14:00:00+00:00,2026-08-23 20:00:00+00:00,Nucleus Winery At Fort Borstal,ME1 3NN
Steel City Dancehall Festival 2026,2026-08-22,2026-08-22 15:00:00+00:00,2026-08-22 22:00:00+00:00,Caribbean Sports Club,S35 9WN
Donkey fest,2026-08-22,2026-08-22 13:00:00+00:00,2026-08-23 00:00:00+00:00,Ol12 9tb,OL12 9TB
"LOUD and LOADED 2026 - Live Rock, Metal and Beer festival",2026-08-22,2026-08-22 13:00:00+00:00,2026-08-22 23:30:00+00:00,"Coddy's Farm, Holmfirth",HD9 2TH
4 Corners Day Party,2026-08-22,2026-08-22 14:00:00+00:00,2026-08-22 22:00:00+00:00,Eutopia Warehouse,IG11 0DW
R&B Lovers - Saturday 22nd August - Allerton Manor,2026-08-22,2026-08-22 15:00:00+00:00,2026-08-22 22:00:00+00:00,Allerton Manor Golf Club,L18 3JT
Rulebreakerz & Friendz Fest,2026-08-22,2026-08-22 13:00:00+00:00,2026-08-22 23:00:00+00:00,Brace Of Pistols Clacton On Sea,CO16 8DU
Slug Fest 2026,2026-08-22,2026-08-22 15:00:00+00:00,2026-08-23 00:00:00+00:00,VENUE TBA WIGAN CENTER,WN1 1DY
INJM Fest,2027-08-21,2026-08-22 12:00:00+00:00,2026-08-22 22:00:00+00:00,Eternit Sport And Social Club,SG8 5RL
Jls Ticket,2026-08-22,2026-08-22 04:00:00+00:00,2026-08-22 10:00:00+00:00,Virtual Event Derby,DE1 0AQ
R&B Lovers - Saturday 22nd Aug - Aruba Bournemouth,2026-08-22,2026-08-22 17:00:00+00:00,2026-08-22 22:00:00+00:00,Aruba Bar And Restaurant,BH2 5AA
RNB MANIA | Sunderland's R&B Festival!,2026-08-22,2026-08-22 13:00:00+00:00,2026-08-22 22:30:00+00:00,Keel Square,SR1 3DZ
All Points East,2026-08-22,2026-08-22 11:00:00+00:00,2026-08-30 23:00:00+00:00,"Victoria Park, London",E9 7DD
Hifields Festival,2026-08-22,2026-08-22 11:00:00+00:00,2026-08-22 23:00:00+00:00,Dullingham Polo Club,CB8 9UT
Rewind Festival South,2026-08-22,2026-08-22 11:00:00+00:00,2026-08-23 23:00:00+00:00,Temple Island Meadows,RG9 3DB
"GirlyPop Fest | Keel Square, Sunderland",2026-08-23,2026-08-23 12:00:00+00:00,2026-08-23 16:30:00+00:00,Keel Square,SR1 3DZ
Himley Live 2026: Boots & Roots Festival,2026-08-23,2026-08-23 12:00:00+00:00,2026-08-23 21:00:00+00:00,Himley Hall,DY3 4DF
Sundown Country Festival - Richmond,2026-08-23,2026-08-23 12:00:00+00:00,2026-08-23 20:00:00+00:00,Old Deer Park,TW9 2SL
Raver Tots Outdoor Festival Bristol,2026-08-23,2026-08-23 12:00:00+00:00,2026-08-23 18:00:00+00:00,Bristol Amphitheatre,BS1 5LL
The Prime Rave Chelmsford,2026-08-23,2026-08-23 19:00:00+00:00,2026-08-24 02:00:00+00:00,Bar And Beyond,CM2 0HR
Summer Festival in Oving,2026-08-25,2026-08-25 11:00:00+00:00,2026-08-25 15:00:00+00:00,Oving Village Hall,HP22 4HD
Rock en Seine,2026-08-26,2026-08-26 11:00:00+00:00,2026-08-30 23:00:00+00:00,Domaine De Saint Cloud,FR
Vodafone at Reading Festival,2026-08-27,2026-08-27 08:00:00+00:00,2026-08-30 23:00:00+00:00,Richfield Avenue Festival Site,RG1 8EQ
Vodafone at Leeds Festival,2026-08-27,2026-08-27 08:00:00+00:00,2026-08-30 23:00:00+00:00,Bramham Park,LS23 6ND
Chargecandy at Creamfields,2026-08-27,2026-08-27 08:00:00+00:00,2026-08-30 23:00:00+00:00,Creamfields,WA4 4AG
Glastonferret 2026,2026-08-27,2026-08-27 16:00:00+00:00,2026-08-30 23:45:00+00:00,The Ferret,PR1 2XQ
Chargecandy at Lost Village,2026-08-27,2026-08-27 08:00:00+00:00,2026-08-30 23:00:00+00:00,Norton Lodge,LN6 9JR
Hitchin Live at the Priory (weekend tickets),2026-08-27,2026-08-27 16:00:00+00:00,2026-08-30 22:30:00+00:00,Hitchin Priory,SG5 2DL
Robbers Dogs Growler Rally 2026,2026-08-27,2026-08-27 12:00:00+00:00,2026-08-30 00:00:00+00:00,The Whitby Club,CH65 6QF
Lost Village,2026-08-27,2026-08-27 11:00:00+00:00,2026-08-30 23:00:00+00:00,Lost Village,LN6 9QG
Greenbelt Festival,2026-08-27,2026-08-27 11:00:00+00:00,2026-08-30 23:00:00+00:00,Boughton House,NN16 9UP
Reading Festival,2026-08-27,2026-08-27 11:00:00+00:00,2026-08-30 23:00:00+00:00,Little John's Farm,RG30 1AB
Leeds Festival,2026-08-27,2026-08-27 11:00:00+00:00,2026-08-30 23:00:00+00:00,Bramham Park,LS23 6ND
Shambala Festival,2026-08-27,2026-08-27 11:00:00+00:00,2026-08-30 23:00:00+00:00,Kelmarsh Hall,NN6 9LY
Sunshine Music Festival,2026-08-27,2026-08-27 11:00:00+00:00,2026-08-30 23:00:00+00:00,Fish Meadow Upton Upon Severn,WR8 0PB
Tunes in the Park,2026-08-27,2026-08-27 11:00:00+00:00,2026-08-30 23:00:00+00:00,Port Eliot Estate,PL12 5ND
The Long Road,2026-08-27,2026-08-27 11:00:00+00:00,2026-08-30 23:00:00+00:00,Stanford Hall ,LE17 6DH
Beermageddon,2026-08-27,2026-08-27 11:00:00+00:00,2026-08-30 23:00:00+00:00,Stoke Prior Sports  And  Country Club,B60 4AL
Manchester Village Pride 2026,2026-08-28,2026-08-28 12:00:00+00:00,2026-09-01 06:00:00+00:00,Manchester Gay Village,M1 3EZ
Goatfest 2026,2026-08-28,2026-08-28 17:00:00+00:00,2026-08-30 23:00:00+00:00,The Great Field Bury Lane Codicote SG4 8XY,SG4 8XY
"The Bootleg Beatles | Keel Square, Sunderland",2026-08-28,2026-08-28 18:00:00+00:00,2026-08-28 22:30:00+00:00,Keel Square,SR1 3DZ
Preston Summerfest 2026,2026-08-28,2026-08-28 14:00:00+00:00,2026-08-31 00:00:00+00:00,CT3 1HB,CT3 1HB
"Chelmsford Summer Series: Sugababes, Annie Mac, Melanie C (DJ)",2026-08-28,2026-08-28 15:00:00+00:00,2026-08-28 22:00:00+00:00,Chelmsford Central Park,CM2 0RW
Dubs of Rock 2026,2026-08-28,2026-08-28 09:00:00+00:00,2026-08-30 23:00:00+00:00,Cattows Farm,LE67 2TD
Weekend in the Woods,2026-08-28,2026-08-28 12:00:00+00:00,2026-08-31 12:00:00+00:00,Wold Farm Festival Field ,NN29 7XA
NBG Garden Party (16-18),2026-08-28,2026-08-28 14:00:00+00:00,2026-08-28 22:00:00+00:00,The Trinity Centre,BS2 0NW
T.H.E Truckers Tunes Ltd @ The Truck Show Barnard Castle,2026-08-28,2026-08-28 13:00:00+00:00,2026-08-31 11:30:00+00:00,Streatlam Event Field,DL12 8RQ
Sunset At The Manor | Pink Floyd Mega Laser Show | Kent,2026-08-28,2026-08-28 18:00:00+00:00,2026-08-28 23:00:00+00:00,Strode Park House,CT6 7NE
FarmFest 2026,2026-08-28,2026-08-28 17:00:00+00:00,2026-08-31 23:00:00+00:00,WD39XJ,WD3 9XJ
The Beat Goes On Presents An Acid Barn Dance,2027-05-28,2026-08-28 12:00:00+00:00,2026-08-31 14:00:00+00:00,Penny Square Barn,BA4 6AG
Lost Lake Festival,2026-08-29,2026-08-28 12:00:00+00:00,2026-08-30 00:00:00+00:00,The Venue At Coxleigh,EX31 4EX
Crownload 2026,2026-08-28,2026-08-28 13:00:00+00:00,2026-08-30 23:45:00+00:00,Clwb Crown,CF48 1BA
Thunderfest,2026-08-28,2026-08-28 19:30:00+00:00,2026-08-30 23:00:00+00:00,The Thunderbolt,BS4 3ED
Bubz Fest,2026-08-28,2026-08-28 10:00:00+00:00,2026-08-28 23:00:00+00:00,Wintney Barn,RG27 8SH
Equinox Festival,2026-08-28,2026-08-28 18:00:00+00:00,2026-08-29 03:00:00+00:00,Wold Farm Festival Field ,NN29 7XA
BeCider Seaside 22,2026-08-28,2026-08-28 10:00:00+00:00,2026-08-30 23:45:00+00:00,Bredy Farm,DT6 4ND
Briggzfest 2026,2026-08-28,2026-08-28 12:00:00+00:00,2026-08-30 23:00:00+00:00,Ham Farm,BN8 5SB
CarFest 2026,2026-08-28,2026-08-28 10:00:00+00:00,2026-08-30 23:45:00+00:00,Silverstone Circuit,NN12 8TN
Maui Waui Festival,2026-08-28,2026-08-28 11:00:00+00:00,2026-08-30 23:00:00+00:00,Elveden Hall Estate,IP24 3TA
Camper Calling,2026-08-28,2026-08-28 11:00:00+00:00,2026-08-30 23:00:00+00:00,Ragley Hall Park And Gardens,B49 5NH
Made in Manchester - Stockport,2026-08-28,2026-08-28 11:00:00+00:00,2026-08-31 23:00:00+00:00,Waterside Farm,SK63LQ
Victorious Festival,2026-08-28,2026-08-28 11:00:00+00:00,2026-08-30 23:00:00+00:00,Southsea Seafront,PO5 3PG
Carfest,2026-08-28,2026-08-28 11:00:00+00:00,2026-08-30 23:00:00+00:00,Silverstone Circuit,NN12 8TN
Krankenhaus Festival,2026-08-28,2026-08-28 11:00:00+00:00,2026-08-30 23:00:00+00:00,Muncaster Castle,CA18 1RQ
Shrewsbury Folk Festival,2026-08-28,2026-08-28 11:00:00+00:00,2026-08-31 23:00:00+00:00,"West Midlands Showground, Shrewsbury",SY2 6JY
The Big Feastival,2026-08-28,2026-08-28 11:00:00+00:00,2026-08-30 23:00:00+00:00,Alex James Farm,OX7 6UJ
The Libertines - Hitchin Live at the Priory,2026-08-29,2026-08-29 14:00:00+00:00,2026-08-29 22:30:00+00:00,Hitchin Priory,SG5 2DL
Dreamland Jouvert X,2026-08-29,2026-08-29 12:00:00+00:00,2026-08-29 20:00:00+00:00,"Court Farm, Oxted Road, Godstone, Surrey, RH9 8DB",RH9 8DB
Chelmsford Summer Series 2026: Mcfly,2026-08-29,2026-08-29 13:00:00+00:00,2026-08-29 22:00:00+00:00,Chelmsford Central Park,CM2 0RW
Noughty 90's Festival Newcastle 2026,2026-08-29,2026-08-29 12:00:00+00:00,2026-08-29 22:00:00+00:00,Leazes Park ,NE2 4BJ
Blackpool Cricket Club Festival 2026,2026-08-29,2026-08-29 12:00:00+00:00,2026-08-29 21:30:00+00:00,Blackpool Cricket Club ,FY3 9EQ
Cheltenham Tribute Festival 2026,2026-08-29,2026-08-29 12:00:00+00:00,2026-08-29 22:00:00+00:00,Cheltenham Racecourse,GL50 4SH
"ARMAND VAN HELDEN, SOSA & MORE | Groovebox Keel SQ Summer Fest",2026-08-29,2026-08-29 13:00:00+00:00,2026-08-29 22:30:00+00:00,Keel Square,SR1 3DZ
Bournefest 2026,2026-08-29,2026-08-29 14:00:00+00:00,2026-08-30 21:30:00+00:00,Western Lawns Eastbourne,BN21 4EH
Road to Nashville Outdoor Festival | SteelYard,2026-08-29,2026-08-29 14:00:00+00:00,2026-08-29 23:00:00+00:00,SYSheffield (Steel Yard),S3 8AS
Country Club - Outdoor Country Music Festival - Cardiff,2026-08-29,2026-08-29 15:00:00+00:00,2026-08-29 22:00:00+00:00,Tiger Yard,CF10 4GA
Nashdown - Country Music Festival,2026-08-29,2026-08-29 13:00:00+00:00,2026-08-29 22:30:00+00:00,Lingfield Park Racecourse,RH7 6PQ
"DJ SAMMY & MORE | Love the 90s Fest | Winter Garden, Blackpool",2026-08-29,2026-08-29 14:00:00+00:00,2026-08-29 22:30:00+00:00,Winter Gardens Blackpool,FY1 1HL
Country Club - Outdoor Country Music Festival - London,2026-08-29,2026-08-29 14:00:00+00:00,2026-08-29 22:00:00+00:00,LDN EAST,E16 4SH
Summer Outdoor Garage Festival - Wheelers Farm Chelmsford,2026-08-29,2026-08-29 14:00:00+00:00,2026-08-29 22:00:00+00:00,Wheelers Farm ,CM3 3LZ
R&B Lovers - Saturday 29th August - Luna Spring,2026-08-29,2026-08-29 15:00:00+00:00,2026-08-30 00:00:00+00:00,Luna Springs Digbeth ,B9 4AG
Back To The 90s - Summer Outdoor Festival - Manchester,2026-08-29,2026-08-29 15:00:00+00:00,2026-08-29 23:00:00+00:00,Freight Island,M1 2PZ
Good Vibes Only. 29th & 30th August 2026.,2026-08-29,2026-08-29 13:00:00+00:00,2026-08-31 00:30:00+00:00,Cheltenham RFC Newlands Park ,GL52 3PE
90's & 00's Nation presents SED Festival,2026-08-29,2026-08-29 14:30:00+00:00,2026-08-29 23:00:00+00:00,Garon Park,SS2 4FA
Walsall Pride 2026,2026-08-29,2026-08-29 11:00:00+00:00,2026-08-29 18:00:00+00:00,Walsall Arboretum Extension,WS12QB
R&B Lovers - Summer Outdoor Festival - Sat 29th Aug - Bristol,2026-08-29,2026-08-29 14:00:00+00:00,2026-08-29 22:00:00+00:00,The Prospect Building,BS2 0QD
PURE R&B - Summer Outdoor Day Party Cardiff - August 29th,2026-08-29,2026-08-29 15:00:00+00:00,2026-08-29 22:30:00+00:00,Lo Lounge Cardiff Bay,CF10 4GA
Madisons 90s Festival,2026-08-29,2026-08-29 12:00:00+00:00,2026-08-29 23:00:00+00:00,Rivendell,CA14 1SZ
"Spangled X Rough Tempo -TNA, Nu:Elementz - Azza + Grima, P Money",2026-08-29,2026-08-29 14:00:00+00:00,2026-08-29 22:00:00+00:00,Blackbox Brewery,SS2 6UN
Weeley Tribute Festival 2026,2026-08-29,2026-08-29 13:00:00+00:00,2026-08-29 22:00:00+00:00,Weeley Carboot Site,CO16 9AG
Cosmic Vibration Festival III,2026-08-29,2026-08-29 00:00:00+00:00,2026-08-30 23:30:00+00:00,Sidney And Matilda,S1 4RH
Sunset At The Manor | Ibiza Classics BBQ | Kent,2026-08-29,2026-08-29 17:00:00+00:00,2026-08-29 23:00:00+00:00,Strode Park House,CT6 7NE
Live At The Queens Fest,2026-08-29,2026-08-29 00:00:00+00:00,2026-08-30 01:00:00+00:00,Queens Bar And Coffee House,YO16 4PN
Epidemik in the Woods,2026-08-29,2026-08-29 12:00:00+00:00,2026-08-30 03:00:00+00:00,Wold Farm Festival Field ,NN29 7XA
Rum & Reggae Chester,2026-08-29,2026-08-29 11:00:00+00:00,2026-08-29 21:00:00+00:00,Chester Racecourse,CH1 2LY
Summer Garage Rooftop Rave - Saturday 29th August - Birmingham,2026-08-29,2026-08-29 15:00:00+00:00,2026-08-29 22:00:00+00:00,XOYO Rooftop,B9 4AG
Girls Like R&B x Binks Yard Nottingham,2026-08-29,2026-08-29 15:00:00+00:00,2026-08-29 22:00:00+00:00,Binks Yard,NG2 3BJ
Tik-Tech VIIII,2026-08-29,2026-08-29 15:00:00+00:00,2026-08-30 03:00:00+00:00,Glory Holes,LN2 1AL
Crewe Rocks,2026-08-29,2026-08-29 00:00:00+00:00,2026-08-30 01:30:00+00:00,The Arena Crewe,CW2 7BL
Foodies Festival 2026 - Oxford,2026-08-29,2026-08-29 12:00:00+00:00,2026-08-31 21:00:00+00:00,Oxford South Parks,OX4 1NT
RNB MANIA | Leeds' Outdoor R&B Festival,2026-08-29,2026-08-29 15:00:00+00:00,2026-08-29 21:00:00+00:00,Project House,LS12 2DR
HITOP Tv - The Blueprint Rave Festival Experience - DARTFORD,2026-08-29,2026-08-29 15:00:00+00:00,2026-08-30 03:00:00+00:00,Red Bar And Cadiz,DA1 2DT
Appetite On The Farm,2026-08-29,2026-08-29 11:00:00+00:00,2026-08-30 23:00:00+00:00,Kelvedon Hall,CM14 5TN
Forwards - Bristol,2026-08-29,2026-08-29 11:00:00+00:00,2026-08-30 23:00:00+00:00,Durdham Downs,BS9 1FG
Stonedead Festival,2026-08-29,2026-08-29 11:00:00+00:00,2026-08-29 23:00:00+00:00,Newark Showground,NG24 2NY
The Searchers and Hollies Experience,2026-08-29,2026-08-29 19:30:00+00:00,2026-08-29 22:00:00+00:00,The Exchange Twickenham,TW1 1BE
Roseshire Festival,2026-08-29,2026-08-29 11:00:00+00:00,2026-08-30 23:00:00+00:00,Cheshire House Estate,NN82DH
The Graves Park Food and Drink Festival 2026: A Summertime Feast,2026-08-29,2026-08-29 10:00:00+00:00,2026-08-31 19:00:00+00:00,Graves Park,S8 8LL
MKF Festival,2026-08-29,2026-08-29 11:00:00+00:00,2026-08-30 23:00:00+00:00,"Campbell Park, Milton Keynes",MK9 3hr
Roseshire Festival,2026-08-29,2026-08-29 11:00:00+00:00,2026-08-30 23:00:00+00:00,Chester House Estate,NN8 2DH
New World 2026 ft. Craig David | Chelmsford Central Park,2026-08-30,2026-08-30 13:00:00+00:00,2026-08-30 22:00:00+00:00,Chelmsford Central Park,CM2 0RW
Road to Nashville Outdoor Festival | Keel Square,2026-08-30,2026-08-30 12:00:00+00:00,2026-08-30 22:30:00+00:00,Keel Square,SR1 3DZ
KOMPND Carnival,2026-08-30,2026-08-30 15:00:00+00:00,2026-08-30 23:00:00+00:00,Untitled Studio,M50 1BB
Off Grid Festival: Chapter One,2026-08-30,2026-08-30 12:00:00+00:00,2026-08-30 23:00:00+00:00,The Royal Town Of Sutton Coldfield,B75 5SA
Allday Indie Outdoor Festival - Manchester,2026-08-30,2026-08-30 15:00:00+00:00,2026-08-30 22:00:00+00:00,Freight Island,M1 2PZ
FAC51 The Haçienda Open Air - Birmingham,2026-08-30,2026-08-30 13:00:00+00:00,2026-08-30 23:00:00+00:00,Luna Springs Digbeth ,B9 4AG
Party In Acklam Park,2026-08-30,2026-08-30 12:00:00+00:00,2026-08-30 21:30:00+00:00,Middlesbrough Rugby And Cricket Club,TS5 7SL
Monton Soul & Pop festival,2026-08-30,2026-08-30 12:00:00+00:00,2026-08-30 21:00:00+00:00,Monton Cricket Sports Club,M30 9EH
"DJ SAMMY & MORE | Love the 90s Fest | Prospect Building, Bristol",2026-08-30,2026-08-30 13:00:00+00:00,2026-08-30 22:00:00+00:00,The Prospect Building,BS2 0QD
RNB MANIA | Lincoln's R&B Festival,2026-08-30,2026-08-30 15:00:00+00:00,2026-08-30 22:00:00+00:00,STACK Lincoln,LN5 7AA
RNB MANIA | Derby's R&B Festival,2026-08-30,2026-08-30 16:00:00+00:00,2026-08-30 23:00:00+00:00,Ultra Warehouse,DE21 6HA
R&B Lovers - Sunday 30th August - Wheelers Farm Chelmsford,2026-08-30,2026-08-30 15:00:00+00:00,2026-08-30 22:00:00+00:00,Wheelers Farm ,CM3 3LZ
Proper Fest 2026,2026-08-30,2026-08-30 11:00:00+00:00,2026-08-30 22:00:00+00:00,Weeley Car Boot,CO16 9AG
iFest 2026 - 10 Year Anniversary,2026-08-30,2026-08-30 13:00:00+00:00,2026-08-30 22:00:00+00:00,Ifield Cricket Club,RH11 0HL
Ibiza Terrace Party 2026,2026-08-30,2026-08-30 14:00:00+00:00,2026-08-30 22:00:00+00:00,George's Bistro And Bar,BD19 3RA
State of Mind - The Launch,2026-08-30,2026-08-30 14:00:00+00:00,2026-08-31 02:00:00+00:00,Wav Garden,L3 7DH
Mr Shaw Reminisce Bank Holiday August 30th - 2026,2026-08-30,2026-08-30 13:00:00+00:00,2026-08-30 23:45:00+00:00,"The Old Blacksmith's Yard, Sadler Gate, Derby",DE1 3PD
Sunset At The Manor | 80s Greatest Hits BBQ | Kent,2026-08-30,2026-08-30 17:00:00+00:00,2026-08-30 23:00:00+00:00,Strode Park House,CT6 7NE
Ibiza Radio 1 Ibiza Festival @ Swigg Swansea,2026-08-30,2026-08-30 13:00:00+00:00,2026-08-30 23:45:00+00:00,The Swigg Swansea,Sa1 3rd
Swingfest 2026,2026-08-30,2026-08-30 15:00:00+00:00,2026-08-31 04:00:00+00:00,Hu9 Club,HU9 1AS
Annual Beatles Convention Day 2026,2026-08-30,2026-08-30 11:00:00+00:00,2026-08-30 23:45:00+00:00,The Adelphie Hotel,L3 5UL
Lazy Sunday Festival,2026-08-30,2026-08-30 12:00:00+00:00,2026-08-31 03:00:00+00:00,Wold Farm Festival Field ,NN29 7XA
Party In Y Parc 2026,2026-08-31,2026-08-30 12:00:00+00:00,2026-08-30 22:00:00+00:00,Y Parc   Holyhead,ll651bg
Push The Daytime,2026-08-30,2026-08-30 14:00:00+00:00,2026-08-30 22:00:00+00:00,Brew York Craft Brewery And Tap Room,YO1 9TT
"KEPLER, LUUK VAN DIJK & MORE |MUZAK & Groovebox Mansfield",2026-08-30,2026-08-30 13:00:00+00:00,2026-08-30 23:00:00+00:00,The Swan Mansfield,NG18 1AE
Emerge Music Festival Belfast,2026-08-30,2026-08-30 11:00:00+00:00,2026-08-30 23:00:00+00:00,Boucher Road Playing Fields,BT12 6EU
MarkFest VIII,2026-08-30,2026-08-30 16:00:00+00:00,2026-08-30 23:45:00+00:00,White Horse Inn,TA9 4LT
Party In Y Parc 2026,2026-08-31,2026-08-31 12:00:00+00:00,2026-08-31 23:00:00+00:00,Y Parc   Holyhead,ll651bg
"Family Fest ft. K-Pop Live | Keel Square, Sunderland",2026-08-31,2026-08-31 11:00:00+00:00,2026-08-31 20:00:00+00:00,Keel Square,SR1 3DZ
Raver Tots Outdoor Festival Southend,2026-08-31,2026-08-31 12:00:00+00:00,2026-08-31 18:00:00+00:00,Garon Park   Southend On Sea,SS2 4FA
Raver Tots x Garage Nation Festival,2026-08-31,2026-08-31 13:00:00+00:00,2026-08-31 18:00:00+00:00,Garon Park   Southend On Sea,SS2 4FA
LIDO Festival,2026-08-31,2026-08-31 11:00:00+00:00,2026-08-31 23:00:00+00:00,"Victoria Park, London",E9 7DD
Lindisfarne Festival 2026,2026-09-03,2026-09-03 11:00:00+00:00,2026-09-06 04:00:00+00:00,"Beal Farm, Northumberland, TD15 2PB",TD15 2PB
Music Worldwide Drum Camp,2026-09-03,2026-09-03 14:00:00+00:00,2026-09-07 00:00:00+00:00,Hulver Farm,NR35 1NF
Burn It Down Festival 2026,2026-09-03,2026-09-03 15:00:00+00:00,2026-09-05 23:00:00+00:00,The Foundry Torquay,TQ1 1ED
Existance Festival,2026-09-03,2026-09-03 14:00:00+00:00,2026-09-06 23:45:00+00:00,Existance Festival,GL8 8RT
Lindisfarne Volunteers 2026,2026-09-03,2026-09-03 15:00:00+00:00,2026-09-06 04:00:00+00:00,Beal Farm ,TD15 2PB
The Searchers and Hollies Experience,2026-09-03,2026-09-03 19:30:00+00:00,2026-09-03 22:00:00+00:00,The Tivoli Theatre Wimborne,BH21 1LT
End of the Road Festival,2026-09-03,2026-09-03 11:00:00+00:00,2026-09-06 23:00:00+00:00,Larmer Tree Gardens,SP5 5PT
Big London Tattoo Show,2026-09-04,2026-09-04 17:00:00+00:00,2026-09-06 19:00:00+00:00,ExCel London,E16 1XL
Fields Of Gold Festival 2026,2026-09-04,2026-09-04 12:00:00+00:00,2026-09-05 22:00:00+00:00,Tameside Stadium,OL7 9HG
CLAIRE RICHARDS & MORE| Love the 90s&00s Fest|Nottingham Castle,2026-09-04,2026-09-04 18:00:00+00:00,2026-09-04 22:00:00+00:00,Nottingham Castle,NG1 6EL
Campfire Country Music Festival,2026-09-04,2026-09-04 15:00:00+00:00,2026-09-04 22:00:00+00:00,East Park Hull,HU8 8LR
Undercover Festival,2026-09-04,2026-09-04 14:00:00+00:00,2026-09-04 23:00:00+00:00,Rodney Parade Stadium,NP19 0UU
The British Country Music Festival,2026-09-04,2026-09-04 15:00:00+00:00,2026-09-06 18:00:00+00:00,Winter Gardens Blackpool,FY1 1HL
Rock N Roll Circus Festival Sheffield,2026-09-04,2026-09-04 11:00:00+00:00,2026-09-06 23:00:00+00:00,Don Valley Bowl,S9 5DP
Edge Fest,2026-09-04,2026-09-04 11:00:00+00:00,2026-09-06 23:00:00+00:00,Lilliardsedge Holiday Park,TD8 6TZ
The British Country Music Festival,2026-09-04,2026-09-04 11:00:00+00:00,2026-09-06 23:00:00+00:00,Winter Gardens Blackpool,FY1 1HL
Fantasy Forest Libertalia,2026-09-04,2026-09-04 16:00:00+00:00,2026-09-06 19:00:00+00:00,Hatfield House   Hatfield,AL9 5HX
Sound City Festival,2026-09-04,2026-09-04 11:00:00+00:00,2026-09-06 23:00:00+00:00,Forest Row,RH185ey
Moseley Folk & Arts Festival,2026-09-04,2026-09-04 11:00:00+00:00,2026-09-06 23:00:00+00:00,Moseley Park,B13 8DD
SOULTOWN - Festival 2026,2026-09-05,2026-09-05 12:00:00+00:00,2026-09-05 23:00:00+00:00,Croydon Road Recreation Ground,BR3 3PR
Love to be... festival 2026,2026-09-05,2026-09-05 12:00:00+00:00,2026-09-05 23:00:00+00:00,The Stray,HG2 8JR
Clubland Live On The Beach,2026-09-05,2026-09-05 14:30:00+00:00,2026-09-05 22:30:00+00:00,Weston Super Mare Beach,BS23 1AL
Aden Music Festival 2026,2026-09-05,2026-09-05 11:00:00+00:00,2026-09-05 23:00:00+00:00,"Aden Country Park, Mintlaw",AB42 5FQ
Opulence,2026-09-05,2026-09-05 13:00:00+00:00,2026-09-05 22:30:00+00:00,Lumley Castle,DH3 4NX
Westhoughton Cricket Club Festival 2026,2026-09-05,2026-09-05 12:00:00+00:00,2026-09-05 21:30:00+00:00,Westhoughton Cricket Club,BL5 2GG
The Bootleg Beatles ft. Live Orchestra | Nottingham Castle,2026-09-05,2026-09-05 18:00:00+00:00,2026-09-05 22:00:00+00:00,Nottingham Castle,NG1 6EL
Live In Inverurie,2026-09-05,2026-09-05 13:00:00+00:00,2026-09-05 23:00:00+00:00,Garioch Indoor Bowling Centre,AB51 4FR
"Summer Underground - Breakin Science, Jungle Mania, D&B Classics",2026-09-05,2026-09-05 14:00:00+00:00,2026-09-05 22:00:00+00:00,Eutopia Warehouse,IG11 0DW
FOMO Fest 2026,2026-09-05,2026-09-05 11:00:00+00:00,2026-09-05 22:00:00+00:00,Food Museum,IP14 1SL
Country Club - Outdoor Country Music Festival - Manchester,2026-09-05,2026-09-05 15:00:00+00:00,2026-09-05 22:00:00+00:00,Freight Island,M1 2PZ
Country Club - Outdoor Country Music Festival - Nottingham,2026-09-05,2026-09-05 15:00:00+00:00,2026-09-05 22:00:00+00:00,Binks Yard,NG2 3BJ
Jazz on Wick 2026,2026-09-05,2026-09-05 12:00:00+00:00,2026-09-05 22:30:00+00:00,Various Venues Hackney Wick,E9 5EF
House OF Eira - Castle Take-over Part II,2026-09-05,2026-09-05 12:00:00+00:00,2026-09-05 22:00:00+00:00,Gwrych Castle Preservation Trust Ltd,LL22 8ET
Bootle Country Music Festival,2026-09-05,2026-09-05 14:00:00+00:00,2026-09-05 22:00:00+00:00,Lock And Quay,L20 4AH
Garage Nation & House Nation Brick Lane Festival,2026-09-05,2026-09-05 15:00:00+00:00,2026-09-05 23:00:00+00:00,93 Feet East,E1 6QL
Casa,2026-09-05,2026-09-05 12:00:00+00:00,2026-09-05 23:00:00+00:00,Rodney Parade,NP19 0UU
Allday Indie - Open Air Outdoor Indie Festival - Cardiff,2026-09-05,2026-09-05 15:00:00+00:00,2026-09-05 22:00:00+00:00,Tiger Yard,CF10 4GA
U Fest - Birmingham - XOYO - Saturday 5th September,2026-09-05,2026-09-05 17:00:00+00:00,2026-09-05 23:00:00+00:00,XOYO,B9 4AG
Magic of Thailand Festival in London,2026-09-05,2026-09-05 10:00:00+00:00,2026-09-06 19:00:00+00:00,"Ealing Common, Uxbridge Road, London W5 3HN",W5 3HN
Hella Rock Festival,2026-09-05,2026-09-05 12:00:00+00:00,2026-09-05 23:45:00+00:00,HMV EMPIRE COVENTRY,CV1 1LF
Summer Outdoor Garage Festival - Studio 338 London,2026-09-05,2026-09-05 14:00:00+00:00,2026-09-05 22:00:00+00:00,Studio 338,SE10 0PF
R&B Lovers - Saturday 5th September - Horizon Brighton,2026-09-05,2026-09-05 15:00:00+00:00,2026-09-05 21:00:00+00:00,Horizon,BN1 1NB
MoultStone Festival,2026-09-05,2026-09-05 12:00:00+00:00,2026-09-05 22:30:00+00:00,NN6 0AB,NN6 0AB
RNB MANIA | Brighton's R&B Festival,2026-11-21,2026-09-05 15:00:00+00:00,2026-09-05 21:00:00+00:00,Quarters Brighton,BN1 1NB
BeatMasters Outdoor Music Festival,2026-09-05,2026-09-05 12:00:00+00:00,2026-09-05 22:00:00+00:00,East Park Hull,HU8 8LR
BEDFORD STREET RUM & REGGAE FESTIVAl,2026-09-05,2026-09-05 13:00:00+00:00,2026-09-05 22:30:00+00:00,Bedford Street,CV32 5DY
Essential Saturday's,2026-09-05,2026-09-05 14:00:00+00:00,2026-09-05 22:00:00+00:00,Boston Brothers @ DN31 Grimsby,DN31 1DG
Street Eat N Beats Festival 2026,2027-09-11,2026-09-05 12:00:00+00:00,2026-09-05 22:30:00+00:00,"Central Park, Chelmsford",Cm2 0RW
Remember Them Dayz Fest - Birmingham - XOYO,2026-09-05,2026-09-05 18:00:00+00:00,2026-09-05 23:00:00+00:00,XOYO,B9 4AG
Traco Charity Beer Festival,2026-09-05,2026-09-05 00:00:00+00:00,2026-09-05 21:00:00+00:00,Aldershot Traction Club,GU11 3NE
Oracle-Club Vega,2026-09-05,2026-09-05 21:00:00+00:00,2026-09-06 03:00:00+00:00,Club Vega,HU9 1BY
Manchester Psych Festival,2026-09-05,2026-09-05 12:00:00+00:00,2026-09-05 23:30:00+00:00,Various Venues Around Manchester,M1 5QR
The George Harrison Project,2026-09-05,2026-09-05 19:30:00+00:00,2026-09-05 22:00:00+00:00,The Civic   Brierley HIl.,DY5 3DA
We Are Family Festival 2026,2026-09-06,2026-09-06 12:00:00+00:00,2026-09-06 20:00:00+00:00,Croydon Road Recreation Ground,BR3 3PR
Martin Kemp's Back to the 80s DJ Set | Nottingham Castle,2026-09-06,2026-09-06 17:30:00+00:00,2026-09-06 22:00:00+00:00,Nottingham Castle,NG1 6EL
Shirley Social - Sunday 6th September,2026-09-06,2026-09-06 10:00:00+00:00,2026-09-06 18:00:00+00:00,Shirley Park,B90 3AL
We Love it Outdoor Tribute Festival Hull September- 2026,2026-09-06,2026-09-06 12:00:00+00:00,2026-09-06 22:00:00+00:00,East Park Hull,HU8 8LR
Willenhall Lock Stock,2026-09-06,2026-09-06 11:00:00+00:00,2026-09-06 21:00:00+00:00,Willenhall Memorial Park,WV13 2PW
Edinburgh Psych Fest,2026-09-06,2026-09-06 11:00:00+00:00,2026-09-06 23:00:00+00:00,Various Venues Across Edinburgh,EH1 1AB
Mucky Weekender Festival 2026,2026-09-10,2026-09-10 14:00:00+00:00,2026-09-13 02:00:00+00:00,Vicarage Farm,SO21 3BL
Onboard the Craft 2026,2026-09-10,2026-09-10 16:00:00+00:00,2026-09-13 01:00:00+00:00,Stoke Prior Sports  And  Country Club,B60 4AL
Retrospective Festival 2026,2026-09-11,2026-09-11 17:00:00+00:00,2026-09-11 23:00:00+00:00,Sherdley Park,WA9 5DE
Campfire Country Music Festival,2026-09-11,2026-09-11 15:00:00+00:00,2026-09-11 22:00:00+00:00,Charlton Park,SN16 9RU
Save The Rave X Future Headliners,2026-09-11,2026-09-11 11:00:00+00:00,2026-09-11 22:00:00+00:00,Royal Cornwall Showground,PL27 7JE
The Big Retreat Festival,2026-09-11,2026-09-11 09:00:00+00:00,2026-09-13 23:00:00+00:00,Abbots Ripton,PE28 2PH
FeastyFest 2026,2026-09-12,2026-09-12 11:00:00+00:00,2026-09-13 20:30:00+00:00,"Cheam Park, Sutton, Surrey, SM3 8BP",SM3 8BP
FLY Festival Edinburgh 2026,2026-09-12,2026-09-12 13:00:00+00:00,2026-09-13 22:00:00+00:00,Ross Bandstand,EH2 3AA
RUN All Day 2026,2026-09-12,2026-09-12 13:00:00+00:00,2026-09-12 22:00:00+00:00,Sawmills,BS5 0TN
Heyside Cricket Club Festival 2026,2026-09-12,2026-09-12 12:00:00+00:00,2026-09-12 21:30:00+00:00,Heyside Cricket Club,OL2 6ND
Run Away presents OUT RUN FESTIVAL,2026-09-12,2026-09-12 12:00:00+00:00,2026-09-12 22:30:00+00:00,Kent County Showground,ME14 3JF
"Save The Rave: Old Skool Outdoor Festival, Cornwall 2026",2026-09-12,2026-09-12 12:00:00+00:00,2026-09-12 22:00:00+00:00,Royal Cornwall Showground,PL27 7JE
Betley Boogie Farm 2026!,2026-09-12,2026-09-12 14:00:00+00:00,2026-09-12 22:30:00+00:00,Betley Court Farm,CW3 9BH
Country on the Castle - Tonbridge,2026-09-12,2026-09-12 14:00:00+00:00,2026-09-12 22:00:00+00:00,Tonbridge Castle,TN9 1BG
Isle Of Wight Dance Weekender - Summer Closing Party,2026-09-12,2026-09-12 12:00:00+00:00,2026-09-12 23:45:00+00:00,Robin Hill Advenutre Park,PO30 2NU
Allday Indie Outdoor Festival - Birmingham,2026-09-12,2026-09-12 15:00:00+00:00,2026-09-12 22:00:00+00:00,Luna Springs Digbeth ,B9 4AG
Reminisce Festival 2026,2026-09-12,2026-09-12 12:00:00+00:00,2026-09-12 23:00:00+00:00,Sherdley Park,WA9 5DE
Road to Nashville Indoor Rodeo Show | MECA,2026-09-12,2026-09-12 14:00:00+00:00,2026-09-12 22:00:00+00:00,Meca Swindon,SN1 1PR
"RNB MANIA | Birmingham, Under The Arches | R&B Fest",2026-09-12,2026-09-12 15:00:00+00:00,2026-09-12 23:00:00+00:00,LAB11,B5 5NL
The Garage Garden at Halleys Comet,2026-09-12,2026-09-12 13:00:00+00:00,2026-09-12 23:45:00+00:00,Halleys Comet,MK13 7AW
Country Club -  Country Music Terrace Party- Bournemouth,2026-09-12,2026-09-12 15:00:00+00:00,2026-09-12 22:00:00+00:00,Aruba Bar And Restaurant,BH2 5AA
"Rhinestone Fest: London, September 12th",2026-09-12,2026-09-12 17:00:00+00:00,2026-09-12 23:00:00+00:00,Between The Bridges,SE1 8XX
Other Worlds Festival,2026-09-12,2026-09-12 15:30:00+00:00,2026-09-12 23:30:00+00:00,The Hobbit,SO14 0JZ
BeatMasters Outdoor Music Festival,2026-09-12,2026-09-12 12:00:00+00:00,2026-09-12 22:00:00+00:00,Charlton Park,SN16 9RU
OVER 30's CLUB - Daytime Open Air Festival - Nottingham,2026-09-12,2026-09-12 15:00:00+00:00,2026-09-12 22:00:00+00:00,Binks Yard,NG2 3BJ
WildStyle Radio Festival,2026-09-12,2026-09-12 11:00:00+00:00,2026-09-12 23:00:00+00:00,Higginson Park ,SL7 2AE
Next Wave,2026-09-12,2026-09-12 15:00:00+00:00,2026-09-12 23:00:00+00:00,Bootleg Social ,FY1 3AQ
FOMO Multi Genre Music Festival,2026-09-12,2026-09-12 12:00:00+00:00,2026-09-12 23:00:00+00:00,The Rainton Arena,DH4 5PH
Girls Like R&B - Summer Open-Air Festival - Sat 12th September,2026-09-12,2026-09-12 15:00:00+00:00,2026-09-12 22:00:00+00:00,LDN EAST,E16 4SH
Sonic Boom,2026-09-12,2026-09-12 11:00:00+00:00,2026-09-12 23:00:00+00:00,Market Place Burton On Trent DE14 1HA.,DE14 1HA
Waterworks Festival,2026-09-12,2026-09-12 10:00:00+00:00,2026-09-12 23:00:00+00:00,Gunnersbury Park,W3 8LQ
DogFest on the Farm,2026-09-12,2026-09-12 09:30:00+00:00,2026-09-13 16:30:00+00:00,Harewood House,LS17 9LG
Down At The Abbey,2026-09-12,2026-09-12 11:00:00+00:00,2026-09-13 23:00:00+00:00,Reading Abbey Ruins,RG1 3HW
Allo Allo Weekend,2026-09-12,2026-09-12 14:00:00+00:00,2026-09-13 11:00:00+00:00,"Moore Place Hotel, BW Signature Collection, UK",MK17 8DW
Raver Tots Outdoor Festival Hertfordshire,2026-09-13,2026-09-13 13:00:00+00:00,2026-09-13 18:00:00+00:00,Berkhamsted Cricket Club,HP4 1HE
We Love it Outdoor Tribute Festival Malmsbury - September 2026,2026-09-13,2026-09-13 12:00:00+00:00,2026-09-13 22:00:00+00:00,Charlton Park Estate,SN16 9LL
One More Jam 2026,2026-09-13,2026-09-13 14:00:00+00:00,2026-09-13 22:00:00+00:00,Eutopia Whs,IG11 0DW
Equinox Festival 2026,2026-09-17,2026-09-17 12:00:00+00:00,2026-09-21 23:00:00+00:00,Scholey Park,LN4 4PD
Morecambe Poetry Festival 2026 18th to 20th September,2026-09-18,2026-09-18 19:00:00+00:00,2026-09-20 23:00:00+00:00,Morecambe Winter Gardens,LA4 4BU
Staithes Country Music Weekender,2026-09-18,2026-09-18 13:00:00+00:00,2026-09-19 23:45:00+00:00,Staithes Athletic Club,TS13 5AY
Sounds of the 60s,2026-09-18,2026-09-18 19:30:00+00:00,2026-09-18 22:00:00+00:00,"Verwood Hub, UK",BH31 7QE
Bats in the Attic 2026,2026-09-18,2026-09-18 18:30:00+00:00,2026-09-20 02:00:00+00:00,Alhambra Live,LA4 4EU
Complete Stone Roses Live In The Big Top,2026-09-19,2026-09-19 13:00:00+00:00,2026-09-19 23:00:00+00:00,Queens Park Recreation,G42 8QR
Leigh Cricket club Festival 2026,2026-09-19,2026-09-19 12:00:00+00:00,2026-09-19 21:30:00+00:00,Leigh Cricket Club,WN7 3LH
The History of Jungle - CARDIFF,2026-09-19,2026-09-19 14:00:00+00:00,2026-09-19 23:00:00+00:00,Depot,CF10 5DF
Trancecoda & Groovebox pres. Shine Open Air with Paul van Dyk,2026-09-19,2026-09-19 14:00:00+00:00,2026-09-19 22:00:00+00:00,Binks Yard,NG2 3BJ
Send it 100! @ Pitt St. Skatepark,2026-09-19,2026-09-19 11:00:00+00:00,2026-09-20 23:00:00+00:00,Pitt St Skatepark,PO1 4AY
PAUL VAN DYK Open Air | Trancecoda X Groovebox X Shine at Binks,2026-09-19,2026-09-19 14:00:00+00:00,2026-09-19 22:00:00+00:00,Binks Yard,NG2 3BJ
Colne Cricket Club Music Festival 2026,2026-09-19,2026-09-19 12:00:00+00:00,2026-09-19 20:00:00+00:00,Colne Cricket Club,BB8 0RF
Sex Pistols Exposé/ Lizzie & The Banshees/ Clashed/ Damned Ruts,2026-09-19,2026-09-19 17:00:00+00:00,2026-09-20 01:00:00+00:00,Leeds Irish Centre,LS9 9NT
RNB MANIA | Hertford's R&B Festival,2026-09-19,2026-09-19 15:00:00+00:00,2026-09-19 23:00:00+00:00,"Dog And Whistle, Hertford",SG14 1AB
LEGACY outdoors summer closing party,2026-09-19,2026-09-19 14:00:00+00:00,2026-09-19 23:00:00+00:00,Eutopia,IG11 0DW
Back To The 90s Festival - Saturday 19th Sept - O2 Academy,2026-09-19,2026-09-19 19:00:00+00:00,2026-09-20 00:00:00+00:00,O2 Academy Bournemouth,BH1 4BH
Soultrane Festival,2026-09-19,2026-09-19 19:00:00+00:00,2026-09-20 00:00:00+00:00,Mandela Hall,BT7 1NF
Cookout - Rooftop Festival - Birmingham - XOYO,2026-09-26,2026-09-19 16:00:00+00:00,2026-09-19 22:00:00+00:00,XOYO Rooftop,B9 4AG
Allo Allo Weekend,2026-09-19,2026-09-19 14:00:00+00:00,2026-09-20 11:00:00+00:00,Mercure Gloucester Bowden Hall Hotel,GL4 8ED
Garristonbury 26,2026-09-20,2026-09-20 14:00:00+00:00,2026-09-20 22:30:00+00:00,The Garrison Barnsley,S70 2HZ
Liverpool Independent Freshers Fair 2026,2026-09-22,2026-09-22 11:00:00+00:00,2026-09-22 17:00:00+00:00,Einstein Bier Haus,L1 4AN
Deepdale Festival,2026-09-24,2026-09-24 17:00:00+00:00,2026-09-27 22:30:00+00:00,Deepdale Camping And Rooms,PE31 8DD
St George's Hall Beer Festival,2026-09-24,2026-09-24 16:00:00+00:00,2026-09-27 18:00:00+00:00,St George's Hall,L1 1JJ
Unfussy Festival: Morgan Seatree,2026-09-25,2026-09-25 15:00:00+00:00,2026-09-25 23:00:00+00:00,Gateshead International Stadium,NE10 0EF
Origins Festival,2026-09-25,2026-09-25 18:00:00+00:00,2026-09-26 23:30:00+00:00,Hereford Racecourse Roman Road Hereford HR4 9QU,HR4 9QU
Nottingham's Summer Fiesta 2026 | VAMOS X LA BOMBA | Binks Yard,2026-09-25,2026-09-25 16:00:00+00:00,2026-09-25 22:00:00+00:00,Binks Yard,NG2 3BJ
"Beyond Boundaries w/ Max Dean, Hybrid Minds, MK, Wilkinson +more",2026-09-26,2026-09-26 12:00:00+00:00,2026-09-26 22:00:00+00:00,Stanmer Park,BN1 9SE
Second Speed Accelerate Festival 2026,2026-09-26,2026-09-26 13:00:00+00:00,2026-09-26 23:00:00+00:00,Gateshead International Stadium,NE10 0EF
Ramsbottom Cricket Club Festival 2026,2026-09-26,2026-09-26 12:00:00+00:00,2026-09-26 21:30:00+00:00,Ramsbottom Cricket Club,BL0 0AT
Road to Nashville Indoor Rodeo Show | LAB11,2026-09-26,2026-09-26 14:00:00+00:00,2026-09-26 22:00:00+00:00,LAB11,B5 5NL
MCR ROCKS Family Festival 2026,2026-09-26,2026-09-26 00:00:00+00:00,2026-09-26 22:00:00+00:00,Clifton Cricket Club,M27 6NB
RNB MANIA | Newcastle's R&B Festival,2026-09-26,2026-09-26 15:00:00+00:00,2026-09-26 21:00:00+00:00,NX Newcastle,NE1 1SW
Cookout - Rooftop Festival - Birmingham - XOYO,2026-09-26,2026-09-26 16:00:00+00:00,2026-09-26 22:00:00+00:00,XOYO Rooftop,B9 4AG
"Oktoberfest | SWG3, Glasgow",2026-09-26,2026-09-26 12:00:00+00:00,2026-09-26 22:30:00+00:00,SWG3,G3 8QG
Allday Indie Indoor Festival - Margate,2026-09-26,2026-09-26 15:00:00+00:00,2026-09-26 20:00:00+00:00,Dreamland,CT9 1XJ
RNB MANIA | Southampton's R&B Festival,2026-09-26,2026-09-26 15:00:00+00:00,2026-09-26 21:00:00+00:00,EngineRooms,SO15 1GZ
R&B Rooftop Party - Saturday 26th September - Freight Brixton,2026-09-26,2026-09-26 17:00:00+00:00,2026-09-26 23:00:00+00:00,Freight Brixton,SW9 8JH
Founded On The Beach - Brighton,2026-09-26,2026-09-26 15:00:00+00:00,2026-09-26 22:00:00+00:00,Horizon,BN1 1NB
Homobloc 2026,2026-09-26,2026-09-26 17:00:00+00:00,2026-09-27 04:00:00+00:00,Depot Mayfield,M1 2PY
Float Along Festival,2026-09-26,2026-09-26 11:00:00+00:00,2026-09-26 23:00:00+00:00,"Various Venues, Sheffield",S2 2BT
Clubland Live Weekender 2026,2026-10-02,2026-10-02 18:00:00+00:00,2026-10-04 00:00:00+00:00,Winter Gardens,FY1 1HL
Woodland Dance Project - Edinburgh 2026,2026-10-03,2026-10-03 12:00:00+00:00,2026-10-03 23:00:00+00:00,Vogrie Country Park,EH23 4NU
"Oktoberfest | LiveHouse, Dundee | SATURDAY",2026-10-03,2026-10-03 12:00:00+00:00,2026-10-03 21:00:00+00:00,Live House Dundee,DD1 4EH
Country Club - Country Festival - Xoyo - Birmingham,2026-10-03,2026-10-03 17:00:00+00:00,2026-10-03 23:00:00+00:00,XOYO,B9 4AG
RAISE YOUR HORN FESTIVAL Saturday 03/10/26,2026-10-03,2026-10-03 15:30:00+00:00,2026-10-03 23:00:00+00:00,The Assembly Leamington,CV31 3NF
Cheshire Guitar Show,2026-10-04,2026-10-04 10:00:00+00:00,2026-10-04 15:00:00+00:00,Crewe Alexandra  Crewe CW2 6EB,CW2 6EB
Beyond The Music 2026,2026-10-07,2026-10-07 09:00:00+00:00,2026-10-09 23:45:00+00:00,Media City UK,M50 2eq
The Searchers and Hollies Experience,2026-10-08,2026-10-08 19:30:00+00:00,2026-10-08 22:00:00+00:00,Artrix,B60 1GN
SOS Weekender 2026,2026-10-09,2026-10-09 15:00:00+00:00,2026-10-11 03:00:00+00:00,Last Drop Village Hotel and Spa,BL7 9PZ
GLUESNORT: The Friday Night,2026-10-09,2026-10-09 19:30:00+00:00,2026-10-09 23:00:00+00:00,The Cab   Newport,NP20 4AB
Oktoberfest on the Common - Friday 9th Oct 2026,2026-10-09,2026-10-09 17:00:00+00:00,2026-10-09 23:00:00+00:00,Clapham Common,SW4 9AT
The Searchers and Hollies Experience,2026-10-09,2026-10-09 19:30:00+00:00,2026-10-09 22:00:00+00:00,The Terry O'Toole Theatre,LN6 9AX
Sounds of the 60s with The Zoots,2026-10-09,2026-10-09 19:30:00+00:00,2026-10-09 22:00:00+00:00,Cornerstone Arts Centre,OX11 7NE
"Girls Night Out | Freight Island, Manchester",2026-10-10,2026-10-10 14:00:00+00:00,2026-10-10 22:00:00+00:00,Freight Island,M1 2PZ
"Oktoberfest | Ultra Warehouse, Derby",2026-10-10,2026-10-10 13:00:00+00:00,2026-10-10 23:00:00+00:00,Ultra Warehouse,DE21 6HA
GLUESNORT: The Saturday,2026-10-10,2026-10-10 14:00:00+00:00,2026-10-10 23:00:00+00:00,LePub,NP20 1fw
Tigerfest 2026 Saturday/Sunday Combo,2026-10-10,2026-10-10 16:00:00+00:00,2026-10-11 20:00:00+00:00,The Rigger,ST5 1BT
Tigerfest 2026,2026-10-10,2026-10-10 16:00:00+00:00,2026-10-10 23:00:00+00:00,The Rigger Venue,ST5 1BT
Oktoberfest on the Common - Evening session - Sat 10th Oct 2026,2026-10-10,2026-10-10 18:00:00+00:00,2026-10-10 23:00:00+00:00,Clapham Common,SW4 9AT
Oktoberfest on the Common - Day session - Saturday 10th Oct 2026,2026-10-10,2026-10-10 11:00:00+00:00,2026-10-10 16:00:00+00:00,Clapham Common,SW4 9AT
The George Harrison Project,2026-10-10,2026-10-10 19:30:00+00:00,2026-10-10 22:00:00+00:00,The Seagull Theatre ,NR33 0JH
Allday Indie Indoor Festival - Liverpool,2026-10-10,2026-10-10 16:00:00+00:00,2026-10-10 21:00:00+00:00,Camp And Furnace,L1 0BY
Tigerfest 2026 Sunday Acoustic Wind Down,2026-10-11,2026-10-11 15:30:00+00:00,2026-10-11 20:00:00+00:00,The Artisan Tap,ST4 6AF
Goth City Festival 2026,2026-10-12,2026-10-12 19:30:00+00:00,2026-10-18 02:00:00+00:00,Leeds City Centre,LS1 4AF
The Golden Age of Brazilian Music - Live @The Blakehay Theatre,2026-10-13,2026-10-13 19:30:00+00:00,2026-10-13 21:00:00+00:00,The Blakehay Theatre,BS2 1JZ
The Searchers and Hollies Experience,2026-10-14,2026-10-14 19:30:00+00:00,2026-10-14 22:00:00+00:00,Norden Farm Centre For The Arts.,SL6 4PF
The Searchers and Hollies Experience,2026-10-15,2026-10-15 19:30:00+00:00,2026-10-15 22:00:00+00:00,"The Landmark Theatre, UK",EX34 9BZ
Sŵn Festival,2026-10-15,2026-10-15 11:00:00+00:00,2026-10-17 23:00:00+00:00,Cardiff City Centre,CF1 2hq
"Oktoberfest | Binks Yard, Nottingham",2026-10-16,2026-10-16 17:30:00+00:00,2026-10-17 22:00:00+00:00,Binks Yard,NG2 3BJ
"Future Days w/ Working Men's Club, Ulrika Spacek & more",2026-10-16,2026-10-16 19:00:00+00:00,2026-10-16 23:30:00+00:00,The Crossing Digbeth,B5 5SU
Oktoberfest on the Common - Friday 16th Oct 2026,2026-10-16,2026-10-16 17:00:00+00:00,2026-10-16 23:00:00+00:00,Clapham Common,SW4 9AT
Sounds of the 60s with The Zoots,2026-10-16,2026-10-16 19:30:00+00:00,2026-10-16 22:00:00+00:00,The Beehive,EX14 1LZ
"Future Days w/ Adult DVD, Gans, Pebbledash, Personal Trainer +",2026-10-17,2026-10-17 15:00:00+00:00,2026-10-17 23:30:00+00:00,The Crossing Digbeth,B5 5SU
"Oktoberfest | Boxpark, Liverpool",2026-10-17,2026-10-17 12:00:00+00:00,2026-10-17 22:00:00+00:00,Boxpark Liverpool,L8 5XJ
Oktoberfest on the Common - Day session - Saturday 17th Oct 2026,2026-10-17,2026-10-17 11:00:00+00:00,2026-10-17 16:00:00+00:00,Clapham Common,SW4 9AT
Oktoberfest on the Common - Evening session - Sat 17th Oct 2026,2026-10-17,2026-10-17 18:00:00+00:00,2026-10-17 23:00:00+00:00,Clapham Common,SW4 9AT
Allday Indie Indoor Festival - London,2026-10-17,2026-10-17 17:00:00+00:00,2026-10-17 22:00:00+00:00,Boxpark Wembley,HA9 0JT
Sounds of the 60s,2026-10-17,2026-10-17 19:30:00+00:00,2026-10-17 22:00:00+00:00,Cheltenham Playhouse Theatre,GL53 7HG
Circu5 at Summer's End Festival,2026-10-18,2026-10-18 12:00:00+00:00,2026-10-18 22:30:00+00:00,Chepstow Drill Hall,NP16 5HJ
Rock am River 2026,2026-10-23,2026-10-23 17:15:00+00:00,2026-10-24 22:15:00+00:00,The New Continental,PR1 8JP
Oktoberfest on the Common - Friday 23rd Oct 2026,2026-10-23,2026-10-23 17:00:00+00:00,2026-10-23 23:00:00+00:00,Clapham Common,SW4 9AT
Mutations Festival,2026-10-23,2026-10-23 11:00:00+00:00,2026-10-24 23:00:00+00:00,"Multiple Venues, Brighton",BN1 1NJ
Inverness Goes Large!,2026-10-24,2026-10-24 15:00:00+00:00,2026-10-24 23:00:00+00:00,Inverness Leisure Centre,IV3 5SS
"Oktoberfest | Keele SU, Stoke | SATURDAY",2026-10-24,2026-10-24 15:00:00+00:00,2026-10-25 00:30:00+00:00,Keele SU (Keele University Students' Union),ST5 5BJ
Oktoberfest on the Common - Evening session - Sat 24th Oct 2026,2026-10-24,2026-10-24 18:00:00+00:00,2026-10-24 23:00:00+00:00,Clapham Common,SW4 9AT
Oktoberfest on the Common - Day session - Saturday 24th Oct 2026,2026-10-24,2026-10-24 11:00:00+00:00,2026-10-24 16:00:00+00:00,Clapham Common,SW4 9AT
Margate Rock Festival,2026-10-24,2026-10-24 11:00:00+00:00,2026-10-24 23:00:00+00:00,Dreamland,CT9 1XJ
Sounds of the 70s,2026-10-29,2026-10-29 20:00:00+00:00,2026-10-29 22:00:00+00:00,The Spring Arts And Heritage Centre,PO9 1BS
Second Speed Accelerate: VIEZE ASBAK  (ALL DAY LONG),2026-10-30,2026-10-30 16:30:00+00:00,2026-10-30 23:00:00+00:00,Gateshead International Stadium,NE10 0EF
FearFest 2026,2026-10-30,2026-10-30 17:00:00+00:00,2026-10-31 02:00:00+00:00,Sheffield TBA (Venue Announced Soon),S60 1DD
Revenant IV - Whitby Goth Weekend (WGW) - Autumn,2026-10-30,2026-10-30 18:00:00+00:00,2026-11-01 23:45:00+00:00,Royal Hotel Whitby,YO21 3HA
Tomorrow's Ghosts Festival,2026-10-30,2026-10-30 11:00:00+00:00,2026-10-31 23:00:00+00:00,Whitby Pavilion,YO21 3EN
Run Away Halloween 2026 - Chelmsford Racecourse Essex,2026-10-31,2026-10-31 12:00:00+00:00,2026-10-31 22:30:00+00:00,Chelmsford Racecourse,CM3 1QP
Ben Hemsley & Ewan McVicar Halloween Day -  Newcastle,2026-10-31,2026-10-31 13:30:00+00:00,2026-10-31 23:00:00+00:00,Gateshead Stadium,NE10 0EF
Sidewinder Halloween Festival 2026,2026-10-31,2026-10-31 16:00:00+00:00,2026-11-01 04:00:00+00:00,Bowlers Exhibition Centre,M17 1SN
Zombie Fest 9 - East Anglia's Biggest Indoor Halloween Festival,2026-10-31,2026-10-31 15:00:00+00:00,2026-10-31 23:00:00+00:00,"Cambridge Junction, England",CB1 7GX
Deaf Rave Festival 2026 - Daytime,2026-10-31,2026-10-31 11:00:00+00:00,2026-10-31 17:00:00+00:00,Rich Mix,E1 6LA
Sex Pistols Exposé/Lizzie & The Banshees/Clashed/We'll be Damned,2026-10-31,2026-10-31 17:00:00+00:00,2026-10-31 23:45:00+00:00,The Hairy Dog,DE1 1HT
ScareFest 2026 - Silent Disco,2026-10-31,2026-10-31 16:00:00+00:00,2026-10-31 22:00:00+00:00,Hangar 34,L1 0BS
Rabidfest,2026-10-31,2026-10-31 11:00:00+00:00,2026-11-01 23:00:00+00:00,The Bullingdon,OX4 1UE
Pitchfork Music Festival London,2026-11-02,2026-11-02 11:00:00+00:00,2026-11-08 23:00:00+00:00,"Multiple Venues, London",SW18 2DY
Hard Rock Hell,2026-11-04,2026-11-04 11:00:00+00:00,2026-11-08 23:00:00+00:00,Vauxhall Holiday Park,NR30 1TB
We Call it Dance Weekender,2026-11-06,2026-11-06 14:00:00+00:00,2026-11-09 10:00:00+00:00,Butlins,PE25 1NJ
"Whitby Blues, Rhythm & Rock Festival",2026-11-06,2026-11-06 11:00:00+00:00,2026-11-08 23:00:00+00:00,Whitby Pavilion,YO21 3EN
All Back To Minehead,2026-11-06,2026-11-06 11:00:00+00:00,2026-11-09 23:00:00+00:00,Butlins Resort,TA24 5SH
Damnation 2026,2026-11-07,2026-11-07 11:00:00+00:00,2026-11-08 23:45:00+00:00,BEC Arena,M17 1SN
Exchange Takeover,2026-11-07,2026-11-07 12:30:00+00:00,2026-11-07 22:00:00+00:00,Exchange Bristol,BS2 0EJ
Reading Rising 2026,2026-11-07,2026-11-07 12:00:00+00:00,2026-11-08 23:00:00+00:00,The FaceBar,RG1 7JE
Shiiine On Weekender - Minehead,2026-11-13,2026-11-13 11:00:00+00:00,2026-11-15 23:00:00+00:00,Butlins Minehead Resort,TA24 5SH
EFG London Jazz Festival,2026-11-18,2026-11-18 11:00:00+00:00,2026-11-22 23:00:00+00:00,Southbank Centre,SE1 8XX
Loud & Clear,2026-11-21,2026-11-21 15:00:00+00:00,2026-11-21 23:00:00+00:00,Multiple Venues,L1 4BE
RNB MANIA | Brighton's R&B Festival,2026-11-21,2026-11-21 15:00:00+00:00,2026-11-21 21:00:00+00:00,Quarters Brighton,BN1 1NB
Lincs Fest,2026-11-27,2026-11-27 18:00:00+00:00,2026-11-27 23:00:00+00:00,The Engine Shed,LN6 7TS
Novacaine Festival 2026,2026-11-28,2026-11-28 13:00:00+00:00,2026-11-28 23:00:00+00:00,Corporation Sheffield,S1 4JU
The George Harrison Project,2026-11-28,2026-11-28 19:30:00+00:00,2026-11-28 22:00:00+00:00,"The Mill Arts Centre, Banbury",OX16 5QE
The George Harrison Project,2026-11-29,2026-11-29 18:00:00+00:00,2026-11-29 20:30:00+00:00,The Exchange ,TW1 1BE
Strictly Bangerz Indoor Winter Festival,2026-12-04,2026-12-04 21:00:00+00:00,2026-12-05 03:00:00+00:00,SWG3,G3 8QG
Sounds of the 70s,2026-12-04,2026-12-04 19:30:00+00:00,2026-12-04 22:00:00+00:00,The Regent Christchurch,BH23 1AS
Bloodstock Winter Gathering,2026-12-05,2026-12-05 11:00:00+00:00,2026-12-05 23:00:00+00:00,KK's Steel Mill,WV2 4DU
The Ho Ho Hoedown 2026 - Country Christmas Festival,2026-12-11,2026-12-11 14:45:00+00:00,2026-12-13 04:00:00+00:00,Norbreck Castle Hotel,FY2 9AA
"VIOLENT NIGHT - The Bread Shed, Manchester",2026-12-12,2026-12-12 12:00:00+00:00,2026-12-13 22:30:00+00:00,The Bread Shed,M1 7HL
Christmas Brunch Festival,2026-12-12,2026-12-12 11:30:00+00:00,2026-12-12 15:00:00+00:00,BALLIN' Maidstone,ME14 1SD
The George Harrison Project,2026-12-12,2026-12-12 19:30:00+00:00,2026-12-12 22:00:00+00:00,The Stag Plaza,TN13 1ZZ
The Christmas Tree Murder Mystery,2026-12-13,2026-12-13 19:00:00+00:00,2026-12-13 22:30:00+00:00,ARTA,G1 1PA
Moon Festival 2026 [New Year's Eve],2026-12-31,2026-12-31 18:00:00+00:00,2027-01-01 03:00:00+00:00,Sawmills,BS5 0TN
The George Harrison Project,2027-01-16,2027-01-16 19:30:00+00:00,2027-01-16 22:00:00+00:00,"Millfield Theatre, UK",N18 1PJ
The George Harrison Project,2027-01-22,2027-01-22 19:30:00+00:00,2027-01-22 22:00:00+00:00,Guildhall Arts Centre,NG31 6PZ
OUTLOUD! Festival - Manchester,2027-01-23,2027-01-23 14:30:00+00:00,2027-01-23 22:00:00+00:00,The Deaf Institute,M1 7HE
Rock the Gardens,2027-01-29,2027-01-29 11:00:00+00:00,2027-01-30 23:00:00+00:00,Winter Gardens Blackpool,FY1 1HL
The George Harrison Project,2027-01-30,2027-01-30 19:30:00+00:00,2027-01-30 22:00:00+00:00,The Deco,NN1 4AE
Sounds of the 60s,2027-02-12,2027-02-12 19:30:00+00:00,2027-02-12 22:00:00+00:00,The Lights,SP10 1AH
60's & 70's Music Weekender,2027-03-05,2027-03-05 18:30:00+00:00,2027-03-07 23:00:00+00:00,Shorefield Caravan Park,SO41 0LH
Southport Weekender,2027-03-05,2027-03-05 11:00:00+00:00,2027-03-07 23:00:00+00:00,Butlins Bognor Regis Resort,PO21 1JJ
Hospitality Weekender 2027,2027-03-12,2027-03-12 14:00:00+00:00,2027-03-15 10:00:00+00:00,Butlins Bognor Regis Resort,PO21 1JJ
Country to Country - Manchester,2027-03-12,2027-03-12 11:00:00+00:00,2027-03-14 23:00:00+00:00,Manchester AO Arena,M1 1AD
Country to Country - Glasgow,2027-03-12,2027-03-12 11:00:00+00:00,2027-03-14 23:00:00+00:00,OVO Hydro,G3 8YW
Country to Country - London,2027-03-12,2027-03-12 11:00:00+00:00,2027-03-14 23:00:00+00:00,The O2,SE10 0DX
Manchester Punk Festival,2027-03-26,2027-03-26 11:00:00+00:00,2027-03-28 23:00:00+00:00,"Multiple Venues, Northern Quarter",M4 1HP
Stockton Callilng,2027-03-27,2027-03-27 11:00:00+00:00,2027-03-27 23:00:00+00:00,ARC Stockton Arts Centre,TS18 1LL
Scarborough Punk Festival,2027-04-03,2027-04-03 11:00:00+00:00,2027-04-04 23:00:00+00:00,Scarborough Spa,YO11 2HD
This Feeling By The Sea,2027-04-09,2027-04-09 15:00:00+00:00,2027-04-10 23:00:00+00:00,Bridlington Spa,YO15 3JH
Jack up the 60s,2027-04-17,2027-04-17 19:30:00+00:00,2027-04-17 22:00:00+00:00,"Shanklin Theatre, UK",PO37 6AJ
Bonfest 2027,2027-04-30,2027-04-30 11:00:00+00:00,2027-05-02 23:00:00+00:00,Bonfest Festival Site Kirriemuir DD8 5PU,DD8 5PU
Live in Loch Goil 2027,2027-04-30,2027-04-30 17:00:00+00:00,2027-05-02 22:30:00+00:00,Lochgoilhead Village Hall,PA24 8AQ
Blackpool Young Farmers DIY AGM 2027,2027-04-30,2027-04-30 12:00:00+00:00,2027-05-02 22:00:00+00:00,Olympia Winter Gardens,FY1 1HL
Shuffley Daze Music Festival,2027-04-30,2027-04-30 11:00:00+00:00,2027-05-03 13:00:00+00:00,Three Pools,NP7 8NL
Teddy Rocks Festival,2027-04-30,2027-04-30 11:00:00+00:00,2027-05-02 23:00:00+00:00,Charisworth Farm Cottage,DT11 9AL
Mint Festival 2027,2027-05-01,2027-05-01 10:00:00+00:00,2027-05-02 22:00:00+00:00,Newsam Green Farm,LS15 9AD
Manchester Forever,2027-05-01,2027-05-01 14:00:00+00:00,2027-05-01 23:45:00+00:00,Bowlers Exhibition Centre,M17 1SN
BACK IN TIME Festival 2027,2027-05-01,2027-05-01 12:00:00+00:00,2027-05-01 22:00:00+00:00,ESHER RUGBY CLUB,KT12 3PF
Brixton Disco Festival 2027,2027-05-01,2027-05-01 14:00:00+00:00,2027-05-02 02:00:00+00:00,Multiple Venues Brixton,SW2 1EF
Pavilion Festival 2027,2027-05-01,2027-05-01 12:00:00+00:00,2027-05-01 22:30:00+00:00,Low Green Ayr,KA7 1DR
Wanderlust Festival Southhampton,2027-05-01,2027-05-01 11:00:00+00:00,2027-05-02 23:00:00+00:00,Multi Venue Southampton,SO14 1JX
Pavilion Festival 2027,2027-05-02,2027-05-02 12:00:00+00:00,2027-05-02 22:30:00+00:00,Low Green Ayr,KA7 1DR
Groovebox In The Park 2027,2027-05-02,2027-05-02 13:00:00+00:00,2027-05-02 23:00:00+00:00,Venue TBA,NG8 2AE
The Great Escape,2027-05-12,2027-05-12 11:00:00+00:00,2027-05-15 23:00:00+00:00,Brighton Dome And Various Venues,BN1 1UE
One Drop Reggae & Ska Festival,2027-05-21,2027-05-21 16:00:00+00:00,2027-05-22 23:00:00+00:00,The Country Park,HU13 0HB
Manchester Jazz Festival,2027-05-21,2027-05-21 11:00:00+00:00,2027-05-30 23:00:00+00:00,First Street Bar And Kitchen,M15 4RP
Cafe Mambo Ibiza Classics at Coombe Abbey 2027,2027-05-22,2027-05-22 13:00:00+00:00,2027-05-22 23:00:00+00:00,Coombe Abbey ,CV3 2AB
Bearded Theory,2027-05-26,2027-05-26 11:00:00+00:00,2027-05-30 23:00:00+00:00,Catton Hall,DE12 8LN
Buckle & Boots Country Festival,2027-05-27,2027-05-27 11:00:00+00:00,2027-05-30 23:00:00+00:00,Whitebottom Farm,SK6 5JQ
Hay Festival,2027-05-27,2027-05-27 11:00:00+00:00,2027-06-06 23:00:00+00:00,Dairy Meadows,HR3 5PJ
Ascendancy Festival,2027-05-27,2027-05-27 11:00:00+00:00,2027-05-31 23:00:00+00:00,Thornborough Events,B38 9EH
Buckle & Boots Country Festival,2027-05-27,2027-05-27 11:00:00+00:00,2027-05-30 23:00:00+00:00,Etherow Country Park,SK6 5JD
Call Of The Wild Festival,2027-05-27,2027-05-27 11:00:00+00:00,2027-05-30 23:00:00+00:00,Lincolnshire Showground,LN2 2NA
In It Together 2027,2027-05-28,2027-05-28 12:00:00+00:00,2027-05-30 23:45:00+00:00,Old Park Farm Margam In Port Talbot,SA13 2TG
Coalesce Festival 2027,2027-05-28,2027-05-28 13:00:00+00:00,2027-05-31 02:00:00+00:00,Three Pools,NP7 8NL
The Beat Goes On.... 2027,2027-05-28,2027-05-28 12:00:00+00:00,2027-05-31 12:00:00+00:00,Oxwick Farm,BS37 6PA
TN90's Festival Tonbridge 2027,2027-05-28,2027-05-28 16:00:00+00:00,2027-05-31 19:00:00+00:00,Tonbridge Race Course,TN9 1HR
Country In The Country 2027 - ELY,2027-05-28,2027-05-28 17:00:00+00:00,2027-05-28 23:00:00+00:00,Ely Secret Venue (TBA),CB7 4BB
Little Fields Festival: 2027,2027-05-28,2027-05-28 08:30:00+00:00,2027-05-31 03:00:00+00:00,Secret Venue Wales,NP7 8NL
Meadow Fest,2027-05-28,2027-05-28 14:30:00+00:00,2027-05-30 23:00:00+00:00,"Rangers Lodge, Cornbury Park,",OX7 3HL
The Big Retreat Festival,2027-05-28,2027-05-28 11:00:00+00:00,2027-05-31 23:00:00+00:00,The Big Retreat Wales,SA68 0PW
Shindig Festival,2027-05-28,2027-05-28 11:00:00+00:00,2027-05-30 23:00:00+00:00,Charlton Park Estate,SN16 9LL
Bournemouth7s Festival,2027-05-28,2027-05-28 11:00:00+00:00,2027-05-30 23:00:00+00:00,Bournemouth University Sports Campus,BH23 6BL
Meadow Fest,2027-05-28,2027-05-28 11:00:00+00:00,2027-05-30 23:00:00+00:00,The Big Park,HP7 0PL
Run Away Festival 2027 - Bank Hol Sat 29 & Sun 30 May - Essex,2027-05-29,2027-05-29 12:00:00+00:00,2027-05-30 22:30:00+00:00,Chelmsford Racecourse,CM3 1QP
The Gathering 2027,2027-05-29,2027-05-29 11:30:00+00:00,2027-05-29 22:30:00+00:00,Inverness Northern Meeting Park,IV3 5NN
The Invasion: 5.0 - A New Dawn,2027-05-29,2027-05-29 13:00:00+00:00,2027-05-29 23:00:00+00:00,***Secret Location***,B1 1AA
The Essex Ska & Reggae Festival 2027,2027-05-29,2027-05-29 14:00:00+00:00,2027-05-29 23:30:00+00:00,Harlow Rugby Club,CM20 3FD
Vernon Carus Britpop Weekender 2027,2027-05-29,2027-05-29 17:00:00+00:00,2027-05-30 23:00:00+00:00,Vernon Carus Sports Club,PR1 9SN
Field Day,2027-05-29,2027-05-29 11:00:00+00:00,2027-05-29 23:00:00+00:00,Brockwell Park   London,SE24 0NG
Benisoul  Blackpool  Comedy Carpet 2027,2027-05-29,2027-05-29 12:00:00+00:00,2027-05-30 18:00:00+00:00,The Blackpool Tower,FY1 4BJ
Dot To Dot Festival,2027-05-29,2027-05-29 11:00:00+00:00,2027-05-30 23:00:00+00:00,Bristol And Nottingham (Multiple Venues),BS1 5NA
Godskitchen XXX : Birmingham,2027-05-30,2027-05-30 14:00:00+00:00,2027-05-31 04:00:00+00:00,The Digbeth Triangle,B9 4AG
Groove is in the Park 2027,2027-05-30,2027-05-30 14:00:00+00:00,2027-05-30 22:30:00+00:00,Harlow Rugby Club,CM20 3FD
Land Beyond Festival 2027,2027-05-30,2027-05-30 12:00:00+00:00,2027-05-30 22:00:00+00:00,East Brighton Park,BN2 5PB
Ely Fest - Family Festival 2027,2027-05-30,2027-05-30 12:00:00+00:00,2027-05-30 18:00:00+00:00,Ely Secret Venue (TBA),CB7 4BB
Country Club - Outdoor Country Music Festival 2027 - Chelmsford,2027-05-30,2027-05-30 14:00:00+00:00,2027-05-30 22:00:00+00:00,Wheelers Farm ,CM3 3LZ
"Love the 90s Festival 2027|Elvaston Castle, Derby",2027-05-30,2027-05-30 13:00:00+00:00,2027-05-30 23:00:00+00:00,Elvaston Castle Country Park,DE72 3EP
City Splash 2027,2027-05-31,2027-05-31 12:00:00+00:00,2027-05-31 22:00:00+00:00,Brockwell Park,SE24 0NG
Wychwood Festival,2027-06-04,2027-06-04 11:00:00+00:00,2027-06-06 23:00:00+00:00,Cheltenham Racecourse,GL50 4SH
Glorious Day Festival 2027,2027-06-05,2027-06-05 13:00:00+00:00,2027-06-05 22:30:00+00:00,Hove Lawns,BN3 2PE
Terminal V Festival 2027,2027-06-05,2027-06-05 12:00:00+00:00,2027-06-06 22:30:00+00:00,Outdoor Industrial Location TBA,G1 3SJ
LOADED : Music Festival,2027-06-05,2027-06-05 12:00:00+00:00,2027-06-05 22:00:00+00:00,Ratby Sports Club,LE6 0LE
Stories In The Park 2027,2027-06-05,2027-06-05 12:00:00+00:00,2027-06-05 22:30:00+00:00,Palmer Park,RG1 3PE
Road to Nashville Outdoor Festival 2027 | Elvaston Castle,2027-06-05,2027-06-05 13:00:00+00:00,2027-06-05 23:00:00+00:00,Elvaston Castle Country Park,DE72 3EP
Download Festival,2027-06-09,2027-06-09 11:00:00+00:00,2027-06-13 23:00:00+00:00,Raceway Fields And Forest Donington Park,DE74 2RP
WMF 2027 - Our 21st Birthday,2027-06-11,2027-06-11 17:00:00+00:00,2027-06-12 23:00:00+00:00,The Leys Recreational Park,OX28 4AR
Goodlife Festival 2027,2027-06-12,2027-06-12 12:00:00+00:00,2027-06-12 23:00:00+00:00,Harewood House,LS17 9LG
Summer Fest at the Beach 2027,2027-06-12,2027-06-12 11:00:00+00:00,2027-06-13 22:00:00+00:00,Weston Super Mare Beach,BS23 1AL
Makemake Brewing Co. Presents: Far Out Festival,2027-06-12,2027-06-12 12:00:00+00:00,2027-06-12 23:00:00+00:00,Pitt St Indoor Skatepark,PO1 4AY
Earlham Park Tribute Festival 2027,2027-06-12,2027-06-12 12:00:00+00:00,2027-06-12 23:00:00+00:00,Earlham Park,NR4 7TQ
"Rum & Reggae Fest 2027| Elvaston Castle, Derby",2027-06-12,2027-06-12 13:00:00+00:00,2027-06-12 23:00:00+00:00,Elvaston Castle Country Park,DE72 3EP
GemFest 2027,2027-06-17,2027-06-17 12:00:00+00:00,2027-06-21 00:00:00+00:00,Charlton Park Estate,SN16 9LL
Loverocks Classic Rock and Blues Festival X,2027-06-17,2027-06-17 17:00:00+00:00,2027-06-19 23:30:00+00:00,St Leonards Farm Caravan And Camping Park,BH22 0AQ
Towerfest Country Music Festival,2027-06-17,2027-06-17 11:00:00+00:00,2027-06-20 23:00:00+00:00,Drax Sports And Social Club,YO8 8PJ
Isle of Wight Festival,2027-06-17,2027-06-17 11:00:00+00:00,2027-06-20 23:00:00+00:00,Seaclose Park,PO30 1UD
Silverburn Festival 2027,2027-06-18,2027-06-18 17:00:00+00:00,2027-06-19 23:00:00+00:00,Silverburn Park,KY8 5PU
Daresbury Festival 2027,2027-06-19,2027-06-19 12:00:00+00:00,2027-06-19 23:00:00+00:00,Walton Hall And Gardens ,WA4 6SN
Killin Music Festival,2027-06-19,2027-06-19 11:00:00+00:00,2027-06-20 23:00:00+00:00,McLaren Hall,FK21 8TN
Leyland Festival,2027-06-19,2027-06-19 11:00:00+00:00,2027-06-19 23:00:00+00:00,Worden Park,PR25 1DJ
Glastonbury,2027-06-23,2027-06-23 11:00:00+00:00,2027-06-27 23:00:00+00:00,Worthy Farm Pilton,BA4 4BY
Liverpool Soul Weekender 2027,2027-06-24,2027-06-24 18:00:00+00:00,2027-06-28 01:00:00+00:00,Various Liverpool Venues,L1 1AA
Symphonic Ibiza - KNOWLE - Friday 25th June 2027,2027-06-25,2027-06-25 17:30:00+00:00,2027-06-25 22:30:00+00:00,Knowle Park Longdon Road,B93 9HT
Heartland Festival,2027-06-25,2027-06-25 11:00:00+00:00,2027-06-27 23:00:00+00:00,Pitlochry Recreation Ground,PH16 5DZ
Restricted Forest 2027,2027-06-26,2027-06-26 13:00:00+00:00,2027-06-26 23:00:00+00:00,Orrell Hill Woods,L38 5DA
Knowle Party In The Park 2027,2027-06-26,2027-06-26 11:00:00+00:00,2027-06-26 22:30:00+00:00,Knowle Park Longdon Road,B93 9HT
Granite City Festival 2027,2027-06-26,2027-06-26 12:00:00+00:00,2027-06-26 23:00:00+00:00,Hazelhead Park,AB15 1AA
Chichester's Biggest Ever Summer House Music Festival,2027-06-26,2027-06-26 14:00:00+00:00,2027-06-26 22:00:00+00:00,Crouchers Orchards,PO20 7EH
Lytham Festival,2027-06-30,2027-06-30 11:00:00+00:00,2027-07-04 23:00:00+00:00,Lytham Green,FY8 5LB
ECLIPSE - Windsor Racecourse,2027-07-02,2027-07-02 16:00:00+00:00,2027-07-02 22:30:00+00:00,Windsor Racecourse,SL4 5jj
Love Supreme Jazz Festival,2027-07-02,2027-07-02 11:00:00+00:00,2027-07-04 23:00:00+00:00,Glynde Place,BN8 6SX
Morley Music Festival 2027,2027-07-03,2027-07-03 12:00:00+00:00,2027-07-03 21:30:00+00:00,Morley Rugby Club,LS27 0JJ
doof in the Park 2027,2027-07-03,2027-07-03 13:00:00+00:00,2027-07-03 23:00:00+00:00,Location TBA,DD1 3AD
Celestry 2027,2027-07-03,2027-07-03 13:00:00+00:00,2027-07-03 22:30:00+00:00,Royal Windsor Racecourse,SL4 5JJ
Hartbeat Music Festival VIP Area,2027-07-10,2027-07-10 12:00:00+00:00,2027-07-10 21:00:00+00:00,"Hartham Common, Hertford",SG13 7AH
Livefields Festival 2027,2027-07-10,2027-07-10 12:00:00+00:00,2027-07-10 23:00:00+00:00,Oakwell Hall Country Park,WF17 9LG
The Brit Fest 2027,2027-07-15,2027-07-15 18:00:00+00:00,2027-07-18 23:00:00+00:00,Ashley Hall Showground Altrincham WA14 3QA,WA14 3QA
Show Of Hands,2027-07-16,2027-07-16 08:00:00+00:00,2027-07-19 04:00:00+00:00,Gilcombe Farm,BA10 0QE
Noisy Weekender 2027,2027-07-16,2027-07-16 15:00:00+00:00,2027-07-18 22:00:00+00:00,Archive Liverpool,L8 5XJ
Nat20:27,2027-07-23,2027-07-23 12:00:00+00:00,2027-07-26 13:00:00+00:00,NAEC Stoneleigh,CV8 2LZ
INJM Fest,2027-08-21,2027-08-21 12:00:00+00:00,2027-08-21 22:00:00+00:00,Eternit Sport And Social Club,SG8 5RL
Street Eat N Beats Festival 2027,2027-09-11,2027-09-11 12:00:00+00:00,2027-09-11 22:30:00+00:00,"Central Park, Chelmsford",Cm2 0RW
Sounds of the 60s,2027-09-11,2027-09-11 19:30:00+00:00,2027-09-11 22:00:00+00:00,"Princes Theatre, Clacton On Sea, Essex",CO15 1SE
Sounds of the 60s,2027-09-17,2027-09-17 19:30:00+00:00,2027-09-17 22:00:00+00:00,"The Mill Arts Centre, Banbury",OX16 5QE
Sounds of the 60s,2027-10-17,2027-10-17 19:30:00+00:00,2027-10-17 22:00:00+00:00,Theatre Royal Winchester,SO23 8SB
Strange Day + Strange Manchester after party,2027-11-27,2027-11-27 17:00:00+00:00,2027-11-28 02:00:00+00:00,Grafton Arms,M13 9WU
