eventname,date,startdate,enddate,venue_name,postcode,longitude,latitude,isWeekend
Bredy Reunion,2026-07-09,2026-07-09 10:00:00+00:00,2026-07-11 23:45:00+00:00,Bredy Farm,DT6 4ND,-2.697653,50.703545,False
Bradford Literature Festival,2026-07-09,2026-07-09 09:00:00+00:00,2026-07-09 22:00:00+00:00,University Of Bradford,BD7 1DP,-1.762129,53.791699,False
British Summer Time,2026-06-27,2026-06-27 11:00:00+00:00,2026-07-12 23:00:00+00:00,"The Hyde Park, St Neots",PE19 1AJ,-0.2564718,52.2360968,True
Eskfest,2026-07-09,2026-07-09 11:00:00+00:00,2026-07-11 23:00:00+00:00,The Woolpack Inn,CA19 1TH,-3.249126,54.397677,False
2000trees Festival,2026-07-08,2026-07-08 12:00:00+00:00,2026-07-11 23:00:00+00:00,Upcote Farm,GL54 4bl,-1.969645,51.84277199,False
Gosport Sunset Festival 2026,2026-07-09,2026-07-09 15:30:00+00:00,2026-07-12 23:00:00+00:00,Walpole Park,PO12 1NH,-1.127924,50.794255,False
Into the Woods festival 2026,2026-07-10,2026-07-10 12:00:00+00:00,2026-07-11 23:45:00+00:00,Piercefield Park,NP16 6BE,-2.696656,51.665725,False
90s & 00s Nation Summer Fest,2026-07-10,2026-07-10 16:00:00+00:00,2026-07-10 23:00:00+00:00,Harrow Lodge Park,RM12 4PL,0.1953171,51.5546094,False
Shut The Funk Up,2026-07-10,2026-07-10 12:00:00+00:00,2026-07-12 23:00:00+00:00,THE GRANGE,KT113QJ,-0.3822739,51.3041621,False
90s Fest 2026,2026-07-10,2026-07-10 17:00:00+00:00,2026-07-12 23:00:00+00:00,Don Valley Bowl,S9 5DP,-1.4253059,53.395413,False
"Hopfest 2026 - Preston Grasshoppers Beer, Gin and Music Festival",2026-07-10,2026-07-10 16:00:00+00:00,2026-07-11 23:00:00+00:00,Preston Grasshoppers Rugby Football Club,PR4 0AP,-2.7332507,53.7972256,False
Rock the Castle - Weekender,2026-07-10,2026-07-10 17:30:00+00:00,2026-07-11 22:30:00+00:00,Flint Castle,CH6 5NG,-3.130958,53.25087,False
In the Park Newcastle presents Paul Weller,2026-07-10,2026-07-10 17:00:00+00:00,2026-07-10 22:00:00+00:00,Exhibition Park,NE2 4PZ,-1.616,54.985,False
Secret Garden Series with Chicane,2026-07-10,2026-07-10 18:00:00+00:00,2026-07-10 23:00:00+00:00,The Hobbit Pub,SO14 0JZ,-1.3951723,50.9187961,False
Sound Factory Festival,2026-07-10,2026-07-10 17:00:00+00:00,2026-07-12 02:00:00+00:00,Depo Plymouth,PL1 3LU,-4.1500095,50.3697274,False
Cheadle Carnival Presents Dance Fest!,2026-07-10,2026-07-10 17:00:00+00:00,2026-07-10 23:00:00+00:00,Tean Road Recreation Ground,ST10 1LG,-1.985775,52.982365,False
District 11,2026-07-10,2026-07-10 16:00:00+00:00,2026-07-11 23:45:00+00:00,Babylon Farm,DE55 4NG,-1.3506911,53.0810642,False
Mario Bakuna Band - Live @Buxton International Festival 2026,2026-07-10,2026-07-10 20:00:00+00:00,2026-07-10 21:15:00+00:00,Buxton Opera House,SK17 6XN,-1.917145,53.258327,False
Tiree Music Festival,2026-07-10,2026-07-10 11:00:00+00:00,2026-07-12 23:00:00+00:00,Crossapol,PA77 6UP,-6.8855167,56.4964726,False
Freerotation,2026-07-10,2026-07-10 11:00:00+00:00,2026-07-12 23:00:00+00:00,BASKERVILLE HALL,HR3 5LE,-3.156827,52.078674,False
"Mostly Jazz, Funk and Soul Festival",2026-07-10,2026-07-10 11:00:00+00:00,2026-07-12 23:00:00+00:00,Moseley Park,B13 8DD,-1.8884011,52.4470875,False
Bradford Literature Festival,2026-07-10,2026-07-10 09:00:00+00:00,2026-07-10 22:00:00+00:00,University Of Bradford,BD7 1DP,-1.762129,53.791699,False
Boogietown 2026,2026-07-11,2026-07-11 12:00:00+00:00,2026-07-11 22:30:00+00:00,Apps Court Farm,KT12 2EG,-0.398555,51.401763,True
Lost Minds,2026-07-11,2026-07-11 11:00:00+00:00,2026-07-11 23:00:00+00:00,Exhibition Park,NE2 4PZ,-1.616,54.985,True
Essex Summer Fest,2026-07-11,2026-07-11 12:00:00+00:00,2026-07-12 22:30:00+00:00,Harrow Lodge Park,RM12 4QU,0.198226,51.5557438,True
Fisher 2026 | Silverworks Island,2026-07-11,2026-07-11 14:00:00+00:00,2026-07-11 22:30:00+00:00,Silverworks Island,E16 2BU,0.0364741,51.504667,True
Summer Sound Music Festival,2026-07-11,2026-07-11 12:00:00+00:00,2026-07-12 18:00:00+00:00,Guisborough Rugby Club,TS14 7BB,-1.0479995,54.5310953,True
Livefields Festival 2026,2026-07-11,2026-07-11 12:00:00+00:00,2026-07-11 23:00:00+00:00,Oakwell Hall Country Park,WF17 9LG,-1.672837,53.738551,True
Hits On The Pitch 2026,2026-07-11,2026-07-11 12:00:00+00:00,2026-07-11 23:00:00+00:00,Manchester Rugby Club,SK8 7NB,-2.19124,53.358303,True
Alsager Music Festival 2026,2026-07-11,2026-07-11 12:00:00+00:00,2026-07-11 21:00:00+00:00,Milton Park Alsager,ST7 2ES,-2.305938,53.095091,True
Kaleidoscope Festival 2026,2026-07-11,2026-07-11 13:00:00+00:00,2026-07-11 22:30:00+00:00,Alexandra Park And Palace,N22 7AY,-0.1302629,51.5945845,True
"CLAIRE RICHARDS, LOUISE & MORE| Love the 90s Festival |Dreamland",2026-07-11,2026-07-11 17:00:00+00:00,2026-07-11 22:30:00+00:00,Dreamland,CT9 1XJ,1.376519,51.385702,True
Derby Music Festival 2026  - A Great Family Day Out!,2026-07-11,2026-07-11 12:00:00+00:00,2026-07-11 22:00:00+00:00,Elvaston Castle Country Park,DE72 3EP,-1.397213,52.893113,True
Road to Nashville Outdoor Festival | Project House | SOLD OUT,2026-07-11,2026-07-11 12:00:00+00:00,2026-07-11 21:00:00+00:00,Project House,LS12 2DR,-1.5662789,53.7956309,True
WN30 - Wigan Reunion (30+ Event),2026-07-11,2026-07-11 15:00:00+00:00,2026-07-11 22:00:00+00:00,The Dome Wigan,WN2 2DZ,-2.6025444,53.5427251,True
Analog & House Emporium 'SUMMER OUTDOOR ALL DAYER',2026-07-11,2026-07-11 14:00:00+00:00,2026-07-11 23:00:00+00:00,The Mulberry Farnham,GU9 8AD,-0.7932219,51.2123231,True
D-Fest 2026,2026-07-11,2026-07-11 13:00:00+00:00,2026-07-11 23:45:00+00:00,Dunvant Rugby Football Club,SA2 7RU,-4.0334627,51.6197035,True
Southsea Thai Food and Craft Festival,2026-07-11,2026-07-11 10:00:00+00:00,2026-07-12 19:00:00+00:00,Southsea Common Portsmouth PO5 3LR,PO5 3LR,-1.096141,50.783974,True
Dance at the Billy '26,2026-07-11,2026-07-11 13:00:00+00:00,2026-07-11 23:00:00+00:00,"The King William, Warmley, Bristol, BS30 8BL",BS308SB,-2.47790414,51.45084932,True
Taste Of Thailand Music And Food Festival,2026-07-11,2026-07-11 10:00:00+00:00,2026-07-12 19:00:00+00:00,Town Park Runcorn,WA7 6PT,-2.6810251,53.3284473,True
Beer & Cider Summer Festival,2026-07-11,2026-07-11 14:00:00+00:00,2026-07-11 23:30:00+00:00,Five Ways Old Edwardians Sports Club,B48 7BD,-1.9504834,52.3677213,True
Country Nights Country Hoedown 2026. Live Music & Line Dancing,2026-07-11,2026-07-11 17:00:00+00:00,2026-07-11 23:45:00+00:00,Easton Farm Park,IP13 0EQ,1.3295443,52.1770689,True
SOLACE. Golden Hours Into After Dark // PART TWO,2026-07-11,2026-07-11 14:00:00+00:00,2026-07-12 03:00:00+00:00,The Brewery Tap,LU1 3ET,-0.4118071,51.8773966,True
Hubble Bubble Sound Bazar Festival,2026-07-11,2026-07-11 16:00:00+00:00,2026-07-12 01:00:00+00:00,The Yard MCR,M8 8NF,-2.2398514,53.4953674,True
Shinefest,2026-07-11,2026-07-11 15:00:00+00:00,2026-07-11 22:00:00+00:00,Nice N Sleazys,G2 3LG,-4.268908,55.8658647,True
Derby Music Festival 2026 - Parking,2026-07-11,2026-07-11 10:00:00+00:00,2026-07-11 22:00:00+00:00,Elvaston Castle Country Park,DE72 3EP,-1.397213,52.893113,True
Inn Fest 2026,2026-07-11,2026-07-11 12:00:00+00:00,2026-07-11 22:00:00+00:00,"The New Inn, North Thoresby",DN36 5QS,-0.0416992,53.4679768,True
Love Afrobeats & Bashment :: Rooftop Day Party,2026-07-11,2026-07-11 16:00:00+00:00,2026-07-11 22:00:00+00:00,Brixton Storeys,SW9 8HH,-0.1149515,51.4615506,True
Hartbeat Music Festival VIP Area,2027-07-10,2026-07-11 12:00:00+00:00,2026-07-11 21:00:00+00:00,"Hartham Common, Hertford",SG13 7AH,-0.076491,51.8013575,True
Moor Fest,2026-07-11,2026-07-11 13:00:00+00:00,2026-07-12 01:00:00+00:00,Bradford Moor Golf Club,BD2 4RW,-1.7271167,53.8048634,True
Festwich Tribute Festival,2026-07-11,2026-07-11 11:00:00+00:00,2026-07-12 23:00:00+00:00,Heaton Park,M25 0EQ,-2.254528,53.536062,True
FixFest,2026-07-11,2026-07-11 11:00:00+00:00,2026-07-11 23:00:00+00:00,Delapre Abbey,NN4 8AW,-0.889785,52.225084,True
Bradford Literature Festival,2026-07-11,2026-07-11 09:00:00+00:00,2026-07-11 22:00:00+00:00,University Of Bradford,BD7 1DP,-1.762129,53.791699,True
Tiësto 2026 | Silverworks Island,2026-07-12,2026-07-12 15:00:00+00:00,2026-07-12 22:00:00+00:00,Silverworks Island,E16 2BU,0.0364741,51.504667,True
Electric Heart Surrey,2026-07-12,2026-07-12 14:00:00+00:00,2026-07-12 22:30:00+00:00,Apps Court Farm,KT12 2EG,-0.398555,51.401763,True
"GirlyPop X K-Pop Festival | Dreamland, Margate",2026-07-12,2026-07-12 12:00:00+00:00,2026-07-12 17:00:00+00:00,Dreamland,CT9 1XJ,1.376519,51.385702,True
Allday Indie Summer Outdoor Beach Festival - Brighton,2026-07-12,2026-07-12 17:00:00+00:00,2026-07-12 22:00:00+00:00,Central Park Brighton Seafront,BN2 1FY,-0.108646,50.8139,True
In the Park Newcastle presents Wolf Alice,2026-07-12,2026-07-12 17:00:00+00:00,2026-07-12 22:00:00+00:00,Exhibition Park,NE2 4PZ,-1.616,54.985,True
Angel Fest 26,2026-07-12,2026-07-12 12:00:00+00:00,2026-07-13 02:00:00+00:00,Bar Fibre,LS1 6LY,-1.542186,53.795541,True
Bradford Literature Festival,2026-07-12,2026-07-12 09:00:00+00:00,2026-07-12 22:00:00+00:00,University Of Bradford,BD7 1DP,-1.762129,53.791699,True
On The Beach 2026: Thursday- Fatboy Slim,2026-07-16,2026-07-16 14:00:00+00:00,2026-07-16 22:00:00+00:00,Brighton Beach,BN2 1TW,-0.137658,50.818881,False
HebCelt 2026,2026-07-16,2026-07-16 17:00:00+00:00,2026-07-18 23:30:00+00:00,Lews Castle Green,HS2 0XP,-6.39306636,58.21127495,False
Prog For Peart - The 6th year,2026-07-16,2026-07-16 18:30:00+00:00,2026-07-19 02:00:00+00:00,The Northcourt Abingdon United,OX14 1PL,-1.274502,51.682002,False
The Wild Gardens Festival,2026-07-16,2026-07-16 11:00:00+00:00,2026-07-19 23:00:00+00:00,Port Eliot Estate,PL12 5ND,-4.309751,50.397376,False
Beat-Herder Festival,2026-07-16,2026-07-16 11:00:00+00:00,2026-07-19 23:00:00+00:00,The Beat Herder Festival Ground,BB7 4ls,-2.293162,53.94351,False
The Searchers and Hollies Experience,2026-07-16,2026-07-16 19:30:00+00:00,2026-07-16 22:00:00+00:00,"Guildhall Arts Centre, UK",NG31 6PZ,-0.6398321,52.9107166,False
On The Beach 2026: Friday - Fatboy Slim,2026-07-17,2026-07-17 13:00:00+00:00,2026-07-17 22:30:00+00:00,Brighton Beach,BN2 1TW,-0.137658,50.818881,False
Maid of Stone 2026,2026-07-17,2026-07-17 13:00:00+00:00,2026-07-19 22:00:00+00:00,Mote Park,ME15 7RN,0.540601,51.265893,False
Craic by the Creek 2026,2026-07-17,2026-07-17 12:00:00+00:00,2026-07-19 23:45:00+00:00,Whitebottom Farm,SK6 5JQ,-2.0388127,53.4209586,False
Back Doune The Rabbit Hole 2026,2026-07-17,2026-07-17 15:00:00+00:00,2026-07-19 23:45:00+00:00,Cardross Estate,FK8 3JY,-4.2644373,56.1496436,False
Fields Of Gold Summer Festival 2026,2026-07-17,2026-07-17 12:00:00+00:00,2026-07-18 22:00:00+00:00,Tameside Stadium,OL7 9HG,-2.112689,53.493259,False
Sunset Groove Festival 2026,2026-07-17,2026-07-17 17:00:00+00:00,2026-07-19 22:30:00+00:00,Thorpe Meadows,DN17 4BF,-0.8173043,53.6142349,False
Wytwoods Festival,2026-07-17,2026-07-17 15:00:00+00:00,2026-07-19 03:00:00+00:00,Robin Hill Advenutre Park,PO30 2NU,-1.2462495,50.6874664,False
Lost Groove Festival 2026,2026-07-17,2026-07-17 16:00:00+00:00,2026-07-19 14:00:00+00:00,Lost Groove 2026,SP11 8AT,-1.5589343,51.1879175,False
Campfire Country Music Festival,2026-09-11,2026-07-17 15:00:00+00:00,2026-07-17 22:00:00+00:00,Charlton Park,SN16 9RU,-2.069923,51.601347,False
Foodies Festival 2026 - Winchester,2026-07-17,2026-07-17 12:00:00+00:00,2026-07-19 21:00:00+00:00,"River Park Leisure Centre, Winchester",SO23 7DD,-1.3055034,51.0833435,False
Rock n Ribs Festival,2026-07-17,2026-07-17 11:00:00+00:00,2026-07-19 23:00:00+00:00,Bath And West Show Ground,BA4 6QN,-2.523198,51.155704,False
Dornoch Music Festival,2026-07-17,2026-07-17 11:00:00+00:00,2026-07-18 23:00:00+00:00,The Meadows Field,IV25 3SF,-4.0348093,57.8779346,False
Ventnor Fringe,2026-07-17,2026-07-17 09:00:00+00:00,2026-07-26 23:45:00+00:00,Ventnor Exchange,PO38 1SW,-1.206003,50.5946916,False
Nozstock The Hidden Valley,2026-07-17,2026-07-17 11:00:00+00:00,2026-07-18 23:00:00+00:00,Rowden Paddocks,HR7 4LS,-2.534431,52.204499,False
Christchurch Music Festival,2026-07-17,2026-07-17 16:00:00+00:00,2026-07-19 20:00:00+00:00,Christchurch Quay,BH23 1BZ,-1.777768,50.730798,False
On The Beach 2026:  Saturday - Fatboy Slim,2026-07-18,2026-07-18 13:00:00+00:00,2026-07-18 22:30:00+00:00,Brighton Beach,BN2 1TW,-0.137658,50.818881,True
Solihull Summer Fest 2026,2026-07-18,2026-07-18 11:00:00+00:00,2026-07-19 22:30:00+00:00,Tudor Grange Park Solihull,B91 3LU,-1.786656,52.409267,True
Bassfest Summer Festival 2026,2026-07-18,2026-07-18 11:00:00+00:00,2026-07-19 22:00:00+00:00,Don Valley Bowl,S9 5DP,-1.4253059,53.395413,True
As One in the Park 2026,2026-07-18,2026-07-18 12:00:00+00:00,2026-07-18 22:00:00+00:00, Walpole Park Mattock Lane London W5 5EQ,W5 5EQ,-0.3071147,51.5109067,True
Soul Disco Society,2026-07-18,2026-07-18 12:00:00+00:00,2026-07-18 23:00:00+00:00,Beacon Park,WS13 6QZ,-1.835971,52.682185,True
"Rum & Reggae 2026 | The Prospect Building, Bristol",2026-07-18,2026-07-18 14:00:00+00:00,2026-07-18 22:00:00+00:00,The Prospect Building,BS2 0QD,-2.5730764,51.4493081,True
Priory Live Festival,2026-07-18,2026-07-18 12:30:00+00:00,2026-07-18 22:30:00+00:00,Priory Gardens,BR6 0HH,0.106132,51.380182,True
Northampton Big Family Day Out,2026-07-18,2026-07-18 12:00:00+00:00,2026-07-18 22:00:00+00:00,Northampton Casuals RUFC,NN4 7AA,-0.8635343,52.2274644,True
Girls Like R&B x Binks Yard Nottingham,2026-07-18,2026-07-18 15:00:00+00:00,2026-07-18 22:00:00+00:00,Binks Yard,NG2 3BJ,-1.1395462,52.9483902,True
"DOUGIE POYNTER & MORE | Pop Republic Fest | SteelYard, Sheffield",2026-07-18,2026-07-18 13:00:00+00:00,2026-07-18 23:00:00+00:00,SYSheffield (Steel Yard),S3 8AS,-1.4790332,53.394278,True
AllDay Musicals - Sat 18th July - Freight island - Manchester,2026-07-18,2026-07-18 15:00:00+00:00,2026-07-18 21:00:00+00:00,Freight Island,M1 2PZ,-2.2276473,53.4751511,True
Tribute On The Hill 2026,2026-07-18,2026-07-18 13:00:00+00:00,2026-07-18 21:30:00+00:00,The Spitfire Pub,ME19 4AU,0.400155,51.272307,True
The Ship Open Air,2026-07-18,2026-07-18 14:00:00+00:00,2026-07-18 22:00:00+00:00,The Ship,CM2 8LB,0.4634491,51.6765804,True
Hopskotch Summer Series: Part II,2026-07-18,2026-07-18 14:00:00+00:00,2026-07-18 22:30:00+00:00,Aynsley Mill ,ST3 1HZ,-2.1262,52.9864573,True
One Day In The Park [25 Years of Melting Pot],2026-07-18,2026-07-18 17:00:00+00:00,2026-07-18 22:30:00+00:00,Queen's Park Arena Bandstand,G42 8QR,-4.268346,55.832884,True
Summer Of Love UKG & R&B Summer Outdoor Day Party Cardiff,2026-07-18,2026-07-18 15:00:00+00:00,2026-07-18 22:00:00+00:00,Lo Lounge,CF10 4GA,-3.160442,51.459573,True
Day Fever Summer Music Event Abercynon RFC,2026-07-18,2026-07-18 13:00:00+00:00,2026-07-18 21:00:00+00:00,Abercynon Rugby Football Club,CF45 4RU,-3.3349732,51.6533205,True
R&B Lovers -  Summer Outdoor Beach Festival - Central Park,2026-07-18,2026-07-18 14:00:00+00:00,2026-07-18 22:00:00+00:00,Central Park,BN2 1FY,-0.1349834,50.8284154,True
"House on the Docks with Wiley, SUPA D & many more",2026-07-18,2026-07-18 15:00:00+00:00,2026-07-18 23:00:00+00:00,Eutopia Whs,IG11 0DW,0.0963664,51.5204397,True
Leeds Pride Festival - Freedom Party,2026-07-18,2026-07-18 13:00:00+00:00,2026-07-18 22:00:00+00:00,Leeds Pride Main Stage,Ls1 6LY,-1.5425007,53.7952863,True
Grime Day Festival,2026-07-18,2026-07-18 13:00:00+00:00,2026-07-18 20:00:00+00:00,Sector 57,B5 5TR,-1.885063,52.476682,True
Daynova,2026-07-18,2026-07-18 15:00:00+00:00,2026-07-18 23:00:00+00:00,Eutopia,IG11 0DW,0.0963664,51.5204397,True
Silverburn Streetfood Festival SSFF,2026-07-18,2026-07-18 12:00:00+00:00,2026-07-19 21:30:00+00:00,Silverburn Park,KY8 5PU,-2.979583,56.206884,True
Taste Of Thailand Music And Food Festival,2026-07-18,2026-07-18 10:00:00+00:00,2026-07-19 19:00:00+00:00,West Park Wolverhampton,WV1 4PW,-2.1411822,52.5877473,True
BeatMasters Outdoor Music Festival,2026-09-12,2026-07-18 12:00:00+00:00,2026-07-18 22:00:00+00:00,Charlton Park,SN16 9RU,-2.069923,51.601347,True
Mini Traco Fest 2026,2026-07-18,2026-07-18 14:00:00+00:00,2026-07-18 19:00:00+00:00,Aldershot Traction Club,GU11 3NE,-0.7689785,51.2377128,True
Summer Bash 8,2026-07-18,2026-07-18 13:00:00+00:00,2026-07-18 23:00:00+00:00,Facebar Reading,RG1 7JE,-0.9819293,51.4556142,True
Xcstasy Jouvert Soca Festival 2026,2026-07-18,2026-07-18 13:00:00+00:00,2026-07-18 21:00:00+00:00,Modern Park,SM4 5HE,-0.2049515,51.394884,True
Baytech at Mambo,2026-07-18,2026-07-18 13:00:00+00:00,2026-07-18 21:00:00+00:00,Mambo,TA1 1LN,-3.1037881,51.0163396,True
Festival,2026-07-18,2026-07-18 13:00:00+00:00,2026-07-18 22:00:00+00:00,"The Halfway House, England",NE42 6JF,-1.8642072,54.9581756,True
We Are Wirral,2026-07-18,2026-07-18 11:00:00+00:00,2026-07-19 23:00:00+00:00,Birkenhead Park,CH41 4HY,-3.0419667,53.3931175,True
Family Music Festival,2026-07-18,2026-07-18 11:00:00+00:00,2026-07-19 22:00:00+00:00,We Are Wirral,CH43 4TS,-3.0430143,53.394801,True
Live Festival,2026-07-18,2026-07-18 12:30:00+00:00,2026-07-18 22:30:00+00:00,Priory Gardens,BR6 0HH,0.106132,51.380182,True
Splendour Festival,2026-07-18,2026-07-18 11:00:00+00:00,2026-07-19 23:00:00+00:00,Wollaton Park,NG8 2AE,-1.2109594,52.9477796,True
Cheese and Chilli Festival,2026-07-18,2026-07-18 10:00:00+00:00,2026-07-19 18:00:00+00:00,"Shalford Park, Guildford",GU4 8BL,-0.5720258,51.2268909,True
On The Beach 2026: Sunday - Fatboy Slim,2026-07-19,2026-07-19 13:00:00+00:00,2026-07-19 22:30:00+00:00,Brighton Beach,BN2 1TW,-0.137658,50.818881,True
Northampton Country Music Festival,2026-07-19,2026-07-19 12:00:00+00:00,2026-07-19 22:00:00+00:00,Northampton Casuals RUFC,NN4 7AA,-0.8635343,52.2274644,True
We Love it Outdoor Tribute Festival Malmsbury - July 2026,2026-09-13,2026-07-19 12:00:00+00:00,2026-07-19 22:00:00+00:00,Charlton Park Estate,SN16 9LL,-2.0774817,51.5939645,True
Leeds Pride Festival - Dance Arena,2026-07-19,2026-07-19 14:00:00+00:00,2026-07-20 04:00:00+00:00,Under The Arches,LS1 6LY,-1.542334,53.795033,True
Folk By The Oak,2026-07-19,2026-07-19 11:00:00+00:00,2026-07-19 23:00:00+00:00,Hatfield House,AL9 5HX,-0.209286,51.760437,True
On The Beach 2026: Madness presents Madrophenia [EXTRA DATE],2026-07-23,2026-07-23 15:00:00+00:00,2026-07-23 22:00:00+00:00,Brighton Beach,BN2 1TW,-0.137658,50.818881,False
Feast On Bristol 2026,2026-07-23,2026-07-23 17:00:00+00:00,2026-07-26 19:00:00+00:00,The Downs Bristol,BS9 1FG,-2.619695,51.472671,False
Club Class Luxury Pass at Truck Festival,2026-07-23,2026-07-23 08:00:00+00:00,2026-07-26 23:00:00+00:00,Hill Farm,OX13 6SW,-1.333455,51.616173,False
Vodafone at Latitude Festival,2026-07-23,2026-07-23 08:00:00+00:00,2026-07-26 23:00:00+00:00,Henham Park,NR34 8AN,1.59528,52.3488952,False
Chargecandy at Truck Festival,2026-07-23,2026-07-23 08:00:00+00:00,2026-07-26 23:00:00+00:00,Hill Farm,OX13 6SW,-1.333455,51.616173,False
Truck Festival,2026-07-23,2026-07-23 11:00:00+00:00,2026-07-26 23:00:00+00:00,"Hill Farm , Steventon Oxfordshire",OX13 6SW,-1.3327458,51.6159858,False
Rock Oyster Festival,2026-07-23,2026-07-23 11:00:00+00:00,2026-07-26 23:00:00+00:00,Dinham House ,PL27 6RH,-4.8673776,50.5389393,False
Campo Sancho,2026-07-23,2026-07-23 11:00:00+00:00,2026-07-26 23:00:00+00:00,Walkern Hall Walkern Stevenage SG2,SG2 7HZ,-0.116585,51.907472,False
Northants Rocks,2026-07-23,2026-07-23 11:00:00+00:00,2026-07-26 23:00:00+00:00,Northants Rocks,NN9 5EJ,-0.6421016,52.3352209,False
The George Harrison Project,2026-07-23,2026-07-23 19:30:00+00:00,2026-07-23 22:00:00+00:00,The Muni Theatre,BB8 0AE,-2.1755457,53.8559499,False
Latitude Festival,2026-07-23,2026-07-23 11:00:00+00:00,2026-07-26 23:00:00+00:00,Henham Park,NR34 8AN,1.59528,52.3488952,False
On The Beach 2026: Madness presents Madrophenia,2026-07-24,2026-07-24 14:00:00+00:00,2026-07-24 22:30:00+00:00,Brighton Beach,BN2 1TW,-0.137658,50.818881,False
Rock The Mote 2026,2026-07-24,2026-07-24 17:00:00+00:00,2026-07-26 22:00:00+00:00,Mote Park,ME15 7RN,0.540601,51.265893,False
Hedex Presents: My Home Is The Rave Festival,2026-07-24,2026-07-24 14:00:00+00:00,2026-07-24 22:00:00+00:00,Boston Manor Park,TW8 9JX,-0.319722,51.490177,False
Offal Fest 2026,2026-07-24,2026-07-24 17:00:00+00:00,2026-07-26 23:00:00+00:00,Boundary,M15 6AD,-2.2400179,53.4680208,False
Together Again Festival 2026,2026-07-24,2026-07-24 09:00:00+00:00,2026-07-26 23:45:00+00:00,Bolesworth Castle,CH3 9HQ,-2.772451,53.0930735,False
Doncaster Balloon Festival,2026-07-24,2026-07-24 12:00:00+00:00,2026-07-25 22:00:00+00:00,Town Field Doncaster,DN1 2JR,-1.122002,53.5261543,False
Symphonic Ibiza Orchestra | Lichfield Concert,2026-07-24,2026-07-24 17:00:00+00:00,2026-07-24 23:00:00+00:00,Beacon Park Lichfield,WS13 6RA,-1.836233,52.682179,False
Together Again Festival 2026: Exclusive Offers,2026-07-24,2026-07-24 12:00:00+00:00,2026-07-26 23:45:00+00:00,Bolesworth Castle,CH3 9HQ,-2.772451,53.0930735,False
Beacon Park Tribute Festival 2026,2026-07-24,2026-07-24 17:00:00+00:00,2026-07-26 22:00:00+00:00,Beacon Park Lichfield,WS13 6RA,-1.836233,52.682179,False
Beach Fest Skegness 2026,2026-07-24,2026-07-24 12:00:00+00:00,2026-07-26 21:00:00+00:00,Skegness Beach,PE25 2UQ,0.3457299,53.1440599,False
Peaceful World Festival 2026,2026-07-24,2026-07-24 12:00:00+00:00,2026-07-26 23:45:00+00:00,The Vegan Castle,TA7 9DH,-2.8964462,51.1462521,False
Lazydays Festival 2026,2026-07-24,2026-07-24 14:00:00+00:00,2026-07-26 20:00:00+00:00,Priory Park,SS2 6BN,0.707503,51.546115,False
Crystal Soul Weekender 2026,2026-07-24,2026-07-24 14:00:00+00:00,2026-07-26 12:00:00+00:00,Coach House Hotel Flint Cross,SG8 7PN,0.052777,52.0667091,False
Live at Melbourne Hall - Jo Whiley's 90s Anthems,2026-07-24,2026-07-24 17:00:00+00:00,2026-07-24 23:00:00+00:00,Melbourne Hall,DE73 8EN,-1.422903,52.8212,False
Bournemouth Reggae Weekender 2026,2026-07-24,2026-07-24 18:00:00+00:00,2026-07-26 22:00:00+00:00,Kings Park Bournemouth BH7 6JF,BH7 6JF,-1.8321932,50.7331572,False
Together Again: VIP Voyage Hot Tubs,2026-07-24,2026-07-24 12:00:00+00:00,2026-07-26 23:45:00+00:00,Bolesworth Castle,CH3 9HQ,-2.772451,53.0930735,False
Boho Festival 2026,2026-07-24,2026-07-24 15:00:00+00:00,2026-07-27 01:00:00+00:00,Millview Glamping And Events,NG138HT,-0.97968237,52.97462512,False
SeekOut Arts & Music Festival,2026-07-24,2026-07-24 13:00:00+00:00,2026-07-26 13:00:00+00:00,Gisburn Forest,BB7 4TS,-2.3927265,53.9943481,False
Hammerdown Festival 2026,2026-07-24,2026-07-24 17:30:00+00:00,2026-07-26 22:00:00+00:00,The Factory Live,BN14 8BX,-0.371627,50.818931,False
Gadabout Festival,2026-07-24,2026-07-24 11:00:00+00:00,2026-07-25 23:00:00+00:00,High Hall Farm,CA49SG,-2.6847551,54.8050087,False
Tramlines,2026-07-24,2026-07-24 11:00:00+00:00,2026-07-26 23:00:00+00:00,Hillsborough Park,S6 4HD,-1.501301,53.408226,False
Blue Reef Festival,2026-07-24,2026-07-24 11:00:00+00:00,2026-07-25 23:00:00+00:00,Loddington Farm Ltd,ME17 4AG,0.522795,51.212283,False
Hayrock Tribute Festival,2026-07-24,2026-07-24 09:00:00+00:00,2026-07-26 23:00:00+00:00,Haydock Park Racecourse,WA12 0HQ,-2.627185,53.480907,False
Chiddfest,2026-07-24,2026-07-24 11:00:00+00:00,2026-07-26 23:00:00+00:00,Nash Street Chiddingly BN27 4AA,BN27 4AA,0.202134,50.887117,False
Deer Shed Festival,2026-07-24,2026-07-24 11:00:00+00:00,2026-07-26 23:00:00+00:00,Baldersby Park,YO7 3BZ,-1.407538,54.174862,False
GlastonBARRY Juniors Festival,2026-07-24,2026-07-24 11:00:00+00:00,2026-07-24 23:00:00+00:00,Romilly Park,CF62 6RN,-3.2919197,51.3946199,False
The George Harrison Project,2026-07-24,2026-07-24 19:30:00+00:00,2026-07-24 22:00:00+00:00,Lancaster Grand Theatre,LA1 1NL,-2.8022267,54.0603941,False
Steelhouse Festival,2026-07-24,2026-07-24 11:00:00+00:00,2026-07-26 23:00:00+00:00,Hafod Y Dafal,NP13 2ER,-3.1582155,51.7260151,False
Landed Festival,2026-07-24,2026-07-24 11:00:00+00:00,2026-07-26 23:00:00+00:00,Landed Festival,LD1 6HF,-3.442604,52.215687,False
Valhalla Viking Festival,2026-07-24,2026-07-24 10:00:00+00:00,2026-07-26 23:45:00+00:00,"Dummer Down Farm, Basingstoke",RG25 2AR,-1.1765277,51.2013786,False
KISSTORY On Blackheath 2026,2026-07-25,2026-07-25 13:00:00+00:00,2026-07-25 22:00:00+00:00,Blackhealth Common,SE10 8QY,-0.0029119,51.471376,True
"OnTheBeach LIVE: The Maccabees, Editors, Miles Kane, Anna Calvi",2026-07-25,2026-07-25 13:00:00+00:00,2026-07-25 22:30:00+00:00,Brighton Beach,BN2 1TW,-0.137658,50.818881,True
Debdale Park Sports Club Music Festival,2026-07-25,2026-07-25 12:00:00+00:00,2026-07-25 21:30:00+00:00,Debdale Sports And Recreation Club,NG19 7NS,-1.204648,53.161678,True
Forsaken Forest Festival BTID Clubland,2026-07-25,2026-07-25 13:00:00+00:00,2026-07-25 22:00:00+00:00,Camelot,PR7 5LP,-2.694967,53.634645,True
Picnic and Pop Festival,2026-07-25,2026-07-25 12:00:00+00:00,2026-07-26 20:00:00+00:00,Manor Park,GU12 4LU,-0.753789,51.243313,True
Country Club - Outdoor Country Music Festival - Manchester,2026-07-25,2026-07-25 15:00:00+00:00,2026-07-25 22:00:00+00:00,Freight Island,M1 2PZ,-2.2276473,53.4751511,True
The House & Vocal Disco Festival,2026-07-25,2026-07-25 12:00:00+00:00,2026-07-25 23:00:00+00:00,Wilmslow Phoenix Sports Club,SK9 4HP,-2.2384845,53.3451844,True
Back To The 90s - Summer Outdoor Festival - Birmingham,2026-07-25,2026-07-25 13:00:00+00:00,2026-07-26 00:00:00+00:00,Luna Springs Digbeth ,B9 4AG,-1.8814649,52.475036,True
Chesterfield Music Festival 2026  - A Great Family Day Out!,2026-07-25,2026-07-25 12:00:00+00:00,2026-07-25 22:00:00+00:00,Chesterfield Panthers Rugby Football Club,S41 9BF,-1.4413487,53.2636186,True
"Rum & Reggae 2026 | Project House, Leeds",2026-07-25,2026-07-25 12:00:00+00:00,2026-07-25 21:00:00+00:00,Project House,LS12 2DR,-1.5662789,53.7956309,True
KISSTORY On Blackheath 2026,2026-07-25,2026-07-25 13:00:00+00:00,2026-07-25 22:00:00+00:00,Blackheath Common,SE10 8QY,0.0049086,51.4693156,True
RNB MANIA | Wakefield's Outdoor R&B Festival,2026-07-25,2026-07-25 15:00:00+00:00,2026-07-25 22:00:00+00:00,Tileyard North,WF1 5FY,-1.49048938,53.67544982,True
Love to be... at House & Vocal Disco Fest,2026-07-25,2026-07-25 12:00:00+00:00,2026-07-25 23:00:00+00:00,Wilmslow Phoenix Sports Club,SK9 4HP,-2.239399,53.345632,True
Fell Out Boy & Black Charade | Revolve Festival | SY Sheff,2026-07-25,2026-07-25 14:00:00+00:00,2026-07-25 23:00:00+00:00,SYSheffield (Steel Yard),S3 8AS,-1.4790332,53.394278,True
"Rum & Reggae Fest | The Hangar, Norwich",2026-07-25,2026-07-25 14:00:00+00:00,2026-07-25 21:00:00+00:00,The Hangar,NR3 1QA,1.2919214,52.6350139,True
Suited and Booted 2026,2026-07-25,2026-07-25 12:00:00+00:00,2026-07-25 21:30:00+00:00,The Hayes Sports Partnership,B389EL,-1.95007877,52.39205038,True
The House That Ash Built 2026,2026-07-25,2026-07-25 14:00:00+00:00,2026-07-25 23:00:00+00:00,The Millers Pond,SO19 8FQ,-1.3613847,50.8980726,True
4Four Bassline - Birmingham Open-Air Rooftop Rave,2026-07-25,2026-07-25 16:00:00+00:00,2026-07-25 22:00:00+00:00,XOYO,B9 4AG,-1.8809493,52.475038,True
Salisbury Live Summer Extravaganza,2026-07-25,2026-07-25 14:00:00+00:00,2026-07-25 23:00:00+00:00,Victoria Park Salisbury,SP1 3NE,-1.7977891,51.0802655,True
"Junction 2 x fabric: Nina Kraviz, Jeff Mills",2026-07-25,2026-07-25 14:00:00+00:00,2026-07-25 22:00:00+00:00,Boston Manor Park,TW8 9JX,-0.319722,51.490177,True
Magic of Thailand Festival in Guildford,2026-07-25,2026-07-25 10:00:00+00:00,2026-07-26 19:00:00+00:00,Stoke Park Guildford,GU1 1ER,-0.566094,51.245121,True
Tunsfest 2026,2026-07-25,2026-07-25 12:00:00+00:00,2026-07-25 23:45:00+00:00,The Three Tuns Sutton Coldfield,B72 1XS,-1.8231092,52.5659206,True
RNP Fest 2026,2026-07-25,2026-07-25 13:00:00+00:00,2026-07-25 21:00:00+00:00,"Golden Lion, Fallings Park",WV10 0RH,-2.104895,52.6040471,True
Summer Outdoor 80s Tribute Festival - Cardiff,2026-07-25,2026-07-25 15:00:00+00:00,2026-07-25 22:00:00+00:00,Tiger Yard,CF10 4GA,-3.1603143,51.4597605,True
RNB MANIA | Hertford's R&B Festival,2026-07-25,2026-07-25 15:00:00+00:00,2026-07-25 23:00:00+00:00,"Dog And Whistle, Hertford",SG14 1AB,-0.075214,51.796545,True
"AG FEST 2026, London",2026-07-25,2026-07-25 12:00:00+00:00,2026-07-25 22:00:00+00:00,Copthall Playing Fields,NW4 1PS,-0.225653,51.599861,True
Big Rave,2026-07-25,2026-07-25 12:00:00+00:00,2026-07-26 00:00:00+00:00,Middle World Farms,LN4 1AQ,-0.4204331,53.2153611,True
Judge Jules @ Daisy Shake - Ibiza Day Rave,2026-07-25,2026-07-25 14:00:00+00:00,2026-07-25 23:00:00+00:00,The Pear Tree Hotel,DE5 3HR,-1.4069077,53.0489512,True
A Summer Cookout 2026,2026-07-25,2026-07-25 12:00:00+00:00,2026-07-26 02:00:00+00:00,The Carlton Club Manchester,M16 8BE,-2.263254,53.451754,True
Newcastle Pride Arena 2026,2026-07-25,2026-07-25 12:00:00+00:00,2026-07-26 23:00:00+00:00, Times Square Scotswood Road Newcastle Upon Tyne NE1 4E,NE1 4EP,-1.6205357,54.9676555,True
"CUE - Together Again Festival w. Gaskin, Robbie Doherty & more",2026-07-25,2026-07-25 14:00:00+00:00,2026-07-26 02:00:00+00:00,Bolesworth Castle,CH3 9HQ,-2.772451,53.0930735,True
Ealing Jazz Festival 2026,2026-07-25,2026-07-25 13:00:00+00:00,2026-07-26 22:30:00+00:00,Walpole Park,W5 5qe,-0.3018157,51.5065318,True
NØCTILEX Festival,2026-07-25,2026-07-25 18:00:00+00:00,2026-07-26 04:00:00+00:00,Bee Noir,M3 5EN,-2.2576817,53.4819652,True
Pawfest,2026-07-25,2026-07-25 12:00:00+00:00,2026-07-25 22:00:00+00:00,Cf381bh,CF381bh,-3.3355875,51.5501297,True
Live at Melbourne Hall - Lightning Seeds,2026-07-25,2026-07-25 15:00:00+00:00,2026-07-25 23:00:00+00:00,Melbourne Hall,DE73 8EN,-1.422903,52.8212,True
ITG Festival,2026-07-25,2026-07-25 15:00:00+00:00,2026-07-26 00:00:00+00:00,Whitehaven Rugby League Football Club,CA28 9DD,-3.5856066,54.5397972,True
R&B Lovers Outdoor Festival - Sat 25th July - The Buttermarket,2026-07-25,2026-07-25 15:00:00+00:00,2026-07-25 22:00:00+00:00,The Buttermarket,SY1 2LF,-2.7490712,52.7122638,True
Taste Of Thailand Music And Food Festival,2026-07-25,2026-07-25 10:00:00+00:00,2026-07-26 19:00:00+00:00,Earlham Park  Norwich,NR4 7TQ,1.234034,52.6254524,True
The Northern Soul All Festival,2026-07-25,2026-07-25 13:00:00+00:00,2026-07-25 23:45:00+00:00,The Bramley Social,L3 0AP,-2.9989621,53.4246298,True
Breakin Science Summer Underground | Jungle Mania | D&B Classics,2026-09-05,2026-07-25 14:00:00+00:00,2026-07-25 22:00:00+00:00,Eutopia Warehouse,IG11 0DW,0.0964,51.5204,True
State of it Pt.4 Containment Weekender!,2026-07-25,2026-07-25 15:00:00+00:00,2026-07-26 22:00:00+00:00,The Charles Bradlaugh,NN1 3AU,-0.8924344,52.241574,True
Early Doors at Peggy's 25th July,2026-07-25,2026-07-25 12:00:00+00:00,2026-07-25 23:30:00+00:00,Peggy Mccools,WA2 7NW,-2.5951785,53.3941494,True
AfroParkFest 2026,2026-07-25,2026-07-25 12:00:00+00:00,2026-07-25 22:00:00+00:00,Middleton Pavillion,MK10 9AD,-0.7029187,52.0449098,True
Asylum Uprising metal fest,2026-07-25,2026-07-25 15:00:00+00:00,2026-07-25 23:15:00+00:00,The Asylum Nightclub,HU67RX,-0.3661428,53.771958,True
Rewind (Day Party at Mambo),2026-07-25,2026-07-25 15:00:00+00:00,2026-07-25 22:00:00+00:00,Mambo,TA1 1LN,-3.1037881,51.0163396,True
OVER 30's CLUB - Daytime Clubbing - Digital Newcastle,2026-07-25,2026-07-25 15:00:00+00:00,2026-07-25 20:00:00+00:00,Digital Newcastle,NE1 4EP,-1.6206423,54.9675315,True
DNB360 & Noise Enforcement -ONE DAY OUTDOOR FESTIVAL Stourbridge,2026-07-25,2026-07-25 14:00:00+00:00,2026-07-26 02:00:00+00:00,Waxey Gordons,DY9 8ER,-2.1145419,52.4594959,True
Alex Fest,2026-07-25,2026-07-25 11:00:00+00:00,2026-07-26 23:00:00+00:00,Alexandra Arms,BN22 7SA,0.3051695,50.7841948,True
Pig Fest,2026-07-25,2026-07-25 11:00:00+00:00,2026-07-25 19:00:00+00:00,Kew Little Pigs Farm Ltd,HP7 0HR,-0.6273429,51.6719338,True
Scare Taxi play at Alive at the Barn 2026,2026-07-25,2026-07-25 18:00:00+00:00,2026-07-25 23:00:00+00:00,The Barn Theatre,BN42 4TE,-0.233914,50.83444,True
Tidal Gathering Tribute Festival,2026-07-25,2026-07-25 11:00:00+00:00,2026-07-26 23:00:00+00:00,Adur Recreation Ground,BN43 5LT,-0.284287,50.831749,True
Canada Water presents Round The Dock,2026-07-25,2026-07-25 10:00:00+00:00,2026-07-26 20:00:00+00:00,Canada Water Culture Space,SE16 7AR,-0.04886,51.497844,True
The Sounds of the 80s show with The Zoots,2026-07-25,2026-07-25 19:30:00+00:00,2026-07-25 22:00:00+00:00,The Barn,OX11 7AD,-1.252515,51.609998,True
GlastonBARRY Tribute Festival,2026-07-25,2026-07-25 11:00:00+00:00,2026-07-26 23:00:00+00:00,Romilly Park,CF62 6RN,-3.2919197,51.3946199,True
The George Harrison Project,2026-07-25,2026-07-25 19:30:00+00:00,2026-07-25 22:00:00+00:00,The Brindley,WA7 1BG,-2.732151,53.340291,True
Castle Park Live,2026-07-25,2026-07-25 11:00:00+00:00,2026-07-25 23:00:00+00:00,Castle Park Frodsham WA6,WA6 6SE,-2.729507,53.293023,True
Suited and Booted Festival,2026-07-25,2026-07-25 11:00:00+00:00,2026-07-25 23:00:00+00:00,Hayes Playing Fields,B38 9EL,-1.9493762,52.3919411,True
On The Beach 2026: Moby,2026-07-26,2026-07-26 14:00:00+00:00,2026-07-26 22:30:00+00:00,Brighton Beach,BN2 1TW,-0.137658,50.818881,True
Chesterfield Country Music Festival,2026-07-26,2026-07-26 12:00:00+00:00,2026-07-26 22:00:00+00:00,Chesterfield Panthers RUFC,S41 9BF,-1.4413487,53.2636186,True
Heritage Live: UB40 featuring Ali Campbell,2026-07-26,2026-07-26 13:00:00+00:00,2026-07-26 22:30:00+00:00,Englefield Estate,RG7 5DZ,-1.0877712,51.441307,True
Next Act Festival,2026-07-26,2026-07-26 15:00:00+00:00,2026-07-26 21:00:00+00:00,ARTCH Studios,PR1 8SD,-2.7112067,53.7600682,True
Live at Melbourne Hall - The Shires,2026-07-26,2026-07-26 14:00:00+00:00,2026-07-26 23:00:00+00:00,Melbourne Hall,DE73 8EN,-1.422903,52.8212,True
Drum Cupboard Takeover Festival IV,2026-07-26,2026-07-26 12:30:00+00:00,2026-07-26 20:00:00+00:00,MK11 LIVE MUSIC VENUE,MK11 3LH,-0.823379,52.042942,True
RNBLAND - Manchester's Biggest RnB Summer Day Festival (1000 RNB,2026-07-26,2026-07-26 16:00:00+00:00,2026-07-26 22:00:00+00:00,Six Trees,M17 1BN,-2.3069812,53.4675502,True
It's Our House LDN: PRESSURE SUMMER DAY PARTY @Nagshall Farm,2026-07-26,2026-07-26 12:00:00+00:00,2026-07-26 22:00:00+00:00,Nags Hall Farm,RH9 8DB,-0.0478044,51.2487692,True
Roots Market,2026-07-26,2026-07-26 14:00:00+00:00,2026-07-26 23:00:00+00:00,Sector 57,B5 5TR,-1.885063,52.476682,True
Pig Chill,2026-07-26,2026-07-26 11:00:00+00:00,2026-07-26 19:00:00+00:00,Kew Little Pigs Farm Ltd,HP7 0HR,-0.6273429,51.6719338,True
"Junction 2: Adam Beyer, Miss Monique, Indo Warehouse",2026-07-26,2026-07-26 14:00:00+00:00,2026-07-26 22:00:00+00:00,Boston Manor Park,TW8 9JX,-0.319722,51.490177,True
Petworth Summer Festival - Coffee Concert - Bossa Nova,2026-07-28,2026-07-28 12:00:00+00:00,2026-07-28 13:00:00+00:00,Sofas And Stuff   Fittleworth,RH20 1ER,-0.5693509,50.9495384,False
Belladrum Tartan Heart Festival 2026,2026-07-30,2026-07-30 12:00:00+00:00,2026-08-01 23:00:00+00:00,Belladrum Estate,IV4 7BA,-4.470327,57.443579,False
Club Class Luxury Pass at Y Not Festival,2026-07-30,2026-07-30 08:00:00+00:00,2026-08-02 23:00:00+00:00,Y Not Festival,DE4 2PH,-1.705395,53.124244,False
Valley Fest,2026-07-30,2026-07-30 09:00:00+00:00,2026-08-02 01:00:00+00:00,The Community Farm,BS40 8SZ,-2.612287,51.350899,False
Breakout Festival 2026,2026-07-30,2026-07-30 15:00:00+00:00,2026-08-02 23:45:00+00:00,Cox Heath Farm,SA62 5YH,-5.010125,51.8755433,False
Chargecandy at Y Not Festival,2026-07-30,2026-07-30 08:00:00+00:00,2026-08-02 23:00:00+00:00,Y Not Festival,DE4 2PH,-1.705395,53.124244,False
Chargecandy at Belladrum Tartan Heart,2026-07-30,2026-07-30 11:00:00+00:00,2026-08-01 23:00:00+00:00,Belladrum Estate,IV4 7BA,-4.470327,57.443579,False
Vodafone at Kendal Calling,2026-07-30,2026-07-30 08:00:00+00:00,2026-08-02 23:00:00+00:00,Lowther Deer Park,CA10 2DY,-2.732739,54.608378,False
Vodafone at Wilderness,2026-07-30,2026-07-30 08:00:00+00:00,2026-08-02 23:00:00+00:00,Cornbury Park,OX7 3EH,-1.492132,51.861352,False
Vodafone at Camp Bestival,2026-07-30,2026-07-30 08:00:00+00:00,2026-08-02 23:00:00+00:00,Lulworth Castle,BH20 5QS,-2.206448,50.638261,False
Kendal Calling,2026-07-30,2026-07-30 11:00:00+00:00,2026-08-02 23:00:00+00:00,Lowther Deer Park,CA10 2DY,-2.732739,54.608378,False
App Fest,2026-07-30,2026-07-30 11:00:00+00:00,2026-08-02 23:00:00+00:00,HILLWORTH FARM,GL20 6AX,-2.23826,52.030487,False
Outcider Festival,2026-07-30,2026-07-30 11:00:00+00:00,2026-08-02 23:00:00+00:00,Fernhill Farm,BS40 6LD,-2.677509,51.297357,False
Cambridge Rock Festival,2026-07-30,2026-07-30 11:00:00+00:00,2026-08-02 23:00:00+00:00,Ben's Yard,CB7 5TL,0.2914964,52.3736211,False
Camp Bestival - Dorset,2026-07-30,2026-07-30 10:00:00+00:00,2026-08-02 23:00:00+00:00,Lulworth Castle,BH20 5QS,-2.206448,50.638261,False
Wilderness Festival,2026-07-30,2026-07-30 10:00:00+00:00,2026-08-02 23:00:00+00:00,Cornbury Park,OX7 3EH,-1.492132,51.861352,False
Y Not Festival,2026-07-30,2026-07-30 10:00:00+00:00,2026-08-02 23:00:00+00:00,Pikehall,DE4 2xx,-1.574587,53.150824,False
The Green Gathering,2026-07-30,2026-07-30 11:00:00+00:00,2026-08-02 23:00:00+00:00,Piercefield Park,NP16 6BE,-2.696656,51.665725,False
Reggae Land 2026,2026-07-31,2026-07-31 16:00:00+00:00,2026-08-02 22:30:00+00:00,The National Bowl,MK5 8AA,-0.761194,52.01655,False
Burna Boy LIVE at The Milton Keynes National Bowl,2026-07-31,2026-07-31 16:00:00+00:00,2026-07-31 23:00:00+00:00,The National Bowl,MK5 8AA,-0.761194,52.01655,False
Clubland By The Sea,2026-07-31,2026-07-31 15:00:00+00:00,2026-07-31 23:00:00+00:00,Seaton Reach,TS25 1XN,-1.1909988,54.669517,False
The Sound of West End Musicals - Feast Live,2026-07-31,2026-07-31 17:30:00+00:00,2026-07-31 22:00:00+00:00,Clifton Downs,BS91FG,-2.6187049,51.4713855,False
Supersonic Weekender,2026-07-31,2026-07-31 09:00:00+00:00,2026-08-02 23:00:00+00:00,Cattows Farm,LE67 2TD,-1.4382015,52.6953658,False
Arbroath Fest,2026-07-31,2026-07-31 11:00:00+00:00,2026-08-01 22:00:00+00:00,Inchcape Park,DD11 1PZ,-2.588838,56.552946,False
Effy & Mall Grab Present: Frangrance,2026-07-31,2026-07-31 14:00:00+00:00,2026-07-31 22:00:00+00:00,Boston Manor Park,TW8 9JX,-0.319722,51.490177,False
Notsilly weekender,2026-07-31,2026-07-31 12:00:00+00:00,2026-08-03 12:00:00+00:00,"Secret LEICESTERSHIRE Location, LE12",LE12 7BB,-1.1470625,52.7346071,False
Hillbilly Hootenanny 2026,2026-07-31,2026-07-31 12:00:00+00:00,2026-08-02 22:30:00+00:00,The Music Baa,SP5 4LP,-1.8532598,51.0129518,False
Mandala Sounds Rituals,2026-07-31,2026-07-31 22:00:00+00:00,2026-08-01 05:00:00+00:00,Network Sheffield 14 16 Matilda Street S14qd,S1 4qd,-1.4713809,53.3764292,False
Kawson Sacka Afrobeat Live,2026-07-31,2026-07-31 21:00:00+00:00,2026-08-01 02:00:00+00:00,The Printworks Hastings,TN34 1HA,0.5761942,50.8549202,False
Styal Craft Beer Fest 2026,2026-08-01,2026-07-31 15:00:00+00:00,2026-08-01 23:00:00+00:00,Wilmslow Phoenix Sports Club,SK9 4HP,-2.2384845,53.3451844,True
Good Vibrations Society,2026-07-31,2026-07-31 11:00:00+00:00,2026-08-02 23:00:00+00:00,Pippingford Park,TN22 3HW,0.0543441,51.0573322,False
Valley Fest,2026-07-31,2026-07-31 11:00:00+00:00,2026-08-02 23:00:00+00:00,Valley Fest,BS40 8SZ,-2.6127341,51.3559766,False
Stowaway Festival,2026-07-31,2026-07-31 11:00:00+00:00,2026-08-02 23:00:00+00:00,Blackpit Brewery,MK18 5LJ,-1.0157077,52.0544641,False
Club Classics Orchestra,2026-07-31,2026-07-31 17:00:00+00:00,2026-08-01 11:00:00+00:00,Silverlake Stadium,SO50 9HT,-1.3720481,50.9525073,False
Hillbilly Hootenanny,2026-07-31,2026-07-31 12:00:00+00:00,2026-08-02 22:30:00+00:00,"The Music Baa, UK",SP5 4LP,-1.8532598,51.0129518,False
The Moors Muisc Festival,2026-07-31,2026-07-31 14:30:00+00:00,2026-08-02 23:00:00+00:00,Kirkbymoorside Town Centre,YO62 6DA,-0.9315027,54.270028,False
The Kooks Inside In / Inside Out 20 year anniversary,2026-07-31,2026-07-31 16:00:00+00:00,2026-07-31 23:00:00+00:00,Old Royal Naval College Greenwich,SE10 9NN,-0.0085177,51.4827098,False
The Searchers and Hollies Experience,2026-07-31,2026-07-31 19:30:00+00:00,2026-07-31 22:00:00+00:00,Babbacombe Theatre,TQ1 3LU,-3.512021,50.478717,False
Margate Soul Festival,2026-07-31,2026-07-31 11:00:00+00:00,2026-08-02 23:00:00+00:00,Margate,CT9 1DD,1.3836449,51.3898119,False
RADAR Festival,2026-07-31,2026-07-31 11:00:00+00:00,2026-08-02 23:00:00+00:00,O2 Victoria Warehouse,M17 1AB,-2.284971,53.464265,False
Teletech Festival 2026,2026-08-01,2026-08-01 13:00:00+00:00,2026-08-02 05:00:00+00:00,Bowlers Exhibition Centre,M17 1SN,-2.331379,53.469248,True
Hospital30 Block Party,2026-08-01,2026-08-01 14:00:00+00:00,2026-08-01 23:00:00+00:00,Hackney Wick   Multiple Venues,E9 5LN,-0.022772,51.5443248,True
Word of Mouth Prosecco & Club Classics Festival 2026 @ Himley,2026-08-01,2026-08-01 12:00:00+00:00,2026-08-01 21:00:00+00:00,Himley Hall,DY3 4DF,-2.174152,52.519776,True
Brighton Pride - Pride on the Park 2026,2026-08-01,2026-08-01 13:00:00+00:00,2026-08-02 23:00:00+00:00,Preston Park Preston Road Brighton BN1 6AU,BN1 6AU,-0.149421,50.840691,True
"Save The Rave: Old Skool Outdoor Festival, Southport 2026",2026-08-01,2026-08-01 11:00:00+00:00,2026-08-01 22:00:00+00:00,Adventure Coast Southport,PR8 1RX,-3.0174502,53.6476794,True
Haçienda Classical Live Orchestra on The Downs - Feast Live,2026-08-01,2026-08-01 16:00:00+00:00,2026-08-01 23:00:00+00:00,Clifton Downs,BS91FG,-2.6187049,51.4713855,True
Our House Fest 2026,2026-08-01,2026-08-01 13:00:00+00:00,2026-08-01 23:00:00+00:00,Tileyard North Courtyard,WF1 5FY,-1.4905162,53.6753815,True
Maravilosa 5th birthday safari open air,2026-08-01,2026-08-01 12:00:00+00:00,2026-08-01 23:00:00+00:00,Widford Lodge Playing Field,CM2 9AN,0.4571805,51.7204809,True
JUVY Open Air - Sat 1st August @ Berwick Manor Essex,2026-08-01,2026-08-01 14:00:00+00:00,2026-08-01 19:00:00+00:00,Berwick Manor Hotel,RM13 9EL,0.225457,51.527534,True
Worcester Tribute Festival 2026,2026-08-01,2026-08-01 12:00:00+00:00,2026-08-01 21:30:00+00:00,Worcester Racecourse,WR1 3EH,-2.228149,52.195967,True
Eterna presents L O S T in the woods,2026-08-01,2026-08-01 11:30:00+00:00,2026-08-01 22:00:00+00:00,Elvaston Castle Country Park,DE72 3EP,-1.397213,52.893113,True
Country Club - Outdoor Country Music Festival - Liverpool,2026-08-01,2026-08-01 15:00:00+00:00,2026-08-01 22:00:00+00:00,Allerton Manor Golf Club,L18 3JT,-2.8874562,53.3734742,True
Brighton Pride - Pride Street Party 2026,2026-08-01,2026-08-01 15:00:00+00:00,2026-08-02 21:00:00+00:00,Marine Parade,BN2 1TA,-0.1231181,50.8176664,True
Newton Music Festival,2026-08-01,2026-08-01 16:00:00+00:00,2026-08-01 22:00:00+00:00,Mesnes Park,WA12 9TB,-2.62157474,53.45520994,True
Emily Makis - Outsiders 2.0 Day Party: Bristol,2026-08-01,2026-08-01 14:00:00+00:00,2026-08-01 22:00:00+00:00,Pytch Yard,BS4 5EN,-2.535874,51.436489,True
RNB MANIA | Nottingham's R&B Festival!,2026-08-01,2026-08-01 15:00:00+00:00,2026-08-01 21:00:00+00:00,Nottingham's The Nest (Notts County FC),ng23hu,-1.1387132,52.9421576,True
Wax Format Outdoors: Sam Mitcham Vinyl Only All Day Long,2026-08-01,2026-08-01 15:00:00+00:00,2026-08-02 02:00:00+00:00,The Yard Manchester,M8 8NF,-2.239911,53.4952767,True
Hillside Festival 2026,2026-08-01,2026-08-01 14:00:00+00:00,2026-08-01 23:00:00+00:00,Hillside Festival,BL7 0JW,-2.401525,53.6911266,True
"Beard's Fest 2026 - Bladerunner, prozak, Toby ross, DJ cosworth",2026-08-01,2026-08-01 13:00:00+00:00,2026-08-02 03:00:00+00:00,Tremorna Farm,TR19 6NL,-5.5590026,50.0744083,True
Festival in the Park,2026-08-01,2026-08-01 12:00:00+00:00,2026-08-01 21:00:00+00:00,Queens Park Burnley,BB10 3AA,-2.2301254,53.7956337,True
Analog & Ibiza Sound Fest 'SUMMER GARDEN PARTY',2026-08-01,2026-08-01 14:00:00+00:00,2026-08-01 22:00:00+00:00,The White Horse Gardens,AL6 9ET,-0.2132211,51.8306497,True
Dom Dolla on the Thames,2026-08-01,2026-08-01 14:00:00+00:00,2026-08-01 23:00:00+00:00,Old Royal Naval College Greenwich,SE10 9NN,-0.0085177,51.4827098,True
A Grand Day Out,2026-08-01,2026-08-01 14:00:00+00:00,2026-08-02 01:00:00+00:00,Chew's Yard,PR1 2HB,-2.7033987,53.7611586,True
R&B Lovers - Saturday 1st August - Luna Springs,2026-08-01,2026-08-01 15:00:00+00:00,2026-08-02 00:00:00+00:00,Luna Springs Digbeth ,B9 4AG,-1.8814649,52.475036,True
Cheshire Fest 2026,2026-08-22,2026-08-01 12:00:00+00:00,2026-08-01 23:00:00+00:00,Capesthorne Hall,SK11 9JY,-2.2396898,53.2519346,True
Bassline Oldskool Anthems Sheffield Outdoor Fest,2026-08-01,2026-08-01 14:00:00+00:00,2026-08-01 23:00:00+00:00,Network,S1 4QD,-1.4713809,53.3764292,True
Magic of Thailand Festival in Cambridge,2026-08-01,2026-08-01 10:00:00+00:00,2026-08-02 19:00:00+00:00,Parkers Piece A603 Cambridge CB1 1NA,CB1 1NA,0.128161,52.202238,True
R&B Lovers Summer Open Air Festival - Sat 1st Aug - LDN EAST,2026-08-01,2026-08-01 14:00:00+00:00,2026-08-01 22:00:00+00:00,LDN EAST,E16 4SH,0.0037307,51.5190133,True
Ealing Blues Festival 2026,2026-08-01,2026-08-01 13:00:00+00:00,2026-08-02 22:30:00+00:00,Walpole Park,W5 5qe,-0.3018157,51.5065318,True
North West music fest 2026 @ Robin Hood,2026-08-01,2026-08-01 12:00:00+00:00,2026-08-01 22:00:00+00:00,Robin Hood,WN7 3PA,-2.5372786,53.4812888,True
Innervisions London,2026-08-01,2026-08-01 14:00:00+00:00,2026-08-01 22:00:00+00:00,Boston Manor Park,TW8 9JX,-0.319722,51.490177,True
Riverside Riddimz Festival,2026-08-01,2026-08-01 12:00:00+00:00,2026-08-02 23:45:00+00:00,Upton Upon Severn,WR8 0HP,-2.217685,52.0636495,True
Prologue Presents - The Ibiza Day Party,2026-08-01,2026-08-01 15:00:00+00:00,2026-08-02 01:00:00+00:00,Lord Hill,DA6 7QG,0.154755,51.455094,True
Styal Craft Beer Fest 2026,2026-08-01,2026-08-01 12:00:00+00:00,2026-08-01 23:00:00+00:00,Wilmslow Phoenix Sports Club,SK9 4HP,-2.2384845,53.3451844,True
Beats Festival,2026-08-01,2026-08-01 10:00:00+00:00,2026-08-02 19:00:00+00:00,Bridgnorth Rugby Club,WV15 5AD,-2.4143888,52.5370341,True
Threshold was Here - The reunion,2026-08-01,2026-08-01 12:00:00+00:00,2026-08-02 02:00:00+00:00,District ,L1 0BW,-2.981165,53.395134,True
Country Girls Yard Party,2026-08-01,2026-08-01 14:00:00+00:00,2026-08-01 23:00:00+00:00,The Collecting Yard,PR4 0RN,-2.79183423,53.77522433,True
Greenlands inn Jamaica  independence festival,2026-08-01,2026-08-01 14:00:00+00:00,2026-08-01 23:45:00+00:00,The Greenlands Inn,B31 4LF,-1.9811463,52.3957176,True
True Pride,2026-08-01,2026-08-01 17:00:00+00:00,2026-08-02 02:00:00+00:00,Hidden @ Downtex Mill,M3 1DZ,-2.2494453,53.4902123,True
Summer Breakout U18,2026-08-01,2026-08-01 12:00:00+00:00,2026-08-01 17:00:00+00:00,Catshill Social Club,B61 0JJ,-2.063549,52.361126,True
Zione - FOREST PARTY,2026-08-01,2026-08-01 17:00:00+00:00,2026-08-01 22:00:00+00:00,Denton Forest,M34 7GR,-2.093249,53.4371857,True
REM Sessions - 1st August,2026-08-01,2026-08-01 17:00:00+00:00,2026-08-01 23:00:00+00:00,Mr Shaws House,DE1 3NQ,-1.4783909,52.923153,True
Campfire Country Club - London Country Music Spring Festival,2026-08-01,2026-08-01 15:00:00+00:00,2026-08-01 21:00:00+00:00,The Steel Yard,EC4R 3UE,-0.0904974,51.5109703,True
Totally 90s Festival,2026-08-01,2026-08-01 12:00:00+00:00,2026-08-02 22:30:00+00:00,Oaklands College,AL4 0JA,-0.2882959,51.7549989,True
Country Road Festival,2026-08-01,2026-08-01 12:00:00+00:00,2026-08-01 22:30:00+00:00,Silverlake Stadium,SO50 9HT,-1.3720481,50.9525073,True
Cambridge Folk Festival,2026-08-01,2026-08-01 11:00:00+00:00,2026-08-02 23:00:00+00:00,Cherry Hinton Hall,CB1 8DW,0.162936,52.185388,True
Becky Hill - Feast Live,2026-08-02,2026-08-02 16:00:00+00:00,2026-08-02 21:30:00+00:00,Clifton Downs,BS91FG,-2.6187049,51.4713855,True
"Junction 2: I Hate Models, Charlie Sparks",2026-08-02,2026-08-02 14:00:00+00:00,2026-08-02 22:00:00+00:00,Boston Manor Park,TW8 9JX,-0.319722,51.490177,True
Peggy Gou on the Thames,2026-08-02,2026-08-02 14:00:00+00:00,2026-08-02 23:00:00+00:00,Old Royal Naval College Greenwich,SE10 9NN,-0.0085177,51.4827098,True
We are bounce festival,2026-08-02,2026-08-02 13:00:00+00:00,2026-08-02 17:00:00+00:00,The Rainton Arena,DH4 5PH,-1.4841336,54.8354228,True
4Play Presents - Garage & Basslines (Summer Day Party),2026-08-02,2026-08-02 15:30:00+00:00,2026-08-02 22:00:00+00:00,Pitcher And Piano,NG1 1HN,-1.1407251,52.9524928,True
Denim Wear Day & Night Party,2026-08-02,2026-08-02 14:00:00+00:00,2026-08-03 00:00:00+00:00,The Ravensbury,CR4 4JA,-0.1578838,51.3976536,True
Shirley Social - Country Special - Sunday 2nd August 2026,2026-08-02,2026-08-02 10:30:00+00:00,2026-08-02 18:00:00+00:00,Shirley Park,B90 3AL,-1.8260645,52.4109319,True
BASHMENT NATION - Jamaican Independence Day Festival,2026-08-02,2026-08-02 16:00:00+00:00,2026-08-02 22:00:00+00:00,Studio 338,SE10 0PF,0.004709,51.495343,True
Jerk Jam Summer Sizzla,2026-08-02,2026-08-02 12:00:00+00:00,2026-08-02 22:30:00+00:00,Silverlake Stadium,SO50 9HT,-1.3720481,50.9525073,True
Vodafone at Boardmasters,2026-08-05,2026-08-05 08:00:00+00:00,2026-08-09 23:00:00+00:00,Boardmasters ,TR8 4AN,-5.041299,50.444836,False
Lakefest 2026,2026-08-05,2026-08-05 15:00:00+00:00,2026-08-10 00:00:00+00:00,Eastnor Castle Deer Park,HR8 1RL,-2.69626,52.05723,False
Boardmasters Festival,2026-08-05,2026-08-05 11:00:00+00:00,2026-08-09 23:00:00+00:00,Watergate Bay Newquay,TR8 4AA,-5.0412534,50.4448473,False
Back 2 Festival 2026 - The 10th Birthday,2026-08-06,2026-08-06 12:00:00+00:00,2026-08-09 23:00:00+00:00,Cattows Farm,LE67 2TD,-1.4382015,52.6953658,False
Chargecandy at Bloodstock Festival,2026-08-06,2026-08-06 08:00:00+00:00,2026-08-09 23:00:00+00:00,Catton Park,DE12 8LN,-1.6954049,52.7352856,False
Back 2 Festival,2026-08-06,2026-08-06 11:00:00+00:00,2026-08-09 23:00:00+00:00,Cattows Farm,LE67 2TD,-1.4382015,52.6953658,False
Houghton Festival,2026-08-06,2026-08-06 11:00:00+00:00,2026-08-09 23:00:00+00:00,Houghton Hall,PE31 6UE,0.6578157,52.8268319,False
Creation Fest,2026-08-06,2026-08-06 11:00:00+00:00,2026-08-09 23:00:00+00:00,Royal Cornwall Showground,PL27 7JE,-4.865455,50.515581,False
Firevolt Rock Festival,2026-08-06,2026-08-06 11:00:00+00:00,2026-08-09 23:00:00+00:00,Whitebottom Farm,SK6 5JQ,-2.0388127,53.4209586,False
Bloodstock Open Air,2026-08-06,2026-08-06 10:00:00+00:00,2026-08-09 23:00:00+00:00,Catton Park,DE12 8LN,-1.6954049,52.7352856,False
Rebellion Punk Music Festival,2026-08-06,2026-08-06 11:00:00+00:00,2026-08-09 23:00:00+00:00,Winter Gardens Blackpool,FY1 1HL,-3.050948,53.81712,False
Deva Fest,2026-08-06,2026-08-06 11:00:00+00:00,2026-08-09 23:00:00+00:00,Cholmondeley Castle Estate,SY14 8HD,-2.6929156,53.0573354,False
Diaspora Calling! Festival,2026-08-07,2026-08-07 16:00:00+00:00,2026-08-07 23:00:00+00:00,The National Bowl,MK5 8AA,-0.761194,52.01655,False
Timescape Festival 2026,2026-08-07,2026-08-07 12:00:00+00:00,2026-08-09 23:00:00+00:00,Abbots Ripton Cambridgeshire,PE28 2PH,-0.16606,52.381072,False
Secret Island Festival,2026-08-07,2026-08-07 19:00:00+00:00,2026-08-09 21:00:00+00:00,"STROOD FIELD, EAST MERSEA ROAD, EAST MERSEA, CO5 8SL",CO58SL,0.9357421,51.7905325,False
Symphonica #TheIbizaOrchestra Bexleyheath,2026-08-07,2026-08-07 18:00:00+00:00,2026-08-07 22:00:00+00:00,Danson Park,DA15 9PW,0.114145,51.450962,False
"SOULTASIA  - Outdoor Festival, London 2026",2026-08-07,2026-08-07 16:00:00+00:00,2026-08-07 23:00:00+00:00,Morden Park,SM4 4BU,-0.204588,51.3951,False
Bristol International Rare Soul Weekender 2026,2026-08-07,2026-08-07 16:00:00+00:00,2026-08-09 01:00:00+00:00,Various Venues,BS5 0DJ,-2.5831614,51.4584079,False
Soultasia Hertfordshire,2026-08-07,2026-08-07 16:00:00+00:00,2026-08-07 22:00:00+00:00,Metropolitan Bushey,WD23 2TR,-0.3658329,51.6595365,False
Summer Jams 2026,2026-08-07,2026-08-07 16:00:00+00:00,2026-08-07 23:00:00+00:00,Abbey Park,LE4 5AQ,-1.135353,52.644102,False
Foodies Festival 2026 - Edinburgh,2026-08-07,2026-08-07 12:00:00+00:00,2026-08-09 21:00:00+00:00,Inverleith Park,EH3 5NZ,-3.2136083,55.9661079,False
"LoveHerder ""Getting High on Life"" Festival 2026",2026-08-07,2026-08-07 09:00:00+00:00,2026-08-10 16:00:00+00:00,"Birkrigg Park, Stainton, Nr Kendal LA8 0DY",LA8 0DY,-2.7026943,54.276829,False
Jamaican Independence Weekend - 3 Days of Music & Culture,2026-08-07,2026-08-07 12:00:00+00:00,2026-08-09 23:30:00+00:00,The Bulldog Pub,CV31 2NX,-1.5231746,52.2739747,False
Summerstein Fest,2026-08-07,2026-08-07 19:30:00+00:00,2026-08-09 17:00:00+00:00,INN ON THE PROM HOTEL,FY8 1LU,-3.032343,53.748813,False
Phases Casa Nueva,2026-08-07,2026-08-07 20:00:00+00:00,2026-08-08 03:00:00+00:00,Calluna Nottingham,NG1 4AA,-1.1496286,52.9554516,False
Edinburgh Fringe Festival,2026-08-07,2026-08-07 09:00:00+00:00,2026-08-31 23:45:00+00:00,Various,EH1 2NE,-3.1951335,55.9488652,False
Kozfest 2026,2026-08-07,2026-08-07 12:00:00+00:00,2026-08-09 23:45:00+00:00,Penmaenau At Builth Wells,LD2 3RD,-3.41756,52.161175,False
Farmer Phil's Festival,2026-08-07,2026-08-07 11:00:00+00:00,2026-08-09 23:00:00+00:00,Near Gatten Farm,SY5 0SN,-2.89384305,52.57660712,False
No Art Open Air Liverpool - 2026,2026-08-08,2026-08-08 12:00:00+00:00,2026-08-08 23:00:00+00:00,Otterspool Promenade,L17 5AL,-2.9369536,53.365961,True
Electric Paradise,2026-08-08,2026-08-08 12:00:00+00:00,2026-08-08 22:30:00+00:00,The National Bowl,MK5 8AA,-0.761194,52.01655,True
The Great Fete,2026-08-08,2026-08-08 12:00:00+00:00,2026-08-09 22:00:00+00:00,Hatfield Park,AL9 5HX,-0.2145923,51.7606769,True
Garage Nation Outdoor Festival 2026,2026-08-08,2026-08-08 13:00:00+00:00,2026-08-08 22:00:00+00:00,Morden Park,SM4 4BU,-0.204588,51.3951,True
Made In 90s Fest 5th Birthday Feat R&B Icons Xscape & Lil' Mo,2026-08-08,2026-08-08 13:00:00+00:00,2026-08-08 22:00:00+00:00,Addington Park,CR0 5AR,-0.0368672,51.3563854,True
"Road to Nashville Outdoor Festival | Tileyard, Wakefield",2026-08-08,2026-08-08 12:00:00+00:00,2026-08-08 22:00:00+00:00,Tileyard North,WF1 5FY,-1.49048938,53.67544982,True
Park Rock Bexleyheath 2026,2026-08-08,2026-08-08 12:00:00+00:00,2026-08-08 22:00:00+00:00,"Danson Park, Bexleyheath",DA6 8HL,0.1175883,51.4551228,True
Hawkwind: Friends and Relations,2026-08-08,2026-08-08 19:00:00+00:00,2026-08-09 23:00:00+00:00,Morecambe Winter Gardens,LA4 4BU,-2.876804,54.069112,True
"ARTFUL DODGER, K-KLASS & MORE | Love the 90s Fest | Binks Yard",2026-08-08,2026-08-08 14:00:00+00:00,2026-08-08 22:00:00+00:00,Binks Yard,NG2 3BJ,-1.1395462,52.9483902,True
The Canwell Show,2026-08-08,2026-08-08 09:00:00+00:00,2026-08-08 20:00:00+00:00,Canwell Showground,B755SL,-1.78615845,52.59630344,True
Doncaster Pride 2026,2026-08-08,2026-08-08 11:00:00+00:00,2026-08-08 22:00:00+00:00,Town Field Doncaster,DN1 2JR,-1.122002,53.5261543,True
"Road to Nashville Outdoor Festival | Eutopia, Barking",2026-08-08,2026-08-08 14:00:00+00:00,2026-08-08 22:00:00+00:00,Eutopia Warehouse,IG11 0DW,0.0964,51.5204,True
Fox Fest,2026-08-08,2026-08-08 15:00:00+00:00,2026-08-08 23:00:00+00:00,Fox And Hounds,CM11 1PW,0.481049,51.6258201,True
Hive Family Festival 2026,2026-08-08,2026-08-08 11:45:00+00:00,2026-08-08 21:00:00+00:00,Fairthorne Manor,SO30 2GH,-1.259646,50.909554,True
Cookout - Open-Air Summer Festival - Ldn East  - London,2026-08-08,2026-08-08 15:00:00+00:00,2026-08-08 22:00:00+00:00,LDN EAST,E16 4SH,0.0037307,51.5190133,True
R&B Lovers - Summer Weekender - Freight Island Manchester,2026-08-08,2026-08-08 15:00:00+00:00,2026-08-09 22:00:00+00:00,Freight Island,M1 2PZ,-2.2276473,53.4751511,True
Adriatique present X on the Thames,2026-08-08,2026-08-08 14:00:00+00:00,2026-08-08 23:00:00+00:00,Old Royal Naval College Greenwich,SE10 9NN,-0.0085177,51.4827098,True
The Gee Cross Summer Festival,2026-08-08,2026-08-08 12:00:00+00:00,2026-08-09 16:00:00+00:00,Sam Redfern Green,SK14 5RW,-2.06923,53.4379036,True
Back By Dope Demand Festival,2026-08-08,2026-08-08 14:00:00+00:00,2026-08-08 22:00:00+00:00,Six Trees,M17 1BN,-2.3069812,53.4675502,True
Long Eaton Music Festival,2026-08-08,2026-08-08 11:30:00+00:00,2026-08-08 22:00:00+00:00,West Park Events Field,NG10 4AA,-1.2898401,52.8941495,True
Party In The Park 2026 - Tribute Festival,2026-08-08,2026-08-08 15:00:00+00:00,2026-08-08 23:00:00+00:00,1988 Bar And Kitchen,wf9 5jb,-1.3620053,53.6236217,True
RNB MANIA | Bristol's R&B Festival,2026-08-08,2026-08-08 15:00:00+00:00,2026-08-08 21:00:00+00:00,Electric Bristol,BS1 2JY,-2.592191,51.456739,True
Grange-Fest 2026,2026-08-08,2026-08-08 12:30:00+00:00,2026-08-08 23:30:00+00:00,Grange Leisure Park,LN12 1NE,0.2196029,53.3300981,True
Summer 90s Dance Outdoor Daytime Festival Cardiff,2026-08-08,2026-08-08 15:00:00+00:00,2026-08-08 22:00:00+00:00,Tiger Yard,CF10 4GA,-3.1603143,51.4597605,True
Minersfest 90s,2026-08-08,2026-08-08 12:00:00+00:00,2026-08-08 23:00:00+00:00,North Skelton Football Field ,TS12 2DA,-0.961139,54.55552,True
Country Club - Country Music Festival - Shrewsbury,2026-08-08,2026-08-08 15:00:00+00:00,2026-08-08 22:00:00+00:00,The Buttermarket,SY1 2LF,-2.7490712,52.7122638,True
Leicester Food & Music Festival,2026-08-08,2026-08-08 11:00:00+00:00,2026-08-09 22:00:00+00:00,Abbey Park,LE4 5AQ,-1.135353,52.644102,True
Example | Live at Cattows Farm,2026-08-08,2026-08-08 12:00:00+00:00,2026-08-08 23:00:00+00:00,Cattows Farm,LE67 2TD,-1.4382015,52.6953658,True
Reggae at the Billy '26,2026-08-08,2026-08-08 14:00:00+00:00,2026-08-08 21:00:00+00:00,"The King William, Warmley, Bristol, BS30 8BL",BS308SB,-2.47790414,51.45084932,True
Martin Kemp Live DJ set - Back to the 80's - Brighton,2026-08-08,2026-08-08 17:00:00+00:00,2026-08-08 22:00:00+00:00,Pryzm Brighton,BN1 2RE,-0.145052,50.820881,True
Party At The Palace,2026-08-08,2026-08-08 12:00:00+00:00,2026-08-09 23:00:00+00:00,Linlithgow Peel (Palace),EH49 7AL,-3.6009957,55.9775973,True
Brookfest 2026,2026-08-08,2026-08-08 13:00:00+00:00,2026-08-08 21:00:00+00:00,Blackbrook Rugby Club ,WA11 9BB,-2.7067759,53.4581438,True
The Official South West 64th Jamaican Independence Day,2026-08-08,2026-08-08 14:00:00+00:00,2026-08-09 22:00:00+00:00,Lakota,BS2 8QN,-2.589646,51.461795,True
Peacock Freakshow 2,2026-08-08,2026-08-08 14:00:00+00:00,2026-08-08 23:00:00+00:00,Harbour Tavern,YO15 2SH,-0.1901631,54.0815733,True
R&B Lovers - Outdoor Festival Junkyard Norwich,2026-08-08,2026-08-08 14:00:00+00:00,2026-08-08 22:00:00+00:00,Junkyard,NR3 1QA,1.2903356,52.6343932,True
Brynfest 2026,2026-08-08,2026-08-08 13:00:00+00:00,2026-08-08 22:00:00+00:00,Maes Elwyn Playing Fields,SA18 1AH,-3.8625029,51.815124,True
The Poetic Funk Afterparty,2026-08-08,2026-08-08 21:00:00+00:00,2026-08-09 02:00:00+00:00,The Printworks Hastings,TN34 1HA,0.5761942,50.8549202,True
Summer Shellings,2026-08-08,2026-08-08 14:00:00+00:00,2026-08-09 01:00:00+00:00,Fornos,B60 3DR,-2.05789678,52.32062558,True
Day & Night Refugee Fundraiser,2026-08-08,2026-08-08 14:00:00+00:00,2026-08-08 23:45:00+00:00,Fox And Firkin,SE13 6JZ,-0.0140039,51.4572096,True
CH3 Presents : Downtown w/ Ozzie Guven,2026-08-08,2026-08-08 14:00:00+00:00,2026-08-08 22:30:00+00:00,Aynsley Mill ,ST3 1HZ,-2.1262,52.9864573,True
Hidden Beach Festival: Day 1,2026-08-08,2026-08-08 12:00:00+00:00,2026-08-08 22:00:00+00:00,The Oval (Hastings),TN34 1EU,0.568973,50.8562735,True
The George Harrison Project,2026-08-08,2026-08-08 19:30:00+00:00,2026-08-08 22:00:00+00:00,"Brewhouse Theatre And Arts Centre, UK",TA1 1JL,-3.1025352,51.0182372,True
Music & Cider Festival,2026-08-08,2026-08-08 13:00:00+00:00,2026-08-08 23:00:00+00:00,Wool Royal British Legion,BH20 6DJ,-2.2213151,50.6784603,True
WV1fest,2026-08-08,2026-08-08 11:00:00+00:00,2026-08-09 23:00:00+00:00,West Park Wolverhampton,WV1 4PW,-2.1411822,52.5877473,True
New Forest Fairy Festival,2026-08-08,2026-08-08 10:00:00+00:00,2026-08-09 18:00:00+00:00,Burley Village,BH24 4AB,-1.7017211,50.8263788,True
Maiden Voyage,2026-08-08,2026-08-08 12:00:00+00:00,2026-08-08 23:00:00+00:00,BURGESS PARK,SE5 0AL,-0.0821175,51.4832499,True
Sundown Country Festival - Bexleyheath,2026-08-09,2026-08-09 12:00:00+00:00,2026-08-09 20:00:00+00:00,BEXLEYHEATH    Danson Park Lakeside Close DA15 9PW,DA15 9PW,0.1177376,51.4500744,True
Eastern Electrics 2026,2026-08-09,2026-08-09 12:00:00+00:00,2026-08-09 22:00:00+00:00,BURGESS PARK,SE5 0AL,-0.0821175,51.4832499,True
Garage Nation Generations Festival & Music Nation,2026-08-09,2026-08-09 14:00:00+00:00,2026-08-09 22:00:00+00:00,Morden Park,SM4 4BU,-0.204588,51.3951,True
Anjunadeep Open Air on the Thames,2026-08-09,2026-08-09 14:00:00+00:00,2026-08-09 23:00:00+00:00,Old Royal Naval College Greenwich,SE10 9NN,-0.0085177,51.4827098,True
London Reggae & Ska Festival - Morden Park,2026-08-09,2026-08-09 14:00:00+00:00,2026-08-09 22:00:00+00:00,Morden Park,SM4 4BU,-0.204588,51.3951,True
Summer 90s & 00s R&B Outdoor Festival - London 2026,2026-08-09,2026-08-09 13:00:00+00:00,2026-08-09 21:00:00+00:00,The Cause London,E16 1YZ,-0.0621544,51.5899546,True
Flashback Fete,2026-08-09,2026-08-09 15:00:00+00:00,2026-08-09 21:00:00+00:00,Mama Roux's Birmingham,B9 4AG,-1.8825164,52.4753565,True
AWOL @ Music Nation Festival 2026,2026-08-09,2026-08-09 14:00:00+00:00,2026-08-09 22:00:00+00:00,Morden Park,SM4 4BU,-0.204588,51.3951,True
Love Sensation Festival,2026-08-09,2026-08-09 12:00:00+00:00,2026-08-09 21:00:00+00:00,The Oval (Hastings),TN34 1EU,0.568973,50.8562735,True
Gin & Juice: Old School Hip-Hop Outdoor Summer Festival,2026-08-09,2026-08-09 13:00:00+00:00,2026-08-09 21:00:00+00:00,The Cause London,E16 1YZ,-0.0621544,51.5899546,True
Anjunadeep Open Air on the Thames,2026-08-09,2026-08-09 14:00:00+00:00,2026-08-09 23:00:00+00:00,Anjunadeep Open Air On The Thames,SE10 9LL,-0.0066964,51.4827142,True
Homegrown Festival,2026-08-11,2026-08-11 11:00:00+00:00,2026-08-11 23:00:00+00:00,The Hope And Ruin,BN1 3WA,-0.143258,50.8246098,False
Chargecandy at Boomtown Fair,2026-08-12,2026-08-12 08:00:00+00:00,2026-08-16 23:00:00+00:00,Matterley Estate,SO21 1HW,-1.2230082,51.0724065,False
Boomtown,2026-08-12,2026-08-12 11:00:00+00:00,2026-08-16 23:00:00+00:00,Matterley Estate,SO21 1HW,-1.2230082,51.0724065,False
Borde Hill Summer Series (weekend tickets),2026-08-13,2026-08-13 16:00:00+00:00,2026-08-15 22:30:00+00:00,Borde Hill Parkland,RH16 1XP,-0.115356,51.02161,False
Ranch Jam Festival 2026,2026-08-14,2026-08-14 09:00:00+00:00,2026-08-16 22:00:00+00:00,Cattows Farm,LE67 2TD,-1.4382015,52.6953658,False
SOULTASIA Reading,2026-08-14,2026-08-14 17:00:00+00:00,2026-08-14 22:30:00+00:00,Prospect Park,RG30 2ND,-1.011459,51.449361,False
MK Weekender,2026-08-14,2026-08-14 17:00:00+00:00,2026-08-15 23:00:00+00:00,Campbell Park Avebury Blvd Milton Keynes MK9 3FT ,MK9 3FT,-0.745714,52.045191,False
LPT SEA Access,2026-08-14,2026-08-14 17:00:00+00:00,2026-08-16 23:00:00+00:00,Brechin Castle Showground,DD9 6TJ,-2.6939366,56.727689,False
Northampton Balloon Festival,2026-08-14,2026-08-14 12:00:00+00:00,2026-08-16 22:30:00+00:00,Northampton Balloon Festival Northampton Racecourse,NN1 4LG,-0.8826545,52.2477367,False
Beach Fest Bournemouth,2026-08-14,2026-08-14 15:00:00+00:00,2026-08-16 19:30:00+00:00,Bournemouth Beach,BH5 1BN,-1.8656728,50.7173603,False
SnugFest 2026 - Fell Foot Wood - Florentenes,2026-08-14,2026-08-14 10:00:00+00:00,2026-08-16 11:00:00+00:00,Fell Foot Wood Newby Bridge Ulverston LA12 8NN,LA12 8NN,-2.9493518,54.276571,False
Marsh Tots,2026-08-14,2026-08-14 12:00:00+00:00,2026-08-14 18:00:00+00:00,Farm Field,TN299SL,0.88377588,50.99338725,False
Wild Within Women's Festival,2026-08-14,2026-08-14 12:00:00+00:00,2026-08-16 15:00:00+00:00,Silver Forest,LN7 6HL,-0.4239804,53.5020455,False
WREXFEST 2026 - Early Bird Weekend Pass,2026-08-14,2026-08-14 18:00:00+00:00,2026-08-16 03:00:00+00:00,Wrexham City Centre Various Venues,LL13 8BB,-2.9908306,53.0464134,False
Jurassic Fields,2026-08-14,2026-08-14 11:00:00+00:00,2026-08-16 23:00:00+00:00,West Bay Fields,DT6 4DN,-2.75387859,50.72798491,False
Country Calling,2026-08-14,2026-08-14 11:00:00+00:00,2026-08-16 23:00:00+00:00,Hylands Estate Chelmsford,CM2 8WQ,0.4345292,51.7076623,False
The Magpies Festival,2026-08-14,2026-08-14 11:00:00+00:00,2026-08-15 23:00:00+00:00,"Sutton Park, York",YO61 1DP,-1.1104272,54.07380349,False
Big Weekender,2026-08-14,2026-08-14 09:30:00+00:00,2026-08-16 17:30:00+00:00,Wellington Country Park.,RG7 1SP,-0.9612239,51.3592235,False
Vegan Camp Out,2026-08-14,2026-08-14 11:00:00+00:00,2026-08-17 23:00:00+00:00,Walesby Forest Adventure Activity Centre,NG22 9NG,-0.9997877,53.2246735,False
Ministry Of Sound Classical At Castle Howard,2026-08-15,2026-08-15 14:00:00+00:00,2026-08-15 22:30:00+00:00,Castle Howard York,YO60 7DJ,-0.9228994,54.1227933,True
Coloursfest 25th Anniversary 2026,2026-08-15,2026-08-15 12:00:00+00:00,2026-08-16 23:00:00+00:00,BRAEHEAD WATERFRONT,G51 4BN,-4.3634641,55.8762756,True
Norden Cricket Club Festival 2026,2026-08-15,2026-08-15 12:00:00+00:00,2026-08-15 21:30:00+00:00,Norden Cricket Club,OL12 7SD,-2.2082196,53.6273715,True
In the Park presents Lewis Capaldi,2026-08-15,2026-08-15 16:00:00+00:00,2026-08-15 22:00:00+00:00,Sefton Park,L17 1AP,-2.939344,53.381907,True
RNB MANIA | Sheffield's Outdoor Summer Festival,2026-08-15,2026-08-15 15:00:00+00:00,2026-08-15 23:00:00+00:00,SYSheffield (Steel Yard),S3 8AS,-1.4790332,53.394278,True
Déjà vu Garden Party,2026-08-15,2026-08-15 14:00:00+00:00,2026-08-15 23:00:00+00:00,The Country Park,HU13 0HB,-0.451228,53.714505,True
SKINNY LIVING - Solid Ground Festival,2026-08-15,2026-08-15 13:00:00+00:00,2026-08-15 23:00:00+00:00,Tileyard North Courtyard,WF1 5FY,-1.4905162,53.6753815,True
Electric Dreams - By The Sea 15th AUG - South Queensferry,2026-08-15,2026-08-15 14:00:00+00:00,2026-08-15 22:00:00+00:00,Outboard By Scotts,EH30 9RD,-3.406848,55.9932973,True
BOOZéBRUNCH The Festival Dalkeith Country Park,2026-08-15,2026-08-15 12:00:00+00:00,2026-08-15 18:30:00+00:00,Dalkeith Country Park ,EH22 1ST,-3.0651,55.899475,True
Wilmslow,2026-08-15,2026-08-15 11:30:00+00:00,2026-08-15 22:00:00+00:00,Wilmslow Rugby Club,SK9 5PZ,-2.2480355,53.3342993,True
Garage Republic Outdoor Festival 2026 | Binks Yard Nottingham,2026-08-15,2026-08-15 14:00:00+00:00,2026-08-15 22:00:00+00:00,Binks Yard,NG2 3BJ,-1.1395462,52.9483902,True
Evesham Music Festival 2026,2026-08-15,2026-08-15 12:00:00+00:00,2026-08-15 21:30:00+00:00,Badsey Community And Sports Club,WR11 7EU,-1.8913132,52.0876235,True
Cafe Mambo Ibiza Classics In The Park Festival,2026-08-15,2026-08-15 12:00:00+00:00,2026-08-15 22:00:00+00:00,Prospect Park,RG30 2ND,-1.011459,51.449361,True
Haze Festival - Sat 15th Aug 2026,2026-08-15,2026-08-15 14:00:00+00:00,2026-08-15 22:00:00+00:00,Coventry Cathedral Ruins,CV1 5AB,-1.5075081,52.4079512,True
Out There .,2026-08-15,2026-08-15 19:30:00+00:00,2026-08-16 02:00:00+00:00,Gisburn Forest,BB7 4TS,-2.3927265,53.9943481,True
Sheffield Festival Of Reggae| Network 2026,2026-08-15,2026-08-15 13:00:00+00:00,2026-08-16 00:00:00+00:00,Network   Sheffield,S1 4QD,-1.4718857,53.3766798,True
SOLAIRE: Open Air,2026-08-15,2026-08-15 14:00:00+00:00,2026-08-15 21:00:00+00:00,Lochardil House Hotel,IV2 4LF,-4.2343413,57.4560242,True
OVER 30's CLUB - Summer Open Air Festival - Freight Island,2026-08-15,2026-08-15 15:00:00+00:00,2026-08-15 22:00:00+00:00,Freight Island,M1 2PZ,-2.2276473,53.4751511,True
Summer 90s Outdoor Festival - Junkyard Norwich,2026-08-15,2026-08-15 15:00:00+00:00,2026-08-15 22:00:00+00:00,Junkyard Market,NR3 1QA,1.2903356,52.6343932,True
Energy 91 Garden Rave 2,2026-08-15,2026-08-15 15:00:00+00:00,2026-08-15 22:00:00+00:00,Reindeer Inn,SK15 3DW,-2.0403514,53.4881199,True
Magic of Thailand Festival in Brighton,2026-08-15,2026-08-15 10:00:00+00:00,2026-08-16 19:00:00+00:00,Preston Park Preston Road Brighton BN1 6AU,BN1 6AU,-0.149421,50.840691,True
Her Frequency Rooftop Party,2026-08-15,2026-08-15 14:00:00+00:00,2026-08-15 22:00:00+00:00,Home Lincoln,LN1 1UF,-0.541123,53.230209,True
Allday Indie Indoor Festival - Leeds,2026-08-15,2026-08-15 17:00:00+00:00,2026-08-15 22:00:00+00:00,O2 Academy Leeds,LS2 3AW,-1.547085,53.802172,True
OrchardFest 2026,2026-08-15,2026-08-15 14:00:00+00:00,2026-08-15 22:15:00+00:00,The Orchard Trust Day Service,gl179pd,-2.59337135,51.85027369,True
Garden Rave,2026-08-15,2026-08-15 12:00:00+00:00,2026-08-15 23:00:00+00:00,Coach House,EN9 2BE,0.0147057,51.7198369,True
R&B Lovers - Saturday 15th August - Athena Leicester,2026-08-15,2026-08-15 17:00:00+00:00,2026-08-15 23:00:00+00:00,Athena,LE1 1QD,-1.12687,52.635294,True
R&B Lovers - Saturday 15th August - Mint Warehouse,2026-08-15,2026-08-15 15:00:00+00:00,2026-08-15 22:00:00+00:00,Mint Warehouse,LS11 9UD,-1.557764,53.79034,True
R&B Lovers - Saturday 15th August - DEPOT Cardiff,2026-08-15,2026-08-15 17:00:00+00:00,2026-08-15 23:00:00+00:00,Depot,CF10 5DF,-3.178509,51.471409,True
Frogfest Liverpool - 2026,2026-08-15,2026-08-15 14:00:00+00:00,2026-08-16 02:00:00+00:00,District ,L1 0BW,-2.981165,53.395134,True
The CourtYard Fest,2027-08-14,2026-08-15 10:30:00+00:00,2026-08-15 22:30:00+00:00,Betley Court Farm,CW3 9BH,-2.3685653,53.02973,True
Rock The Marshes,2026-08-15,2026-08-15 12:00:00+00:00,2026-08-16 23:00:00+00:00,Farm Field,TN299SL,0.88377588,50.99338725,True
ProDog Beach Fest 2026,2026-08-15,2026-08-15 09:00:00+00:00,2026-08-16 17:00:00+00:00,Weston Super Mare Beach Lawns,BS23 1AT,-2.9826168,51.3367803,True
Original Culture Festival 2026,2026-08-15,2026-08-15 14:00:00+00:00,2026-08-15 22:00:00+00:00,Priory Country Park Barkers Lane Bedford MK41,MK41 9DJ,-0.43474,52.131464,True
GWT Night Market,2026-08-15,2026-08-15 17:00:00+00:00,2026-08-15 23:00:00+00:00,Forest Recreation Ground Gregory Blvd NG7 6LB,NG7 6LB,-1.15823,52.966819,True
The Searchers and Hollies Experience,2026-08-15,2026-08-15 19:30:00+00:00,2026-08-15 22:00:00+00:00,University Of Kent.,CT2 7NB,1.0694181,51.2983907,True
The Temple Newsam Food Festival 2026: A Summertime Feast,2026-08-15,2026-08-15 10:00:00+00:00,2026-08-16 19:00:00+00:00,Temple Newsam Park,LS15 0AD,-1.4550677,53.7900707,True
Michael Bibi extended set on the Thames,2026-08-16,2026-08-16 14:00:00+00:00,2026-08-16 23:00:00+00:00,Old Royal Naval College Greenwich,SE10 9NN,-0.0085177,51.4827098,True
Raver Tots Outdoor Festival Milton Keynes,2026-08-16,2026-08-16 12:00:00+00:00,2026-08-16 18:00:00+00:00,Campbell Park Milton Keynes MK9,MK9 4AD,-0.7366778,52.0498952,True
The Garden @SEA,2026-08-16,2026-08-16 12:00:00+00:00,2026-08-16 21:00:00+00:00,Brechin Castle Showground,DD9 6TJ,-2.6939366,56.727689,True
Raver Tots Outdoor Festival Reading,2026-08-16,2026-08-16 13:00:00+00:00,2026-08-16 18:00:00+00:00,Prospect Park Reading,RG30 2ND,-1.0094196,51.4483256,True
original Family Festival 2026,2026-08-16,2026-08-16 11:00:00+00:00,2026-08-16 19:00:00+00:00,Priory Country Park Barkers Lane Bedford MK41,MK41 9DJ,-0.43474,52.131464,True
Sounds of the 60s with The Zoots,2026-08-17,2026-08-17 19:30:00+00:00,2026-08-17 22:00:00+00:00,The Mowlem,BH19 1DD,-1.9569092,50.6093002,False
ArcTanGent,2026-08-19,2026-08-19 11:00:00+00:00,2026-08-23 23:00:00+00:00,Fernhill Farm,BS40 6LD,-2.6759066,51.2929264,False
Himley Live 2026: The K-POP Festival Experience,2026-08-20,2026-08-20 16:00:00+00:00,2026-08-20 19:30:00+00:00,Himley Hall,DY3 4DF,-2.174152,52.519776,False
Rock N Roll Circus Norwich,2026-08-20,2026-08-20 11:00:00+00:00,2026-08-23 23:00:00+00:00,Earlham Park,NR4 7TQ,1.2378515,52.6256681,False
110 Above,2026-08-20,2026-08-20 11:00:00+00:00,2026-08-22 23:00:00+00:00,Gopsall Hall Farm,CV9 3QJ,-1.481138,52.6542831,False
Sunrise Film Festival,2026-08-20,2026-08-20 10:00:00+00:00,2026-08-23 23:00:00+00:00,Marina Theatre,NR32 1HH,1.753547,52.476184,False
Sunrise Film Festival,2026-08-20,2026-08-20 10:00:00+00:00,2026-08-23 23:00:00+00:00,"Marina Theatre, UK",NR32 1HH,1.7535491,52.4760937,False
Trentham Live,2026-08-20,2026-08-20 11:00:00+00:00,2026-08-23 23:00:00+00:00,Trentham Gardens ,ST4 8JG,-2.195012,52.9629735,False
We Out Here Festival,2026-08-20,2026-08-20 11:00:00+00:00,2026-08-23 23:00:00+00:00,"Wimborne St Giles, Dorset",BH21 5NA,-1.9554357,50.9037928,False
Green Man Festival,2026-08-20,2026-08-20 11:00:00+00:00,2026-08-23 23:00:00+00:00,Bannau Brycheiniog National Park,NP81LP,-3.1766854,51.8692327,False
A New Day Festival 2026,2026-08-21,2026-08-21 11:30:00+00:00,2026-08-23 23:00:00+00:00,Mt Ephraim Gardens Hernhill Faversham Kent,ME13 9TX,0.960875,51.298966,False
"Rob Lamberti presents: George Michael | Keel SQ, Sunderland",2026-08-21,2026-08-21 19:00:00+00:00,2026-08-21 22:30:00+00:00,Keel Square,SR1 3DZ,-1.387824,54.907258,False
U Fest - Boxpark Wembley - Friday 21st August,2026-08-21,2026-08-21 18:00:00+00:00,2026-08-21 23:00:00+00:00,Boxpark Wembley,HA9 0JT,-0.2803926,51.5605176,False
Ibiza Classics Richmond,2026-08-21,2026-08-21 18:00:00+00:00,2026-08-21 22:00:00+00:00,Old Deer Park,TW9 2SL,-0.309108,51.464456,False
Symphonic Ibiza Orchestra Bristol,2026-08-21,2026-08-21 17:00:00+00:00,2026-08-21 22:30:00+00:00,Bristol Amphitheatre And Waterfront Square,BS1 5LL,-2.5995068,51.4486627,False
The Darley Park Weekender 2026,2026-08-21,2026-08-21 16:00:00+00:00,2026-08-21 23:00:00+00:00,Darley Park,DE22 1EN,-1.4786504,52.9371789,False
Flocksteady Bleats 2026,2026-08-21,2026-08-21 12:00:00+00:00,2026-08-23 22:30:00+00:00,The Music Baa,SP5 4LP,-1.8532598,51.0129518,False
Phases Casa Nueva X Bunker,2026-08-21,2026-08-21 20:00:00+00:00,2026-08-22 03:00:00+00:00,Calluna Nottingham,NG1 4AA,-1.1496286,52.9554516,False
One Love Festival,2026-08-21,2026-08-21 11:00:00+00:00,2026-08-22 23:00:00+00:00,Bentley Estate,BN8 5AF,0.1121195,50.9262664,False
Beautiful Days Festival,2026-08-21,2026-08-21 11:00:00+00:00,2026-08-23 23:00:00+00:00,Escot Park,EX11 1LU,-3.298426,50.777243,False
Field Maneuvers,2026-08-21,2026-08-21 11:00:00+00:00,2026-08-23 23:00:00+00:00,SECRET LOCATION NORWICH,NR31DD,1.2914168,52.6368788,False
Tribfest 2026,2026-08-21,2026-08-21 12:00:00+00:00,2026-08-23 23:45:00+00:00,Sledmere House,YO25 3XG,-0.5804363,54.0704712,False
Flocksteady Bleats,2026-08-21,2026-08-21 12:00:00+00:00,2026-08-23 22:30:00+00:00,"The Music Baa, UK",SP5 4LP,-1.8532598,51.0129518,False
3 Wishes Fairy Festival,2026-08-21,2026-08-21 10:00:00+00:00,2026-08-23 23:00:00+00:00,Garslade Farm,BA5 1RX,-2.7245257,51.1820868,False
FAC51 The Haçienda at Wollaton Hall - Nottingham,2026-08-22,2026-08-22 13:00:00+00:00,2026-08-22 23:00:00+00:00,Wollaton Hall,NG8 2AE,-1.2037799,52.9673054,True
Park Rock Richmond 2026,2026-08-22,2026-08-22 12:00:00+00:00,2026-08-22 22:00:00+00:00,"Old Deer Park, Richmond",TW9 2SL,-0.30953698,51.46540039,True
Rockore 2026,2026-08-22,2026-08-22 11:00:00+00:00,2026-08-22 22:30:00+00:00,Lochore Meadows Country Park,KY5 8BA,-3.3371985,56.150424,True
"CLAIRE RICHARDS, ETERNAL & MORE| Love the 90s Fest |Keel Square",2026-08-22,2026-08-22 13:00:00+00:00,2026-08-22 22:30:00+00:00,Keel Square,SR1 3DZ,-1.387824,54.907258,True
Remember Them Dayz Fest - London - Boxpark Wembley,2026-08-22,2026-08-22 18:00:00+00:00,2026-08-22 23:00:00+00:00,Boxpark Wembley,HA9 0JT,-0.2803926,51.5605176,True
Roe Green Cricket Club festival 2026,2026-08-22,2026-08-22 12:00:00+00:00,2026-08-22 21:30:00+00:00,ROE GREEN CRICKET CLUB,M282QW,-2.3798242,53.510071,True
SOULTASIA - Bristol,2026-08-22,2026-08-22 13:00:00+00:00,2026-08-22 22:30:00+00:00,Bristol Amphitheatre,BS1 5LL,-2.6008504,51.4486211,True
Himley Live 2026: The Groove Society,2026-08-22,2026-08-22 13:30:00+00:00,2026-08-22 22:00:00+00:00,Himley Hall,DY3 4DF,-2.174152,52.519776,True
Banff Castle Rocks,2026-08-22,2026-08-22 13:00:00+00:00,2026-08-22 23:00:00+00:00,Banff Castle,AB45 1DL,-2.523408,57.6663908,True
Purple Disco Machine,2026-08-22,2026-08-22 14:30:00+00:00,2026-08-22 22:00:00+00:00,Magazine Open Air,SE10 0JH,-0.0013038,51.501112,True
Southbound Fest,2026-08-22,2026-08-22 12:00:00+00:00,2026-08-23 22:00:00+00:00,Princes Park Eastbourne,bn227ll,0.3078747,50.7794884,True
"NADINE COYLE & MORE | Pop Republic Fest | Freight Island, MCR",2026-08-22,2026-08-22 14:00:00+00:00,2026-08-22 22:00:00+00:00,Freight Island,M1 2PZ,-2.2276473,53.4751511,True
"Rum & Reggae | Binks Yard, Nottingham",2026-08-22,2026-08-22 14:00:00+00:00,2026-08-22 22:00:00+00:00,Binks Yard,NG2 3BJ,-1.1395462,52.9483902,True
Paisley Music and Arts Street Festival,2026-08-22,2026-08-22 12:00:00+00:00,2026-08-22 21:00:00+00:00,"Shuttle Street, Paisley",PA1 1YD,-4.4252126,55.8430312,True
Dubtendo Day Party - London,2026-08-22,2026-08-22 13:00:00+00:00,2026-08-22 21:00:00+00:00,The Fox And Firkin,SE13 6JZ,-0.0142768,51.4568908,True
Pulloxhill Events 2026 - Ellie Sax Presents Ibiza Anthems Live,2026-08-22,2026-08-22 17:00:00+00:00,2026-08-23 00:00:00+00:00,The Cross Keys Paddock,MK45 5HB,-0.4543879,51.9958073,True
Cheshire Fest 2026 | Live at Tatton Park,2026-08-22,2026-08-22 12:00:00+00:00,2026-08-22 23:00:00+00:00,Tatton Park,WA16 6QN,-2.367358,53.328469,True
Hifields 2026,2026-08-22,2026-08-22 12:00:00+00:00,2026-08-23 00:00:00+00:00,Dullingham Polo Club,CB8 9UT,0.3498657,52.2052346,True
Signal Festival 2026,2026-08-22,2026-08-22 12:00:00+00:00,2026-08-23 05:00:00+00:00,The Cause London,E16 1YZ,-0.0621544,51.5899546,True
Back to the 80's Summer Tribute Festival with Martin Kemp,2026-08-22,2026-08-22 15:00:00+00:00,2026-08-22 22:00:00+00:00,Wheelers Farm ,CM3 3LZ,0.4902514,51.7871197,True
Boxout Fest 2026 + SPECIAL GUESTS,2026-08-22,2026-08-22 15:00:00+00:00,2026-08-23 23:30:00+00:00,Luna Springs Digbeth ,B9 4AG,-1.8814649,52.475036,True
Magic of Thailand Festival in Manchester,2026-08-22,2026-08-22 10:00:00+00:00,2026-08-23 19:00:00+00:00,Platt Fields Park Platt Lane Manchester M14 5NF,M14 5NF,-2.224913,53.449339,True
The Red Lion Garden Party,2026-08-22,2026-08-22 12:30:00+00:00,2026-08-22 21:00:00+00:00,The Red Lion Inn,DY7 5DU,-2.2822806,52.5123586,True
NucleusFEST,2026-08-22,2026-08-22 14:00:00+00:00,2026-08-23 20:00:00+00:00,Nucleus Winery At Fort Borstal,ME1 3NN,0.4889164,51.3704755,True
Steel City Dancehall Festival 2026,2026-08-22,2026-08-22 15:00:00+00:00,2026-08-22 22:00:00+00:00,Caribbean Sports Club,S35 9WN,-1.4578153,53.4415115,True
Donkey fest,2026-08-22,2026-08-22 13:00:00+00:00,2026-08-23 00:00:00+00:00,Ol12 9tb,OL12 9TB,-2.1494589,53.6300476,True
"LOUD and LOADED 2026 - Live Rock, Metal and Beer festival",2026-08-22,2026-08-22 13:00:00+00:00,2026-08-22 23:30:00+00:00,"Coddy's Farm, Holmfirth",HD9 2TH,-1.808244,53.548286,True
4 Corners Day Party,2026-08-22,2026-08-22 14:00:00+00:00,2026-08-22 22:00:00+00:00,Eutopia Warehouse,IG11 0DW,0.0964,51.5204,True
R&B Lovers - Saturday 22nd August - Allerton Manor,2026-08-22,2026-08-22 15:00:00+00:00,2026-08-22 22:00:00+00:00,Allerton Manor Golf Club,L18 3JT,-2.8874562,53.3734742,True
Rulebreakerz & Friendz Fest,2026-08-22,2026-08-22 13:00:00+00:00,2026-08-22 23:00:00+00:00,Brace Of Pistols Clacton On Sea,CO16 8DU,1.1293088,51.8038751,True
Slug Fest 2026,2026-08-22,2026-08-22 15:00:00+00:00,2026-08-23 00:00:00+00:00,VENUE TBA WIGAN CENTER,WN1 1DY,-2.6313265,53.5441906,True
INJM Fest,2027-08-21,2026-08-22 12:00:00+00:00,2026-08-22 22:00:00+00:00,Eternit Sport And Social Club,SG8 5RL,-0.0067322,52.1000776,True
Jls Ticket,2026-08-22,2026-08-22 04:00:00+00:00,2026-08-22 10:00:00+00:00,Virtual Event Derby,DE1 0AQ,-1.4746186,52.9225301,True
R&B Lovers - Saturday 22nd Aug - Aruba Bournemouth,2026-08-22,2026-08-22 17:00:00+00:00,2026-08-22 22:00:00+00:00,Aruba Bar And Restaurant,BH2 5AA,-1.87567299,50.71604,True
RNB MANIA | Sunderland's R&B Festival!,2026-08-22,2026-08-22 13:00:00+00:00,2026-08-22 22:30:00+00:00,Keel Square,SR1 3DZ,-1.387824,54.907258,True
All Points East,2026-08-22,2026-08-22 11:00:00+00:00,2026-08-30 23:00:00+00:00,"Victoria Park, London",E9 7DD,-0.0390938,51.5361215,True
Hifields Festival,2026-08-22,2026-08-22 11:00:00+00:00,2026-08-22 23:00:00+00:00,Dullingham Polo Club,CB8 9UT,0.3498657,52.2052346,True
Rewind Festival South,2026-08-22,2026-08-22 11:00:00+00:00,2026-08-23 23:00:00+00:00,Temple Island Meadows,RG9 3DB,-0.900748,51.536031,True
"GirlyPop Fest | Keel Square, Sunderland",2026-08-23,2026-08-23 12:00:00+00:00,2026-08-23 16:30:00+00:00,Keel Square,SR1 3DZ,-1.387824,54.907258,True
Himley Live 2026: Boots & Roots Festival,2026-08-23,2026-08-23 12:00:00+00:00,2026-08-23 21:00:00+00:00,Himley Hall,DY3 4DF,-2.174152,52.519776,True
Sundown Country Festival - Richmond,2026-08-23,2026-08-23 12:00:00+00:00,2026-08-23 20:00:00+00:00,Old Deer Park,TW9 2SL,-0.309108,51.464456,True
Raver Tots Outdoor Festival Bristol,2026-08-23,2026-08-23 12:00:00+00:00,2026-08-23 18:00:00+00:00,Bristol Amphitheatre,BS1 5LL,-2.6008504,51.4486211,True
The Prime Rave Chelmsford,2026-08-23,2026-08-23 19:00:00+00:00,2026-08-24 02:00:00+00:00,Bar And Beyond,CM2 0HR,0.4747008,51.7311522,True
Summer Festival in Oving,2026-08-25,2026-08-25 11:00:00+00:00,2026-08-25 15:00:00+00:00,Oving Village Hall,HP22 4HD,-0.8574804,51.8869301,False
Rock en Seine,2026-08-26,2026-08-26 11:00:00+00:00,2026-08-30 23:00:00+00:00,Domaine De Saint Cloud,FR,-2.1264712,57.131255,False
Vodafone at Reading Festival,2026-08-27,2026-08-27 08:00:00+00:00,2026-08-30 23:00:00+00:00,Richfield Avenue Festival Site,RG1 8EQ,-0.985483,51.463616,False
Vodafone at Leeds Festival,2026-08-27,2026-08-27 08:00:00+00:00,2026-08-30 23:00:00+00:00,Bramham Park,LS23 6ND,-1.381591,53.86853,False
Chargecandy at Creamfields,2026-08-27,2026-08-27 08:00:00+00:00,2026-08-30 23:00:00+00:00,Creamfields,WA4 4AG,-2.597379,53.389327,False
Glastonferret 2026,2026-08-27,2026-08-27 16:00:00+00:00,2026-08-30 23:45:00+00:00,The Ferret,PR1 2XQ,-2.709592,53.763975,False
Chargecandy at Lost Village,2026-08-27,2026-08-27 08:00:00+00:00,2026-08-30 23:00:00+00:00,Norton Lodge,LN6 9JR,-0.691914,53.124546,False
Hitchin Live at the Priory (weekend tickets),2026-08-27,2026-08-27 16:00:00+00:00,2026-08-30 22:30:00+00:00,Hitchin Priory,SG5 2DL,-0.2790761,51.9450487,False
Robbers Dogs Growler Rally 2026,2026-08-27,2026-08-27 12:00:00+00:00,2026-08-30 00:00:00+00:00,The Whitby Club,CH65 6QF,-2.910045,53.262087,False
Lost Village,2026-08-27,2026-08-27 11:00:00+00:00,2026-08-30 23:00:00+00:00,Lost Village,LN6 9QG,-0.6894291,53.1404358,False
Greenbelt Festival,2026-08-27,2026-08-27 11:00:00+00:00,2026-08-30 23:00:00+00:00,Boughton House,NN16 9UP,-0.6945309,52.4168496,False
Reading Festival,2026-08-27,2026-08-27 11:00:00+00:00,2026-08-30 23:00:00+00:00,Little John's Farm,RG30 1AB,-0.991697,51.456062,False
Leeds Festival,2026-08-27,2026-08-27 11:00:00+00:00,2026-08-30 23:00:00+00:00,Bramham Park,LS23 6ND,-1.381591,53.86853,False
Shambala Festival,2026-08-27,2026-08-27 11:00:00+00:00,2026-08-30 23:00:00+00:00,Kelmarsh Hall,NN6 9LY,-0.9181273,52.4062897,False
Sunshine Music Festival,2026-08-27,2026-08-27 11:00:00+00:00,2026-08-30 23:00:00+00:00,Fish Meadow Upton Upon Severn,WR8 0PB,-2.218323,52.066244,False
Tunes in the Park,2026-08-27,2026-08-27 11:00:00+00:00,2026-08-30 23:00:00+00:00,Port Eliot Estate,PL12 5ND,-4.309751,50.397376,False
The Long Road,2026-08-27,2026-08-27 11:00:00+00:00,2026-08-30 23:00:00+00:00,Stanford Hall ,LE17 6DH,-1.1379204,52.4086411,False
Beermageddon,2026-08-27,2026-08-27 11:00:00+00:00,2026-08-30 23:00:00+00:00,Stoke Prior Sports  And  Country Club,B60 4AL,-2.0814212,52.2950436,False
Manchester Village Pride 2026,2026-08-28,2026-08-28 12:00:00+00:00,2026-09-01 06:00:00+00:00,Manchester Gay Village,M1 3EZ,-2.236648,53.477199,False
Goatfest 2026,2026-08-28,2026-08-28 17:00:00+00:00,2026-08-30 23:00:00+00:00,The Great Field Bury Lane Codicote SG4 8XY,SG4 8XY,-0.231666,51.854986,False
"The Bootleg Beatles | Keel Square, Sunderland",2026-08-28,2026-08-28 18:00:00+00:00,2026-08-28 22:30:00+00:00,Keel Square,SR1 3DZ,-1.387824,54.907258,False
Preston Summerfest 2026,2026-08-28,2026-08-28 14:00:00+00:00,2026-08-31 00:00:00+00:00,CT3 1HB,CT3 1HB,1.2303344,51.303939,False
"Chelmsford Summer Series: Sugababes, Annie Mac, Melanie C (DJ)",2026-08-28,2026-08-28 15:00:00+00:00,2026-08-28 22:00:00+00:00,Chelmsford Central Park,CM2 0RW,0.4650414,51.7326533,False
Dubs of Rock 2026,2026-08-28,2026-08-28 09:00:00+00:00,2026-08-30 23:00:00+00:00,Cattows Farm,LE67 2TD,-1.4382015,52.6953658,False
Weekend in the Woods,2026-08-28,2026-08-28 12:00:00+00:00,2026-08-31 12:00:00+00:00,Wold Farm Festival Field ,NN29 7XA,-0.613542,52.228256,False
NBG Garden Party (16-18),2026-08-28,2026-08-28 14:00:00+00:00,2026-08-28 22:00:00+00:00,The Trinity Centre,BS2 0NW,-2.576,51.458081,False
T.H.E Truckers Tunes Ltd @ The Truck Show Barnard Castle,2026-08-28,2026-08-28 13:00:00+00:00,2026-08-31 11:30:00+00:00,Streatlam Event Field,DL12 8RQ,-1.886428,54.5620948,False
Sunset At The Manor | Pink Floyd Mega Laser Show | Kent,2026-08-28,2026-08-28 18:00:00+00:00,2026-08-28 23:00:00+00:00,Strode Park House,CT6 7NE,1.1294183,51.3497599,False
FarmFest 2026,2026-08-28,2026-08-28 17:00:00+00:00,2026-08-31 23:00:00+00:00,WD39XJ,WD3 9XJ,-0.5063266,51.6171363,False
The Beat Goes On Presents An Acid Barn Dance,2027-05-28,2026-08-28 12:00:00+00:00,2026-08-31 14:00:00+00:00,Penny Square Barn,BA4 6AG,-2.4372026,51.1540183,False
Lost Lake Festival,2026-08-29,2026-08-28 12:00:00+00:00,2026-08-30 00:00:00+00:00,The Venue At Coxleigh,EX31 4EX,-4.0214425,51.0991562,True
Crownload 2026,2026-08-28,2026-08-28 13:00:00+00:00,2026-08-30 23:45:00+00:00,Clwb Crown,CF48 1BA,-3.3839352,51.746875,False
Thunderfest,2026-08-28,2026-08-28 19:30:00+00:00,2026-08-30 23:00:00+00:00,The Thunderbolt,BS4 3ED,-2.574083,51.442487,False
Bubz Fest,2026-08-28,2026-08-28 10:00:00+00:00,2026-08-28 23:00:00+00:00,Wintney Barn,RG27 8SH,-0.891601,51.2900343,False
Equinox Festival,2026-08-28,2026-08-28 18:00:00+00:00,2026-08-29 03:00:00+00:00,Wold Farm Festival Field ,NN29 7XA,-0.613542,52.228256,False
BeCider Seaside 22,2026-08-28,2026-08-28 10:00:00+00:00,2026-08-30 23:45:00+00:00,Bredy Farm,DT6 4ND,-2.697653,50.703545,False
Briggzfest 2026,2026-08-28,2026-08-28 12:00:00+00:00,2026-08-30 23:00:00+00:00,Ham Farm,BN8 5SB,0.0452741,50.8991494,False
CarFest 2026,2026-08-28,2026-08-28 10:00:00+00:00,2026-08-30 23:45:00+00:00,Silverstone Circuit,NN12 8TN,-1.0419372,52.1229567,False
Maui Waui Festival,2026-08-28,2026-08-28 11:00:00+00:00,2026-08-30 23:00:00+00:00,Elveden Hall Estate,IP24 3TA,0.679681,52.385261,False
Camper Calling,2026-08-28,2026-08-28 11:00:00+00:00,2026-08-30 23:00:00+00:00,Ragley Hall Park And Gardens,B49 5NH,-1.896,52.198,False
Made in Manchester - Stockport,2026-08-28,2026-08-28 11:00:00+00:00,2026-08-31 23:00:00+00:00,Waterside Farm,SK63LQ,-2.062713,53.3890077,False
Victorious Festival,2026-08-28,2026-08-28 11:00:00+00:00,2026-08-30 23:00:00+00:00,Southsea Seafront,PO5 3PG,-1.0820626,50.7786223,False
Carfest,2026-08-28,2026-08-28 11:00:00+00:00,2026-08-30 23:00:00+00:00,Silverstone Circuit,NN12 8TN,-1.0419372,52.1229567,False
Krankenhaus Festival,2026-08-28,2026-08-28 11:00:00+00:00,2026-08-30 23:00:00+00:00,Muncaster Castle,CA18 1RQ,-3.3808474,54.3546089,False
Shrewsbury Folk Festival,2026-08-28,2026-08-28 11:00:00+00:00,2026-08-31 23:00:00+00:00,"West Midlands Showground, Shrewsbury",SY2 6JY,-2.764031,52.715459,False
The Big Feastival,2026-08-28,2026-08-28 11:00:00+00:00,2026-08-30 23:00:00+00:00,Alex James Farm,OX7 6UJ,-1.6145416,51.8989385,False
The Libertines - Hitchin Live at the Priory,2026-08-29,2026-08-29 14:00:00+00:00,2026-08-29 22:30:00+00:00,Hitchin Priory,SG5 2DL,-0.2790761,51.9450487,True
Dreamland Jouvert X,2026-08-29,2026-08-29 12:00:00+00:00,2026-08-29 20:00:00+00:00,"Court Farm, Oxted Road, Godstone, Surrey, RH9 8DB",RH9 8DB,-0.0478044,51.2487692,True
Chelmsford Summer Series 2026: Mcfly,2026-08-29,2026-08-29 13:00:00+00:00,2026-08-29 22:00:00+00:00,Chelmsford Central Park,CM2 0RW,0.4650414,51.7326533,True
Noughty 90's Festival Newcastle 2026,2026-08-29,2026-08-29 12:00:00+00:00,2026-08-29 22:00:00+00:00,Leazes Park ,NE2 4BJ,-1.6273316,54.9761021,True
Blackpool Cricket Club Festival 2026,2026-08-29,2026-08-29 12:00:00+00:00,2026-08-29 21:30:00+00:00,Blackpool Cricket Club ,FY3 9EQ,-3.0300877,53.8150867,True
Cheltenham Tribute Festival 2026,2026-08-29,2026-08-29 12:00:00+00:00,2026-08-29 22:00:00+00:00,Cheltenham Racecourse,GL50 4SH,-2.069876,51.918208,True
"ARMAND VAN HELDEN, SOSA & MORE | Groovebox Keel SQ Summer Fest",2026-08-29,2026-08-29 13:00:00+00:00,2026-08-29 22:30:00+00:00,Keel Square,SR1 3DZ,-1.387824,54.907258,True
Bournefest 2026,2026-08-29,2026-08-29 14:00:00+00:00,2026-08-30 21:30:00+00:00,Western Lawns Eastbourne,BN21 4EH,0.2835963,50.7611188,True
Road to Nashville Outdoor Festival | SteelYard,2026-08-29,2026-08-29 14:00:00+00:00,2026-08-29 23:00:00+00:00,SYSheffield (Steel Yard),S3 8AS,-1.4790332,53.394278,True
Country Club - Outdoor Country Music Festival - Cardiff,2026-08-29,2026-08-29 15:00:00+00:00,2026-08-29 22:00:00+00:00,Tiger Yard,CF10 4GA,-3.1603143,51.4597605,True
Nashdown - Country Music Festival,2026-08-29,2026-08-29 13:00:00+00:00,2026-08-29 22:30:00+00:00,Lingfield Park Racecourse,RH7 6PQ,-0.001356,51.1701647,True
"DJ SAMMY & MORE | Love the 90s Fest | Winter Garden, Blackpool",2026-08-29,2026-08-29 14:00:00+00:00,2026-08-29 22:30:00+00:00,Winter Gardens Blackpool,FY1 1HL,-3.050948,53.81712,True
Country Club - Outdoor Country Music Festival - London,2026-08-29,2026-08-29 14:00:00+00:00,2026-08-29 22:00:00+00:00,LDN EAST,E16 4SH,0.0037307,51.5190133,True
Summer Outdoor Garage Festival - Wheelers Farm Chelmsford,2026-08-29,2026-08-29 14:00:00+00:00,2026-08-29 22:00:00+00:00,Wheelers Farm ,CM3 3LZ,0.4902514,51.7871197,True
R&B Lovers - Saturday 29th August - Luna Spring,2026-08-29,2026-08-29 15:00:00+00:00,2026-08-30 00:00:00+00:00,Luna Springs Digbeth ,B9 4AG,-1.8814649,52.475036,True
Back To The 90s - Summer Outdoor Festival - Manchester,2026-08-29,2026-08-29 15:00:00+00:00,2026-08-29 23:00:00+00:00,Freight Island,M1 2PZ,-2.2276473,53.4751511,True
Good Vibes Only. 29th & 30th August 2026.,2026-08-29,2026-08-29 13:00:00+00:00,2026-08-31 00:30:00+00:00,Cheltenham RFC Newlands Park ,GL52 3PE,-2.064448,51.934019,True
90's & 00's Nation presents SED Festival,2026-08-29,2026-08-29 14:30:00+00:00,2026-08-29 23:00:00+00:00,Garon Park,SS2 4FA,0.736835,51.55325,True
Walsall Pride 2026,2026-08-29,2026-08-29 11:00:00+00:00,2026-08-29 18:00:00+00:00,Walsall Arboretum Extension,WS12QB,-1.9608458,52.5827393,True
R&B Lovers - Summer Outdoor Festival - Sat 29th Aug - Bristol,2026-08-29,2026-08-29 14:00:00+00:00,2026-08-29 22:00:00+00:00,The Prospect Building,BS2 0QD,-2.5730764,51.4493081,True
PURE R&B - Summer Outdoor Day Party Cardiff - August 29th,2026-08-29,2026-08-29 15:00:00+00:00,2026-08-29 22:30:00+00:00,Lo Lounge Cardiff Bay,CF10 4GA,-3.1613264,51.4591527,True
Madisons 90s Festival,2026-08-29,2026-08-29 12:00:00+00:00,2026-08-29 23:00:00+00:00,Rivendell,CA14 1SZ,-3.5096363,54.6506539,True
"Spangled X Rough Tempo -TNA, Nu:Elementz - Azza + Grima, P Money",2026-08-29,2026-08-29 14:00:00+00:00,2026-08-29 22:00:00+00:00,Blackbox Brewery,SS2 6UN,0.6842483,51.5730982,True
Weeley Tribute Festival 2026,2026-08-29,2026-08-29 13:00:00+00:00,2026-08-29 22:00:00+00:00,Weeley Carboot Site,CO16 9AG,1.10762,51.859945,True
Cosmic Vibration Festival III,2026-08-29,2026-08-29 00:00:00+00:00,2026-08-30 23:30:00+00:00,Sidney And Matilda,S1 4RH,-1.469086,53.375439,True
Sunset At The Manor | Ibiza Classics BBQ | Kent,2026-08-29,2026-08-29 17:00:00+00:00,2026-08-29 23:00:00+00:00,Strode Park House,CT6 7NE,1.1294183,51.3497599,True
Live At The Queens Fest,2026-08-29,2026-08-29 00:00:00+00:00,2026-08-30 01:00:00+00:00,Queens Bar And Coffee House,YO16 4PN,-0.2090571,54.0933179,True
Epidemik in the Woods,2026-08-29,2026-08-29 12:00:00+00:00,2026-08-30 03:00:00+00:00,Wold Farm Festival Field ,NN29 7XA,-0.613542,52.228256,True
Rum & Reggae Chester,2026-08-29,2026-08-29 11:00:00+00:00,2026-08-29 21:00:00+00:00,Chester Racecourse,CH1 2LY,-2.897919,53.189173,True
Summer Garage Rooftop Rave - Saturday 29th August - Birmingham,2026-08-29,2026-08-29 15:00:00+00:00,2026-08-29 22:00:00+00:00,XOYO Rooftop,B9 4AG,-1.8818475,52.4751802,True
Girls Like R&B x Binks Yard Nottingham,2026-08-29,2026-08-29 15:00:00+00:00,2026-08-29 22:00:00+00:00,Binks Yard,NG2 3BJ,-1.1395462,52.9483902,True
Tik-Tech VIIII,2026-08-29,2026-08-29 15:00:00+00:00,2026-08-30 03:00:00+00:00,Glory Holes,LN2 1AL,-0.539988,53.2301542,True
Crewe Rocks,2026-08-29,2026-08-29 00:00:00+00:00,2026-08-30 01:30:00+00:00,The Arena Crewe,CW2 7BL,-2.4410106,53.0958556,True
Foodies Festival 2026 - Oxford,2026-08-29,2026-08-29 12:00:00+00:00,2026-08-31 21:00:00+00:00,Oxford South Parks,OX4 1NT,-1.2363782,51.7504206,True
RNB MANIA | Leeds' Outdoor R&B Festival,2026-08-29,2026-08-29 15:00:00+00:00,2026-08-29 21:00:00+00:00,Project House,LS12 2DR,-1.5662789,53.7956309,True
HITOP Tv - The Blueprint Rave Festival Experience - DARTFORD,2026-08-29,2026-08-29 15:00:00+00:00,2026-08-30 03:00:00+00:00,Red Bar And Cadiz,DA1 2DT,0.213363,51.4449892,True
Appetite On The Farm,2026-08-29,2026-08-29 11:00:00+00:00,2026-08-30 23:00:00+00:00,Kelvedon Hall,CM14 5TN,0.2523195,51.6779826,True
Forwards - Bristol,2026-08-29,2026-08-29 11:00:00+00:00,2026-08-30 23:00:00+00:00,Durdham Downs,BS9 1FG,-2.6193048,51.4724698,True
Stonedead Festival,2026-08-29,2026-08-29 11:00:00+00:00,2026-08-29 23:00:00+00:00,Newark Showground,NG24 2NY,-0.7692713,53.0977242,True
The Searchers and Hollies Experience,2026-08-29,2026-08-29 19:30:00+00:00,2026-08-29 22:00:00+00:00,The Exchange Twickenham,TW1 1BE,-0.3313235,51.4500182,True
Roseshire Festival,2026-08-29,2026-08-29 11:00:00+00:00,2026-08-30 23:00:00+00:00,Cheshire House Estate,NN82DH,-0.655462,52.278228,True
The Graves Park Food and Drink Festival 2026: A Summertime Feast,2026-08-29,2026-08-29 10:00:00+00:00,2026-08-31 19:00:00+00:00,Graves Park,S8 8LL,-1.469792,53.339079,True
MKF Festival,2026-08-29,2026-08-29 11:00:00+00:00,2026-08-30 23:00:00+00:00,"Campbell Park, Milton Keynes",MK9 3hr,-0.75553999,52.04034399,True
Roseshire Festival,2026-08-29,2026-08-29 11:00:00+00:00,2026-08-30 23:00:00+00:00,Chester House Estate,NN8 2DH,-0.6537724,52.2917088,True
New World 2026 ft. Craig David | Chelmsford Central Park,2026-08-30,2026-08-30 13:00:00+00:00,2026-08-30 22:00:00+00:00,Chelmsford Central Park,CM2 0RW,0.4650414,51.7326533,True
Road to Nashville Outdoor Festival | Keel Square,2026-08-30,2026-08-30 12:00:00+00:00,2026-08-30 22:30:00+00:00,Keel Square,SR1 3DZ,-1.387824,54.907258,True
KOMPND Carnival,2026-08-30,2026-08-30 15:00:00+00:00,2026-08-30 23:00:00+00:00,Untitled Studio,M50 1BB,-2.317309,53.482411,True
Off Grid Festival: Chapter One,2026-08-30,2026-08-30 12:00:00+00:00,2026-08-30 23:00:00+00:00,The Royal Town Of Sutton Coldfield,B75 5SA,-1.7791866,52.5916402,True
Allday Indie Outdoor Festival - Manchester,2026-08-30,2026-08-30 15:00:00+00:00,2026-08-30 22:00:00+00:00,Freight Island,M1 2PZ,-2.2276473,53.4751511,True
FAC51 The Haçienda Open Air - Birmingham,2026-08-30,2026-08-30 13:00:00+00:00,2026-08-30 23:00:00+00:00,Luna Springs Digbeth ,B9 4AG,-1.8814649,52.475036,True
Party In Acklam Park,2026-08-30,2026-08-30 12:00:00+00:00,2026-08-30 21:30:00+00:00,Middlesbrough Rugby And Cricket Club,TS5 7SL,-1.252644,54.550538,True
Monton Soul & Pop festival,2026-08-30,2026-08-30 12:00:00+00:00,2026-08-30 21:00:00+00:00,Monton Cricket Sports Club,M30 9EH,-2.342635,53.4946503,True
"DJ SAMMY & MORE | Love the 90s Fest | Prospect Building, Bristol",2026-08-30,2026-08-30 13:00:00+00:00,2026-08-30 22:00:00+00:00,The Prospect Building,BS2 0QD,-2.5730764,51.4493081,True
RNB MANIA | Lincoln's R&B Festival,2026-08-30,2026-08-30 15:00:00+00:00,2026-08-30 22:00:00+00:00,STACK Lincoln,LN5 7AA,-0.543133,53.224688,True
RNB MANIA | Derby's R&B Festival,2026-08-30,2026-08-30 16:00:00+00:00,2026-08-30 23:00:00+00:00,Ultra Warehouse,DE21 6HA,-1.45278,52.9215784,True
R&B Lovers - Sunday 30th August - Wheelers Farm Chelmsford,2026-08-30,2026-08-30 15:00:00+00:00,2026-08-30 22:00:00+00:00,Wheelers Farm ,CM3 3LZ,0.4902514,51.7871197,True
Proper Fest 2026,2026-08-30,2026-08-30 11:00:00+00:00,2026-08-30 22:00:00+00:00,Weeley Car Boot,CO16 9AG,1.106406,51.861251,True
iFest 2026 - 10 Year Anniversary,2026-08-30,2026-08-30 13:00:00+00:00,2026-08-30 22:00:00+00:00,Ifield Cricket Club,RH11 0HL,-0.2149129,51.1262145,True
Ibiza Terrace Party 2026,2026-08-30,2026-08-30 14:00:00+00:00,2026-08-30 22:00:00+00:00,George's Bistro And Bar,BD19 3RA,-1.7127063,53.7232829,True
State of Mind - The Launch,2026-08-30,2026-08-30 14:00:00+00:00,2026-08-31 02:00:00+00:00,Wav Garden,L3 7DH,-2.995431,53.4197165,True
Mr Shaw Reminisce Bank Holiday August 30th - 2026,2026-08-30,2026-08-30 13:00:00+00:00,2026-08-30 23:45:00+00:00,"The Old Blacksmith's Yard, Sadler Gate, Derby",DE1 3PD,-1.4789323,52.9233035,True
Sunset At The Manor | 80s Greatest Hits BBQ | Kent,2026-08-30,2026-08-30 17:00:00+00:00,2026-08-30 23:00:00+00:00,Strode Park House,CT6 7NE,1.1294183,51.3497599,True
Ibiza Radio 1 Ibiza Festival @ Swigg Swansea,2026-08-30,2026-08-30 13:00:00+00:00,2026-08-30 23:45:00+00:00,The Swigg Swansea,Sa1 3rd,-3.9391887,51.6162135,True
Swingfest 2026,2026-08-30,2026-08-30 15:00:00+00:00,2026-08-31 04:00:00+00:00,Hu9 Club,HU9 1AS,-0.3292492,53.7477863,True
Annual Beatles Convention Day 2026,2026-08-30,2026-08-30 11:00:00+00:00,2026-08-30 23:45:00+00:00,The Adelphie Hotel,L3 5UL,-2.9769624,53.4054971,True
Lazy Sunday Festival,2026-08-30,2026-08-30 12:00:00+00:00,2026-08-31 03:00:00+00:00,Wold Farm Festival Field ,NN29 7XA,-0.613542,52.228256,True
Party In Y Parc 2026,2026-08-31,2026-08-30 12:00:00+00:00,2026-08-30 22:00:00+00:00,Y Parc   Holyhead,ll651bg,-4.64075838,53.31365499,False
Push The Daytime,2026-08-30,2026-08-30 14:00:00+00:00,2026-08-30 22:00:00+00:00,Brew York Craft Brewery And Tap Room,YO1 9TT,-1.0763624,53.9576795,True
"KEPLER, LUUK VAN DIJK & MORE |MUZAK & Groovebox Mansfield",2026-08-30,2026-08-30 13:00:00+00:00,2026-08-30 23:00:00+00:00,The Swan Mansfield,NG18 1AE,-1.1958286,53.1440526,True
Emerge Music Festival Belfast,2026-08-30,2026-08-30 11:00:00+00:00,2026-08-30 23:00:00+00:00,Boucher Road Playing Fields,BT12 6EU,-5.9704547,54.5838579,True
MarkFest VIII,2026-08-30,2026-08-30 16:00:00+00:00,2026-08-30 23:45:00+00:00,White Horse Inn,TA9 4LT,-2.89484111,51.22705977,True
Party In Y Parc 2026,2026-08-31,2026-08-31 12:00:00+00:00,2026-08-31 23:00:00+00:00,Y Parc   Holyhead,ll651bg,-4.64075838,53.31365499,False
"Family Fest ft. K-Pop Live | Keel Square, Sunderland",2026-08-31,2026-08-31 11:00:00+00:00,2026-08-31 20:00:00+00:00,Keel Square,SR1 3DZ,-1.387824,54.907258,False
Raver Tots Outdoor Festival Southend,2026-08-31,2026-08-31 12:00:00+00:00,2026-08-31 18:00:00+00:00,Garon Park   Southend On Sea,SS2 4FA,0.7355481,51.5562528,False
Raver Tots x Garage Nation Festival,2026-08-31,2026-08-31 13:00:00+00:00,2026-08-31 18:00:00+00:00,Garon Park   Southend On Sea,SS2 4FA,0.7355481,51.5562528,False
LIDO Festival,2026-08-31,2026-08-31 11:00:00+00:00,2026-08-31 23:00:00+00:00,"Victoria Park, London",E9 7DD,-0.0390938,51.5361215,False
Lindisfarne Festival 2026,2026-09-03,2026-09-03 11:00:00+00:00,2026-09-06 04:00:00+00:00,"Beal Farm, Northumberland, TD15 2PB",TD15 2PB,-1.902938,55.678659,False
Music Worldwide Drum Camp,2026-09-03,2026-09-03 14:00:00+00:00,2026-09-07 00:00:00+00:00,Hulver Farm,NR35 1NF,1.448866,52.3966524,False
Burn It Down Festival 2026,2026-09-03,2026-09-03 15:00:00+00:00,2026-09-05 23:00:00+00:00,The Foundry Torquay,TQ1 1ED,-3.5228246,50.4610572,False
Existance Festival,2026-09-03,2026-09-03 14:00:00+00:00,2026-09-06 23:45:00+00:00,Existance Festival,GL8 8RT,-2.1120428,51.6325417,False
Lindisfarne Volunteers 2026,2026-09-03,2026-09-03 15:00:00+00:00,2026-09-06 04:00:00+00:00,Beal Farm ,TD15 2PB,-1.9047233,55.6781772,False
The Searchers and Hollies Experience,2026-09-03,2026-09-03 19:30:00+00:00,2026-09-03 22:00:00+00:00,The Tivoli Theatre Wimborne,BH21 1LT,-1.9886963,50.8014462,False
End of the Road Festival,2026-09-03,2026-09-03 11:00:00+00:00,2026-09-06 23:00:00+00:00,Larmer Tree Gardens,SP5 5PT,-2.066628,50.965229,False
Big London Tattoo Show,2026-09-04,2026-09-04 17:00:00+00:00,2026-09-06 19:00:00+00:00,ExCel London,E16 1XL,0.026479,51.508099,False
Fields Of Gold Festival 2026,2026-09-04,2026-09-04 12:00:00+00:00,2026-09-05 22:00:00+00:00,Tameside Stadium,OL7 9HG,-2.112689,53.493259,False
CLAIRE RICHARDS & MORE| Love the 90s&00s Fest|Nottingham Castle,2026-09-04,2026-09-04 18:00:00+00:00,2026-09-04 22:00:00+00:00,Nottingham Castle,NG1 6EL,-1.1544174,52.9494136,False
Campfire Country Music Festival,2026-09-04,2026-09-04 15:00:00+00:00,2026-09-04 22:00:00+00:00,East Park Hull,HU8 8LR,-0.302101,53.762119,False
Undercover Festival,2026-09-04,2026-09-04 14:00:00+00:00,2026-09-04 23:00:00+00:00,Rodney Parade Stadium,NP19 0UU,-2.9912562,51.5895784,False
The British Country Music Festival,2026-09-04,2026-09-04 15:00:00+00:00,2026-09-06 18:00:00+00:00,Winter Gardens Blackpool,FY1 1HL,-3.050948,53.81712,False
Rock N Roll Circus Festival Sheffield,2026-09-04,2026-09-04 11:00:00+00:00,2026-09-06 23:00:00+00:00,Don Valley Bowl,S9 5DP,-1.4253059,53.395413,False
Edge Fest,2026-09-04,2026-09-04 11:00:00+00:00,2026-09-06 23:00:00+00:00,Lilliardsedge Holiday Park,TD8 6TZ,-2.6032089,55.532638,False
The British Country Music Festival,2026-09-04,2026-09-04 11:00:00+00:00,2026-09-06 23:00:00+00:00,Winter Gardens Blackpool,FY1 1HL,-3.050948,53.81712,False
Fantasy Forest Libertalia,2026-09-04,2026-09-04 16:00:00+00:00,2026-09-06 19:00:00+00:00,Hatfield House   Hatfield,AL9 5HX,-0.2092386,51.7606481,False
Sound City Festival,2026-09-04,2026-09-04 11:00:00+00:00,2026-09-06 23:00:00+00:00,Forest Row,RH185ey,0.033222,51.097391,False
Moseley Folk & Arts Festival,2026-09-04,2026-09-04 11:00:00+00:00,2026-09-06 23:00:00+00:00,Moseley Park,B13 8DD,-1.8884011,52.4470875,False
SOULTOWN - Festival 2026,2026-09-05,2026-09-05 12:00:00+00:00,2026-09-05 23:00:00+00:00,Croydon Road Recreation Ground,BR3 3PR,-0.0315857,51.4027531,True
Love to be... festival 2026,2026-09-05,2026-09-05 12:00:00+00:00,2026-09-05 23:00:00+00:00,The Stray,HG2 8JR,-1.527265,53.990312,True
Clubland Live On The Beach,2026-09-05,2026-09-05 14:30:00+00:00,2026-09-05 22:30:00+00:00,Weston Super Mare Beach,BS23 1AL,-2.9814491,51.34327359,True
Aden Music Festival 2026,2026-09-05,2026-09-05 11:00:00+00:00,2026-09-05 23:00:00+00:00,"Aden Country Park, Mintlaw",AB42 5FQ,-2.032241,57.5216574,True
Opulence,2026-09-05,2026-09-05 13:00:00+00:00,2026-09-05 22:30:00+00:00,Lumley Castle,DH3 4NX,-1.5537309,54.853293,True
Westhoughton Cricket Club Festival 2026,2026-09-05,2026-09-05 12:00:00+00:00,2026-09-05 21:30:00+00:00,Westhoughton Cricket Club,BL5 2GG,-2.5326311,53.5419921,True
The Bootleg Beatles ft. Live Orchestra | Nottingham Castle,2026-09-05,2026-09-05 18:00:00+00:00,2026-09-05 22:00:00+00:00,Nottingham Castle,NG1 6EL,-1.1544174,52.9494136,True
Live In Inverurie,2026-09-05,2026-09-05 13:00:00+00:00,2026-09-05 23:00:00+00:00,Garioch Indoor Bowling Centre,AB51 4FR,-2.3880509,57.2946919,True
"Summer Underground - Breakin Science, Jungle Mania, D&B Classics",2026-09-05,2026-09-05 14:00:00+00:00,2026-09-05 22:00:00+00:00,Eutopia Warehouse,IG11 0DW,0.0964,51.5204,True
FOMO Fest 2026,2026-09-05,2026-09-05 11:00:00+00:00,2026-09-05 22:00:00+00:00,Food Museum,IP14 1SL,0.9912794,52.1861368,True
Country Club - Outdoor Country Music Festival - Manchester,2026-09-05,2026-09-05 15:00:00+00:00,2026-09-05 22:00:00+00:00,Freight Island,M1 2PZ,-2.2276473,53.4751511,True
Country Club - Outdoor Country Music Festival - Nottingham,2026-09-05,2026-09-05 15:00:00+00:00,2026-09-05 22:00:00+00:00,Binks Yard,NG2 3BJ,-1.1395462,52.9483902,True
Jazz on Wick 2026,2026-09-05,2026-09-05 12:00:00+00:00,2026-09-05 22:30:00+00:00,Various Venues Hackney Wick,E9 5EF,-0.023495,51.550124,True
House OF Eira - Castle Take-over Part II,2026-09-05,2026-09-05 12:00:00+00:00,2026-09-05 22:00:00+00:00,Gwrych Castle Preservation Trust Ltd,LL22 8ET,-3.594953,53.2832328,True
Bootle Country Music Festival,2026-09-05,2026-09-05 14:00:00+00:00,2026-09-05 22:00:00+00:00,Lock And Quay,L20 4AH,-2.997842,53.448969,True
Garage Nation & House Nation Brick Lane Festival,2026-09-05,2026-09-05 15:00:00+00:00,2026-09-05 23:00:00+00:00,93 Feet East,E1 6QL,-0.071711,51.521452,True
Casa,2026-09-05,2026-09-05 12:00:00+00:00,2026-09-05 23:00:00+00:00,Rodney Parade,NP19 0UU,-2.9878474,51.5883145,True
Allday Indie - Open Air Outdoor Indie Festival - Cardiff,2026-09-05,2026-09-05 15:00:00+00:00,2026-09-05 22:00:00+00:00,Tiger Yard,CF10 4GA,-3.1603143,51.4597605,True
U Fest - Birmingham - XOYO - Saturday 5th September,2026-09-05,2026-09-05 17:00:00+00:00,2026-09-05 23:00:00+00:00,XOYO,B9 4AG,-1.8809493,52.475038,True
Magic of Thailand Festival in London,2026-09-05,2026-09-05 10:00:00+00:00,2026-09-06 19:00:00+00:00,"Ealing Common, Uxbridge Road, London W5 3HN",W5 3HN,-0.29324905,51.51061949,True
Hella Rock Festival,2026-09-05,2026-09-05 12:00:00+00:00,2026-09-05 23:45:00+00:00,HMV EMPIRE COVENTRY,CV1 1LF,-1.511245,52.407255,True
Summer Outdoor Garage Festival - Studio 338 London,2026-09-05,2026-09-05 14:00:00+00:00,2026-09-05 22:00:00+00:00,Studio 338,SE10 0PF,0.004709,51.495343,True
R&B Lovers - Saturday 5th September - Horizon Brighton,2026-09-05,2026-09-05 15:00:00+00:00,2026-09-05 21:00:00+00:00,Horizon,BN1 1NB,-0.1412267,50.8198377,True
MoultStone Festival,2026-09-05,2026-09-05 12:00:00+00:00,2026-09-05 22:30:00+00:00,NN6 0AB,NN6 0AB,-0.8302109,52.2875076,True
RNB MANIA | Brighton's R&B Festival,2026-11-21,2026-09-05 15:00:00+00:00,2026-09-05 21:00:00+00:00,Quarters Brighton,BN1 1NB,-0.1417257,50.8200695,True
BeatMasters Outdoor Music Festival,2026-09-05,2026-09-05 12:00:00+00:00,2026-09-05 22:00:00+00:00,East Park Hull,HU8 8LR,-0.302101,53.762119,True
BEDFORD STREET RUM & REGGAE FESTIVAl,2026-09-05,2026-09-05 13:00:00+00:00,2026-09-05 22:30:00+00:00,Bedford Street,CV32 5DY,-1.5369944,52.2914899,True
Essential Saturday's,2026-09-05,2026-09-05 14:00:00+00:00,2026-09-05 22:00:00+00:00,Boston Brothers @ DN31 Grimsby,DN31 1DG,-0.0866228,53.5651022,True
Street Eat N Beats Festival 2026,2027-09-11,2026-09-05 12:00:00+00:00,2026-09-05 22:30:00+00:00,"Central Park, Chelmsford",Cm2 0RW,0.46735883,51.73262672,True
Remember Them Dayz Fest - Birmingham - XOYO,2026-09-05,2026-09-05 18:00:00+00:00,2026-09-05 23:00:00+00:00,XOYO,B9 4AG,-1.8809493,52.475038,True
Traco Charity Beer Festival,2026-09-05,2026-09-05 00:00:00+00:00,2026-09-05 21:00:00+00:00,Aldershot Traction Club,GU11 3NE,-0.7689785,51.2377128,True
Oracle-Club Vega,2026-09-05,2026-09-05 21:00:00+00:00,2026-09-06 03:00:00+00:00,Club Vega,HU9 1BY,-0.3277134,53.7482317,True
Manchester Psych Festival,2026-09-05,2026-09-05 12:00:00+00:00,2026-09-05 23:30:00+00:00,Various Venues Around Manchester,M1 5QR,-2.2448703,53.4735748,True
The George Harrison Project,2026-09-05,2026-09-05 19:30:00+00:00,2026-09-05 22:00:00+00:00,The Civic   Brierley HIl.,DY5 3DA,-2.1223443,52.4840786,True
We Are Family Festival 2026,2026-09-06,2026-09-06 12:00:00+00:00,2026-09-06 20:00:00+00:00,Croydon Road Recreation Ground,BR3 3PR,-0.0315857,51.4027531,True
Martin Kemp's Back to the 80s DJ Set | Nottingham Castle,2026-09-06,2026-09-06 17:30:00+00:00,2026-09-06 22:00:00+00:00,Nottingham Castle,NG1 6EL,-1.1544174,52.9494136,True
Shirley Social - Sunday 6th September,2026-09-06,2026-09-06 10:00:00+00:00,2026-09-06 18:00:00+00:00,Shirley Park,B90 3AL,-1.8260645,52.4109319,True
We Love it Outdoor Tribute Festival Hull September- 2026,2026-09-06,2026-09-06 12:00:00+00:00,2026-09-06 22:00:00+00:00,East Park Hull,HU8 8LR,-0.302101,53.762119,True
Willenhall Lock Stock,2026-09-06,2026-09-06 11:00:00+00:00,2026-09-06 21:00:00+00:00,Willenhall Memorial Park,WV13 2PW,-2.0637062,52.5880913,True
Edinburgh Psych Fest,2026-09-06,2026-09-06 11:00:00+00:00,2026-09-06 23:00:00+00:00,Various Venues Across Edinburgh,EH1 1AB,-3.1998036,55.9480093,True
Mucky Weekender Festival 2026,2026-09-10,2026-09-10 14:00:00+00:00,2026-09-13 02:00:00+00:00,Vicarage Farm,SO21 3BL,-1.2908411,51.1514358,False
Onboard the Craft 2026,2026-09-10,2026-09-10 16:00:00+00:00,2026-09-13 01:00:00+00:00,Stoke Prior Sports  And  Country Club,B60 4AL,-2.0814212,52.2950436,False
Retrospective Festival 2026,2026-09-11,2026-09-11 17:00:00+00:00,2026-09-11 23:00:00+00:00,Sherdley Park,WA9 5DE,-2.728977,53.43143,False
Campfire Country Music Festival,2026-09-11,2026-09-11 15:00:00+00:00,2026-09-11 22:00:00+00:00,Charlton Park,SN16 9RU,-2.069923,51.601347,False
Save The Rave X Future Headliners,2026-09-11,2026-09-11 11:00:00+00:00,2026-09-11 22:00:00+00:00,Royal Cornwall Showground,PL27 7JE,-4.865455,50.515581,False
The Big Retreat Festival,2026-09-11,2026-09-11 09:00:00+00:00,2026-09-13 23:00:00+00:00,Abbots Ripton,PE28 2PH,-0.189889,52.3846213,False
FeastyFest 2026,2026-09-12,2026-09-12 11:00:00+00:00,2026-09-13 20:30:00+00:00,"Cheam Park, Sutton, Surrey, SM3 8BP",SM3 8BP,-0.2205996,51.359064,True
FLY Festival Edinburgh 2026,2026-09-12,2026-09-12 13:00:00+00:00,2026-09-13 22:00:00+00:00,Ross Bandstand,EH2 3AA,-3.199981,55.950367,True
RUN All Day 2026,2026-09-12,2026-09-12 13:00:00+00:00,2026-09-12 22:00:00+00:00,Sawmills,BS5 0TN,-2.5785982,51.459947,True
Heyside Cricket Club Festival 2026,2026-09-12,2026-09-12 12:00:00+00:00,2026-09-12 21:30:00+00:00,Heyside Cricket Club,OL2 6ND,-2.099762,53.566008,True
Run Away presents OUT RUN FESTIVAL,2026-09-12,2026-09-12 12:00:00+00:00,2026-09-12 22:30:00+00:00,Kent County Showground,ME14 3JF,0.5857036,51.3012189,True
"Save The Rave: Old Skool Outdoor Festival, Cornwall 2026",2026-09-12,2026-09-12 12:00:00+00:00,2026-09-12 22:00:00+00:00,Royal Cornwall Showground,PL27 7JE,-4.865455,50.515581,True
Betley Boogie Farm 2026!,2026-09-12,2026-09-12 14:00:00+00:00,2026-09-12 22:30:00+00:00,Betley Court Farm,CW3 9BH,-2.3685653,53.02973,True
Country on the Castle - Tonbridge,2026-09-12,2026-09-12 14:00:00+00:00,2026-09-12 22:00:00+00:00,Tonbridge Castle,TN9 1BG,0.2742883,51.1965344,True
Isle Of Wight Dance Weekender - Summer Closing Party,2026-09-12,2026-09-12 12:00:00+00:00,2026-09-12 23:45:00+00:00,Robin Hill Advenutre Park,PO30 2NU,-1.2462495,50.6874664,True
Allday Indie Outdoor Festival - Birmingham,2026-09-12,2026-09-12 15:00:00+00:00,2026-09-12 22:00:00+00:00,Luna Springs Digbeth ,B9 4AG,-1.8814649,52.475036,True
Reminisce Festival 2026,2026-09-12,2026-09-12 12:00:00+00:00,2026-09-12 23:00:00+00:00,Sherdley Park,WA9 5DE,-2.728977,53.43143,True
Road to Nashville Indoor Rodeo Show | MECA,2026-09-12,2026-09-12 14:00:00+00:00,2026-09-12 22:00:00+00:00,Meca Swindon,SN1 1PR,-1.7805278,51.5586235,True
"RNB MANIA | Birmingham, Under The Arches | R&B Fest",2026-09-12,2026-09-12 15:00:00+00:00,2026-09-12 23:00:00+00:00,LAB11,B5 5NL,-1.886701,52.476674,True
The Garage Garden at Halleys Comet,2026-09-12,2026-09-12 13:00:00+00:00,2026-09-12 23:45:00+00:00,Halleys Comet,MK13 7AW,-0.7850443,52.0594802,True
Country Club -  Country Music Terrace Party- Bournemouth,2026-09-12,2026-09-12 15:00:00+00:00,2026-09-12 22:00:00+00:00,Aruba Bar And Restaurant,BH2 5AA,-1.87567299,50.71604,True
"Rhinestone Fest: London, September 12th",2026-09-12,2026-09-12 17:00:00+00:00,2026-09-12 23:00:00+00:00,Between The Bridges,SE1 8XX,-0.117548,51.504813,True
Other Worlds Festival,2026-09-12,2026-09-12 15:30:00+00:00,2026-09-12 23:30:00+00:00,The Hobbit,SO14 0JZ,-1.395307,50.917803,True
BeatMasters Outdoor Music Festival,2026-09-12,2026-09-12 12:00:00+00:00,2026-09-12 22:00:00+00:00,Charlton Park,SN16 9RU,-2.069923,51.601347,True
OVER 30's CLUB - Daytime Open Air Festival - Nottingham,2026-09-12,2026-09-12 15:00:00+00:00,2026-09-12 22:00:00+00:00,Binks Yard,NG2 3BJ,-1.1395462,52.9483902,True
WildStyle Radio Festival,2026-09-12,2026-09-12 11:00:00+00:00,2026-09-12 23:00:00+00:00,Higginson Park ,SL7 2AE,-0.7769462,51.5677421,True
Next Wave,2026-09-12,2026-09-12 15:00:00+00:00,2026-09-12 23:00:00+00:00,Bootleg Social ,FY1 3AQ,-3.050131,53.819384,True
FOMO Multi Genre Music Festival,2026-09-12,2026-09-12 12:00:00+00:00,2026-09-12 23:00:00+00:00,The Rainton Arena,DH4 5PH,-1.4841336,54.8354228,True
Girls Like R&B - Summer Open-Air Festival - Sat 12th September,2026-09-12,2026-09-12 15:00:00+00:00,2026-09-12 22:00:00+00:00,LDN EAST,E16 4SH,0.0037307,51.5190133,True
Sonic Boom,2026-09-12,2026-09-12 11:00:00+00:00,2026-09-12 23:00:00+00:00,Market Place Burton On Trent DE14 1HA.,DE14 1HA,-1.6301627,52.8017036,True
Waterworks Festival,2026-09-12,2026-09-12 10:00:00+00:00,2026-09-12 23:00:00+00:00,Gunnersbury Park,W3 8LQ,-0.286325,51.49949,True
DogFest on the Farm,2026-09-12,2026-09-12 09:30:00+00:00,2026-09-13 16:30:00+00:00,Harewood House,LS17 9LG,-1.527206,53.897006,True
Down At The Abbey,2026-09-12,2026-09-12 11:00:00+00:00,2026-09-13 23:00:00+00:00,Reading Abbey Ruins,RG1 3HW,-0.9650746,51.4563543,True
Allo Allo Weekend,2026-09-12,2026-09-12 14:00:00+00:00,2026-09-13 11:00:00+00:00,"Moore Place Hotel, BW Signature Collection, UK",MK17 8DW,-0.6282862,52.0134026,True
Raver Tots Outdoor Festival Hertfordshire,2026-09-13,2026-09-13 13:00:00+00:00,2026-09-13 18:00:00+00:00,Berkhamsted Cricket Club,HP4 1HE,-0.559202,51.767677,True
We Love it Outdoor Tribute Festival Malmsbury - September 2026,2026-09-13,2026-09-13 12:00:00+00:00,2026-09-13 22:00:00+00:00,Charlton Park Estate,SN16 9LL,-2.0774817,51.5939645,True
One More Jam 2026,2026-09-13,2026-09-13 14:00:00+00:00,2026-09-13 22:00:00+00:00,Eutopia Whs,IG11 0DW,0.0963664,51.5204397,True
Equinox Festival 2026,2026-09-17,2026-09-17 12:00:00+00:00,2026-09-21 23:00:00+00:00,Scholey Park,LN4 4PD,0.1634,53.1197,False
Morecambe Poetry Festival 2026 18th to 20th September,2026-09-18,2026-09-18 19:00:00+00:00,2026-09-20 23:00:00+00:00,Morecambe Winter Gardens,LA4 4BU,-2.876804,54.069112,False
Staithes Country Music Weekender,2026-09-18,2026-09-18 13:00:00+00:00,2026-09-19 23:45:00+00:00,Staithes Athletic Club,TS13 5AY,-0.7931821,54.5526933,False
Sounds of the 60s,2026-09-18,2026-09-18 19:30:00+00:00,2026-09-18 22:00:00+00:00,"Verwood Hub, UK",BH31 7QE,-1.8817686,50.8810539,False
Bats in the Attic 2026,2026-09-18,2026-09-18 18:30:00+00:00,2026-09-20 02:00:00+00:00,Alhambra Live,LA4 4EU,-2.8805429,54.0662562,False
Complete Stone Roses Live In The Big Top,2026-09-19,2026-09-19 13:00:00+00:00,2026-09-19 23:00:00+00:00,Queens Park Recreation,G42 8QR,-4.259955,55.8298752,True
Leigh Cricket club Festival 2026,2026-09-19,2026-09-19 12:00:00+00:00,2026-09-19 21:30:00+00:00,Leigh Cricket Club,WN7 3LH,-2.5226589,53.4849605,True
The History of Jungle - CARDIFF,2026-09-19,2026-09-19 14:00:00+00:00,2026-09-19 23:00:00+00:00,Depot,CF10 5DF,-3.178509,51.471409,True
Trancecoda & Groovebox pres. Shine Open Air with Paul van Dyk,2026-09-19,2026-09-19 14:00:00+00:00,2026-09-19 22:00:00+00:00,Binks Yard,NG2 3BJ,-1.1395462,52.9483902,True
Send it 100! @ Pitt St. Skatepark,2026-09-19,2026-09-19 11:00:00+00:00,2026-09-20 23:00:00+00:00,Pitt St Skatepark,PO1 4AY,-1.08830016,50.80420117,True
PAUL VAN DYK Open Air | Trancecoda X Groovebox X Shine at Binks,2026-09-19,2026-09-19 14:00:00+00:00,2026-09-19 22:00:00+00:00,Binks Yard,NG2 3BJ,-1.1395462,52.9483902,True
Colne Cricket Club Music Festival 2026,2026-09-19,2026-09-19 12:00:00+00:00,2026-09-19 20:00:00+00:00,Colne Cricket Club,BB8 0RF,-2.1550081,53.8595393,True
Sex Pistols Exposé/ Lizzie & The Banshees/ Clashed/ Damned Ruts,2026-09-19,2026-09-19 17:00:00+00:00,2026-09-20 01:00:00+00:00,Leeds Irish Centre,LS9 9NT,-1.51556,53.7970495,True
RNB MANIA | Hertford's R&B Festival,2026-09-19,2026-09-19 15:00:00+00:00,2026-09-19 23:00:00+00:00,"Dog And Whistle, Hertford",SG14 1AB,-0.075214,51.796545,True
LEGACY outdoors summer closing party,2026-09-19,2026-09-19 14:00:00+00:00,2026-09-19 23:00:00+00:00,Eutopia,IG11 0DW,0.0963664,51.5204397,True
Back To The 90s Festival - Saturday 19th Sept - O2 Academy,2026-09-19,2026-09-19 19:00:00+00:00,2026-09-20 00:00:00+00:00,O2 Academy Bournemouth,BH1 4BH,-1.840005,50.726677,True
Soultrane Festival,2026-09-19,2026-09-19 19:00:00+00:00,2026-09-20 00:00:00+00:00,Mandela Hall,BT7 1NF,-5.936459,54.585524,True
Cookout - Rooftop Festival - Birmingham - XOYO,2026-09-26,2026-09-19 16:00:00+00:00,2026-09-19 22:00:00+00:00,XOYO Rooftop,B9 4AG,-1.8818475,52.4751802,True
Allo Allo Weekend,2026-09-19,2026-09-19 14:00:00+00:00,2026-09-20 11:00:00+00:00,Mercure Gloucester Bowden Hall Hotel,GL4 8ED,-2.1915206,51.8346511,True
Garristonbury 26,2026-09-20,2026-09-20 14:00:00+00:00,2026-09-20 22:30:00+00:00,The Garrison Barnsley,S70 2HZ,-1.4804477,53.5536282,True
Liverpool Independent Freshers Fair 2026,2026-09-22,2026-09-22 11:00:00+00:00,2026-09-22 17:00:00+00:00,Einstein Bier Haus,L1 4AN,-2.9809868,53.4032519,False
Deepdale Festival,2026-09-24,2026-09-24 17:00:00+00:00,2026-09-27 22:30:00+00:00,Deepdale Camping And Rooms,PE31 8DD,0.6845624,52.9655024,False
St George's Hall Beer Festival,2026-09-24,2026-09-24 16:00:00+00:00,2026-09-27 18:00:00+00:00,St George's Hall,L1 1JJ,-2.979999,53.408662,False
Unfussy Festival: Morgan Seatree,2026-09-25,2026-09-25 15:00:00+00:00,2026-09-25 23:00:00+00:00,Gateshead International Stadium,NE10 0EF,-1.580933,54.9607799,False
Origins Festival,2026-09-25,2026-09-25 18:00:00+00:00,2026-09-26 23:30:00+00:00,Hereford Racecourse Roman Road Hereford HR4 9QU,HR4 9QU,-2.7258699,52.0752945,False
Nottingham's Summer Fiesta 2026 | VAMOS X LA BOMBA | Binks Yard,2026-09-25,2026-09-25 16:00:00+00:00,2026-09-25 22:00:00+00:00,Binks Yard,NG2 3BJ,-1.1395462,52.9483902,False
"Beyond Boundaries w/ Max Dean, Hybrid Minds, MK, Wilkinson +more",2026-09-26,2026-09-26 12:00:00+00:00,2026-09-26 22:00:00+00:00,Stanmer Park,BN1 9SE,-0.093158,50.862748,True
Second Speed Accelerate Festival 2026,2026-09-26,2026-09-26 13:00:00+00:00,2026-09-26 23:00:00+00:00,Gateshead International Stadium,NE10 0EF,-1.580933,54.9607799,True
Ramsbottom Cricket Club Festival 2026,2026-09-26,2026-09-26 12:00:00+00:00,2026-09-26 21:30:00+00:00,Ramsbottom Cricket Club,BL0 0AT,-2.3083941,53.6465972,True
Road to Nashville Indoor Rodeo Show | LAB11,2026-09-26,2026-09-26 14:00:00+00:00,2026-09-26 22:00:00+00:00,LAB11,B5 5NL,-1.886701,52.476674,True
MCR ROCKS Family Festival 2026,2026-09-26,2026-09-26 00:00:00+00:00,2026-09-26 22:00:00+00:00,Clifton Cricket Club,M27 6NB,-2.3473265,53.5300471,True
RNB MANIA | Newcastle's R&B Festival,2026-09-26,2026-09-26 15:00:00+00:00,2026-09-26 21:00:00+00:00,NX Newcastle,NE1 1SW,-1.6184135,54.9704414,True
Cookout - Rooftop Festival - Birmingham - XOYO,2026-09-26,2026-09-26 16:00:00+00:00,2026-09-26 22:00:00+00:00,XOYO Rooftop,B9 4AG,-1.8818475,52.4751802,True
"Oktoberfest | SWG3, Glasgow",2026-09-26,2026-09-26 12:00:00+00:00,2026-09-26 22:30:00+00:00,SWG3,G3 8QG,-4.299838,55.86462,True
Allday Indie Indoor Festival - Margate,2026-09-26,2026-09-26 15:00:00+00:00,2026-09-26 20:00:00+00:00,Dreamland,CT9 1XJ,1.376519,51.385702,True
RNB MANIA | Southampton's R&B Festival,2026-09-26,2026-09-26 15:00:00+00:00,2026-09-26 21:00:00+00:00,EngineRooms,SO15 1GZ,-1.412525,50.901793,True
R&B Rooftop Party - Saturday 26th September - Freight Brixton,2026-09-26,2026-09-26 17:00:00+00:00,2026-09-26 23:00:00+00:00,Freight Brixton,SW9 8JH,-0.1125395,51.4629424,True
Founded On The Beach - Brighton,2026-09-26,2026-09-26 15:00:00+00:00,2026-09-26 22:00:00+00:00,Horizon,BN1 1NB,-0.1412267,50.8198377,True
Homobloc 2026,2026-09-26,2026-09-26 17:00:00+00:00,2026-09-27 04:00:00+00:00,Depot Mayfield,M1 2PY,-2.22570918,53.47571845,True
Float Along Festival,2026-09-26,2026-09-26 11:00:00+00:00,2026-09-26 23:00:00+00:00,"Various Venues, Sheffield",S2 2BT,-1.46969097,53.37991777,True
Clubland Live Weekender 2026,2026-10-02,2026-10-02 18:00:00+00:00,2026-10-04 00:00:00+00:00,Winter Gardens,FY1 1HL,-3.05201,53.817013,False
Woodland Dance Project - Edinburgh 2026,2026-10-03,2026-10-03 12:00:00+00:00,2026-10-03 23:00:00+00:00,Vogrie Country Park,EH23 4NU,-2.9971416,55.8577814,True
"Oktoberfest | LiveHouse, Dundee | SATURDAY",2026-10-03,2026-10-03 12:00:00+00:00,2026-10-03 21:00:00+00:00,Live House Dundee,DD1 4EH,-2.9723511,56.4582723,True
Country Club - Country Festival - Xoyo - Birmingham,2026-10-03,2026-10-03 17:00:00+00:00,2026-10-03 23:00:00+00:00,XOYO,B9 4AG,-1.8809493,52.475038,True
RAISE YOUR HORN FESTIVAL Saturday 03/10/26,2026-10-03,2026-10-03 15:30:00+00:00,2026-10-03 23:00:00+00:00,The Assembly Leamington,CV31 3NF,-1.5340469,52.2854118,True
Cheshire Guitar Show,2026-10-04,2026-10-04 10:00:00+00:00,2026-10-04 15:00:00+00:00,Crewe Alexandra  Crewe CW2 6EB,CW2 6EB,-2.4361022,53.0879309,True
Beyond The Music 2026,2026-10-07,2026-10-07 09:00:00+00:00,2026-10-09 23:45:00+00:00,Media City UK,M50 2eq,-2.2976345,53.4741021,False
The Searchers and Hollies Experience,2026-10-08,2026-10-08 19:30:00+00:00,2026-10-08 22:00:00+00:00,Artrix,B60 1GN,-2.0512424,52.3387191,False
SOS Weekender 2026,2026-10-09,2026-10-09 15:00:00+00:00,2026-10-11 03:00:00+00:00,Last Drop Village Hotel and Spa,BL7 9PZ,-2.42102899,53.62203499,False
GLUESNORT: The Friday Night,2026-10-09,2026-10-09 19:30:00+00:00,2026-10-09 23:00:00+00:00,The Cab   Newport,NP20 4AB,-2.9975937,51.5884713,False
Oktoberfest on the Common - Friday 9th Oct 2026,2026-10-09,2026-10-09 17:00:00+00:00,2026-10-09 23:00:00+00:00,Clapham Common,SW4 9AT,-0.152942,51.457543,False
The Searchers and Hollies Experience,2026-10-09,2026-10-09 19:30:00+00:00,2026-10-09 22:00:00+00:00,The Terry O'Toole Theatre,LN6 9AX,-0.5974809,53.1863615,False
Sounds of the 60s with The Zoots,2026-10-09,2026-10-09 19:30:00+00:00,2026-10-09 22:00:00+00:00,Cornerstone Arts Centre,OX11 7NE,-1.24317,51.604933,False
"Girls Night Out | Freight Island, Manchester",2026-10-10,2026-10-10 14:00:00+00:00,2026-10-10 22:00:00+00:00,Freight Island,M1 2PZ,-2.2276473,53.4751511,True
"Oktoberfest | Ultra Warehouse, Derby",2026-10-10,2026-10-10 13:00:00+00:00,2026-10-10 23:00:00+00:00,Ultra Warehouse,DE21 6HA,-1.45278,52.9215784,True
GLUESNORT: The Saturday,2026-10-10,2026-10-10 14:00:00+00:00,2026-10-10 23:00:00+00:00,LePub,NP20 1fw,-2.9969252,51.5895108,True
Tigerfest 2026 Saturday/Sunday Combo,2026-10-10,2026-10-10 16:00:00+00:00,2026-10-11 20:00:00+00:00,The Rigger,ST5 1BT,-2.2188728,53.011402,True
Tigerfest 2026,2026-10-10,2026-10-10 16:00:00+00:00,2026-10-10 23:00:00+00:00,The Rigger Venue,ST5 1BT,-2.2187823,53.0120326,True
Oktoberfest on the Common - Evening session - Sat 10th Oct 2026,2026-10-10,2026-10-10 18:00:00+00:00,2026-10-10 23:00:00+00:00,Clapham Common,SW4 9AT,-0.152942,51.457543,True
Oktoberfest on the Common - Day session - Saturday 10th Oct 2026,2026-10-10,2026-10-10 11:00:00+00:00,2026-10-10 16:00:00+00:00,Clapham Common,SW4 9AT,-0.152942,51.457543,True
The George Harrison Project,2026-10-10,2026-10-10 19:30:00+00:00,2026-10-10 22:00:00+00:00,The Seagull Theatre ,NR33 0JH,1.7365477,52.4578936,True
Allday Indie Indoor Festival - Liverpool,2026-10-10,2026-10-10 16:00:00+00:00,2026-10-10 21:00:00+00:00,Camp And Furnace,L1 0BY,-2.980491,53.39449,True
Tigerfest 2026 Sunday Acoustic Wind Down,2026-10-11,2026-10-11 15:30:00+00:00,2026-10-11 20:00:00+00:00,The Artisan Tap,ST4 6AF,-2.2113127,53.0108996,True
Goth City Festival 2026,2026-10-12,2026-10-12 19:30:00+00:00,2026-10-18 02:00:00+00:00,Leeds City Centre,LS1 4AF,-1.5494337,53.7933791,False
The Golden Age of Brazilian Music - Live @The Blakehay Theatre,2026-10-13,2026-10-13 19:30:00+00:00,2026-10-13 21:00:00+00:00,The Blakehay Theatre,BS2 1JZ,-2.977255,51.347405,False
The Searchers and Hollies Experience,2026-10-14,2026-10-14 19:30:00+00:00,2026-10-14 22:00:00+00:00,Norden Farm Centre For The Arts.,SL6 4PF,-0.7463915,51.5157802,False
The Searchers and Hollies Experience,2026-10-15,2026-10-15 19:30:00+00:00,2026-10-15 22:00:00+00:00,"The Landmark Theatre, UK",EX34 9BZ,-4.1228321,51.2102442,False
Sŵn Festival,2026-10-15,2026-10-15 11:00:00+00:00,2026-10-17 23:00:00+00:00,Cardiff City Centre,CF1 2hq,-3.17909,51.481581,False
"Oktoberfest | Binks Yard, Nottingham",2026-10-16,2026-10-16 17:30:00+00:00,2026-10-17 22:00:00+00:00,Binks Yard,NG2 3BJ,-1.1395462,52.9483902,False
"Future Days w/ Working Men's Club, Ulrika Spacek & more",2026-10-16,2026-10-16 19:00:00+00:00,2026-10-16 23:30:00+00:00,The Crossing Digbeth,B5 5SU,-1.886788,52.475523,False
Oktoberfest on the Common - Friday 16th Oct 2026,2026-10-16,2026-10-16 17:00:00+00:00,2026-10-16 23:00:00+00:00,Clapham Common,SW4 9AT,-0.152942,51.457543,False
Sounds of the 60s with The Zoots,2026-10-16,2026-10-16 19:30:00+00:00,2026-10-16 22:00:00+00:00,The Beehive,EX14 1LZ,-3.195691,50.800252,False
"Future Days w/ Adult DVD, Gans, Pebbledash, Personal Trainer +",2026-10-17,2026-10-17 15:00:00+00:00,2026-10-17 23:30:00+00:00,The Crossing Digbeth,B5 5SU,-1.886788,52.475523,True
"Oktoberfest | Boxpark, Liverpool",2026-10-17,2026-10-17 12:00:00+00:00,2026-10-17 22:00:00+00:00,Boxpark Liverpool,L8 5XJ,-2.9783738,53.393922,True
Oktoberfest on the Common - Day session - Saturday 17th Oct 2026,2026-10-17,2026-10-17 11:00:00+00:00,2026-10-17 16:00:00+00:00,Clapham Common,SW4 9AT,-0.152942,51.457543,True
Oktoberfest on the Common - Evening session - Sat 17th Oct 2026,2026-10-17,2026-10-17 18:00:00+00:00,2026-10-17 23:00:00+00:00,Clapham Common,SW4 9AT,-0.152942,51.457543,True
Allday Indie Indoor Festival - London,2026-10-17,2026-10-17 17:00:00+00:00,2026-10-17 22:00:00+00:00,Boxpark Wembley,HA9 0JT,-0.2803926,51.5605176,True
Sounds of the 60s,2026-10-17,2026-10-17 19:30:00+00:00,2026-10-17 22:00:00+00:00,Cheltenham Playhouse Theatre,GL53 7HG,-2.0729088,51.8976041,True
Circu5 at Summer's End Festival,2026-10-18,2026-10-18 12:00:00+00:00,2026-10-18 22:30:00+00:00,Chepstow Drill Hall,NP16 5HJ,-2.6710626,51.6437969,True
Rock am River 2026,2026-10-23,2026-10-23 17:15:00+00:00,2026-10-24 22:15:00+00:00,The New Continental,PR1 8JP,-2.7082461,53.7508042,False
Oktoberfest on the Common - Friday 23rd Oct 2026,2026-10-23,2026-10-23 17:00:00+00:00,2026-10-23 23:00:00+00:00,Clapham Common,SW4 9AT,-0.152942,51.457543,False
Mutations Festival,2026-10-23,2026-10-23 11:00:00+00:00,2026-10-24 23:00:00+00:00,"Multiple Venues, Brighton",BN1 1NJ,-0.136286,50.8227014,False
Inverness Goes Large!,2026-10-24,2026-10-24 15:00:00+00:00,2026-10-24 23:00:00+00:00,Inverness Leisure Centre,IV3 5SS,-4.2393564,57.464054,True
"Oktoberfest | Keele SU, Stoke | SATURDAY",2026-10-24,2026-10-24 15:00:00+00:00,2026-10-25 00:30:00+00:00,Keele SU (Keele University Students' Union),ST5 5BJ,-2.27055,53.0023698,True
Oktoberfest on the Common - Evening session - Sat 24th Oct 2026,2026-10-24,2026-10-24 18:00:00+00:00,2026-10-24 23:00:00+00:00,Clapham Common,SW4 9AT,-0.152942,51.457543,True
Oktoberfest on the Common - Day session - Saturday 24th Oct 2026,2026-10-24,2026-10-24 11:00:00+00:00,2026-10-24 16:00:00+00:00,Clapham Common,SW4 9AT,-0.152942,51.457543,True
Margate Rock Festival,2026-10-24,2026-10-24 11:00:00+00:00,2026-10-24 23:00:00+00:00,Dreamland,CT9 1XJ,1.376519,51.385702,True
Sounds of the 70s,2026-10-29,2026-10-29 20:00:00+00:00,2026-10-29 22:00:00+00:00,The Spring Arts And Heritage Centre,PO9 1BS,-0.9783333,50.8505556,False
Second Speed Accelerate: VIEZE ASBAK  (ALL DAY LONG),2026-10-30,2026-10-30 16:30:00+00:00,2026-10-30 23:00:00+00:00,Gateshead International Stadium,NE10 0EF,-1.580933,54.9607799,False
FearFest 2026,2026-10-30,2026-10-30 17:00:00+00:00,2026-10-31 02:00:00+00:00,Sheffield TBA (Venue Announced Soon),S60 1DD,-1.470085,53.381129,False
Revenant IV - Whitby Goth Weekend (WGW) - Autumn,2026-10-30,2026-10-30 18:00:00+00:00,2026-11-01 23:45:00+00:00,Royal Hotel Whitby,YO21 3HA,-0.6166367,54.4899937,False
Tomorrow's Ghosts Festival,2026-10-30,2026-10-30 11:00:00+00:00,2026-10-31 23:00:00+00:00,Whitby Pavilion,YO21 3EN,-0.620457,54.490868,False
Run Away Halloween 2026 - Chelmsford Racecourse Essex,2026-10-31,2026-10-31 12:00:00+00:00,2026-10-31 22:30:00+00:00,Chelmsford Racecourse,CM3 1QP,0.5128143,51.8420471,True
Ben Hemsley & Ewan McVicar Halloween Day -  Newcastle,2026-10-31,2026-10-31 13:30:00+00:00,2026-10-31 23:00:00+00:00,Gateshead Stadium,NE10 0EF,-1.5823742,54.9605812,True
Sidewinder Halloween Festival 2026,2026-10-31,2026-10-31 16:00:00+00:00,2026-11-01 04:00:00+00:00,Bowlers Exhibition Centre,M17 1SN,-2.331379,53.469248,True
Zombie Fest 9 - East Anglia's Biggest Indoor Halloween Festival,2026-10-31,2026-10-31 15:00:00+00:00,2026-10-31 23:00:00+00:00,"Cambridge Junction, England",CB1 7GX,0.1359265,52.1906821,True
Deaf Rave Festival 2026 - Daytime,2026-10-31,2026-10-31 11:00:00+00:00,2026-10-31 17:00:00+00:00,Rich Mix,E1 6LA,-0.073543,51.524043,True
Sex Pistols Exposé/Lizzie & The Banshees/Clashed/We'll be Damned,2026-10-31,2026-10-31 17:00:00+00:00,2026-10-31 23:45:00+00:00,The Hairy Dog,DE1 1HT,-1.480564,52.922335,True
ScareFest 2026 - Silent Disco,2026-10-31,2026-10-31 16:00:00+00:00,2026-10-31 22:00:00+00:00,Hangar 34,L1 0BS,-2.978708,53.395164,True
Rabidfest,2026-10-31,2026-10-31 11:00:00+00:00,2026-11-01 23:00:00+00:00,The Bullingdon,OX4 1UE,-1.237543,51.747922,True
Pitchfork Music Festival London,2026-11-02,2026-11-02 11:00:00+00:00,2026-11-08 23:00:00+00:00,"Multiple Venues, London",SW18 2DY,-0.183184,51.4520742,False
Hard Rock Hell,2026-11-04,2026-11-04 11:00:00+00:00,2026-11-08 23:00:00+00:00,Vauxhall Holiday Park,NR30 1TB,1.716677,52.618677,False
We Call it Dance Weekender,2026-11-06,2026-11-06 14:00:00+00:00,2026-11-09 10:00:00+00:00,Butlins,PE25 1NJ,0.349951,53.178158,False
"Whitby Blues, Rhythm & Rock Festival",2026-11-06,2026-11-06 11:00:00+00:00,2026-11-08 23:00:00+00:00,Whitby Pavilion,YO21 3EN,-0.620457,54.490868,False
All Back To Minehead,2026-11-06,2026-11-06 11:00:00+00:00,2026-11-09 23:00:00+00:00,Butlins Resort,TA24 5SH,-3.417858,51.1610223,False
Damnation 2026,2026-11-07,2026-11-07 11:00:00+00:00,2026-11-08 23:45:00+00:00,BEC Arena,M17 1SN,-2.3297649,53.4676884,True
Exchange Takeover,2026-11-07,2026-11-07 12:30:00+00:00,2026-11-07 22:00:00+00:00,Exchange Bristol,BS2 0EJ,-2.5828917,51.4555472,True
Reading Rising 2026,2026-11-07,2026-11-07 12:00:00+00:00,2026-11-08 23:00:00+00:00,The FaceBar,RG1 7JE,-0.981916,51.4559228,True
Shiiine On Weekender - Minehead,2026-11-13,2026-11-13 11:00:00+00:00,2026-11-15 23:00:00+00:00,Butlins Minehead Resort,TA24 5SH,-3.4617114,51.2059856,False
EFG London Jazz Festival,2026-11-18,2026-11-18 11:00:00+00:00,2026-11-22 23:00:00+00:00,Southbank Centre,SE1 8XX,-0.116393,51.5062,False
Loud & Clear,2026-11-21,2026-11-21 15:00:00+00:00,2026-11-21 23:00:00+00:00,Multiple Venues,L1 4BE,-2.9810914,53.4025679,True
RNB MANIA | Brighton's R&B Festival,2026-11-21,2026-11-21 15:00:00+00:00,2026-11-21 21:00:00+00:00,Quarters Brighton,BN1 1NB,-0.1417257,50.8200695,True
Lincs Fest,2026-11-27,2026-11-27 18:00:00+00:00,2026-11-27 23:00:00+00:00,The Engine Shed,LN6 7TS,-0.5450172,53.2271632,False
Novacaine Festival 2026,2026-11-28,2026-11-28 13:00:00+00:00,2026-11-28 23:00:00+00:00,Corporation Sheffield,S1 4JU,-1.475949,53.3772819,True
The George Harrison Project,2026-11-28,2026-11-28 19:30:00+00:00,2026-11-28 22:00:00+00:00,"The Mill Arts Centre, Banbury",OX16 5QE,-1.3316148,52.0629011,True
The George Harrison Project,2026-11-29,2026-11-29 18:00:00+00:00,2026-11-29 20:30:00+00:00,The Exchange ,TW1 1BE,-0.3258405,51.4488833,True
Strictly Bangerz Indoor Winter Festival,2026-12-04,2026-12-04 21:00:00+00:00,2026-12-05 03:00:00+00:00,SWG3,G3 8QG,-4.299838,55.86462,False
Sounds of the 70s,2026-12-04,2026-12-04 19:30:00+00:00,2026-12-04 22:00:00+00:00,The Regent Christchurch,BH23 1AS,-1.7773799,50.7339363,False
Bloodstock Winter Gathering,2026-12-05,2026-12-05 11:00:00+00:00,2026-12-05 23:00:00+00:00,KK's Steel Mill,WV2 4DU,-2.1275162,52.5786831,True
The Ho Ho Hoedown 2026 - Country Christmas Festival,2026-12-11,2026-12-11 14:45:00+00:00,2026-12-13 04:00:00+00:00,Norbreck Castle Hotel,FY2 9AA,-3.048388,53.85839699,False
"VIOLENT NIGHT - The Bread Shed, Manchester",2026-12-12,2026-12-12 12:00:00+00:00,2026-12-13 22:30:00+00:00,The Bread Shed,M1 7HL,-2.235383,53.471075,True
Christmas Brunch Festival,2026-12-12,2026-12-12 11:30:00+00:00,2026-12-12 15:00:00+00:00,BALLIN' Maidstone,ME14 1SD,0.522303,51.273127,True
The George Harrison Project,2026-12-12,2026-12-12 19:30:00+00:00,2026-12-12 22:00:00+00:00,The Stag Plaza,TN13 1ZZ,0.1914453,51.269908,True
The Christmas Tree Murder Mystery,2026-12-13,2026-12-13 19:00:00+00:00,2026-12-13 22:30:00+00:00,ARTA,G1 1PA,-4.244365,55.858127,True
Moon Festival 2026 [New Year's Eve],2026-12-31,2026-12-31 18:00:00+00:00,2027-01-01 03:00:00+00:00,Sawmills,BS5 0TN,-2.5785982,51.459947,False
The George Harrison Project,2027-01-16,2027-01-16 19:30:00+00:00,2027-01-16 22:00:00+00:00,"Millfield Theatre, UK",N18 1PJ,-0.0814081,51.6164408,True
The George Harrison Project,2027-01-22,2027-01-22 19:30:00+00:00,2027-01-22 22:00:00+00:00,Guildhall Arts Centre,NG31 6PZ,-0.6399299,52.9105054,False
OUTLOUD! Festival - Manchester,2027-01-23,2027-01-23 14:30:00+00:00,2027-01-23 22:00:00+00:00,The Deaf Institute,M1 7HE,-2.236581,53.470281,True
Rock the Gardens,2027-01-29,2027-01-29 11:00:00+00:00,2027-01-30 23:00:00+00:00,Winter Gardens Blackpool,FY1 1HL,-3.050948,53.81712,False
The George Harrison Project,2027-01-30,2027-01-30 19:30:00+00:00,2027-01-30 22:00:00+00:00,The Deco,NN1 4AE,-0.8886892,52.2402351,True
Sounds of the 60s,2027-02-12,2027-02-12 19:30:00+00:00,2027-02-12 22:00:00+00:00,The Lights,SP10 1AH,-1.481749,51.206272,False
60's & 70's Music Weekender,2027-03-05,2027-03-05 18:30:00+00:00,2027-03-07 23:00:00+00:00,Shorefield Caravan Park,SO41 0LH,-1.6174369,50.7357084,False
Southport Weekender,2027-03-05,2027-03-05 11:00:00+00:00,2027-03-07 23:00:00+00:00,Butlins Bognor Regis Resort,PO21 1JJ,-0.6603869,50.7871145,False
Hospitality Weekender 2027,2027-03-12,2027-03-12 14:00:00+00:00,2027-03-15 10:00:00+00:00,Butlins Bognor Regis Resort,PO21 1JJ,-0.6603869,50.7871145,False
Country to Country - Manchester,2027-03-12,2027-03-12 11:00:00+00:00,2027-03-14 23:00:00+00:00,Manchester AO Arena,M1 1AD,-2.2436621,53.4880988,False
Country to Country - Glasgow,2027-03-12,2027-03-12 11:00:00+00:00,2027-03-14 23:00:00+00:00,OVO Hydro,G3 8YW,-4.285367,55.859881,False
Country to Country - London,2027-03-12,2027-03-12 11:00:00+00:00,2027-03-14 23:00:00+00:00,The O2,SE10 0DX,0.00315,51.503027,False
Manchester Punk Festival,2027-03-26,2027-03-26 11:00:00+00:00,2027-03-28 23:00:00+00:00,"Multiple Venues, Northern Quarter",M4 1HP,-2.2368819,53.4845412,False
Stockton Callilng,2027-03-27,2027-03-27 11:00:00+00:00,2027-03-27 23:00:00+00:00,ARC Stockton Arts Centre,TS18 1LL,-1.315808,54.564283,True
Scarborough Punk Festival,2027-04-03,2027-04-03 11:00:00+00:00,2027-04-04 23:00:00+00:00,Scarborough Spa,YO11 2HD,-0.3974294,54.2756898,True
This Feeling By The Sea,2027-04-09,2027-04-09 15:00:00+00:00,2027-04-10 23:00:00+00:00,Bridlington Spa,YO15 3JH,-0.195646,54.079472,False
Jack up the 60s,2027-04-17,2027-04-17 19:30:00+00:00,2027-04-17 22:00:00+00:00,"Shanklin Theatre, UK",PO37 6AJ,-1.1788402,50.6276865,True
Bonfest 2027,2027-04-30,2027-04-30 11:00:00+00:00,2027-05-02 23:00:00+00:00,Bonfest Festival Site Kirriemuir DD8 5PU,DD8 5PU,-2.998337,56.66645,False
Live in Loch Goil 2027,2027-04-30,2027-04-30 17:00:00+00:00,2027-05-02 22:30:00+00:00,Lochgoilhead Village Hall,PA24 8AQ,-4.9013015,56.1717217,False
Blackpool Young Farmers DIY AGM 2027,2027-04-30,2027-04-30 12:00:00+00:00,2027-05-02 22:00:00+00:00,Olympia Winter Gardens,FY1 1HL,-3.0516531,53.8166542,False
Shuffley Daze Music Festival,2027-04-30,2027-04-30 11:00:00+00:00,2027-05-03 13:00:00+00:00,Three Pools,NP7 8NL,-2.9403015,51.8486967,False
Teddy Rocks Festival,2027-04-30,2027-04-30 11:00:00+00:00,2027-05-02 23:00:00+00:00,Charisworth Farm Cottage,DT11 9AL,-2.19502844,50.81331733,False
Mint Festival 2027,2027-05-01,2027-05-01 10:00:00+00:00,2027-05-02 22:00:00+00:00,Newsam Green Farm,LS15 9AD,-1.4421028,53.7743756,True
Manchester Forever,2027-05-01,2027-05-01 14:00:00+00:00,2027-05-01 23:45:00+00:00,Bowlers Exhibition Centre,M17 1SN,-2.331379,53.469248,True
BACK IN TIME Festival 2027,2027-05-01,2027-05-01 12:00:00+00:00,2027-05-01 22:00:00+00:00,ESHER RUGBY CLUB,KT12 3PF,-0.389332,51.379902,True
Brixton Disco Festival 2027,2027-05-01,2027-05-01 14:00:00+00:00,2027-05-02 02:00:00+00:00,Multiple Venues Brixton,SW2 1EF,-0.115212,51.460507,True
Pavilion Festival 2027,2027-05-01,2027-05-01 12:00:00+00:00,2027-05-01 22:30:00+00:00,Low Green Ayr,KA7 1DR,-4.6389715,55.4612303,True
Wanderlust Festival Southhampton,2027-05-01,2027-05-01 11:00:00+00:00,2027-05-02 23:00:00+00:00,Multi Venue Southampton,SO14 1JX,-1.40281735,50.90303181,True
Pavilion Festival 2027,2027-05-02,2027-05-02 12:00:00+00:00,2027-05-02 22:30:00+00:00,Low Green Ayr,KA7 1DR,-4.6389715,55.4612303,True
Groovebox In The Park 2027,2027-05-02,2027-05-02 13:00:00+00:00,2027-05-02 23:00:00+00:00,Venue TBA,NG8 2AE,-1.1549892,52.9540223,True
The Great Escape,2027-05-12,2027-05-12 11:00:00+00:00,2027-05-15 23:00:00+00:00,Brighton Dome And Various Venues,BN1 1UE,-0.13844,50.823411,False
One Drop Reggae & Ska Festival,2027-05-21,2027-05-21 16:00:00+00:00,2027-05-22 23:00:00+00:00,The Country Park,HU13 0HB,-0.451228,53.714505,False
Manchester Jazz Festival,2027-05-21,2027-05-21 11:00:00+00:00,2027-05-30 23:00:00+00:00,First Street Bar And Kitchen,M15 4RP,-2.2474394,53.4726691,False
Cafe Mambo Ibiza Classics at Coombe Abbey 2027,2027-05-22,2027-05-22 13:00:00+00:00,2027-05-22 23:00:00+00:00,Coombe Abbey ,CV3 2AB,-1.406912,52.411457,True
Bearded Theory,2027-05-26,2027-05-26 11:00:00+00:00,2027-05-30 23:00:00+00:00,Catton Hall,DE12 8LN,-1.695718,52.735396,False
Buckle & Boots Country Festival,2027-05-27,2027-05-27 11:00:00+00:00,2027-05-30 23:00:00+00:00,Whitebottom Farm,SK6 5JQ,-2.0388127,53.4209586,False
Hay Festival,2027-05-27,2027-05-27 11:00:00+00:00,2027-06-06 23:00:00+00:00,Dairy Meadows,HR3 5PJ,-3.1346683,52.0695586,False
Ascendancy Festival,2027-05-27,2027-05-27 11:00:00+00:00,2027-05-31 23:00:00+00:00,Thornborough Events,B38 9EH,-1.9244602,52.3827147,False
Buckle & Boots Country Festival,2027-05-27,2027-05-27 11:00:00+00:00,2027-05-30 23:00:00+00:00,Etherow Country Park,SK6 5JD,-2.0522882,53.4154524,False
Call Of The Wild Festival,2027-05-27,2027-05-27 11:00:00+00:00,2027-05-30 23:00:00+00:00,Lincolnshire Showground,LN2 2NA,-0.547713,53.285323,False
In It Together 2027,2027-05-28,2027-05-28 12:00:00+00:00,2027-05-30 23:45:00+00:00,Old Park Farm Margam In Port Talbot,SA13 2TG,-3.718071,51.5489393,False
Coalesce Festival 2027,2027-05-28,2027-05-28 13:00:00+00:00,2027-05-31 02:00:00+00:00,Three Pools,NP7 8NL,-2.9403015,51.8486967,False
The Beat Goes On.... 2027,2027-05-28,2027-05-28 12:00:00+00:00,2027-05-31 12:00:00+00:00,Oxwick Farm,BS37 6PA,-2.4028647,51.5712546,False
TN90's Festival Tonbridge 2027,2027-05-28,2027-05-28 16:00:00+00:00,2027-05-31 19:00:00+00:00,Tonbridge Race Course,TN9 1HR,0.2698974,51.1957456,False
Country In The Country 2027 - ELY,2027-05-28,2027-05-28 17:00:00+00:00,2027-05-28 23:00:00+00:00,Ely Secret Venue (TBA),CB7 4BB,0.262363,52.399539,False
Little Fields Festival: 2027,2027-05-28,2027-05-28 08:30:00+00:00,2027-05-31 03:00:00+00:00,Secret Venue Wales,NP7 8NL,-2.9406554,51.8517867,False
Meadow Fest,2027-05-28,2027-05-28 14:30:00+00:00,2027-05-30 23:00:00+00:00,"Rangers Lodge, Cornbury Park,",OX7 3HL,-1.516171,51.8697646,False
The Big Retreat Festival,2027-05-28,2027-05-28 11:00:00+00:00,2027-05-31 23:00:00+00:00,The Big Retreat Wales,SA68 0PW,-4.8725463,51.7267262,False
Shindig Festival,2027-05-28,2027-05-28 11:00:00+00:00,2027-05-30 23:00:00+00:00,Charlton Park Estate,SN16 9LL,-2.0774817,51.5939645,False
Bournemouth7s Festival,2027-05-28,2027-05-28 11:00:00+00:00,2027-05-30 23:00:00+00:00,Bournemouth University Sports Campus,BH23 6BL,-1.8607888,50.7806542,False
Meadow Fest,2027-05-28,2027-05-28 11:00:00+00:00,2027-05-30 23:00:00+00:00,The Big Park,HP7 0PL,-0.655758,51.6438244,False
Run Away Festival 2027 - Bank Hol Sat 29 & Sun 30 May - Essex,2027-05-29,2027-05-29 12:00:00+00:00,2027-05-30 22:30:00+00:00,Chelmsford Racecourse,CM3 1QP,0.5128143,51.8420471,True
The Gathering 2027,2027-05-29,2027-05-29 11:30:00+00:00,2027-05-29 22:30:00+00:00,Inverness Northern Meeting Park,IV3 5NN,-4.2292209,57.4750207,True
The Invasion: 5.0 - A New Dawn,2027-05-29,2027-05-29 13:00:00+00:00,2027-05-29 23:00:00+00:00,***Secret Location***,B1 1AA,-1.9105123,52.4804681,True
The Essex Ska & Reggae Festival 2027,2027-05-29,2027-05-29 14:00:00+00:00,2027-05-29 23:30:00+00:00,Harlow Rugby Club,CM20 3FD,0.1163633,51.7661231,True
Vernon Carus Britpop Weekender 2027,2027-05-29,2027-05-29 17:00:00+00:00,2027-05-30 23:00:00+00:00,Vernon Carus Sports Club,PR1 9SN,-2.7005419,53.7418198,True
Field Day,2027-05-29,2027-05-29 11:00:00+00:00,2027-05-29 23:00:00+00:00,Brockwell Park   London,SE24 0NG,-0.1076672,51.45082,True
Benisoul  Blackpool  Comedy Carpet 2027,2027-05-29,2027-05-29 12:00:00+00:00,2027-05-30 18:00:00+00:00,The Blackpool Tower,FY1 4BJ,-3.0552319,53.8159646,True
Dot To Dot Festival,2027-05-29,2027-05-29 11:00:00+00:00,2027-05-30 23:00:00+00:00,Bristol And Nottingham (Multiple Venues),BS1 5NA,-2.6001187,51.4540069,True
Godskitchen XXX : Birmingham,2027-05-30,2027-05-30 14:00:00+00:00,2027-05-31 04:00:00+00:00,The Digbeth Triangle,B9 4AG,-1.8816481,52.4751069,True
Groove is in the Park 2027,2027-05-30,2027-05-30 14:00:00+00:00,2027-05-30 22:30:00+00:00,Harlow Rugby Club,CM20 3FD,0.1163633,51.7661231,True
Land Beyond Festival 2027,2027-05-30,2027-05-30 12:00:00+00:00,2027-05-30 22:00:00+00:00,East Brighton Park,BN2 5PB,-0.09738,50.819877,True
Ely Fest - Family Festival 2027,2027-05-30,2027-05-30 12:00:00+00:00,2027-05-30 18:00:00+00:00,Ely Secret Venue (TBA),CB7 4BB,0.262363,52.399539,True
Country Club - Outdoor Country Music Festival 2027 - Chelmsford,2027-05-30,2027-05-30 14:00:00+00:00,2027-05-30 22:00:00+00:00,Wheelers Farm ,CM3 3LZ,0.4902514,51.7871197,True
"Love the 90s Festival 2027|Elvaston Castle, Derby",2027-05-30,2027-05-30 13:00:00+00:00,2027-05-30 23:00:00+00:00,Elvaston Castle Country Park,DE72 3EP,-1.397213,52.893113,True
City Splash 2027,2027-05-31,2027-05-31 12:00:00+00:00,2027-05-31 22:00:00+00:00,Brockwell Park,SE24 0NG,-0.103317,51.452522,False
Wychwood Festival,2027-06-04,2027-06-04 11:00:00+00:00,2027-06-06 23:00:00+00:00,Cheltenham Racecourse,GL50 4SH,-2.069876,51.918208,False
Glorious Day Festival 2027,2027-06-05,2027-06-05 13:00:00+00:00,2027-06-05 22:30:00+00:00,Hove Lawns,BN3 2PE,-0.159751,50.822969,True
Terminal V Festival 2027,2027-06-05,2027-06-05 12:00:00+00:00,2027-06-06 22:30:00+00:00,Outdoor Industrial Location TBA,G1 3SJ,-4.2579586,55.8593948,True
LOADED : Music Festival,2027-06-05,2027-06-05 12:00:00+00:00,2027-06-05 22:00:00+00:00,Ratby Sports Club,LE6 0LE,-1.2463714,52.6468661,True
Stories In The Park 2027,2027-06-05,2027-06-05 12:00:00+00:00,2027-06-05 22:30:00+00:00,Palmer Park,RG1 3PE,-0.9392127,51.4534992,True
Road to Nashville Outdoor Festival 2027 | Elvaston Castle,2027-06-05,2027-06-05 13:00:00+00:00,2027-06-05 23:00:00+00:00,Elvaston Castle Country Park,DE72 3EP,-1.397213,52.893113,True
Download Festival,2027-06-09,2027-06-09 11:00:00+00:00,2027-06-13 23:00:00+00:00,Raceway Fields And Forest Donington Park,DE74 2RP,-1.365966,52.831932,False
WMF 2027 - Our 21st Birthday,2027-06-11,2027-06-11 17:00:00+00:00,2027-06-12 23:00:00+00:00,The Leys Recreational Park,OX28 4AR,-1.4858118,51.7792115,False
Goodlife Festival 2027,2027-06-12,2027-06-12 12:00:00+00:00,2027-06-12 23:00:00+00:00,Harewood House,LS17 9LG,-1.527206,53.897006,True
Summer Fest at the Beach 2027,2027-06-12,2027-06-12 11:00:00+00:00,2027-06-13 22:00:00+00:00,Weston Super Mare Beach,BS23 1AL,-2.9814491,51.34327359,True
Makemake Brewing Co. Presents: Far Out Festival,2027-06-12,2027-06-12 12:00:00+00:00,2027-06-12 23:00:00+00:00,Pitt St Indoor Skatepark,PO1 4AY,-1.088732,50.8040859,True
Earlham Park Tribute Festival 2027,2027-06-12,2027-06-12 12:00:00+00:00,2027-06-12 23:00:00+00:00,Earlham Park,NR4 7TQ,1.2378515,52.6256681,True
"Rum & Reggae Fest 2027| Elvaston Castle, Derby",2027-06-12,2027-06-12 13:00:00+00:00,2027-06-12 23:00:00+00:00,Elvaston Castle Country Park,DE72 3EP,-1.397213,52.893113,True
GemFest 2027,2027-06-17,2027-06-17 12:00:00+00:00,2027-06-21 00:00:00+00:00,Charlton Park Estate,SN16 9LL,-2.0774817,51.5939645,False
Loverocks Classic Rock and Blues Festival X,2027-06-17,2027-06-17 17:00:00+00:00,2027-06-19 23:30:00+00:00,St Leonards Farm Caravan And Camping Park,BH22 0AQ,-1.86731856,50.81296409,False
Towerfest Country Music Festival,2027-06-17,2027-06-17 11:00:00+00:00,2027-06-20 23:00:00+00:00,Drax Sports And Social Club,YO8 8PJ,-0.99345,53.729418,False
Isle of Wight Festival,2027-06-17,2027-06-17 11:00:00+00:00,2027-06-20 23:00:00+00:00,Seaclose Park,PO30 1UD,-1.290827,50.700541,False
Silverburn Festival 2027,2027-06-18,2027-06-18 17:00:00+00:00,2027-06-19 23:00:00+00:00,Silverburn Park,KY8 5PU,-2.979583,56.206884,False
Daresbury Festival 2027,2027-06-19,2027-06-19 12:00:00+00:00,2027-06-19 23:00:00+00:00,Walton Hall And Gardens ,WA4 6SN,-2.602108,53.3614688,True
Killin Music Festival,2027-06-19,2027-06-19 11:00:00+00:00,2027-06-20 23:00:00+00:00,McLaren Hall,FK21 8TN,-4.317864,56.468864,True
Leyland Festival,2027-06-19,2027-06-19 11:00:00+00:00,2027-06-19 23:00:00+00:00,Worden Park,PR25 1DJ,-2.697838,53.685307,True
Glastonbury,2027-06-23,2027-06-23 11:00:00+00:00,2027-06-27 23:00:00+00:00,Worthy Farm Pilton,BA4 4BY,-2.585679,51.159787,False
Liverpool Soul Weekender 2027,2027-06-24,2027-06-24 18:00:00+00:00,2027-06-28 01:00:00+00:00,Various Liverpool Venues,L1 1AA,-2.98346,53.410552,False
Symphonic Ibiza - KNOWLE - Friday 25th June 2027,2027-06-25,2027-06-25 17:30:00+00:00,2027-06-25 22:30:00+00:00,Knowle Park Longdon Road,B93 9HT,-1.7419664,52.3880672,False
Heartland Festival,2027-06-25,2027-06-25 11:00:00+00:00,2027-06-27 23:00:00+00:00,Pitlochry Recreation Ground,PH16 5DZ,-3.731568,56.6997947,False
Restricted Forest 2027,2027-06-26,2027-06-26 13:00:00+00:00,2027-06-26 23:00:00+00:00,Orrell Hill Woods,L38 5DA,-3.034359,53.526898,True
Knowle Party In The Park 2027,2027-06-26,2027-06-26 11:00:00+00:00,2027-06-26 22:30:00+00:00,Knowle Park Longdon Road,B93 9HT,-1.7419664,52.3880672,True
Granite City Festival 2027,2027-06-26,2027-06-26 12:00:00+00:00,2027-06-26 23:00:00+00:00,Hazelhead Park,AB15 1AA,-2.1967236,57.1215847,True
Chichester's Biggest Ever Summer House Music Festival,2027-06-26,2027-06-26 14:00:00+00:00,2027-06-26 22:00:00+00:00,Crouchers Orchards,PO20 7EH,-0.8029207,50.8109756,True
Lytham Festival,2027-06-30,2027-06-30 11:00:00+00:00,2027-07-04 23:00:00+00:00,Lytham Green,FY8 5LB,-2.9612395,53.7361652,False
ECLIPSE - Windsor Racecourse,2027-07-02,2027-07-02 16:00:00+00:00,2027-07-02 22:30:00+00:00,Windsor Racecourse,SL4 5jj,-0.6057318,51.4832299,False
Love Supreme Jazz Festival,2027-07-02,2027-07-02 11:00:00+00:00,2027-07-04 23:00:00+00:00,Glynde Place,BN8 6SX,0.0686302,50.8643584,False
Morley Music Festival 2027,2027-07-03,2027-07-03 12:00:00+00:00,2027-07-03 21:30:00+00:00,Morley Rugby Club,LS27 0JJ,-1.612128,53.7424307,True
doof in the Park 2027,2027-07-03,2027-07-03 13:00:00+00:00,2027-07-03 23:00:00+00:00,Location TBA,DD1 3AD,-2.9684036,56.4604052,True
Celestry 2027,2027-07-03,2027-07-03 13:00:00+00:00,2027-07-03 22:30:00+00:00,Royal Windsor Racecourse,SL4 5JJ,-0.63102,51.490338,True
Hartbeat Music Festival VIP Area,2027-07-10,2027-07-10 12:00:00+00:00,2027-07-10 21:00:00+00:00,"Hartham Common, Hertford",SG13 7AH,-0.076491,51.8013575,True
Livefields Festival 2027,2027-07-10,2027-07-10 12:00:00+00:00,2027-07-10 23:00:00+00:00,Oakwell Hall Country Park,WF17 9LG,-1.672837,53.738551,True
The Brit Fest 2027,2027-07-15,2027-07-15 18:00:00+00:00,2027-07-18 23:00:00+00:00,Ashley Hall Showground Altrincham WA14 3QA,WA14 3QA,-2.3475721,53.3608729,False
Show Of Hands,2027-07-16,2027-07-16 08:00:00+00:00,2027-07-19 04:00:00+00:00,Gilcombe Farm,BA10 0QE,-2.436107,51.126415,False
Noisy Weekender 2027,2027-07-16,2027-07-16 15:00:00+00:00,2027-07-18 22:00:00+00:00,Archive Liverpool,L8 5XJ,-2.97772283,53.3936539,False
Nat20:27,2027-07-23,2027-07-23 12:00:00+00:00,2027-07-26 13:00:00+00:00,NAEC Stoneleigh,CV8 2LZ,-1.5269285,52.3393745,False
INJM Fest,2027-08-21,2027-08-21 12:00:00+00:00,2027-08-21 22:00:00+00:00,Eternit Sport And Social Club,SG8 5RL,-0.0067322,52.1000776,True
Street Eat N Beats Festival 2027,2027-09-11,2027-09-11 12:00:00+00:00,2027-09-11 22:30:00+00:00,"Central Park, Chelmsford",Cm2 0RW,0.46735883,51.73262672,True
Sounds of the 60s,2027-09-11,2027-09-11 19:30:00+00:00,2027-09-11 22:00:00+00:00,"Princes Theatre, Clacton On Sea, Essex",CO15 1SE,1.1534776,51.7919815,True
Sounds of the 60s,2027-09-17,2027-09-17 19:30:00+00:00,2027-09-17 22:00:00+00:00,"The Mill Arts Centre, Banbury",OX16 5QE,-1.3316148,52.0629011,False
Sounds of the 60s,2027-10-17,2027-10-17 19:30:00+00:00,2027-10-17 22:00:00+00:00,Theatre Royal Winchester,SO23 8SB,-1.316077,51.065709,True
Strange Day + Strange Manchester after party,2027-11-27,2027-11-27 17:00:00+00:00,2027-11-28 02:00:00+00:00,Grafton Arms,M13 9WU,-2.2275962,53.463506,True
