eventname,cancelled,rescheduledDate,date,startdate,enddate,description,festival,venue_name,postcode,longitude,latitude,time,new_date
Bredy Reunion,0,,2026-07-09,2026-07-09 10:00:00+00:00,2026-07-11 23:45:00+00:00,Join us in July 2026 for the FOURTH 'Bredy Reunion' festival! A small festival in the heart of Dorset which packs a BIG punch!,,Bredy Farm,DT6 4ND,-2.697653,50.703545,00:00:00,
Bradford Literature Festival,0,,2026-07-09,2026-07-09 09:00:00+00:00,2026-07-09 22:00:00+00:00,"10 days, 500+ events of books, talks, exhibitions, music, film & 4 free family fun days. Celebrating stories, ideas & diverse voices.",,University Of Bradford,BD7 1DP,-1.762129,53.791699,00:00:00,
British Summer Time,0,,2026-06-27,2026-06-27 11:00:00+00:00,2026-07-12 23:00:00+00:00,"10 days of music & entertainment, with legendary headliners & support from today's rising stars","{'id': 260, 'name': 'BST Hyde Park', 'earliestStartDate': None}","The Hyde Park, St Neots",PE19 1AJ,-0.2564718,52.2360968,00:00:00,
Eskfest,0,,2026-07-09,2026-07-09 11:00:00+00:00,2026-07-11 23:00:00+00:00,The Lake District's number 1 micro-festival,"{'id': 1871, 'name': 'Eskfest', 'earliestStartDate': None}",The Woolpack Inn,CA19 1TH,-3.249126,54.397677,00:00:00,
2000trees Festival,0,,2026-07-08,2026-07-08 12:00:00+00:00,2026-07-11 23:00:00+00:00,"2000trees is a 15,000 capacity music festival set in the rolling Cotswold Hills.","{'id': 596, 'name': '2000trees Festival', 'earliestStartDate': None}",Upcote Farm,GL54 4bl,-1.969645,51.84277199,00:00:00,
Gosport Sunset Festival 2026,0,,2026-07-09,2026-07-09 15:30:00+00:00,2026-07-12 23:00:00+00:00,"Festival with Brand New Heavies, The Beat, The South, Altered Images, Tom Hingley (ex Inspiral Carpets) plus 60 other acts",,Walpole Park,PO12 1NH,-1.127924,50.794255,00:00:00,
Into the Woods festival 2026,0,,2026-07-10,2026-07-10 12:00:00+00:00,2026-07-11 23:45:00+00:00,On Friday 10th & Saturday 11th July our tribe returns to the jaw-dropping natural landscape in Chepstow for an underground dance ritual like no other.,"{'id': 2442, 'name': 'Into the Woods Festival ', 'earliestStartDate': None}",Piercefield Park,NP16 6BE,-2.696656,51.665725,00:00:00,
90s & 00s Nation Summer Fest,0,,2026-07-10,2026-07-10 16:00:00+00:00,2026-07-10 23:00:00+00:00,"The best of the 90's & 00's - Old Skool Garage, House Classics, Old Skool RnB, 90's Anthems, Club Classics & Jungle!",,Harrow Lodge Park,RM12 4PL,0.1953171,51.5546094,00:00:00,
Shut The Funk Up,0,,2026-07-10,2026-07-10 12:00:00+00:00,2026-07-12 23:00:00+00:00,"An intimate boutique festival in glorious Surry surroundings, premium drinks, food and accommodation with the world's finest DJ's.","{'id': 3035, 'name': 'Shut The Funk Up', 'earliestStartDate': None}",THE GRANGE,KT113QJ,-0.3822739,51.3041621,00:00:00,
90s Fest 2026,0,,2026-07-10,2026-07-10 17:00:00+00:00,2026-07-12 23:00:00+00:00,90s Fest returns bigger than ever at Don Valley Bowl. 3 days of nostalgia 10-12 July with UB40 and FIVE headlining. Don't miss it.,"{'id': 1807, 'name': ""90's Fest 2026"", 'earliestStartDate': None}",Don Valley Bowl,S9 5DP,-1.4253059,53.395413,00:00:00,
"Hopfest 2026 - Preston Grasshoppers Beer, Gin and Music Festival",0,,2026-07-10,2026-07-10 16:00:00+00:00,2026-07-11 23:00:00+00:00,"A fabulous weekend of beer, gin and cider plus fantastic live music. Friday10th and Saturday 11th July!",,Preston Grasshoppers Rugby Football Club,PR4 0AP,-2.7332507,53.7972256,00:00:00,
Rock the Castle - Weekender,0,,2026-07-10,2026-07-10 17:30:00+00:00,2026-07-11 22:30:00+00:00,Rock the Castle is a fantastic weekend long gig of local performers amongst the backdrop of a medieval castle on 10th - 11th July 2026,"{'id': 3117, 'name': 'Rock the Castle - Weekender', 'earliestStartDate': None}",Flint Castle,CH6 5NG,-3.130958,53.25087,00:00:00,
In the Park Newcastle presents Paul Weller,0,,2026-07-10,2026-07-10 17:00:00+00:00,2026-07-10 22:00:00+00:00,"14+ (Under 18's must be accompanied by an adult at all times), Challenge 25 in operation, valid photo ID required)","{'id': 2971, 'name': 'In the Park Newcastle presents Paul Weller', 'earliestStartDate': None}",Exhibition Park,NE2 4PZ,-1.616,54.985,00:00:00,
Secret Garden Series with Chicane,0,,2026-07-10,2026-07-10 18:00:00+00:00,2026-07-10 23:00:00+00:00,For the final week of our Secret Garden Series we are joined by Chicane,,The Hobbit Pub,SO14 0JZ,-1.3951723,50.9187961,00:00:00,
Sound Factory Festival,0,,2026-07-10,2026-07-10 17:00:00+00:00,2026-07-12 02:00:00+00:00,"After 2025 SOUND FACTORY FESTIVAL was such a roaring success, we've decided to bring it back for 2026... BIGGER AND BETTER THAN EVER!!",,Depo Plymouth,PL1 3LU,-4.1500095,50.3697274,00:00:00,
Cheadle Carnival Presents Dance Fest!,0,,2026-07-10,2026-07-10 17:00:00+00:00,2026-07-10 23:00:00+00:00,"Cheadle Carnival is taking over the Rec with Dance Fest.... Join us for a night full of music, dancing and good vibes!",,Tean Road Recreation Ground,ST10 1LG,-1.985775,52.982365,00:00:00,
District 11,0,,2026-07-10,2026-07-10 16:00:00+00:00,2026-07-11 23:45:00+00:00,2 day dance music micro festival,,Babylon Farm,DE55 4NG,-1.3506911,53.0810642,00:00:00,
Mario Bakuna Band - Live @Buxton International Festival 2026,0,,2026-07-10,2026-07-10 20:00:00+00:00,2026-07-10 21:15:00+00:00,"Buxton International Festival is a summer celebration of the very best opera, music, jazz and books in the heart of the beautiful Peak District.",,Buxton Opera House,SK17 6XN,-1.917145,53.258327,00:00:00,
Tiree Music Festival,0,,2026-07-10,2026-07-10 11:00:00+00:00,2026-07-12 23:00:00+00:00,"Critically acclaimed small music festival describing itself as ""a true island adventure in one of the UK's most remote festival locations"".","{'id': 3017, 'name': 'Tiree Music Festival', 'earliestStartDate': None}",Crossapol,PA77 6UP,-6.8855167,56.4964726,00:00:00,
Freerotation,0,,2026-07-10,2026-07-10 11:00:00+00:00,2026-07-12 23:00:00+00:00,Freerotation is an intimate annual electronic music party,"{'id': 1797, 'name': 'Freerotation', 'earliestStartDate': None}",BASKERVILLE HALL,HR3 5LE,-3.156827,52.078674,00:00:00,
"Mostly Jazz, Funk and Soul Festival",0,,2026-07-10,2026-07-10 11:00:00+00:00,2026-07-12 23:00:00+00:00,"Mostly Jazz, Funk and Soul Festival","{'id': 1180, 'name': 'Mostly Jazz, Funk and Soul Festival', 'earliestStartDate': None}",Moseley Park,B13 8DD,-1.8884011,52.4470875,00:00:00,
Bradford Literature Festival,0,,2026-07-10,2026-07-10 09:00:00+00:00,2026-07-10 22:00:00+00:00,"10 days, 500+ events of books, talks, exhibitions, music, film & 4 free family fun days. Celebrating stories, ideas & diverse voices.",,University Of Bradford,BD7 1DP,-1.762129,53.791699,00:00:00,
Boogietown 2026,0,,2026-07-11,2026-07-11 12:00:00+00:00,2026-07-11 22:30:00+00:00,Boogietown returns for the BIGGEST boogie of the year on Saturday 11th July 2026!,"{'id': 2327, 'name': 'Boogietown ', 'earliestStartDate': None}",Apps Court Farm,KT12 2EG,-0.398555,51.401763,00:00:00,
Lost Minds,0,,2026-07-11,2026-07-11 11:00:00+00:00,2026-07-11 23:00:00+00:00,"18+, Challenge 25 will be in operation. ID required","{'id': 2355, 'name': 'Lost Minds Festival ', 'earliestStartDate': None}",Exhibition Park,NE2 4PZ,-1.616,54.985,00:00:00,
Essex Summer Fest,0,,2026-07-11,2026-07-11 12:00:00+00:00,2026-07-12 22:30:00+00:00,"A fantastic 2 day event featuring 70s/80s legends Odyssey and Heatwave, supported by a range of amazing tributes, family themed shows and attractions!","{'id': 2884, 'name': 'Essex Summer Fest', 'earliestStartDate': None}",Harrow Lodge Park,RM12 4QU,0.198226,51.5557438,00:00:00,
Fisher 2026 | Silverworks Island,0,,2026-07-11,2026-07-11 14:00:00+00:00,2026-07-11 22:30:00+00:00,"One of the scene's most in-demand talents, FISHER returns to London Saturday 11th July bringing his inimitable energy to Silverworks Island",,Silverworks Island,E16 2BU,0.0364741,51.504667,00:00:00,
Summer Sound Music Festival,0,,2026-07-11,2026-07-11 12:00:00+00:00,2026-07-12 18:00:00+00:00,"The original tribute music festival returns for a weekend packed with live music, great food, and unbeatable summer vibes.","{'id': 416, 'name': 'Summer Sound Music Festival', 'earliestStartDate': None}",Guisborough Rugby Club,TS14 7BB,-1.0479995,54.5310953,00:00:00,
Livefields Festival 2026,0,,2026-07-11,2026-07-11 12:00:00+00:00,2026-07-11 23:00:00+00:00,Livefields is the Yorkshires finest festival an annual event bringing fans from all over the country to celebrate the legacy of legendary music icons,,Oakwell Hall Country Park,WF17 9LG,-1.672837,53.738551,00:00:00,
Hits On The Pitch 2026,0,,2026-07-11,2026-07-11 12:00:00+00:00,2026-07-11 23:00:00+00:00,"The North West's ultimate 80s, 90s, and 00s music festival returns to Manchester Rugby Club on Saturday 11th July for another unmissable extravaganza!","{'id': 2842, 'name': 'Hits On The Pitch', 'earliestStartDate': None}",Manchester Rugby Club,SK8 7NB,-2.19124,53.358303,00:00:00,
Alsager Music Festival 2026,0,,2026-07-11,2026-07-11 12:00:00+00:00,2026-07-11 21:00:00+00:00,"After a sunsoaked 2025 festival, we're back in 2026 to bring more fantastic bands and Djs, stalls, fun and community spirit to the heart of Alsager.",,Milton Park Alsager,ST7 2ES,-2.305938,53.095091,00:00:00,
Kaleidoscope Festival 2026,0,,2026-07-11,2026-07-11 13:00:00+00:00,2026-07-11 22:30:00+00:00,"Enjoy live performances, DJ sets and stand-up comedy at London's most beautiful festival site: Alexandra Park & Palace","{'id': 1681, 'name': 'Kaleidoscope Festival', 'earliestStartDate': None}",Alexandra Park And Palace,N22 7AY,-0.1302629,51.5945845,00:00:00,
"CLAIRE RICHARDS, LOUISE & MORE| Love the 90s Festival |Dreamland",0,,2026-07-11,2026-07-11 17:00:00+00:00,2026-07-11 22:30:00+00:00,"After multiple sell-out shows across the UK, Love The 90s Festival is taking over Dreamland, Margate for a day of pure 90s nostalgia!","{'id': 3138, 'name': 'CLAIRE RICHARDS, LOUISE & MORE| Love the 90s Festival | Dreamland', 'earliestStartDate': None}",Dreamland,CT9 1XJ,1.376519,51.385702,00:00:00,
Derby Music Festival 2026  - A Great Family Day Out!,0,,2026-07-11,2026-07-11 12:00:00+00:00,2026-07-11 22:00:00+00:00,"Derby Music Festival 2026 - Get ready for a full day of family fun, live music & unforgettable summer vibes!",,Elvaston Castle Country Park,DE72 3EP,-1.397213,52.893113,00:00:00,
Road to Nashville Outdoor Festival | Project House | SOLD OUT,0,,2026-07-11,2026-07-11 12:00:00+00:00,2026-07-11 21:00:00+00:00,"Hot off a run of sell-out shows, The Road to Nashville is heading straight for Leeds -don't miss the ride!","{'id': 3139, 'name': 'Road to Nashville Outdoor Festival | Project House - Leeds', 'earliestStartDate': None}",Project House,LS12 2DR,-1.5662789,53.7956309,00:00:00,
WN30 - Wigan Reunion (30+ Event),0,,2026-07-11,2026-07-11 15:00:00+00:00,2026-07-11 22:00:00+00:00,Take a trip down memory lane and relive the good old days.,,The Dome Wigan,WN2 2DZ,-2.6025444,53.5427251,00:00:00,
Analog & House Emporium 'SUMMER OUTDOOR ALL DAYER',0,,2026-07-11,2026-07-11 14:00:00+00:00,2026-07-11 23:00:00+00:00,"Biggest outdoor All Dayer to hit The Yard at Mulberry next to Farnham Station EVER! With SAM SUPPLIER, TOUGH LOVE & Centreforces MASTER PASHA +More!",,The Mulberry Farnham,GU9 8AD,-0.7932219,51.2123231,00:00:00,
D-Fest 2026,0,,2026-07-11,2026-07-11 13:00:00+00:00,2026-07-11 23:45:00+00:00,"All day family music festival with 6 local bands, BBQ, inflatables, sweets, cakes, drinks and more!",,Dunvant Rugby Football Club,SA2 7RU,-4.0334627,51.6197035,00:00:00,
Southsea Thai Food and Craft Festival,0,,2026-07-11,2026-07-11 10:00:00+00:00,2026-07-12 19:00:00+00:00,A two day Thai Festival to experience the taste of Thailand this summer at Southsea Common is brought to you by Magic of Thailand.,,Southsea Common Portsmouth PO5 3LR,PO5 3LR,-1.096141,50.783974,00:00:00,
Dance at the Billy '26,0,,2026-07-11,2026-07-11 13:00:00+00:00,2026-07-11 23:00:00+00:00,"Dance at the Billy returns for 2026 !

Saturday 11th July - 1pm - 11pm 

House / UK Garage / Oldskool /Classic  dance / Jungle / DNB",,"The King William, Warmley, Bristol, BS30 8BL",BS308SB,-2.47790414,51.45084932,00:00:00,
Taste Of Thailand Music And Food Festival,0,,2026-07-11,2026-07-11 10:00:00+00:00,2026-07-12 19:00:00+00:00,"A weekend of live entertainment, Thai boxing demonstrations, Food stalls, Thai beer and drinks, relaxing Thai massage and fun for all the family.",,Town Park Runcorn,WA7 6PT,-2.6810251,53.3284473,00:00:00,
Beer & Cider Summer Festival,0,,2026-07-11,2026-07-11 14:00:00+00:00,2026-07-11 23:30:00+00:00,"Beer & Cider festival, Family Friendly, Food vendors, Live Bands, Music",,Five Ways Old Edwardians Sports Club,B48 7BD,-1.9504834,52.3677213,00:00:00,
Country Nights Country Hoedown 2026. Live Music & Line Dancing,0,,2026-07-11,2026-07-11 17:00:00+00:00,2026-07-11 23:45:00+00:00,"Live country music, line dancing & tuition, BBQ, licensed bar, England v Norway for ticket holders. Easton Farm Park, Sat 11 July.",,Easton Farm Park,IP13 0EQ,1.3295443,52.1770689,00:00:00,
SOLACE. Golden Hours Into After Dark // PART TWO,0,,2026-07-11,2026-07-11 14:00:00+00:00,2026-07-12 03:00:00+00:00,"Sun Goes Down, Vibe Goes Up",,The Brewery Tap,LU1 3ET,-0.4118071,51.8773966,00:00:00,
Hubble Bubble Sound Bazar Festival,0,,2026-07-11,2026-07-11 16:00:00+00:00,2026-07-12 01:00:00+00:00,"Celebrating Diversity. A vibrant celebration of mini day festival. 10 Live performances, DJs, dance, and interactive workshops.",,The Yard MCR,M8 8NF,-2.2398514,53.4953674,00:00:00,
Shinefest,0,,2026-07-11,2026-07-11 15:00:00+00:00,2026-07-11 22:00:00+00:00,This summer Monolith Promotions will be displaying some of the best acts from across the UK in Nice n Sleazy's this July.,,Nice N Sleazys,G2 3LG,-4.268908,55.8658647,00:00:00,
Derby Music Festival 2026 - Parking,0,,2026-07-11,2026-07-11 10:00:00+00:00,2026-07-11 22:00:00+00:00,This is for parking only. Main event tickets must still be purchased.,,Elvaston Castle Country Park,DE72 3EP,-1.397213,52.893113,00:00:00,
Inn Fest 2026,0,,2026-07-11,2026-07-11 12:00:00+00:00,2026-07-11 22:00:00+00:00,Family fun day festival,,"The New Inn, North Thoresby",DN36 5QS,-0.0416992,53.4679768,00:00:00,
Love Afrobeats & Bashment :: Rooftop Day Party,0,,2026-07-11,2026-07-11 16:00:00+00:00,2026-07-11 22:00:00+00:00,"Love Afrobeats & Bashment :: Rooftop Day Party (RnB, Afrobeats, Bashment, Soca) :: Let's Celebrate With Good Vibes & Nice People",,Brixton Storeys,SW9 8HH,-0.1149515,51.4615506,00:00:00,
Hartbeat Music Festival VIP Area,1,2027-07-10,2026-07-11,2026-07-11 12:00:00+00:00,2026-07-11 21:00:00+00:00,"Upgrade for a more comfortable festival experience: covered VIP space near the stage, private bar, seating, and VIP-only toilets.",,"Hartham Common, Hertford",SG13 7AH,-0.076491,51.8013575,00:00:00,2027-07-10
Moor Fest,0,,2026-07-11,2026-07-11 13:00:00+00:00,2026-07-12 01:00:00+00:00,"Bradford Moor Golf Club's first ever festival! 3 artists, 2 bands & DJs. Saturday 11th July 2026, 1pm til late. Get your tickets now!",,Bradford Moor Golf Club,BD2 4RW,-1.7271167,53.8048634,00:00:00,
Festwich Tribute Festival,0,,2026-07-11,2026-07-11 11:00:00+00:00,2026-07-12 23:00:00+00:00,"It's the tribute act festival that brings you blistering sets from the best Rock and Indie bands in the Universe, without their costly ticket prices.","{'id': 600, 'name': 'Festwich Tribute Festival', 'earliestStartDate': None}",Heaton Park,M25 0EQ,-2.254528,53.536062,00:00:00,
FixFest,0,,2026-07-11,2026-07-11 11:00:00+00:00,2026-07-11 23:00:00+00:00,FixFest is the first ever music festival for the trades!,"{'id': 2913, 'name': 'FixFest', 'earliestStartDate': None}",Delapre Abbey,NN4 8AW,-0.889785,52.225084,00:00:00,
Bradford Literature Festival,0,,2026-07-11,2026-07-11 09:00:00+00:00,2026-07-11 22:00:00+00:00,"10 days, 500+ events of books, talks, exhibitions, music, film & 4 free family fun days. Celebrating stories, ideas & diverse voices.",,University Of Bradford,BD7 1DP,-1.762129,53.791699,00:00:00,
Tiësto 2026 | Silverworks Island,0,,2026-07-12,2026-07-12 15:00:00+00:00,2026-07-12 22:00:00+00:00,"Tiësto returns to London for his first open air performance in eight years, with a headline festival at Silverworks Island with a landmark sunset set.",,Silverworks Island,E16 2BU,0.0364741,51.504667,00:00:00,
Electric Heart Surrey,0,,2026-07-12,2026-07-12 14:00:00+00:00,2026-07-12 22:30:00+00:00,"Electric Heart Festival lands in Surrey on Sunday 12th July 2026, bringing a brand-new indie festival for one unforgettable summer day.","{'id': 3039, 'name': 'Electric Heart Surrey', 'earliestStartDate': None}",Apps Court Farm,KT12 2EG,-0.398555,51.401763,00:00:00,
"GirlyPop X K-Pop Festival | Dreamland, Margate",0,,2026-07-12,2026-07-12 12:00:00+00:00,2026-07-12 17:00:00+00:00,"GirlyPop and K-Pop Live are crossing over with iconic tribute acts to bring the biggest pop festival to Dreamland, Margate!","{'id': 3140, 'name': 'GirlyPop X K-Pop Festival | Dreamland, Margate', 'earliestStartDate': None}",Dreamland,CT9 1XJ,1.376519,51.385702,00:00:00,
Allday Indie Summer Outdoor Beach Festival - Brighton,0,,2026-07-12,2026-07-12 17:00:00+00:00,2026-07-12 22:00:00+00:00,A MASSIVE ALL-DAY THROWBACK PARTY CELEBRATING THE SOUND OF YOUR YOUTH. - Brighton Beach,,Central Park Brighton Seafront,BN2 1FY,-0.108646,50.8139,00:00:00,
In the Park Newcastle presents Wolf Alice,0,,2026-07-12,2026-07-12 17:00:00+00:00,2026-07-12 22:00:00+00:00,"14+ (Under 18's must be accompanied by an adult at all times), Challenge 25 in operation, valid photo ID required.","{'id': 3009, 'name': 'In the Park Newcastle presents Wolf Alice', 'earliestStartDate': None}",Exhibition Park,NE2 4PZ,-1.616,54.985,00:00:00,
Angel Fest 26,0,,2026-07-12,2026-07-12 12:00:00+00:00,2026-07-13 02:00:00+00:00,"House music day and night event celebrating all things house.
Amazing DJ'S playing some classics.
All proceeds go direct to Homeless Street Angels.",,Bar Fibre,LS1 6LY,-1.542186,53.795541,00:00:00,
Bradford Literature Festival,0,,2026-07-12,2026-07-12 09:00:00+00:00,2026-07-12 22:00:00+00:00,"10 days, 500+ events of books, talks, exhibitions, music, film & 4 free family fun days. Celebrating stories, ideas & diverse voices.",,University Of Bradford,BD7 1DP,-1.762129,53.791699,00:00:00,
On The Beach 2026: Thursday- Fatboy Slim,0,,2026-07-16,2026-07-16 14:00:00+00:00,2026-07-16 22:00:00+00:00,Fatboy Slim brings a 4th date to Big Beach Boutique 7 on Brighton Beach after three instant sell out dates on the pebbles this July!,,Brighton Beach,BN2 1TW,-0.137658,50.818881,00:00:00,
HebCelt 2026,0,,2026-07-16,2026-07-16 17:00:00+00:00,2026-07-18 23:30:00+00:00,"Nestled in the stunning landscapes of the Isle of Lewis, HebCelt Festival is an unmissable celebration of Celtic music, arts, and culture.","{'id': 2801, 'name': 'HebCelt 2026', 'earliestStartDate': None}",Lews Castle Green,HS2 0XP,-6.39306636,58.21127495,00:00:00,
Prog For Peart - The 6th year,0,,2026-07-16,2026-07-16 18:30:00+00:00,2026-07-19 02:00:00+00:00,14 original bands over two day donating all profits to brain cancer research in memory of Rush drummer Neil Peart,,The Northcourt Abingdon United,OX14 1PL,-1.274502,51.682002,00:00:00,
The Wild Gardens Festival,0,,2026-07-16,2026-07-16 11:00:00+00:00,2026-07-19 23:00:00+00:00,"The Wild Gardens Festival is an exuberant event held in Port Eliot, Cornwall.","{'id': 3101, 'name': 'The Wild Gardens Festival', 'earliestStartDate': None}",Port Eliot Estate,PL12 5ND,-4.309751,50.397376,00:00:00,
Beat-Herder Festival,0,,2026-07-16,2026-07-16 11:00:00+00:00,2026-07-19 23:00:00+00:00,Beat-Herder is one of those festivals that really provides breath of fresh air.,"{'id': 70, 'name': 'Beat-Herder Festival', 'earliestStartDate': None}",The Beat Herder Festival Ground,BB7 4ls,-2.293162,53.94351,00:00:00,
The Searchers and Hollies Experience,0,,2026-07-16,2026-07-16 19:30:00+00:00,2026-07-16 22:00:00+00:00,A hit-filled tribute to two pop legends!,,"Guildhall Arts Centre, UK",NG31 6PZ,-0.6398321,52.9107166,00:00:00,
On The Beach 2026: Friday - Fatboy Slim,0,,2026-07-17,2026-07-17 13:00:00+00:00,2026-07-17 22:30:00+00:00,Fatboy Slim brings Big Beach Boutique 7 to Brighton Beach - three massive dates on the pebbles this July!,,Brighton Beach,BN2 1TW,-0.137658,50.818881,00:00:00,
Maid of Stone 2026,0,,2026-07-17,2026-07-17 13:00:00+00:00,2026-07-19 22:00:00+00:00,"Maid of Stone Festival returns to Maidstone's Mote Park, Kent in 2026, hosting three days of rock music, great beer, activities and more!","{'id': 2364, 'name': 'Maid of Stone 2026', 'earliestStartDate': None}",Mote Park,ME15 7RN,0.540601,51.265893,00:00:00,
Craic by the Creek 2026,0,,2026-07-17,2026-07-17 12:00:00+00:00,2026-07-19 23:45:00+00:00,2026 brings the sixth instalment of Craic by the Creek. The Greatest Festival of Irish and Country Music.,"{'id': 2328, 'name': 'Craic by the Creek ', 'earliestStartDate': None}",Whitebottom Farm,SK6 5JQ,-2.0388127,53.4209586,00:00:00,
Back Doune The Rabbit Hole 2026,0,,2026-07-17,2026-07-17 15:00:00+00:00,2026-07-19 23:45:00+00:00,"Join us Back Doune The Rabbit Hole at Cardross Estate, Stirling for a weekend of great music, entertainment, kids area, dance, wellness and more!","{'id': 2731, 'name': 'Back Doune the Rabbit Hole ', 'earliestStartDate': None}",Cardross Estate,FK8 3JY,-4.2644373,56.1496436,00:00:00,
Fields Of Gold Summer Festival 2026,0,,2026-07-17,2026-07-17 12:00:00+00:00,2026-07-18 22:00:00+00:00,"Fields Of Gold Summer Festival 2026 is a two-day music festival taking place in Ashton-Under-Lyne, Manchester.","{'id': 2977, 'name': 'Fields Of Gold Summer Festival 2026', 'earliestStartDate': None}",Tameside Stadium,OL7 9HG,-2.112689,53.493259,00:00:00,
Sunset Groove Festival 2026,0,,2026-07-17,2026-07-17 17:00:00+00:00,2026-07-19 22:30:00+00:00,"North Lincolnshire's #1 House Music Festival is back - and this year, we're going all out! Get ready for three days of non-stop music, entertainment,",,Thorpe Meadows,DN17 4BF,-0.8173043,53.6142349,00:00:00,
Wytwoods Festival,0,,2026-07-17,2026-07-17 15:00:00+00:00,2026-07-19 03:00:00+00:00,WYTWOODS is a chance to fully connect and get lost in rhythm.,,Robin Hill Advenutre Park,PO30 2NU,-1.2462495,50.6874664,00:00:00,
Lost Groove Festival 2026,0,,2026-07-17,2026-07-17 16:00:00+00:00,2026-07-19 14:00:00+00:00,"Lost Groove is back for another year, bigger and better - packed with 2 days & nights of music & camping...",,Lost Groove 2026,SP11 8AT,-1.5589343,51.1879175,00:00:00,
Campfire Country Music Festival,1,2026-09-11,2026-07-17,2026-07-17 15:00:00+00:00,2026-07-17 22:00:00+00:00,"From Taylor Swift to Kenny Rogers tributes, enjoy your favorite country tunes. Get ready for some good ol' cowboy time!

 Campfire Country Music Fest",,Charlton Park,SN16 9RU,-2.069923,51.601347,00:00:00,2026-09-11
Foodies Festival 2026 - Winchester,0,,2026-07-17,2026-07-17 12:00:00+00:00,2026-07-19 21:00:00+00:00,"Foodies Festival Winchester is a vibrant three-day event with top chefs, street food, live music and family fun!",,"River Park Leisure Centre, Winchester",SO23 7DD,-1.3055034,51.0833435,00:00:00,
Rock n Ribs Festival,0,,2026-07-17,2026-07-17 11:00:00+00:00,2026-07-19 23:00:00+00:00,"A 3-day, USA explosion in the heart of the South West with three stages of the best tribute rock bands!","{'id': 2620, 'name': 'Rock n Ribs Festival', 'earliestStartDate': None}",Bath And West Show Ground,BA4 6QN,-2.523198,51.155704,00:00:00,
Dornoch Music Festival,0,,2026-07-17,2026-07-17 11:00:00+00:00,2026-07-18 23:00:00+00:00,Music and beer festival in the heart of Dornoch.,"{'id': 3095, 'name': 'Dornoch Music & Beer Festival', 'earliestStartDate': None}",The Meadows Field,IV25 3SF,-4.0348093,57.8779346,00:00:00,
Ventnor Fringe,0,,2026-07-17,2026-07-17 09:00:00+00:00,2026-07-26 23:45:00+00:00,"Discover the best new music, comedy and theatre at the Isle of Wight's unique Ventnor Fringe.",,Ventnor Exchange,PO38 1SW,-1.206003,50.5946916,00:00:00,
Nozstock The Hidden Valley,0,,2026-07-17,2026-07-17 11:00:00+00:00,2026-07-18 23:00:00+00:00,"Tucked away in the rolling hills of Herefordshire, Nozstock, is a delightful boutique festival in the UK.","{'id': 55, 'name': 'Nozstock The Hidden Valley', 'earliestStartDate': None}",Rowden Paddocks,HR7 4LS,-2.534431,52.204499,00:00:00,
Christchurch Music Festival,0,,2026-07-17,2026-07-17 16:00:00+00:00,2026-07-19 20:00:00+00:00,A homegrown music festival for Christchurch and beyond.,,Christchurch Quay,BH23 1BZ,-1.777768,50.730798,00:00:00,
On The Beach 2026:  Saturday - Fatboy Slim,0,,2026-07-18,2026-07-18 13:00:00+00:00,2026-07-18 22:30:00+00:00,Fatboy Slim brings Big Beach Boutique 7 to Brighton Beach - three massive dates on the pebbles this July!,,Brighton Beach,BN2 1TW,-0.137658,50.818881,00:00:00,
Solihull Summer Fest 2026,0,,2026-07-18,2026-07-18 11:00:00+00:00,2026-07-19 22:30:00+00:00,Solihull Summer Fest is back and bigger than ever for its spectacular 10th anniversary! Join us for an unforgettable weekend!!,"{'id': 2149, 'name': 'Solihull Summer Fest', 'earliestStartDate': None}",Tudor Grange Park Solihull,B91 3LU,-1.786656,52.409267,00:00:00,
Bassfest Summer Festival 2026,0,,2026-07-18,2026-07-18 11:00:00+00:00,2026-07-19 22:00:00+00:00,"Bassfest hits Sheffield for a huge day of bass, DnB and house. Big artists, big stages and heavy energy. Tickets selling fast, don’t miss out.","{'id': 1387, 'name': 'Bassfest Summer Festival 2026', 'earliestStartDate': None}",Don Valley Bowl,S9 5DP,-1.4253059,53.395413,00:00:00,
As One in the Park 2026,0,,2026-07-18,2026-07-18 12:00:00+00:00,2026-07-18 22:00:00+00:00,London's LGBTQ+ Festival returns...,"{'id': 2581, 'name': 'As One in the Park ', 'earliestStartDate': None}", Walpole Park Mattock Lane London W5 5EQ,W5 5EQ,-0.3071147,51.5109067,00:00:00,
Soul Disco Society,0,,2026-07-18,2026-07-18 12:00:00+00:00,2026-07-18 23:00:00+00:00,"Soul Disco Society unites lovers of Soul, Disco & House with those who live for feel-good music and good company. Beacon Park | Lichfield, UK.","{'id': 3044, 'name': 'Soul Disco Society', 'earliestStartDate': None}",Beacon Park,WS13 6QZ,-1.835971,52.682185,00:00:00,
"Rum & Reggae 2026 | The Prospect Building, Bristol",0,,2026-07-18,2026-07-18 14:00:00+00:00,2026-07-18 22:00:00+00:00,"The ultimate island experience returns next Summer!
Bringing you pure reggae sounds with huge headliners & insane production...","{'id': 3132, 'name': 'Rum & Reggae Fest - Bristol', 'earliestStartDate': None}",The Prospect Building,BS2 0QD,-2.5730764,51.4493081,00:00:00,
Priory Live Festival,0,,2026-07-18,2026-07-18 12:30:00+00:00,2026-07-18 22:30:00+00:00,"Original grassroots music festival in Orpington south east London with top headliners and the best emerging artists, djs, amazing foodies and Wellness","{'id': 2996, 'name': 'Priory Live Festival', 'earliestStartDate': None}",Priory Gardens,BR6 0HH,0.106132,51.380182,00:00:00,
Northampton Big Family Day Out,0,,2026-07-18,2026-07-18 12:00:00+00:00,2026-07-18 22:00:00+00:00,"Family Music festival in Northampton - Get ready for a full day of family fun, live music & unforgettable summer vibes!",,Northampton Casuals RUFC,NN4 7AA,-0.8635343,52.2274644,00:00:00,
Girls Like R&B x Binks Yard Nottingham,0,,2026-07-18,2026-07-18 15:00:00+00:00,2026-07-18 22:00:00+00:00,"NOTTINGHAM GIRLS, IT'S YOUR TIME

The UK's FIRST all-female R&B summer festival is finally here Outdoor at Binks Yard",,Binks Yard,NG2 3BJ,-1.1395462,52.9483902,00:00:00,
"DOUGIE POYNTER & MORE | Pop Republic Fest | SteelYard, Sheffield",0,,2026-07-18,2026-07-18 13:00:00+00:00,2026-07-18 23:00:00+00:00,"Pop Republic Fest lands at Steelyard with world-renowned pop stars, iconic anthems, huge sing-alongs and ultimate day party vibes.","{'id': 3141, 'name': 'Pop Republic Fest | SteelYard, Sheffield', 'earliestStartDate': None}",SYSheffield (Steel Yard),S3 8AS,-1.4790332,53.394278,00:00:00,
AllDay Musicals - Sat 18th July - Freight island - Manchester,0,,2026-07-18,2026-07-18 15:00:00+00:00,2026-07-18 21:00:00+00:00,"MANCHESTER Musical Lovers... this is your moment...
Get ready to SING. DANCE. SHOUT! And Take centre Stage...",,Freight Island,M1 2PZ,-2.2276473,53.4751511,00:00:00,
Tribute On The Hill 2026,0,,2026-07-18,2026-07-18 13:00:00+00:00,2026-07-18 21:30:00+00:00,"A full day of live tribute acts, great music and festival vibes...and raising money for Macmillan Cancer Support at The Spitfire, Kings Hill!",,The Spitfire Pub,ME19 4AU,0.400155,51.272307,00:00:00,
The Ship Open Air,0,,2026-07-18,2026-07-18 14:00:00+00:00,2026-07-18 22:00:00+00:00,Craig Jordan X Nova Presents The Ship Open Air,,The Ship,CM2 8LB,0.4634491,51.6765804,00:00:00,
Hopskotch Summer Series: Part II,0,,2026-07-18,2026-07-18 14:00:00+00:00,2026-07-18 22:30:00+00:00,Back for round two! Hopskotch returns to Aynsley Mill bringing very special guest Kepler,,Aynsley Mill ,ST3 1HZ,-2.1262,52.9864573,00:00:00,
One Day In The Park [25 Years of Melting Pot],0,,2026-07-18,2026-07-18 17:00:00+00:00,2026-07-18 22:30:00+00:00,"After nearly seven years away, we are more than delighted to be bringing 'One Day In The Park' back to Queen's Park Arena Bandstand as part of MP25",,Queen's Park Arena Bandstand,G42 8QR,-4.268346,55.832884,00:00:00,
Summer Of Love UKG & R&B Summer Outdoor Day Party Cardiff,0,,2026-07-18,2026-07-18 15:00:00+00:00,2026-07-18 22:00:00+00:00,"We're back... and we're turning it up even more

After a huge Part 1, Summer of Love returns for another sun-soaked outdoor day party",,Lo Lounge,CF10 4GA,-3.160442,51.459573,00:00:00,
Day Fever Summer Music Event Abercynon RFC,0,,2026-07-18,2026-07-18 13:00:00+00:00,2026-07-18 21:00:00+00:00,"Abercynon RFC present Day Fever, the afternoon events are dedicated to 20th-centuary classics, play list specifically designed for a mature crowd",,Abercynon Rugby Football Club,CF45 4RU,-3.3349732,51.6533205,00:00:00,
R&B Lovers -  Summer Outdoor Beach Festival - Central Park,0,,2026-07-18,2026-07-18 14:00:00+00:00,2026-07-18 22:00:00+00:00,"R&B Lovers lands back in Brighton for a HUGE Summer Outdoor Open-Air Festival at Central Park, Brighton Beach",,Central Park,BN2 1FY,-0.1349834,50.8284154,00:00:00,
"House on the Docks with Wiley, SUPA D & many more",0,,2026-07-18,2026-07-18 15:00:00+00:00,2026-07-18 23:00:00+00:00,"London's biggest day party. 50 DJs, 4 arenas, massive headliners including Wiley. Serious vibes. Don't miss out-this will sell out!",,Eutopia Whs,IG11 0DW,0.0963664,51.5204397,00:00:00,
Leeds Pride Festival - Freedom Party,0,,2026-07-18,2026-07-18 13:00:00+00:00,2026-07-18 22:00:00+00:00,Leeds Pride is one of the biggest festivals in Leeds City Centre!,,Leeds Pride Main Stage,Ls1 6LY,-1.5425007,53.7952863,00:00:00,
Grime Day Festival,0,,2026-07-18,2026-07-18 13:00:00+00:00,2026-07-18 20:00:00+00:00,We're throwing a Day Festival. A Grime Day Festival. With Artists and DJs from All Over the Country but mainly from local area. With an open mic set!,,Sector 57,B5 5TR,-1.885063,52.476682,00:00:00,
Daynova,0,,2026-07-18,2026-07-18 15:00:00+00:00,2026-07-18 23:00:00+00:00,"4000 RAVERS - 40 DJs/MCs - 4 ARENAS

Get ready for a high-energy day party with nothing but vibes, great music and the UK's leading Deejays.",,Eutopia,IG11 0DW,0.0963664,51.5204397,00:00:00,
Silverburn Streetfood Festival SSFF,0,,2026-07-18,2026-07-18 12:00:00+00:00,2026-07-19 21:30:00+00:00,2 day street foodie festival bringing you some of the tastiest food along with fancy cocktails - A day filled with live music and plenty for the kids,,Silverburn Park,KY8 5PU,-2.979583,56.206884,00:00:00,
Taste Of Thailand Music And Food Festival,0,,2026-07-18,2026-07-18 10:00:00+00:00,2026-07-19 19:00:00+00:00,"A weekend of live entertainment, Thai boxing demonstrations, Food stalls, Thai beer and drinks, relaxing Thai massage and fun for all the family.",,West Park Wolverhampton,WV1 4PW,-2.1411822,52.5877473,00:00:00,
BeatMasters Outdoor Music Festival,1,2026-09-12,2026-07-18,2026-07-18 12:00:00+00:00,2026-07-18 22:00:00+00:00,"Relive the 90s & 00s at BeatMasters Newport! Huge lineup, outdoor festival vibes, and pure nostalgia. Don't miss the golden era!",,Charlton Park,SN16 9RU,-2.069923,51.601347,00:00:00,2026-09-12
Mini Traco Fest 2026,0,,2026-07-18,2026-07-18 14:00:00+00:00,2026-07-18 19:00:00+00:00,Aldershot Traction club will be holding the annual mini Traco fest on the 18th July 26. Fun for all to have.,,Aldershot Traction Club,GU11 3NE,-0.7689785,51.2377128,00:00:00,
Summer Bash 8,0,,2026-07-18,2026-07-18 13:00:00+00:00,2026-07-18 23:00:00+00:00,Reading's number one Beach-Themed Rock & Metal party returns for our 8th Annual Incarnation and 4th day long event!,,Facebar Reading,RG1 7JE,-0.9819293,51.4556142,00:00:00,
Wigan St.Cuthberts Music Festival,1,,2026-07-18,2026-07-18 11:30:00+00:00,2026-07-18 22:00:00+00:00,"family-friendly music festival organised by the WN7 FEST team, bringing a huge day of live music, entertainment, food and fun to Wigan St.Cuthberts",,Wigan St Cutherts Arlfc,WN5 9XN,-2.6729467,53.5430645,00:00:00,
Xcstasy Jouvert Soca Festival 2026,0,,2026-07-18,2026-07-18 13:00:00+00:00,2026-07-18 21:00:00+00:00,Saturday 18 July we're back outside for the wildest Paint Powder Water Jouvert in the city. Pure madness. Pure chaos. Pure XCSTASY.,,Modern Park,SM4 5HE,-0.2049515,51.394884,00:00:00,
Baytech at Mambo,0,,2026-07-18,2026-07-18 13:00:00+00:00,2026-07-18 21:00:00+00:00,"Baytech joins us at Mambo for a massive day party! Expect house music, top DJs and ibiza vibes",,Mambo,TA1 1LN,-3.1037881,51.0163396,00:00:00,
Festival,0,,2026-07-18,2026-07-18 13:00:00+00:00,2026-07-18 22:00:00+00:00,Summer extravaganza with live music from of the best tributes,,"The Halfway House, England",NE42 6JF,-1.8642072,54.9581756,00:00:00,
We Are Wirral,0,,2026-07-18,2026-07-18 11:00:00+00:00,2026-07-19 23:00:00+00:00,"Welcoming legendary acts, chart-topping artists, festival favourites and rising local talent to a family-friendly festival event.","{'id': 3023, 'name': 'We Are Wirral', 'earliestStartDate': None}",Birkenhead Park,CH41 4HY,-3.0419667,53.3931175,00:00:00,
Family Music Festival,0,,2026-07-18,2026-07-18 11:00:00+00:00,2026-07-19 22:00:00+00:00,"Expect the best music, activities, entertainment, food and drink for all of the family to enjoy.",,We Are Wirral,CH43 4TS,-3.0430143,53.394801,00:00:00,
Live Festival,0,,2026-07-18,2026-07-18 12:30:00+00:00,2026-07-18 22:30:00+00:00,Professor Green headlines this years Priory Live the family friendly music festival with a great family zone including wellness and a silent disco,,Priory Gardens,BR6 0HH,0.106132,51.380182,00:00:00,
Splendour Festival,0,,2026-07-18,2026-07-18 11:00:00+00:00,2026-07-19 23:00:00+00:00,"Nottinghamshire's biggest festival, set in the grounds of Wollaton Park.","{'id': 1231, 'name': 'Splendour Festival', 'earliestStartDate': None}",Wollaton Park,NG8 2AE,-1.2109594,52.9477796,00:00:00,
Cheese and Chilli Festival,0,,2026-07-18,2026-07-18 10:00:00+00:00,2026-07-19 18:00:00+00:00,"The Cheese and Chilli Festival brings together artisan cheeses, fiery chilli, street food, live music, and family fun",,"Shalford Park, Guildford",GU4 8BL,-0.5720258,51.2268909,00:00:00,
On The Beach 2026: Sunday - Fatboy Slim,0,,2026-07-19,2026-07-19 13:00:00+00:00,2026-07-19 22:30:00+00:00,Fatboy Slim brings Big Beach Boutique 7 to Brighton Beach - three massive dates on the pebbles this July!,,Brighton Beach,BN2 1TW,-0.137658,50.818881,00:00:00,
Northampton Country Music Festival,0,,2026-07-19,2026-07-19 12:00:00+00:00,2026-07-19 22:00:00+00:00,UK’s Finest Country Music Tributes,,Northampton Casuals RUFC,NN4 7AA,-0.8635343,52.2274644,00:00:00,
We Love it Outdoor Tribute Festival Malmsbury - July 2026,1,2026-09-13,2026-07-19,2026-07-19 12:00:00+00:00,2026-07-19 22:00:00+00:00,"Get ready for the ultimate vibe! We Love It Festival is back with pure energy, massive tunes, and culture in the sun.",,Charlton Park Estate,SN16 9LL,-2.0774817,51.5939645,00:00:00,2026-09-13
Leeds Pride Festival - Dance Arena,0,,2026-07-19,2026-07-19 14:00:00+00:00,2026-07-20 04:00:00+00:00,The official Leeds Pride Dance Arena & Afterparty,,Under The Arches,LS1 6LY,-1.542334,53.795033,00:00:00,
Folk By The Oak,0,,2026-07-19,2026-07-19 11:00:00+00:00,2026-07-19 23:00:00+00:00,"Folk by the Oak is just outside London, but feels a million miles away.","{'id': 682, 'name': 'Folk by the Oak Festival', 'earliestStartDate': None}",Hatfield House,AL9 5HX,-0.209286,51.760437,00:00:00,
On The Beach 2026: Madness presents Madrophenia [EXTRA DATE],0,,2026-07-23,2026-07-23 15:00:00+00:00,2026-07-23 22:00:00+00:00,"One of the UK's most beloved bands, the Nutty Boys will bring Madrophenia to Brighton Beach.",,Brighton Beach,BN2 1TW,-0.137658,50.818881,00:00:00,
Feast On Bristol 2026,0,,2026-07-23,2026-07-23 17:00:00+00:00,2026-07-26 19:00:00+00:00,"Bristol's ultimate food festival. The South-West's best independent restaurants, live music, cooking demos & more. The Downs, July 23-26.","{'id': 2647, 'name': 'Feast On Bristol 2026', 'earliestStartDate': None}",The Downs Bristol,BS9 1FG,-2.619695,51.472671,00:00:00,
Club Class Luxury Pass at Truck Festival,0,,2026-07-23,2026-07-23 08:00:00+00:00,2026-07-26 23:00:00+00:00,"Hot showers, flushing toilets + pamper lounge! Helping you feel amazing all weekend.",,Hill Farm,OX13 6SW,-1.333455,51.616173,00:00:00,
Vodafone at Latitude Festival,0,,2026-07-23,2026-07-23 08:00:00+00:00,2026-07-26 23:00:00+00:00,"Hire one of our battery packs and swap once a day for a fully charged one. £10 deposit required, refunded on battery pack return.",,Henham Park,NR34 8AN,1.59528,52.3488952,00:00:00,
Chargecandy at Truck Festival,0,,2026-07-23,2026-07-23 08:00:00+00:00,2026-07-26 23:00:00+00:00,Get 1x full charger for each day you are there. £10 deposit required on collection - refunded on return of last charger.,,Hill Farm,OX13 6SW,-1.333455,51.616173,00:00:00,
Truck Festival,0,,2026-07-23,2026-07-23 11:00:00+00:00,2026-07-26 23:00:00+00:00,Truck is undoubtedly one of those festivals that shows the rest of them how it should be done. Loads of great music.,"{'id': 360, 'name': 'Truck Festival', 'earliestStartDate': None}","Hill Farm , Steventon Oxfordshire",OX13 6SW,-1.3327458,51.6159858,00:00:00,
Rock Oyster Festival,0,,2026-07-23,2026-07-23 11:00:00+00:00,2026-07-26 23:00:00+00:00,Family friendly music and food festival held in Cornwall.,"{'id': 2609, 'name': 'Rock Oyster Festival', 'earliestStartDate': None}",Dinham House ,PL27 6RH,-4.8673776,50.5389393,00:00:00,
Campo Sancho,0,,2026-07-23,2026-07-23 11:00:00+00:00,2026-07-26 23:00:00+00:00,"Campo Sancho is a small independent festival, detailed and home-made with Love and Dedication","{'id': 1206, 'name': 'Campo Sancho', 'earliestStartDate': None}",Walkern Hall Walkern Stevenage SG2,SG2 7HZ,-0.116585,51.907472,00:00:00,
Northants Rocks,0,,2026-07-23,2026-07-23 11:00:00+00:00,2026-07-26 23:00:00+00:00,Live music festival with four day camping.,"{'id': 3011, 'name': 'Northants Rocks', 'earliestStartDate': None}",Northants Rocks,NN9 5EJ,-0.6421016,52.3352209,00:00:00,
The George Harrison Project,0,,2026-07-23,2026-07-23 19:30:00+00:00,2026-07-23 22:00:00+00:00,"Timeless classics and unforgettable melodies, as we celebrate the legendary George Harrison.",,The Muni Theatre,BB8 0AE,-2.1755457,53.8559499,00:00:00,
Latitude Festival,0,,2026-07-23,2026-07-23 11:00:00+00:00,2026-07-26 23:00:00+00:00,"Latitude Festival is in Henham Park, Suffolk.","{'id': 54, 'name': 'Latitude Festival', 'earliestStartDate': None}",Henham Park,NR34 8AN,1.59528,52.3488952,00:00:00,
On The Beach 2026: Madness presents Madrophenia,0,,2026-07-24,2026-07-24 14:00:00+00:00,2026-07-24 22:30:00+00:00,"One of the UK's most beloved bands, the Nutty Boys will bring Madrophenia to Brighton Beach, support from David Rodigan & Hot 8 Brass Band.",,Brighton Beach,BN2 1TW,-0.137658,50.818881,00:00:00,
Rock The Mote 2026,0,,2026-07-24,2026-07-24 17:00:00+00:00,2026-07-26 22:00:00+00:00,"Rock The Mote returns to Mote Park in 2026 but this time it's back to the summer months, taking place in July with more of the UK's top tributes!","{'id': 1852, 'name': 'Rock The Mote Festival', 'earliestStartDate': None}",Mote Park,ME15 7RN,0.540601,51.265893,00:00:00,
Hedex Presents: My Home Is The Rave Festival,0,,2026-07-24,2026-07-24 14:00:00+00:00,2026-07-24 22:00:00+00:00,MHITR Festival. 40+ Artists. Multiple Stages. London. First Time Ever. Boston Manor Park. MHITR. This is going to be insane!,,Boston Manor Park,TW8 9JX,-0.319722,51.490177,00:00:00,
Offal Fest 2026,0,,2026-07-24,2026-07-24 17:00:00+00:00,2026-07-26 23:00:00+00:00,"A 3 day Brutal Death Metal, Grind & Slam festival
Featuring massive international bands and underground UK talent
By the scene, for the scene",,Boundary,M15 6AD,-2.2400179,53.4680208,00:00:00,
Together Again Festival 2026,0,,2026-07-24,2026-07-24 09:00:00+00:00,2026-07-26 23:45:00+00:00,Together Again Festival returns to Bolesworth Castle on 24th-26th July for our second edition and we're going even bigger!,"{'id': 2744, 'name': 'Together Again Festival', 'earliestStartDate': None}",Bolesworth Castle,CH3 9HQ,-2.772451,53.0930735,00:00:00,
Doncaster Balloon Festival,0,,2026-07-24,2026-07-24 12:00:00+00:00,2026-07-25 22:00:00+00:00,"Hot Air Balloon Tethering, Balloon Launches, Balloon Night Glow.
Arena entertainment, Stunt show, multiple period enactments",,Town Field Doncaster,DN1 2JR,-1.122002,53.5261543,00:00:00,
Symphonic Ibiza Orchestra | Lichfield Concert,0,,2026-07-24,2026-07-24 17:00:00+00:00,2026-07-24 23:00:00+00:00,The Symphonic Ibiza Orchestra is coming to town! Prepare for an unforgettable night as a 40-piece orchestra performs the greatest Ibiza dance anthems,,Beacon Park Lichfield,WS13 6RA,-1.836233,52.682179,00:00:00,
Together Again Festival 2026: Exclusive Offers,0,,2026-07-24,2026-07-24 12:00:00+00:00,2026-07-26 23:45:00+00:00,Together Again Festival returns to Bolesworth Castle on 24th-26th July for our second edition and we're going even bigger!,,Bolesworth Castle,CH3 9HQ,-2.772451,53.0930735,00:00:00,
Beacon Park Tribute Festival 2026,0,,2026-07-24,2026-07-24 17:00:00+00:00,2026-07-26 22:00:00+00:00,"Lichfield's BIGGEST tribute festival is BACK for 2026! Get ready for 3 amazing days of live music, featuring the very best tribute bands!","{'id': 3007, 'name': 'Beacon Park Tribute Festival 2026', 'earliestStartDate': None}",Beacon Park Lichfield,WS13 6RA,-1.836233,52.682179,00:00:00,
Beach Fest Skegness 2026,0,,2026-07-24,2026-07-24 12:00:00+00:00,2026-07-26 21:00:00+00:00,"Beach Fest is back! Get ready to experience three days of sun, sea, music and fun. We are bringing some of the UK's top tribute bands to Skegness!",,Skegness Beach,PE25 2UQ,0.3457299,53.1440599,00:00:00,
Peaceful World Festival 2026,0,,2026-07-24,2026-07-24 12:00:00+00:00,2026-07-26 23:45:00+00:00,"You have all the wisdom to create the vision of a peaceful world, it's yours to create!",,The Vegan Castle,TA7 9DH,-2.8964462,51.1462521,00:00:00,
Lazydays Festival 2026,0,,2026-07-24,2026-07-24 14:00:00+00:00,2026-07-26 20:00:00+00:00,"Music & Drinks
By the seaside.
Independent | Family Friendly | Good vibes
Fresh Talent

Under-18s must be accompanied by adults. VIP 18+ only.","{'id': 2608, 'name': 'Lazydays Festival', 'earliestStartDate': None}",Priory Park,SS2 6BN,0.707503,51.546115,00:00:00,
Crystal Soul Weekender 2026,0,,2026-07-24,2026-07-24 14:00:00+00:00,2026-07-26 12:00:00+00:00,Crystal Soul Weekender 2026 3rd year at the Coach House Hotel flint Cross near Royston. A great weekend event with 18 SGR dj's entertaining you,,Coach House Hotel Flint Cross,SG8 7PN,0.052777,52.0667091,00:00:00,
Live at Melbourne Hall - Jo Whiley's 90s Anthems,0,,2026-07-24,2026-07-24 17:00:00+00:00,2026-07-24 23:00:00+00:00,"Live At Melbourne Hall gets summer underway with a three-day festival in a brand-new, open-air site at the South Derbyshire stately home.",,Melbourne Hall,DE73 8EN,-1.422903,52.8212,00:00:00,
Bournemouth Reggae Weekender 2026,0,,2026-07-24,2026-07-24 18:00:00+00:00,2026-07-26 22:00:00+00:00,"Bournemouth's No1 Reggae in the Park! A 3-day fest of music, dance, art & culture celebrating African-Caribbean heritage.",,Kings Park Bournemouth BH7 6JF,BH7 6JF,-1.8321932,50.7331572,00:00:00,
Together Again: VIP Voyage Hot Tubs,0,,2026-07-24,2026-07-24 12:00:00+00:00,2026-07-26 23:45:00+00:00,Hot Tub bookings for VIP Voyage at Together Again 2026,,Bolesworth Castle,CH3 9HQ,-2.772451,53.0930735,00:00:00,
Boho Festival 2026,0,,2026-07-24,2026-07-24 15:00:00+00:00,2026-07-27 01:00:00+00:00,"3 Day family friendly Festival, Live Music, DJ's, Performers, Street Food, Kids Stuff! Camping, Showers & Luxury Bell Tents","{'id': 2595, 'name': 'Boho Festival ', 'earliestStartDate': None}",Millview Glamping And Events,NG138HT,-0.97968237,52.97462512,00:00:00,
Junction 2,1,,2026-07-24,2026-07-24 12:00:00+00:00,2026-07-26 22:00:00+00:00,"Don't miss 10 years of J2
We return to Boston Manor Park for Londons best Techno festival","{'id': 1166, 'name': 'Junction 2 Festival', 'earliestStartDate': None}",Boston Manor Park,TW8 9JX,-0.319722,51.490177,00:00:00,
SeekOut Arts & Music Festival,0,,2026-07-24,2026-07-24 13:00:00+00:00,2026-07-26 13:00:00+00:00,SeekOut is a family friendly arts and music micro festival taking place in the beautiful woodland of Gisburn Forest.,,Gisburn Forest,BB7 4TS,-2.3927265,53.9943481,00:00:00,
Echo Fest,1,,2026-07-24,2026-07-24 16:30:00+00:00,2026-07-26 23:00:00+00:00,"Derby's biggest tribute festival. Three days of live music, iconic tribute acts, amazing food and drink, family fun and feel-good festival vibes.",,Derby Cricket Ground,DE21 6DA,-1.4515655,52.9259764,00:00:00,
The Great Coventry Weekender | 3-Day Ticket,1,,2026-07-24,2026-07-24 15:00:00+00:00,2026-07-26 23:00:00+00:00,"Three epic days of music, food, live band, giveaways, culture & summer vibes at Coombe Abbey Park.
The Great Coventry Weekender returns July 24-26",,Coombe Abbey ,CV3 2AB,-1.406912,52.411457,00:00:00,
Hammerdown Festival 2026,0,,2026-07-24,2026-07-24 17:30:00+00:00,2026-07-26 22:00:00+00:00,"Join us for the 10th anniversary of Hammerdown, at The Factory live in Worthing",,The Factory Live,BN14 8BX,-0.371627,50.818931,00:00:00,
Gadabout Festival,0,,2026-07-24,2026-07-24 11:00:00+00:00,2026-07-25 23:00:00+00:00,"A small music festival in the Eden Valley, Cumbria.","{'id': 3171, 'name': 'Gadabout Festival', 'earliestStartDate': None}",High Hall Farm,CA49SG,-2.6847551,54.8050087,00:00:00,
Tramlines,0,,2026-07-24,2026-07-24 11:00:00+00:00,2026-07-26 23:00:00+00:00,"Tramlines is an annual event held in Hillsborough park, Sheffield.","{'id': 398, 'name': 'Tramlines ', 'earliestStartDate': None}",Hillsborough Park,S6 4HD,-1.501301,53.408226,00:00:00,
Blue Reef Festival,0,,2026-07-24,2026-07-24 11:00:00+00:00,2026-07-25 23:00:00+00:00,"Two days of live music, great food, and full-on festival vibes.","{'id': 3086, 'name': 'Blue Reef Festival', 'earliestStartDate': None}",Loddington Farm Ltd,ME17 4AG,0.522795,51.212283,00:00:00,
Hayrock Tribute Festival,0,,2026-07-24,2026-07-24 09:00:00+00:00,2026-07-26 23:00:00+00:00,"Hayrock Tribute Festival lands  with 26 top rock, emo and metal tribute acts across one stage - zero",,Haydock Park Racecourse,WA12 0HQ,-2.627185,53.480907,00:00:00,
Chiddfest,0,,2026-07-24,2026-07-24 11:00:00+00:00,2026-07-26 23:00:00+00:00,Family friendly music festival in Sussex.,"{'id': 3128, 'name': 'Chiddfest', 'earliestStartDate': None}",Nash Street Chiddingly BN27 4AA,BN27 4AA,0.202134,50.887117,00:00:00,
Deer Shed Festival,0,,2026-07-24,2026-07-24 11:00:00+00:00,2026-07-26 23:00:00+00:00,"Deer Shed takes place in July featuring a stunning lineup of music, arts and culture over three days.","{'id': 1273, 'name': 'Deer Shed Festival', 'earliestStartDate': None}",Baldersby Park,YO7 3BZ,-1.407538,54.174862,00:00:00,
GlastonBARRY Juniors Festival,0,,2026-07-24,2026-07-24 11:00:00+00:00,2026-07-24 23:00:00+00:00,"Family tribute festival in Barry, Wales.","{'id': 2358, 'name': 'GlastonBARRY Juniors Festival', 'earliestStartDate': None}",Romilly Park,CF62 6RN,-3.2919197,51.3946199,00:00:00,
The George Harrison Project,0,,2026-07-24,2026-07-24 19:30:00+00:00,2026-07-24 22:00:00+00:00,"Timeless classics and unforgettable melodies, as we celebrate the legendary George Harrison.",,Lancaster Grand Theatre,LA1 1NL,-2.8022267,54.0603941,00:00:00,
Steelhouse Festival,0,,2026-07-24,2026-07-24 11:00:00+00:00,2026-07-26 23:00:00+00:00,"Steelhouse Festival has been running for over a decade now and has become a premier destination for fans of rock, blues rock and more rock!","{'id': 2363, 'name': 'Steelhouse Festival', 'earliestStartDate': None}",Hafod Y Dafal,NP13 2ER,-3.1582155,51.7260151,00:00:00,
Landed Festival,0,,2026-07-24,2026-07-24 11:00:00+00:00,2026-07-26 23:00:00+00:00,Underground gathering of music and arts in Wales.,"{'id': 1498, 'name': 'Landed Festival', 'earliestStartDate': None}",Landed Festival,LD1 6HF,-3.442604,52.215687,00:00:00,
Valhalla Viking Festival,0,,2026-07-24,2026-07-24 10:00:00+00:00,2026-07-26 23:45:00+00:00,"Valhalla Viking Festival brings a weekend of Living History, Viking battles, live music, fire performances, theatrical performances, mythology",,"Dummer Down Farm, Basingstoke",RG25 2AR,-1.1765277,51.2013786,00:00:00,
KISSTORY On Blackheath 2026,0,,2026-07-25,2026-07-25 13:00:00+00:00,2026-07-25 22:00:00+00:00,"The biggest Old Skool & Anthems party returns to Blackheath - legendary acts, DJs, and summer vibes all day long.","{'id': 1524, 'name': 'KISSTORY on Blackheath ', 'earliestStartDate': None}",Blackhealth Common,SE10 8QY,-0.0029119,51.471376,00:00:00,
"OnTheBeach LIVE: The Maccabees, Editors, Miles Kane, Anna Calvi",0,,2026-07-25,2026-07-25 13:00:00+00:00,2026-07-25 22:30:00+00:00,"ON THE BEACH IN ASSOCIATION WITH RADIO X 
ANNOUNCE THE FULL LINE UP FOR SATURDAY 25TH JULY, BRIGHTON",,Brighton Beach,BN2 1TW,-0.137658,50.818881,00:00:00,
Debdale Park Sports Club Music Festival,0,,2026-07-25,2026-07-25 12:00:00+00:00,2026-07-25 21:30:00+00:00,After the success of our first event Debdale Park Sports Club Music Festival returns Sat 25th July 2026.,,Debdale Sports And Recreation Club,NG19 7NS,-1.204648,53.161678,00:00:00,
Forsaken Forest Festival BTID Clubland,0,,2026-07-25,2026-07-25 13:00:00+00:00,2026-07-25 22:00:00+00:00,"A summer Dance music Festival at the abandoned Camelot theme park, Chorley with headline DJ's, live acts, rides, food court & more",,Camelot,PR7 5LP,-2.694967,53.634645,00:00:00,
Picnic and Pop Festival,0,,2026-07-25,2026-07-25 12:00:00+00:00,2026-07-26 20:00:00+00:00,"Picnic and Pop in Aldershot is a fun family festival with live music, kids activities, street food and a relaxed picnic-style atmosphere.","{'id': 2522, 'name': 'Aldershot Picnic and Pop Family Festival', 'earliestStartDate': None}",Manor Park,GU12 4LU,-0.753789,51.243313,00:00:00,
Country Club - Outdoor Country Music Festival - Manchester,0,,2026-07-25,2026-07-25 15:00:00+00:00,2026-07-25 22:00:00+00:00,Saddle up cowboys & cowgirls we're riding back into Manchester in July 2026 for our  OUTDOOR OPEN AIR day party!,,Freight Island,M1 2PZ,-2.2276473,53.4751511,00:00:00,
The House & Vocal Disco Festival,0,,2026-07-25,2026-07-25 12:00:00+00:00,2026-07-25 23:00:00+00:00,"We return to the lushous green fields of Styal for another beautiful experience amongst friends, listening to the very best house music.",,Wilmslow Phoenix Sports Club,SK9 4HP,-2.2384845,53.3451844,00:00:00,
Back To The 90s - Summer Outdoor Festival - Birmingham,0,,2026-07-25,2026-07-25 13:00:00+00:00,2026-07-26 00:00:00+00:00,Birmingham 90s ravers get ready for the biggest summer festival the city has ever seen! All taking place on Saturday 25th July in the heart of Digbeth,,Luna Springs Digbeth ,B9 4AG,-1.8814649,52.475036,00:00:00,
Chesterfield Music Festival 2026  - A Great Family Day Out!,0,,2026-07-25,2026-07-25 12:00:00+00:00,2026-07-25 22:00:00+00:00,"Your GREAT BIG Family Day Out is BACK! - Get ready for a full day of family fun, live music & unforgettable summer vibes!",,Chesterfield Panthers Rugby Football Club,S41 9BF,-1.4413487,53.2636186,00:00:00,
"Rum & Reggae 2026 | Project House, Leeds",0,,2026-07-25,2026-07-25 12:00:00+00:00,2026-07-25 21:00:00+00:00,"The ultimate island experience returns next Summer!
Bringing you pure reggae sounds plus huge headliners & insane production...","{'id': 2926, 'name': 'Rum & Reggae Fest Leeds ', 'earliestStartDate': None}",Project House,LS12 2DR,-1.5662789,53.7956309,00:00:00,
KISSTORY On Blackheath 2026,0,,2026-07-25,2026-07-25 13:00:00+00:00,2026-07-25 22:00:00+00:00,"The biggest Old Skool & Anthems party returns to Blackheath - legendary acts, DJs, and summer vibes all day long.","{'id': 1524, 'name': 'KISSTORY on Blackheath ', 'earliestStartDate': None}",Blackheath Common,SE10 8QY,0.0049086,51.4693156,00:00:00,
RNB MANIA | Wakefield's Outdoor R&B Festival,0,,2026-07-25,2026-07-25 15:00:00+00:00,2026-07-25 22:00:00+00:00,"Wakefield, are you ready to experience the very best of R&B music? R&B MANIA comes to Tileyard North on Saturday, 25th July!","{'id': 3142, 'name': ""R&B Mania | Wakefield's Outdoor R&B Festival"", 'earliestStartDate': None}",Tileyard North,WF1 5FY,-1.49048938,53.67544982,00:00:00,
Love to be... at House & Vocal Disco Fest,0,,2026-07-25,2026-07-25 12:00:00+00:00,2026-07-25 23:00:00+00:00,We bring the Love to be... vibes to Cheshire's flagship house & Disco festival!  A full stage takeover with international artists!,,Wilmslow Phoenix Sports Club,SK9 4HP,-2.239399,53.345632,00:00:00,
Fell Out Boy & Black Charade | Revolve Festival | SY Sheff,0,,2026-07-25,2026-07-25 14:00:00+00:00,2026-07-25 23:00:00+00:00,"Revolve Fest is coming to Steelyard Sheffield, bringing a huge lineup including Fell Out Boy, Black Charade and Meteora!","{'id': 2919, 'name': 'Fell Out Boy & Black Charade | Revolve Festival | SY Sheff', 'earliestStartDate': None}",SYSheffield (Steel Yard),S3 8AS,-1.4790332,53.394278,00:00:00,
"Rum & Reggae Fest | The Hangar, Norwich",0,,2026-07-25,2026-07-25 14:00:00+00:00,2026-07-25 21:00:00+00:00,"The ultimate island experience is coming to Norwich in July!
Bringing you pure reggae sounds with huge headliners & insane production...","{'id': 3133, 'name': 'Rum & Reggae Fest - Norwich', 'earliestStartDate': None}",The Hangar,NR3 1QA,1.2919214,52.6350139,00:00:00,
Suited and Booted 2026,0,,2026-07-25,2026-07-25 12:00:00+00:00,2026-07-25 21:30:00+00:00,"The UK's best of Reggae, SKA, Mod & Britpop tribute bands",,The Hayes Sports Partnership,B389EL,-1.95007877,52.39205038,00:00:00,
The House That Ash Built 2026,0,,2026-07-25,2026-07-25 14:00:00+00:00,2026-07-25 23:00:00+00:00,A day of live House Music raising funds for Mountbatten Hampshire in memory of Ashleen Bateman.,,The Millers Pond,SO19 8FQ,-1.3613847,50.8980726,00:00:00,
4Four Bassline - Birmingham Open-Air Rooftop Rave,0,,2026-07-25,2026-07-25 16:00:00+00:00,2026-07-25 22:00:00+00:00,4Four Bassline Returns to Birmingham for a Outdoor Open-Air Rooftop Rave at XOYO Digbeth.,,XOYO,B9 4AG,-1.8809493,52.475038,00:00:00,
Salisbury Live Summer Extravaganza,0,,2026-07-25,2026-07-25 14:00:00+00:00,2026-07-25 23:00:00+00:00,Featuring top UK garage duo Artful Dodger plus tributes to Oasis and Chapel Roan with support from local and regional artists and DJs.,,Victoria Park Salisbury,SP1 3NE,-1.7977891,51.0802655,00:00:00,
"Junction 2 x fabric: Nina Kraviz, Jeff Mills",0,,2026-07-25,2026-07-25 14:00:00+00:00,2026-07-25 22:00:00+00:00,Junction 2 and fabric partner up for an unforgettable show.,,Boston Manor Park,TW8 9JX,-0.319722,51.490177,00:00:00,
Magic of Thailand Festival in Guildford,0,,2026-07-25,2026-07-25 10:00:00+00:00,2026-07-26 19:00:00+00:00,A two day Thai Festival to experience the taste of Thailand this summer at Stoke Park is brought to you by Magic of Thailand.,,Stoke Park Guildford,GU1 1ER,-0.566094,51.245121,00:00:00,
Tunsfest 2026,0,,2026-07-25,2026-07-25 12:00:00+00:00,2026-07-25 23:45:00+00:00,"Tunsfest is The Three Tuns' annual charity music festival, bringing together the local community for a day of live music, great food, and good company",,The Three Tuns Sutton Coldfield,B72 1XS,-1.8231092,52.5659206,00:00:00,
RNP Fest 2026,0,,2026-07-25,2026-07-25 13:00:00+00:00,2026-07-25 21:00:00+00:00,"We return for our annual summer festival! Huge vibes, food, the best dj's, biggest RNP day of the year!",,"Golden Lion, Fallings Park",WV10 0RH,-2.104895,52.6040471,00:00:00,
Summer Outdoor 80s Tribute Festival - Cardiff,0,,2026-07-25,2026-07-25 15:00:00+00:00,2026-07-25 22:00:00+00:00,Cardiff get ready for a spectacular Summer 80s Festival coming to the stunning Tiger Yard!,,Tiger Yard,CF10 4GA,-3.1603143,51.4597605,00:00:00,
RNB MANIA | Hertford's R&B Festival,0,,2026-07-25,2026-07-25 15:00:00+00:00,2026-07-25 23:00:00+00:00,"Hertford, are you ready to experience the very best of R&B music? R&B MANIA comes to Dog and Whistle on Saturday, 25th July!","{'id': 3143, 'name': ""R&B Mania | Hertford's R&B Festival"", 'earliestStartDate': None}","Dog And Whistle, Hertford",SG14 1AB,-0.075214,51.796545,00:00:00,
"AG FEST 2026, London",0,,2026-07-25,2026-07-25 12:00:00+00:00,2026-07-25 22:00:00+00:00,"AG Fest is DJ AG’s new outside festival. Two stages, for all ages, all music genres, food, family fun, and real community vibes.",,Copthall Playing Fields,NW4 1PS,-0.225653,51.599861,00:00:00,
Big Rave,0,,2026-07-25,2026-07-25 12:00:00+00:00,2026-07-26 00:00:00+00:00,BIG RAVE DAY FESTIVAL | ENIGMA X INVIGORATED X TYRANT X SILVERBACK X OSCILLATE,,Middle World Farms,LN4 1AQ,-0.4204331,53.2153611,00:00:00,
Judge Jules @ Daisy Shake - Ibiza Day Rave,0,,2026-07-25,2026-07-25 14:00:00+00:00,2026-07-25 23:00:00+00:00,"Daisy Shake - Ibiza Day Rave

Featuring the BBC Radio 1 and Ibiza legend JUDGE JULES. 

Danny Nightingale +more",,The Pear Tree Hotel,DE5 3HR,-1.4069077,53.0489512,00:00:00,
A Summer Cookout 2026,0,,2026-07-25,2026-07-25 12:00:00+00:00,2026-07-26 02:00:00+00:00,"Following 2025's incredible Cookout, So Flute, Shin Digger and The Carlton Club return for another day and night extravaganza for the senses.",,The Carlton Club Manchester,M16 8BE,-2.263254,53.451754,00:00:00,
Newcastle Pride Arena 2026,0,,2026-07-25,2026-07-25 12:00:00+00:00,2026-07-26 23:00:00+00:00,"Newcastle Pride Arena returns to Times Square for two unforgettable days of colour, music and pure Pride energy.",, Times Square Scotswood Road Newcastle Upon Tyne NE1 4E,NE1 4EP,-1.6205357,54.9676555,00:00:00,
"CUE - Together Again Festival w. Gaskin, Robbie Doherty & more",0,,2026-07-25,2026-07-25 14:00:00+00:00,2026-07-26 02:00:00+00:00,We return to Together Again Festival in Bolesworth Castle to take over the Agora dance arena with a huge line up!,,Bolesworth Castle,CH3 9HQ,-2.772451,53.0930735,00:00:00,
Ealing Jazz Festival 2026,0,,2026-07-25,2026-07-25 13:00:00+00:00,2026-07-26 22:30:00+00:00,"The 2026 Ealing Jazz Festival celebrates both heritage and evolution, building on a legacy in Walpole Park that stretches back to 1984.",,Walpole Park,W5 5qe,-0.3018157,51.5065318,00:00:00,
NØCTILEX Festival,0,,2026-07-25,2026-07-25 18:00:00+00:00,2026-07-26 04:00:00+00:00,"One whole year of NØCTILEX, this festival marks our 12th event in the 12 months we've been operating, so of course we had to make it special.",,Bee Noir,M3 5EN,-2.2576817,53.4819652,00:00:00,
Pawfest,0,,2026-07-25,2026-07-25 12:00:00+00:00,2026-07-25 22:00:00+00:00,"PawFest - Family music festival with 10 live acts, food & drink stalls, raising money for Hope Rescue. 12pm-10pm. Tickets £10.",,Cf381bh,CF381bh,-3.3355875,51.5501297,00:00:00,
Live at Melbourne Hall - Lightning Seeds,0,,2026-07-25,2026-07-25 15:00:00+00:00,2026-07-25 23:00:00+00:00,"Live At Melbourne Hall gets summer underway with a three-day festival in a brand-new, open-air site at the South Derbyshire stately home.",,Melbourne Hall,DE73 8EN,-1.422903,52.8212,00:00:00,
ITG Festival,0,,2026-07-25,2026-07-25 15:00:00+00:00,2026-07-26 00:00:00+00:00,Join us as we takeover the Ortus Rec for a full day of dance anthems with the ITG Residents!,,Whitehaven Rugby League Football Club,CA28 9DD,-3.5856066,54.5397972,00:00:00,
R&B Lovers Outdoor Festival - Sat 25th July - The Buttermarket,0,,2026-07-25,2026-07-25 15:00:00+00:00,2026-07-25 22:00:00+00:00,Shrewsbury we are back for 2026! Get ready for a massive Outdoor / Indoor 90s & 00s R&B Festival at the amazing BUTTERMARKET!,,The Buttermarket,SY1 2LF,-2.7490712,52.7122638,00:00:00,
Taste Of Thailand Music And Food Festival,0,,2026-07-25,2026-07-25 10:00:00+00:00,2026-07-26 19:00:00+00:00,"A weekend of live entertainment, Thai boxing demonstrations, Food stalls, Thai beer and drinks, relaxing Thai massage and fun for all the family.",,Earlham Park  Norwich,NR4 7TQ,1.234034,52.6254524,00:00:00,
The Northern Soul All Festival,0,,2026-07-25,2026-07-25 13:00:00+00:00,2026-07-25 23:45:00+00:00,"Get ready for a full day of soul, energy, and unstoppable vibes as The Northern Soul All Festival takes over Bramley Social",,The Bramley Social,L3 0AP,-2.9989621,53.4246298,00:00:00,
Breakin Science Summer Underground | Jungle Mania | D&B Classics,1,2026-09-05,2026-07-25,2026-07-25 14:00:00+00:00,2026-07-25 22:00:00+00:00,"Eutopia WHS is the destination for London's biggest celebration of underground D&B + Jungle, with 1 massive Outdoor yard + 3 Warehouse Arenas!",,Eutopia Warehouse,IG11 0DW,0.0964,51.5204,00:00:00,2026-09-05
State of it Pt.4 Containment Weekender!,0,,2026-07-25,2026-07-25 15:00:00+00:00,2026-07-26 22:00:00+00:00,"Containment is vital. 
Live bands/ Djs / Fire dancers/ Facepainting / Gourmet Burgers!",,The Charles Bradlaugh,NN1 3AU,-0.8924344,52.241574,00:00:00,
Early Doors at Peggy's 25th July,0,,2026-07-25,2026-07-25 12:00:00+00:00,2026-07-25 23:30:00+00:00,All day festival at Peggy McCools. Some of the finest bands the North West have to offer!!,,Peggy Mccools,WA2 7NW,-2.5951785,53.3941494,00:00:00,
AfroParkFest 2026,0,,2026-07-25,2026-07-25 12:00:00+00:00,2026-07-25 22:00:00+00:00,"AfroParkFest 2026 brings Afro-Caribbean music, food, culture and live performances to Milton Keynes on 25 July.",,Middleton Pavillion,MK10 9AD,-0.7029187,52.0449098,00:00:00,
Asylum Uprising metal fest,0,,2026-07-25,2026-07-25 15:00:00+00:00,2026-07-25 23:15:00+00:00,Ride Rock Roll presents Asylum Uprising Metal Fest. Hull uni Asylum nightclub.,,The Asylum Nightclub,HU67RX,-0.3661428,53.771958,00:00:00,
The Compasses Festival,1,,2026-07-25,2026-07-25 12:00:00+00:00,2026-07-25 23:00:00+00:00,"Year 3 of The Compasses Festival. Bigger, better and louder than ever. Live music, DJs, street food & summer party vibes.",,"The Compasses, 44 High Street",MK45 5DD,-0.4691541,52.0010175,00:00:00,
Big Caribbean Cookout! | The Great Coventry Weekender - DAY 2,1,,2026-07-25,2026-07-25 12:00:00+00:00,2026-07-25 23:00:00+00:00,"Coventry's biggest Caribbean celebration returns 25 July with jerk BBQ, Live Bands, Fair Rides, cocktails, culture and all-day festival vibes.",,Coombe Abbey ,CV3 2AB,-1.406912,52.411457,00:00:00,
Rewind (Day Party at Mambo),0,,2026-07-25,2026-07-25 15:00:00+00:00,2026-07-25 22:00:00+00:00,"REWIND takes over Mambo Taunton for a massive outdoor day party: Top DJs all day, street food, confetti, CO2 cannons & nonstop throwback anthems!",,Mambo,TA1 1LN,-3.1037881,51.0163396,00:00:00,
OVER 30's CLUB - Daytime Clubbing - Digital Newcastle,0,,2026-07-25,2026-07-25 15:00:00+00:00,2026-07-25 20:00:00+00:00,"Expect a nostalgia-fuelled festive blowout packed with glitter, anthems, and good vibes only. We're turning back the clock and turning up!",,Digital Newcastle,NE1 4EP,-1.6206423,54.9675315,00:00:00,
DNB360 & Noise Enforcement -ONE DAY OUTDOOR FESTIVAL Stourbridge,0,,2026-07-25,2026-07-25 14:00:00+00:00,2026-07-26 02:00:00+00:00,"DNB360 & NOISE ENFORCEMENT PRESENT: 

ONE DAY DRUM & BASS/BASSLINE/GARAGE OUTDOOR FESTIVAL

AT THE PRESTIEGEOUS WAXEY GORDON'S (OLD SADLER'S BREWERY)",,Waxey Gordons,DY9 8ER,-2.1145419,52.4594959,00:00:00,
Alex Fest,0,,2026-07-25,2026-07-25 11:00:00+00:00,2026-07-26 23:00:00+00:00,"Two days of live music, DJs, family entertainment, food, drinks, games and summer festival vibes at the Alexandra Arms, Eastbourne.",,Alexandra Arms,BN22 7SA,0.3051695,50.7841948,00:00:00,
Pig Fest,0,,2026-07-25,2026-07-25 11:00:00+00:00,2026-07-25 19:00:00+00:00,"Join us for this adults only festival with animals, games, music and so much more!",,Kew Little Pigs Farm Ltd,HP7 0HR,-0.6273429,51.6719338,00:00:00,
Scare Taxi play at Alive at the Barn 2026,0,,2026-07-25,2026-07-25 18:00:00+00:00,2026-07-25 23:00:00+00:00,"Alive at the Barn 2026 is back for a fourth year, with a line-up of legends.
Scare Taxi playing on Saturday 25th July 2026 at 18:00",,The Barn Theatre,BN42 4TE,-0.233914,50.83444,00:00:00,
Tidal Gathering Tribute Festival,0,,2026-07-25,2026-07-25 11:00:00+00:00,2026-07-26 23:00:00+00:00,Tidal Gathering Tribute Festival. From the creators of the UK's biggest Tribute festivals.,"{'id': 2985, 'name': 'Tidal Gathering Tribute Festival', 'earliestStartDate': None}",Adur Recreation Ground,BN43 5LT,-0.284287,50.831749,00:00:00,
Canada Water presents Round The Dock,0,,2026-07-25,2026-07-25 10:00:00+00:00,2026-07-26 20:00:00+00:00,"Six weeks of FREE music, markets, entertainment and culture by the water",,Canada Water Culture Space,SE16 7AR,-0.04886,51.497844,00:00:00,
The Sounds of the 80s show with The Zoots,0,,2026-07-25,2026-07-25 19:30:00+00:00,2026-07-25 22:00:00+00:00,"It's the 80s tribute show that's wowed concert-goers around the world, winning acclaim from the Anthem of the Seas to Hammersmith Palais.",,The Barn,OX11 7AD,-1.252515,51.609998,00:00:00,
GlastonBARRY Tribute Festival,0,,2026-07-25,2026-07-25 11:00:00+00:00,2026-07-26 23:00:00+00:00,Come along to South Wales' biggest and best tribute festival.,"{'id': 2356, 'name': 'GlastonBARRY Tribute Festival', 'earliestStartDate': None}",Romilly Park,CF62 6RN,-3.2919197,51.3946199,00:00:00,
The George Harrison Project,0,,2026-07-25,2026-07-25 19:30:00+00:00,2026-07-25 22:00:00+00:00,"Timeless classics and unforgettable melodies, as we celebrate the legendary George Harrison.",,The Brindley,WA7 1BG,-2.732151,53.340291,00:00:00,
Castle Park Live,0,,2026-07-25,2026-07-25 11:00:00+00:00,2026-07-25 23:00:00+00:00,Castle Park Live is back in Frodsham!,"{'id': 2784, 'name': 'Castle Park Live', 'earliestStartDate': None}",Castle Park Frodsham WA6,WA6 6SE,-2.729507,53.293023,00:00:00,
Suited and Booted Festival,0,,2026-07-25,2026-07-25 11:00:00+00:00,2026-07-25 23:00:00+00:00,"Ska, Mod and Reggae Festival","{'id': 2570, 'name': 'Suited and Booted Ska, Mod, Reggae Festival', 'earliestStartDate': None}",Hayes Playing Fields,B38 9EL,-1.9493762,52.3919411,00:00:00,
On The Beach 2026: Moby,0,,2026-07-26,2026-07-26 14:00:00+00:00,2026-07-26 22:30:00+00:00,Moby brings his groundbreaking live performance to On The Beach 2026 for his first Brighton show in 25 years.,,Brighton Beach,BN2 1TW,-0.137658,50.818881,00:00:00,
Chesterfield Country Music Festival,0,,2026-07-26,2026-07-26 12:00:00+00:00,2026-07-26 22:00:00+00:00,UK's Finest Country Music Tributes,,Chesterfield Panthers RUFC,S41 9BF,-1.4413487,53.2636186,00:00:00,
Heritage Live: UB40 featuring Ali Campbell,0,,2026-07-26,2026-07-26 13:00:00+00:00,2026-07-26 22:30:00+00:00,"UB40 featuring ALI CAMPBELL, + special guests Bitty Mclean, Gentleman's Dub Club, General Levy, Bushman, Channel One Soundsystem",,Englefield Estate,RG7 5DZ,-1.0877712,51.441307,00:00:00,
Next Act Festival,0,,2026-07-26,2026-07-26 15:00:00+00:00,2026-07-26 21:00:00+00:00,"Celebrating local talented creatives! 
Live performances from singers, actors, poets, dancers, musicians and comedians.
Food, drink and good vibes!",,ARTCH Studios,PR1 8SD,-2.7112067,53.7600682,00:00:00,
Live at Melbourne Hall - The Shires,0,,2026-07-26,2026-07-26 14:00:00+00:00,2026-07-26 23:00:00+00:00,"Live At Melbourne Hall gets summer underway with a three-day festival in a brand-new, open-air site at the South Derbyshire stately home.",,Melbourne Hall,DE73 8EN,-1.422903,52.8212,00:00:00,
Drum Cupboard Takeover Festival IV,0,,2026-07-26,2026-07-26 12:30:00+00:00,2026-07-26 20:00:00+00:00,"DC takeover returns to MK11 on Sunday 26th of July. A day celebrating drums with the core values of inclusion, opportunity and community!",,MK11 LIVE MUSIC VENUE,MK11 3LH,-0.823379,52.042942,00:00:00,
RNBLAND - Manchester's Biggest RnB Summer Day Festival (1000 RNB,0,,2026-07-26,2026-07-26 16:00:00+00:00,2026-07-26 22:00:00+00:00,RNBLAND - Manchester's Biggest RnB Summer Day Festival (1000 RNB LOVERS),,Six Trees,M17 1BN,-2.3069812,53.4675502,00:00:00,
It's Our House LDN: PRESSURE SUMMER DAY PARTY @Nagshall Farm,0,,2026-07-26,2026-07-26 12:00:00+00:00,2026-07-26 22:00:00+00:00,"t's Our House LDN Presents: PRESSURE A new day party experience built for the underground. Expect nothing but deep, rolling grooves and high energy",,Nags Hall Farm,RH9 8DB,-0.0478044,51.2487692,00:00:00,
Coventry Summer Jam | The Great Coventry Weekender - DAY 3,1,,2026-07-26,2026-07-26 12:00:00+00:00,2026-07-26 21:30:00+00:00,"A vibrant summer festival at Coombe Abbey featuring live tribute acts,international food, fun activities,giveaways,cocktails and an all day atmosphere",,Coombe Abbey ,CV3 2AB,-1.406912,52.411457,00:00:00,
Family Fields Festival,1,,2026-07-26,2026-07-26 12:00:00+00:00,2026-07-26 23:00:00+00:00,The UK's biggest tribute bands take the stage for a day of legendary performances. From classic rock to pop icons - relive the greatest hits live.,,Wilmslow Phoenix Sports Club,SK9 4HP,-2.2384845,53.3451844,00:00:00,
Roots Market,0,,2026-07-26,2026-07-26 14:00:00+00:00,2026-07-26 23:00:00+00:00,"Creative Hertz Sound System, Record Store, Market Stalls, Street Food, Workshops, Family Friendly, Special Guests - Lime Grove Sound & Prince Jamo",,Sector 57,B5 5TR,-1.885063,52.476682,00:00:00,
Pig Chill,0,,2026-07-26,2026-07-26 11:00:00+00:00,2026-07-26 19:00:00+00:00,"Join us for this chilled out, adults only festival with animals, music and so much more!",,Kew Little Pigs Farm Ltd,HP7 0HR,-0.6273429,51.6719338,00:00:00,
"Junction 2: Adam Beyer, Miss Monique, Indo Warehouse",0,,2026-07-26,2026-07-26 14:00:00+00:00,2026-07-26 22:00:00+00:00,Experience the best of J2.,,Boston Manor Park,TW8 9JX,-0.319722,51.490177,00:00:00,
Petworth Summer Festival - Coffee Concert - Bossa Nova,0,,2026-07-28,2026-07-28 12:00:00+00:00,2026-07-28 13:00:00+00:00,Mario Bakuna and Roberto Manzin present a tribute to Stan Getz and João Gilberto,,Sofas And Stuff   Fittleworth,RH20 1ER,-0.5693509,50.9495384,00:00:00,
Belladrum Tartan Heart Festival 2026,0,,2026-07-30,2026-07-30 12:00:00+00:00,2026-08-01 23:00:00+00:00,"Belladrum Tartan Heart Festival is a firm favourite on the festival calendar, with a loyal following of fervent fans that return year on year.","{'id': 13, 'name': 'Belladrum Tartan Heart Festival', 'earliestStartDate': None}",Belladrum Estate,IV4 7BA,-4.470327,57.443579,00:00:00,
Club Class Luxury Pass at Y Not Festival,0,,2026-07-30,2026-07-30 08:00:00+00:00,2026-08-02 23:00:00+00:00,"Hot showers, flushing toilets + pamper lounge! Helping you feel amazing all weekend.",,Y Not Festival,DE4 2PH,-1.705395,53.124244,00:00:00,
Valley Fest,0,,2026-07-30,2026-07-30 09:00:00+00:00,2026-08-02 01:00:00+00:00,"The best-tasting music festival in the South West. Organic food, top chefs, and incredible live music overlooking Chew Valley Lake.","{'id': 963, 'name': 'Valley Fest', 'earliestStartDate': None}",The Community Farm,BS40 8SZ,-2.612287,51.350899,00:00:00,
Breakout Festival 2026,0,,2026-07-30,2026-07-30 15:00:00+00:00,2026-08-02 23:45:00+00:00,"Four days of music, immersive theatre, live art, sound systems, workshops and camping in the Pembrokeshire countryside.",,Cox Heath Farm,SA62 5YH,-5.010125,51.8755433,00:00:00,
Chargecandy at Y Not Festival,0,,2026-07-30,2026-07-30 08:00:00+00:00,2026-08-02 23:00:00+00:00,Get 1x full charger for each day you are there. £10 deposit required on collection - refunded on return of last charger.,,Y Not Festival,DE4 2PH,-1.705395,53.124244,00:00:00,
Chargecandy at Belladrum Tartan Heart,0,,2026-07-30,2026-07-30 11:00:00+00:00,2026-08-01 23:00:00+00:00,Get 1x full charger for each day you are there. £10 deposit required on collection - refunded on return of last charger.,,Belladrum Estate,IV4 7BA,-4.470327,57.443579,00:00:00,
Vodafone at Kendal Calling,0,,2026-07-30,2026-07-30 08:00:00+00:00,2026-08-02 23:00:00+00:00,"Hire one of our battery packs and swap once a day for a fully charged one. £10 deposit required, refunded on battery pack return.",,Lowther Deer Park,CA10 2DY,-2.732739,54.608378,00:00:00,
Vodafone at Wilderness,0,,2026-07-30,2026-07-30 08:00:00+00:00,2026-08-02 23:00:00+00:00,"Hire one of our battery packs and swap once a day for a fully charged one. £10 deposit required, refunded on battery pack return.",,Cornbury Park,OX7 3EH,-1.492132,51.861352,00:00:00,
Vodafone at Camp Bestival,0,,2026-07-30,2026-07-30 08:00:00+00:00,2026-08-02 23:00:00+00:00,"Hire one of our battery packs and swap once a day for a fully charged one. £10 deposit required, refunded on battery pack return.",,Lulworth Castle,BH20 5QS,-2.206448,50.638261,00:00:00,
Kendal Calling,0,,2026-07-30,2026-07-30 11:00:00+00:00,2026-08-02 23:00:00+00:00,Kendal Calling returns to Lowther Deer Park this summer for another year of great music and great vibes.,"{'id': 53, 'name': 'Kendal Calling Festival', 'earliestStartDate': None}",Lowther Deer Park,CA10 2DY,-2.732739,54.608378,00:00:00,
App Fest,0,,2026-07-30,2026-07-30 11:00:00+00:00,2026-08-02 23:00:00+00:00,Affordable family festival in Tewkesbury.,"{'id': 2324, 'name': 'App Fest UK ', 'earliestStartDate': None}",HILLWORTH FARM,GL20 6AX,-2.23826,52.030487,00:00:00,
Outcider Festival,0,,2026-07-30,2026-07-30 11:00:00+00:00,2026-08-02 23:00:00+00:00,"Festival of alternative music, real cider and proper grassroots fun.","{'id': 3041, 'name': 'Outcider Festival', 'earliestStartDate': None}",Fernhill Farm,BS40 6LD,-2.677509,51.297357,00:00:00,
Cambridge Rock Festival,0,,2026-07-30,2026-07-30 11:00:00+00:00,2026-08-02 23:00:00+00:00,"The ultimate Classic Rock, Blues, and Prog Music Festival, where good vibes meet great music.","{'id': 3105, 'name': 'Cambridge Rock Festival', 'earliestStartDate': None}",Ben's Yard,CB7 5TL,0.2914964,52.3736211,00:00:00,
Camp Bestival - Dorset,0,,2026-07-30,2026-07-30 10:00:00+00:00,2026-08-02 23:00:00+00:00,Camp Bestival - Dorset,"{'id': 59, 'name': 'Camp Bestival - Dorset ', 'earliestStartDate': None}",Lulworth Castle,BH20 5QS,-2.206448,50.638261,00:00:00,
Wilderness Festival,0,,2026-07-30,2026-07-30 10:00:00+00:00,2026-08-02 23:00:00+00:00,"Wilderness is a celebration of the arts and the outdoors. Both wholesome and hedonistic, serene and silly.","{'id': 186, 'name': 'Wilderness Festival', 'earliestStartDate': None}",Cornbury Park,OX7 3EH,-1.492132,51.861352,00:00:00,
Y Not Festival,0,,2026-07-30,2026-07-30 10:00:00+00:00,2026-08-02 23:00:00+00:00,"The Y Not Festival is an annual music festival held in Pikehall, Derbyshire, United Kingdom.","{'id': 540, 'name': 'Y Not Festival', 'earliestStartDate': None}",Pikehall,DE4 2xx,-1.574587,53.150824,00:00:00,
The Green Gathering,0,,2026-07-30,2026-07-30 11:00:00+00:00,2026-08-02 23:00:00+00:00,"The Green Gathering: a festival beyond hedonism, powered by wind, sun & people.","{'id': 1130, 'name': 'The Green Gathering', 'earliestStartDate': None}",Piercefield Park,NP16 6BE,-2.696656,51.665725,00:00:00,
Reggae Land 2026,0,,2026-07-31,2026-07-31 16:00:00+00:00,2026-08-02 22:30:00+00:00,"Friday 31st July: 4PM - 11PM
Saturday 1st August: 12PM - 10:30PM
Sunday 2nd August: 12PM - 10:30PM","{'id': 2062, 'name': 'Reggae Land 2026', 'earliestStartDate': None}",The National Bowl,MK5 8AA,-0.761194,52.01655,00:00:00,
Burna Boy LIVE at The Milton Keynes National Bowl,0,,2026-07-31,2026-07-31 16:00:00+00:00,2026-07-31 23:00:00+00:00,Burna Boy performs LIVE at The Milton Keynes National Bowl on Friday 31st July 2026!,,The National Bowl,MK5 8AA,-0.761194,52.01655,00:00:00,
Clubland By The Sea,0,,2026-07-31,2026-07-31 15:00:00+00:00,2026-07-31 23:00:00+00:00,"The mighty Clubland By The Sea returns to Seaton Reach, Hartlepool this July for out forth consecutive year!","{'id': 2420, 'name': 'Clubland By The Sea ', 'earliestStartDate': None}",Seaton Reach,TS25 1XN,-1.1909988,54.669517,00:00:00,
The Sound of West End Musicals - Feast Live,0,,2026-07-31,2026-07-31 17:30:00+00:00,2026-07-31 22:00:00+00:00,"An open-air celebration of iconic West End hits with a full live orchestra.
Songs from Wicked, Les Misérables, Chicago, The Lion King and more.",,Clifton Downs,BS91FG,-2.6187049,51.4713855,00:00:00,
Supersonic Weekender,0,,2026-07-31,2026-07-31 09:00:00+00:00,2026-08-02 23:00:00+00:00,"The UK's ONLY 3-day tribute festival devoted to the legendary sounds of Ska, Northern Soul, Indie & Britpop. Hosted at Cattows Farm, Leicestershire.","{'id': 3073, 'name': 'Supersonic Weekender', 'earliestStartDate': None}",Cattows Farm,LE67 2TD,-1.4382015,52.6953658,00:00:00,
Arbroath Fest,0,,2026-07-31,2026-07-31 11:00:00+00:00,2026-08-01 22:00:00+00:00,"Community festival showcasing some of the best UK acts including Idlewild, Xcerts, Fatherson, Pulled Apart by Horses and lots more","{'id': 3114, 'name': 'Arbroath Fest', 'earliestStartDate': None}",Inchcape Park,DD11 1PZ,-2.588838,56.552946,00:00:00,
Effy & Mall Grab Present: Frangrance,0,,2026-07-31,2026-07-31 14:00:00+00:00,2026-07-31 22:00:00+00:00,Mall Grab and Effy are taking to the decks this July to present Fragrance. Don't miss out on this massively anticipated set.,,Boston Manor Park,TW8 9JX,-0.319722,51.490177,00:00:00,
Notsilly weekender,0,,2026-07-31,2026-07-31 12:00:00+00:00,2026-08-03 12:00:00+00:00,"Grassroots psytrance, techno & bass. Funktion-One sound. 90-min sets. 35+ artists. One field. One weekend. Last tickets going fast.",,"Secret LEICESTERSHIRE Location, LE12",LE12 7BB,-1.1470625,52.7346071,00:00:00,
Hillbilly Hootenanny 2026,0,,2026-07-31,2026-07-31 12:00:00+00:00,2026-08-02 22:30:00+00:00,"For lovers of Americana, folk & blues, Hillbilly Hootenanny offers a weekend full of rhythm, soul & countryside charm. Hosted at The Music Baa.",,The Music Baa,SP5 4LP,-1.8532598,51.0129518,00:00:00,
Mandala Sounds Rituals,0,,2026-07-31,2026-07-31 22:00:00+00:00,2026-08-01 05:00:00+00:00,"bringing the psytrance family together, Expect deep, driving beats, uplifting frequencies, and an atmosphere where you can truly be yourself.",,Network Sheffield 14 16 Matilda Street S14qd,S1 4qd,-1.4713809,53.3764292,00:00:00,
Kawson Sacka Afrobeat Live,0,,2026-07-31,2026-07-31 21:00:00+00:00,2026-08-01 02:00:00+00:00,"Kawson Secka brings live Afrobeat energy to Hastings, blending rhythms, melody and movement.",,The Printworks Hastings,TN34 1HA,0.5761942,50.8549202,00:00:00,
Styal Craft Beer Fest 2026,1,2026-08-01,2026-07-31,2026-07-31 15:00:00+00:00,2026-08-01 23:00:00+00:00,"A day packed with artisan brews, street food, and live entertainment. Discover independent breweries and enjoy the ultimate summer beer experience.",,Wilmslow Phoenix Sports Club,SK9 4HP,-2.2384845,53.3451844,00:00:00,2026-08-01
Good Vibrations Society,0,,2026-07-31,2026-07-31 11:00:00+00:00,2026-08-02 23:00:00+00:00,Good Vibrations Society is an event for old and young to enjoy music and wellness in beautiful surroundings.,"{'id': 2341, 'name': 'Good Vibrations Society ', 'earliestStartDate': None}",Pippingford Park,TN22 3HW,0.0543441,51.0573322,00:00:00,
Valley Fest,0,,2026-07-31,2026-07-31 11:00:00+00:00,2026-08-02 23:00:00+00:00,Imagine a mixture of your favourite local pubs - but located in a field.,,Valley Fest,BS40 8SZ,-2.6127341,51.3559766,00:00:00,
Stowaway Festival,0,,2026-07-31,2026-07-31 11:00:00+00:00,2026-08-02 23:00:00+00:00,Stowaway is a true independent music festival dedicated to good vibes and good times.,"{'id': 2649, 'name': 'Stowaway Festival', 'earliestStartDate': None}",Blackpit Brewery,MK18 5LJ,-1.0157077,52.0544641,00:00:00,
Club Classics Orchestra,0,,2026-07-31,2026-07-31 17:00:00+00:00,2026-08-01 11:00:00+00:00,"After a massive 2025, we're returning bigger, bolder, and louder than ever before!
Join thousands for a night of pure dance floor euphoria",,Silverlake Stadium,SO50 9HT,-1.3720481,50.9525073,00:00:00,
Hillbilly Hootenanny,0,,2026-07-31,2026-07-31 12:00:00+00:00,2026-08-02 22:30:00+00:00,"For lovers of Americana, folk and blues, Hillbilly Hootenanny offers a weekend full of rhythm, soul and countryside charm.",,"The Music Baa, UK",SP5 4LP,-1.8532598,51.0129518,00:00:00,
The Moors Muisc Festival,0,,2026-07-31,2026-07-31 14:30:00+00:00,2026-08-02 23:00:00+00:00,"Three days of live music and dance in the pretty; covering all genres of music, this unique and welcoming festival has something for everyone.",,Kirkbymoorside Town Centre,YO62 6DA,-0.9315027,54.270028,00:00:00,
The Kooks Inside In / Inside Out 20 year anniversary,0,,2026-07-31,2026-07-31 16:00:00+00:00,2026-07-31 23:00:00+00:00,"20 years of The Kooks' Inside In / Inside Out and to celebrate, London had to be extra special.",,Old Royal Naval College Greenwich,SE10 9NN,-0.0085177,51.4827098,00:00:00,
The Searchers and Hollies Experience,0,,2026-07-31,2026-07-31 19:30:00+00:00,2026-07-31 22:00:00+00:00,A hit-filled tribute to two pop legends!,,Babbacombe Theatre,TQ1 3LU,-3.512021,50.478717,00:00:00,
Margate Soul Festival,0,,2026-07-31,2026-07-31 11:00:00+00:00,2026-08-02 23:00:00+00:00,Margate's biggest and longest running soul music festival is BACK and bigger than ever.,"{'id': 2697, 'name': 'Margate Soul Festival ', 'earliestStartDate': None}",Margate,CT9 1DD,1.3836449,51.3898119,00:00:00,
RADAR Festival,0,,2026-07-31,2026-07-31 11:00:00+00:00,2026-08-02 23:00:00+00:00,RADAR festival celebrates the best in progressive rock and contemporary alternative music.,"{'id': 1927, 'name': 'RADAR Festival', 'earliestStartDate': None}",O2 Victoria Warehouse,M17 1AB,-2.284971,53.464265,00:00:00,
Teletech Festival 2026,0,,2026-08-01,2026-08-01 13:00:00+00:00,2026-08-02 05:00:00+00:00,We are incredibly excited to announce the lineup for Teletech Festival 2026. This will be an 18 hour extravaganza of all things Teletech.,"{'id': 2199, 'name': 'Teletech Festival 2026', 'earliestStartDate': None}",Bowlers Exhibition Centre,M17 1SN,-2.331379,53.469248,00:00:00,
Hospital30 Block Party,0,,2026-08-01,2026-08-01 14:00:00+00:00,2026-08-01 23:00:00+00:00,Tickets sold out. Re:sell now live. | Hospital Records celebrates 30 years x Hospitality with a multi-stage Summer Drum & Bass Block Party in London.,,Hackney Wick   Multiple Venues,E9 5LN,-0.022772,51.5443248,00:00:00,
Word of Mouth Prosecco & Club Classics Festival 2026 @ Himley,0,,2026-08-01,2026-08-01 12:00:00+00:00,2026-08-01 21:00:00+00:00,"Join us for a lively yet sophisticated afternoon to early evening club classics, Old Skool RnB & food festival set in the stunning Himley Hall Estate",,Himley Hall,DY3 4DF,-2.174152,52.519776,00:00:00,
Brighton Pride - Pride on the Park 2026,0,,2026-08-01,2026-08-01 13:00:00+00:00,2026-08-02 23:00:00+00:00,Pride on the Park is the official Brighton & Hove Pride fundraiser for our local LGBTQ+ community groups.,"{'id': 2865, 'name': 'Pride on The Park - Brighton Pride', 'earliestStartDate': None}",Preston Park Preston Road Brighton BN1 6AU,BN1 6AU,-0.149421,50.840691,00:00:00,
"Save The Rave: Old Skool Outdoor Festival, Southport 2026",0,,2026-08-01,2026-08-01 11:00:00+00:00,2026-08-01 22:00:00+00:00,"Aug 1st 2026 - 90's dance , Old Skool , Rave Classics",,Adventure Coast Southport,PR8 1RX,-3.0174502,53.6476794,00:00:00,
Haçienda Classical Live Orchestra on The Downs - Feast Live,0,,2026-08-01,2026-08-01 16:00:00+00:00,2026-08-01 23:00:00+00:00,"First Bristol show in 9 years. Classic house anthems + full live orchestra. Louie Vega, Dimitri From Paris, Graeme Park & more. Live on The Downs.",,Clifton Downs,BS91FG,-2.6187049,51.4713855,00:00:00,
Our House Fest 2026,0,,2026-08-01,2026-08-01 13:00:00+00:00,2026-08-01 23:00:00+00:00,"Join us at the incredible Tileyard North in Wakefield for an epic daytime festival over 2 stages boasting a Courtyard, Waterside Terrace & Warehouse!","{'id': 2529, 'name': 'Our House Fest 2026', 'earliestStartDate': None}",Tileyard North Courtyard,WF1 5FY,-1.4905162,53.6753815,00:00:00,
Maravilosa 5th birthday safari open air,0,,2026-08-01,2026-08-01 12:00:00+00:00,2026-08-01 23:00:00+00:00,We return to our festival home in our biggest way yet this summer for the 5th anniversary of what we now call the Mara family in safari fashion!,,Widford Lodge Playing Field,CM2 9AN,0.4571805,51.7204809,00:00:00,
JUVY Open Air - Sat 1st August @ Berwick Manor Essex,0,,2026-08-01,2026-08-01 14:00:00+00:00,2026-08-01 19:00:00+00:00,"Scroll down and press SET A REMINDER to get access to tickets on Sunday 5th July at 6.30pm

Due to the demand , all tiers will sell out INSTANTLY.",,Berwick Manor Hotel,RM13 9EL,0.225457,51.527534,00:00:00,
Worcester Tribute Festival 2026,0,,2026-08-01,2026-08-01 12:00:00+00:00,2026-08-01 21:30:00+00:00,"EPIC MUSIC LINE-UP with 8 top UK tribute bands, amazing food and fun for all",,Worcester Racecourse,WR1 3EH,-2.228149,52.195967,00:00:00,
Eterna presents L O S T in the woods,0,,2026-08-01,2026-08-01 11:30:00+00:00,2026-08-01 22:00:00+00:00,A magical trance & hard house festival experience. Are you ready to get LOST in the Woods?,,Elvaston Castle Country Park,DE72 3EP,-1.397213,52.893113,00:00:00,
Country Club - Outdoor Country Music Festival - Liverpool,0,,2026-08-01,2026-08-01 15:00:00+00:00,2026-08-01 22:00:00+00:00,Saddle up cowboys & cowgirls The UKs first ever outdoor country music day party is riding into Liverpool for the ultimate hoedown in August 2026!,,Allerton Manor Golf Club,L18 3JT,-2.8874562,53.3734742,00:00:00,
Brighton Pride - Pride Street Party 2026,0,,2026-08-01,2026-08-01 15:00:00+00:00,2026-08-02 21:00:00+00:00,"Get ready for two huge days of music, drag, dancing and pure Pride energy on Brighton's iconic seafront",,Marine Parade,BN2 1TA,-0.1231181,50.8176664,00:00:00,
Newton Music Festival,0,,2026-08-01,2026-08-01 16:00:00+00:00,2026-08-01 22:00:00+00:00,"Back for its third year in 2026, limited release Saturday tickets available.

Expect local talent, indie pop and top headliners.",,Mesnes Park,WA12 9TB,-2.62157474,53.45520994,00:00:00,
Emily Makis - Outsiders 2.0 Day Party: Bristol,0,,2026-08-01,2026-08-01 14:00:00+00:00,2026-08-01 22:00:00+00:00,"Welcome to Outsiders FM. We're set to disturb the signal, bringing a little bit of attitude & a day rave to remember!",,Pytch Yard,BS4 5EN,-2.535874,51.436489,00:00:00,
RNB MANIA | Nottingham's R&B Festival!,0,,2026-08-01,2026-08-01 15:00:00+00:00,2026-08-01 21:00:00+00:00,"Nottingham, are you ready to experience the very best of R&B music? R&B MANIA comes to The Nest on Saturday, 1st August 2026!","{'id': 3144, 'name': ""R&B Mania | Nottingham's R&B Festival!"", 'earliestStartDate': None}",Nottingham's The Nest (Notts County FC),ng23hu,-1.1387132,52.9421576,00:00:00,
Wax Format Outdoors: Sam Mitcham Vinyl Only All Day Long,0,,2026-08-01,2026-08-01 15:00:00+00:00,2026-08-02 02:00:00+00:00,"Wax Format returns to The Yard in Manchester for the annual outdoor mini festival experience with vinyl legend Sam Mitcham, All Day Long!",,The Yard Manchester,M8 8NF,-2.239911,53.4952767,00:00:00,
Hillside Festival 2026,0,,2026-08-01,2026-08-01 14:00:00+00:00,2026-08-01 23:00:00+00:00,"Hillside 2026 - get ready for some big fun! 

We're proud to welcome Inner City and FLETCH to this year's edition",,Hillside Festival,BL7 0JW,-2.401525,53.6911266,00:00:00,
"Beard's Fest 2026 - Bladerunner, prozak, Toby ross, DJ cosworth",0,,2026-08-01,2026-08-01 13:00:00+00:00,2026-08-02 03:00:00+00:00,"Beard's Fest 2026 curated by GROOVE ON SIGHT
Saturday 1st August 
Penzance Cornwall
1 day Camping
Not-for-profit in loving memory of Alfie Beard",,Tremorna Farm,TR19 6NL,-5.5590026,50.0744083,00:00:00,
Festival in the Park,0,,2026-08-01,2026-08-01 12:00:00+00:00,2026-08-01 21:00:00+00:00,Festival in the Park: a family-friendly tribute festival in Queens Park with Manchester-themed bands! Sit Down and Slide Away!,,Queens Park Burnley,BB10 3AA,-2.2301254,53.7956337,00:00:00,
Analog & Ibiza Sound Fest 'SUMMER GARDEN PARTY',0,,2026-08-01,2026-08-01 14:00:00+00:00,2026-08-01 22:00:00+00:00,"Amazing all day Garden party & BBQ with big built festival stage in Welwyn Gardens City
Sam Supplier & Ibiza legend Alex P, Paul Da Kutt, Master Pasha",,The White Horse Gardens,AL6 9ET,-0.2132211,51.8306497,00:00:00,
Dom Dolla on the Thames,0,,2026-08-01,2026-08-01 14:00:00+00:00,2026-08-01 23:00:00+00:00,"Dom Dolla summer 2026 is looking extra spicy on the Thames, as he curates the Old Royal Naval College, UNESCO Site on August 1st.",,Old Royal Naval College Greenwich,SE10 9NN,-0.0085177,51.4827098,00:00:00,
A Grand Day Out,0,,2026-08-01,2026-08-01 14:00:00+00:00,2026-08-02 01:00:00+00:00,"A multi-genre city-centre music festival across 3 venues on Market Street West. Chew's Yard, Nytclas and Chain House Tap Room.",,Chew's Yard,PR1 2HB,-2.7033987,53.7611586,00:00:00,
R&B Lovers - Saturday 1st August - Luna Springs,0,,2026-08-01,2026-08-01 15:00:00+00:00,2026-08-02 00:00:00+00:00,BIRMINGHAM! We have added an extra Summer show due to huge demand! Join us on Saturday 1st Aug for another HUGE Open-Air R&B Festival at Luna Springs,,Luna Springs Digbeth ,B9 4AG,-1.8814649,52.475036,00:00:00,
Cheshire Fest 2026,1,2026-08-22,2026-08-01,2026-08-01 12:00:00+00:00,2026-08-01 23:00:00+00:00,Cheshire's No.1 premium boutique festival nestled in the lush green countryside at Capesthorne Hall.,,Capesthorne Hall,SK11 9JY,-2.2396898,53.2519346,00:00:00,2026-08-22
Bassline Oldskool Anthems Sheffield Outdoor Fest,0,,2026-08-01,2026-08-01 14:00:00+00:00,2026-08-01 23:00:00+00:00,"Bassline Oldskool Anthems hits Sheffield Sat 1st Aug. 3 Outdoor arenas, Bassline, UKG, Speed Garage & pure oldskool vibes. This ones gonna be massive",,Network,S1 4QD,-1.4713809,53.3764292,00:00:00,
Magic of Thailand Festival in Cambridge,0,,2026-08-01,2026-08-01 10:00:00+00:00,2026-08-02 19:00:00+00:00,A two day Thai Festival to experience the taste of Thailand this summer at Parker's Piece is brought to you by Magic of Thailand.,,Parkers Piece A603 Cambridge CB1 1NA,CB1 1NA,0.128161,52.202238,00:00:00,
R&B Lovers Summer Open Air Festival - Sat 1st Aug - LDN EAST,0,,2026-08-01,2026-08-01 14:00:00+00:00,2026-08-01 22:00:00+00:00,"London! Get ready for a massive Summer Outdoor 90s & 00s R&B Festival, after numerous sell out events we are back for our annual August summer show.",,LDN EAST,E16 4SH,0.0037307,51.5190133,00:00:00,
Ealing Blues Festival 2026,0,,2026-08-01,2026-08-01 13:00:00+00:00,2026-08-02 22:30:00+00:00,Dive into the soul of music at the Ealing Blues Festival with incredible performances from legendary blues artists and emerging talent.,,Walpole Park,W5 5qe,-0.3018157,51.5065318,00:00:00,
North West music fest 2026 @ Robin Hood,0,,2026-08-01,2026-08-01 12:00:00+00:00,2026-08-01 22:00:00+00:00,"WE ARE BACK HOME!! 

Back where it all began...
 The Robin Hood, Leigh 

North West Music Fest returns on 1st August 2026 and we cannot wai",,Robin Hood,WN7 3PA,-2.5372786,53.4812888,00:00:00,
Innervisions London,0,,2026-08-01,2026-08-01 14:00:00+00:00,2026-08-01 22:00:00+00:00,"As part of The Bridge series, Innervisions returns to London for a one-off open-air at Boston Manor Park on August 1st.",,Boston Manor Park,TW8 9JX,-0.319722,51.490177,00:00:00,
Riverside Riddimz Festival,0,,2026-08-01,2026-08-01 12:00:00+00:00,2026-08-02 23:45:00+00:00,Riverside Riddimz Festival is a brand new 2-day multi-genre festival showcasing underground artists from around the midlands & beyond across 2 stages,,Upton Upon Severn,WR8 0HP,-2.217685,52.0636495,00:00:00,
Prologue Presents - The Ibiza Day Party,0,,2026-08-01,2026-08-01 15:00:00+00:00,2026-08-02 01:00:00+00:00,"Playing the best of old Skool House, House & Club Classics",,Lord Hill,DA6 7QG,0.154755,51.455094,00:00:00,
Styal Craft Beer Fest 2026,0,,2026-08-01,2026-08-01 12:00:00+00:00,2026-08-01 23:00:00+00:00,"A packed day of artisan brews, street food, and live entertainment. Discover independent breweries and enjoy the ultimate summer beer experience.",,Wilmslow Phoenix Sports Club,SK9 4HP,-2.2384845,53.3451844,00:00:00,
Beats Festival,0,,2026-08-01,2026-08-01 10:00:00+00:00,2026-08-02 19:00:00+00:00,"A vibrant two-day charity festival bringing together live music, street food, artisan stalls and an action-packed rugby tournament for a good cause.",,Bridgnorth Rugby Club,WV15 5AD,-2.4143888,52.5370341,00:00:00,
Threshold was Here - The reunion,0,,2026-08-01,2026-08-01 12:00:00+00:00,2026-08-02 02:00:00+00:00,"With the pandemic dampening what would have been our big finisher, there's been a little urge to put it right. This one is for the Threshold family.",,District ,L1 0BW,-2.981165,53.395134,00:00:00,
Country Girls Yard Party,0,,2026-08-01,2026-08-01 14:00:00+00:00,2026-08-01 23:00:00+00:00,"An afternoon on the farm with live music all day and early evening.
The event will start at 2pm Saturday afternoon and your ticket includes a welcome",,The Collecting Yard,PR4 0RN,-2.79183423,53.77522433,00:00:00,
Greenlands inn Jamaica  independence festival,0,,2026-08-01,2026-08-01 14:00:00+00:00,2026-08-01 23:45:00+00:00,August 1st we celebrate Independence.Outdoor festival 2pm Start!Family tickets available from the greenlands inn or contact 07415 029292 £20 A family.,,The Greenlands Inn,B31 4LF,-1.9811463,52.3957176,00:00:00,
True Pride,0,,2026-08-01,2026-08-01 17:00:00+00:00,2026-08-02 02:00:00+00:00,"The first queer curated True Pride Queer Arts festival, featuring The Irrepressibles, The Hidden Cameras, Planningtorock, jasmine.4.t and more.",,Hidden @ Downtex Mill,M3 1DZ,-2.2494453,53.4902123,00:00:00,
Summer Breakout U18,0,,2026-08-01,2026-08-01 12:00:00+00:00,2026-08-01 17:00:00+00:00,"UNDER 18s PARTY

1st August
12-5PM 
Catshill Social Club 
 
Music, Vibes, Memories

Be there or hear about it later",,Catshill Social Club,B61 0JJ,-2.063549,52.361126,00:00:00,
Zione - FOREST PARTY,0,,2026-08-01,2026-08-01 17:00:00+00:00,2026-08-01 22:00:00+00:00,"ZIONE 𓂀  FREE PARTY IN THE FOREST DENTON, MANCHESTER  MESSAGE ZIONE_SOUNDS ON INSTAGRAM FOR LOCATION / DETAILS",,Denton Forest,M34 7GR,-2.093249,53.4371857,00:00:00,
REM Sessions - 1st August,0,,2026-08-01,2026-08-01 17:00:00+00:00,2026-08-01 23:00:00+00:00,REM Sessions - Get up close and personal with the Reminisce & Spin Sunday DJs as they deliver extended sets. Proper House Music & Vinyl Only,,Mr Shaws House,DE1 3NQ,-1.4783909,52.923153,00:00:00,
Campfire Country Club - London Country Music Spring Festival,0,,2026-08-01,2026-08-01 15:00:00+00:00,2026-08-01 21:00:00+00:00,"After a huge first event, Campfire Country Club is back for round two and this one's bigger, louder and even more wild.",,The Steel Yard,EC4R 3UE,-0.0904974,51.5109703,00:00:00,
Totally 90s Festival,0,,2026-08-01,2026-08-01 12:00:00+00:00,2026-08-02 22:30:00+00:00,"Transport yourself back to the 90s with Totally 90s Festival! The best of 90s music, retro gaming, gladiator jousting, game shows and so much more!",,Oaklands College,AL4 0JA,-0.2882959,51.7549989,00:00:00,
Steel City Dancehall Festival 2026,1,,2026-08-01,2026-08-01 15:00:00+00:00,2026-08-01 22:00:00+00:00,"Join us at Sheffield's BIG outdoor festival this August celebrating Caribbean Culture, Food & Music! One day only - don't miss the heat!",,Caribbean Sports Club,S35 9WN,-1.4578153,53.4415115,00:00:00,
Country Road Festival,0,,2026-08-01,2026-08-01 12:00:00+00:00,2026-08-01 22:30:00+00:00,"After two incredible sold-out years, Country Road Festival is back",,Silverlake Stadium,SO50 9HT,-1.3720481,50.9525073,00:00:00,
Cambridge Folk Festival,0,,2026-08-01,2026-08-01 11:00:00+00:00,2026-08-02 23:00:00+00:00,"Cambridge Folk Festival at Cherry Hinton Hall, Cambridgeshire.","{'id': 1457, 'name': 'Cambridge Folk Festival', 'earliestStartDate': None}",Cherry Hinton Hall,CB1 8DW,0.162936,52.185388,00:00:00,
Becky Hill - Feast Live,0,,2026-08-02,2026-08-02 16:00:00+00:00,2026-08-02 21:30:00+00:00,"Becky Hill returns to Bristol for her first live show in 5 years. Expect a headline set with her biggest tracks, live from the heart of The Downs.",,Clifton Downs,BS91FG,-2.6187049,51.4713855,00:00:00,
"Junction 2: I Hate Models, Charlie Sparks",0,,2026-08-02,2026-08-02 14:00:00+00:00,2026-08-02 22:00:00+00:00,"Experience Junction 2 at its best with I Hate Models, Carlie Sparks and much much more...",,Boston Manor Park,TW8 9JX,-0.319722,51.490177,00:00:00,
Peggy Gou on the Thames,0,,2026-08-02,2026-08-02 14:00:00+00:00,2026-08-02 23:00:00+00:00,Peggy Gou is set to light up London's glorious Old Royal Naval College this August 2nd.,,Old Royal Naval College Greenwich,SE10 9NN,-0.0085177,51.4827098,00:00:00,
Look-A-Like: Outdoor Tribute Festival - Nottingham!,1,,2026-08-02,2026-08-02 12:00:00+00:00,2026-08-02 22:00:00+00:00,The UK's BIGGEST Outdoor Tribute Festival is coming to Nottingham!,,NOTTINGHAM Venue TBA,NG1 5ND,-1.150239,52.953408,00:00:00,
We are bounce festival,0,,2026-08-02,2026-08-02 13:00:00+00:00,2026-08-02 17:00:00+00:00,We are bounce festival at Rainton arena who's ready to dance in the sun ?,,The Rainton Arena,DH4 5PH,-1.4841336,54.8354228,00:00:00,
4Play Presents - Garage & Basslines (Summer Day Party),0,,2026-08-02,2026-08-02 15:30:00+00:00,2026-08-02 22:00:00+00:00,"The very best event in Notts mixing up the finest UKG, Bassline, 2step, Grime, and Speed Garage, a massive dance experience, and a huge celebration",,Pitcher And Piano,NG1 1HN,-1.1407251,52.9524928,00:00:00,
Denim Wear Day & Night Party,0,,2026-08-02,2026-08-02 14:00:00+00:00,2026-08-03 00:00:00+00:00,"Prestige Project teams up with Home boys promotion  
                                    present 
DENIM WEAR PARTY",,The Ravensbury,CR4 4JA,-0.1578838,51.3976536,00:00:00,
Shirley Social - Country Special - Sunday 2nd August 2026,0,,2026-08-02,2026-08-02 10:30:00+00:00,2026-08-02 18:00:00+00:00,"Shirley Social & Smart Homes presents a Country Special -  Country tributes, Host Andy E, Street Food, Stalls, Bars & Soft Play.",,Shirley Park,B90 3AL,-1.8260645,52.4109319,00:00:00,
BASHMENT NATION - Jamaican Independence Day Festival,0,,2026-08-02,2026-08-02 16:00:00+00:00,2026-08-02 22:00:00+00:00,THIS IS SIMPLY THE BIGGEST DANCEHALL FESTIVAL EVER CELEBRATING JAMAICAN INDEPENDENCE,,Studio 338,SE10 0PF,0.004709,51.495343,00:00:00,
Jerk Jam Summer Sizzla,0,,2026-08-02,2026-08-02 12:00:00+00:00,2026-08-02 22:30:00+00:00,Jerk Jam Summer Sizzla,,Silverlake Stadium,SO50 9HT,-1.3720481,50.9525073,00:00:00,
Vodafone at Boardmasters,0,,2026-08-05,2026-08-05 08:00:00+00:00,2026-08-09 23:00:00+00:00,"Hire one of our battery packs and swap once a day for a fully charged one. £10 deposit required, refunded on battery pack return.",,Boardmasters ,TR8 4AN,-5.041299,50.444836,00:00:00,
Lakefest 2026,0,,2026-08-05,2026-08-05 15:00:00+00:00,2026-08-10 00:00:00+00:00,"Set in the beautiful Eastnor Deer Park, the festival delivers an unforgettable weekend packed with live entertainment, delicious food, and fun for all","{'id': 742, 'name': 'Lakefest', 'earliestStartDate': None}",Eastnor Castle Deer Park,HR8 1RL,-2.69626,52.05723,00:00:00,
Boardmasters Festival,0,,2026-08-05,2026-08-05 11:00:00+00:00,2026-08-09 23:00:00+00:00,"From the first wave to the last beat, Boardmasters brings like-minded souls together for a unique festival experience.","{'id': 274, 'name': 'Boardmasters Festival', 'earliestStartDate': None}",Watergate Bay Newquay,TR8 4AA,-5.0412534,50.4448473,00:00:00,
Back 2 Festival 2026 - The 10th Birthday,0,,2026-08-06,2026-08-06 12:00:00+00:00,2026-08-09 23:00:00+00:00,"We're turning 10, and you're invited to the ultimate celebration! Get ready for 4 unforgettable days with the biggest anthems from the 80s, 90s & 00s!","{'id': 2622, 'name': 'Back 2 Festival', 'earliestStartDate': None}",Cattows Farm,LE67 2TD,-1.4382015,52.6953658,00:00:00,
Chargecandy at Bloodstock Festival,0,,2026-08-06,2026-08-06 08:00:00+00:00,2026-08-09 23:00:00+00:00,Get 1x full charger for each day you are there. £10 deposit required on collection - refunded on return of last charger.,,Catton Park,DE12 8LN,-1.6954049,52.7352856,00:00:00,
Back 2 Festival,0,,2026-08-06,2026-08-06 11:00:00+00:00,2026-08-09 23:00:00+00:00,"Revisit the best in 80s, 90s, and 00s music at Thorseby Park in Nottinghamshire!",,Cattows Farm,LE67 2TD,-1.4382015,52.6953658,00:00:00,
Houghton Festival,0,,2026-08-06,2026-08-06 11:00:00+00:00,2026-08-09 23:00:00+00:00,An art and music festival curated by Craig Richards and produced by Gottwood.,"{'id': 1466, 'name': 'Houghton Festival', 'earliestStartDate': None}",Houghton Hall,PE31 6UE,0.6578157,52.8268319,00:00:00,
Creation Fest,0,,2026-08-06,2026-08-06 11:00:00+00:00,2026-08-09 23:00:00+00:00,Creation Fest is a FREE to attend music and Bible teaching week celebrating the joy of a life created with purpose.,"{'id': 880, 'name': 'Creation Fest ', 'earliestStartDate': None}",Royal Cornwall Showground,PL27 7JE,-4.865455,50.515581,00:00:00,
Firevolt Rock Festival,0,,2026-08-06,2026-08-06 11:00:00+00:00,2026-08-09 23:00:00+00:00,Stockport rock festival that is growing to be one of THE festivals to go to for the very best in face melting rock!,"{'id': 2553, 'name': 'Firevolt Rock Festival', 'earliestStartDate': None}",Whitebottom Farm,SK6 5JQ,-2.0388127,53.4209586,00:00:00,
Bloodstock Open Air,0,,2026-08-06,2026-08-06 10:00:00+00:00,2026-08-09 23:00:00+00:00,"Bloodstock Open Air is the UKs biggest and hands-down best organised, heaviest hard rock and metal gathering","{'id': 282, 'name': 'Bloodstock Open Air Festival', 'earliestStartDate': None}",Catton Park,DE12 8LN,-1.6954049,52.7352856,00:00:00,
Rebellion Punk Music Festival,0,,2026-08-06,2026-08-06 11:00:00+00:00,2026-08-09 23:00:00+00:00,Rebellion Festivals is the largest independent Punk / Alternative music festival in the world.,"{'id': 1384, 'name': 'Rebellion Punk Music Festival', 'earliestStartDate': None}",Winter Gardens Blackpool,FY1 1HL,-3.050948,53.81712,00:00:00,
Deva Fest,0,,2026-08-06,2026-08-06 11:00:00+00:00,2026-08-09 23:00:00+00:00,Deva Fest returns! Five stages of music and comedy,"{'id': 1866, 'name': 'Deva Fest', 'earliestStartDate': None}",Cholmondeley Castle Estate,SY14 8HD,-2.6929156,53.0573354,00:00:00,
Diaspora Calling! Festival,0,,2026-08-07,2026-08-07 16:00:00+00:00,2026-08-07 23:00:00+00:00,"Miss Lauryn Hill Presents Diaspora Calling at the Milton Keynes National Bowl on Friday 7th August with special guests, Wyclef Jean & more","{'id': 3034, 'name': 'Diaspora Calling! Festival', 'earliestStartDate': None}",The National Bowl,MK5 8AA,-0.761194,52.01655,00:00:00,
Timescape Festival 2026,0,,2026-08-07,2026-08-07 12:00:00+00:00,2026-08-09 23:00:00+00:00,"The UK's freshest electronic festival, blending past, present & future sounds for an unforgettable journey in the beautiful location of Abbots Ripton.",,Abbots Ripton Cambridgeshire,PE28 2PH,-0.16606,52.381072,00:00:00,
Secret Island Festival,0,,2026-08-07,2026-08-07 19:00:00+00:00,2026-08-09 21:00:00+00:00,"Secret Island Festival, back on Mersea Island for 3 days of house, disco, DnB & live bands over 4 stages, now with camping for the full island escape.","{'id': 2536, 'name': 'Secret Island Festival ', 'earliestStartDate': None}","STROOD FIELD, EAST MERSEA ROAD, EAST MERSEA, CO5 8SL",CO58SL,0.9357421,51.7905325,00:00:00,
Symphonica #TheIbizaOrchestra Bexleyheath,0,,2026-08-07,2026-08-07 18:00:00+00:00,2026-08-07 22:00:00+00:00,Prepare to dance under the stars as the amazing Symphonica #TheIbizaOrchestra comes to Danson Park with a huge new playlist for 2026!,,Danson Park,DA15 9PW,0.114145,51.450962,00:00:00,
"SOULTASIA  - Outdoor Festival, London 2026",0,,2026-08-07,2026-08-07 16:00:00+00:00,2026-08-07 23:00:00+00:00,"Returning to Morden Park ,London for a star studded line up of some of the best ever Soul , Disco and RnB artists","{'id': 2569, 'name': 'Soultasia London 2026', 'earliestStartDate': None}",Morden Park,SM4 4BU,-0.204588,51.3951,00:00:00,
Bristol International Rare Soul Weekender 2026,0,,2026-08-07,2026-08-07 16:00:00+00:00,2026-08-09 01:00:00+00:00,International Rare Soul DJs / 4 Days / Parties Across 6 Venues in Bristol,,Various Venues,BS5 0DJ,-2.5831614,51.4584079,00:00:00,
Soultasia Hertfordshire,0,,2026-08-07,2026-08-07 16:00:00+00:00,2026-08-07 22:00:00+00:00,"Get ready for Hertfordshire's biggest soul music celebration, as Soultasia returns in 2026 for an unforgettable summer festival.",,Metropolitan Bushey,WD23 2TR,-0.3658329,51.6595365,00:00:00,
Summer Jams 2026,0,,2026-08-07,2026-08-07 16:00:00+00:00,2026-08-07 23:00:00+00:00,"Eternal, Ms Dynamite, Damage & more in Abbey Park Leicester, Leicester. Friday 7th August 2026 4pm - 11pm",,Abbey Park,LE4 5AQ,-1.135353,52.644102,00:00:00,
Foodies Festival 2026 - Edinburgh,0,,2026-08-07,2026-08-07 12:00:00+00:00,2026-08-09 21:00:00+00:00,"Foodies Festival Edinburgh is a vibrant three-day event with top chefs, street food, live music and family fun at Inverleith Park.",,Inverleith Park,EH3 5NZ,-3.2136083,55.9661079,00:00:00,
"LoveHerder ""Getting High on Life"" Festival 2026",0,,2026-08-07,2026-08-07 09:00:00+00:00,2026-08-10 16:00:00+00:00,"A vibrant sober festival of music, movement, workshops and wild nature ... a buzzing, all age weekend of connection and pure festival energy!",,"Birkrigg Park, Stainton, Nr Kendal LA8 0DY",LA8 0DY,-2.7026943,54.276829,00:00:00,
Jamaican Independence Weekend - 3 Days of Music & Culture,0,,2026-08-07,2026-08-07 12:00:00+00:00,2026-08-09 23:30:00+00:00,A vibrant three day celebration of Jamaican Independence featuring live reggae ska steel pan spoken word comedy Caribbean food kids activities,,The Bulldog Pub,CV31 2NX,-1.5231746,52.2739747,00:00:00,
Summerstein Fest,0,,2026-08-07,2026-08-07 19:30:00+00:00,2026-08-09 17:00:00+00:00,Inn on the Prom's Bavarian-themed Festival !,,INN ON THE PROM HOTEL,FY8 1LU,-3.032343,53.748813,00:00:00,
Phases Casa Nueva,0,,2026-08-07,2026-08-07 20:00:00+00:00,2026-08-08 03:00:00+00:00,"Phases at Calluna is a summer night series hosted by Casa Nueva, blending deep house sounds, flowing energy, and a vibrant dancefloor atmosphere.",,Calluna Nottingham,NG1 4AA,-1.1496286,52.9554516,00:00:00,
Edinburgh Fringe Festival,0,,2026-08-07,2026-08-07 09:00:00+00:00,2026-08-31 23:45:00+00:00,The Edinburgh Festival Fringe is the largest arts festival in the world and takes place every August for three weeks in Scotland’s capital city.,"{'id': 779, 'name': 'Edinburgh Fringe Festival', 'earliestStartDate': None}",Various,EH1 2NE,-3.1951335,55.9488652,00:00:00,
Kozfest 2026,0,,2026-08-07,2026-08-07 12:00:00+00:00,2026-08-09 23:45:00+00:00,A 3 day psychedelic/psych music event,,Penmaenau At Builth Wells,LD2 3RD,-3.41756,52.161175,00:00:00,
Farmer Phil's Festival,0,,2026-08-07,2026-08-07 11:00:00+00:00,2026-08-09 23:00:00+00:00,"We’re heading back to the Shropshire Hills for another year of music, magic, and the best festival community in the UK.","{'id': 3042, 'name': ""Farmer Phil's Festival"", 'earliestStartDate': None}",Near Gatten Farm,SY5 0SN,-2.89384305,52.57660712,00:00:00,
No Art Open Air Liverpool - 2026,0,,2026-08-08,2026-08-08 12:00:00+00:00,2026-08-08 23:00:00+00:00,"No Art Liverpool returns to Otterspool Prom for 2026 with a huge lineup featuring ANOTR, Rossi, Franky Rizardo, Jamback and more!","{'id': 2903, 'name': 'No Art Open Air Liverpool', 'earliestStartDate': None}",Otterspool Promenade,L17 5AL,-2.9369536,53.365961,00:00:00,
Electric Paradise,0,,2026-08-08,2026-08-08 12:00:00+00:00,2026-08-08 22:30:00+00:00,"Electric Paradise lands at The Milton Keynes National Bowl on Saturday 8th August with 6 stages of disco, funk, soul & house music!","{'id': 3008, 'name': 'Electric Paradise', 'earliestStartDate': None}",The National Bowl,MK5 8AA,-0.761194,52.01655,00:00:00,
The Great Fete,0,,2026-08-08,2026-08-08 12:00:00+00:00,2026-08-09 22:00:00+00:00,The Great Fete... A new festival for Hertfordshire,"{'id': 3012, 'name': 'The Great Fete', 'earliestStartDate': None}",Hatfield Park,AL9 5HX,-0.2145923,51.7606769,00:00:00,
Garage Nation Outdoor Festival 2026,0,,2026-08-08,2026-08-08 13:00:00+00:00,2026-08-08 22:00:00+00:00,Garage Nation Outdoor Festival 2026 - secure your tickets now!,"{'id': 690, 'name': 'Garage Nation Outdoor Festival', 'earliestStartDate': None}",Morden Park,SM4 4BU,-0.204588,51.3951,00:00:00,
Made In 90s Fest 5th Birthday Feat R&B Icons Xscape & Lil' Mo,0,,2026-08-08,2026-08-08 13:00:00+00:00,2026-08-08 22:00:00+00:00,"Join us and 7,500+ people for our 5th Birthday and this year will be our biggest one yet with R&B ICONS gracing our stage in XSCAPE & LIL' MO, ANGEL",,Addington Park,CR0 5AR,-0.0368672,51.3563854,00:00:00,
"Road to Nashville Outdoor Festival | Tileyard, Wakefield",0,,2026-08-08,2026-08-08 12:00:00+00:00,2026-08-08 22:00:00+00:00,"Following a run of hugely successful, sell-out shows, The Road to Nashville is heading to Wakefield!","{'id': 3161, 'name': 'Road to Nashville Outdoor Festival - Wakefield', 'earliestStartDate': None}",Tileyard North,WF1 5FY,-1.49048938,53.67544982,00:00:00,
Park Rock Bexleyheath 2026,0,,2026-08-08,2026-08-08 12:00:00+00:00,2026-08-08 22:00:00+00:00,Returning to Bexleyheath for it's third year; Park Rock 2026 brings two stages packed with the UK's top tributes to Danson Park.,,"Danson Park, Bexleyheath",DA6 8HL,0.1175883,51.4551228,00:00:00,
Hawkwind: Friends and Relations,0,,2026-08-08,2026-08-08 19:00:00+00:00,2026-08-09 23:00:00+00:00,Legendary band Hawkwind with Friends and Relations close this years Bay Fringe Festival with 2 nights of psychedelic explosions of sight and sound!,,Morecambe Winter Gardens,LA4 4BU,-2.876804,54.069112,00:00:00,
"ARTFUL DODGER, K-KLASS & MORE | Love the 90s Fest | Binks Yard",0,,2026-08-08,2026-08-08 14:00:00+00:00,2026-08-08 22:00:00+00:00,"After multiple sell-out shows across the UK, Love The 90s Festival is taking over Binks Yard for a night of pure 90s nostalgia!","{'id': 3156, 'name': 'ARTFUL DODGER, K-KLASS & MORE | Love the 90s Fest | Binks Yard', 'earliestStartDate': None}",Binks Yard,NG2 3BJ,-1.1395462,52.9483902,00:00:00,
The Canwell Show,0,,2026-08-08,2026-08-08 09:00:00+00:00,2026-08-08 20:00:00+00:00,The region's largest one-day agricultural show returns to Canwell Showground for it's centenary celebration. 1925-2026,,Canwell Showground,B755SL,-1.78615845,52.59630344,00:00:00,
Doncaster Pride 2026,0,,2026-08-08,2026-08-08 11:00:00+00:00,2026-08-08 22:00:00+00:00,"The city's most fabulous celebration of love, diversity, and community is back. Join us at our annual Pride , packed with something for everyone!",,Town Field Doncaster,DN1 2JR,-1.122002,53.5261543,00:00:00,
"Road to Nashville Outdoor Festival | Eutopia, Barking",0,,2026-08-08,2026-08-08 14:00:00+00:00,2026-08-08 22:00:00+00:00,"After a string of sold-out shows across the UK, The Road to Nashville is bringing its country magic to Eutopia Warehouse in Barking!","{'id': 3162, 'name': 'Road to Nashville Outdoor Festival - Barking', 'earliestStartDate': None}",Eutopia Warehouse,IG11 0DW,0.0964,51.5204,00:00:00,
Fox Fest,0,,2026-08-08,2026-08-08 15:00:00+00:00,2026-08-08 23:00:00+00:00,Craig Jordan Presents... Fox Fest,,Fox And Hounds,CM11 1PW,0.481049,51.6258201,00:00:00,
Hive Family Festival 2026,0,,2026-08-08,2026-08-08 11:45:00+00:00,2026-08-08 21:00:00+00:00,"Hive Family Festival is a music and performing arts festival, suitable for the whole family. For more information, visit www.hivefamilyfestival.co.uk",,Fairthorne Manor,SO30 2GH,-1.259646,50.909554,00:00:00,
Cookout - Open-Air Summer Festival - Ldn East  - London,0,,2026-08-08,2026-08-08 15:00:00+00:00,2026-08-08 22:00:00+00:00,"Join us as we come to London East by huge demand with a Open Air Show! Expect big tunes, production & Good Vibes Only at Ldns Best Outdoor Venue.",,LDN EAST,E16 4SH,0.0037307,51.5190133,00:00:00,
R&B Lovers - Summer Weekender - Freight Island Manchester,0,,2026-08-08,2026-08-08 15:00:00+00:00,2026-08-09 22:00:00+00:00,R&B Lovers to Manchester this August for a HUGE Summer Weekender at the amazing Freight Island! This event will sell out in advance!,,Freight Island,M1 2PZ,-2.2276473,53.4751511,00:00:00,
Adriatique present X on the Thames,0,,2026-08-08,2026-08-08 14:00:00+00:00,2026-08-08 23:00:00+00:00,"Adriatique present X at the Old Royal Naval College, UNESCO Site for their only London show of 2026 ft.",,Old Royal Naval College Greenwich,SE10 9NN,-0.0085177,51.4827098,00:00:00,
The Gee Cross Summer Festival,0,,2026-08-08,2026-08-08 12:00:00+00:00,2026-08-09 16:00:00+00:00,"Built by the community, for the community! Something very special for our village.",,Sam Redfern Green,SK14 5RW,-2.06923,53.4379036,00:00:00,
Back By Dope Demand Festival,0,,2026-08-08,2026-08-08 14:00:00+00:00,2026-08-08 22:00:00+00:00,"BBDD Festival heads back to six trees, huge line up, big transformations and a full day of raving !",,Six Trees,M17 1BN,-2.3069812,53.4675502,00:00:00,
Long Eaton Music Festival,0,,2026-08-08,2026-08-08 11:30:00+00:00,2026-08-08 22:00:00+00:00,"Enjoy £10 off per adult. Hurry, this special offer ends in just 7 days!",,West Park Events Field,NG10 4AA,-1.2898401,52.8941495,00:00:00,
Party In The Park 2026 - Tribute Festival,0,,2026-08-08,2026-08-08 15:00:00+00:00,2026-08-08 23:00:00+00:00,Tribute Festival - Hemsworth Water Park,,1988 Bar And Kitchen,wf9 5jb,-1.3620053,53.6236217,00:00:00,
RNB MANIA | Bristol's R&B Festival,0,,2026-08-08,2026-08-08 15:00:00+00:00,2026-08-08 21:00:00+00:00,"Bristol, are you ready to experience the very best of R&B music? R&B MANIA returns to Electric on Saturday 8th August 2026!","{'id': 3154, 'name': ""R&B Mania | Bristol's R&B Festival"", 'earliestStartDate': None}",Electric Bristol,BS1 2JY,-2.592191,51.456739,00:00:00,
Grange-Fest 2026,0,,2026-08-08,2026-08-08 12:30:00+00:00,2026-08-08 23:30:00+00:00,"Grange-Fest 2026 - Featuring our HEADLINE ACT -  BOYZLIFE!  Join us for a full day of live performances, food, drink, fair & fun for the whole family!",,Grange Leisure Park,LN12 1NE,0.2196029,53.3300981,00:00:00,
Summer 90s Dance Outdoor Daytime Festival Cardiff,0,,2026-08-08,2026-08-08 15:00:00+00:00,2026-08-08 22:00:00+00:00,Cardiff we're back for 2026 with a Huge daytime Outdoor 90s Festival! After our SELLOUT show this year we are coming back bigger in 2026 at Tiger Yard,,Tiger Yard,CF10 4GA,-3.1603143,51.4597605,00:00:00,
Minersfest 90s,0,,2026-08-08,2026-08-08 12:00:00+00:00,2026-08-08 23:00:00+00:00,"Minersfest 90s in August 2026: The Ultimate Dance Anthems Party. With headline acts Ian van Dahl, JX, QFX and Oceanic",,North Skelton Football Field ,TS12 2DA,-0.961139,54.55552,00:00:00,
Country Club - Country Music Festival - Shrewsbury,0,,2026-08-08,2026-08-08 15:00:00+00:00,2026-08-08 22:00:00+00:00,Saddle up cowboys & cowgirls The UKs first ever country music day party is riding into Shrewsbury for the ultimate hoedown in August 2026!,,The Buttermarket,SY1 2LF,-2.7490712,52.7122638,00:00:00,
Save The Rave: Outdoor 90's Festival - Carlisle!,1,,2026-08-08,2026-08-08 12:00:00+00:00,2026-08-08 21:00:00+00:00,The UK's BIGGEST 90's Festival is coming to Carlisle!,,Carlisle Venue TBA,CA1 1AA,-2.9437949,54.8905659,00:00:00,
Leicester Food & Music Festival,0,,2026-08-08,2026-08-08 11:00:00+00:00,2026-08-09 22:00:00+00:00,Leicester! Are you ready for the ultimate summer weekend at Abbey Park this August? Back for the 3rd year after a sell out weekend...,"{'id': 2687, 'name': 'Leicester Food & Music Festival', 'earliestStartDate': None}",Abbey Park,LE4 5AQ,-1.135353,52.644102,00:00:00,
Example | Live at Cattows Farm,0,,2026-08-08,2026-08-08 12:00:00+00:00,2026-08-08 23:00:00+00:00,"Get ready for an unforgettable day as Example takes over Cattows Farm, Leicestershire on Saturday 8th August for a huge outdoor show!",,Cattows Farm,LE67 2TD,-1.4382015,52.6953658,00:00:00,
Reggae at the Billy '26,0,,2026-08-08,2026-08-08 14:00:00+00:00,2026-08-08 21:00:00+00:00,"Brand new for 2026 !

Reggae at the Billy 

Saturday 8th August 2026",,"The King William, Warmley, Bristol, BS30 8BL",BS308SB,-2.47790414,51.45084932,00:00:00,
Martin Kemp Live DJ set - Back to the 80's - Brighton,0,,2026-08-08,2026-08-08 17:00:00+00:00,2026-08-08 22:00:00+00:00,"Brighton, UK - Renowned 80s icon Martin Kemp is set to bring the ultimate 80s experience to Pryzm on Saturday 8th August.",,Pryzm Brighton,BN1 2RE,-0.145052,50.820881,00:00:00,
Party At The Palace,0,,2026-08-08,2026-08-08 12:00:00+00:00,2026-08-09 23:00:00+00:00,"Party At The Palace 2026 returns to its original home with a tartan tinged line up featuring Peat & Diesel, Skerryvore, The Bluebells, + more!","{'id': 903, 'name': 'Party at the Palace ', 'earliestStartDate': None}",Linlithgow Peel (Palace),EH49 7AL,-3.6009957,55.9775973,00:00:00,
Brookfest 2026,0,,2026-08-08,2026-08-08 13:00:00+00:00,2026-08-08 21:00:00+00:00,Blackbrook Rugby Club's annual Music Festival showcasing a number of the local area's top musical talent,,Blackbrook Rugby Club ,WA11 9BB,-2.7067759,53.4581438,00:00:00,
The Official South West 64th Jamaican Independence Day,0,,2026-08-08,2026-08-08 14:00:00+00:00,2026-08-09 22:00:00+00:00,We are proud to announce that we have been chosen to host.The South West Official 64th Jamaican Independence Day Celebration for the 5th Year running.,,Lakota,BS2 8QN,-2.589646,51.461795,00:00:00,
Peacock Freakshow 2,0,,2026-08-08,2026-08-08 14:00:00+00:00,2026-08-08 23:00:00+00:00,"The Peacock Freakshow returns to Bridlington on saturday August 8th 2026, plenty of the best in original Prog !",,Harbour Tavern,YO15 2SH,-0.1901631,54.0815733,00:00:00,
R&B Lovers - Outdoor Festival Junkyard Norwich,0,,2026-08-08,2026-08-08 14:00:00+00:00,2026-08-08 22:00:00+00:00,Norwich we are back by huge demand for another outdoor Summer Festival! Since our last event we have been inundated for messages to return this Summer,,Junkyard,NR3 1QA,1.2903356,52.6343932,00:00:00,
Brynfest 2026,0,,2026-08-08,2026-08-08 13:00:00+00:00,2026-08-08 22:00:00+00:00,"BrynFest 2026 is a family-friendly community music festival celebrating local talent, bringing people together, and raising funds for local charities.",,Maes Elwyn Playing Fields,SA18 1AH,-3.8625029,51.815124,00:00:00,
The Poetic Funk Afterparty,0,,2026-08-08,2026-08-08 21:00:00+00:00,2026-08-09 02:00:00+00:00,"Poetic Funk Afterparty lands in Hastings with soul, funk and rare groove selections, keeping the dancefloor alive late into the night.",,The Printworks Hastings,TN34 1HA,0.5761942,50.8549202,00:00:00,
Summer Shellings,0,,2026-08-08,2026-08-08 14:00:00+00:00,2026-08-09 01:00:00+00:00,"Day to night party atmosphere
House, Garage, Bassline & Drum & Bass
B2Loud sound system
AV show & visual production
500+ capacity crowd
Street food",,Fornos,B60 3DR,-2.05789678,52.32062558,00:00:00,
Day & Night Refugee Fundraiser,0,,2026-08-08,2026-08-08 14:00:00+00:00,2026-08-08 23:45:00+00:00,Skull Rub X High Hats X Felt Sound System,,Fox And Firkin,SE13 6JZ,-0.0140039,51.4572096,00:00:00,
Taste Of Thailand Music And Food Festival,1,,2026-08-08,2026-08-08 10:00:00+00:00,2026-08-09 19:00:00+00:00,"A weekend of live entertainment, Thai boxing demonstrations, Food stalls, Thai beer and drinks, relaxing Thai massage and fun for all the family.",,Bristol Amphitheatre And Waterfront Square,BS1 5LL,-2.5995068,51.4486627,00:00:00,
CH3 Presents : Downtown w/ Ozzie Guven,0,,2026-08-08,2026-08-08 14:00:00+00:00,2026-08-08 22:30:00+00:00,Back by demand. CH3 Downtown returns to Aynsley Mill with Ozzie Guven headlining for our biggest summer show.,,Aynsley Mill ,ST3 1HZ,-2.1262,52.9864573,00:00:00,
Hidden Beach Festival: Day 1,0,,2026-08-08,2026-08-08 12:00:00+00:00,2026-08-08 22:00:00+00:00,"Hidden Beach Festival comes to The Oval with global sounds, DJs and street food. A vibrant celebration of music and culture by the sea.",,The Oval (Hastings),TN34 1EU,0.568973,50.8562735,00:00:00,
The George Harrison Project,0,,2026-08-08,2026-08-08 19:30:00+00:00,2026-08-08 22:00:00+00:00,"Timeless classics and unforgettable melodies, as we celebrate the legendary George Harrison.",,"Brewhouse Theatre And Arts Centre, UK",TA1 1JL,-3.1025352,51.0182372,00:00:00,
Music & Cider Festival,0,,2026-08-08,2026-08-08 13:00:00+00:00,2026-08-08 23:00:00+00:00,"Come join us for an afternoon of family fun.
Local Food, Music and Cider.",,Wool Royal British Legion,BH20 6DJ,-2.2213151,50.6784603,00:00:00,
WV1fest,0,,2026-08-08,2026-08-08 11:00:00+00:00,2026-08-09 23:00:00+00:00,WV1FEST is in West Park Wolverhampton is the perfect setting for an amazing two day festival!,"{'id': 2373, 'name': 'WV1fest', 'earliestStartDate': None}",West Park Wolverhampton,WV1 4PW,-2.1411822,52.5877473,00:00:00,
New Forest Fairy Festival,0,,2026-08-08,2026-08-08 10:00:00+00:00,2026-08-09 18:00:00+00:00,The New Forest Fairy Festival is celebrating 14 Years of Fairy Fabulous fun! Gather your Fairy Folk and enter the Fairy Kingdom,,Burley Village,BH24 4AB,-1.7017211,50.8263788,00:00:00,
Maiden Voyage,0,,2026-08-08,2026-08-08 12:00:00+00:00,2026-08-08 23:00:00+00:00,Maiden Voyage Festival returns.,"{'id': 1910, 'name': 'Maiden Voyage ', 'earliestStartDate': None}",BURGESS PARK,SE5 0AL,-0.0821175,51.4832499,00:00:00,
Sundown Country Festival - Bexleyheath,0,,2026-08-09,2026-08-09 12:00:00+00:00,2026-08-09 20:00:00+00:00,"Nashville is coming to Danson Park on 9th August!
Get ready for Sundown Country Festival, a brand new show from the creators of the Park Rock series!",,BEXLEYHEATH    Danson Park Lakeside Close DA15 9PW,DA15 9PW,0.1177376,51.4500744,00:00:00,
Eastern Electrics 2026,0,,2026-08-09,2026-08-09 12:00:00+00:00,2026-08-09 22:00:00+00:00,"EASTERN ELECTRICS IS BACK.
The wait is finally over.

Four stages. A fully stacked lineup. All day long.",,BURGESS PARK,SE5 0AL,-0.0821175,51.4832499,00:00:00,
Garage Nation Generations Festival & Music Nation,0,,2026-08-09,2026-08-09 14:00:00+00:00,2026-08-09 22:00:00+00:00,Raving for all the family! - Sunday 9th August at Morden Park,,Morden Park,SM4 4BU,-0.204588,51.3951,00:00:00,
Anjunadeep Open Air on the Thames,0,,2026-08-09,2026-08-09 14:00:00+00:00,2026-08-09 23:00:00+00:00,"Following last summer's momentous sold-out edition, Anjunadeep Open Air returns to the stunning Old Royal Naval College on Sunday, August 9.",,Old Royal Naval College Greenwich,SE10 9NN,-0.0085177,51.4827098,00:00:00,
London Reggae & Ska Festival - Morden Park,0,,2026-08-09,2026-08-09 14:00:00+00:00,2026-08-09 22:00:00+00:00,The London Ska & Reggae Festival in South London! Celebrating the absolute best Ska and Reggae featuring the scenes biggest artists,,Morden Park,SM4 4BU,-0.204588,51.3951,00:00:00,
Outdoor Country Music Festival - Carlisle!,1,,2026-08-09,2026-08-09 12:00:00+00:00,2026-08-09 20:00:00+00:00,Saddle up Cowboys & Cowgirls and join us at the Outdoor Country Music Festival!,,Carlisle Venue TBA,CA1 1AA,-2.9437949,54.8905659,00:00:00,
Summer 90s & 00s R&B Outdoor Festival - London 2026,0,,2026-08-09,2026-08-09 13:00:00+00:00,2026-08-09 21:00:00+00:00,"Join us as we host the biggest celebration of old school R&B this Summer at the Cause, a fantastic outdoor courtyard with over 3000 R&B Lovers!",,The Cause London,E16 1YZ,-0.0621544,51.5899546,00:00:00,
Flashback Fete,0,,2026-08-09,2026-08-09 15:00:00+00:00,2026-08-09 21:00:00+00:00,"Flashback Fete, the ultimate summer day festival. LME headline with DJs, guest artists, food, games, prizes and nonstop R&B, Afro & Caribbean vibes.",,Mama Roux's Birmingham,B9 4AG,-1.8825164,52.4753565,00:00:00,
AWOL @ Music Nation Festival 2026,0,,2026-08-09,2026-08-09 14:00:00+00:00,2026-08-09 22:00:00+00:00,Music Nation Outdoor Festival 2026 - secure your tickets now!,,Morden Park,SM4 4BU,-0.204588,51.3951,00:00:00,
Love Sensation Festival,0,,2026-08-09,2026-08-09 12:00:00+00:00,2026-08-09 21:00:00+00:00,"A full day of disco, house and feel-good energy. Love Sensation brings the dance floor to the heart of Hastings as part of the Summer of Culture.",,The Oval (Hastings),TN34 1EU,0.568973,50.8562735,00:00:00,
Gin & Juice: Old School Hip-Hop Outdoor Summer Festival,0,,2026-08-09,2026-08-09 13:00:00+00:00,2026-08-09 21:00:00+00:00,Gin & Juice hosts our biggest ever festival to truly celebrate our 4th birthday! Over 4000 people join us for a legendary day party!,,The Cause London,E16 1YZ,-0.0621544,51.5899546,00:00:00,
Anjunadeep Open Air on the Thames,0,,2026-08-09,2026-08-09 14:00:00+00:00,2026-08-09 23:00:00+00:00,Anjunadeep on Thames at Old Naval College in Greenwich in 9 August,,Anjunadeep Open Air On The Thames,SE10 9LL,-0.0066964,51.4827142,00:00:00,
Homegrown Festival,0,,2026-08-11,2026-08-11 11:00:00+00:00,2026-08-11 23:00:00+00:00,An eclectic music festival in the heart of Brighton.,"{'id': 3032, 'name': 'Homegrown Festival', 'earliestStartDate': None}",The Hope And Ruin,BN1 3WA,-0.143258,50.8246098,00:00:00,
Chargecandy at Boomtown Fair,0,,2026-08-12,2026-08-12 08:00:00+00:00,2026-08-16 23:00:00+00:00,Get 1x full charger for each day you are there. £10 deposit required on collection - refunded on return of last charger.,,Matterley Estate,SO21 1HW,-1.2230082,51.0724065,00:00:00,
Boomtown,0,,2026-08-12,2026-08-12 11:00:00+00:00,2026-08-16 23:00:00+00:00,Boomtown Chapter Five,"{'id': 236, 'name': 'Boomtown Fair', 'earliestStartDate': None}",Matterley Estate,SO21 1HW,-1.2230082,51.0724065,00:00:00,
Borde Hill Summer Series (weekend tickets),0,,2026-08-13,2026-08-13 16:00:00+00:00,2026-08-15 22:30:00+00:00,"Weekend tickets for Borde Hill Summer Series, featuring McFLY, Nile Rodgers & CHIC, Becky Hill + many more",,Borde Hill Parkland,RH16 1XP,-0.115356,51.02161,00:00:00,
Ranch Jam Festival 2026,0,,2026-08-14,2026-08-14 09:00:00+00:00,2026-08-16 22:00:00+00:00,"Dust off those cowboy boots and grab your hat for the UK's Biggest Country Music Tribute Festival. Hosted at Cattows Farm, Leicestershire.","{'id': 3075, 'name': 'Ranch Jam Festival ', 'earliestStartDate': None}",Cattows Farm,LE67 2TD,-1.4382015,52.6953658,00:00:00,
SOULTASIA Reading,0,,2026-08-14,2026-08-14 17:00:00+00:00,2026-08-14 22:30:00+00:00,SOULTASIA comes to Reading for the very first time with a star studded Soul and Disco event featuring some of the worlds finest performers,"{'id': 3040, 'name': 'SOULTASIA Reading', 'earliestStartDate': None}",Prospect Park,RG30 2ND,-1.011459,51.449361,00:00:00,
MK Weekender,0,,2026-08-14,2026-08-14 17:00:00+00:00,2026-08-15 23:00:00+00:00,"MK Weekender is built for the city, by the city. It's about local talent, local brands, and the community that brings it all to life.","{'id': 3045, 'name': 'MK Weekender', 'earliestStartDate': None}",Campbell Park Avebury Blvd Milton Keynes MK9 3FT ,MK9 3FT,-0.745714,52.045191,00:00:00,
LPT SEA Access,0,,2026-08-14,2026-08-14 17:00:00+00:00,2026-08-16 23:00:00+00:00,Lathallan Parent & Teacher Summer's End Angus access,,Brechin Castle Showground,DD9 6TJ,-2.6939366,56.727689,00:00:00,
Northampton Balloon Festival,0,,2026-08-14,2026-08-14 12:00:00+00:00,2026-08-16 22:30:00+00:00,"Hot Air Balloons, flights, Tethering and night glow 
 Arena Entertainment",,Northampton Balloon Festival Northampton Racecourse,NN1 4LG,-0.8826545,52.2477367,00:00:00,
Beach Fest Bournemouth,0,,2026-08-14,2026-08-14 15:00:00+00:00,2026-08-16 19:30:00+00:00,"Beach Fest Bournemouth 2026 brings three days of live music, beachside vibes, and summer fun to the iconic coastline. Enjoy top tribute performances.",,Bournemouth Beach,BH5 1BN,-1.8656728,50.7173603,00:00:00,
SnugFest 2026 - Fell Foot Wood - Florentenes,0,,2026-08-14,2026-08-14 10:00:00+00:00,2026-08-16 11:00:00+00:00,"We are back at Fell Foot Wood! This time, we are trailing a full Grassroots Music Festival with some of the Snug's favourite bands!",,Fell Foot Wood Newby Bridge Ulverston LA12 8NN,LA12 8NN,-2.9493518,54.276571,00:00:00,
Marsh Tots,0,,2026-08-14,2026-08-14 12:00:00+00:00,2026-08-14 18:00:00+00:00,"Get ready to DANCE, GLOW, and GIGGLE at the MARSH TOTS RAVE!
Join us for non-stop fun where kids and parents party together",,Farm Field,TN299SL,0.88377588,50.99338725,00:00:00,
Wild Within Women's Festival,0,,2026-08-14,2026-08-14 12:00:00+00:00,2026-08-16 15:00:00+00:00,"A women’s holistic weekend to reconnect, reset, and come back to yourself.
Step away from the noise of everyday life and join us in nature for a deepl",,Silver Forest,LN7 6HL,-0.4239804,53.5020455,00:00:00,
WREXFEST 2026 - Early Bird Weekend Pass,0,,2026-08-14,2026-08-14 18:00:00+00:00,2026-08-16 03:00:00+00:00,WREXFEST 2026 is our biggest event to date. Evening Session EARLY BIRDS available now.  MULTIVENUE in Wrexham Friday 14th & Saturday 15th August 2026.,,Wrexham City Centre Various Venues,LL13 8BB,-2.9908306,53.0464134,00:00:00,
Jurassic Fields,0,,2026-08-14,2026-08-14 11:00:00+00:00,2026-08-16 23:00:00+00:00,Jurassic Fields Festival is family-friendly event that takes place annually in West Dorset across 3 days.,"{'id': 2560, 'name': 'Jurassic Fields Festival', 'earliestStartDate': None}",West Bay Fields,DT6 4DN,-2.75387859,50.72798491,00:00:00,
Country Calling,0,,2026-08-14,2026-08-14 11:00:00+00:00,2026-08-16 23:00:00+00:00,"Country Calling is a big celebration of Country music that takes place in Chelmsford, Essex.","{'id': 2901, 'name': 'Country Calling', 'earliestStartDate': None}",Hylands Estate Chelmsford,CM2 8WQ,0.4345292,51.7076623,00:00:00,
The Magpies Festival,0,,2026-08-14,2026-08-14 11:00:00+00:00,2026-08-15 23:00:00+00:00,The Magpies Festival returns to Sutton Park.,"{'id': 2782, 'name': 'The Magpies Festival', 'earliestStartDate': None}","Sutton Park, York",YO61 1DP,-1.1104272,54.07380349,00:00:00,
Big Weekender,0,,2026-08-14,2026-08-14 09:30:00+00:00,2026-08-16 17:30:00+00:00,"Big Weekender is new! Enjoy live stage entertainment, Silent Disco, crafts, sensory play, delicious food and Welly's Got Talent.",,Wellington Country Park.,RG7 1SP,-0.9612239,51.3592235,00:00:00,
Vegan Camp Out,0,,2026-08-14,2026-08-14 11:00:00+00:00,2026-08-17 23:00:00+00:00,Vegan Camp Out is the world's largest vegan camping festival.,"{'id': 2685, 'name': 'Vegan Camp Out', 'earliestStartDate': None}",Walesby Forest Adventure Activity Centre,NG22 9NG,-0.9997877,53.2246735,00:00:00,
Ministry Of Sound Classical At Castle Howard,0,,2026-08-15,2026-08-15 14:00:00+00:00,2026-08-15 22:30:00+00:00,The spectacular Ministry of Sound Classical takes over the breathtaking Castle Howard in August.,"{'id': 3005, 'name': 'Ministry Of Sound Classical At Castle Howard', 'earliestStartDate': None}",Castle Howard York,YO60 7DJ,-0.9228994,54.1227933,00:00:00,
Coloursfest 25th Anniversary 2026,0,,2026-08-15,2026-08-15 12:00:00+00:00,2026-08-16 23:00:00+00:00,"Get ready for Coloursfest 25th Anniversary Party... OUTDOOR - ONE BIG STAGE! 
Bringing you the best artists from the past!","{'id': 598, 'name': 'Coloursfest 25th Anniversary 2026', 'earliestStartDate': None}",BRAEHEAD WATERFRONT,G51 4BN,-4.3634641,55.8762756,00:00:00,
Norden Cricket Club Festival 2026,0,,2026-08-15,2026-08-15 12:00:00+00:00,2026-08-15 21:30:00+00:00,"Norden Cricket Club Festival 2026 is back after last years sell out event.
Early Bird ticket sales are now ON SALE !!!!",,Norden Cricket Club,OL12 7SD,-2.2082196,53.6273715,00:00:00,
In the Park presents Lewis Capaldi,0,,2026-08-15,2026-08-15 16:00:00+00:00,2026-08-15 22:00:00+00:00,14+ (Under 18's must be accompanied by an adult over 18 at all times),"{'id': 2458, 'name': 'In the Park Liverpool presents Lewis Capaldi', 'earliestStartDate': None}",Sefton Park,L17 1AP,-2.939344,53.381907,00:00:00,
RNB MANIA | Sheffield's Outdoor Summer Festival,0,,2026-08-15,2026-08-15 15:00:00+00:00,2026-08-15 23:00:00+00:00,"Are you ready for the ultimate showcase of the best of R&B music?
Sheffield, join us as the biggest R&B festival of the summer returns to SteelYard!","{'id': 3145, 'name': ""R&B Mania | Sheffield's Outdoor Summer Festival"", 'earliestStartDate': None}",SYSheffield (Steel Yard),S3 8AS,-1.4790332,53.394278,00:00:00,
Déjà vu Garden Party,0,,2026-08-15,2026-08-15 14:00:00+00:00,2026-08-15 23:00:00+00:00,The legendary Garden Party returns with two stages and a stacked line up of DJ's and live acts.  Sign up now to receive line up and venue details.,,The Country Park,HU13 0HB,-0.451228,53.714505,00:00:00,
SKINNY LIVING - Solid Ground Festival,0,,2026-08-15,2026-08-15 13:00:00+00:00,2026-08-15 23:00:00+00:00,Wakefield's own SKINNY LIVING present their debut open-air live music festival SOLID GROUND at TILEYARD NORTH. A full day of live music curated by SL.,,Tileyard North Courtyard,WF1 5FY,-1.4905162,53.6753815,00:00:00,
Electric Dreams - By The Sea 15th AUG - South Queensferry,0,,2026-08-15,2026-08-15 14:00:00+00:00,2026-08-15 22:00:00+00:00,Electric Dreams - By The Sea 15th AUG - South Queensferry,,Outboard By Scotts,EH30 9RD,-3.406848,55.9932973,00:00:00,
BOOZéBRUNCH The Festival Dalkeith Country Park,0,,2026-08-15,2026-08-15 12:00:00+00:00,2026-08-15 18:30:00+00:00,BOOZéBRUNCH The Festival comes to Dalkeith Country Park for the ultimate ladies day out. Expect an atmosphere like no other!,,Dalkeith Country Park ,EH22 1ST,-3.0651,55.899475,00:00:00,
Wilmslow,0,,2026-08-15,2026-08-15 11:30:00+00:00,2026-08-15 22:00:00+00:00,"Your GREAT BIG Family Day Out is Here! Get ready for a full day of family fun, feel good vibes, and unforgettable memories!",,Wilmslow Rugby Club,SK9 5PZ,-2.2480355,53.3342993,00:00:00,
Garage Republic Outdoor Festival 2026 | Binks Yard Nottingham,0,,2026-08-15,2026-08-15 14:00:00+00:00,2026-08-15 22:00:00+00:00,"Garage Republic is returning to Nottingham this summer! Huge headliners, 1 insane venue - you don't want to miss this!","{'id': 2918, 'name': 'Garage Republic Outdoor Festival 2026 | Binks Yard Nottingham', 'earliestStartDate': None}",Binks Yard,NG2 3BJ,-1.1395462,52.9483902,00:00:00,
Evesham Music Festival 2026,0,,2026-08-15,2026-08-15 12:00:00+00:00,2026-08-15 21:30:00+00:00,"Immerse yourself in plenty of family fun, lots of smiles, and even more memories!
Held on the grounds of Badsey Community & Sports Club.",,Badsey Community And Sports Club,WR11 7EU,-1.8913132,52.0876235,00:00:00,
Cafe Mambo Ibiza Classics In The Park Festival,0,,2026-08-15,2026-08-15 12:00:00+00:00,2026-08-15 22:00:00+00:00,"The iconic Cafe Mambo Ibiza are back this summer in Reading, Berkshire for an unmissable one day festival on Saturday 15th August!",,Prospect Park,RG30 2ND,-1.011459,51.449361,00:00:00,
Haze Festival - Sat 15th Aug 2026,0,,2026-08-15,2026-08-15 14:00:00+00:00,2026-08-15 22:00:00+00:00,We are proud to announce our first Festival event on Saturday 15th August 2026.,,Coventry Cathedral Ruins,CV1 5AB,-1.5075081,52.4079512,00:00:00,
Out There .,0,,2026-08-15,2026-08-15 19:30:00+00:00,2026-08-16 02:00:00+00:00,The very best of oldskool dance music. With an incredible line up of top DJs,,Gisburn Forest,BB7 4TS,-2.3927265,53.9943481,00:00:00,
Sheffield Festival Of Reggae| Network 2026,0,,2026-08-15,2026-08-15 13:00:00+00:00,2026-08-16 00:00:00+00:00,"After the huge success of 'The Sheffield festival of Reggae 2025', we proudly announce that on Saturday 15th August 2026, from 1pm - midnight @NETWORK","{'id': 2737, 'name': 'Sheffield Festival of Reggae', 'earliestStartDate': None}",Network   Sheffield,S1 4QD,-1.4718857,53.3766798,00:00:00,
SOLAIRE: Open Air,0,,2026-08-15,2026-08-15 14:00:00+00:00,2026-08-15 21:00:00+00:00,"After an extremely successful first edition, Solaire returns. This time we go bigger and better with an open air plan",,Lochardil House Hotel,IV2 4LF,-4.2343413,57.4560242,00:00:00,
OVER 30's CLUB - Summer Open Air Festival - Freight Island,0,,2026-08-15,2026-08-15 15:00:00+00:00,2026-08-15 22:00:00+00:00,Take a trip down memory lane with us with the ultimate over 30s outdoor open air festival festival this August 2026 at Freight Island Manchester.,,Freight Island,M1 2PZ,-2.2276473,53.4751511,00:00:00,
Summer 90s Outdoor Festival - Junkyard Norwich,0,,2026-08-15,2026-08-15 15:00:00+00:00,2026-08-15 22:00:00+00:00,Norwich the BIGGEST 90s Summer Outdoor Daytime Dance Festival is coming August 2026!,,Junkyard Market,NR3 1QA,1.2903356,52.6343932,00:00:00,
Energy 91 Garden Rave 2,0,,2026-08-15,2026-08-15 15:00:00+00:00,2026-08-15 22:00:00+00:00,The Garden Rave is Back,,Reindeer Inn,SK15 3DW,-2.0403514,53.4881199,00:00:00,
Magic of Thailand Festival in Brighton,0,,2026-08-15,2026-08-15 10:00:00+00:00,2026-08-16 19:00:00+00:00,A two day Thai Festival to experience the taste of Thailand this summer at Preston Park is brought to you by Magic of Thailand.,,Preston Park Preston Road Brighton BN1 6AU,BN1 6AU,-0.149421,50.840691,00:00:00,
Her Frequency Rooftop Party,0,,2026-08-15,2026-08-15 14:00:00+00:00,2026-08-15 22:00:00+00:00,Join us for a day party you'll not want to miss on one of Lincolns most iconic rooftops with your favourite Her Frequency DJ's.,,Home Lincoln,LN1 1UF,-0.541123,53.230209,00:00:00,
Allday Indie Indoor Festival - Leeds,0,,2026-08-15,2026-08-15 17:00:00+00:00,2026-08-15 22:00:00+00:00,A MASSIVE ALL-DAY THROWBACK PARTY CELEBRATING THE SOUND OF YOUR YOUTH.,,O2 Academy Leeds,LS2 3AW,-1.547085,53.802172,00:00:00,
OrchardFest 2026,0,,2026-08-15,2026-08-15 14:00:00+00:00,2026-08-15 22:15:00+00:00,"OrchardFest 2026 is Orchard Trust's annual accessible music festival, designed especially for people with learning disabilities",,The Orchard Trust Day Service,gl179pd,-2.59337135,51.85027369,00:00:00,
Garden Rave,0,,2026-08-15,2026-08-15 12:00:00+00:00,2026-08-15 23:00:00+00:00,We are a small event for good friends and family,,Coach House,EN9 2BE,0.0147057,51.7198369,00:00:00,
R&B Lovers - Saturday 15th August - Athena Leicester,0,,2026-08-15,2026-08-15 17:00:00+00:00,2026-08-15 23:00:00+00:00,"Leicester after our sellout March show, we are back by huge public demand! Get ready for a massive Indoor 90s & 00s R&B Festival coming August 2026!",,Athena,LE1 1QD,-1.12687,52.635294,00:00:00,
R&B Lovers - Saturday 15th August - Mint Warehouse,0,,2026-08-15,2026-08-15 15:00:00+00:00,2026-08-15 22:00:00+00:00,Leeds after a complete sell out event in April we are back! Get ready for a massive Summer Outdoor 90s & 00s R&B Festival coming this August 2026!,,Mint Warehouse,LS11 9UD,-1.557764,53.79034,00:00:00,
R&B Lovers - Saturday 15th August - DEPOT Cardiff,0,,2026-08-15,2026-08-15 17:00:00+00:00,2026-08-15 23:00:00+00:00,Cardiff After our SELLOUT April show we are back by huge demand in August! Cardiff get ready for a massive 90s & 00s R&B Festival at the amazing DEPOT,,Depot,CF10 5DF,-3.178509,51.471409,00:00:00,
Frogfest Liverpool - 2026,0,,2026-08-15,2026-08-15 14:00:00+00:00,2026-08-16 02:00:00+00:00,Frogfest brings the best Goth | EBM | Darkwave | Post-Punk | Electronic bands from across Europe and the UK to Liverpool.,,District ,L1 0BW,-2.981165,53.395134,00:00:00,
The CourtYard Fest,1,2027-08-14,2026-08-15,2026-08-15 10:30:00+00:00,2026-08-15 22:30:00+00:00,"Funfair rides, traders market, live music, street food & family fun by day. Ibiza Classics, DJs & great vibes by night at Betley Court Farm!",,Betley Court Farm,CW3 9BH,-2.3685653,53.02973,00:00:00,2027-08-14
Rock The Marshes,0,,2026-08-15,2026-08-15 12:00:00+00:00,2026-08-16 23:00:00+00:00,"We are back!!!! 

After a great first event, we would be insane not to do it again. 

As promised, 2026 will be bigger and better.","{'id': 2833, 'name': 'Rock The Marshes', 'earliestStartDate': None}",Farm Field,TN299SL,0.88377588,50.99338725,00:00:00,
ProDog Beach Fest 2026,0,,2026-08-15,2026-08-15 09:00:00+00:00,2026-08-16 17:00:00+00:00,"Dog sports, have-a-go activities, expert advice, performances, family fun and fundraising for dogs in need. www.prodograw.com/beachfest for tickets!!!",,Weston Super Mare Beach Lawns,BS23 1AT,-2.9826168,51.3367803,00:00:00,
Original Culture Festival 2026,0,,2026-08-15,2026-08-15 14:00:00+00:00,2026-08-15 22:00:00+00:00,"One epic weekend. Original Culture & Family Festival 2026 brings music, culture, food, fun, and family together.",,Priory Country Park Barkers Lane Bedford MK41,MK41 9DJ,-0.43474,52.131464,00:00:00,
GWT Night Market,0,,2026-08-15,2026-08-15 17:00:00+00:00,2026-08-15 23:00:00+00:00,"Nottingham's new family-friendly celebration of African, Caribbean & multicultural food, music, culture, shopping & community. FREE entry!",,Forest Recreation Ground Gregory Blvd NG7 6LB,NG7 6LB,-1.15823,52.966819,00:00:00,
The Searchers and Hollies Experience,0,,2026-08-15,2026-08-15 19:30:00+00:00,2026-08-15 22:00:00+00:00,A hit-filled tribute to two pop legends!,,University Of Kent.,CT2 7NB,1.0694181,51.2983907,00:00:00,
The Temple Newsam Food Festival 2026: A Summertime Feast,0,,2026-08-15,2026-08-15 10:00:00+00:00,2026-08-16 19:00:00+00:00,"The Temple Newsam Food Festival is back for 2026! Celebrating all things Food, Drink, Performing Arts & Live Music. August 15th-16th, 2026.",,Temple Newsam Park,LS15 0AD,-1.4550677,53.7900707,00:00:00,
Michael Bibi extended set on the Thames,0,,2026-08-16,2026-08-16 14:00:00+00:00,2026-08-16 23:00:00+00:00,Hot off the press...Michael Bibi lands on the Thames for one day only on August 16th.,,Old Royal Naval College Greenwich,SE10 9NN,-0.0085177,51.4827098,00:00:00,
Raver Tots Outdoor Festival Milton Keynes,0,,2026-08-16,2026-08-16 12:00:00+00:00,2026-08-16 18:00:00+00:00,RAVER TOTS IS COMING TO MILTON KEYNES FOR THE BIGGEST AND BEST FAMILY FRIENDLY OUTDOOR FESTIVAL YET.,"{'id': 3051, 'name': 'Raver Tots Outdoor Festival Milton Keynes', 'earliestStartDate': None}",Campbell Park Milton Keynes MK9,MK9 4AD,-0.7366778,52.0498952,00:00:00,
The Garden @SEA,0,,2026-08-16,2026-08-16 12:00:00+00:00,2026-08-16 21:00:00+00:00,"The Garden @SEA is a one-day specially curated music festival. A festival within a festival, with full access to all SEA wider stages and events.",,Brechin Castle Showground,DD9 6TJ,-2.6939366,56.727689,00:00:00,
Raver Tots Outdoor Festival Reading,0,,2026-08-16,2026-08-16 13:00:00+00:00,2026-08-16 18:00:00+00:00,RAVER TOTS IS RETURNING TO READING FOR THE BIGGEST AND BEST FAMILY FRIENDLY OUTDOOR FESTIVAL YET.,"{'id': 3055, 'name': 'Raver Tots Outdoor Festival Reading', 'earliestStartDate': None}",Prospect Park Reading,RG30 2ND,-1.0094196,51.4483256,00:00:00,
original Family Festival 2026,0,,2026-08-16,2026-08-16 11:00:00+00:00,2026-08-16 19:00:00+00:00,Original Culture Festivals Sunday family day,,Priory Country Park Barkers Lane Bedford MK41,MK41 9DJ,-0.43474,52.131464,00:00:00,
Sounds of the 60s with The Zoots,0,,2026-08-17,2026-08-17 19:30:00+00:00,2026-08-17 22:00:00+00:00,"Experience THE Sixties show that's wowing audiences around the world, selling out and headlining venues - with the spectacular sounds of THE ZOOTS!",,The Mowlem,BH19 1DD,-1.9569092,50.6093002,00:00:00,
ArcTanGent,0,,2026-08-19,2026-08-19 11:00:00+00:00,2026-08-23 23:00:00+00:00,"ArcTanGent is a critically acclaimed, independent festival and since 2013 theyve been delivering line ups you wont find anywhere else on Earth.","{'id': 737, 'name': 'ArcTanGent Festival', 'earliestStartDate': None}",Fernhill Farm,BS40 6LD,-2.6759066,51.2929264,00:00:00,
Himley Live 2026: The K-POP Festival Experience,0,,2026-08-20,2026-08-20 16:00:00+00:00,2026-08-20 19:30:00+00:00,Join us at for an insane celebration of K-Pop culture! Bringing K-Pop performers to life through live acts & high energy choreography.,,Himley Hall,DY3 4DF,-2.174152,52.519776,00:00:00,
Rock N Roll Circus Norwich,0,,2026-08-20,2026-08-20 11:00:00+00:00,2026-08-23 23:00:00+00:00,Rock N Roll Circus Festival comes to Norwich for the first time!,"{'id': 2751, 'name': 'Rock N Roll Circus Norwich', 'earliestStartDate': None}",Earlham Park,NR4 7TQ,1.2378515,52.6256681,00:00:00,
110 Above,0,,2026-08-20,2026-08-20 11:00:00+00:00,2026-08-22 23:00:00+00:00,Fully independent festival seeking to highlight emerging new artists.,"{'id': 3106, 'name': '110 Above', 'earliestStartDate': None}",Gopsall Hall Farm,CV9 3QJ,-1.481138,52.6542831,00:00:00,
Sunrise Film Festival,0,,2026-08-20,2026-08-20 10:00:00+00:00,2026-08-23 23:00:00+00:00,"The UK's favourite seaside BIFA qualifying film festival, celebrating underrepresented stories and filmmakers.",,Marina Theatre,NR32 1HH,1.753547,52.476184,00:00:00,
Sunrise Film Festival,0,,2026-08-20,2026-08-20 10:00:00+00:00,2026-08-23 23:00:00+00:00,Largest film festival is BACK! Sunrise Film Festival returns for its celebratory 5th edition!,,"Marina Theatre, UK",NR32 1HH,1.7535491,52.4760937,00:00:00,
Trentham Live,0,,2026-08-20,2026-08-20 11:00:00+00:00,2026-08-23 23:00:00+00:00,"Trentham plays host to award-winning gardens, glorious ancient woodland, a unique outdoor shopping village and Trentham Live!","{'id': 3083, 'name': 'Trentham Live', 'earliestStartDate': None}",Trentham Gardens ,ST4 8JG,-2.195012,52.9629735,00:00:00,
We Out Here Festival,0,,2026-08-20,2026-08-20 11:00:00+00:00,2026-08-23 23:00:00+00:00,"We Out Here Festival takes place at Wimborne St Giles in Wimborne St Giles, UK.","{'id': 1881, 'name': 'We Out Here Festival', 'earliestStartDate': None}","Wimborne St Giles, Dorset",BH21 5NA,-1.9554357,50.9037928,00:00:00,
Green Man Festival,0,,2026-08-20,2026-08-20 11:00:00+00:00,2026-08-23 23:00:00+00:00,"Tumble through ten wild lands of laughs, literature, art, science, mischief and music!","{'id': 230, 'name': 'Green Man Festival', 'earliestStartDate': None}",Bannau Brycheiniog National Park,NP81LP,-3.1766854,51.8692327,00:00:00,
A New Day Festival 2026,0,,2026-08-21,2026-08-21 11:30:00+00:00,2026-08-23 23:00:00+00:00,"3 day outdoor festival, held in the beautiful setting of Mt Ephraim Gardens, featuring the very best in classic and progrock, blues and roots music.","{'id': 1229, 'name': 'A New Day Festival', 'earliestStartDate': None}",Mt Ephraim Gardens Hernhill Faversham Kent,ME13 9TX,0.960875,51.298966,00:00:00,
"Rob Lamberti presents: George Michael | Keel SQ, Sunderland",0,,2026-08-21,2026-08-21 19:00:00+00:00,2026-08-21 22:30:00+00:00,"Get ready for an unforgettable night as Rob Lamberti brings the magic of George Michael back to life at Keel Square, Sunderland.",,Keel Square,SR1 3DZ,-1.387824,54.907258,00:00:00,
U Fest - Boxpark Wembley - Friday 21st August,0,,2026-08-21,2026-08-21 18:00:00+00:00,2026-08-21 23:00:00+00:00,You asked we Delivered... Step back into the golden era of Channel U as U Fest lands at BOXPARK Wembley on Friday 21st August!,,Boxpark Wembley,HA9 0JT,-0.2803926,51.5605176,00:00:00,
Ibiza Classics Richmond,0,,2026-08-21,2026-08-21 18:00:00+00:00,2026-08-21 22:00:00+00:00,Prepare to dance under the stars as Ibiza Classics comes to Old Deer Park with a huge new playlist for 2026!,,Old Deer Park,TW9 2SL,-0.309108,51.464456,00:00:00,
Symphonic Ibiza Orchestra Bristol,0,,2026-08-21,2026-08-21 17:00:00+00:00,2026-08-21 22:30:00+00:00,Get ready to be transported to the White Isle with the amazing Symphonic Ibiza Orchestra! With support from Ibiza legend - Brandon Block.,,Bristol Amphitheatre And Waterfront Square,BS1 5LL,-2.5995068,51.4486627,00:00:00,
The Darley Park Weekender 2026,0,,2026-08-21,2026-08-21 16:00:00+00:00,2026-08-21 23:00:00+00:00,Derby's event of the summer is back with a bang for 2026. A star-studded line-up will be taking to The Darley Park Weekender stage for 2026.,"{'id': 2931, 'name': 'The Darley Park Weekender ', 'earliestStartDate': None}",Darley Park,DE22 1EN,-1.4786504,52.9371789,00:00:00,
Flocksteady Bleats 2026,0,,2026-08-21,2026-08-21 12:00:00+00:00,2026-08-23 22:30:00+00:00,"Wrap up your summer in style at Flocksteady Bleats, a weekend dedicated to the infectious rhythms of Reggae and 2-Tone.",,The Music Baa,SP5 4LP,-1.8532598,51.0129518,00:00:00,
Phases Casa Nueva X Bunker,0,,2026-08-21,2026-08-21 20:00:00+00:00,2026-08-22 03:00:00+00:00,"Phases at Calluna is a summer night series hosted by Casa Nueva x Bunker, blending deep house sound",,Calluna Nottingham,NG1 4AA,-1.1496286,52.9554516,00:00:00,
One Love Festival,0,,2026-08-21,2026-08-21 11:00:00+00:00,2026-08-22 23:00:00+00:00,The Original Reggae Music Camping Festival,"{'id': 801, 'name': 'One Love Festival', 'earliestStartDate': None}",Bentley Estate,BN8 5AF,0.1121195,50.9262664,00:00:00,
Beautiful Days Festival,0,,2026-08-21,2026-08-21 11:00:00+00:00,2026-08-23 23:00:00+00:00,Beautiful Days is the Levellers' family music festival organised by DMF Music which takes place at Escot Park in Devon.,"{'id': 292, 'name': 'Beautiful Days Festival', 'earliestStartDate': None}",Escot Park,EX11 1LU,-3.298426,50.777243,00:00:00,
Field Maneuvers,0,,2026-08-21,2026-08-21 11:00:00+00:00,2026-08-23 23:00:00+00:00,"Independent UK-based ""no-frills rave"" celebrating underground dance music.","{'id': 1183, 'name': 'Field Maneuvers', 'earliestStartDate': None}",SECRET LOCATION NORWICH,NR31DD,1.2914168,52.6368788,00:00:00,
Tribfest 2026,0,,2026-08-21,2026-08-21 12:00:00+00:00,2026-08-23 23:45:00+00:00,"Tribfest 2026 brings top tribute acts, family fun, camping and so much more to Sledmere House on 21-23 Aug, with early entry on 20 Aug!",,Sledmere House,YO25 3XG,-0.5804363,54.0704712,00:00:00,
Flocksteady Bleats,0,,2026-08-21,2026-08-21 12:00:00+00:00,2026-08-23 22:30:00+00:00,"Wrap up your summer in style at Flocksteady Bleats, a weekend dedicated to the infectious rhythms of Reggae Roots Steppas and Dub.",,"The Music Baa, UK",SP5 4LP,-1.8532598,51.0129518,00:00:00,
3 Wishes Fairy Festival,0,,2026-08-21,2026-08-21 10:00:00+00:00,2026-08-23 23:00:00+00:00,Celebrate 3 Wishes Fairy Festival's 20th Anniversary Birthday Party this summer!,,Garslade Farm,BA5 1RX,-2.7245257,51.1820868,00:00:00,
FAC51 The Haçienda at Wollaton Hall - Nottingham,0,,2026-08-22,2026-08-22 13:00:00+00:00,2026-08-22 23:00:00+00:00,FAC51 The Haçienda returns to Nottingham for a huge open air show with one of the biggest line ups to ever hit the city,,Wollaton Hall,NG8 2AE,-1.2037799,52.9673054,00:00:00,
Park Rock Richmond 2026,0,,2026-08-22,2026-08-22 12:00:00+00:00,2026-08-22 22:00:00+00:00,Returning to Old Deer Park; Park Rock 2026 brings two stages packed with the UK's top tributes to Richmond.,,"Old Deer Park, Richmond",TW9 2SL,-0.30953698,51.46540039,00:00:00,
Rockore 2026,0,,2026-08-22,2026-08-22 11:00:00+00:00,2026-08-22 22:30:00+00:00,Music festival organised by Benarty Events Group community volunteers.,,Lochore Meadows Country Park,KY5 8BA,-3.3371985,56.150424,00:00:00,
"CLAIRE RICHARDS, ETERNAL & MORE| Love the 90s Fest |Keel Square",0,,2026-08-22,2026-08-22 13:00:00+00:00,2026-08-22 22:30:00+00:00,"After multiple sell-out shows across the UK, Love The 90s Festival is taking over Keel Square, Sunderland, for a day of pure 90s nostalgia!","{'id': 3157, 'name': 'CLAIRE RICHARDS, ETERNAL & MORE| Love the 90s Fest |Keel Square', 'earliestStartDate': None}",Keel Square,SR1 3DZ,-1.387824,54.907258,00:00:00,
Remember Them Dayz Fest - London - Boxpark Wembley,0,,2026-08-22,2026-08-22 18:00:00+00:00,2026-08-22 23:00:00+00:00,"REMEMBER THEM DAYZ - A Celebration of UK 2015 - 2019 Music, Headline artist TBA",,Boxpark Wembley,HA9 0JT,-0.2803926,51.5605176,00:00:00,
Roe Green Cricket Club festival 2026,0,,2026-08-22,2026-08-22 12:00:00+00:00,2026-08-22 21:30:00+00:00,"Roe Green cricket Club festival returns Sat 22nd Aug 2026
Raising funds for Roe Green Cricket Club, profits towards club improvement",,ROE GREEN CRICKET CLUB,M282QW,-2.3798242,53.510071,00:00:00,
SOULTASIA - Bristol,0,,2026-08-22,2026-08-22 13:00:00+00:00,2026-08-22 22:30:00+00:00,SOULTASIA comes to BRISTOL for the very first time!,,Bristol Amphitheatre,BS1 5LL,-2.6008504,51.4486211,00:00:00,
Himley Live 2026: The Groove Society,0,,2026-08-22,2026-08-22 13:30:00+00:00,2026-08-22 22:00:00+00:00,"Disco, soul and funk reimagined The Groove Society delivers a high-energy live orchestra festival experience.",,Himley Hall,DY3 4DF,-2.174152,52.519776,00:00:00,
Banff Castle Rocks,0,,2026-08-22,2026-08-22 13:00:00+00:00,2026-08-22 23:00:00+00:00,"Big Country Headline The Deveron Direct Main Stage!!

Tickets go on sale tomorrow morning at 8am. Set those alarms!","{'id': 2673, 'name': 'Banff Castle Rocks ', 'earliestStartDate': None}",Banff Castle,AB45 1DL,-2.523408,57.6663908,00:00:00,
Purple Disco Machine,0,,2026-08-22,2026-08-22 14:30:00+00:00,2026-08-22 22:00:00+00:00,Purple Disco Machine returns to London for all-day outdoor showcase.,,Magazine Open Air,SE10 0JH,-0.0013038,51.501112,00:00:00,
Southbound Fest,0,,2026-08-22,2026-08-22 12:00:00+00:00,2026-08-23 22:00:00+00:00,"Southbound Fest returns to Eastbourne, 22-23 August.
Saturday 18+ House & DnB (12-10PM).
Sunday Family Day - Ibiza Anthems & Dance Classics (12-8PM)","{'id': 3111, 'name': 'Southbound Fest', 'earliestStartDate': None}",Princes Park Eastbourne,bn227ll,0.3078747,50.7794884,00:00:00,
"NADINE COYLE & MORE | Pop Republic Fest | Freight Island, MCR",0,,2026-08-22,2026-08-22 14:00:00+00:00,2026-08-22 22:00:00+00:00,"Pop Republic Fest lands at Freight Island with world-renowned pop stars, iconic anthems, huge sing-alongs and ultimate day party vibes.","{'id': 3163, 'name': 'NADINE COYLE & MORE | Pop Republic Fest | Freight Island, MCR', 'earliestStartDate': None}",Freight Island,M1 2PZ,-2.2276473,53.4751511,00:00:00,
"Rum & Reggae | Binks Yard, Nottingham",0,,2026-08-22,2026-08-22 14:00:00+00:00,2026-08-22 22:00:00+00:00,Rum & Reggae is returning to binks yard.,,Binks Yard,NG2 3BJ,-1.1395462,52.9483902,00:00:00,
Paisley Music and Arts Street Festival,0,,2026-08-22,2026-08-22 12:00:00+00:00,2026-08-22 21:00:00+00:00,A family friendly music and arts festival at Shuttle Street and Browns Lane in Paisley,,"Shuttle Street, Paisley",PA1 1YD,-4.4252126,55.8430312,00:00:00,
Dubtendo Day Party - London,0,,2026-08-22,2026-08-22 13:00:00+00:00,2026-08-22 21:00:00+00:00,The ultimate raving & gaming experience returns to London's Fox & Firkin on Saturday the 22nd of August for a day & night event.,,The Fox And Firkin,SE13 6JZ,-0.0142768,51.4568908,00:00:00,
Pulloxhill Events 2026 - Ellie Sax Presents Ibiza Anthems Live,0,,2026-08-22,2026-08-22 17:00:00+00:00,2026-08-23 00:00:00+00:00,"Pulloxhill Events The Paddock Pulloxhill MK45 5HB, Featuring Ellie Sax Presents Ibiza Anthems Live, The Stickmen Project, Marcella Woods","{'id': 3022, 'name': 'Pulloxhill Events 2026 - Ellie Sax Presents Ibiza Anthems Live', 'earliestStartDate': None}",The Cross Keys Paddock,MK45 5HB,-0.4543879,51.9958073,00:00:00,
Cheshire Fest 2026 | Live at Tatton Park,0,,2026-08-22,2026-08-22 12:00:00+00:00,2026-08-22 23:00:00+00:00,"Cheshire Fest heads to Tatton Park on 22nd August from 12 - 11pm. Live acts, DJs, street food, bars & VIP areas. A full-day peak summer experience.","{'id': 1759, 'name': 'Cheshire Fest 2026 | Live at Tatton Park', 'earliestStartDate': None}",Tatton Park,WA16 6QN,-2.367358,53.328469,00:00:00,
Hifields 2026,0,,2026-08-22,2026-08-22 12:00:00+00:00,2026-08-23 00:00:00+00:00,We're taking Hifields into the woods for an epic 12 hour party.,,Dullingham Polo Club,CB8 9UT,0.3498657,52.2052346,00:00:00,
Signal Festival 2026,0,,2026-08-22,2026-08-22 12:00:00+00:00,2026-08-23 05:00:00+00:00,"The REAL DnB All-Stars are back.
100% serious DnB, jungle, liquid, dubstep and everything in-between",,The Cause London,E16 1YZ,-0.0621544,51.5899546,00:00:00,
Back to the 80's Summer Tribute Festival with Martin Kemp,0,,2026-08-22,2026-08-22 15:00:00+00:00,2026-08-22 22:00:00+00:00,Chelmsford! We're back on the farm for 2026. Back to the 80s Summer Tribute Festival with Spandau Ballet & I'm A Celebrity Superstar Martin Kemp,,Wheelers Farm ,CM3 3LZ,0.4902514,51.7871197,00:00:00,
Boxout Fest 2026 + SPECIAL GUESTS,0,,2026-08-22,2026-08-22 15:00:00+00:00,2026-08-23 23:30:00+00:00,Birmingham's BIGGEST Festival celebrating culture and music,,Luna Springs Digbeth ,B9 4AG,-1.8814649,52.475036,00:00:00,
Magic of Thailand Festival in Manchester,0,,2026-08-22,2026-08-22 10:00:00+00:00,2026-08-23 19:00:00+00:00,A two day Thai Festival to experience the taste of Thailand this summer at Platt Fields Park is brought to you by Magic of Thailand.,,Platt Fields Park Platt Lane Manchester M14 5NF,M14 5NF,-2.224913,53.449339,00:00:00,
The Red Lion Garden Party,0,,2026-08-22,2026-08-22 12:30:00+00:00,2026-08-22 21:00:00+00:00,"Music by DJ Tricksta, street food, BBQ and dancing. Over 30s",,The Red Lion Inn,DY7 5DU,-2.2822806,52.5123586,00:00:00,
NucleusFEST,0,,2026-08-22,2026-08-22 14:00:00+00:00,2026-08-23 20:00:00+00:00,"A 2 Day Festival, in Rochester, Kent. Saturday House & Garage Music & then on  Sunday Family Live Day. Live entertainment across the weekend for all.",,Nucleus Winery At Fort Borstal,ME1 3NN,0.4889164,51.3704755,00:00:00,
Steel City Dancehall Festival 2026,0,,2026-08-22,2026-08-22 15:00:00+00:00,2026-08-22 22:00:00+00:00,"Join us at Sheffield's BIG outdoor festival this August celebrating Caribbean Culture, Food & Music! One day only - don't miss out!",,Caribbean Sports Club,S35 9WN,-1.4578153,53.4415115,00:00:00,
Donkey fest,0,,2026-08-22,2026-08-22 13:00:00+00:00,2026-08-23 00:00:00+00:00,"Get ready to dive into the vibrant festival vibes of donkey fest. Join the donkey for a day full of fun, music and communitity spirit.",,Ol12 9tb,OL12 9TB,-2.1494589,53.6300476,00:00:00,
"LOUD and LOADED 2026 - Live Rock, Metal and Beer festival",0,,2026-08-22,2026-08-22 13:00:00+00:00,2026-08-22 23:30:00+00:00,"Bands in the Barn presents.... Loud and Loaded!
Our first Rock and Metal music and beer festival near Holmfirth

Saturday 22nd August 1:00pm-11:30pm",,"Coddy's Farm, Holmfirth",HD9 2TH,-1.808244,53.548286,00:00:00,
4 Corners Day Party,0,,2026-08-22,2026-08-22 14:00:00+00:00,2026-08-22 22:00:00+00:00,THE MIGHTY 4 CORNERS TAKE OVER THE EUTOPIA WEAR HOUSE  IN EAST LONDON FOR A DAY PARTY FOR 2000+,,Eutopia Warehouse,IG11 0DW,0.0964,51.5204,00:00:00,
R&B Lovers - Saturday 22nd August - Allerton Manor,0,,2026-08-22,2026-08-22 15:00:00+00:00,2026-08-22 22:00:00+00:00,Liverpool we are returning to the amazing Allerton Manor by huge demand this August!,,Allerton Manor Golf Club,L18 3JT,-2.8874562,53.3734742,00:00:00,
Rulebreakerz & Friendz Fest,0,,2026-08-22,2026-08-22 13:00:00+00:00,2026-08-22 23:00:00+00:00,"Our second event of the summer, dance music all day/evening. House & Garage DJs all day, dancers, stilt walkers, fire artists & more. Family friendly!",,Brace Of Pistols Clacton On Sea,CO16 8DU,1.1293088,51.8038751,00:00:00,
Rhythm & Rays Festival 2026,1,,2026-08-22,2026-08-22 12:00:00+00:00,2026-08-22 23:00:00+00:00,"Multi Genre family friendly 1 day music festival, set in the Royal Bath & West Showground 22.08.26 
Metal, Rock, Rap, Acoustic",,The Royal Bath And West Showground BA4 6QN,BA4 6QN,-2.530054,51.1560828,00:00:00,
Slug Fest 2026,0,,2026-08-22,2026-08-22 15:00:00+00:00,2026-08-23 00:00:00+00:00,"A third edition of a multi-genre indoor festival, showcasing the best upcoming local talent in a brand new event space",,VENUE TBA WIGAN CENTER,WN1 1DY,-2.6313265,53.5441906,00:00:00,
INJM Fest,1,2027-08-21,2026-08-22,2026-08-22 12:00:00+00:00,2026-08-22 22:00:00+00:00,"AUGUST 22ND - THE SOUND OF THE UNDERGROUND 

From 12PM - 10PM, step into a full day of pure Drum & Bass and Jungle energy. Heavy basslines!",,Eternit Sport And Social Club,SG8 5RL,-0.0067322,52.1000776,00:00:00,2027-08-21
Jls Ticket,0,,2026-08-22,2026-08-22 04:00:00+00:00,2026-08-22 10:00:00+00:00,One jls ticket sale £56,,Virtual Event Derby,DE1 0AQ,-1.4746186,52.9225301,00:00:00,
R&B Lovers - Saturday 22nd Aug - Aruba Bournemouth,0,,2026-08-22,2026-08-22 17:00:00+00:00,2026-08-22 22:00:00+00:00,Bournemouth get ready for a massive 90s & 00s R&B Festival coming August 2026!,,Aruba Bar And Restaurant,BH2 5AA,-1.87567299,50.71604,00:00:00,
RNB MANIA | Sunderland's R&B Festival!,0,,2026-08-22,2026-08-22 13:00:00+00:00,2026-08-22 22:30:00+00:00,"Sunderland, are you ready to experience the very best of R&B music? R&B MANIA comes to Keel Square on Saturday 22nd August!","{'id': 3147, 'name': ""R&B Mania | Sunderland's R&B Festival!"", 'earliestStartDate': None}",Keel Square,SR1 3DZ,-1.387824,54.907258,00:00:00,
All Points East,0,,2026-08-22,2026-08-22 11:00:00+00:00,2026-08-30 23:00:00+00:00,All Points East is a music festival held over two weekends once a year in Victoria Park.,"{'id': 1446, 'name': 'All Points East ', 'earliestStartDate': None}","Victoria Park, London",E9 7DD,-0.0390938,51.5361215,00:00:00,
Hifields Festival,0,,2026-08-22,2026-08-22 11:00:00+00:00,2026-08-22 23:00:00+00:00,UK summertime dance and electronic music festival.,"{'id': 2125, 'name': 'Hifields Festival', 'earliestStartDate': None}",Dullingham Polo Club,CB8 9UT,0.3498657,52.2052346,00:00:00,
Rewind Festival South,0,,2026-08-22,2026-08-22 11:00:00+00:00,2026-08-23 23:00:00+00:00,A three-day music festival dedicated to the 80s music scene.,"{'id': 1452, 'name': 'Rewind Festival South', 'earliestStartDate': None}",Temple Island Meadows,RG9 3DB,-0.900748,51.536031,00:00:00,
"GirlyPop Fest | Keel Square, Sunderland",0,,2026-08-23,2026-08-23 12:00:00+00:00,2026-08-23 16:30:00+00:00,"GirlyPop Live is coming to Keel Square, Sunderland with your favourite Pop icons in one live show brought to you by the best tribute acts!","{'id': 3164, 'name': 'GirlyPop Fest | Keel Square, Sunderland', 'earliestStartDate': None}",Keel Square,SR1 3DZ,-1.387824,54.907258,00:00:00,
Himley Live 2026: Boots & Roots Festival,0,,2026-08-23,2026-08-23 12:00:00+00:00,2026-08-23 21:00:00+00:00,One day. One park. The midlands biggest country tribute festival!,,Himley Hall,DY3 4DF,-2.174152,52.519776,00:00:00,
Sundown Country Festival - Richmond,0,,2026-08-23,2026-08-23 12:00:00+00:00,2026-08-23 20:00:00+00:00,"Nashville is coming to Old Deer Park on 23rd August!

Get ready for Sundown Country Festival, a brand new show from the creators of Park Rock series!",,Old Deer Park,TW9 2SL,-0.309108,51.464456,00:00:00,
Raver Tots Outdoor Festival Bristol,0,,2026-08-23,2026-08-23 12:00:00+00:00,2026-08-23 18:00:00+00:00,RAVER TOTS IS RETURNING TO BRISTOL FOR THE BIGGEST AND BEST FAMILY FRIENDLY OUTDOOR FESTIVAL YET.,"{'id': 3053, 'name': 'Raver Tots Outdoor Festival Bristol', 'earliestStartDate': None}",Bristol Amphitheatre,BS1 5LL,-2.6008504,51.4486211,00:00:00,
The Prime Rave Chelmsford,0,,2026-08-23,2026-08-23 19:00:00+00:00,2026-08-24 02:00:00+00:00,"The Prime Rave Chelmsford brings DJs, rap battles, dance-offs & nonstop nightlife entertainment  to Chelmsford this August 23rd 2026 by 7pm",,Bar And Beyond,CM2 0HR,0.4747008,51.7311522,00:00:00,
Summer Festival in Oving,0,,2026-08-25,2026-08-25 11:00:00+00:00,2026-08-25 15:00:00+00:00,Come and join us at the Happy Octopus Club for the Summer Festival. Everyone is welcome. Free Entry. Enjoy in the fun.,,Oving Village Hall,HP22 4HD,-0.8574804,51.8869301,00:00:00,
Rock en Seine,0,,2026-08-26,2026-08-26 11:00:00+00:00,2026-08-30 23:00:00+00:00,Rock en Seine is a three-day rock music festival.,"{'id': 61, 'name': 'Rock en Seine ', 'earliestStartDate': None}",Domaine De Saint Cloud,FR,-2.1264712,57.131255,00:00:00,
Vodafone at Reading Festival,0,,2026-08-27,2026-08-27 08:00:00+00:00,2026-08-30 23:00:00+00:00,"Hire one of our battery packs and swap once a day for a fully charged one. £10 deposit required, refunded on battery pack return.",,Richfield Avenue Festival Site,RG1 8EQ,-0.985483,51.463616,00:00:00,
Vodafone at Leeds Festival,0,,2026-08-27,2026-08-27 08:00:00+00:00,2026-08-30 23:00:00+00:00,"Hire one of our battery packs and swap once a day for a fully charged one. £10 deposit required, refunded on battery pack return.",,Bramham Park,LS23 6ND,-1.381591,53.86853,00:00:00,
Chargecandy at Creamfields,0,,2026-08-27,2026-08-27 08:00:00+00:00,2026-08-30 23:00:00+00:00,Get 1x full charger for each day you are there. £10 deposit required on collection - refunded on return of last charger.,,Creamfields,WA4 4AG,-2.597379,53.389327,00:00:00,
Glastonferret 2026,0,,2026-08-27,2026-08-27 16:00:00+00:00,2026-08-30 23:45:00+00:00,GLASTONFERRET 2026 - The Original Indoor Turfed Festival returns for 4 days of live music!,"{'id': 796, 'name': 'Glastonferret ', 'earliestStartDate': None}",The Ferret,PR1 2XQ,-2.709592,53.763975,00:00:00,
Chargecandy at Lost Village,0,,2026-08-27,2026-08-27 08:00:00+00:00,2026-08-30 23:00:00+00:00,Get 1x full charger for each day you are there. £10 deposit required on collection - refunded on return of last charger.,,Norton Lodge,LN6 9JR,-0.691914,53.124546,00:00:00,
Hitchin Live at the Priory (weekend tickets),0,,2026-08-27,2026-08-27 16:00:00+00:00,2026-08-30 22:30:00+00:00,"Hitchin Live at the Priory 2026 featuring The Human League, The Libertines, Rudimental, Ministry of Sound Classical and many more",,Hitchin Priory,SG5 2DL,-0.2790761,51.9450487,00:00:00,
Robbers Dogs Growler Rally 2026,0,,2026-08-27,2026-08-27 12:00:00+00:00,2026-08-30 00:00:00+00:00,Camping - Live Music - Stalls - Motorcycle Competition,,The Whitby Club,CH65 6QF,-2.910045,53.262087,00:00:00,
Lost Village,0,,2026-08-27,2026-08-27 11:00:00+00:00,2026-08-30 23:00:00+00:00,"Lost Village is an immersive festival experience, in an abandoned woodland village. 
There's nothing else like it.","{'id': 700, 'name': 'Lost Village Festival', 'earliestStartDate': None}",Lost Village,LN6 9QG,-0.6894291,53.1404358,00:00:00,
Greenbelt Festival,0,,2026-08-27,2026-08-27 11:00:00+00:00,2026-08-30 23:00:00+00:00,"Greenbelt Festival is a festival of arts, faith and justice held annually in England since 1974.","{'id': 2743, 'name': 'Greenbelt Festival', 'earliestStartDate': None}",Boughton House,NN16 9UP,-0.6945309,52.4168496,00:00:00,
Reading Festival,0,,2026-08-27,2026-08-27 11:00:00+00:00,2026-08-30 23:00:00+00:00,"Reading Festival is back, bringing you the best acts to finish off the summer!","{'id': 17, 'name': 'Reading Festival', 'earliestStartDate': None}",Little John's Farm,RG30 1AB,-0.991697,51.456062,00:00:00,
Leeds Festival,0,,2026-08-27,2026-08-27 11:00:00+00:00,2026-08-30 23:00:00+00:00,"Leeds Festival is back, bringing you the best acts to finish off the summer!","{'id': 16, 'name': 'Leeds Festival', 'earliestStartDate': None}",Bramham Park,LS23 6ND,-1.381591,53.86853,00:00:00,
Shambala Festival,0,,2026-08-27,2026-08-27 11:00:00+00:00,2026-08-30 23:00:00+00:00,Shambala is seen as so much more than simply a monumental party.,"{'id': 518, 'name': 'Shambala Festival', 'earliestStartDate': None}",Kelmarsh Hall,NN6 9LY,-0.9181273,52.4062897,00:00:00,
Sunshine Music Festival,0,,2026-08-27,2026-08-27 11:00:00+00:00,2026-08-30 23:00:00+00:00,"""The UK's premier, family-friendly music and camping festival.","{'id': 3120, 'name': 'Sunshine Music Festival', 'earliestStartDate': None}",Fish Meadow Upton Upon Severn,WR8 0PB,-2.218323,52.066244,00:00:00,
Tunes in the Park,0,,2026-08-27,2026-08-27 11:00:00+00:00,2026-08-30 23:00:00+00:00,Music festival held in Cornwall.,"{'id': 2591, 'name': 'Tunes In The Park', 'earliestStartDate': None}",Port Eliot Estate,PL12 5ND,-4.309751,50.397376,00:00:00,
The Long Road,0,,2026-08-27,2026-08-27 11:00:00+00:00,2026-08-30 23:00:00+00:00,"The Long Road Festival will make its triumphant return to Stanford Hall, Leicestershire, UK.","{'id': 2395, 'name': 'The Long Road ', 'earliestStartDate': None}",Stanford Hall ,LE17 6DH,-1.1379204,52.4086411,00:00:00,
Beermageddon,0,,2026-08-27,2026-08-27 11:00:00+00:00,2026-08-30 23:00:00+00:00,Hard and Heavy Metal festival.,"{'id': 1277, 'name': 'Beermageddon', 'earliestStartDate': None}",Stoke Prior Sports  And  Country Club,B60 4AL,-2.0814212,52.2950436,00:00:00,
Manchester Village Pride 2026,0,,2026-08-28,2026-08-28 12:00:00+00:00,2026-09-01 06:00:00+00:00,"Manchester Village Pride 2026: Four days, three stages, one Village. Bank Holiday takeover celebrating LGBTQ+ culture in the heart of Manchester.","{'id': 3004, 'name': 'Manchester Village Pride 2026', 'earliestStartDate': None}",Manchester Gay Village,M1 3EZ,-2.236648,53.477199,00:00:00,
Goatfest 2026,0,,2026-08-28,2026-08-28 17:00:00+00:00,2026-08-30 23:00:00+00:00,"We're back for another year! Join us on August Bank Holiday Weekend 2026 in Hertfordshire for 3 days of live music, epic street food and good vibes.","{'id': 2728, 'name': 'Goatfest 2026', 'earliestStartDate': None}",The Great Field Bury Lane Codicote SG4 8XY,SG4 8XY,-0.231666,51.854986,00:00:00,
"The Bootleg Beatles | Keel Square, Sunderland",0,,2026-08-28,2026-08-28 18:00:00+00:00,2026-08-28 22:30:00+00:00,The world's No.1 Beatles tribute act is coming to Keel Square for the Summer Series in the square in Sunderland.,,Keel Square,SR1 3DZ,-1.387824,54.907258,00:00:00,
Preston Summerfest 2026,0,,2026-08-28,2026-08-28 14:00:00+00:00,2026-08-31 00:00:00+00:00,We are a family friendly music festival in the heart of Kent that raises money for good causes. Check out our Facebook page for photos of our events.,,CT3 1HB,CT3 1HB,1.2303344,51.303939,00:00:00,
"Chelmsford Summer Series: Sugababes, Annie Mac, Melanie C (DJ)",0,,2026-08-28,2026-08-28 15:00:00+00:00,2026-08-28 22:00:00+00:00,"Chelmsford Summer Series presents: Sugababes, who will return to Essex for a special outdoor show in Central Park on Friday 28th August.",,Chelmsford Central Park,CM2 0RW,0.4650414,51.7326533,00:00:00,
Dubs of Rock 2026,0,,2026-08-28,2026-08-28 09:00:00+00:00,2026-08-30 23:00:00+00:00,"A full-scale festival experience for a fraction of the price! With multiple stages, stage production, campsite facilities, food vendors, and more!","{'id': 2953, 'name': 'Dubs Of Rock 2026', 'earliestStartDate': None}",Cattows Farm,LE67 2TD,-1.4382015,52.6953658,00:00:00,
Weekend in the Woods,0,,2026-08-28,2026-08-28 12:00:00+00:00,2026-08-31 12:00:00+00:00,"After a sell out 205 event we return in 2026 with an increased capacity!
Three days & nights of Old Skool, Jungle, Hardcore & Hard House",,Wold Farm Festival Field ,NN29 7XA,-0.613542,52.228256,00:00:00,
NBG Garden Party (16-18),0,,2026-08-28,2026-08-28 14:00:00+00:00,2026-08-28 22:00:00+00:00,NBG returns for its biggest event to date with an unforgettable daytime drum & bass garden party at one of Bristol's most iconic venue!,,The Trinity Centre,BS2 0NW,-2.576,51.458081,00:00:00,
T.H.E Truckers Tunes Ltd @ The Truck Show Barnard Castle,0,,2026-08-28,2026-08-28 13:00:00+00:00,2026-08-31 11:30:00+00:00,"Local Acts // Tribute Bands // Dance Tent Powered By PITCH  Re-Union Events

Bank Holiday Weekend 
August Bank Holiday 2026

Live Music & Dance Tent",,Streatlam Event Field,DL12 8RQ,-1.886428,54.5620948,00:00:00,
Sunset At The Manor | Pink Floyd Mega Laser Show | Kent,0,,2026-08-28,2026-08-28 18:00:00+00:00,2026-08-28 23:00:00+00:00,Tickets Selling Fast!,,Strode Park House,CT6 7NE,1.1294183,51.3497599,00:00:00,
FarmFest 2026,0,,2026-08-28,2026-08-28 17:00:00+00:00,2026-08-31 23:00:00+00:00,"FarmFest is 4 day Indie, Alt, Post-Punk Music Festival, supporting Asylum Seeking women and children. with London based very talented un-signed bands.",,WD39XJ,WD3 9XJ,-0.5063266,51.6171363,00:00:00,
The Beat Goes On Presents An Acid Barn Dance,1,2027-05-28,2026-08-28,2026-08-28 12:00:00+00:00,2026-08-31 14:00:00+00:00,"Back to Basics 1 Barn 1 Stage 1 Weekend
Stunning Countryside Location 
Fully Licenced Bar /24Hr Security Basic campsite facilities",,Penny Square Barn,BA4 6AG,-2.4372026,51.1540183,00:00:00,2027-05-28
Lost Lake Festival,1,2026-08-29,2026-08-28,2026-08-28 12:00:00+00:00,2026-08-30 00:00:00+00:00,"Lost Lake is a 21+ August Bank Holiday weekend, DnB & house music festival, held at the stunning Coxleigh Estate, North Devon.",,The Venue At Coxleigh,EX31 4EX,-4.0214425,51.0991562,00:00:00,2026-08-29
Crownload 2026,0,,2026-08-28,2026-08-28 13:00:00+00:00,2026-08-30 23:45:00+00:00,"The annual Crownload Music Festival, hitting Merthyr Tydfil hard for the 11th year running!",,Clwb Crown,CF48 1BA,-3.3839352,51.746875,00:00:00,
Thunderfest,0,,2026-08-28,2026-08-28 19:30:00+00:00,2026-08-30 23:00:00+00:00,A three-day family-friendly music festival celebrating Bristol's independent music scene.,,The Thunderbolt,BS4 3ED,-2.574083,51.442487,00:00:00,
Bubz Fest,0,,2026-08-28,2026-08-28 10:00:00+00:00,2026-08-28 23:00:00+00:00,A family only festival for Bubz,,Wintney Barn,RG27 8SH,-0.891601,51.2900343,00:00:00,
Equinox Festival,0,,2026-08-28,2026-08-28 18:00:00+00:00,2026-08-29 03:00:00+00:00,Equinox returns again this August Bank Holiday Friday for a night of Milwaukees magic!,,Wold Farm Festival Field ,NN29 7XA,-0.613542,52.228256,00:00:00,
BeCider Seaside 22,0,,2026-08-28,2026-08-28 10:00:00+00:00,2026-08-30 23:45:00+00:00,Our final festival of the summer will be held on the August Bank Holiday Weekend: 28th-30th. The little festival that packs a big punch!,,Bredy Farm,DT6 4ND,-2.697653,50.703545,00:00:00,
Briggzfest 2026,0,,2026-08-28,2026-08-28 12:00:00+00:00,2026-08-30 23:00:00+00:00,Multi-genre weekend festival at a brand new venue - 2 stages delivering amazing sounds and immersive energy all August bank holiday weekend!,,Ham Farm,BN8 5SB,0.0452741,50.8991494,00:00:00,
CarFest 2026,0,,2026-08-28,2026-08-28 10:00:00+00:00,2026-08-30 23:45:00+00:00,The UK's Largest Family Fundraising Festival,,Silverstone Circuit,NN12 8TN,-1.0419372,52.1229567,00:00:00,
Maui Waui Festival,0,,2026-08-28,2026-08-28 11:00:00+00:00,2026-08-30 23:00:00+00:00,"Maui Waui is a 3 day festival of international music, performance and arts.","{'id': 1806, 'name': 'Maui Waui Festival', 'earliestStartDate': None}",Elveden Hall Estate,IP24 3TA,0.679681,52.385261,00:00:00,
Camper Calling,0,,2026-08-28,2026-08-28 11:00:00+00:00,2026-08-30 23:00:00+00:00,Camper Calling Family Music Festival.,"{'id': 1430, 'name': 'Camper Calling', 'earliestStartDate': None}",Ragley Hall Park And Gardens,B49 5NH,-1.896,52.198,00:00:00,
Made in Manchester - Stockport,0,,2026-08-28,2026-08-28 11:00:00+00:00,2026-08-31 23:00:00+00:00,Manchester's coolest family-friendly music festival!,"{'id': 2337, 'name': 'Made in Manchester Festival - Stockport', 'earliestStartDate': None}",Waterside Farm,SK63LQ,-2.062713,53.3890077,00:00:00,
Victorious Festival,0,,2026-08-28,2026-08-28 11:00:00+00:00,2026-08-30 23:00:00+00:00,Victorious Festival has taken the festival scene by storm.,"{'id': 526, 'name': 'Victorious Festival', 'earliestStartDate': None}",Southsea Seafront,PO5 3PG,-1.0820626,50.7786223,00:00:00,
Carfest,0,,2026-08-28,2026-08-28 11:00:00+00:00,2026-08-30 23:00:00+00:00,"Created by Chris Evans, CarFest is the UK's largest family fundraising festival","{'id': 3099, 'name': 'Carfest', 'earliestStartDate': None}",Silverstone Circuit,NN12 8TN,-1.0419372,52.1229567,00:00:00,
Krankenhaus Festival,0,,2026-08-28,2026-08-28 11:00:00+00:00,2026-08-30 23:00:00+00:00,"Thrilling music, prize-winning authors, comedy, fell walking and even raptor displays, brought to you by Sea Power, Muncaster Castle and friends.","{'id': 3129, 'name': 'Krankenhaus Festival', 'earliestStartDate': None}",Muncaster Castle,CA18 1RQ,-3.3808474,54.3546089,00:00:00,
Shrewsbury Folk Festival,0,,2026-08-28,2026-08-28 11:00:00+00:00,2026-08-31 23:00:00+00:00,Shrewsbury Folk Festival. You can't imagine how much you will discover!,"{'id': 460, 'name': 'Shrewsbury Folk Festival', 'earliestStartDate': None}","West Midlands Showground, Shrewsbury",SY2 6JY,-2.764031,52.715459,00:00:00,
The Big Feastival,0,,2026-08-28,2026-08-28 11:00:00+00:00,2026-08-30 23:00:00+00:00,"Alex James presents The Big Feastival, a unique three-day celebration of music, food and fun for all the family.","{'id': 424, 'name': 'The Big Feastival', 'earliestStartDate': None}",Alex James Farm,OX7 6UJ,-1.6145416,51.8989385,00:00:00,
The Libertines - Hitchin Live at the Priory,0,,2026-08-29,2026-08-29 14:00:00+00:00,2026-08-29 22:30:00+00:00,"The Libertines headline Hitchin Live at the Priory with support from Maximo Park, Reverend and The Makers, Mystery Jets and many more",,Hitchin Priory,SG5 2DL,-0.2790761,51.9450487,00:00:00,
Dreamland Jouvert X,0,,2026-08-29,2026-08-29 12:00:00+00:00,2026-08-29 20:00:00+00:00,"Dreamland Jouvert X - The Blueprint.

Get ready to immerse yourself in a vibrant celebration of life, culture and freedom.","{'id': 2932, 'name': 'Dreamland Jouvert X', 'earliestStartDate': None}","Court Farm, Oxted Road, Godstone, Surrey, RH9 8DB",RH9 8DB,-0.0478044,51.2487692,00:00:00,
Chelmsford Summer Series 2026: Mcfly,0,,2026-08-29,2026-08-29 13:00:00+00:00,2026-08-29 22:00:00+00:00,"Chelmsford Summer Series presents: McFly, who will return to Essex for a special outdoor show in Central Park on Saturday 29th August.",,Chelmsford Central Park,CM2 0RW,0.4650414,51.7326533,00:00:00,
Noughty 90's Festival Newcastle 2026,0,,2026-08-29,2026-08-29 12:00:00+00:00,2026-08-29 22:00:00+00:00,Noughty 90's returns to Leazes Park for a 6th year.,"{'id': 1983, 'name': 'Noughty 90s Festival Newcastle', 'earliestStartDate': None}",Leazes Park ,NE2 4BJ,-1.6273316,54.9761021,00:00:00,
Blackpool Cricket Club Festival 2026,0,,2026-08-29,2026-08-29 12:00:00+00:00,2026-08-29 21:30:00+00:00,Blackpool Cricket Club Festival returns on Sat 29th Aug 2026.,,Blackpool Cricket Club ,FY3 9EQ,-3.0300877,53.8150867,00:00:00,
Cheltenham Tribute Festival 2026,0,,2026-08-29,2026-08-29 12:00:00+00:00,2026-08-29 22:00:00+00:00,"EPIC MUSIC LINE-UP with 8 top UK tribute bands, amazing food and fun for all",,Cheltenham Racecourse,GL50 4SH,-2.069876,51.918208,00:00:00,
"ARMAND VAN HELDEN, SOSA & MORE | Groovebox Keel SQ Summer Fest",0,,2026-08-29,2026-08-29 13:00:00+00:00,2026-08-29 22:30:00+00:00,"This coming August Bank Holiday, we head to Keel Square in Sunderland for a huge day festival with Armand Van Helden, SOSA, Sidney Charles & more...","{'id': 3165, 'name': 'ARMAND VAN HELDEN, SOSA & MORE | Groovebox Keel SQ Summer Fest', 'earliestStartDate': None}",Keel Square,SR1 3DZ,-1.387824,54.907258,00:00:00,
Bournefest 2026,0,,2026-08-29,2026-08-29 14:00:00+00:00,2026-08-30 21:30:00+00:00,BOURNEFEST is set to light up the shores of sunny Eastbourne with a brand-new beachside festival from Saturday 29th of August,"{'id': 3002, 'name': 'Bournefest 2026', 'earliestStartDate': None}",Western Lawns Eastbourne,BN21 4EH,0.2835963,50.7611188,00:00:00,
Road to Nashville Outdoor Festival | SteelYard,0,,2026-08-29,2026-08-29 14:00:00+00:00,2026-08-29 23:00:00+00:00,"After a series of successful SOLD OUT shows, The Road to Nashville is returning to SteelYard for a second HUGE country takeover!","{'id': 3168, 'name': 'Road to Nashville Outdoor Festival | Sheffield', 'earliestStartDate': None}",SYSheffield (Steel Yard),S3 8AS,-1.4790332,53.394278,00:00:00,
Country Club - Outdoor Country Music Festival - Cardiff,0,,2026-08-29,2026-08-29 15:00:00+00:00,2026-08-29 22:00:00+00:00,Saddle up cowboys and girls. Country Club  OUTDOOR OPEN AIR day party is returning to CARDIFF for the ultimate hoedown in August 2026!,,Tiger Yard,CF10 4GA,-3.1603143,51.4597605,00:00:00,
Nashdown - Country Music Festival,0,,2026-08-29,2026-08-29 13:00:00+00:00,2026-08-29 22:30:00+00:00,"Nashdown Country Music Festival lands at Lingfield Racecourse this Bank Holiday weekend with live music, rodeo bulls, muscle cars & more.",,Lingfield Park Racecourse,RH7 6PQ,-0.001356,51.1701647,00:00:00,
"DJ SAMMY & MORE | Love the 90s Fest | Winter Garden, Blackpool",0,,2026-08-29,2026-08-29 14:00:00+00:00,2026-08-29 22:30:00+00:00,"After multiple sell-out shows across the UK, Love The 90s Festival is taking over Winter Gardens, Blackpool for a day of pure 90s nostalgia!","{'id': 3158, 'name': 'DJ SAMMY & MORE | Love the 90s Fest | Winter Gardens, Blackpool', 'earliestStartDate': None}",Winter Gardens Blackpool,FY1 1HL,-3.050948,53.81712,00:00:00,
Country Club - Outdoor Country Music Festival - London,0,,2026-08-29,2026-08-29 14:00:00+00:00,2026-08-29 22:00:00+00:00,Saddle up cowboys & cowgirls. Country club OUTDOOR OPEN AIR day party is riding back into LONDON in August 2026!,,LDN EAST,E16 4SH,0.0037307,51.5190133,00:00:00,
Summer Outdoor Garage Festival - Wheelers Farm Chelmsford,0,,2026-08-29,2026-08-29 14:00:00+00:00,2026-08-29 22:00:00+00:00,"Get ready for a massive Summer Outdoor UK Garage Festival coming this August! If you love your garage anthems, you will love this!",,Wheelers Farm ,CM3 3LZ,0.4902514,51.7871197,00:00:00,
R&B Lovers - Saturday 29th August - Luna Spring,0,,2026-08-29,2026-08-29 15:00:00+00:00,2026-08-30 00:00:00+00:00,After back to back SELLOUT shows! We return to Birmingham on 29th August for our annual huge outdoor Summer Showdown!,,Luna Springs Digbeth ,B9 4AG,-1.8814649,52.475036,00:00:00,
Back To The 90s - Summer Outdoor Festival - Manchester,0,,2026-08-29,2026-08-29 15:00:00+00:00,2026-08-29 23:00:00+00:00,Manchester the BIGGEST 90s Summer Outdoor Daytime Dance Festival is coming August,,Freight Island,M1 2PZ,-2.2276473,53.4751511,00:00:00,
Good Vibes Only. 29th & 30th August 2026.,0,,2026-08-29,2026-08-29 13:00:00+00:00,2026-08-31 00:30:00+00:00,Good Vibes Only is back at Newlands Park for 2 days jam packed with incredible headline artists and the very best local talent around. Let's dance!,,Cheltenham RFC Newlands Park ,GL52 3PE,-2.064448,51.934019,00:00:00,
90's & 00's Nation presents SED Festival,0,,2026-08-29,2026-08-29 14:30:00+00:00,2026-08-29 23:00:00+00:00,South East Dance Festival is back in Southend for 2026!,,Garon Park,SS2 4FA,0.736835,51.55325,00:00:00,
Walsall Pride 2026,0,,2026-08-29,2026-08-29 11:00:00+00:00,2026-08-29 18:00:00+00:00,"Walsall Pride 2026 returns bigger & brighter than ever!  Join us in the heart of Walsall for a vibrant celebration of love, diversity, and equality",,Walsall Arboretum Extension,WS12QB,-1.9608458,52.5827393,00:00:00,
R&B Lovers - Summer Outdoor Festival - Sat 29th Aug - Bristol,0,,2026-08-29,2026-08-29 14:00:00+00:00,2026-08-29 22:00:00+00:00,Bristol after our sellout May show we are back by huge demand on August Bank Holiday Weekend get ready for a massive Summer 90s & 00s R&B Festival!,,The Prospect Building,BS2 0QD,-2.5730764,51.4493081,00:00:00,
PURE R&B - Summer Outdoor Day Party Cardiff - August 29th,0,,2026-08-29,2026-08-29 15:00:00+00:00,2026-08-29 22:30:00+00:00,"PURE RNB
OUTDOOR SUMMER DAY PARTY
Bank Holiday Saturday 29th August 2026
3PM - 10.30
Lo Lounge, Cardiff Bay",,Lo Lounge Cardiff Bay,CF10 4GA,-3.1613264,51.4591527,00:00:00,
Madisons 90s Festival,0,,2026-08-29,2026-08-29 12:00:00+00:00,2026-08-29 23:00:00+00:00,"Madisons 90s Festival with Camping 
29th August 2026",,Rivendell,CA14 1SZ,-3.5096363,54.6506539,00:00:00,
"Spangled X Rough Tempo -TNA, Nu:Elementz - Azza + Grima, P Money",0,,2026-08-29,2026-08-29 14:00:00+00:00,2026-08-29 22:00:00+00:00,"Spangled x Rough Tempo return! Outdoor day rave, bank holiday weekend. TNA, Nu:Elementz, Azza & Grima, Wavysof + P Money",,Blackbox Brewery,SS2 6UN,0.6842483,51.5730982,00:00:00,
Weeley Tribute Festival 2026,0,,2026-08-29,2026-08-29 13:00:00+00:00,2026-08-29 22:00:00+00:00,"Weeley Tribute Festival 2026 - Oasis, Madness, Ed Sheeran, Bryan Adams & more. 29 Aug, Clacton. Family day out - Book now before prices rise","{'id': 2118, 'name': 'Weeley Tribute Festival', 'earliestStartDate': None}",Weeley Carboot Site,CO16 9AG,1.10762,51.859945,00:00:00,
Cosmic Vibration Festival III,0,,2026-08-29,2026-08-29 00:00:00+00:00,2026-08-30 23:30:00+00:00,Heavy Metal and Doom festival in the Steel City,,Sidney And Matilda,S1 4RH,-1.469086,53.375439,00:00:00,
Sunset At The Manor | Ibiza Classics BBQ | Kent,0,,2026-08-29,2026-08-29 17:00:00+00:00,2026-08-29 23:00:00+00:00,Tickets Selling Fast!,,Strode Park House,CT6 7NE,1.1294183,51.3497599,00:00:00,
Live At The Queens Fest,0,,2026-08-29,2026-08-29 00:00:00+00:00,2026-08-30 01:00:00+00:00,"Welcome back to Bridlington's Grassroots Music Festival - Live At The Queens Fest 2026!

22 original artists - DJ till late - 13 hours of live music!",,Queens Bar And Coffee House,YO16 4PN,-0.2090571,54.0933179,00:00:00,
Epidemik in the Woods,0,,2026-08-29,2026-08-29 12:00:00+00:00,2026-08-30 03:00:00+00:00,Epidemik joins Weekend in the Woods again in 2026!,,Wold Farm Festival Field ,NN29 7XA,-0.613542,52.228256,00:00:00,
Rum & Reggae Chester,0,,2026-08-29,2026-08-29 11:00:00+00:00,2026-08-29 21:00:00+00:00,"ASWAD, General Levy, XODUS & Da Fuchaman live at Chester Racecourse. Rum bars, Caribbean food & reggae vibes all day.",,Chester Racecourse,CH1 2LY,-2.897919,53.189173,00:00:00,
Summer Garage Rooftop Rave - Saturday 29th August - Birmingham,0,,2026-08-29,2026-08-29 15:00:00+00:00,2026-08-29 22:00:00+00:00,"We are back for our annual Summer Garage Rooftop Party on the infamous XOYO rooftop. Get ready for non stop garage anthems, reloads and pure vibes!",,XOYO Rooftop,B9 4AG,-1.8818475,52.4751802,00:00:00,
Girls Like R&B x Binks Yard Nottingham,0,,2026-08-29,2026-08-29 15:00:00+00:00,2026-08-29 22:00:00+00:00,"NOTTINGHAM GIRLS, IT'S YOUR TIME

The UK's FIRST all-female R&B summer festival is finally here Outdoor at Binks Yard",,Binks Yard,NG2 3BJ,-1.1395462,52.9483902,00:00:00,
Tik-Tech VIIII,0,,2026-08-29,2026-08-29 15:00:00+00:00,2026-08-30 03:00:00+00:00,Tik-Tech have done it again !!! round 2 of our open air !!,,Glory Holes,LN2 1AL,-0.539988,53.2301542,00:00:00,
Crewe Rocks,0,,2026-08-29,2026-08-29 00:00:00+00:00,2026-08-30 01:30:00+00:00,"14 Bands. 3 Venues. 1 Massive Rock Finale. Crewe Rocks 2026 takes over the town on Saturday, August 29th-don't miss the loudest day of the summer",,The Arena Crewe,CW2 7BL,-2.4410106,53.0958556,00:00:00,
Foodies Festival 2026 - Oxford,0,,2026-08-29,2026-08-29 12:00:00+00:00,2026-08-31 21:00:00+00:00,"Foodies Festival Oxford is a vibrant three-day event at South Park, featuring top chefs, street food, live music and family-friendly fun.",,Oxford South Parks,OX4 1NT,-1.2363782,51.7504206,00:00:00,
RNB MANIA | Leeds' Outdoor R&B Festival,0,,2026-08-29,2026-08-29 15:00:00+00:00,2026-08-29 21:00:00+00:00,"Leeds, are you ready for an incredible all-eras R&B showcase? RNB MANIA is bringing our iconic R&B vibe to Project House!","{'id': 3148, 'name': ""R&B Mania | Leeds' Outdoor R&B Festival"", 'earliestStartDate': None}",Project House,LS12 2DR,-1.5662789,53.7956309,00:00:00,
HITOP Tv - The Blueprint Rave Festival Experience - DARTFORD,0,,2026-08-29,2026-08-29 15:00:00+00:00,2026-08-30 03:00:00+00:00,"After our Amazing Last HITOP Tv Blueprint at the Red Bar in Dartford at the start of Summer, we are excited to announce we are back for Round 2!!!",,Red Bar And Cadiz,DA1 2DT,0.213363,51.4449892,00:00:00,
Appetite On The Farm,0,,2026-08-29,2026-08-29 11:00:00+00:00,2026-08-30 23:00:00+00:00,Appetite Returns to the farm.,"{'id': 2845, 'name': 'Appetite On The Farm', 'earliestStartDate': None}",Kelvedon Hall,CM14 5TN,0.2523195,51.6779826,00:00:00,
Forwards - Bristol,0,,2026-08-29,2026-08-29 11:00:00+00:00,2026-08-30 23:00:00+00:00,An inner city music festival drawing the biggest names in international music to Bristol Downs every September.,"{'id': 2438, 'name': 'Forwards - Bristol', 'earliestStartDate': None}",Durdham Downs,BS9 1FG,-2.6193048,51.4724698,00:00:00,
Stonedead Festival,0,,2026-08-29,2026-08-29 11:00:00+00:00,2026-08-29 23:00:00+00:00,"A one day, one stage, monster show by fans for the fans recreating the vibe of Donington of old.","{'id': 2602, 'name': 'Stonedead Festival', 'earliestStartDate': None}",Newark Showground,NG24 2NY,-0.7692713,53.0977242,00:00:00,
The Searchers and Hollies Experience,0,,2026-08-29,2026-08-29 19:30:00+00:00,2026-08-29 22:00:00+00:00,A hit-filled tribute to two pop legends!,,The Exchange Twickenham,TW1 1BE,-0.3313235,51.4500182,00:00:00,
Roseshire Festival,0,,2026-08-29,2026-08-29 11:00:00+00:00,2026-08-30 23:00:00+00:00,A brand-new two-day music festival being held at the Chester House Estate.,"{'id': 3013, 'name': 'Roseshire Festival', 'earliestStartDate': None}",Cheshire House Estate,NN82DH,-0.655462,52.278228,00:00:00,
The Graves Park Food and Drink Festival 2026: A Summertime Feast,0,,2026-08-29,2026-08-29 10:00:00+00:00,2026-08-31 19:00:00+00:00,"The Graves Park Food and Drink Festival is back for 2026! Celebrating all things Food, Drink, Performing Arts & Live Music. Graves Park, Sheffield.",,Graves Park,S8 8LL,-1.469792,53.339079,00:00:00,
MKF Festival,0,,2026-08-29,2026-08-29 11:00:00+00:00,2026-08-30 23:00:00+00:00,"From the creators of Festwich, MKF returns to Campbell Park this August bank holiday weekend!","{'id': 2372, 'name': 'MKF Festival', 'earliestStartDate': None}","Campbell Park, Milton Keynes",MK9 3hr,-0.75553999,52.04034399,00:00:00,
Roseshire Festival,0,,2026-08-29,2026-08-29 11:00:00+00:00,2026-08-30 23:00:00+00:00,A brand-new two-day music festival being held at the Chester House Estate in Northamptonshire. Bringing together respected indie acts on Saturday and,"{'id': 3013, 'name': 'Roseshire Festival', 'earliestStartDate': None}",Chester House Estate,NN8 2DH,-0.6537724,52.2917088,00:00:00,
New World 2026 ft. Craig David | Chelmsford Central Park,0,,2026-08-30,2026-08-30 13:00:00+00:00,2026-08-30 22:00:00+00:00,New World Festival returns on Sunday 30th August to a brand new stunning location of Chelmsford Central Park headlined by Craig David.,"{'id': 2084, 'name': 'New World Fest ', 'earliestStartDate': None}",Chelmsford Central Park,CM2 0RW,0.4650414,51.7326533,00:00:00,
Road to Nashville Outdoor Festival | Keel Square,0,,2026-08-30,2026-08-30 12:00:00+00:00,2026-08-30 22:30:00+00:00,"Following a run of hugely successful, sell-out shows, The Road to Nashville is heading to Sunderland in August 2026 for one massive country takeover!","{'id': 3166, 'name': 'Road to Nashville Outdoor Festival | Sunderland', 'earliestStartDate': None}",Keel Square,SR1 3DZ,-1.387824,54.907258,00:00:00,
KOMPND Carnival,0,,2026-08-30,2026-08-30 15:00:00+00:00,2026-08-30 23:00:00+00:00,"A full-spectrum carnival celebration of sound system culture, movement & energy. A multi-genre experience rooted in the essence of community and vibes",,Untitled Studio,M50 1BB,-2.317309,53.482411,00:00:00,
Off Grid Festival: Chapter One,0,,2026-08-30,2026-08-30 12:00:00+00:00,2026-08-30 23:00:00+00:00,From the creators of LAB11 and the family within. A brand new festival site that the Midlands deserves. No Signal Required. Its time to go off grid.,"{'id': 3103, 'name': 'Off Grid Festival: Chapter One', 'earliestStartDate': None}",The Royal Town Of Sutton Coldfield,B75 5SA,-1.7791866,52.5916402,00:00:00,
Allday Indie Outdoor Festival - Manchester,0,,2026-08-30,2026-08-30 15:00:00+00:00,2026-08-30 22:00:00+00:00,"All Day Indie Outdoor Festival, Freight Island Manchester
A massive allday throwback party celebrating the soundtrack of your youth.",,Freight Island,M1 2PZ,-2.2276473,53.4751511,00:00:00,
FAC51 The Haçienda Open Air - Birmingham,0,,2026-08-30,2026-08-30 13:00:00+00:00,2026-08-30 23:00:00+00:00,FAC51 The Haçienda comes to Birmingham for a huge open air show with one of the biggest house music line ups to hit the city.,,Luna Springs Digbeth ,B9 4AG,-1.8814649,52.475036,00:00:00,
Party In Acklam Park,0,,2026-08-30,2026-08-30 12:00:00+00:00,2026-08-30 21:30:00+00:00,A  fantastic outdoor family music festival featuring some of the country's top tribute bands. this year we are celebrating its 10th anniversary!,,Middlesbrough Rugby And Cricket Club,TS5 7SL,-1.252644,54.550538,00:00:00,
Monton Soul & Pop festival,0,,2026-08-30,2026-08-30 12:00:00+00:00,2026-08-30 21:00:00+00:00,"Monton Soul and Pop festival is the newest festival to hit the North West. appearing live on Stage will be Kenny Thomas,  Odyssey,  and Stax of Soul.",,Monton Cricket Sports Club,M30 9EH,-2.342635,53.4946503,00:00:00,
"DJ SAMMY & MORE | Love the 90s Fest | Prospect Building, Bristol",0,,2026-08-30,2026-08-30 13:00:00+00:00,2026-08-30 22:00:00+00:00,"After multiple sell-out shows across the UK, Love The 90s Festival is taking over Prospect Building for a day of pure 90s nostalgia!","{'id': 3159, 'name': 'DJ SAMMY & MORE | Love the 90s Fest | Prospect Building, Bristol', 'earliestStartDate': None}",The Prospect Building,BS2 0QD,-2.5730764,51.4493081,00:00:00,
RNB MANIA | Lincoln's R&B Festival,0,,2026-08-30,2026-08-30 15:00:00+00:00,2026-08-30 22:00:00+00:00,"Lincoln, are you ready to experience the very best of R&B music? R&B MANIA returns to STACK on Sunday 30 August 2026!","{'id': 3149, 'name': ""R&B Mania | Lincoln's R&B Festival"", 'earliestStartDate': None}",STACK Lincoln,LN5 7AA,-0.543133,53.224688,00:00:00,
RNB MANIA | Derby's R&B Festival,0,,2026-08-30,2026-08-30 16:00:00+00:00,2026-08-30 23:00:00+00:00,"Derby, are you ready for an incredible 90s & 00s R&B showcase? RNB MANIA is bringing our iconic R&B vibe to Ultra Warehouse!","{'id': 3150, 'name': ""R&B Mania | Derby's R&B Festival"", 'earliestStartDate': None}",Ultra Warehouse,DE21 6HA,-1.45278,52.9215784,00:00:00,
R&B Lovers - Sunday 30th August - Wheelers Farm Chelmsford,0,,2026-08-30,2026-08-30 15:00:00+00:00,2026-08-30 22:00:00+00:00,"Chelmsford we are back for 2026! Get ready for a massive Summer Outdoor 90s & 00s R&B Festival coming August 2026!
i",,Wheelers Farm ,CM3 3LZ,0.4902514,51.7871197,00:00:00,
Proper Fest 2026,0,,2026-08-30,2026-08-30 11:00:00+00:00,2026-08-30 22:00:00+00:00,"Proper Fest 2026 30 Aug, Clacton-on-Sea","{'id': 1980, 'name': 'Proper Fest', 'earliestStartDate': None}",Weeley Car Boot,CO16 9AG,1.106406,51.861251,00:00:00,
iFest 2026 - 10 Year Anniversary,0,,2026-08-30,2026-08-30 13:00:00+00:00,2026-08-30 22:00:00+00:00,"Our 10 year anniversary festival family fun day. Featuring live music, fun fair, outside and inside bars, and the very best food vendors around.",,Ifield Cricket Club,RH11 0HL,-0.2149129,51.1262145,00:00:00,
Ibiza Terrace Party 2026,0,,2026-08-30,2026-08-30 14:00:00+00:00,2026-08-30 22:00:00+00:00,Bank Holiday Sunday just got bigger as our annual Ibiza Terrace Party returns on 30th August.,,George's Bistro And Bar,BD19 3RA,-1.7127063,53.7232829,00:00:00,
State of Mind - The Launch,0,,2026-08-30,2026-08-30 14:00:00+00:00,2026-08-31 02:00:00+00:00,"State of Mind is a Liverpool-born music and events brand built around feel-good music, community, connection and giving back.",,Wav Garden,L3 7DH,-2.995431,53.4197165,00:00:00,
Mr Shaw Reminisce Bank Holiday August 30th - 2026,0,,2026-08-30,2026-08-30 13:00:00+00:00,2026-08-30 23:45:00+00:00,"Classic 90s House Music event celebrating everything glorious from the 90s scene. Bank Holiday vibes on Sadler Gate, Derby",,"The Old Blacksmith's Yard, Sadler Gate, Derby",DE1 3PD,-1.4789323,52.9233035,00:00:00,
Sunset At The Manor | 80s Greatest Hits BBQ | Kent,0,,2026-08-30,2026-08-30 17:00:00+00:00,2026-08-30 23:00:00+00:00,Tickets Selling Fast!,,Strode Park House,CT6 7NE,1.1294183,51.3497599,00:00:00,
Ibiza Radio 1 Ibiza Festival @ Swigg Swansea,0,,2026-08-30,2026-08-30 13:00:00+00:00,2026-08-30 23:45:00+00:00,Taking you back to those wonderful hazy days on THAT special Ibiza terrace and bringing you right up to speed with current White Isle vibes.,,The Swigg Swansea,Sa1 3rd,-3.9391887,51.6162135,00:00:00,
Swingfest 2026,0,,2026-08-30,2026-08-30 15:00:00+00:00,2026-08-31 04:00:00+00:00,"Naughty Adult festival @ Hu9 Swingers Club. Main Stage with Dj and live acts, Adult bouncy castle, 360 PhotoBooth, BBQ, Licensed Bar & much more.",,Hu9 Club,HU9 1AS,-0.3292492,53.7477863,00:00:00,
Annual Beatles Convention Day 2026,0,,2026-08-30,2026-08-30 11:00:00+00:00,2026-08-30 23:45:00+00:00,"The world's biggest Beatles Convention returns to Liverpool. Live music, guest speakers, films, memorabilia and more at the Adelphi Hotel.",,The Adelphie Hotel,L3 5UL,-2.9769624,53.4054971,00:00:00,
Lazy Sunday Festival,0,,2026-08-30,2026-08-30 12:00:00+00:00,2026-08-31 03:00:00+00:00,"We return in 2026, with a refreshed look, bigger capacity and new nighttime stages!

OLD SKOOL // JUNGLE // HARDCORE // HARD HOUSE STAGES",,Wold Farm Festival Field ,NN29 7XA,-0.613542,52.228256,00:00:00,
Party In Y Parc 2026,1,2026-08-31,2026-08-30,2026-08-30 12:00:00+00:00,2026-08-30 22:00:00+00:00,"Party in Y Parc returns bigger than ever!
Join us for Holyhead's biggest outdoor music festival",,Y Parc   Holyhead,ll651bg,-4.64075838,53.31365499,00:00:00,2026-08-31
LegendsLive Festival 2026,1,,2026-08-30,2026-08-30 12:00:00+00:00,2026-08-30 22:00:00+00:00,"The UK's biggest open air tribute festival arrives in London. 3 stages, 8 iconic acts, 4,000 fans celebrating the legends this August Bank Holiday.","{'id': 3046, 'name': 'LegendsLive Festival ', 'earliestStartDate': None}",Studio 338,SE10 0PF,0.004709,51.495343,00:00:00,
Darlington Trackfest,1,,2026-08-30,2026-08-30 12:00:00+00:00,2026-08-30 23:00:00+00:00,"Darlington Track Fest is a tribute band festival celebrating 200 years of the train, bringing top tribute acts from across the UK to Darlington.",,Darlington Railway Athletic Club,DL3 9LF,-1.5758477,54.5360476,00:00:00,
Push The Daytime,0,,2026-08-30,2026-08-30 14:00:00+00:00,2026-08-30 22:00:00+00:00,"PUSH presents eight hours of high class House, Funky House & Club Classics from 4 northern hero DJs in the iconic Brew York Brew Hall & Tap Room.",,Brew York Craft Brewery And Tap Room,YO1 9TT,-1.0763624,53.9576795,00:00:00,
"KEPLER, LUUK VAN DIJK & MORE |MUZAK & Groovebox Mansfield",0,,2026-08-30,2026-08-30 13:00:00+00:00,2026-08-30 23:00:00+00:00,"Muzak & Groovebox return to The Swan in Mansfield on Sunday the 30th of August for a day rave with Kepler, Luuk Van Dijk, M-High & more!",,The Swan Mansfield,NG18 1AE,-1.1958286,53.1440526,00:00:00,
Emerge Music Festival Belfast,0,,2026-08-30,2026-08-30 11:00:00+00:00,2026-08-30 23:00:00+00:00,"Emerge Music Festival Belfast returns to Boucher Playing Fields, Hosting International Dance headline acts and local Belfast talent.","{'id': 2354, 'name': 'Emerge Music Festival Belfast', 'earliestStartDate': None}",Boucher Road Playing Fields,BT12 6EU,-5.9704547,54.5838579,00:00:00,
MarkFest VIII,0,,2026-08-30,2026-08-30 16:00:00+00:00,2026-08-30 23:45:00+00:00,"Markfest VIII returns on 30th August with live music, great food, festival vibes and summer fun at White Horse Inn, Mark.",,White Horse Inn,TA9 4LT,-2.89484111,51.22705977,00:00:00,
Party In Y Parc 2026,0,,2026-08-31,2026-08-31 12:00:00+00:00,2026-08-31 23:00:00+00:00,"Party in Y Parc returns bigger than ever!
Join us for Holyhead's biggest outdoor music festival",,Y Parc   Holyhead,ll651bg,-4.64075838,53.31365499,00:00:00,
"Family Fest ft. K-Pop Live | Keel Square, Sunderland",0,,2026-08-31,2026-08-31 11:00:00+00:00,2026-08-31 20:00:00+00:00,"This is the ultimate family day out! Featuring world-class tribute, K-Pop LIVE, festival production & so much more!","{'id': 3167, 'name': 'Family Fest ft. K-Pop Live | Keel Square, Sunderland', 'earliestStartDate': None}",Keel Square,SR1 3DZ,-1.387824,54.907258,00:00:00,
Raver Tots Outdoor Festival Southend,0,,2026-08-31,2026-08-31 12:00:00+00:00,2026-08-31 18:00:00+00:00,RAVER TOTS IS RETURNING TO SOUTHEND FOR THE BIGGEST AND BEST FAMILY FRIENDLY OUTDOOR FESTIVAL YET.,"{'id': 3056, 'name': 'Raver Tots Outdoor Festival Southend', 'earliestStartDate': None}",Garon Park   Southend On Sea,SS2 4FA,0.7355481,51.5562528,00:00:00,
Raver Tots x Garage Nation Festival,0,,2026-08-31,2026-08-31 13:00:00+00:00,2026-08-31 18:00:00+00:00,Raver Tots & Garage Nation Festival in Essex this Summer - massive day for all the family!,,Garon Park   Southend On Sea,SS2 4FA,0.7355481,51.5562528,00:00:00,
LIDO Festival,0,,2026-08-31,2026-08-31 11:00:00+00:00,2026-08-31 23:00:00+00:00,One of the UK's hottest new festivals returns from their Brat summer to put on another amazing show!,"{'id': 2789, 'name': 'LIDO Festival', 'earliestStartDate': None}","Victoria Park, London",E9 7DD,-0.0390938,51.5361215,00:00:00,
Lindisfarne Festival 2026,0,,2026-09-03,2026-09-03 11:00:00+00:00,2026-09-06 04:00:00+00:00,"Lindisfarne Festival is back for 2026 for it's 11th Chapter on the 3rd, 4th and 5th September on the stunning Northumberland coast!","{'id': 782, 'name': 'Lindisfarne Festival 2026', 'earliestStartDate': None}","Beal Farm, Northumberland, TD15 2PB",TD15 2PB,-1.902938,55.678659,00:00:00,
Music Worldwide Drum Camp,0,,2026-09-03,2026-09-03 14:00:00+00:00,2026-09-07 00:00:00+00:00,"Drum Camp presents over 120 workshops in world percussion, music, song & dance across 10 venues and 4 nights of concert performances.",,Hulver Farm,NR35 1NF,1.448866,52.3966524,00:00:00,
Burn It Down Festival 2026,0,,2026-09-03,2026-09-03 15:00:00+00:00,2026-09-05 23:00:00+00:00,"Burn It Down Festival is an alternative, emo, hardcore festival held in Torquay, UK, across multiple grassroots venues.","{'id': 2239, 'name': 'Burn It Down Festival', 'earliestStartDate': None}",The Foundry Torquay,TQ1 1ED,-3.5228246,50.4610572,00:00:00,
Existance Festival,0,,2026-09-03,2026-09-03 14:00:00+00:00,2026-09-06 23:45:00+00:00,"A celebration of trance, techno, downtempo and live music with a psychedelic edge. Friends, family, and connection in the beautiful green countryside.","{'id': 2548, 'name': 'Existance Festival 2026', 'earliestStartDate': None}",Existance Festival,GL8 8RT,-2.1120428,51.6325417,00:00:00,
Lindisfarne Volunteers 2026,0,,2026-09-03,2026-09-03 15:00:00+00:00,2026-09-06 04:00:00+00:00,Volunteer Tickets for Lindisfarne Festival 2026,,Beal Farm ,TD15 2PB,-1.9047233,55.6781772,00:00:00,
The Searchers and Hollies Experience,0,,2026-09-03,2026-09-03 19:30:00+00:00,2026-09-03 22:00:00+00:00,A hit-filled tribute to two pop legends!,,The Tivoli Theatre Wimborne,BH21 1LT,-1.9886963,50.8014462,00:00:00,
End of the Road Festival,0,,2026-09-03,2026-09-03 11:00:00+00:00,2026-09-06 23:00:00+00:00,End of the Road Festival takes place in Dorset at the end of August. The festival is the perfect end of summer blowout.,"{'id': 2597, 'name': 'End of the Road Festival', 'earliestStartDate': None}",Larmer Tree Gardens,SP5 5PT,-2.066628,50.965229,00:00:00,
Big London Tattoo Show,0,,2026-09-04,2026-09-04 17:00:00+00:00,2026-09-06 19:00:00+00:00,"The Big London Tattoo Show features 500 of the very best tattoo artists, tons of entertainment, free fairground rides, art galleries and markets","{'id': 2617, 'name': 'Big London Tattoo Show', 'earliestStartDate': None}",ExCel London,E16 1XL,0.026479,51.508099,00:00:00,
Fields Of Gold Festival 2026,0,,2026-09-04,2026-09-04 12:00:00+00:00,2026-09-05 22:00:00+00:00,"Fields Of Gold Festival 2026 is a two-day music festival taking place in Ashton-Under-Lyne, Manchester.","{'id': 1904, 'name': 'Fields Of Gold Festival', 'earliestStartDate': None}",Tameside Stadium,OL7 9HG,-2.112689,53.493259,00:00:00,
CLAIRE RICHARDS & MORE| Love the 90s&00s Fest|Nottingham Castle,0,,2026-09-04,2026-09-04 18:00:00+00:00,2026-09-04 22:00:00+00:00,"Love The 90s Festival is taking over Nottingham Castle for a spin-off Love the 90s & 00s Fest, bringing you some of the best pop stars from that era!",,Nottingham Castle,NG1 6EL,-1.1544174,52.9494136,00:00:00,
Campfire Country Music Festival,0,,2026-09-04,2026-09-04 15:00:00+00:00,2026-09-04 22:00:00+00:00,"From Taylor Swift to Kenny Rogers tributes, enjoy your favorite country tunes. Get ready for some good ol' cowboy time!

 Campfire Country Music Fest",,East Park Hull,HU8 8LR,-0.302101,53.762119,00:00:00,
Undercover Festival,0,,2026-09-04,2026-09-04 14:00:00+00:00,2026-09-04 23:00:00+00:00,"The first edition of UNDERCOVER arrives in Newport with world-class artists, festival production and an unforgettable atmosphere.",,Rodney Parade Stadium,NP19 0UU,-2.9912562,51.5895784,00:00:00,
The British Country Music Festival,0,,2026-09-04,2026-09-04 15:00:00+00:00,2026-09-06 18:00:00+00:00,"Celebration of International and UK Country & Americana in an indoor setting. 3 days, 100 artists, 4 stages, including candlelit Empress Ballroom",,Winter Gardens Blackpool,FY1 1HL,-3.050948,53.81712,00:00:00,
Kernowfornia Festival 2026,1,,2026-09-04,2026-09-04 11:00:00+00:00,2026-09-06 23:00:00+00:00,"Kernowfornia Festival: A sustainable, family-friendly music festival on East Looe Beach, Cornwall celebrating world class & grass roots music","{'id': 2803, 'name': 'Kernowfornia Festival', 'earliestStartDate': None}",East Looe Beach,PL13 1HL,-4.45215792,50.35215808,00:00:00,
Rock N Roll Circus Festival Sheffield,0,,2026-09-04,2026-09-04 11:00:00+00:00,2026-09-06 23:00:00+00:00,Rock N Roll Circus Festival comes to Sheffield!,"{'id': 2750, 'name': 'Rock N Roll Circus Sheffield', 'earliestStartDate': None}",Don Valley Bowl,S9 5DP,-1.4253059,53.395413,00:00:00,
Edge Fest,0,,2026-09-04,2026-09-04 11:00:00+00:00,2026-09-06 23:00:00+00:00,Edge Fest returns to Lilliardsedge!,"{'id': 2710, 'name': 'Edge Fest', 'earliestStartDate': None}",Lilliardsedge Holiday Park,TD8 6TZ,-2.6032089,55.532638,00:00:00,
The British Country Music Festival,0,,2026-09-04,2026-09-04 11:00:00+00:00,2026-09-06 23:00:00+00:00,A celebration of country music held in Blackpool.,"{'id': 3100, 'name': 'The British Country Music Festival', 'earliestStartDate': None}",Winter Gardens Blackpool,FY1 1HL,-3.050948,53.81712,00:00:00,
Fantasy Forest Libertalia,0,,2026-09-04,2026-09-04 16:00:00+00:00,2026-09-06 19:00:00+00:00,"Fantasy Forest, a unique festival celebrating the popular fantasy genre",,Hatfield House   Hatfield,AL9 5HX,-0.2092386,51.7606481,00:00:00,
Sound City Festival,0,,2026-09-04,2026-09-04 11:00:00+00:00,2026-09-06 23:00:00+00:00,Sound City Festival in Sussex.,"{'id': 2879, 'name': 'Sound City Festival', 'earliestStartDate': None}",Forest Row,RH185ey,0.033222,51.097391,00:00:00,
Moseley Folk & Arts Festival,0,,2026-09-04,2026-09-04 11:00:00+00:00,2026-09-06 23:00:00+00:00,"Moseley Folk Festival is held in Moseley Park, a stunning 11-acre woodland glade in the heart of Moseley Village.","{'id': 544, 'name': 'Moseley Folk Festival', 'earliestStartDate': None}",Moseley Park,B13 8DD,-1.8884011,52.4470875,00:00:00,
SOULTOWN - Festival 2026,0,,2026-09-05,2026-09-05 12:00:00+00:00,2026-09-05 23:00:00+00:00,"Bringing together the biggest Soul, Motown, Disco, Funk & House acts from across the globe on Saturday 5th September 2026!","{'id': 1900, 'name': 'Soul Town Festival', 'earliestStartDate': None}",Croydon Road Recreation Ground,BR3 3PR,-0.0315857,51.4027531,00:00:00,
Love to be... festival 2026,0,,2026-09-05,2026-09-05 12:00:00+00:00,2026-09-05 23:00:00+00:00,Back on The Stray for year 3! Another massive day of House music at North Yorkshires biggest House music festival!,"{'id': 2588, 'name': 'Love to Be...Festival', 'earliestStartDate': None}",The Stray,HG2 8JR,-1.527265,53.990312,00:00:00,
Clubland Live On The Beach,0,,2026-09-05,2026-09-05 14:30:00+00:00,2026-09-05 22:30:00+00:00,Clubland Live On The Beach returns to Weston Super Mare!,"{'id': 2429, 'name': 'Clubland Live On The Beach!', 'earliestStartDate': None}",Weston Super Mare Beach,BS23 1AL,-2.9814491,51.34327359,00:00:00,
Aden Music Festival 2026,0,,2026-09-05,2026-09-05 11:00:00+00:00,2026-09-05 23:00:00+00:00,Added Music Festival returns on Saturday 5th September 2026,,"Aden Country Park, Mintlaw",AB42 5FQ,-2.032241,57.5216574,00:00:00,
Opulence,0,,2026-09-05,2026-09-05 13:00:00+00:00,2026-09-05 22:30:00+00:00,Opulence festival presents two stages of quintessential house music. Saturday 5th September,"{'id': 3092, 'name': 'Opulence', 'earliestStartDate': None}",Lumley Castle,DH3 4NX,-1.5537309,54.853293,00:00:00,
Westhoughton Cricket Club Festival 2026,0,,2026-09-05,2026-09-05 12:00:00+00:00,2026-09-05 21:30:00+00:00,"We are delighted to announce the very first Westhoughton Cricket Club Festival Sat 5th September 2026
Early Bird tickets are on sale NOW !!!",,Westhoughton Cricket Club,BL5 2GG,-2.5326311,53.5419921,00:00:00,
The Bootleg Beatles ft. Live Orchestra | Nottingham Castle,0,,2026-09-05,2026-09-05 18:00:00+00:00,2026-09-05 22:00:00+00:00,"The world's No.1 Beatles tribute act is coming to the iconic Nottingham Castle this September, accompanied by a LIVE Orchestra!",,Nottingham Castle,NG1 6EL,-1.1544174,52.9494136,00:00:00,
Live In Inverurie,0,,2026-09-05,2026-09-05 13:00:00+00:00,2026-09-05 23:00:00+00:00,"Red Hot Chilli Pipers and Urban Cookie Collective headline!!

Tickets on sale now!
Early Bird & Second Release - Sold out
3rd Release - Selling fast.",,Garioch Indoor Bowling Centre,AB51 4FR,-2.3880509,57.2946919,00:00:00,
"Summer Underground - Breakin Science, Jungle Mania, D&B Classics",0,,2026-09-05,2026-09-05 14:00:00+00:00,2026-09-05 22:00:00+00:00,"Eutopia WHS is the destination for London's biggest celebration of underground D&B + Jungle, with an Outdoor Courtyard stage  + 3 Warehouse Arenas!","{'id': 3113, 'name': 'Summer Underground - Breakin Science, Jungle Mania, D&B Classics', 'earliestStartDate': None}",Eutopia Warehouse,IG11 0DW,0.0964,51.5204,00:00:00,
FOMO Fest 2026,0,,2026-09-05,2026-09-05 11:00:00+00:00,2026-09-05 22:00:00+00:00,"FOMO Fest returns in 2026... Bringing BIG NAMES to the heart of suffolk!
An awesome one day festival for the whole family!","{'id': 2950, 'name': 'FOMO Fest', 'earliestStartDate': None}",Food Museum,IP14 1SL,0.9912794,52.1861368,00:00:00,
Country Club - Outdoor Country Music Festival - Manchester,0,,2026-09-05,2026-09-05 15:00:00+00:00,2026-09-05 22:00:00+00:00,Saddle up cowboys & cowgirls we're riding back into Manchester for our  OUTDOOR OPEN AIR day party!,,Freight Island,M1 2PZ,-2.2276473,53.4751511,00:00:00,
Country Club - Outdoor Country Music Festival - Nottingham,0,,2026-09-05,2026-09-05 15:00:00+00:00,2026-09-05 22:00:00+00:00,Saddle up cowboys and girls.  Country Club OUTDOOR OPEN AIR day party is returning Nottingham for the ultimate hoedown in September 2026,,Binks Yard,NG2 3BJ,-1.1395462,52.9483902,00:00:00,
Jazz on Wick 2026,0,,2026-09-05,2026-09-05 12:00:00+00:00,2026-09-05 22:30:00+00:00,"A day-to-night, cross-genre celebration from the minds behind Colour Factory, Orii Community and Voices Radio.",,Various Venues Hackney Wick,E9 5EF,-0.023495,51.550124,00:00:00,
House OF Eira - Castle Take-over Part II,0,,2026-09-05,2026-09-05 12:00:00+00:00,2026-09-05 22:00:00+00:00,"We're back at the iconic Gwrych Castle in North Wales as we bring 10 hours of non-stop House, echo, UKG & DnB to the North Wales coastline.",,Gwrych Castle Preservation Trust Ltd,LL22 8ET,-3.594953,53.2832328,00:00:00,
Bootle Country Music Festival,0,,2026-09-05,2026-09-05 14:00:00+00:00,2026-09-05 22:00:00+00:00,"The Bootle Country Festival is BACK.!

We can't wait for this years Country Festival, keep an eye on this page & our social media for the lineup!",,Lock And Quay,L20 4AH,-2.997842,53.448969,00:00:00,
Garage Nation & House Nation Brick Lane Festival,0,,2026-09-05,2026-09-05 15:00:00+00:00,2026-09-05 23:00:00+00:00,Garage Nation & House Nation Brick Lane East London Festival!,,93 Feet East,E1 6QL,-0.071711,51.521452,00:00:00,
Casa,0,,2026-09-05,2026-09-05 12:00:00+00:00,2026-09-05 23:00:00+00:00,"CASA brings Ibiza-style house music to Newport for a huge day-to-night experience filled with feel-good energy, immersive production and unforgettable",,Rodney Parade,NP19 0UU,-2.9878474,51.5883145,00:00:00,
Allday Indie - Open Air Outdoor Indie Festival - Cardiff,0,,2026-09-05,2026-09-05 15:00:00+00:00,2026-09-05 22:00:00+00:00,A MASSIVE ALL-DAY THROWBACK PARTY CELEBRATING THE SOUND OF YOUR YOUTH.,,Tiger Yard,CF10 4GA,-3.1603143,51.4597605,00:00:00,
U Fest - Birmingham - XOYO - Saturday 5th September,0,,2026-09-05,2026-09-05 17:00:00+00:00,2026-09-05 23:00:00+00:00,You asked we Delivered... Step back into the golden era of Channel U as U Fest lands at XOYO Birmingham on the 5th September,,XOYO,B9 4AG,-1.8809493,52.475038,00:00:00,
Magic of Thailand Festival in London,0,,2026-09-05,2026-09-05 10:00:00+00:00,2026-09-06 19:00:00+00:00,A two day Thai Festival to experience the taste of Thailand this summer at Ealing Common is brought to you by Magic of Thailand.,,"Ealing Common, Uxbridge Road, London W5 3HN",W5 3HN,-0.29324905,51.51061949,00:00:00,
Hella Rock Festival,0,,2026-09-05,2026-09-05 12:00:00+00:00,2026-09-05 23:45:00+00:00,"!!! OVER 400 TICKETS ALREADY SOLD !!!
Hella Rock Festival - A Tribute To Phil Campbell","{'id': 2790, 'name': 'Hella Rock Festival', 'earliestStartDate': None}",HMV EMPIRE COVENTRY,CV1 1LF,-1.511245,52.407255,00:00:00,
Summer Outdoor Garage Festival - Studio 338 London,0,,2026-09-05,2026-09-05 14:00:00+00:00,2026-09-05 22:00:00+00:00,"London! We are back for another HUGE Summer Outdoor Garage Festival coming this September 2026! If you love your garage anthems, you'll love this!",,Studio 338,SE10 0PF,0.004709,51.495343,00:00:00,
R&B Lovers - Saturday 5th September - Horizon Brighton,0,,2026-09-05,2026-09-05 15:00:00+00:00,2026-09-05 21:00:00+00:00,Brighton get ready for a massive Summer 90s & 00s R&B Party coming September 2026 at Horizon,,Horizon,BN1 1NB,-0.1412267,50.8198377,00:00:00,
MoultStone Festival,0,,2026-09-05,2026-09-05 12:00:00+00:00,2026-09-05 22:30:00+00:00,Family-friendly festival set in the heart of Northamptonshire. The evolution of the beloved Festival NN!,,NN6 0AB,NN6 0AB,-0.8302109,52.2875076,00:00:00,
RNB MANIA | Brighton's R&B Festival,1,2026-11-21,2026-09-05,2026-09-05 15:00:00+00:00,2026-09-05 21:00:00+00:00,"Brighton, are you ready to experience the very best of R&B music? R&B MANIA comes to Quarters on Saturday 21st November 2026!","{'id': 3151, 'name': ""R&B Mania | Brighton's R&B Festival"", 'earliestStartDate': None}",Quarters Brighton,BN1 1NB,-0.1417257,50.8200695,00:00:00,2026-11-21
BeatMasters Outdoor Music Festival,0,,2026-09-05,2026-09-05 12:00:00+00:00,2026-09-05 22:00:00+00:00,"Relive the 90s & 00s at BeatMasters Hull! Huge lineup, outdoor festival vibes, and pure nostalgia. Don't miss the golden era!",,East Park Hull,HU8 8LR,-0.302101,53.762119,00:00:00,
BEDFORD STREET RUM & REGGAE FESTIVAl,0,,2026-09-05,2026-09-05 13:00:00+00:00,2026-09-05 22:30:00+00:00,"Bedford Street Reggae Festival returns Sat 5th Sept! Headlined by Luv Injection, plus Phase One Steel Band, Caribbean food, DJs & feel-good vibes!",,Bedford Street,CV32 5DY,-1.5369944,52.2914899,00:00:00,
Essential Saturday's,0,,2026-09-05,2026-09-05 14:00:00+00:00,2026-09-05 22:00:00+00:00,Essential Saturday's presents luvstruck,,Boston Brothers @ DN31 Grimsby,DN31 1DG,-0.0866228,53.5651022,00:00:00,
Street Eat N Beats Festival 2026,1,2027-09-11,2026-09-05,2026-09-05 12:00:00+00:00,2026-09-05 22:30:00+00:00,"Award winning, family friendly, Electronic Dance Music Festival in Essex. UK 
STREET FOOD | BOUTIQUE BARS | COOL BEATS
5th Sept 2026, 12.00 till 10.30",,"Central Park, Chelmsford",Cm2 0RW,0.46735883,51.73262672,00:00:00,2027-09-11
Remember Them Dayz Fest - Birmingham - XOYO,0,,2026-09-05,2026-09-05 18:00:00+00:00,2026-09-05 23:00:00+00:00,"REMEMBER THEM DAYZ - A Celebration of UK 2015 - 2019 Music, Headline artists TBA",,XOYO,B9 4AG,-1.8809493,52.475038,00:00:00,
Traco Charity Beer Festival,0,,2026-09-05,2026-09-05 00:00:00+00:00,2026-09-05 21:00:00+00:00,"Guest ales, beers and cider. 

Live entertainment

All profits split equally between Phyllis Tuckwell and The Leah Wigmore Melanoma Research Fund.",,Aldershot Traction Club,GU11 3NE,-0.7689785,51.2377128,00:00:00,
Oracle-Club Vega,0,,2026-09-05,2026-09-05 21:00:00+00:00,2026-09-06 03:00:00+00:00,"Get ready for a night of relentless energy, unstoppable tracks and unforgettable moments as we transform Club Vega into a full-scale techno experience",,Club Vega,HU9 1BY,-0.3277134,53.7482317,00:00:00,
Manchester Psych Festival,0,,2026-09-05,2026-09-05 12:00:00+00:00,2026-09-05 23:30:00+00:00,Manchester Psych Festival returns for 2026,"{'id': 1340, 'name': 'Manchester Psych Fest', 'earliestStartDate': None}",Various Venues Around Manchester,M1 5QR,-2.2448703,53.4735748,00:00:00,
The George Harrison Project,0,,2026-09-05,2026-09-05 19:30:00+00:00,2026-09-05 22:00:00+00:00,"Timeless classics and unforgettable melodies, as we celebrate the legendary George Harrison.",,The Civic   Brierley HIl.,DY5 3DA,-2.1223443,52.4840786,00:00:00,
We Are Family Festival 2026,0,,2026-09-06,2026-09-06 12:00:00+00:00,2026-09-06 20:00:00+00:00,"The UKs BIGGEST All INCLUSIVE festival for kids, Free Rides and Attractions, Bottomless Soft Drinks and Hourly Themed Parades","{'id': 2934, 'name': 'We Are Family Festival', 'earliestStartDate': None}",Croydon Road Recreation Ground,BR3 3PR,-0.0315857,51.4027531,00:00:00,
Martin Kemp's Back to the 80s DJ Set | Nottingham Castle,0,,2026-09-06,2026-09-06 17:30:00+00:00,2026-09-06 22:00:00+00:00,Get ready for a night of nostalgia and non-stop 80s anthems as Martin Kemp brings the ultimate retro party to life at the iconic Nottingham Castle!,,Nottingham Castle,NG1 6EL,-1.1544174,52.9494136,00:00:00,
Shirley Social - Sunday 6th September,0,,2026-09-06,2026-09-06 10:00:00+00:00,2026-09-06 18:00:00+00:00,"Shirley Social: live music, street food, stalls, bars & kids' play. Half-price advance tickets - support local traders!",,Shirley Park,B90 3AL,-1.8260645,52.4109319,00:00:00,
We Love it Outdoor Tribute Festival Hull September- 2026,0,,2026-09-06,2026-09-06 12:00:00+00:00,2026-09-06 22:00:00+00:00,"Get ready for the ultimate vibe! We Love It Festival is back with pure energy, massive tunes, and culture in the sun.",,East Park Hull,HU8 8LR,-0.302101,53.762119,00:00:00,
Willenhall Lock Stock,0,,2026-09-06,2026-09-06 11:00:00+00:00,2026-09-06 21:00:00+00:00,"Annual community festival local bands and artists over 2 stages , rock and pop stage. 2 litres of fluid allowed in cans or plastic. 3 stages",,Willenhall Memorial Park,WV13 2PW,-2.0637062,52.5880913,00:00:00,
Edinburgh Psych Fest,0,,2026-09-06,2026-09-06 11:00:00+00:00,2026-09-06 23:00:00+00:00,The sister festival to Manchester Psych Fest and Brighton Psych Fest.,"{'id': 2468, 'name': 'Edinburgh Psych Fest', 'earliestStartDate': None}",Various Venues Across Edinburgh,EH1 1AB,-3.1998036,55.9480093,00:00:00,
Mucky Weekender Festival 2026,0,,2026-09-10,2026-09-10 14:00:00+00:00,2026-09-13 02:00:00+00:00,"Mucky Weekender is Winchester's favourite three-day music & arts festival, organised by Dub Pistols' frontman Barry Ashworth.","{'id': 2683, 'name': 'Mucky Weekender Festival 2026', 'earliestStartDate': None}",Vicarage Farm,SO21 3BL,-1.2908411,51.1514358,00:00:00,
Onboard the Craft 2026,0,,2026-09-10,2026-09-10 16:00:00+00:00,2026-09-13 01:00:00+00:00,3 days of amazing space rock prog & blues -  music festival set in the beautiful surroundings of Stoke Prior - Bromsgrove . Worcestershire.,,Stoke Prior Sports  And  Country Club,B60 4AL,-2.0814212,52.2950436,00:00:00,
Retrospective Festival 2026,0,,2026-09-11,2026-09-11 17:00:00+00:00,2026-09-11 23:00:00+00:00,"Retrospective Festival returns to Sherdley Park, celebrating iconic 80s, 90s and 00s music and nostalgia.","{'id': 3146, 'name': 'Retrospective Festival 2026', 'earliestStartDate': None}",Sherdley Park,WA9 5DE,-2.728977,53.43143,00:00:00,
Campfire Country Music Festival,0,,2026-09-11,2026-09-11 15:00:00+00:00,2026-09-11 22:00:00+00:00,"From Taylor Swift to Kenny Rogers tributes, enjoy your favorite country tunes. Get ready for some good ol' cowboy time!

 Campfire Country Music Fest",,Charlton Park,SN16 9RU,-2.069923,51.601347,00:00:00,
Save The Rave X Future Headliners,0,,2026-09-11,2026-09-11 11:00:00+00:00,2026-09-11 22:00:00+00:00,Festival Talent Showcase,,Royal Cornwall Showground,PL27 7JE,-4.865455,50.515581,00:00:00,
Kings Langley Beer & Fizz Festival 2026,1,,2026-09-11,2026-09-11 16:00:00+00:00,2026-09-13 19:00:00+00:00,"Join us for the fifth annual Kings Langley Beer & Fizz Festival - 30+ ales and craft beers, great music, and fantastic food!",,All Saints Church,WD4 8JS,-0.448142,51.711007,00:00:00,
The Big Retreat Festival,0,,2026-09-11,2026-09-11 09:00:00+00:00,2026-09-13 23:00:00+00:00,"The Big Retreat is a feel-good festival designed to help people relax, recharge and reconnect. Set within the beautiful grounds.",,Abbots Ripton,PE28 2PH,-0.189889,52.3846213,00:00:00,
FeastyFest 2026,0,,2026-09-12,2026-09-12 11:00:00+00:00,2026-09-13 20:30:00+00:00,FeastyFest 2026 Sat 12 and Sun 13 Sept. Family festival of food drink and music for all ages voted one of the UKs safest family events,"{'id': 2217, 'name': 'FeastyFest', 'earliestStartDate': None}","Cheam Park, Sutton, Surrey, SM3 8BP",SM3 8BP,-0.2205996,51.359064,00:00:00,
FLY Festival Edinburgh 2026,0,,2026-09-12,2026-09-12 13:00:00+00:00,2026-09-13 22:00:00+00:00,"FLY FESTIVAL RETURNS TO EDINBURGH.
Sat 12 Sept: Franky Rizardo + More

Sun 13 Sept: Sammy Virji + More",,Ross Bandstand,EH2 3AA,-3.199981,55.950367,00:00:00,
RUN All Day 2026,0,,2026-09-12,2026-09-12 13:00:00+00:00,2026-09-12 22:00:00+00:00,"Bristol's most notorious Summer DNB Day Party is back. With multiple areas, stacked lineup + big soundsystems, for a huge 21 year celebration!",,Sawmills,BS5 0TN,-2.5785982,51.459947,00:00:00,
Heyside Cricket Club Festival 2026,0,,2026-09-12,2026-09-12 12:00:00+00:00,2026-09-12 21:30:00+00:00,Heyside Cricket Club Festival returns for it's 6th year on Sat 12th Sept 2026,,Heyside Cricket Club,OL2 6ND,-2.099762,53.566008,00:00:00,
Run Away presents OUT RUN FESTIVAL,0,,2026-09-12,2026-09-12 12:00:00+00:00,2026-09-12 22:30:00+00:00,"Sat 12 September at Kent County Showground. Just Announced TeeDee, Modern Funktion, Dr Banana, Kepler + more",,Kent County Showground,ME14 3JF,0.5857036,51.3012189,00:00:00,
"Save The Rave: Old Skool Outdoor Festival, Cornwall 2026",0,,2026-09-12,2026-09-12 12:00:00+00:00,2026-09-12 22:00:00+00:00,"Sep 12th 2026 - 90's & 00's dance , Old Skool , Rave Classics",,Royal Cornwall Showground,PL27 7JE,-4.865455,50.515581,00:00:00,
Betley Boogie Farm 2026!,0,,2026-09-12,2026-09-12 14:00:00+00:00,2026-09-12 22:30:00+00:00,"Betley Boogie Farm is back for 2026! 
Our biggest line up yet!",,Betley Court Farm,CW3 9BH,-2.3685653,53.02973,00:00:00,
Country on the Castle - Tonbridge,0,,2026-09-12,2026-09-12 14:00:00+00:00,2026-09-12 22:00:00+00:00,"Cowboy boots, country tunes, and castle views. Welcome to Country on the Castle.",,Tonbridge Castle,TN9 1BG,0.2742883,51.1965344,00:00:00,
Isle Of Wight Dance Weekender - Summer Closing Party,0,,2026-09-12,2026-09-12 12:00:00+00:00,2026-09-12 23:45:00+00:00,"The Summer Finale You've Been Waiting For
Summer is drawing to a close, but we're not letting it go quietly. The Isle of Wight Dance Weekender returns",,Robin Hill Advenutre Park,PO30 2NU,-1.2462495,50.6874664,00:00:00,
Allday Indie Outdoor Festival - Birmingham,0,,2026-09-12,2026-09-12 15:00:00+00:00,2026-09-12 22:00:00+00:00,"All Day Indie Outdoor Festival, Luna Springs Birmingham
A massive allday throwback party celebrating the soundtrack of your youth.",,Luna Springs Digbeth ,B9 4AG,-1.8814649,52.475036,00:00:00,
Reminisce Festival 2026,0,,2026-09-12,2026-09-12 12:00:00+00:00,2026-09-12 23:00:00+00:00,"Reminisce Festival returns for 2026 with another huge celebration of dance music nostalgia, bringing together some of the most iconic club artists","{'id': 859, 'name': 'Reminisce Festival', 'earliestStartDate': None}",Sherdley Park,WA9 5DE,-2.728977,53.43143,00:00:00,
Road to Nashville Indoor Rodeo Show | MECA,0,,2026-09-12,2026-09-12 14:00:00+00:00,2026-09-12 22:00:00+00:00,"Following a hugely successful takeover in March 2026, The Road to Nashville is RETURNING to Swindon this September!",,Meca Swindon,SN1 1PR,-1.7805278,51.5586235,00:00:00,
"RNB MANIA | Birmingham, Under The Arches | R&B Fest",0,,2026-09-12,2026-09-12 15:00:00+00:00,2026-09-12 23:00:00+00:00,"Birmingham, are you ready to experience the very best of R&B music? R&B MANIA is returning to Lab11 on Saturday 12th September 2026!","{'id': 3153, 'name': 'R&B Mania | Birmingham, Under The Arches | R&B Fest', 'earliestStartDate': None}",LAB11,B5 5NL,-1.886701,52.476674,00:00:00,
The Garage Garden at Halleys Comet,0,,2026-09-12,2026-09-12 13:00:00+00:00,2026-09-12 23:45:00+00:00,Old school garage festival with head line acts Oxide & Neutrino plus there special guest Romeo from So Solid Crew,,Halleys Comet,MK13 7AW,-0.7850443,52.0594802,00:00:00,
Country Club -  Country Music Terrace Party- Bournemouth,0,,2026-09-12,2026-09-12 15:00:00+00:00,2026-09-12 22:00:00+00:00,Saddle up cowboys & cowgirls. The UKs first ever country music day party is riding back into Bournemouth for the ultimate hoedown in September 2026!,,Aruba Bar And Restaurant,BH2 5AA,-1.87567299,50.71604,00:00:00,
"Rhinestone Fest: London, September 12th",0,,2026-09-12,2026-09-12 17:00:00+00:00,2026-09-12 23:00:00+00:00,"London, due to popular demand, we're bringing y'all Rhinestone Fest back this year! See y'all back on that dancefloor ! Yeehaw!",,Between The Bridges,SE1 8XX,-0.117548,51.504813,00:00:00,
Other Worlds Festival,0,,2026-09-12,2026-09-12 15:30:00+00:00,2026-09-12 23:30:00+00:00,"Other Worlds Festival: a themed metal night of sci-fi, post-apocalyptic and fantasy bands with a  costume competition",,The Hobbit,SO14 0JZ,-1.395307,50.917803,00:00:00,
BeatMasters Outdoor Music Festival,0,,2026-09-12,2026-09-12 12:00:00+00:00,2026-09-12 22:00:00+00:00,"Relive the 90s & 00s at BeatMasters Newport! Huge lineup, outdoor festival vibes, and pure nostalgia. Don't miss the golden era!",,Charlton Park,SN16 9RU,-2.069923,51.601347,00:00:00,
OVER 30's CLUB - Daytime Open Air Festival - Nottingham,0,,2026-09-12,2026-09-12 15:00:00+00:00,2026-09-12 22:00:00+00:00,Take a trip down memory lane with us with the ultimate over 30s Outdoor Open Air festival this September 2026 at BINKS YARD Nottingham.,,Binks Yard,NG2 3BJ,-1.1395462,52.9483902,00:00:00,
WildStyle Radio Festival,0,,2026-09-12,2026-09-12 11:00:00+00:00,2026-09-12 23:00:00+00:00,"Big Event At Higginson Park, Marlow-On-Thames For The First Time",,Higginson Park ,SL7 2AE,-0.7769462,51.5677421,00:00:00,
Next Wave,0,,2026-09-12,2026-09-12 15:00:00+00:00,2026-09-12 23:00:00+00:00,"Bringing the best new bands to Blackpool ft. adult dvd, bathing suits, ladylike, Silverwing killer, holly head, formal Sppeedwear & TTSSFU",,Bootleg Social ,FY1 3AQ,-3.050131,53.819384,00:00:00,
FOMO Multi Genre Music Festival,0,,2026-09-12,2026-09-12 12:00:00+00:00,2026-09-12 23:00:00+00:00,"F.O.M.O - Multi Genre Music Festival lands at RM Arena Outdoor on Saturday 12th September 2026.

A brand new outdoor festival !!",,The Rainton Arena,DH4 5PH,-1.4841336,54.8354228,00:00:00,
Girls Like R&B - Summer Open-Air Festival - Sat 12th September,0,,2026-09-12,2026-09-12 15:00:00+00:00,2026-09-12 22:00:00+00:00,"LONDON GIRLS, THIS IS YOUR LAST SUMMER LINK-UP 

The UK's FIRST all-female R&B festival returns to London for our biggest and final open-air party",,LDN EAST,E16 4SH,0.0037307,51.5190133,00:00:00,
Sonic Boom,0,,2026-09-12,2026-09-12 11:00:00+00:00,2026-09-12 23:00:00+00:00,Winner of 2025 Independent Festival of the Year,"{'id': 3098, 'name': 'Sonic Boom Festival', 'earliestStartDate': None}",Market Place Burton On Trent DE14 1HA.,DE14 1HA,-1.6301627,52.8017036,00:00:00,
Waterworks Festival,0,,2026-09-12,2026-09-12 10:00:00+00:00,2026-09-12 23:00:00+00:00,Independent dance music festival held in London.,"{'id': 2039, 'name': 'Waterworks Festival', 'earliestStartDate': None}",Gunnersbury Park,W3 8LQ,-0.286325,51.49949,00:00:00,
DogFest on the Farm,0,,2026-09-12,2026-09-12 09:30:00+00:00,2026-09-13 16:30:00+00:00,Great news for dog-lovers: Yorkshire’s favourite dog-first celebration is returning to Harewood House on 12th and 13th September 2026.,,Harewood House,LS17 9LG,-1.527206,53.897006,00:00:00,
Down At The Abbey,0,,2026-09-12,2026-09-12 11:00:00+00:00,2026-09-13 23:00:00+00:00,Down At The Abbey: An Independent Music Festival,"{'id': 2777, 'name': 'Down At The Abbey Festival', 'earliestStartDate': None}",Reading Abbey Ruins,RG1 3HW,-0.9650746,51.4563543,00:00:00,
Allo Allo Weekend,0,,2026-09-12,2026-09-12 14:00:00+00:00,2026-09-13 11:00:00+00:00,You will arrive lunch time where you will be greeted by Rene and Edith.,,"Moore Place Hotel, BW Signature Collection, UK",MK17 8DW,-0.6282862,52.0134026,00:00:00,
Raver Tots Outdoor Festival Hertfordshire,0,,2026-09-13,2026-09-13 13:00:00+00:00,2026-09-13 18:00:00+00:00,RAVER TOTS IS COMING TO HERTFORDSHIRE FOR THE BIGGEST AND BEST FAMILY FRIENDLY OUTDOOR FESTIVAL YET.,,Berkhamsted Cricket Club,HP4 1HE,-0.559202,51.767677,00:00:00,
We Love it Outdoor Tribute Festival Malmsbury - September 2026,0,,2026-09-13,2026-09-13 12:00:00+00:00,2026-09-13 22:00:00+00:00,"Get ready for the ultimate vibe! We Love It Festival is back with pure energy, massive tunes, and culture in the sun.",,Charlton Park Estate,SN16 9LL,-2.0774817,51.5939645,00:00:00,
One More Jam 2026,0,,2026-09-13,2026-09-13 14:00:00+00:00,2026-09-13 22:00:00+00:00,The UK's Biggest After Carnival Jam!,,Eutopia Whs,IG11 0DW,0.0963664,51.5204397,00:00:00,
Equinox Festival 2026,0,,2026-09-17,2026-09-17 12:00:00+00:00,2026-09-21 23:00:00+00:00,"6 stages feat. as many genres as possible,arts, crafts, kids area, healers, workshops walkabouts,, fireshows, 
The best party in the universe(?) :)","{'id': 1163, 'name': 'Equinox Festival', 'earliestStartDate': None}",Scholey Park,LN4 4PD,0.1634,53.1197,00:00:00,
Morecambe Poetry Festival 2026 18th to 20th September,0,,2026-09-18,2026-09-18 19:00:00+00:00,2026-09-20 23:00:00+00:00,It's our 5th birthday! celebrate with the biggest and best poets from across the country. Held at the fabulous Winter Gardens and Kings Arms.,,Morecambe Winter Gardens,LA4 4BU,-2.876804,54.069112,00:00:00,
Staithes Country Music Weekender,0,,2026-09-18,2026-09-18 13:00:00+00:00,2026-09-19 23:45:00+00:00,Country music weekend at Staithes Community Athletic Club.,,Staithes Athletic Club,TS13 5AY,-0.7931821,54.5526933,00:00:00,
Sounds of the 60s,0,,2026-09-18,2026-09-18 19:30:00+00:00,2026-09-18 22:00:00+00:00,"The Zoots are coming and they're bringing the Sounds of the Sixties! Featuring Jamie Goddard with Harriet Lowther, Neil Hopkins and Charlie T Gregory",,"Verwood Hub, UK",BH31 7QE,-1.8817686,50.8810539,00:00:00,
Bats in the Attic 2026,0,,2026-09-18,2026-09-18 18:30:00+00:00,2026-09-20 02:00:00+00:00,"West Coast Gothic returns! Bats in the Attic, our boutique international goth festival, celebrates its 5th anniversary in Morecambe.",,Alhambra Live,LA4 4EU,-2.8805429,54.0662562,00:00:00,
Complete Stone Roses Live In The Big Top,0,,2026-09-19,2026-09-19 13:00:00+00:00,2026-09-19 23:00:00+00:00,"We return and bigger and better on Saturday 19th September!

Tickets go on sale tomorrow morning at 8am.

We expect this to sell very fast!",,Queens Park Recreation,G42 8QR,-4.259955,55.8298752,00:00:00,
Leigh Cricket club Festival 2026,0,,2026-09-19,2026-09-19 12:00:00+00:00,2026-09-19 21:30:00+00:00,Leigh Cricket Club Festival returns for it's 5th year on Sat 19th Sept 2026,,Leigh Cricket Club,WN7 3LH,-2.5226589,53.4849605,00:00:00,
The History of Jungle - CARDIFF,0,,2026-09-19,2026-09-19 14:00:00+00:00,2026-09-19 23:00:00+00:00,"History of Jungle lands in Cardiff for the 2026-2027 UK Tour.
A full-spectrum journey through jungle music - from the roots to the rave.
ON SALE 01.05",,Depot,CF10 5DF,-3.178509,51.471409,00:00:00,
Trancecoda & Groovebox pres. Shine Open Air with Paul van Dyk,0,,2026-09-19,2026-09-19 14:00:00+00:00,2026-09-19 22:00:00+00:00,"OPEN AIR with Paul Van Dyk

Trancecoda x Groovebox x Shine is back! 

After the success of our previous Trance events at Binks Yard & The Palais",,Binks Yard,NG2 3BJ,-1.1395462,52.9483902,00:00:00,
Send it 100! @ Pitt St. Skatepark,0,,2026-09-19,2026-09-19 11:00:00+00:00,2026-09-20 23:00:00+00:00,"A wheeled Sports & music event celebrating 100 years of Portsmouth being a city at Pitt. St. Skatepark.
2 days of Live bands, DJs & rad-ness.",,Pitt St Skatepark,PO1 4AY,-1.08830016,50.80420117,00:00:00,
PAUL VAN DYK Open Air | Trancecoda X Groovebox X Shine at Binks,0,,2026-09-19,2026-09-19 14:00:00+00:00,2026-09-19 22:00:00+00:00,"Nottingham we are BACK this September for a huge Open Air event on the Binks Yard terrace, join us, Trancecoda & Shine, for an unforgettable night!",,Binks Yard,NG2 3BJ,-1.1395462,52.9483902,00:00:00,
Colne Cricket Club Music Festival 2026,0,,2026-09-19,2026-09-19 12:00:00+00:00,2026-09-19 20:00:00+00:00,"A brand new music festival arrives in Colne this September, headlined by East 17 with tributes to Oasis, Taylor Swift & more!",,Colne Cricket Club,BB8 0RF,-2.1550081,53.8595393,00:00:00,
Sex Pistols Exposé/ Lizzie & The Banshees/ Clashed/ Damned Ruts,0,,2026-09-19,2026-09-19 17:00:00+00:00,2026-09-20 01:00:00+00:00,"PUNK TRIB is a mini festival spanning 8 hours with a host of tribute bands playing music from four original groups at The 100 Club Punk Festival, 1976",,Leeds Irish Centre,LS9 9NT,-1.51556,53.7970495,00:00:00,
RNB MANIA | Hertford's R&B Festival,0,,2026-09-19,2026-09-19 15:00:00+00:00,2026-09-19 23:00:00+00:00,"Hertford, are you ready to experience the very best of R&B music? R&B MANIA comes to Dog and Whistle on Saturday, 19 September 2026!",,"Dog And Whistle, Hertford",SG14 1AB,-0.075214,51.796545,00:00:00,
LEGACY outdoors summer closing party,0,,2026-09-19,2026-09-19 14:00:00+00:00,2026-09-19 23:00:00+00:00,We are outside and inside for our summer closing party with 3 arenas and over 40 Djs with your favourite Live PA's and Mc's,,Eutopia,IG11 0DW,0.0963664,51.5204397,00:00:00,
Back To The 90s Festival - Saturday 19th Sept - O2 Academy,0,,2026-09-19,2026-09-19 19:00:00+00:00,2026-09-20 00:00:00+00:00,Bournemouth we're back this September by huge demand. We witnessed absolute scenes our last event so we had to come back and do it all over again!,,O2 Academy Bournemouth,BH1 4BH,-1.840005,50.726677,00:00:00,
Soultrane Festival,0,,2026-09-19,2026-09-19 19:00:00+00:00,2026-09-20 00:00:00+00:00,Soultrane Soul Funk & Jazz Festival,,Mandela Hall,BT7 1NF,-5.936459,54.585524,00:00:00,
Cookout - Rooftop Festival - Birmingham - XOYO,1,2026-09-26,2026-09-19,2026-09-19 16:00:00+00:00,2026-09-19 22:00:00+00:00,"Join us as we come to XOYO Rooftop by huge demand taking over Digbeth! Expect big tunes, production & Good Vibes Only all with views across Birmingham",,XOYO Rooftop,B9 4AG,-1.8818475,52.4751802,00:00:00,2026-09-26
Allo Allo Weekend,0,,2026-09-19,2026-09-19 14:00:00+00:00,2026-09-20 11:00:00+00:00,You will arrive lunch time where you will be greeted by Rene and Edith.,,Mercure Gloucester Bowden Hall Hotel,GL4 8ED,-2.1915206,51.8346511,00:00:00,
Garristonbury 26,0,,2026-09-20,2026-09-20 14:00:00+00:00,2026-09-20 22:30:00+00:00,"The third Garristonbury - Sunday 20th September 2026 
300 capacity indoor festival",,The Garrison Barnsley,S70 2HZ,-1.4804477,53.5536282,00:00:00,
Liverpool Independent Freshers Fair 2026,0,,2026-09-22,2026-09-22 11:00:00+00:00,2026-09-22 17:00:00+00:00,"Liverpool Independent Freshers Fair

It's BACK - and after the huge success of last year, we're returning bigger & better than ever!",,Einstein Bier Haus,L1 4AN,-2.9809868,53.4032519,00:00:00,
Deepdale Festival,0,,2026-09-24,2026-09-24 17:00:00+00:00,2026-09-27 22:30:00+00:00,Deepdale Camping & Rooms hosts a small but perfectly formed Music Festival with a Heart of Folk across 3 stages on the last weekend of September.,,Deepdale Camping And Rooms,PE31 8DD,0.6845624,52.9655024,00:00:00,
St George's Hall Beer Festival,0,,2026-09-24,2026-09-24 16:00:00+00:00,2026-09-27 18:00:00+00:00,"Massive celebration of beer, cider and local food, hosted in one of Liverpool's most iconic landmarks.","{'id': 2473, 'name': ""St George's Hall Beer Festival "", 'earliestStartDate': None}",St George's Hall,L1 1JJ,-2.979999,53.408662,00:00:00,
Unfussy Festival: Morgan Seatree,0,,2026-09-25,2026-09-25 15:00:00+00:00,2026-09-25 23:00:00+00:00,Second Speed x Reboot presents Unfussy Festival in Newcastle/Gateshead,,Gateshead International Stadium,NE10 0EF,-1.580933,54.9607799,00:00:00,
Origins Festival,0,,2026-09-25,2026-09-25 18:00:00+00:00,2026-09-26 23:30:00+00:00,"Original music festival. Rock, Heavy Metal, and Burlesque",,Hereford Racecourse Roman Road Hereford HR4 9QU,HR4 9QU,-2.7258699,52.0752945,00:00:00,
Nottingham's Summer Fiesta 2026 | VAMOS X LA BOMBA | Binks Yard,0,,2026-09-25,2026-09-25 16:00:00+00:00,2026-09-25 22:00:00+00:00,International DJs and live mariachi Band | Carnival Dancers | Stilt Walkers | Fire dancers | Hispanic street food and so much more!,,Binks Yard,NG2 3BJ,-1.1395462,52.9483902,00:00:00,
"Beyond Boundaries w/ Max Dean, Hybrid Minds, MK, Wilkinson +more",0,,2026-09-26,2026-09-26 12:00:00+00:00,2026-09-26 22:00:00+00:00,"Brand new festival at Stanmer Park in Brighton this September.
Featuring: Max Dean, MK & Wilkinson, Hybrid Minds, JME & many more!","{'id': 3050, 'name': 'Beyond Boundaries ', 'earliestStartDate': None}",Stanmer Park,BN1 9SE,-0.093158,50.862748,00:00:00,
Second Speed Accelerate Festival 2026,0,,2026-09-26,2026-09-26 13:00:00+00:00,2026-09-26 23:00:00+00:00,Second Speed Accelerate Festival 2026.,"{'id': 2663, 'name': 'Second Speed Accelerate Festival 2026', 'earliestStartDate': None}",Gateshead International Stadium,NE10 0EF,-1.580933,54.9607799,00:00:00,
Ramsbottom Cricket Club Festival 2026,0,,2026-09-26,2026-09-26 12:00:00+00:00,2026-09-26 21:30:00+00:00,After our first sell out Festival we are back on Sat 26th Sept 2026.,,Ramsbottom Cricket Club,BL0 0AT,-2.3083941,53.6465972,00:00:00,
Road to Nashville Indoor Rodeo Show | LAB11,0,,2026-09-26,2026-09-26 14:00:00+00:00,2026-09-26 22:00:00+00:00,"Following a hugely successful, sold-out show in March 2026, The Road to Nashville returns to Birmingham this September!",,LAB11,B5 5NL,-1.886701,52.476674,00:00:00,
MCR ROCKS Family Festival 2026,0,,2026-09-26,2026-09-26 00:00:00+00:00,2026-09-26 22:00:00+00:00,"MCR Rocks Family Festival returns to Salford! Live tributes, family fun, food & bars, plus a DJ battle with Bez vs Clint Boon. Don't miss it.",,Clifton Cricket Club,M27 6NB,-2.3473265,53.5300471,00:00:00,
RNB MANIA | Newcastle's R&B Festival,0,,2026-09-26,2026-09-26 15:00:00+00:00,2026-09-26 21:00:00+00:00,"Geordies, are you ready to experience the very best of R&B music? R&B MANIA is returning to NX on Saturday 26 September 2026!",,NX Newcastle,NE1 1SW,-1.6184135,54.9704414,00:00:00,
Cookout - Rooftop Festival - Birmingham - XOYO,0,,2026-09-26,2026-09-26 16:00:00+00:00,2026-09-26 22:00:00+00:00,"Join us as we come to XOYO Rooftop by huge demand taking over Digbeth! Expect big tunes, production & Good Vibes Only all with views across Birmingham",,XOYO Rooftop,B9 4AG,-1.8818475,52.4751802,00:00:00,
"Oktoberfest | SWG3, Glasgow",0,,2026-09-26,2026-09-26 12:00:00+00:00,2026-09-26 22:30:00+00:00,"Germany's biggest celebration is coming to Glasgow! Expect legendary beer, live music, and an unforgettable atmosphere.",,SWG3,G3 8QG,-4.299838,55.86462,00:00:00,
Allday Indie Indoor Festival - Margate,0,,2026-09-26,2026-09-26 15:00:00+00:00,2026-09-26 20:00:00+00:00,"AllDay Indie Indoor Festival - Dreamland Margate
A massive allday throwback party celebrating the sound of your youth.",,Dreamland,CT9 1XJ,1.376519,51.385702,00:00:00,
RNB MANIA | Southampton's R&B Festival,0,,2026-09-26,2026-09-26 15:00:00+00:00,2026-09-26 21:00:00+00:00,"Southampton, are you ready to experience the very best of R&B music? R&B MANIA is returning to EngineRooms on Saturday 26 September 2026!","{'id': 3155, 'name': ""R&B Mania | Southampton's R&B Festival"", 'earliestStartDate': None}",EngineRooms,SO15 1GZ,-1.412525,50.901793,00:00:00,
R&B Rooftop Party - Saturday 26th September - Freight Brixton,0,,2026-09-26,2026-09-26 17:00:00+00:00,2026-09-26 23:00:00+00:00,"R&B LOVERS SUMMER ROOFTOP PARTY

This summer, we're taking over one of London's biggest rooftop venues for an unforgettable day of Old School R&B",,Freight Brixton,SW9 8JH,-0.1125395,51.4629424,00:00:00,
Founded On The Beach - Brighton,0,,2026-09-26,2026-09-26 15:00:00+00:00,2026-09-26 22:00:00+00:00,"Team Founded_ takes over the incredible Horizons Terrace on Brighton Beach for a day of sunshine, house music, sea views and unbeatable vibes.",,Horizon,BN1 1NB,-0.1412267,50.8198377,00:00:00,
Homobloc 2026,0,,2026-09-26,2026-09-26 17:00:00+00:00,2026-09-27 04:00:00+00:00,"Homobloc 2026
Saturday 26th September","{'id': 2096, 'name': 'Homobloc ', 'earliestStartDate': None}",Depot Mayfield,M1 2PY,-2.22570918,53.47571845,00:00:00,
Float Along Festival,0,,2026-09-26,2026-09-26 11:00:00+00:00,2026-09-26 23:00:00+00:00,Float Along Festival returns to Sheffield City Centre.,"{'id': 2228, 'name': 'Float Along Festival', 'earliestStartDate': None}","Various Venues, Sheffield",S2 2BT,-1.46969097,53.37991777,00:00:00,
Clubland Live Weekender 2026,0,,2026-10-02,2026-10-02 18:00:00+00:00,2026-10-04 00:00:00+00:00,Our Flagship Weekender Event Returns!,"{'id': 1478, 'name': 'Clubland Live Weekender', 'earliestStartDate': None}",Winter Gardens,FY1 1HL,-3.05201,53.817013,00:00:00,
Woodland Dance Project - Edinburgh 2026,0,,2026-10-03,2026-10-03 12:00:00+00:00,2026-10-03 23:00:00+00:00,Set in the lush and picturesque surroundings of Vogrie Country park just 30 minutes from central Edinburgh,"{'id': 1545, 'name': 'Woodland Dance Project - Edinburgh', 'earliestStartDate': None}",Vogrie Country Park,EH23 4NU,-2.9971416,55.8577814,00:00:00,
"Oktoberfest | LiveHouse, Dundee | SATURDAY",0,,2026-10-03,2026-10-03 12:00:00+00:00,2026-10-03 21:00:00+00:00,"Germany's biggest celebration is coming to Dundee! Get ready for an unforgettable experience with ice-cold beer, live music, incredible entertainment",,Live House Dundee,DD1 4EH,-2.9723511,56.4582723,00:00:00,
Country Club - Country Festival - Xoyo - Birmingham,0,,2026-10-03,2026-10-03 17:00:00+00:00,2026-10-03 23:00:00+00:00,Saddle up cowboys & cowgirls The  Biggest country music day party is riding into Birmingham for the  biggest hoedown in Sept 2026!,,XOYO,B9 4AG,-1.8809493,52.475038,00:00:00,
RAISE YOUR HORN FESTIVAL Saturday 03/10/26,0,,2026-10-03,2026-10-03 15:30:00+00:00,2026-10-03 23:00:00+00:00,Raise Your Horns Festival brings together the world’s best tribute bands for a high-energy celebration of rock and alternative anthems,,The Assembly Leamington,CV31 3NF,-1.5340469,52.2854118,00:00:00,
Cheshire Guitar Show,0,,2026-10-04,2026-10-04 10:00:00+00:00,2026-10-04 15:00:00+00:00,"The Cheshire Guitar Show - a day of guitars, gear, live music and great deals for every music lover.",,Crewe Alexandra  Crewe CW2 6EB,CW2 6EB,-2.4361022,53.0879309,00:00:00,
Beyond The Music 2026,0,,2026-10-07,2026-10-07 09:00:00+00:00,2026-10-09 23:45:00+00:00,Manchester's global music conference and showcase festival. Building a fairer future for artists and delegates. Join the revolution.,,Media City UK,M50 2eq,-2.2976345,53.4741021,00:00:00,
The Searchers and Hollies Experience,0,,2026-10-08,2026-10-08 19:30:00+00:00,2026-10-08 22:00:00+00:00,A hit-filled tribute to two pop legends!,,Artrix,B60 1GN,-2.0512424,52.3387191,00:00:00,
SOS Weekender 2026,0,,2026-10-09,2026-10-09 15:00:00+00:00,2026-10-11 03:00:00+00:00,"3 day music event with 19 DJs playing the very best in Soul, R&B, Neo Soul & Funk with a touch of Soulful House,  Jazz Funk and Reggae",,Last Drop Village Hotel and Spa,BL7 9PZ,-2.42102899,53.62203499,00:00:00,
GLUESNORT: The Friday Night,0,,2026-10-09,2026-10-09 19:30:00+00:00,2026-10-09 23:00:00+00:00,"Gluesnort Friday night only at The Cab, Newport featuring Machiavellian Art, Sophrosyne, Lung & Mental Pressure.",,The Cab   Newport,NP20 4AB,-2.9975937,51.5884713,00:00:00,
Oktoberfest on the Common - Friday 9th Oct 2026,0,,2026-10-09,2026-10-09 17:00:00+00:00,2026-10-09 23:00:00+00:00,"The UK's largest Oktoberfest is returning to Clapham Common. Expect Funfair Rides, Steins, Live Brass Bands, Dancing, Bavarian Games + much more!",,Clapham Common,SW4 9AT,-0.152942,51.457543,00:00:00,
The Searchers and Hollies Experience,0,,2026-10-09,2026-10-09 19:30:00+00:00,2026-10-09 22:00:00+00:00,A hit-filled tribute to two pop legends!,,The Terry O'Toole Theatre,LN6 9AX,-0.5974809,53.1863615,00:00:00,
Sounds of the 60s with The Zoots,0,,2026-10-09,2026-10-09 19:30:00+00:00,2026-10-09 22:00:00+00:00,The Zoots are coming and they're bringing the Sounds of the Sixties!,,Cornerstone Arts Centre,OX11 7NE,-1.24317,51.604933,00:00:00,
"Girls Night Out | Freight Island, Manchester",0,,2026-10-10,2026-10-10 14:00:00+00:00,2026-10-10 22:00:00+00:00,Girls Night Out hits Freight Island! A huge lineup of world-class tributes to some of your favourite pop stars!,,Freight Island,M1 2PZ,-2.2276473,53.4751511,00:00:00,
"Oktoberfest | Ultra Warehouse, Derby",0,,2026-10-10,2026-10-10 13:00:00+00:00,2026-10-10 23:00:00+00:00,"Germany's biggest celebration is coming to Ultra Warehouse ! Get ready for an unforgettable experience, live music, and incredible entertainment",,Ultra Warehouse,DE21 6HA,-1.45278,52.9215784,00:00:00,
GLUESNORT: The Saturday,0,,2026-10-10,2026-10-10 14:00:00+00:00,2026-10-10 23:00:00+00:00,"GLUESNORT Saturday will be from 2PM, October 10th taking over The Cab, Le Pub & The Stowaway with 25 incredible acts across all three venues.",,LePub,NP20 1fw,-2.9969252,51.5895108,00:00:00,
Tigerfest 2026 Saturday/Sunday Combo,0,,2026-10-10,2026-10-10 16:00:00+00:00,2026-10-11 20:00:00+00:00,Tigerfest 2026 is a 2 day charity music festival. In Newcastle u Lyme and Stoke on Trent UK. Raising money to protect Tigers in their natural habitat.,,The Rigger,ST5 1BT,-2.2188728,53.011402,00:00:00,
Tigerfest 2026,0,,2026-10-10,2026-10-10 16:00:00+00:00,2026-10-10 23:00:00+00:00,"Tigerfest 2026 is a two day charity rock music festival. In Newcastle under Lyme, Staffs UK. Raising money to protect Tigers in their natural habitat.",,The Rigger Venue,ST5 1BT,-2.2187823,53.0120326,00:00:00,
Oktoberfest on the Common - Evening session - Sat 10th Oct 2026,0,,2026-10-10,2026-10-10 18:00:00+00:00,2026-10-10 23:00:00+00:00,"The UK's largest Oktoberfest is returning to Clapham Common. Expect Funfair Rides, Steins, Live Brass Bands, Dancing, Bavarian Games + much more!",,Clapham Common,SW4 9AT,-0.152942,51.457543,00:00:00,
Oktoberfest on the Common - Day session - Saturday 10th Oct 2026,0,,2026-10-10,2026-10-10 11:00:00+00:00,2026-10-10 16:00:00+00:00,"The UK's largest Oktoberfest is returning to Clapham Common. Expect Funfair Rides, Steins, Live Brass Bands, Dancing, Bavarian Games + much more!",,Clapham Common,SW4 9AT,-0.152942,51.457543,00:00:00,
The George Harrison Project,0,,2026-10-10,2026-10-10 19:30:00+00:00,2026-10-10 22:00:00+00:00,"Timeless classics and unforgettable melodies, as we celebrate the legendary George Harrison.",,The Seagull Theatre ,NR33 0JH,1.7365477,52.4578936,00:00:00,
Allday Indie Indoor Festival - Liverpool,0,,2026-10-10,2026-10-10 16:00:00+00:00,2026-10-10 21:00:00+00:00,"AllDay Indie Indoor Festival - Camp & Furnace Liverpool
A massive allday throwback party celebrating the sound of your youth.",,Camp And Furnace,L1 0BY,-2.980491,53.39449,00:00:00,
Tigerfest 2026 Sunday Acoustic Wind Down,0,,2026-10-11,2026-10-11 15:30:00+00:00,2026-10-11 20:00:00+00:00,"As part of Tigerfest 2026  the Acoustic windown at the Artisan Tap, Hartshill features acoustic artists from the Uk.",,The Artisan Tap,ST4 6AF,-2.2113127,53.0108996,00:00:00,
Goth City Festival 2026,0,,2026-10-12,2026-10-12 19:30:00+00:00,2026-10-18 02:00:00+00:00,Goth City 2026 is a one-off week-long gothstravaganza in Leeds to celebrate ten years since the first Goth City Festival!,,Leeds City Centre,LS1 4AF,-1.5494337,53.7933791,00:00:00,
The Golden Age of Brazilian Music - Live @The Blakehay Theatre,0,,2026-10-13,2026-10-13 19:30:00+00:00,2026-10-13 21:00:00+00:00,"Mario Bakuna celebrates the Golden Age of Brazilian music - a journey through the composers who shaped the sound, soul, and identity of Brazil.",,The Blakehay Theatre,BS2 1JZ,-2.977255,51.347405,00:00:00,
The Searchers and Hollies Experience,0,,2026-10-14,2026-10-14 19:30:00+00:00,2026-10-14 22:00:00+00:00,A hit-filled tribute to two pop legends!,,Norden Farm Centre For The Arts.,SL6 4PF,-0.7463915,51.5157802,00:00:00,
The Searchers and Hollies Experience,0,,2026-10-15,2026-10-15 19:30:00+00:00,2026-10-15 22:00:00+00:00,A hit-filled tribute to two pop legends!,,"The Landmark Theatre, UK",EX34 9BZ,-4.1228321,51.2102442,00:00:00,
Sŵn Festival,0,,2026-10-15,2026-10-15 11:00:00+00:00,2026-10-17 23:00:00+00:00,"Award-winning, three-day, multi-venue new music festival that has been a cornerstone of Cardiff's cultural landscape since 2007.","{'id': 2764, 'name': 'Sŵn Festival', 'earliestStartDate': None}",Cardiff City Centre,CF1 2hq,-3.17909,51.481581,00:00:00,
"Oktoberfest | Binks Yard, Nottingham",0,,2026-10-16,2026-10-16 17:30:00+00:00,2026-10-17 22:00:00+00:00,"The biggest German celebration is back in Nottingham for it's fourth year running, bigger and better than before!",,Binks Yard,NG2 3BJ,-1.1395462,52.9483902,00:00:00,
"Future Days w/ Working Men's Club, Ulrika Spacek & more",0,,2026-10-16,2026-10-16 19:00:00+00:00,2026-10-16 23:30:00+00:00,"This Is Tmrw presents Future Days 2026, an alternative/indie music festival in Birmingham on October 16 + 17th 2026.","{'id': 2724, 'name': 'Future Days ', 'earliestStartDate': None}",The Crossing Digbeth,B5 5SU,-1.886788,52.475523,00:00:00,
Oktoberfest on the Common - Friday 16th Oct 2026,0,,2026-10-16,2026-10-16 17:00:00+00:00,2026-10-16 23:00:00+00:00,"The UK's largest Oktoberfest is returning to Clapham Common. Expect Funfair Rides, Steins, Live Brass Bands, Dancing, Bavarian Games + much more!",,Clapham Common,SW4 9AT,-0.152942,51.457543,00:00:00,
Sounds of the 60s with The Zoots,0,,2026-10-16,2026-10-16 19:30:00+00:00,2026-10-16 22:00:00+00:00,The Zoots are coming and they're bringing the Sounds of the Sixties! Featuring Jamie Goddard with Harriet Lowther and drummer Charlie T Gregory,,The Beehive,EX14 1LZ,-3.195691,50.800252,00:00:00,
"Future Days w/ Adult DVD, Gans, Pebbledash, Personal Trainer +",0,,2026-10-17,2026-10-17 15:00:00+00:00,2026-10-17 23:30:00+00:00,"This Is Tmrw presents Future Days 2026, an alternative/indie music festival in Birmingham on October 16 + 17th 2026.","{'id': 2724, 'name': 'Future Days ', 'earliestStartDate': None}",The Crossing Digbeth,B5 5SU,-1.886788,52.475523,00:00:00,
"Oktoberfest | Boxpark, Liverpool",0,,2026-10-17,2026-10-17 12:00:00+00:00,2026-10-17 22:00:00+00:00,"Germany's biggest celebration is coming to BOXPARK ! Get ready for an unforgettable experience, live music, and incredible entertainment",,Boxpark Liverpool,L8 5XJ,-2.9783738,53.393922,00:00:00,
Oktoberfest on the Common - Day session - Saturday 17th Oct 2026,0,,2026-10-17,2026-10-17 11:00:00+00:00,2026-10-17 16:00:00+00:00,"The UK's largest Oktoberfest is returning to Clapham Common. Expect Funfair Rides, Steins, Live Brass Bands, Dancing, Bavarian Games + much more!",,Clapham Common,SW4 9AT,-0.152942,51.457543,00:00:00,
Oktoberfest on the Common - Evening session - Sat 17th Oct 2026,0,,2026-10-17,2026-10-17 18:00:00+00:00,2026-10-17 23:00:00+00:00,"The UK's largest Oktoberfest is returning to Clapham Common. Expect Funfair Rides, Steins, Live Brass Bands, Dancing, Bavarian Games + much more!",,Clapham Common,SW4 9AT,-0.152942,51.457543,00:00:00,
Allday Indie Indoor Festival - London,0,,2026-10-17,2026-10-17 17:00:00+00:00,2026-10-17 22:00:00+00:00,"AllDay Indie Indoor Festival - Boxpark Wembley
A massive allday throwback party celebrating the sound of your youth.",,Boxpark Wembley,HA9 0JT,-0.2803926,51.5605176,00:00:00,
Sounds of the 60s,0,,2026-10-17,2026-10-17 19:30:00+00:00,2026-10-17 22:00:00+00:00,The Zoots are coming and they're bringing the Sounds of the Sixties!,,Cheltenham Playhouse Theatre,GL53 7HG,-2.0729088,51.8976041,00:00:00,
Circu5 at Summer's End Festival,0,,2026-10-18,2026-10-18 12:00:00+00:00,2026-10-18 22:30:00+00:00,"Circu5 will perform on Sunday 18 October at Summer's End Festival. Other acts include Threshold, Landmarq, Held By Trees and Splink.",,Chepstow Drill Hall,NP16 5HJ,-2.6710626,51.6437969,00:00:00,
Rock am River 2026,0,,2026-10-23,2026-10-23 17:15:00+00:00,2026-10-24 22:15:00+00:00,Rock am River festival returns to the New Continental in Preston for its fifth birthday celebrations.,,The New Continental,PR1 8JP,-2.7082461,53.7508042,00:00:00,
Oktoberfest on the Common - Friday 23rd Oct 2026,0,,2026-10-23,2026-10-23 17:00:00+00:00,2026-10-23 23:00:00+00:00,"The UK's largest Oktoberfest is returning to Clapham Common. Expect Funfair Rides, Steins, Live Brass Bands, Dancing, Bavarian Games + much more!",,Clapham Common,SW4 9AT,-0.152942,51.457543,00:00:00,
Keep it Country Festival 2026 (SOUTH),1,,2026-10-23,2026-10-23 14:00:00+00:00,2026-10-23 23:00:00+00:00,"KEEP IT COUNTRY FESTIVAL 2026

The UKs best indoor country music festival is back in 2026 and on sale now!",,Indigo At The O2,SE10 0DX,0.004974,51.502332,00:00:00,
Mutations Festival,0,,2026-10-23,2026-10-23 11:00:00+00:00,2026-10-24 23:00:00+00:00,Brighton music festival taking place across multiple venues showcasing the best acts in the alternative scene.,"{'id': 2969, 'name': 'Mutations Festival', 'earliestStartDate': None}","Multiple Venues, Brighton",BN1 1NJ,-0.136286,50.8227014,00:00:00,
Inverness Goes Large!,0,,2026-10-24,2026-10-24 15:00:00+00:00,2026-10-24 23:00:00+00:00,"Judge Jules, Tall Paul, Agnelli & Nelson & Lost Witness Headline!!

Tickets go on sale tomorrow morning at 8am!!

Sell out incoming!",,Inverness Leisure Centre,IV3 5SS,-4.2393564,57.464054,00:00:00,
"Oktoberfest | Keele SU, Stoke | SATURDAY",0,,2026-10-24,2026-10-24 15:00:00+00:00,2026-10-25 00:30:00+00:00,"Germany's biggest celebration is coming to Keele! Expect legendary beer, live music, and an unforgettable atmosphere.",,Keele SU (Keele University Students' Union),ST5 5BJ,-2.27055,53.0023698,00:00:00,
Keep it Country Festival 2026 (MIDLANDS),1,,2026-10-24,2026-10-24 14:00:00+00:00,2026-10-24 23:00:00+00:00,"KEEP IT COUNTRY FESTIVAL 2026!

The UKs best indoor country music festival is back in 2026 and on sale now!",,Wolverhampton Civic Hall,Wv1 1rd,-2.1304074,52.5866983,00:00:00,
Oktoberfest on the Common - Evening session - Sat 24th Oct 2026,0,,2026-10-24,2026-10-24 18:00:00+00:00,2026-10-24 23:00:00+00:00,"The UK's largest Oktoberfest is returning to Clapham Common. Expect Funfair Rides, Steins, Live Brass Bands, Dancing, Bavarian Games + much more!",,Clapham Common,SW4 9AT,-0.152942,51.457543,00:00:00,
Oktoberfest on the Common - Day session - Saturday 24th Oct 2026,0,,2026-10-24,2026-10-24 11:00:00+00:00,2026-10-24 16:00:00+00:00,"The UK's largest Oktoberfest is returning to Clapham Common. Expect Funfair Rides, Steins, Live Brass Bands, Dancing, Bavarian Games + much more!",,Clapham Common,SW4 9AT,-0.152942,51.457543,00:00:00,
Margate Rock Festival,0,,2026-10-24,2026-10-24 11:00:00+00:00,2026-10-24 23:00:00+00:00,"Margate Rock Festival returns to Margate! Bringing an all day, indoor rock festival to Dreamland.","{'id': 2713, 'name': 'Margate Rock Festival', 'earliestStartDate': None}",Dreamland,CT9 1XJ,1.376519,51.385702,00:00:00,
Sounds of the 70s,0,,2026-10-29,2026-10-29 20:00:00+00:00,2026-10-29 22:00:00+00:00,The Zoots are coming and they‘re bringing the Sounds of the 70s,,The Spring Arts And Heritage Centre,PO9 1BS,-0.9783333,50.8505556,00:00:00,
Second Speed Accelerate: VIEZE ASBAK  (ALL DAY LONG),0,,2026-10-30,2026-10-30 16:30:00+00:00,2026-10-30 23:00:00+00:00,Second Speed Accelerate: VIEZE ASBAK  (ALL DAY LONG) Halloween Massacre,,Gateshead International Stadium,NE10 0EF,-1.580933,54.9607799,00:00:00,
FearFest 2026,0,,2026-10-30,2026-10-30 17:00:00+00:00,2026-10-31 02:00:00+00:00,The UKs biggest Halloween Rave is back for 2026!! Grab your early HALFPRICE tickets NOW!,"{'id': 1421, 'name': 'FearFest', 'earliestStartDate': None}",Sheffield TBA (Venue Announced Soon),S60 1DD,-1.470085,53.381129,00:00:00,
Revenant IV - Whitby Goth Weekend (WGW) - Autumn,0,,2026-10-30,2026-10-30 18:00:00+00:00,2026-11-01 23:45:00+00:00,"An Official Whitby Goth Weekend Fringe Event.
3 Nights, 9 Epic Alt Bands, DJ's, nonstop music & mayhem
Full info www.whitbyrevenant.com","{'id': 2866, 'name': 'Revenant IV - Whitby Goth Weekend (WGW) - Autumn', 'earliestStartDate': None}",Royal Hotel Whitby,YO21 3HA,-0.6166367,54.4899937,00:00:00,
Tomorrow's Ghosts Festival,0,,2026-10-30,2026-10-30 11:00:00+00:00,2026-10-31 23:00:00+00:00,Tomorrow's Ghost Festival takes place in everybody's favourite goth destination - Whitby.,"{'id': 2469, 'name': ""Tomorrow's Ghosts Festival"", 'earliestStartDate': None}",Whitby Pavilion,YO21 3EN,-0.620457,54.490868,00:00:00,
Run Away Halloween 2026 - Chelmsford Racecourse Essex,0,,2026-10-31,2026-10-31 12:00:00+00:00,2026-10-31 22:30:00+00:00,"Sat 31 October @ Chelmsford Racecourse, Essex. Press SET A REMINDER to get acccess to pre sale tickets",,Chelmsford Racecourse,CM3 1QP,0.5128143,51.8420471,00:00:00,
Ben Hemsley & Ewan McVicar Halloween Day -  Newcastle,0,,2026-10-31,2026-10-31 13:30:00+00:00,2026-10-31 23:00:00+00:00,Ben Hemsley returns to Newcastle with Ewan McVicar for HALLOWEEN DAY,,Gateshead Stadium,NE10 0EF,-1.5823742,54.9605812,00:00:00,
Sidewinder Halloween Festival 2026,0,,2026-10-31,2026-10-31 16:00:00+00:00,2026-11-01 04:00:00+00:00,"The UK's biggest Uk Garage, House, Bassline, Rnb, Bashment and Afro House music festival returns!","{'id': 2485, 'name': 'Sidewinder Halloween Festival 2026', 'earliestStartDate': None}",Bowlers Exhibition Centre,M17 1SN,-2.331379,53.469248,00:00:00,
Zombie Fest 9 - East Anglia's Biggest Indoor Halloween Festival,0,,2026-10-31,2026-10-31 15:00:00+00:00,2026-10-31 23:00:00+00:00,Cambridge Junction is about to be completely taken over for the ultimate Halloween experience!,"{'id': 1434, 'name': ""Zombie Fest 9 - East Anglia's Biggest Indoor Halloween Festival"", 'earliestStartDate': None}","Cambridge Junction, England",CB1 7GX,0.1359265,52.1906821,00:00:00,
Deaf Rave Festival 2026 - Daytime,0,,2026-10-31,2026-10-31 11:00:00+00:00,2026-10-31 17:00:00+00:00,"This is a special themed event this Halloween with music, performances, games, workshops,  cinema and activities for all ages.",,Rich Mix,E1 6LA,-0.073543,51.524043,00:00:00,
Sex Pistols Exposé/Lizzie & The Banshees/Clashed/We'll be Damned,0,,2026-10-31,2026-10-31 17:00:00+00:00,2026-10-31 23:45:00+00:00,PUNK TRIB is coming to Derby! A mini festival with tribute bands playing music for 5 hours from 4 original groups at The 100 Club Punk Festival 1976.,,The Hairy Dog,DE1 1HT,-1.480564,52.922335,00:00:00,
ScareFest 2026 - Silent Disco,0,,2026-10-31,2026-10-31 16:00:00+00:00,2026-10-31 22:00:00+00:00,"The UKs scariest silent disco hits Liverpool - live scare actors, costume battles, and 3 channels of scary beats... Dance, if you dare!",,Hangar 34,L1 0BS,-2.978708,53.395164,00:00:00,
Rabidfest,0,,2026-10-31,2026-10-31 11:00:00+00:00,2026-11-01 23:00:00+00:00,"Annual metal festival held in Oxford, UK.","{'id': 1512, 'name': 'Rabidfest', 'earliestStartDate': None}",The Bullingdon,OX4 1UE,-1.237543,51.747922,00:00:00,
Pitchfork Music Festival London,0,,2026-11-02,2026-11-02 11:00:00+00:00,2026-11-08 23:00:00+00:00,Indie music festival held at multiple venues in London.,"{'id': 1969, 'name': 'Pitchfork Music Festival - London', 'earliestStartDate': None}","Multiple Venues, London",SW18 2DY,-0.183184,51.4520742,00:00:00,
Hard Rock Hell,0,,2026-11-04,2026-11-04 11:00:00+00:00,2026-11-08 23:00:00+00:00,Hard Rock Hell is a three day metal music festival.,"{'id': 740, 'name': 'Hard Rock Hell Festival', 'earliestStartDate': None}",Vauxhall Holiday Park,NR30 1TB,1.716677,52.618677,00:00:00,
We Call it Dance Weekender,0,,2026-11-06,2026-11-06 14:00:00+00:00,2026-11-09 10:00:00+00:00,"WCID festival is a full-blown indoor festival at Butlin's Skegness. Come & party with Claptone, Joel Corry, Hannah Wants, Sigma, Nathan Dawe & more!",,Butlins,PE25 1NJ,0.349951,53.178158,00:00:00,
"Whitby Blues, Rhythm & Rock Festival",0,,2026-11-06,2026-11-06 11:00:00+00:00,2026-11-08 23:00:00+00:00,"Whitby Blues, Rhythm & Rock Festival","{'id': 1711, 'name': 'Whitby Blues, Rhythm & Rock Festival ', 'earliestStartDate': None}",Whitby Pavilion,YO21 3EN,-0.620457,54.490868,00:00:00,
All Back To Minehead,0,,2026-11-06,2026-11-06 11:00:00+00:00,2026-11-09 23:00:00+00:00,Fatboy Slim Presents All Back to Minehead!,"{'id': 2726, 'name': 'All Back To Minehead', 'earliestStartDate': None}",Butlins Resort,TA24 5SH,-3.417858,51.1610223,00:00:00,
Damnation 2026,0,,2026-11-07,2026-11-07 11:00:00+00:00,2026-11-08 23:45:00+00:00,"Damnation returns for 2026, on the 7th and 8th of November 2026 at the BEC Arena, Manchester. Tickets on sale now!","{'id': 2336, 'name': 'Damnation Festival', 'earliestStartDate': None}",BEC Arena,M17 1SN,-2.3297649,53.4676884,00:00:00,
Exchange Takeover,0,,2026-11-07,2026-11-07 12:30:00+00:00,2026-11-07 22:00:00+00:00,"Sound Factory's Exchange Takeover 2026!

All-day festival, with a wide range of local talent, celebrating indie and alternative music!",,Exchange Bristol,BS2 0EJ,-2.5828917,51.4555472,00:00:00,
Reading Rising 2026,0,,2026-11-07,2026-11-07 12:00:00+00:00,2026-11-08 23:00:00+00:00,Reading Rising returns in 2026.,,The FaceBar,RG1 7JE,-0.981916,51.4559228,00:00:00,
Shiiine On Weekender - Minehead,0,,2026-11-13,2026-11-13 11:00:00+00:00,2026-11-15 23:00:00+00:00,Indie festival at Minehead Butlins.,"{'id': 1026, 'name': 'Shiiine On Weekender', 'earliestStartDate': None}",Butlins Minehead Resort,TA24 5SH,-3.4617114,51.2059856,00:00:00,
EFG London Jazz Festival,0,,2026-11-18,2026-11-18 11:00:00+00:00,2026-11-22 23:00:00+00:00,Jazz Festival held in the UK capital.,"{'id': 1034, 'name': 'EFG London Jazz Festival', 'earliestStartDate': None}",Southbank Centre,SE1 8XX,-0.116393,51.5062,00:00:00,
Loud & Clear,0,,2026-11-21,2026-11-21 15:00:00+00:00,2026-11-21 23:00:00+00:00,Welcome to Loud & Clear. A new rock/hardcore/punk/emo festival taking place in Liverpool this November. Headlining: Saves The Day,,Multiple Venues,L1 4BE,-2.9810914,53.4025679,00:00:00,
RNB MANIA | Brighton's R&B Festival,0,,2026-11-21,2026-11-21 15:00:00+00:00,2026-11-21 21:00:00+00:00,"Brighton, are you ready to experience the very best of R&B music? R&B MANIA comes to Quarters on Saturday 21st November 2026!",,Quarters Brighton,BN1 1NB,-0.1417257,50.8200695,00:00:00,
Lincs Fest,0,,2026-11-27,2026-11-27 18:00:00+00:00,2026-11-27 23:00:00+00:00,"A celebration of the best emerging Lincoln bands and artists and Mini Festival at The Platform, The Engine Shed",,The Engine Shed,LN6 7TS,-0.5450172,53.2271632,00:00:00,
Novacaine Festival 2026,0,,2026-11-28,2026-11-28 13:00:00+00:00,2026-11-28 23:00:00+00:00,"Novacaine Festival - The UK's New Music Discovery Festival - returns on Saturday 28th November 2026 at Corporation, Sheffield.",,Corporation Sheffield,S1 4JU,-1.475949,53.3772819,00:00:00,
The George Harrison Project,0,,2026-11-28,2026-11-28 19:30:00+00:00,2026-11-28 22:00:00+00:00,"Timeless classics and unforgettable melodies, as we celebrate the legendary George Harrison.",,"The Mill Arts Centre, Banbury",OX16 5QE,-1.3316148,52.0629011,00:00:00,
The George Harrison Project,0,,2026-11-29,2026-11-29 18:00:00+00:00,2026-11-29 20:30:00+00:00,"Back due to popular demand, and coinciding with the 25th anniversary.",,The Exchange ,TW1 1BE,-0.3258405,51.4488833,00:00:00,
Strictly Bangerz Indoor Winter Festival,0,,2026-12-04,2026-12-04 21:00:00+00:00,2026-12-05 03:00:00+00:00,Something Big Is Coming... The first-ever Strictly Bangerz Indoor Festival lands on Friday 4th December. Line-up revealed 15 Aug. Join the movement!,,SWG3,G3 8QG,-4.299838,55.86462,00:00:00,
Sounds of the 70s,0,,2026-12-04,2026-12-04 19:30:00+00:00,2026-12-04 22:00:00+00:00,The Zoots are coming back and they're bringing the Sounds of the 70s! It's the 10th time they have taken to our stage,,The Regent Christchurch,BH23 1AS,-1.7773799,50.7339363,00:00:00,
Bloodstock Winter Gathering,0,,2026-12-05,2026-12-05 11:00:00+00:00,2026-12-05 23:00:00+00:00,Be part of BLOODSTOCK history!,"{'id': 2868, 'name': 'Bloodstock Winter Gathering', 'earliestStartDate': None}",KK's Steel Mill,WV2 4DU,-2.1275162,52.5786831,00:00:00,
The Ho Ho Hoedown 2026 - Country Christmas Festival,0,,2026-12-11,2026-12-11 14:45:00+00:00,2026-12-13 04:00:00+00:00,"Saddle Up For A Wild, Root-Tootin' Christmas Hoedown Packed With Damn Good Country Fun And Outrageous Festive Chaos!
See Below For Epic Hotel Deals!",,Norbreck Castle Hotel,FY2 9AA,-3.048388,53.85839699,00:00:00,
"VIOLENT NIGHT - The Bread Shed, Manchester",0,,2026-12-12,2026-12-12 12:00:00+00:00,2026-12-13 22:30:00+00:00,"KINGS OF THE NORTH present

VIOLENT NIGHT

Hardcore/ Beatdown Metal Festival",,The Bread Shed,M1 7HL,-2.235383,53.471075,00:00:00,
Christmas Brunch Festival,0,,2026-12-12,2026-12-12 11:30:00+00:00,2026-12-12 15:00:00+00:00,"Bringing you a Brunch Festival like no other! Christmas Surprises, Drag Queens, Special Guest DJs, Games, Bottomless Food & Drink & More!",,BALLIN' Maidstone,ME14 1SD,0.522303,51.273127,00:00:00,
The George Harrison Project,0,,2026-12-12,2026-12-12 19:30:00+00:00,2026-12-12 22:00:00+00:00,"Timeless classics and unforgettable melodies, as we celebrate the legendary George Harrison.",,The Stag Plaza,TN13 1ZZ,0.1914453,51.269908,00:00:00,
The Christmas Tree Murder Mystery,0,,2026-12-13,2026-12-13 19:00:00+00:00,2026-12-13 22:30:00+00:00,"This Christmas, the decorations are up, the lights are glowing... and someone won't be making it home for the holidays.",,ARTA,G1 1PA,-4.244365,55.858127,00:00:00,
Moon Festival 2026 [New Year's Eve],0,,2026-12-31,2026-12-31 18:00:00+00:00,2027-01-01 03:00:00+00:00,"We will be returning on the 31st December 2026...
The Waiting List is Now Open - Sign up now for the first access to tickets...",,Sawmills,BS5 0TN,-2.5785982,51.459947,00:00:00,
The George Harrison Project,0,,2027-01-16,2027-01-16 19:30:00+00:00,2027-01-16 22:00:00+00:00,"Timeless classics and unforgettable melodies, as we celebrate the legendary George Harrison.",,"Millfield Theatre, UK",N18 1PJ,-0.0814081,51.6164408,00:00:00,
The George Harrison Project,0,,2027-01-22,2027-01-22 19:30:00+00:00,2027-01-22 22:00:00+00:00,"Timeless classics and unforgettable melodies, as we celebrate the legendary George Harrison.",,Guildhall Arts Centre,NG31 6PZ,-0.6399299,52.9105054,00:00:00,
OUTLOUD! Festival - Manchester,0,,2027-01-23,2027-01-23 14:30:00+00:00,2027-01-23 22:00:00+00:00,We are proud to present our first festival 'OUTLOUD!'. 16 artists join us for a day filled with the best up and coming music in the UK.,,The Deaf Institute,M1 7HE,-2.236581,53.470281,00:00:00,
Rock the Gardens,0,,2027-01-29,2027-01-29 11:00:00+00:00,2027-01-30 23:00:00+00:00,Featuring rock and metal's favourite tribute acts.,"{'id': 3031, 'name': 'Rock the Gardens Festival', 'earliestStartDate': None}",Winter Gardens Blackpool,FY1 1HL,-3.050948,53.81712,00:00:00,
The George Harrison Project,0,,2027-01-30,2027-01-30 19:30:00+00:00,2027-01-30 22:00:00+00:00,"Timeless classics and unforgettable melodies, as we celebrate the legendary George Harrison.",,The Deco,NN1 4AE,-0.8886892,52.2402351,00:00:00,
Sounds of the 60s,0,,2027-02-12,2027-02-12 19:30:00+00:00,2027-02-12 22:00:00+00:00,"The Zoots are coming and they're bringing the Sounds of the Sixties! Featuring Jamie Cook from The Overtures, fronted by Jamie Goddard",,The Lights,SP10 1AH,-1.481749,51.206272,00:00:00,
60's & 70's Music Weekender,0,,2027-03-05,2027-03-05 18:30:00+00:00,2027-03-07 23:00:00+00:00,"featuring Showaddywaddy, Rollermania, Glam 45, The new amen corner, Roy Carter of Heatwave, Spencer James of the Searchers, the 60s explosion & more",,Shorefield Caravan Park,SO41 0LH,-1.6174369,50.7357084,00:00:00,
Southport Weekender,0,,2027-03-05,2027-03-05 11:00:00+00:00,2027-03-07 23:00:00+00:00,Southport Weekender is three epic nights in Spring for the annual event they call - The Worlds Friendliest Party!,"{'id': 25, 'name': 'Southport Weekender ', 'earliestStartDate': None}",Butlins Bognor Regis Resort,PO21 1JJ,-0.6603869,50.7871145,00:00:00,
Hospitality Weekender 2027,0,,2027-03-12,2027-03-12 14:00:00+00:00,2027-03-15 10:00:00+00:00,"Your three day DNB winter getaway on the South Coast, transforming a legendary South Coast holiday resort into the ultimate Drum & Bass village.","{'id': 2967, 'name': 'Hospitality Weekender 2027', 'earliestStartDate': None}",Butlins Bognor Regis Resort,PO21 1JJ,-0.6603869,50.7871145,00:00:00,
Country to Country - Manchester,0,,2027-03-12,2027-03-12 11:00:00+00:00,2027-03-14 23:00:00+00:00,Country To Country Festival goes on tour to the Manchester AO Arena.,"{'id': 3026, 'name': 'Country to Country - Manchester', 'earliestStartDate': None}",Manchester AO Arena,M1 1AD,-2.2436621,53.4880988,00:00:00,
Country to Country - Glasgow,0,,2027-03-12,2027-03-12 11:00:00+00:00,2027-03-14 23:00:00+00:00,"Taking place at The Ovo Hydro, C2C: Country to Country will bring country music headliners together in one place, for one weekend!","{'id': 2331, 'name': 'Country To Country Festival - Glasgow', 'earliestStartDate': None}",OVO Hydro,G3 8YW,-4.285367,55.859881,00:00:00,
Country to Country - London,0,,2027-03-12,2027-03-12 11:00:00+00:00,2027-03-14 23:00:00+00:00,"Taking place at The O2, C2C: Country to Country will bring country music headliners together in one place, for one weekend!","{'id': 1236, 'name': 'Country To Country Festival - London', 'earliestStartDate': None}",The O2,SE10 0DX,0.00315,51.503027,00:00:00,
Manchester Punk Festival,0,,2027-03-26,2027-03-26 11:00:00+00:00,2027-03-28 23:00:00+00:00,"The MPF is a grassroots effort spearheaded by three local, DIY promoters.","{'id': 1116, 'name': 'Manchester Punk Festival', 'earliestStartDate': None}","Multiple Venues, Northern Quarter",M4 1HP,-2.2368819,53.4845412,00:00:00,
Stockton Callilng,0,,2027-03-27,2027-03-27 11:00:00+00:00,2027-03-27 23:00:00+00:00,A cross-town festival pulsating through the heart of various venues within Stockton Town Centre in North East England.,"{'id': 2755, 'name': 'Stockton Calling', 'earliestStartDate': None}",ARC Stockton Arts Centre,TS18 1LL,-1.315808,54.564283,00:00:00,
Scarborough Punk Festival,0,,2027-04-03,2027-04-03 11:00:00+00:00,2027-04-04 23:00:00+00:00,Punk Festival at Scarborough Spa.,"{'id': 2757, 'name': 'Scarborough Punk Festival', 'earliestStartDate': None}",Scarborough Spa,YO11 2HD,-0.3974294,54.2756898,00:00:00,
This Feeling By The Sea,0,,2027-04-09,2027-04-09 15:00:00+00:00,2027-04-10 23:00:00+00:00,A weekend showcasing the best new music from around the UK,"{'id': 2405, 'name': 'This Feeling By The Sea Festival', 'earliestStartDate': None}",Bridlington Spa,YO15 3JH,-0.195646,54.079472,00:00:00,
Jack up the 60s,0,,2027-04-17,2027-04-17 19:30:00+00:00,2027-04-17 22:00:00+00:00,"The Zoots are bringing the Ultimate Sixties Show! Fronted by Jamie Goddard with Harriet Lowther and Charlie T Gregory on drums, Peter Emery guitar",,"Shanklin Theatre, UK",PO37 6AJ,-1.1788402,50.6276865,00:00:00,
Bonfest 2027,0,,2027-04-30,2027-04-30 11:00:00+00:00,2027-05-02 23:00:00+00:00,"The 21st Edition of The International Bon Scott Rock Festival - set in Bon Scott's hometown of Kirriemuir, Scotland!",,Bonfest Festival Site Kirriemuir DD8 5PU,DD8 5PU,-2.998337,56.66645,00:00:00,
Live in Loch Goil 2027,0,,2027-04-30,2027-04-30 17:00:00+00:00,2027-05-02 22:30:00+00:00,"""Scotland's Best Small Festival"" returns for 2027, with fantastic live music plus family-friendly fun and local food & drink.","{'id': 2598, 'name': 'Live in Loch Goil Festival', 'earliestStartDate': None}",Lochgoilhead Village Hall,PA24 8AQ,-4.9013015,56.1717217,00:00:00,
Blackpool Young Farmers DIY AGM 2027,0,,2027-04-30,2027-04-30 12:00:00+00:00,2027-05-02 22:00:00+00:00,"The Official Organisers of D.I.Y AGM & the young farmers community - The Only Ticket You Need! 
Blackpool Takeover Returns May Bank Holiday weekend!",,Olympia Winter Gardens,FY1 1HL,-3.0516531,53.8166542,00:00:00,
Shuffley Daze Music Festival,0,,2027-04-30,2027-04-30 11:00:00+00:00,2027-05-03 13:00:00+00:00,"An intimate festival celebrating music, community and inclusivity, tucked away in the rolling Welsh countryside.",,Three Pools,NP7 8NL,-2.9403015,51.8486967,00:00:00,
Teddy Rocks Festival,0,,2027-04-30,2027-04-30 11:00:00+00:00,2027-05-02 23:00:00+00:00,A 3 day family-friendly festival in Dorset that aims to raise money with every ticket sold to fight children's cancer.,"{'id': 2362, 'name': 'Teddy Rocks Festival', 'earliestStartDate': None}",Charisworth Farm Cottage,DT11 9AL,-2.19502844,50.81331733,00:00:00,
Mint Festival 2027,0,,2027-05-01,2027-05-01 10:00:00+00:00,2027-05-02 22:00:00+00:00,"After an Incredible 2026 edition. Tickets for Mint Festival 2027 back on sale! 

Missed out on 2026? Now is your chance to secure!","{'id': 242, 'name': 'Mint Festival 2027', 'earliestStartDate': None}",Newsam Green Farm,LS15 9AD,-1.4421028,53.7743756,00:00:00,
Manchester Forever,0,,2027-05-01,2027-05-01 14:00:00+00:00,2027-05-01 23:45:00+00:00,Manchester Forever returns to Bowlers on Saturday 1st May 2027 - the ultimate 90's rave reunion. On sale this Friday at 9am!,,Bowlers Exhibition Centre,M17 1SN,-2.331379,53.469248,00:00:00,
BACK IN TIME Festival 2027,0,,2027-05-01,2027-05-01 12:00:00+00:00,2027-05-01 22:00:00+00:00,"Throwback Grooves, Good Vibes, and Positive Energy for over 25's

It's Time to Go Back... WAY BACK!","{'id': 2994, 'name': 'Back In Time Festival ', 'earliestStartDate': None}",ESHER RUGBY CLUB,KT12 3PF,-0.389332,51.379902,00:00:00,
Brixton Disco Festival 2027,0,,2027-05-01,2027-05-01 14:00:00+00:00,2027-05-02 02:00:00+00:00,We are back on Saturday 1st May 2027. The 9th Annual Multi-Venue Celebration of Disco Culture in the heart of Brixton. Sign Up Below!,"{'id': 1467, 'name': 'Brixton Disco Festival', 'earliestStartDate': None}",Multiple Venues Brixton,SW2 1EF,-0.115212,51.460507,00:00:00,
Pavilion Festival 2027,0,,2027-05-01,2027-05-01 12:00:00+00:00,2027-05-01 22:30:00+00:00,"Pavilion Festival is back for 2027. For the fifth year, we return to the Low Green in Ayr to Embrace The Madness. Lineup information coming soon.....","{'id': 2478, 'name': 'Pavilion Festival ', 'earliestStartDate': None}",Low Green Ayr,KA7 1DR,-4.6389715,55.4612303,00:00:00,
Wanderlust Festival Southhampton,0,,2027-05-01,2027-05-01 11:00:00+00:00,2027-05-02 23:00:00+00:00,Multi-venue all day festival,"{'id': 2574, 'name': 'Wanderlust Festival Southampton', 'earliestStartDate': None}",Multi Venue Southampton,SO14 1JX,-1.40281735,50.90303181,00:00:00,
Pavilion Festival 2027,0,,2027-05-02,2027-05-02 12:00:00+00:00,2027-05-02 22:30:00+00:00,"Pavilion Festival is back for 2027. For the fifth year, we return to the Low Green in Ayr to Embrace The Madness. Lineup information coming soon.....","{'id': 2478, 'name': 'Pavilion Festival ', 'earliestStartDate': None}",Low Green Ayr,KA7 1DR,-4.6389715,55.4612303,00:00:00,
Groovebox In The Park 2027,0,,2027-05-02,2027-05-02 13:00:00+00:00,2027-05-02 23:00:00+00:00,"After a SOLD OUT day festival in 2026, we are back in 2027 to deliver an even bigger experience. More info coming soon...","{'id': 3074, 'name': 'Groovebox In The Park ', 'earliestStartDate': None}",Venue TBA,NG8 2AE,-1.1549892,52.9540223,00:00:00,
The Great Escape,0,,2027-05-12,2027-05-12 11:00:00+00:00,2027-05-15 23:00:00+00:00,Festival for new music,"{'id': 28, 'name': 'The Great Escape ', 'earliestStartDate': None}",Brighton Dome And Various Venues,BN1 1UE,-0.13844,50.823411,00:00:00,
One Drop Reggae & Ska Festival,0,,2027-05-21,2027-05-21 16:00:00+00:00,2027-05-22 23:00:00+00:00,"Experience two feel-good days of live music, heavyweight sound systems and Caribbean flavours at the Humber's XL Reggae & Ska Festival - One Drop",,The Country Park,HU13 0HB,-0.451228,53.714505,00:00:00,
Manchester Jazz Festival,0,,2027-05-21,2027-05-21 11:00:00+00:00,2027-05-30 23:00:00+00:00,"Major jazz festival in Manchester, UK.","{'id': 885, 'name': 'Manchester Jazz Festival', 'earliestStartDate': None}",First Street Bar And Kitchen,M15 4RP,-2.2474394,53.4726691,00:00:00,
Cafe Mambo Ibiza Classics at Coombe Abbey 2027,0,,2027-05-22,2027-05-22 13:00:00+00:00,2027-05-22 23:00:00+00:00,The iconic Ibiza brand Cafe Mambo comes to the incredible Grade II Listed Coombe Abbey this May for an Ibiza Classics Festival,"{'id': 2822, 'name': 'Cafe Mambo Ibiza Classics at Coombe Abbey', 'earliestStartDate': None}",Coombe Abbey ,CV3 2AB,-1.406912,52.411457,00:00:00,
Bearded Theory,0,,2027-05-26,2027-05-26 11:00:00+00:00,2027-05-30 23:00:00+00:00,"Bearded Theory's Spring Gathering, also known as Bearded Theory, is an independent music festival that takes place in May.","{'id': 572, 'name': 'Bearded Theory Festival', 'earliestStartDate': None}",Catton Hall,DE12 8LN,-1.695718,52.735396,00:00:00,
Buckle & Boots Country Festival,0,,2027-05-27,2027-05-27 11:00:00+00:00,2027-05-30 23:00:00+00:00,'Buckle & Boots' is a country music festival hosting the cream of UK Country talent alongside chart topping US Country stars from across the Atlantic.,,Whitebottom Farm,SK6 5JQ,-2.0388127,53.4209586,00:00:00,
Hay Festival,0,,2027-05-27,2027-05-27 11:00:00+00:00,2027-06-06 23:00:00+00:00,Celebrated literary and arts festival.,"{'id': 506, 'name': 'Hay Festival', 'earliestStartDate': None}",Dairy Meadows,HR3 5PJ,-3.1346683,52.0695586,00:00:00,
Ascendancy Festival,0,,2027-05-27,2027-05-27 11:00:00+00:00,2027-05-31 23:00:00+00:00,"An unforgettable journey filled with live music, exciting artists, and a vibrant community.","{'id': 3112, 'name': 'Ascendancy Festival', 'earliestStartDate': None}",Thornborough Events,B38 9EH,-1.9244602,52.3827147,00:00:00,
Buckle & Boots Country Festival,0,,2027-05-27,2027-05-27 11:00:00+00:00,2027-05-30 23:00:00+00:00,'Buckle & Boots' is a country music festival hosting the cream of UK Country talent alongside chart topping US Country stars from across the Atlantic.,"{'id': 1143, 'name': 'Buckle & Boots Country Festival', 'earliestStartDate': None}",Etherow Country Park,SK6 5JD,-2.0522882,53.4154524,00:00:00,
Call Of The Wild Festival,0,,2027-05-27,2027-05-27 11:00:00+00:00,2027-05-30 23:00:00+00:00,We are a Rock Music Festival that proudly presents a varied range of genres!,"{'id': 2802, 'name': 'Call Of The Wild Festival', 'earliestStartDate': None}",Lincolnshire Showground,LN2 2NA,-0.547713,53.285323,00:00:00,
In It Together 2027,0,,2027-05-28,2027-05-28 12:00:00+00:00,2027-05-30 23:45:00+00:00,In It Together returns to Port Talbot on Late May Bank Holiday - 28th-30th May 2027. Tickets on sale now!,"{'id': 2181, 'name': 'In It Together Festival', 'earliestStartDate': None}",Old Park Farm Margam In Port Talbot,SA13 2TG,-3.718071,51.5489393,00:00:00,
Coalesce Festival 2027,0,,2027-05-28,2027-05-28 13:00:00+00:00,2027-05-31 02:00:00+00:00,Coalesce Festival returns for 2027 - A five year celebration of UK club and sound system culture in South Wales!,"{'id': 2702, 'name': 'Coalesce Festival ', 'earliestStartDate': None}",Three Pools,NP7 8NL,-2.9403015,51.8486967,00:00:00,
The Beat Goes On.... 2027,0,,2027-05-28,2027-05-28 12:00:00+00:00,2027-05-31 12:00:00+00:00,"AN EXPLOSION OF MUSIC ART & PERFORMANCE
WITH GENRES ACID TECHNO, HARD HOUSE, NRG, PSY-TRANCE, DnB,  JUNGLE, DUB,, REGGAE, DISCO, FUNK & HOUSE MUSIC","{'id': 3172, 'name': 'The Beat Goes On.... 2027', 'earliestStartDate': None}",Oxwick Farm,BS37 6PA,-2.4028647,51.5712546,00:00:00,
TN90's Festival Tonbridge 2027,0,,2027-05-28,2027-05-28 16:00:00+00:00,2027-05-31 19:00:00+00:00,TN90's festival sees your favourite 90's and 00's acts perform legendary old skool music in the heart of Tonbridge!,"{'id': 2477, 'name': 'TN90s Festival Tonbridge', 'earliestStartDate': None}",Tonbridge Race Course,TN9 1HR,0.2698974,51.1957456,00:00:00,
Country In The Country 2027 - ELY,0,,2027-05-28,2027-05-28 17:00:00+00:00,2027-05-28 23:00:00+00:00,"Country music returns to Ely for 2027 with live tributes, mechanical rodeo bull, honky tonk bars & American food. Don't miss it!",,Ely Secret Venue (TBA),CB7 4BB,0.262363,52.399539,00:00:00,
Little Fields Festival: 2027,0,,2027-05-28,2027-05-28 08:30:00+00:00,2027-05-31 03:00:00+00:00,"Festival postponed, new event date will be released very shortly. 

If you came to Year Zero in 2025, then welcome back. If you didn't, then trust us.",,Secret Venue Wales,NP7 8NL,-2.9406554,51.8517867,00:00:00,
Meadow Fest,0,,2027-05-28,2027-05-28 14:30:00+00:00,2027-05-30 23:00:00+00:00,"Music Festival celebrating the best of British Music and British Farming! Music and Food to Feed The Soul!
1st - 3rd May 2026",,"Rangers Lodge, Cornbury Park,",OX7 3HL,-1.516171,51.8697646,00:00:00,
The Big Retreat Festival,0,,2027-05-28,2027-05-28 11:00:00+00:00,2027-05-31 23:00:00+00:00,Find your feel good at The Big Retreat Festival.,"{'id': 2658, 'name': 'The Big Retreat Festival', 'earliestStartDate': None}",The Big Retreat Wales,SA68 0PW,-4.8725463,51.7267262,00:00:00,
Shindig Festival,0,,2027-05-28,2027-05-28 11:00:00+00:00,2027-05-30 23:00:00+00:00,"One of the few genuinely boutique festivals. No VIP areas, no main stages...just a beautiful arrangement of themed venues.","{'id': 2332, 'name': 'Shindig Festival', 'earliestStartDate': None}",Charlton Park Estate,SN16 9LL,-2.0774817,51.5939645,00:00:00,
Bournemouth7s Festival,0,,2027-05-28,2027-05-28 11:00:00+00:00,2027-05-30 23:00:00+00:00,Music festival in Bournemouth.,"{'id': 3014, 'name': 'Bournemouth7s Festival', 'earliestStartDate': None}",Bournemouth University Sports Campus,BH23 6BL,-1.8607888,50.7806542,00:00:00,
Meadow Fest,0,,2027-05-28,2027-05-28 11:00:00+00:00,2027-05-30 23:00:00+00:00,Celebrating British Music and Farming Heritage,"{'id': 2973, 'name': 'Meadow Fest', 'earliestStartDate': None}",The Big Park,HP7 0PL,-0.655758,51.6438244,00:00:00,
Run Away Festival 2027 - Bank Hol Sat 29 & Sun 30 May - Essex,0,,2027-05-29,2027-05-29 12:00:00+00:00,2027-05-30 22:30:00+00:00,"29 + 30 May Bank Holiday @ Chelmsford Racecourse, Essex.","{'id': 2992, 'name': 'Run Away Festival - Essex', 'earliestStartDate': None}",Chelmsford Racecourse,CM3 1QP,0.5128143,51.8420471,00:00:00,
The Gathering 2027,0,,2027-05-29,2027-05-29 11:30:00+00:00,2027-05-29 22:30:00+00:00,Join us at The Gathering 2027 at Inverness Northern Meeting Park on 29th May for a one-day festival celebrating the very best of The Highlands...,"{'id': 1773, 'name': 'The Gathering Festival', 'earliestStartDate': None}",Inverness Northern Meeting Park,IV3 5NN,-4.2292209,57.4750207,00:00:00,
The Invasion: 5.0 - A New Dawn,0,,2027-05-29,2027-05-29 13:00:00+00:00,2027-05-29 23:00:00+00:00,Limited super early access tickets now live.,,***Secret Location***,B1 1AA,-1.9105123,52.4804681,00:00:00,
The Essex Ska & Reggae Festival 2027,0,,2027-05-29,2027-05-29 14:00:00+00:00,2027-05-29 23:30:00+00:00,Back in its third successful year in Harlow with more of the genres finest bands and performers,,Harlow Rugby Club,CM20 3FD,0.1163633,51.7661231,00:00:00,
Vernon Carus Britpop Weekender 2027,0,,2027-05-29,2027-05-29 17:00:00+00:00,2027-05-30 23:00:00+00:00,"Join us for a Bank Holiday of Britpop Classics with the Stone Roses and Courteeners tribute bands, as well as several local acts.",,Vernon Carus Sports Club,PR1 9SN,-2.7005419,53.7418198,00:00:00,
Field Day,0,,2027-05-29,2027-05-29 11:00:00+00:00,2027-05-29 23:00:00+00:00,"Field Day is back, bringing together cutting-edge artists, underground sounds, and a diverse community of music lovers.","{'id': 60, 'name': 'Field Day London', 'earliestStartDate': None}",Brockwell Park   London,SE24 0NG,-0.1076672,51.45082,00:00:00,
Benisoul  Blackpool  Comedy Carpet 2027,0,,2027-05-29,2027-05-29 12:00:00+00:00,2027-05-30 18:00:00+00:00,"Saturday May 29th and Sunday May 30th   12pm till 6pm
Outside dancing on the carpet featuring live radio DJs...Northern Soul...Motown...Reggae and Ska",,The Blackpool Tower,FY1 4BJ,-3.0552319,53.8159646,00:00:00,
Dot To Dot Festival,0,,2027-05-29,2027-05-29 11:00:00+00:00,2027-05-30 23:00:00+00:00,"Previous Winner of Best Metropolitan Festival at the UK Festival Awards, Dot To Dot Festival is one to watch.","{'id': 90, 'name': 'Dot to Dot Festival', 'earliestStartDate': None}",Bristol And Nottingham (Multiple Venues),BS1 5NA,-2.6001187,51.4540069,00:00:00,
Godskitchen XXX : Birmingham,0,,2027-05-30,2027-05-30 14:00:00+00:00,2027-05-31 04:00:00+00:00,"The Angel is back where it belongs, right at the top. After a barnstorming return to Birmingham this May, we return in May 2027 to celebrate 30 years!","{'id': 3036, 'name': 'Godskitchen : Birmingham', 'earliestStartDate': None}",The Digbeth Triangle,B9 4AG,-1.8816481,52.4751069,00:00:00,
Groove is in the Park 2027,0,,2027-05-30,2027-05-30 14:00:00+00:00,2027-05-30 22:30:00+00:00,After a brilliant first festival GROOVE IS IN THE PARK is back in HARLOW with a dynamite line up,,Harlow Rugby Club,CM20 3FD,0.1163633,51.7661231,00:00:00,
Land Beyond Festival 2027,0,,2027-05-30,2027-05-30 12:00:00+00:00,2027-05-30 22:00:00+00:00,"Land Beyond Festival returns for 2027.
Super early bird loyalty tickets now live.

Please note: location is STC and details may change.",,East Brighton Park,BN2 5PB,-0.09738,50.819877,00:00:00,
Ely Fest - Family Festival 2027,0,,2027-05-30,2027-05-30 12:00:00+00:00,2027-05-30 18:00:00+00:00,"Ely Fest returns on Sunday 30th May 2027 with live music, Kids workshops, arts & crafts, games and activities at EOSA.",,Ely Secret Venue (TBA),CB7 4BB,0.262363,52.399539,00:00:00,
Country Club - Outdoor Country Music Festival 2027 - Chelmsford,0,,2027-05-30,2027-05-30 14:00:00+00:00,2027-05-30 22:00:00+00:00,Saddle up cowboys & cowgirls for Chelmsfords forultimate hoedown in May 2027!,,Wheelers Farm ,CM3 3LZ,0.4902514,51.7871197,00:00:00,
"Love the 90s Festival 2027|Elvaston Castle, Derby",0,,2027-05-30,2027-05-30 13:00:00+00:00,2027-05-30 23:00:00+00:00,After a successful year Love The 90s Festival is coming back to Elvaston Castle in 2027. Huge lineup TBA.,"{'id': 2916, 'name': ""Love The 90's Fest - Derby"", 'earliestStartDate': None}",Elvaston Castle Country Park,DE72 3EP,-1.397213,52.893113,00:00:00,
City Splash 2027,0,,2027-05-31,2027-05-31 12:00:00+00:00,2027-05-31 22:00:00+00:00,City Splash 2027  - The Home of Culture,"{'id': 2349, 'name': 'City Splash Festival ', 'earliestStartDate': None}",Brockwell Park,SE24 0NG,-0.103317,51.452522,00:00:00,
Wychwood Festival,0,,2027-06-04,2027-06-04 11:00:00+00:00,2027-06-06 23:00:00+00:00,Wychwood Festival at Cheltenham racecourse.,"{'id': 254, 'name': 'Wychwood Festival', 'earliestStartDate': None}",Cheltenham Racecourse,GL50 4SH,-2.069876,51.918208,00:00:00,
Glorious Day Festival 2027,0,,2027-06-05,2027-06-05 13:00:00+00:00,2027-06-05 22:30:00+00:00,A boutique festival at Hove Lawns on Brighton & Hove Seafront,"{'id': 2823, 'name': 'Glorious Day Festival', 'earliestStartDate': None}",Hove Lawns,BN3 2PE,-0.159751,50.822969,00:00:00,
Terminal V Festival 2027,0,,2027-06-05,2027-06-05 12:00:00+00:00,2027-06-06 22:30:00+00:00,"Glasgow hosts 10 years of Terminal V in an undiscovered outdoor location in the industrial heart of the city,","{'id': 1779, 'name': 'Terminal V Festival 2027', 'earliestStartDate': None}",Outdoor Industrial Location TBA,G1 3SJ,-4.2579586,55.8593948,00:00:00,
LOADED : Music Festival,0,,2027-06-05,2027-06-05 12:00:00+00:00,2027-06-05 22:00:00+00:00,Live Bands & Legendary DJs,,Ratby Sports Club,LE6 0LE,-1.2463714,52.6468661,00:00:00,
Stories In The Park 2027,0,,2027-06-05,2027-06-05 12:00:00+00:00,2027-06-05 22:30:00+00:00,"Stories In The Park returns June 5, 2027 at Palmer Park. UK's biggest independent dance festival, 10,000 capacity.",,Palmer Park,RG1 3PE,-0.9392127,51.4534992,00:00:00,
Road to Nashville Outdoor Festival 2027 | Elvaston Castle,0,,2027-06-05,2027-06-05 13:00:00+00:00,2027-06-05 23:00:00+00:00,"Following a hugely successful 2026 show, The Road to Nashville is RETURNING to Derby in June 2027!","{'id': 3169, 'name': 'Road to Nashville Outdoor Festival | Derby 2027', 'earliestStartDate': None}",Elvaston Castle Country Park,DE72 3EP,-1.397213,52.893113,00:00:00,
Download Festival,0,,2027-06-09,2027-06-09 11:00:00+00:00,2027-06-13 23:00:00+00:00,Britain's greatest rock festival!,"{'id': 36, 'name': 'Download Festival', 'earliestStartDate': None}",Raceway Fields And Forest Donington Park,DE74 2RP,-1.365966,52.831932,00:00:00,
WMF 2027 - Our 21st Birthday,0,,2027-06-11,2027-06-11 17:00:00+00:00,2027-06-12 23:00:00+00:00,"Witney Music Festival turns 21 in 2027! Live music across multiple stages at The Leys, Witney. Affordable, family-friendly, full of community spirit.",,The Leys Recreational Park,OX28 4AR,-1.4858118,51.7792115,00:00:00,
Goodlife Festival 2027,0,,2027-06-12,2027-06-12 12:00:00+00:00,2027-06-12 23:00:00+00:00,"A Bold, Beautiful & Boutique Festival at the picturesque grounds of Harewood House.","{'id': 2767, 'name': 'Goodlife Festival', 'earliestStartDate': None}",Harewood House,LS17 9LG,-1.527206,53.897006,00:00:00,
Summer Fest at the Beach 2027,0,,2027-06-12,2027-06-12 11:00:00+00:00,2027-06-13 22:00:00+00:00,Summer Fest at the Beach in Weston-Super-Mare 12th/13th June 2027 with huge acts good vibes golden sands and unforgettable beachfront weekend fun.,,Weston Super Mare Beach,BS23 1AL,-2.9814491,51.34327359,00:00:00,
Makemake Brewing Co. Presents: Far Out Festival,0,,2027-06-12,2027-06-12 12:00:00+00:00,2027-06-12 23:00:00+00:00,"Makemake Brewing Co & Pitt Street Skate Park welcome you to join us for an event like no other.

Fusing Beer, Music, Food and the Dude into an experie",,Pitt St Indoor Skatepark,PO1 4AY,-1.088732,50.8040859,00:00:00,
Earlham Park Tribute Festival 2027,0,,2027-06-12,2027-06-12 12:00:00+00:00,2027-06-12 23:00:00+00:00,Get ready for a full day of unforgettable live music as the Earlham Park Tribute Festival comes to Norwich on Saturday 12th June 2027,"{'id': 3077, 'name': 'Earlham Park Tribute Festival', 'earliestStartDate': None}",Earlham Park,NR4 7TQ,1.2378515,52.6256681,00:00:00,
"Rum & Reggae Fest 2027| Elvaston Castle, Derby",0,,2027-06-12,2027-06-12 13:00:00+00:00,2027-06-12 23:00:00+00:00,"The ultimate island experience returns to Elvaston Castle next Summer!
Bringing you pure reggae sounds with huge headliners & insane production...","{'id': 3160, 'name': 'Rum & Reggae Fest 2027 | Elvaston Castle, Derby', 'earliestStartDate': None}",Elvaston Castle Country Park,DE72 3EP,-1.397213,52.893113,00:00:00,
GemFest 2027,0,,2027-06-17,2027-06-17 12:00:00+00:00,2027-06-21 00:00:00+00:00,Thursday and Friday Entry Weekend Tickets are NOW LIVE!,"{'id': 2580, 'name': 'GemFest ', 'earliestStartDate': None}",Charlton Park Estate,SN16 9LL,-2.0774817,51.5939645,00:00:00,
Loverocks Classic Rock and Blues Festival X,0,,2027-06-17,2027-06-17 17:00:00+00:00,2027-06-19 23:30:00+00:00,Three days of the best up and coming rock/metal/blues/southern rock held on an AA 4 star campsite in Dorset!,,St Leonards Farm Caravan And Camping Park,BH22 0AQ,-1.86731856,50.81296409,00:00:00,
Towerfest Country Music Festival,0,,2027-06-17,2027-06-17 11:00:00+00:00,2027-06-20 23:00:00+00:00,Yorkshire's premier open air country music festival.,"{'id': 1666, 'name': 'Towerfest Country Music Festival', 'earliestStartDate': None}",Drax Sports And Social Club,YO8 8PJ,-0.99345,53.729418,00:00:00,
Isle of Wight Festival,0,,2027-06-17,2027-06-17 11:00:00+00:00,2027-06-20 23:00:00+00:00,"The Isle of Wight festival has attracted such world beating acts as Jimi Hendrix, The Rolling Stones, Muse, Robert Plant, David Bowie, to name a few.","{'id': 20, 'name': 'Isle of Wight Festival', 'earliestStartDate': None}",Seaclose Park,PO30 1UD,-1.290827,50.700541,00:00:00,
Silverburn Festival 2027,0,,2027-06-18,2027-06-18 17:00:00+00:00,2027-06-19 23:00:00+00:00,"A two day music extravaganza in Fife featuring the finest rock, ska, funk, indie and folk bands plus DJs over 3 stages in a beautiful natural setting!","{'id': 2430, 'name': 'Silverburn Festival ', 'earliestStartDate': None}",Silverburn Park,KY8 5PU,-2.979583,56.206884,00:00:00,
Daresbury Festival 2027,0,,2027-06-19,2027-06-19 12:00:00+00:00,2027-06-19 23:00:00+00:00,"Join us for a day of House, Disco & Happiness at the highly anticipated Daresbury Festival taking place at the picturesque settings of Walton hall","{'id': 2391, 'name': 'Daresbury Festival', 'earliestStartDate': None}",Walton Hall And Gardens ,WA4 6SN,-2.602108,53.3614688,00:00:00,
Killin Music Festival,0,,2027-06-19,2027-06-19 11:00:00+00:00,2027-06-20 23:00:00+00:00,Killin Music Festival delivers a weekend packed from start to finish with top-of-their-game artists,"{'id': 1261, 'name': 'Killin Music Festival', 'earliestStartDate': None}",McLaren Hall,FK21 8TN,-4.317864,56.468864,00:00:00,
Leyland Festival,0,,2027-06-19,2027-06-19 11:00:00+00:00,2027-06-19 23:00:00+00:00,"Small music festival held in Worden Park, Leyland","{'id': 3084, 'name': 'Leyland Festival', 'earliestStartDate': None}",Worden Park,PR25 1DJ,-2.697838,53.685307,00:00:00,
Glastonbury,0,,2027-06-23,2027-06-23 11:00:00+00:00,2027-06-27 23:00:00+00:00,"Glastonbury is a festival in need of no introduction, being the biggest greenfield music and performing arts festival.","{'id': 23, 'name': 'Glastonbury Festival', 'earliestStartDate': None}",Worthy Farm Pilton,BA4 4BY,-2.585679,51.159787,00:00:00,
Liverpool Soul Weekender 2027,0,,2027-06-24,2027-06-24 18:00:00+00:00,2027-06-28 01:00:00+00:00,"4 Nights & 3 Days of rare soul, fun & dancing in a historic maritime city. If you know, you know. If you don't, come and find out.",,Various Liverpool Venues,L1 1AA,-2.98346,53.410552,00:00:00,
Symphonic Ibiza - KNOWLE - Friday 25th June 2027,0,,2027-06-25,2027-06-25 17:30:00+00:00,2027-06-25 22:30:00+00:00,An incredible journey of Ibizas most iconic anthems performed by Symphonic Ibizas orchestra and vocalists,,Knowle Park Longdon Road,B93 9HT,-1.7419664,52.3880672,00:00:00,
Heartland Festival,0,,2027-06-25,2027-06-25 11:00:00+00:00,2027-06-27 23:00:00+00:00,After the huge success of their past events Heartland are back!,"{'id': 2684, 'name': 'Heartland Festival ', 'earliestStartDate': None}",Pitlochry Recreation Ground,PH16 5DZ,-3.731568,56.6997947,00:00:00,
Restricted Forest 2027,0,,2027-06-26,2027-06-26 13:00:00+00:00,2027-06-26 23:00:00+00:00,"Set in their stunning private woodlands next to Formby, they will be hosting some of the biggest names in dance across 4 unique stages.","{'id': 1329, 'name': 'Restricted Forest ', 'earliestStartDate': None}",Orrell Hill Woods,L38 5DA,-3.034359,53.526898,00:00:00,
Knowle Party In The Park 2027,0,,2027-06-26,2027-06-26 11:00:00+00:00,2027-06-26 22:30:00+00:00,Knowle Party in the Park returns on Saturday 26th June 2027,"{'id': 2972, 'name': 'Knowle Party In The Park 2027', 'earliestStartDate': None}",Knowle Park Longdon Road,B93 9HT,-1.7419664,52.3880672,00:00:00,
Granite City Festival 2027,0,,2027-06-26,2027-06-26 12:00:00+00:00,2027-06-26 23:00:00+00:00,Granite City Festival returns to Hazelhead Park on Saturday 26 June 2027!,,Hazelhead Park,AB15 1AA,-2.1967236,57.1215847,00:00:00,
Chichester's Biggest Ever Summer House Music Festival,0,,2027-06-26,2027-06-26 14:00:00+00:00,2027-06-26 22:00:00+00:00,Glitterati x StylishHouse present Chichester's biggest ever summer house music festival - a celebrity guest & all-day house beats.,,Crouchers Orchards,PO20 7EH,-0.8029207,50.8109756,00:00:00,
Lytham Festival,0,,2027-06-30,2027-06-30 11:00:00+00:00,2027-07-04 23:00:00+00:00,5 Nights of Live Music on Lytham Green.,"{'id': 684, 'name': 'Lytham Festival', 'earliestStartDate': None}",Lytham Green,FY8 5LB,-2.9612395,53.7361652,00:00:00,
ECLIPSE - Windsor Racecourse,0,,2027-07-02,2027-07-02 16:00:00+00:00,2027-07-02 22:30:00+00:00,"ECLIPSE 2027 is the ultimate celebration of R&B, Soul and UK Garage. Expect legendary artists, iconic DJs in the idillic backdrop of Windsor Racecours",,Windsor Racecourse,SL4 5jj,-0.6057318,51.4832299,00:00:00,
Love Supreme Jazz Festival,0,,2027-07-02,2027-07-02 11:00:00+00:00,2027-07-04 23:00:00+00:00,The Love Supreme Jazz Festival is a 3 day greenfield jazz festival.,"{'id': 1266, 'name': 'Love Supreme Jazz Festival', 'earliestStartDate': None}",Glynde Place,BN8 6SX,0.0686302,50.8643584,00:00:00,
Morley Music Festival 2027,0,,2027-07-03,2027-07-03 12:00:00+00:00,2027-07-03 21:30:00+00:00,Morley Music Festival returns for it's 7th year Sat 3rd July 2027,,Morley Rugby Club,LS27 0JJ,-1.612128,53.7424307,00:00:00,
doof in the Park 2027,0,,2027-07-03,2027-07-03 13:00:00+00:00,2027-07-03 23:00:00+00:00,"After an incredible 2nd year, doof in the park returns to Dundee in 2027. Hit remind me to be first in line!","{'id': 2735, 'name': 'doof in the park 2027', 'earliestStartDate': None}",Location TBA,DD1 3AD,-2.9684036,56.4604052,00:00:00,
Celestry 2027,0,,2027-07-03,2027-07-03 13:00:00+00:00,2027-07-03 22:30:00+00:00,"CELESTRY 2027 returns for another unforgettable journey of house, atmosphere and escapism. Expect world-class DJs & breathtaking production.",,Royal Windsor Racecourse,SL4 5JJ,-0.63102,51.490338,00:00:00,
Hartbeat Music Festival VIP Area,0,,2027-07-10,2027-07-10 12:00:00+00:00,2027-07-10 21:00:00+00:00,"Upgrade for a more comfortable festival experience: covered VIP space near the stage, private bar, seating, and VIP-only toilets.",,"Hartham Common, Hertford",SG13 7AH,-0.076491,51.8013575,00:00:00,
Livefields Festival 2027,0,,2027-07-10,2027-07-10 12:00:00+00:00,2027-07-10 23:00:00+00:00,"Livefields Festival was founded in 2019 to feature the UK’s top tribute acts for people from West Yorkshire, Manchester, Sheffield and beyond to enjoy",,Oakwell Hall Country Park,WF17 9LG,-1.672837,53.738551,00:00:00,
The Brit Fest 2027,0,,2027-07-15,2027-07-15 18:00:00+00:00,2027-07-18 23:00:00+00:00,"The Brit Fest returns for its fourth edition in Cheshire, combining iconic live music, great food, boutique camping and unforgettable summer memories","{'id': 2691, 'name': 'The Brit Fest', 'earliestStartDate': None}",Ashley Hall Showground Altrincham WA14 3QA,WA14 3QA,-2.3475721,53.3608729,00:00:00,
Show Of Hands,0,,2027-07-16,2027-07-16 08:00:00+00:00,2027-07-19 04:00:00+00:00,"Show of Hands is a new Jazz festival taking place at Gilcombe farm in Bruton over the May bank holiday weekend in 2026 for 2,500 people.",,Gilcombe Farm,BA10 0QE,-2.436107,51.126415,00:00:00,
Noisy Weekender 2027,0,,2027-07-16,2027-07-16 15:00:00+00:00,2027-07-18 22:00:00+00:00,"NOISY WEEKENDER returns to ARC:HIVE, Liverpool, on 16th-18th July 2027. LINE UP COMING SOON.",,Archive Liverpool,L8 5XJ,-2.97772283,53.3936539,00:00:00,
Nat20:27,0,,2027-07-23,2027-07-23 12:00:00+00:00,2027-07-26 13:00:00+00:00,"Immersive tabletop gaming & fantasy festival! A legendary weekend of TTRPGs, TCGs, live music, and camping. Grab your dice, your adventure awaits!",,NAEC Stoneleigh,CV8 2LZ,-1.5269285,52.3393745,00:00:00,
The CourtYard Fest,1,,2027-08-14,2027-08-14 10:30:00+00:00,2027-08-14 22:30:00+00:00,"Funfair rides, traders market, live music, street food & family fun by day. Ibiza Classics, DJs & great vibes by night at Betley Court Farm!",,Betley Court Farm,CW3 9BH,-2.3685653,53.02973,00:00:00,
INJM Fest,0,,2027-08-21,2027-08-21 12:00:00+00:00,2027-08-21 22:00:00+00:00,"AUGUST 21st - THE SOUND OF THE UNDERGROUND 

From 12PM - 10PM, step into a full day of pure Drum & Bass and Jungle energy. Heavy basslines!",,Eternit Sport And Social Club,SG8 5RL,-0.0067322,52.1000776,00:00:00,
Street Eat N Beats Festival 2027,0,,2027-09-11,2027-09-11 12:00:00+00:00,2027-09-11 22:30:00+00:00,"Award winning, family friendly, Electronic Dance Music Festival in Essex. UK 
STREET FOOD| BOUTIQUE BARS| COOL BEATS
11th Sept 2027, 12.00 till 10.30","{'id': 2991, 'name': 'Street Eat N Beats Festival ', 'earliestStartDate': None}","Central Park, Chelmsford",Cm2 0RW,0.46735883,51.73262672,00:00:00,
Sounds of the 60s,0,,2027-09-11,2027-09-11 19:30:00+00:00,2027-09-11 22:00:00+00:00,"The Zoots are coming and they're bringing the Sounds of the Sixties! Featuring Jamie Cook from The Overtures, fronted by Jamie Goddard",,"Princes Theatre, Clacton On Sea, Essex",CO15 1SE,1.1534776,51.7919815,00:00:00,
Sounds of the 60s,0,,2027-09-17,2027-09-17 19:30:00+00:00,2027-09-17 22:00:00+00:00,The Zoots are coming and they're bringing the Sounds of the Sixties!,,"The Mill Arts Centre, Banbury",OX16 5QE,-1.3316148,52.0629011,00:00:00,
Sounds of the 60s,0,,2027-10-17,2027-10-17 19:30:00+00:00,2027-10-17 22:00:00+00:00,"The Zoots & coming and they're bringing the Sounds of the Sixties! Fronted by Jamie Goddard featuring Harriet Lowther, Charlie T Gregory, Neil Hopkins",,Theatre Royal Winchester,SO23 8SB,-1.316077,51.065709,00:00:00,
Strange Day + Strange Manchester after party,0,,2027-11-27,2027-11-27 17:00:00+00:00,2027-11-28 02:00:00+00:00,4 bands + Strange Manchester after party with resident DJs,,Grafton Arms,M13 9WU,-2.2275962,53.463506,00:00:00,
