eventname,date,startdate,enddate,venue_name,postcode,isWeekend
Bredy Reunion,2026-07-09,2026-07-09 10:00:00+00:00,2026-07-11 23:45:00+00:00,Bredy Farm,DT6 4ND,False
Bradford Literature Festival,2026-07-09,2026-07-09 09:00:00+00:00,2026-07-09 22:00:00+00:00,University Of Bradford,BD7 1DP,False
British Summer Time,2026-06-27,2026-06-27 11:00:00+00:00,2026-07-12 23:00:00+00:00,"The Hyde Park, St Neots",PE19 1AJ,True
Eskfest,2026-07-09,2026-07-09 11:00:00+00:00,2026-07-11 23:00:00+00:00,The Woolpack Inn,CA19 1TH,False
2000trees Festival,2026-07-08,2026-07-08 12:00:00+00:00,2026-07-11 23:00:00+00:00,Upcote Farm,GL54 4bl,False
Gosport Sunset Festival 2026,2026-07-09,2026-07-09 15:30:00+00:00,2026-07-12 23:00:00+00:00,Walpole Park,PO12 1NH,False
Into the Woods festival 2026,2026-07-10,2026-07-10 12:00:00+00:00,2026-07-11 23:45:00+00:00,Piercefield Park,NP16 6BE,False
90s & 00s Nation Summer Fest,2026-07-10,2026-07-10 16:00:00+00:00,2026-07-10 23:00:00+00:00,Harrow Lodge Park,RM12 4PL,False
Shut The Funk Up,2026-07-10,2026-07-10 12:00:00+00:00,2026-07-12 23:00:00+00:00,THE GRANGE,KT113QJ,False
90s Fest 2026,2026-07-10,2026-07-10 17:00:00+00:00,2026-07-12 23:00:00+00:00,Don Valley Bowl,S9 5DP,False
"Hopfest 2026 - Preston Grasshoppers Beer, Gin and Music Festival",2026-07-10,2026-07-10 16:00:00+00:00,2026-07-11 23:00:00+00:00,Preston Grasshoppers Rugby Football Club,PR4 0AP,False
Rock the Castle - Weekender,2026-07-10,2026-07-10 17:30:00+00:00,2026-07-11 22:30:00+00:00,Flint Castle,CH6 5NG,False
In the Park Newcastle presents Paul Weller,2026-07-10,2026-07-10 17:00:00+00:00,2026-07-10 22:00:00+00:00,Exhibition Park,NE2 4PZ,False
Secret Garden Series with Chicane,2026-07-10,2026-07-10 18:00:00+00:00,2026-07-10 23:00:00+00:00,The Hobbit Pub,SO14 0JZ,False
Sound Factory Festival,2026-07-10,2026-07-10 17:00:00+00:00,2026-07-12 02:00:00+00:00,Depo Plymouth,PL1 3LU,False
Cheadle Carnival Presents Dance Fest!,2026-07-10,2026-07-10 17:00:00+00:00,2026-07-10 23:00:00+00:00,Tean Road Recreation Ground,ST10 1LG,False
District 11,2026-07-10,2026-07-10 16:00:00+00:00,2026-07-11 23:45:00+00:00,Babylon Farm,DE55 4NG,False
Mario Bakuna Band - Live @Buxton International Festival 2026,2026-07-10,2026-07-10 20:00:00+00:00,2026-07-10 21:15:00+00:00,Buxton Opera House,SK17 6XN,False
Tiree Music Festival,2026-07-10,2026-07-10 11:00:00+00:00,2026-07-12 23:00:00+00:00,Crossapol,PA77 6UP,False
Freerotation,2026-07-10,2026-07-10 11:00:00+00:00,2026-07-12 23:00:00+00:00,BASKERVILLE HALL,HR3 5LE,False
"Mostly Jazz, Funk and Soul Festival",2026-07-10,2026-07-10 11:00:00+00:00,2026-07-12 23:00:00+00:00,Moseley Park,B13 8DD,False
Bradford Literature Festival,2026-07-10,2026-07-10 09:00:00+00:00,2026-07-10 22:00:00+00:00,University Of Bradford,BD7 1DP,False
Boogietown 2026,2026-07-11,2026-07-11 12:00:00+00:00,2026-07-11 22:30:00+00:00,Apps Court Farm,KT12 2EG,True
Lost Minds,2026-07-11,2026-07-11 11:00:00+00:00,2026-07-11 23:00:00+00:00,Exhibition Park,NE2 4PZ,True
Essex Summer Fest,2026-07-11,2026-07-11 12:00:00+00:00,2026-07-12 22:30:00+00:00,Harrow Lodge Park,RM12 4QU,True
Fisher 2026 | Silverworks Island,2026-07-11,2026-07-11 14:00:00+00:00,2026-07-11 22:30:00+00:00,Silverworks Island,E16 2BU,True
Summer Sound Music Festival,2026-07-11,2026-07-11 12:00:00+00:00,2026-07-12 18:00:00+00:00,Guisborough Rugby Club,TS14 7BB,True
Livefields Festival 2026,2026-07-11,2026-07-11 12:00:00+00:00,2026-07-11 23:00:00+00:00,Oakwell Hall Country Park,WF17 9LG,True
Hits On The Pitch 2026,2026-07-11,2026-07-11 12:00:00+00:00,2026-07-11 23:00:00+00:00,Manchester Rugby Club,SK8 7NB,True
Alsager Music Festival 2026,2026-07-11,2026-07-11 12:00:00+00:00,2026-07-11 21:00:00+00:00,Milton Park Alsager,ST7 2ES,True
Kaleidoscope Festival 2026,2026-07-11,2026-07-11 13:00:00+00:00,2026-07-11 22:30:00+00:00,Alexandra Park And Palace,N22 7AY,True
"CLAIRE RICHARDS, LOUISE & MORE| Love the 90s Festival |Dreamland",2026-07-11,2026-07-11 17:00:00+00:00,2026-07-11 22:30:00+00:00,Dreamland,CT9 1XJ,True
Derby Music Festival 2026  - A Great Family Day Out!,2026-07-11,2026-07-11 12:00:00+00:00,2026-07-11 22:00:00+00:00,Elvaston Castle Country Park,DE72 3EP,True
Road to Nashville Outdoor Festival | Project House | SOLD OUT,2026-07-11,2026-07-11 12:00:00+00:00,2026-07-11 21:00:00+00:00,Project House,LS12 2DR,True
WN30 - Wigan Reunion (30+ Event),2026-07-11,2026-07-11 15:00:00+00:00,2026-07-11 22:00:00+00:00,The Dome Wigan,WN2 2DZ,True
Analog & House Emporium 'SUMMER OUTDOOR ALL DAYER',2026-07-11,2026-07-11 14:00:00+00:00,2026-07-11 23:00:00+00:00,The Mulberry Farnham,GU9 8AD,True
D-Fest 2026,2026-07-11,2026-07-11 13:00:00+00:00,2026-07-11 23:45:00+00:00,Dunvant Rugby Football Club,SA2 7RU,True
Southsea Thai Food and Craft Festival,2026-07-11,2026-07-11 10:00:00+00:00,2026-07-12 19:00:00+00:00,Southsea Common Portsmouth PO5 3LR,PO5 3LR,True
Dance at the Billy '26,2026-07-11,2026-07-11 13:00:00+00:00,2026-07-11 23:00:00+00:00,"The King William, Warmley, Bristol, BS30 8BL",BS308SB,True
Taste Of Thailand Music And Food Festival,2026-07-11,2026-07-11 10:00:00+00:00,2026-07-12 19:00:00+00:00,Town Park Runcorn,WA7 6PT,True
Beer & Cider Summer Festival,2026-07-11,2026-07-11 14:00:00+00:00,2026-07-11 23:30:00+00:00,Five Ways Old Edwardians Sports Club,B48 7BD,True
Country Nights Country Hoedown 2026. Live Music & Line Dancing,2026-07-11,2026-07-11 17:00:00+00:00,2026-07-11 23:45:00+00:00,Easton Farm Park,IP13 0EQ,True
SOLACE. Golden Hours Into After Dark // PART TWO,2026-07-11,2026-07-11 14:00:00+00:00,2026-07-12 03:00:00+00:00,The Brewery Tap,LU1 3ET,True
Hubble Bubble Sound Bazar Festival,2026-07-11,2026-07-11 16:00:00+00:00,2026-07-12 01:00:00+00:00,The Yard MCR,M8 8NF,True
Shinefest,2026-07-11,2026-07-11 15:00:00+00:00,2026-07-11 22:00:00+00:00,Nice N Sleazys,G2 3LG,True
Derby Music Festival 2026 - Parking,2026-07-11,2026-07-11 10:00:00+00:00,2026-07-11 22:00:00+00:00,Elvaston Castle Country Park,DE72 3EP,True
Inn Fest 2026,2026-07-11,2026-07-11 12:00:00+00:00,2026-07-11 22:00:00+00:00,"The New Inn, North Thoresby",DN36 5QS,True
Love Afrobeats & Bashment :: Rooftop Day Party,2026-07-11,2026-07-11 16:00:00+00:00,2026-07-11 22:00:00+00:00,Brixton Storeys,SW9 8HH,True
Hartbeat Music Festival VIP Area,2027-07-10,2026-07-11 12:00:00+00:00,2026-07-11 21:00:00+00:00,"Hartham Common, Hertford",SG13 7AH,True
Moor Fest,2026-07-11,2026-07-11 13:00:00+00:00,2026-07-12 01:00:00+00:00,Bradford Moor Golf Club,BD2 4RW,True
Festwich Tribute Festival,2026-07-11,2026-07-11 11:00:00+00:00,2026-07-12 23:00:00+00:00,Heaton Park,M25 0EQ,True
FixFest,2026-07-11,2026-07-11 11:00:00+00:00,2026-07-11 23:00:00+00:00,Delapre Abbey,NN4 8AW,True
Bradford Literature Festival,2026-07-11,2026-07-11 09:00:00+00:00,2026-07-11 22:00:00+00:00,University Of Bradford,BD7 1DP,True
Tiësto 2026 | Silverworks Island,2026-07-12,2026-07-12 15:00:00+00:00,2026-07-12 22:00:00+00:00,Silverworks Island,E16 2BU,True
Electric Heart Surrey,2026-07-12,2026-07-12 14:00:00+00:00,2026-07-12 22:30:00+00:00,Apps Court Farm,KT12 2EG,True
"GirlyPop X K-Pop Festival | Dreamland, Margate",2026-07-12,2026-07-12 12:00:00+00:00,2026-07-12 17:00:00+00:00,Dreamland,CT9 1XJ,True
Allday Indie Summer Outdoor Beach Festival - Brighton,2026-07-12,2026-07-12 17:00:00+00:00,2026-07-12 22:00:00+00:00,Central Park Brighton Seafront,BN2 1FY,True
In the Park Newcastle presents Wolf Alice,2026-07-12,2026-07-12 17:00:00+00:00,2026-07-12 22:00:00+00:00,Exhibition Park,NE2 4PZ,True
Angel Fest 26,2026-07-12,2026-07-12 12:00:00+00:00,2026-07-13 02:00:00+00:00,Bar Fibre,LS1 6LY,True
Bradford Literature Festival,2026-07-12,2026-07-12 09:00:00+00:00,2026-07-12 22:00:00+00:00,University Of Bradford,BD7 1DP,True
On The Beach 2026: Thursday- Fatboy Slim,2026-07-16,2026-07-16 14:00:00+00:00,2026-07-16 22:00:00+00:00,Brighton Beach,BN2 1TW,False
HebCelt 2026,2026-07-16,2026-07-16 17:00:00+00:00,2026-07-18 23:30:00+00:00,Lews Castle Green,HS2 0XP,False
Prog For Peart - The 6th year,2026-07-16,2026-07-16 18:30:00+00:00,2026-07-19 02:00:00+00:00,The Northcourt Abingdon United,OX14 1PL,False
The Wild Gardens Festival,2026-07-16,2026-07-16 11:00:00+00:00,2026-07-19 23:00:00+00:00,Port Eliot Estate,PL12 5ND,False
Beat-Herder Festival,2026-07-16,2026-07-16 11:00:00+00:00,2026-07-19 23:00:00+00:00,The Beat Herder Festival Ground,BB7 4ls,False
The Searchers and Hollies Experience,2026-07-16,2026-07-16 19:30:00+00:00,2026-07-16 22:00:00+00:00,"Guildhall Arts Centre, UK",NG31 6PZ,False
On The Beach 2026: Friday - Fatboy Slim,2026-07-17,2026-07-17 13:00:00+00:00,2026-07-17 22:30:00+00:00,Brighton Beach,BN2 1TW,False
Maid of Stone 2026,2026-07-17,2026-07-17 13:00:00+00:00,2026-07-19 22:00:00+00:00,Mote Park,ME15 7RN,False
Craic by the Creek 2026,2026-07-17,2026-07-17 12:00:00+00:00,2026-07-19 23:45:00+00:00,Whitebottom Farm,SK6 5JQ,False
Back Doune The Rabbit Hole 2026,2026-07-17,2026-07-17 15:00:00+00:00,2026-07-19 23:45:00+00:00,Cardross Estate,FK8 3JY,False
Fields Of Gold Summer Festival 2026,2026-07-17,2026-07-17 12:00:00+00:00,2026-07-18 22:00:00+00:00,Tameside Stadium,OL7 9HG,False
Sunset Groove Festival 2026,2026-07-17,2026-07-17 17:00:00+00:00,2026-07-19 22:30:00+00:00,Thorpe Meadows,DN17 4BF,False
Wytwoods Festival,2026-07-17,2026-07-17 15:00:00+00:00,2026-07-19 03:00:00+00:00,Robin Hill Advenutre Park,PO30 2NU,False
Lost Groove Festival 2026,2026-07-17,2026-07-17 16:00:00+00:00,2026-07-19 14:00:00+00:00,Lost Groove 2026,SP11 8AT,False
Campfire Country Music Festival,2026-09-11,2026-07-17 15:00:00+00:00,2026-07-17 22:00:00+00:00,Charlton Park,SN16 9RU,False
Foodies Festival 2026 - Winchester,2026-07-17,2026-07-17 12:00:00+00:00,2026-07-19 21:00:00+00:00,"River Park Leisure Centre, Winchester",SO23 7DD,False
Rock n Ribs Festival,2026-07-17,2026-07-17 11:00:00+00:00,2026-07-19 23:00:00+00:00,Bath And West Show Ground,BA4 6QN,False
Dornoch Music Festival,2026-07-17,2026-07-17 11:00:00+00:00,2026-07-18 23:00:00+00:00,The Meadows Field,IV25 3SF,False
Ventnor Fringe,2026-07-17,2026-07-17 09:00:00+00:00,2026-07-26 23:45:00+00:00,Ventnor Exchange,PO38 1SW,False
Nozstock The Hidden Valley,2026-07-17,2026-07-17 11:00:00+00:00,2026-07-18 23:00:00+00:00,Rowden Paddocks,HR7 4LS,False
Christchurch Music Festival,2026-07-17,2026-07-17 16:00:00+00:00,2026-07-19 20:00:00+00:00,Christchurch Quay,BH23 1BZ,False
On The Beach 2026:  Saturday - Fatboy Slim,2026-07-18,2026-07-18 13:00:00+00:00,2026-07-18 22:30:00+00:00,Brighton Beach,BN2 1TW,True
Solihull Summer Fest 2026,2026-07-18,2026-07-18 11:00:00+00:00,2026-07-19 22:30:00+00:00,Tudor Grange Park Solihull,B91 3LU,True
Bassfest Summer Festival 2026,2026-07-18,2026-07-18 11:00:00+00:00,2026-07-19 22:00:00+00:00,Don Valley Bowl,S9 5DP,True
As One in the Park 2026,2026-07-18,2026-07-18 12:00:00+00:00,2026-07-18 22:00:00+00:00, Walpole Park Mattock Lane London W5 5EQ,W5 5EQ,True
Soul Disco Society,2026-07-18,2026-07-18 12:00:00+00:00,2026-07-18 23:00:00+00:00,Beacon Park,WS13 6QZ,True
"Rum & Reggae 2026 | The Prospect Building, Bristol",2026-07-18,2026-07-18 14:00:00+00:00,2026-07-18 22:00:00+00:00,The Prospect Building,BS2 0QD,True
Priory Live Festival,2026-07-18,2026-07-18 12:30:00+00:00,2026-07-18 22:30:00+00:00,Priory Gardens,BR6 0HH,True
Northampton Big Family Day Out,2026-07-18,2026-07-18 12:00:00+00:00,2026-07-18 22:00:00+00:00,Northampton Casuals RUFC,NN4 7AA,True
Girls Like R&B x Binks Yard Nottingham,2026-07-18,2026-07-18 15:00:00+00:00,2026-07-18 22:00:00+00:00,Binks Yard,NG2 3BJ,True
"DOUGIE POYNTER & MORE | Pop Republic Fest | SteelYard, Sheffield",2026-07-18,2026-07-18 13:00:00+00:00,2026-07-18 23:00:00+00:00,SYSheffield (Steel Yard),S3 8AS,True
AllDay Musicals - Sat 18th July - Freight island - Manchester,2026-07-18,2026-07-18 15:00:00+00:00,2026-07-18 21:00:00+00:00,Freight Island,M1 2PZ,True
Tribute On The Hill 2026,2026-07-18,2026-07-18 13:00:00+00:00,2026-07-18 21:30:00+00:00,The Spitfire Pub,ME19 4AU,True
The Ship Open Air,2026-07-18,2026-07-18 14:00:00+00:00,2026-07-18 22:00:00+00:00,The Ship,CM2 8LB,True
Hopskotch Summer Series: Part II,2026-07-18,2026-07-18 14:00:00+00:00,2026-07-18 22:30:00+00:00,Aynsley Mill ,ST3 1HZ,True
One Day In The Park [25 Years of Melting Pot],2026-07-18,2026-07-18 17:00:00+00:00,2026-07-18 22:30:00+00:00,Queen's Park Arena Bandstand,G42 8QR,True
Summer Of Love UKG & R&B Summer Outdoor Day Party Cardiff,2026-07-18,2026-07-18 15:00:00+00:00,2026-07-18 22:00:00+00:00,Lo Lounge,CF10 4GA,True
Day Fever Summer Music Event Abercynon RFC,2026-07-18,2026-07-18 13:00:00+00:00,2026-07-18 21:00:00+00:00,Abercynon Rugby Football Club,CF45 4RU,True
R&B Lovers -  Summer Outdoor Beach Festival - Central Park,2026-07-18,2026-07-18 14:00:00+00:00,2026-07-18 22:00:00+00:00,Central Park,BN2 1FY,True
"House on the Docks with Wiley, SUPA D & many more",2026-07-18,2026-07-18 15:00:00+00:00,2026-07-18 23:00:00+00:00,Eutopia Whs,IG11 0DW,True
Leeds Pride Festival - Freedom Party,2026-07-18,2026-07-18 13:00:00+00:00,2026-07-18 22:00:00+00:00,Leeds Pride Main Stage,Ls1 6LY,True
Grime Day Festival,2026-07-18,2026-07-18 13:00:00+00:00,2026-07-18 20:00:00+00:00,Sector 57,B5 5TR,True
Daynova,2026-07-18,2026-07-18 15:00:00+00:00,2026-07-18 23:00:00+00:00,Eutopia,IG11 0DW,True
Silverburn Streetfood Festival SSFF,2026-07-18,2026-07-18 12:00:00+00:00,2026-07-19 21:30:00+00:00,Silverburn Park,KY8 5PU,True
Taste Of Thailand Music And Food Festival,2026-07-18,2026-07-18 10:00:00+00:00,2026-07-19 19:00:00+00:00,West Park Wolverhampton,WV1 4PW,True
BeatMasters Outdoor Music Festival,2026-09-12,2026-07-18 12:00:00+00:00,2026-07-18 22:00:00+00:00,Charlton Park,SN16 9RU,True
Mini Traco Fest 2026,2026-07-18,2026-07-18 14:00:00+00:00,2026-07-18 19:00:00+00:00,Aldershot Traction Club,GU11 3NE,True
Summer Bash 8,2026-07-18,2026-07-18 13:00:00+00:00,2026-07-18 23:00:00+00:00,Facebar Reading,RG1 7JE,True
Xcstasy Jouvert Soca Festival 2026,2026-07-18,2026-07-18 13:00:00+00:00,2026-07-18 21:00:00+00:00,Modern Park,SM4 5HE,True
Baytech at Mambo,2026-07-18,2026-07-18 13:00:00+00:00,2026-07-18 21:00:00+00:00,Mambo,TA1 1LN,True
Festival,2026-07-18,2026-07-18 13:00:00+00:00,2026-07-18 22:00:00+00:00,"The Halfway House, England",NE42 6JF,True
We Are Wirral,2026-07-18,2026-07-18 11:00:00+00:00,2026-07-19 23:00:00+00:00,Birkenhead Park,CH41 4HY,True
Family Music Festival,2026-07-18,2026-07-18 11:00:00+00:00,2026-07-19 22:00:00+00:00,We Are Wirral,CH43 4TS,True
Live Festival,2026-07-18,2026-07-18 12:30:00+00:00,2026-07-18 22:30:00+00:00,Priory Gardens,BR6 0HH,True
Splendour Festival,2026-07-18,2026-07-18 11:00:00+00:00,2026-07-19 23:00:00+00:00,Wollaton Park,NG8 2AE,True
Cheese and Chilli Festival,2026-07-18,2026-07-18 10:00:00+00:00,2026-07-19 18:00:00+00:00,"Shalford Park, Guildford",GU4 8BL,True
On The Beach 2026: Sunday - Fatboy Slim,2026-07-19,2026-07-19 13:00:00+00:00,2026-07-19 22:30:00+00:00,Brighton Beach,BN2 1TW,True
Northampton Country Music Festival,2026-07-19,2026-07-19 12:00:00+00:00,2026-07-19 22:00:00+00:00,Northampton Casuals RUFC,NN4 7AA,True
We Love it Outdoor Tribute Festival Malmsbury - July 2026,2026-09-13,2026-07-19 12:00:00+00:00,2026-07-19 22:00:00+00:00,Charlton Park Estate,SN16 9LL,True
Leeds Pride Festival - Dance Arena,2026-07-19,2026-07-19 14:00:00+00:00,2026-07-20 04:00:00+00:00,Under The Arches,LS1 6LY,True
Folk By The Oak,2026-07-19,2026-07-19 11:00:00+00:00,2026-07-19 23:00:00+00:00,Hatfield House,AL9 5HX,True
On The Beach 2026: Madness presents Madrophenia [EXTRA DATE],2026-07-23,2026-07-23 15:00:00+00:00,2026-07-23 22:00:00+00:00,Brighton Beach,BN2 1TW,False
Feast On Bristol 2026,2026-07-23,2026-07-23 17:00:00+00:00,2026-07-26 19:00:00+00:00,The Downs Bristol,BS9 1FG,False
Club Class Luxury Pass at Truck Festival,2026-07-23,2026-07-23 08:00:00+00:00,2026-07-26 23:00:00+00:00,Hill Farm,OX13 6SW,False
Vodafone at Latitude Festival,2026-07-23,2026-07-23 08:00:00+00:00,2026-07-26 23:00:00+00:00,Henham Park,NR34 8AN,False
Chargecandy at Truck Festival,2026-07-23,2026-07-23 08:00:00+00:00,2026-07-26 23:00:00+00:00,Hill Farm,OX13 6SW,False
Truck Festival,2026-07-23,2026-07-23 11:00:00+00:00,2026-07-26 23:00:00+00:00,"Hill Farm , Steventon Oxfordshire",OX13 6SW,False
Rock Oyster Festival,2026-07-23,2026-07-23 11:00:00+00:00,2026-07-26 23:00:00+00:00,Dinham House ,PL27 6RH,False
Campo Sancho,2026-07-23,2026-07-23 11:00:00+00:00,2026-07-26 23:00:00+00:00,Walkern Hall Walkern Stevenage SG2,SG2 7HZ,False
Northants Rocks,2026-07-23,2026-07-23 11:00:00+00:00,2026-07-26 23:00:00+00:00,Northants Rocks,NN9 5EJ,False
The George Harrison Project,2026-07-23,2026-07-23 19:30:00+00:00,2026-07-23 22:00:00+00:00,The Muni Theatre,BB8 0AE,False
Latitude Festival,2026-07-23,2026-07-23 11:00:00+00:00,2026-07-26 23:00:00+00:00,Henham Park,NR34 8AN,False
On The Beach 2026: Madness presents Madrophenia,2026-07-24,2026-07-24 14:00:00+00:00,2026-07-24 22:30:00+00:00,Brighton Beach,BN2 1TW,False
Rock The Mote 2026,2026-07-24,2026-07-24 17:00:00+00:00,2026-07-26 22:00:00+00:00,Mote Park,ME15 7RN,False
Hedex Presents: My Home Is The Rave Festival,2026-07-24,2026-07-24 14:00:00+00:00,2026-07-24 22:00:00+00:00,Boston Manor Park,TW8 9JX,False
Offal Fest 2026,2026-07-24,2026-07-24 17:00:00+00:00,2026-07-26 23:00:00+00:00,Boundary,M15 6AD,False
Together Again Festival 2026,2026-07-24,2026-07-24 09:00:00+00:00,2026-07-26 23:45:00+00:00,Bolesworth Castle,CH3 9HQ,False
Doncaster Balloon Festival,2026-07-24,2026-07-24 12:00:00+00:00,2026-07-25 22:00:00+00:00,Town Field Doncaster,DN1 2JR,False
Symphonic Ibiza Orchestra | Lichfield Concert,2026-07-24,2026-07-24 17:00:00+00:00,2026-07-24 23:00:00+00:00,Beacon Park Lichfield,WS13 6RA,False
Together Again Festival 2026: Exclusive Offers,2026-07-24,2026-07-24 12:00:00+00:00,2026-07-26 23:45:00+00:00,Bolesworth Castle,CH3 9HQ,False
Beacon Park Tribute Festival 2026,2026-07-24,2026-07-24 17:00:00+00:00,2026-07-26 22:00:00+00:00,Beacon Park Lichfield,WS13 6RA,False
Beach Fest Skegness 2026,2026-07-24,2026-07-24 12:00:00+00:00,2026-07-26 21:00:00+00:00,Skegness Beach,PE25 2UQ,False
Peaceful World Festival 2026,2026-07-24,2026-07-24 12:00:00+00:00,2026-07-26 23:45:00+00:00,The Vegan Castle,TA7 9DH,False
Lazydays Festival 2026,2026-07-24,2026-07-24 14:00:00+00:00,2026-07-26 20:00:00+00:00,Priory Park,SS2 6BN,False
Crystal Soul Weekender 2026,2026-07-24,2026-07-24 14:00:00+00:00,2026-07-26 12:00:00+00:00,Coach House Hotel Flint Cross,SG8 7PN,False
Live at Melbourne Hall - Jo Whiley's 90s Anthems,2026-07-24,2026-07-24 17:00:00+00:00,2026-07-24 23:00:00+00:00,Melbourne Hall,DE73 8EN,False
Bournemouth Reggae Weekender 2026,2026-07-24,2026-07-24 18:00:00+00:00,2026-07-26 22:00:00+00:00,Kings Park Bournemouth BH7 6JF,BH7 6JF,False
Together Again: VIP Voyage Hot Tubs,2026-07-24,2026-07-24 12:00:00+00:00,2026-07-26 23:45:00+00:00,Bolesworth Castle,CH3 9HQ,False
Boho Festival 2026,2026-07-24,2026-07-24 15:00:00+00:00,2026-07-27 01:00:00+00:00,Millview Glamping And Events,NG138HT,False
SeekOut Arts & Music Festival,2026-07-24,2026-07-24 13:00:00+00:00,2026-07-26 13:00:00+00:00,Gisburn Forest,BB7 4TS,False
Hammerdown Festival 2026,2026-07-24,2026-07-24 17:30:00+00:00,2026-07-26 22:00:00+00:00,The Factory Live,BN14 8BX,False
Gadabout Festival,2026-07-24,2026-07-24 11:00:00+00:00,2026-07-25 23:00:00+00:00,High Hall Farm,CA49SG,False
Tramlines,2026-07-24,2026-07-24 11:00:00+00:00,2026-07-26 23:00:00+00:00,Hillsborough Park,S6 4HD,False
Blue Reef Festival,2026-07-24,2026-07-24 11:00:00+00:00,2026-07-25 23:00:00+00:00,Loddington Farm Ltd,ME17 4AG,False
Hayrock Tribute Festival,2026-07-24,2026-07-24 09:00:00+00:00,2026-07-26 23:00:00+00:00,Haydock Park Racecourse,WA12 0HQ,False
Chiddfest,2026-07-24,2026-07-24 11:00:00+00:00,2026-07-26 23:00:00+00:00,Nash Street Chiddingly BN27 4AA,BN27 4AA,False
Deer Shed Festival,2026-07-24,2026-07-24 11:00:00+00:00,2026-07-26 23:00:00+00:00,Baldersby Park,YO7 3BZ,False
GlastonBARRY Juniors Festival,2026-07-24,2026-07-24 11:00:00+00:00,2026-07-24 23:00:00+00:00,Romilly Park,CF62 6RN,False
The George Harrison Project,2026-07-24,2026-07-24 19:30:00+00:00,2026-07-24 22:00:00+00:00,Lancaster Grand Theatre,LA1 1NL,False
Steelhouse Festival,2026-07-24,2026-07-24 11:00:00+00:00,2026-07-26 23:00:00+00:00,Hafod Y Dafal,NP13 2ER,False
Landed Festival,2026-07-24,2026-07-24 11:00:00+00:00,2026-07-26 23:00:00+00:00,Landed Festival,LD1 6HF,False
Valhalla Viking Festival,2026-07-24,2026-07-24 10:00:00+00:00,2026-07-26 23:45:00+00:00,"Dummer Down Farm, Basingstoke",RG25 2AR,False
KISSTORY On Blackheath 2026,2026-07-25,2026-07-25 13:00:00+00:00,2026-07-25 22:00:00+00:00,Blackhealth Common,SE10 8QY,True
"OnTheBeach LIVE: The Maccabees, Editors, Miles Kane, Anna Calvi",2026-07-25,2026-07-25 13:00:00+00:00,2026-07-25 22:30:00+00:00,Brighton Beach,BN2 1TW,True
Debdale Park Sports Club Music Festival,2026-07-25,2026-07-25 12:00:00+00:00,2026-07-25 21:30:00+00:00,Debdale Sports And Recreation Club,NG19 7NS,True
Forsaken Forest Festival BTID Clubland,2026-07-25,2026-07-25 13:00:00+00:00,2026-07-25 22:00:00+00:00,Camelot,PR7 5LP,True
Picnic and Pop Festival,2026-07-25,2026-07-25 12:00:00+00:00,2026-07-26 20:00:00+00:00,Manor Park,GU12 4LU,True
Country Club - Outdoor Country Music Festival - Manchester,2026-07-25,2026-07-25 15:00:00+00:00,2026-07-25 22:00:00+00:00,Freight Island,M1 2PZ,True
The House & Vocal Disco Festival,2026-07-25,2026-07-25 12:00:00+00:00,2026-07-25 23:00:00+00:00,Wilmslow Phoenix Sports Club,SK9 4HP,True
Back To The 90s - Summer Outdoor Festival - Birmingham,2026-07-25,2026-07-25 13:00:00+00:00,2026-07-26 00:00:00+00:00,Luna Springs Digbeth ,B9 4AG,True
Chesterfield Music Festival 2026  - A Great Family Day Out!,2026-07-25,2026-07-25 12:00:00+00:00,2026-07-25 22:00:00+00:00,Chesterfield Panthers Rugby Football Club,S41 9BF,True
"Rum & Reggae 2026 | Project House, Leeds",2026-07-25,2026-07-25 12:00:00+00:00,2026-07-25 21:00:00+00:00,Project House,LS12 2DR,True
KISSTORY On Blackheath 2026,2026-07-25,2026-07-25 13:00:00+00:00,2026-07-25 22:00:00+00:00,Blackheath Common,SE10 8QY,True
RNB MANIA | Wakefield's Outdoor R&B Festival,2026-07-25,2026-07-25 15:00:00+00:00,2026-07-25 22:00:00+00:00,Tileyard North,WF1 5FY,True
Love to be... at House & Vocal Disco Fest,2026-07-25,2026-07-25 12:00:00+00:00,2026-07-25 23:00:00+00:00,Wilmslow Phoenix Sports Club,SK9 4HP,True
Fell Out Boy & Black Charade | Revolve Festival | SY Sheff,2026-07-25,2026-07-25 14:00:00+00:00,2026-07-25 23:00:00+00:00,SYSheffield (Steel Yard),S3 8AS,True
"Rum & Reggae Fest | The Hangar, Norwich",2026-07-25,2026-07-25 14:00:00+00:00,2026-07-25 21:00:00+00:00,The Hangar,NR3 1QA,True
Suited and Booted 2026,2026-07-25,2026-07-25 12:00:00+00:00,2026-07-25 21:30:00+00:00,The Hayes Sports Partnership,B389EL,True
The House That Ash Built 2026,2026-07-25,2026-07-25 14:00:00+00:00,2026-07-25 23:00:00+00:00,The Millers Pond,SO19 8FQ,True
4Four Bassline - Birmingham Open-Air Rooftop Rave,2026-07-25,2026-07-25 16:00:00+00:00,2026-07-25 22:00:00+00:00,XOYO,B9 4AG,True
Salisbury Live Summer Extravaganza,2026-07-25,2026-07-25 14:00:00+00:00,2026-07-25 23:00:00+00:00,Victoria Park Salisbury,SP1 3NE,True
"Junction 2 x fabric: Nina Kraviz, Jeff Mills",2026-07-25,2026-07-25 14:00:00+00:00,2026-07-25 22:00:00+00:00,Boston Manor Park,TW8 9JX,True
Magic of Thailand Festival in Guildford,2026-07-25,2026-07-25 10:00:00+00:00,2026-07-26 19:00:00+00:00,Stoke Park Guildford,GU1 1ER,True
Tunsfest 2026,2026-07-25,2026-07-25 12:00:00+00:00,2026-07-25 23:45:00+00:00,The Three Tuns Sutton Coldfield,B72 1XS,True
RNP Fest 2026,2026-07-25,2026-07-25 13:00:00+00:00,2026-07-25 21:00:00+00:00,"Golden Lion, Fallings Park",WV10 0RH,True
Summer Outdoor 80s Tribute Festival - Cardiff,2026-07-25,2026-07-25 15:00:00+00:00,2026-07-25 22:00:00+00:00,Tiger Yard,CF10 4GA,True
RNB MANIA | Hertford's R&B Festival,2026-07-25,2026-07-25 15:00:00+00:00,2026-07-25 23:00:00+00:00,"Dog And Whistle, Hertford",SG14 1AB,True
"AG FEST 2026, London",2026-07-25,2026-07-25 12:00:00+00:00,2026-07-25 22:00:00+00:00,Copthall Playing Fields,NW4 1PS,True
Big Rave,2026-07-25,2026-07-25 12:00:00+00:00,2026-07-26 00:00:00+00:00,Middle World Farms,LN4 1AQ,True
Judge Jules @ Daisy Shake - Ibiza Day Rave,2026-07-25,2026-07-25 14:00:00+00:00,2026-07-25 23:00:00+00:00,The Pear Tree Hotel,DE5 3HR,True
A Summer Cookout 2026,2026-07-25,2026-07-25 12:00:00+00:00,2026-07-26 02:00:00+00:00,The Carlton Club Manchester,M16 8BE,True
Newcastle Pride Arena 2026,2026-07-25,2026-07-25 12:00:00+00:00,2026-07-26 23:00:00+00:00, Times Square Scotswood Road Newcastle Upon Tyne NE1 4E,NE1 4EP,True
"CUE - Together Again Festival w. Gaskin, Robbie Doherty & more",2026-07-25,2026-07-25 14:00:00+00:00,2026-07-26 02:00:00+00:00,Bolesworth Castle,CH3 9HQ,True
Ealing Jazz Festival 2026,2026-07-25,2026-07-25 13:00:00+00:00,2026-07-26 22:30:00+00:00,Walpole Park,W5 5qe,True
NØCTILEX Festival,2026-07-25,2026-07-25 18:00:00+00:00,2026-07-26 04:00:00+00:00,Bee Noir,M3 5EN,True
Pawfest,2026-07-25,2026-07-25 12:00:00+00:00,2026-07-25 22:00:00+00:00,Cf381bh,CF381bh,True
Live at Melbourne Hall - Lightning Seeds,2026-07-25,2026-07-25 15:00:00+00:00,2026-07-25 23:00:00+00:00,Melbourne Hall,DE73 8EN,True
ITG Festival,2026-07-25,2026-07-25 15:00:00+00:00,2026-07-26 00:00:00+00:00,Whitehaven Rugby League Football Club,CA28 9DD,True
R&B Lovers Outdoor Festival - Sat 25th July - The Buttermarket,2026-07-25,2026-07-25 15:00:00+00:00,2026-07-25 22:00:00+00:00,The Buttermarket,SY1 2LF,True
Taste Of Thailand Music And Food Festival,2026-07-25,2026-07-25 10:00:00+00:00,2026-07-26 19:00:00+00:00,Earlham Park  Norwich,NR4 7TQ,True
The Northern Soul All Festival,2026-07-25,2026-07-25 13:00:00+00:00,2026-07-25 23:45:00+00:00,The Bramley Social,L3 0AP,True
Breakin Science Summer Underground | Jungle Mania | D&B Classics,2026-09-05,2026-07-25 14:00:00+00:00,2026-07-25 22:00:00+00:00,Eutopia Warehouse,IG11 0DW,True
State of it Pt.4 Containment Weekender!,2026-07-25,2026-07-25 15:00:00+00:00,2026-07-26 22:00:00+00:00,The Charles Bradlaugh,NN1 3AU,True
Early Doors at Peggy's 25th July,2026-07-25,2026-07-25 12:00:00+00:00,2026-07-25 23:30:00+00:00,Peggy Mccools,WA2 7NW,True
AfroParkFest 2026,2026-07-25,2026-07-25 12:00:00+00:00,2026-07-25 22:00:00+00:00,Middleton Pavillion,MK10 9AD,True
Asylum Uprising metal fest,2026-07-25,2026-07-25 15:00:00+00:00,2026-07-25 23:15:00+00:00,The Asylum Nightclub,HU67RX,True
Rewind (Day Party at Mambo),2026-07-25,2026-07-25 15:00:00+00:00,2026-07-25 22:00:00+00:00,Mambo,TA1 1LN,True
OVER 30's CLUB - Daytime Clubbing - Digital Newcastle,2026-07-25,2026-07-25 15:00:00+00:00,2026-07-25 20:00:00+00:00,Digital Newcastle,NE1 4EP,True
DNB360 & Noise Enforcement -ONE DAY OUTDOOR FESTIVAL Stourbridge,2026-07-25,2026-07-25 14:00:00+00:00,2026-07-26 02:00:00+00:00,Waxey Gordons,DY9 8ER,True
Alex Fest,2026-07-25,2026-07-25 11:00:00+00:00,2026-07-26 23:00:00+00:00,Alexandra Arms,BN22 7SA,True
Pig Fest,2026-07-25,2026-07-25 11:00:00+00:00,2026-07-25 19:00:00+00:00,Kew Little Pigs Farm Ltd,HP7 0HR,True
Scare Taxi play at Alive at the Barn 2026,2026-07-25,2026-07-25 18:00:00+00:00,2026-07-25 23:00:00+00:00,The Barn Theatre,BN42 4TE,True
Tidal Gathering Tribute Festival,2026-07-25,2026-07-25 11:00:00+00:00,2026-07-26 23:00:00+00:00,Adur Recreation Ground,BN43 5LT,True
Canada Water presents Round The Dock,2026-07-25,2026-07-25 10:00:00+00:00,2026-07-26 20:00:00+00:00,Canada Water Culture Space,SE16 7AR,True
The Sounds of the 80s show with The Zoots,2026-07-25,2026-07-25 19:30:00+00:00,2026-07-25 22:00:00+00:00,The Barn,OX11 7AD,True
GlastonBARRY Tribute Festival,2026-07-25,2026-07-25 11:00:00+00:00,2026-07-26 23:00:00+00:00,Romilly Park,CF62 6RN,True
The George Harrison Project,2026-07-25,2026-07-25 19:30:00+00:00,2026-07-25 22:00:00+00:00,The Brindley,WA7 1BG,True
Castle Park Live,2026-07-25,2026-07-25 11:00:00+00:00,2026-07-25 23:00:00+00:00,Castle Park Frodsham WA6,WA6 6SE,True
Suited and Booted Festival,2026-07-25,2026-07-25 11:00:00+00:00,2026-07-25 23:00:00+00:00,Hayes Playing Fields,B38 9EL,True
On The Beach 2026: Moby,2026-07-26,2026-07-26 14:00:00+00:00,2026-07-26 22:30:00+00:00,Brighton Beach,BN2 1TW,True
Chesterfield Country Music Festival,2026-07-26,2026-07-26 12:00:00+00:00,2026-07-26 22:00:00+00:00,Chesterfield Panthers RUFC,S41 9BF,True
Heritage Live: UB40 featuring Ali Campbell,2026-07-26,2026-07-26 13:00:00+00:00,2026-07-26 22:30:00+00:00,Englefield Estate,RG7 5DZ,True
Next Act Festival,2026-07-26,2026-07-26 15:00:00+00:00,2026-07-26 21:00:00+00:00,ARTCH Studios,PR1 8SD,True
Live at Melbourne Hall - The Shires,2026-07-26,2026-07-26 14:00:00+00:00,2026-07-26 23:00:00+00:00,Melbourne Hall,DE73 8EN,True
Drum Cupboard Takeover Festival IV,2026-07-26,2026-07-26 12:30:00+00:00,2026-07-26 20:00:00+00:00,MK11 LIVE MUSIC VENUE,MK11 3LH,True
RNBLAND - Manchester's Biggest RnB Summer Day Festival (1000 RNB,2026-07-26,2026-07-26 16:00:00+00:00,2026-07-26 22:00:00+00:00,Six Trees,M17 1BN,True
It's Our House LDN: PRESSURE SUMMER DAY PARTY @Nagshall Farm,2026-07-26,2026-07-26 12:00:00+00:00,2026-07-26 22:00:00+00:00,Nags Hall Farm,RH9 8DB,True
Roots Market,2026-07-26,2026-07-26 14:00:00+00:00,2026-07-26 23:00:00+00:00,Sector 57,B5 5TR,True
Pig Chill,2026-07-26,2026-07-26 11:00:00+00:00,2026-07-26 19:00:00+00:00,Kew Little Pigs Farm Ltd,HP7 0HR,True
"Junction 2: Adam Beyer, Miss Monique, Indo Warehouse",2026-07-26,2026-07-26 14:00:00+00:00,2026-07-26 22:00:00+00:00,Boston Manor Park,TW8 9JX,True
Petworth Summer Festival - Coffee Concert - Bossa Nova,2026-07-28,2026-07-28 12:00:00+00:00,2026-07-28 13:00:00+00:00,Sofas And Stuff   Fittleworth,RH20 1ER,False
Belladrum Tartan Heart Festival 2026,2026-07-30,2026-07-30 12:00:00+00:00,2026-08-01 23:00:00+00:00,Belladrum Estate,IV4 7BA,False
Club Class Luxury Pass at Y Not Festival,2026-07-30,2026-07-30 08:00:00+00:00,2026-08-02 23:00:00+00:00,Y Not Festival,DE4 2PH,False
Valley Fest,2026-07-30,2026-07-30 09:00:00+00:00,2026-08-02 01:00:00+00:00,The Community Farm,BS40 8SZ,False
Breakout Festival 2026,2026-07-30,2026-07-30 15:00:00+00:00,2026-08-02 23:45:00+00:00,Cox Heath Farm,SA62 5YH,False
Chargecandy at Y Not Festival,2026-07-30,2026-07-30 08:00:00+00:00,2026-08-02 23:00:00+00:00,Y Not Festival,DE4 2PH,False
Chargecandy at Belladrum Tartan Heart,2026-07-30,2026-07-30 11:00:00+00:00,2026-08-01 23:00:00+00:00,Belladrum Estate,IV4 7BA,False
Vodafone at Kendal Calling,2026-07-30,2026-07-30 08:00:00+00:00,2026-08-02 23:00:00+00:00,Lowther Deer Park,CA10 2DY,False
Vodafone at Wilderness,2026-07-30,2026-07-30 08:00:00+00:00,2026-08-02 23:00:00+00:00,Cornbury Park,OX7 3EH,False
Vodafone at Camp Bestival,2026-07-30,2026-07-30 08:00:00+00:00,2026-08-02 23:00:00+00:00,Lulworth Castle,BH20 5QS,False
Kendal Calling,2026-07-30,2026-07-30 11:00:00+00:00,2026-08-02 23:00:00+00:00,Lowther Deer Park,CA10 2DY,False
App Fest,2026-07-30,2026-07-30 11:00:00+00:00,2026-08-02 23:00:00+00:00,HILLWORTH FARM,GL20 6AX,False
Outcider Festival,2026-07-30,2026-07-30 11:00:00+00:00,2026-08-02 23:00:00+00:00,Fernhill Farm,BS40 6LD,False
Cambridge Rock Festival,2026-07-30,2026-07-30 11:00:00+00:00,2026-08-02 23:00:00+00:00,Ben's Yard,CB7 5TL,False
Camp Bestival - Dorset,2026-07-30,2026-07-30 10:00:00+00:00,2026-08-02 23:00:00+00:00,Lulworth Castle,BH20 5QS,False
Wilderness Festival,2026-07-30,2026-07-30 10:00:00+00:00,2026-08-02 23:00:00+00:00,Cornbury Park,OX7 3EH,False
Y Not Festival,2026-07-30,2026-07-30 10:00:00+00:00,2026-08-02 23:00:00+00:00,Pikehall,DE4 2xx,False
The Green Gathering,2026-07-30,2026-07-30 11:00:00+00:00,2026-08-02 23:00:00+00:00,Piercefield Park,NP16 6BE,False
Reggae Land 2026,2026-07-31,2026-07-31 16:00:00+00:00,2026-08-02 22:30:00+00:00,The National Bowl,MK5 8AA,False
Burna Boy LIVE at The Milton Keynes National Bowl,2026-07-31,2026-07-31 16:00:00+00:00,2026-07-31 23:00:00+00:00,The National Bowl,MK5 8AA,False
Clubland By The Sea,2026-07-31,2026-07-31 15:00:00+00:00,2026-07-31 23:00:00+00:00,Seaton Reach,TS25 1XN,False
The Sound of West End Musicals - Feast Live,2026-07-31,2026-07-31 17:30:00+00:00,2026-07-31 22:00:00+00:00,Clifton Downs,BS91FG,False
Supersonic Weekender,2026-07-31,2026-07-31 09:00:00+00:00,2026-08-02 23:00:00+00:00,Cattows Farm,LE67 2TD,False
Arbroath Fest,2026-07-31,2026-07-31 11:00:00+00:00,2026-08-01 22:00:00+00:00,Inchcape Park,DD11 1PZ,False
Effy & Mall Grab Present: Frangrance,2026-07-31,2026-07-31 14:00:00+00:00,2026-07-31 22:00:00+00:00,Boston Manor Park,TW8 9JX,False
Notsilly weekender,2026-07-31,2026-07-31 12:00:00+00:00,2026-08-03 12:00:00+00:00,"Secret LEICESTERSHIRE Location, LE12",LE12 7BB,False
Hillbilly Hootenanny 2026,2026-07-31,2026-07-31 12:00:00+00:00,2026-08-02 22:30:00+00:00,The Music Baa,SP5 4LP,False
Mandala Sounds Rituals,2026-07-31,2026-07-31 22:00:00+00:00,2026-08-01 05:00:00+00:00,Network Sheffield 14 16 Matilda Street S14qd,S1 4qd,False
Kawson Sacka Afrobeat Live,2026-07-31,2026-07-31 21:00:00+00:00,2026-08-01 02:00:00+00:00,The Printworks Hastings,TN34 1HA,False
Styal Craft Beer Fest 2026,2026-08-01,2026-07-31 15:00:00+00:00,2026-08-01 23:00:00+00:00,Wilmslow Phoenix Sports Club,SK9 4HP,True
Good Vibrations Society,2026-07-31,2026-07-31 11:00:00+00:00,2026-08-02 23:00:00+00:00,Pippingford Park,TN22 3HW,False
Valley Fest,2026-07-31,2026-07-31 11:00:00+00:00,2026-08-02 23:00:00+00:00,Valley Fest,BS40 8SZ,False
Stowaway Festival,2026-07-31,2026-07-31 11:00:00+00:00,2026-08-02 23:00:00+00:00,Blackpit Brewery,MK18 5LJ,False
Club Classics Orchestra,2026-07-31,2026-07-31 17:00:00+00:00,2026-08-01 11:00:00+00:00,Silverlake Stadium,SO50 9HT,False
Hillbilly Hootenanny,2026-07-31,2026-07-31 12:00:00+00:00,2026-08-02 22:30:00+00:00,"The Music Baa, UK",SP5 4LP,False
The Moors Muisc Festival,2026-07-31,2026-07-31 14:30:00+00:00,2026-08-02 23:00:00+00:00,Kirkbymoorside Town Centre,YO62 6DA,False
The Kooks Inside In / Inside Out 20 year anniversary,2026-07-31,2026-07-31 16:00:00+00:00,2026-07-31 23:00:00+00:00,Old Royal Naval College Greenwich,SE10 9NN,False
The Searchers and Hollies Experience,2026-07-31,2026-07-31 19:30:00+00:00,2026-07-31 22:00:00+00:00,Babbacombe Theatre,TQ1 3LU,False
Margate Soul Festival,2026-07-31,2026-07-31 11:00:00+00:00,2026-08-02 23:00:00+00:00,Margate,CT9 1DD,False
RADAR Festival,2026-07-31,2026-07-31 11:00:00+00:00,2026-08-02 23:00:00+00:00,O2 Victoria Warehouse,M17 1AB,False
Teletech Festival 2026,2026-08-01,2026-08-01 13:00:00+00:00,2026-08-02 05:00:00+00:00,Bowlers Exhibition Centre,M17 1SN,True
Hospital30 Block Party,2026-08-01,2026-08-01 14:00:00+00:00,2026-08-01 23:00:00+00:00,Hackney Wick   Multiple Venues,E9 5LN,True
Word of Mouth Prosecco & Club Classics Festival 2026 @ Himley,2026-08-01,2026-08-01 12:00:00+00:00,2026-08-01 21:00:00+00:00,Himley Hall,DY3 4DF,True
Brighton Pride - Pride on the Park 2026,2026-08-01,2026-08-01 13:00:00+00:00,2026-08-02 23:00:00+00:00,Preston Park Preston Road Brighton BN1 6AU,BN1 6AU,True
"Save The Rave: Old Skool Outdoor Festival, Southport 2026",2026-08-01,2026-08-01 11:00:00+00:00,2026-08-01 22:00:00+00:00,Adventure Coast Southport,PR8 1RX,True
Haçienda Classical Live Orchestra on The Downs - Feast Live,2026-08-01,2026-08-01 16:00:00+00:00,2026-08-01 23:00:00+00:00,Clifton Downs,BS91FG,True
Our House Fest 2026,2026-08-01,2026-08-01 13:00:00+00:00,2026-08-01 23:00:00+00:00,Tileyard North Courtyard,WF1 5FY,True
Maravilosa 5th birthday safari open air,2026-08-01,2026-08-01 12:00:00+00:00,2026-08-01 23:00:00+00:00,Widford Lodge Playing Field,CM2 9AN,True
JUVY Open Air - Sat 1st August @ Berwick Manor Essex,2026-08-01,2026-08-01 14:00:00+00:00,2026-08-01 19:00:00+00:00,Berwick Manor Hotel,RM13 9EL,True
Worcester Tribute Festival 2026,2026-08-01,2026-08-01 12:00:00+00:00,2026-08-01 21:30:00+00:00,Worcester Racecourse,WR1 3EH,True
Eterna presents L O S T in the woods,2026-08-01,2026-08-01 11:30:00+00:00,2026-08-01 22:00:00+00:00,Elvaston Castle Country Park,DE72 3EP,True
Country Club - Outdoor Country Music Festival - Liverpool,2026-08-01,2026-08-01 15:00:00+00:00,2026-08-01 22:00:00+00:00,Allerton Manor Golf Club,L18 3JT,True
Brighton Pride - Pride Street Party 2026,2026-08-01,2026-08-01 15:00:00+00:00,2026-08-02 21:00:00+00:00,Marine Parade,BN2 1TA,True
Newton Music Festival,2026-08-01,2026-08-01 16:00:00+00:00,2026-08-01 22:00:00+00:00,Mesnes Park,WA12 9TB,True
Emily Makis - Outsiders 2.0 Day Party: Bristol,2026-08-01,2026-08-01 14:00:00+00:00,2026-08-01 22:00:00+00:00,Pytch Yard,BS4 5EN,True
RNB MANIA | Nottingham's R&B Festival!,2026-08-01,2026-08-01 15:00:00+00:00,2026-08-01 21:00:00+00:00,Nottingham's The Nest (Notts County FC),ng23hu,True
Wax Format Outdoors: Sam Mitcham Vinyl Only All Day Long,2026-08-01,2026-08-01 15:00:00+00:00,2026-08-02 02:00:00+00:00,The Yard Manchester,M8 8NF,True
Hillside Festival 2026,2026-08-01,2026-08-01 14:00:00+00:00,2026-08-01 23:00:00+00:00,Hillside Festival,BL7 0JW,True
"Beard's Fest 2026 - Bladerunner, prozak, Toby ross, DJ cosworth",2026-08-01,2026-08-01 13:00:00+00:00,2026-08-02 03:00:00+00:00,Tremorna Farm,TR19 6NL,True
Festival in the Park,2026-08-01,2026-08-01 12:00:00+00:00,2026-08-01 21:00:00+00:00,Queens Park Burnley,BB10 3AA,True
Analog & Ibiza Sound Fest 'SUMMER GARDEN PARTY',2026-08-01,2026-08-01 14:00:00+00:00,2026-08-01 22:00:00+00:00,The White Horse Gardens,AL6 9ET,True
Dom Dolla on the Thames,2026-08-01,2026-08-01 14:00:00+00:00,2026-08-01 23:00:00+00:00,Old Royal Naval College Greenwich,SE10 9NN,True
A Grand Day Out,2026-08-01,2026-08-01 14:00:00+00:00,2026-08-02 01:00:00+00:00,Chew's Yard,PR1 2HB,True
R&B Lovers - Saturday 1st August - Luna Springs,2026-08-01,2026-08-01 15:00:00+00:00,2026-08-02 00:00:00+00:00,Luna Springs Digbeth ,B9 4AG,True
Cheshire Fest 2026,2026-08-22,2026-08-01 12:00:00+00:00,2026-08-01 23:00:00+00:00,Capesthorne Hall,SK11 9JY,True
Bassline Oldskool Anthems Sheffield Outdoor Fest,2026-08-01,2026-08-01 14:00:00+00:00,2026-08-01 23:00:00+00:00,Network,S1 4QD,True
Magic of Thailand Festival in Cambridge,2026-08-01,2026-08-01 10:00:00+00:00,2026-08-02 19:00:00+00:00,Parkers Piece A603 Cambridge CB1 1NA,CB1 1NA,True
R&B Lovers Summer Open Air Festival - Sat 1st Aug - LDN EAST,2026-08-01,2026-08-01 14:00:00+00:00,2026-08-01 22:00:00+00:00,LDN EAST,E16 4SH,True
Ealing Blues Festival 2026,2026-08-01,2026-08-01 13:00:00+00:00,2026-08-02 22:30:00+00:00,Walpole Park,W5 5qe,True
North West music fest 2026 @ Robin Hood,2026-08-01,2026-08-01 12:00:00+00:00,2026-08-01 22:00:00+00:00,Robin Hood,WN7 3PA,True
Innervisions London,2026-08-01,2026-08-01 14:00:00+00:00,2026-08-01 22:00:00+00:00,Boston Manor Park,TW8 9JX,True
Riverside Riddimz Festival,2026-08-01,2026-08-01 12:00:00+00:00,2026-08-02 23:45:00+00:00,Upton Upon Severn,WR8 0HP,True
Prologue Presents - The Ibiza Day Party,2026-08-01,2026-08-01 15:00:00+00:00,2026-08-02 01:00:00+00:00,Lord Hill,DA6 7QG,True
Styal Craft Beer Fest 2026,2026-08-01,2026-08-01 12:00:00+00:00,2026-08-01 23:00:00+00:00,Wilmslow Phoenix Sports Club,SK9 4HP,True
Beats Festival,2026-08-01,2026-08-01 10:00:00+00:00,2026-08-02 19:00:00+00:00,Bridgnorth Rugby Club,WV15 5AD,True
Threshold was Here - The reunion,2026-08-01,2026-08-01 12:00:00+00:00,2026-08-02 02:00:00+00:00,District ,L1 0BW,True
Country Girls Yard Party,2026-08-01,2026-08-01 14:00:00+00:00,2026-08-01 23:00:00+00:00,The Collecting Yard,PR4 0RN,True
Greenlands inn Jamaica  independence festival,2026-08-01,2026-08-01 14:00:00+00:00,2026-08-01 23:45:00+00:00,The Greenlands Inn,B31 4LF,True
True Pride,2026-08-01,2026-08-01 17:00:00+00:00,2026-08-02 02:00:00+00:00,Hidden @ Downtex Mill,M3 1DZ,True
Summer Breakout U18,2026-08-01,2026-08-01 12:00:00+00:00,2026-08-01 17:00:00+00:00,Catshill Social Club,B61 0JJ,True
Zione - FOREST PARTY,2026-08-01,2026-08-01 17:00:00+00:00,2026-08-01 22:00:00+00:00,Denton Forest,M34 7GR,True
REM Sessions - 1st August,2026-08-01,2026-08-01 17:00:00+00:00,2026-08-01 23:00:00+00:00,Mr Shaws House,DE1 3NQ,True
Campfire Country Club - London Country Music Spring Festival,2026-08-01,2026-08-01 15:00:00+00:00,2026-08-01 21:00:00+00:00,The Steel Yard,EC4R 3UE,True
Totally 90s Festival,2026-08-01,2026-08-01 12:00:00+00:00,2026-08-02 22:30:00+00:00,Oaklands College,AL4 0JA,True
Country Road Festival,2026-08-01,2026-08-01 12:00:00+00:00,2026-08-01 22:30:00+00:00,Silverlake Stadium,SO50 9HT,True
Cambridge Folk Festival,2026-08-01,2026-08-01 11:00:00+00:00,2026-08-02 23:00:00+00:00,Cherry Hinton Hall,CB1 8DW,True
Becky Hill - Feast Live,2026-08-02,2026-08-02 16:00:00+00:00,2026-08-02 21:30:00+00:00,Clifton Downs,BS91FG,True
"Junction 2: I Hate Models, Charlie Sparks",2026-08-02,2026-08-02 14:00:00+00:00,2026-08-02 22:00:00+00:00,Boston Manor Park,TW8 9JX,True
Peggy Gou on the Thames,2026-08-02,2026-08-02 14:00:00+00:00,2026-08-02 23:00:00+00:00,Old Royal Naval College Greenwich,SE10 9NN,True
We are bounce festival,2026-08-02,2026-08-02 13:00:00+00:00,2026-08-02 17:00:00+00:00,The Rainton Arena,DH4 5PH,True
4Play Presents - Garage & Basslines (Summer Day Party),2026-08-02,2026-08-02 15:30:00+00:00,2026-08-02 22:00:00+00:00,Pitcher And Piano,NG1 1HN,True
Denim Wear Day & Night Party,2026-08-02,2026-08-02 14:00:00+00:00,2026-08-03 00:00:00+00:00,The Ravensbury,CR4 4JA,True
Shirley Social - Country Special - Sunday 2nd August 2026,2026-08-02,2026-08-02 10:30:00+00:00,2026-08-02 18:00:00+00:00,Shirley Park,B90 3AL,True
BASHMENT NATION - Jamaican Independence Day Festival,2026-08-02,2026-08-02 16:00:00+00:00,2026-08-02 22:00:00+00:00,Studio 338,SE10 0PF,True
Jerk Jam Summer Sizzla,2026-08-02,2026-08-02 12:00:00+00:00,2026-08-02 22:30:00+00:00,Silverlake Stadium,SO50 9HT,True
Vodafone at Boardmasters,2026-08-05,2026-08-05 08:00:00+00:00,2026-08-09 23:00:00+00:00,Boardmasters ,TR8 4AN,False
Lakefest 2026,2026-08-05,2026-08-05 15:00:00+00:00,2026-08-10 00:00:00+00:00,Eastnor Castle Deer Park,HR8 1RL,False
Boardmasters Festival,2026-08-05,2026-08-05 11:00:00+00:00,2026-08-09 23:00:00+00:00,Watergate Bay Newquay,TR8 4AA,False
Back 2 Festival 2026 - The 10th Birthday,2026-08-06,2026-08-06 12:00:00+00:00,2026-08-09 23:00:00+00:00,Cattows Farm,LE67 2TD,False
Chargecandy at Bloodstock Festival,2026-08-06,2026-08-06 08:00:00+00:00,2026-08-09 23:00:00+00:00,Catton Park,DE12 8LN,False
Back 2 Festival,2026-08-06,2026-08-06 11:00:00+00:00,2026-08-09 23:00:00+00:00,Cattows Farm,LE67 2TD,False
Houghton Festival,2026-08-06,2026-08-06 11:00:00+00:00,2026-08-09 23:00:00+00:00,Houghton Hall,PE31 6UE,False
Creation Fest,2026-08-06,2026-08-06 11:00:00+00:00,2026-08-09 23:00:00+00:00,Royal Cornwall Showground,PL27 7JE,False
Firevolt Rock Festival,2026-08-06,2026-08-06 11:00:00+00:00,2026-08-09 23:00:00+00:00,Whitebottom Farm,SK6 5JQ,False
Bloodstock Open Air,2026-08-06,2026-08-06 10:00:00+00:00,2026-08-09 23:00:00+00:00,Catton Park,DE12 8LN,False
Rebellion Punk Music Festival,2026-08-06,2026-08-06 11:00:00+00:00,2026-08-09 23:00:00+00:00,Winter Gardens Blackpool,FY1 1HL,False
Deva Fest,2026-08-06,2026-08-06 11:00:00+00:00,2026-08-09 23:00:00+00:00,Cholmondeley Castle Estate,SY14 8HD,False
Diaspora Calling! Festival,2026-08-07,2026-08-07 16:00:00+00:00,2026-08-07 23:00:00+00:00,The National Bowl,MK5 8AA,False
Timescape Festival 2026,2026-08-07,2026-08-07 12:00:00+00:00,2026-08-09 23:00:00+00:00,Abbots Ripton Cambridgeshire,PE28 2PH,False
Secret Island Festival,2026-08-07,2026-08-07 19:00:00+00:00,2026-08-09 21:00:00+00:00,"STROOD FIELD, EAST MERSEA ROAD, EAST MERSEA, CO5 8SL",CO58SL,False
Symphonica #TheIbizaOrchestra Bexleyheath,2026-08-07,2026-08-07 18:00:00+00:00,2026-08-07 22:00:00+00:00,Danson Park,DA15 9PW,False
"SOULTASIA  - Outdoor Festival, London 2026",2026-08-07,2026-08-07 16:00:00+00:00,2026-08-07 23:00:00+00:00,Morden Park,SM4 4BU,False
Bristol International Rare Soul Weekender 2026,2026-08-07,2026-08-07 16:00:00+00:00,2026-08-09 01:00:00+00:00,Various Venues,BS5 0DJ,False
Soultasia Hertfordshire,2026-08-07,2026-08-07 16:00:00+00:00,2026-08-07 22:00:00+00:00,Metropolitan Bushey,WD23 2TR,False
Summer Jams 2026,2026-08-07,2026-08-07 16:00:00+00:00,2026-08-07 23:00:00+00:00,Abbey Park,LE4 5AQ,False
Foodies Festival 2026 - Edinburgh,2026-08-07,2026-08-07 12:00:00+00:00,2026-08-09 21:00:00+00:00,Inverleith Park,EH3 5NZ,False
"LoveHerder ""Getting High on Life"" Festival 2026",2026-08-07,2026-08-07 09:00:00+00:00,2026-08-10 16:00:00+00:00,"Birkrigg Park, Stainton, Nr Kendal LA8 0DY",LA8 0DY,False
Jamaican Independence Weekend - 3 Days of Music & Culture,2026-08-07,2026-08-07 12:00:00+00:00,2026-08-09 23:30:00+00:00,The Bulldog Pub,CV31 2NX,False
Summerstein Fest,2026-08-07,2026-08-07 19:30:00+00:00,2026-08-09 17:00:00+00:00,INN ON THE PROM HOTEL,FY8 1LU,False
Phases Casa Nueva,2026-08-07,2026-08-07 20:00:00+00:00,2026-08-08 03:00:00+00:00,Calluna Nottingham,NG1 4AA,False
Edinburgh Fringe Festival,2026-08-07,2026-08-07 09:00:00+00:00,2026-08-31 23:45:00+00:00,Various,EH1 2NE,False
Kozfest 2026,2026-08-07,2026-08-07 12:00:00+00:00,2026-08-09 23:45:00+00:00,Penmaenau At Builth Wells,LD2 3RD,False
Farmer Phil's Festival,2026-08-07,2026-08-07 11:00:00+00:00,2026-08-09 23:00:00+00:00,Near Gatten Farm,SY5 0SN,False
No Art Open Air Liverpool - 2026,2026-08-08,2026-08-08 12:00:00+00:00,2026-08-08 23:00:00+00:00,Otterspool Promenade,L17 5AL,True
Electric Paradise,2026-08-08,2026-08-08 12:00:00+00:00,2026-08-08 22:30:00+00:00,The National Bowl,MK5 8AA,True
The Great Fete,2026-08-08,2026-08-08 12:00:00+00:00,2026-08-09 22:00:00+00:00,Hatfield Park,AL9 5HX,True
Garage Nation Outdoor Festival 2026,2026-08-08,2026-08-08 13:00:00+00:00,2026-08-08 22:00:00+00:00,Morden Park,SM4 4BU,True
Made In 90s Fest 5th Birthday Feat R&B Icons Xscape & Lil' Mo,2026-08-08,2026-08-08 13:00:00+00:00,2026-08-08 22:00:00+00:00,Addington Park,CR0 5AR,True
"Road to Nashville Outdoor Festival | Tileyard, Wakefield",2026-08-08,2026-08-08 12:00:00+00:00,2026-08-08 22:00:00+00:00,Tileyard North,WF1 5FY,True
Park Rock Bexleyheath 2026,2026-08-08,2026-08-08 12:00:00+00:00,2026-08-08 22:00:00+00:00,"Danson Park, Bexleyheath",DA6 8HL,True
Hawkwind: Friends and Relations,2026-08-08,2026-08-08 19:00:00+00:00,2026-08-09 23:00:00+00:00,Morecambe Winter Gardens,LA4 4BU,True
"ARTFUL DODGER, K-KLASS & MORE | Love the 90s Fest | Binks Yard",2026-08-08,2026-08-08 14:00:00+00:00,2026-08-08 22:00:00+00:00,Binks Yard,NG2 3BJ,True
The Canwell Show,2026-08-08,2026-08-08 09:00:00+00:00,2026-08-08 20:00:00+00:00,Canwell Showground,B755SL,True
Doncaster Pride 2026,2026-08-08,2026-08-08 11:00:00+00:00,2026-08-08 22:00:00+00:00,Town Field Doncaster,DN1 2JR,True
"Road to Nashville Outdoor Festival | Eutopia, Barking",2026-08-08,2026-08-08 14:00:00+00:00,2026-08-08 22:00:00+00:00,Eutopia Warehouse,IG11 0DW,True
Fox Fest,2026-08-08,2026-08-08 15:00:00+00:00,2026-08-08 23:00:00+00:00,Fox And Hounds,CM11 1PW,True
Hive Family Festival 2026,2026-08-08,2026-08-08 11:45:00+00:00,2026-08-08 21:00:00+00:00,Fairthorne Manor,SO30 2GH,True
Cookout - Open-Air Summer Festival - Ldn East  - London,2026-08-08,2026-08-08 15:00:00+00:00,2026-08-08 22:00:00+00:00,LDN EAST,E16 4SH,True
R&B Lovers - Summer Weekender - Freight Island Manchester,2026-08-08,2026-08-08 15:00:00+00:00,2026-08-09 22:00:00+00:00,Freight Island,M1 2PZ,True
Adriatique present X on the Thames,2026-08-08,2026-08-08 14:00:00+00:00,2026-08-08 23:00:00+00:00,Old Royal Naval College Greenwich,SE10 9NN,True
The Gee Cross Summer Festival,2026-08-08,2026-08-08 12:00:00+00:00,2026-08-09 16:00:00+00:00,Sam Redfern Green,SK14 5RW,True
Back By Dope Demand Festival,2026-08-08,2026-08-08 14:00:00+00:00,2026-08-08 22:00:00+00:00,Six Trees,M17 1BN,True
Long Eaton Music Festival,2026-08-08,2026-08-08 11:30:00+00:00,2026-08-08 22:00:00+00:00,West Park Events Field,NG10 4AA,True
Party In The Park 2026 - Tribute Festival,2026-08-08,2026-08-08 15:00:00+00:00,2026-08-08 23:00:00+00:00,1988 Bar And Kitchen,wf9 5jb,True
RNB MANIA | Bristol's R&B Festival,2026-08-08,2026-08-08 15:00:00+00:00,2026-08-08 21:00:00+00:00,Electric Bristol,BS1 2JY,True
Grange-Fest 2026,2026-08-08,2026-08-08 12:30:00+00:00,2026-08-08 23:30:00+00:00,Grange Leisure Park,LN12 1NE,True
Summer 90s Dance Outdoor Daytime Festival Cardiff,2026-08-08,2026-08-08 15:00:00+00:00,2026-08-08 22:00:00+00:00,Tiger Yard,CF10 4GA,True
Minersfest 90s,2026-08-08,2026-08-08 12:00:00+00:00,2026-08-08 23:00:00+00:00,North Skelton Football Field ,TS12 2DA,True
Country Club - Country Music Festival - Shrewsbury,2026-08-08,2026-08-08 15:00:00+00:00,2026-08-08 22:00:00+00:00,The Buttermarket,SY1 2LF,True
Leicester Food & Music Festival,2026-08-08,2026-08-08 11:00:00+00:00,2026-08-09 22:00:00+00:00,Abbey Park,LE4 5AQ,True
Example | Live at Cattows Farm,2026-08-08,2026-08-08 12:00:00+00:00,2026-08-08 23:00:00+00:00,Cattows Farm,LE67 2TD,True
Reggae at the Billy '26,2026-08-08,2026-08-08 14:00:00+00:00,2026-08-08 21:00:00+00:00,"The King William, Warmley, Bristol, BS30 8BL",BS308SB,True
Martin Kemp Live DJ set - Back to the 80's - Brighton,2026-08-08,2026-08-08 17:00:00+00:00,2026-08-08 22:00:00+00:00,Pryzm Brighton,BN1 2RE,True
Party At The Palace,2026-08-08,2026-08-08 12:00:00+00:00,2026-08-09 23:00:00+00:00,Linlithgow Peel (Palace),EH49 7AL,True
Brookfest 2026,2026-08-08,2026-08-08 13:00:00+00:00,2026-08-08 21:00:00+00:00,Blackbrook Rugby Club ,WA11 9BB,True
The Official South West 64th Jamaican Independence Day,2026-08-08,2026-08-08 14:00:00+00:00,2026-08-09 22:00:00+00:00,Lakota,BS2 8QN,True
Peacock Freakshow 2,2026-08-08,2026-08-08 14:00:00+00:00,2026-08-08 23:00:00+00:00,Harbour Tavern,YO15 2SH,True
R&B Lovers - Outdoor Festival Junkyard Norwich,2026-08-08,2026-08-08 14:00:00+00:00,2026-08-08 22:00:00+00:00,Junkyard,NR3 1QA,True
Brynfest 2026,2026-08-08,2026-08-08 13:00:00+00:00,2026-08-08 22:00:00+00:00,Maes Elwyn Playing Fields,SA18 1AH,True
The Poetic Funk Afterparty,2026-08-08,2026-08-08 21:00:00+00:00,2026-08-09 02:00:00+00:00,The Printworks Hastings,TN34 1HA,True
Summer Shellings,2026-08-08,2026-08-08 14:00:00+00:00,2026-08-09 01:00:00+00:00,Fornos,B60 3DR,True
Day & Night Refugee Fundraiser,2026-08-08,2026-08-08 14:00:00+00:00,2026-08-08 23:45:00+00:00,Fox And Firkin,SE13 6JZ,True
CH3 Presents : Downtown w/ Ozzie Guven,2026-08-08,2026-08-08 14:00:00+00:00,2026-08-08 22:30:00+00:00,Aynsley Mill ,ST3 1HZ,True
Hidden Beach Festival: Day 1,2026-08-08,2026-08-08 12:00:00+00:00,2026-08-08 22:00:00+00:00,The Oval (Hastings),TN34 1EU,True
The George Harrison Project,2026-08-08,2026-08-08 19:30:00+00:00,2026-08-08 22:00:00+00:00,"Brewhouse Theatre And Arts Centre, UK",TA1 1JL,True
Music & Cider Festival,2026-08-08,2026-08-08 13:00:00+00:00,2026-08-08 23:00:00+00:00,Wool Royal British Legion,BH20 6DJ,True
WV1fest,2026-08-08,2026-08-08 11:00:00+00:00,2026-08-09 23:00:00+00:00,West Park Wolverhampton,WV1 4PW,True
New Forest Fairy Festival,2026-08-08,2026-08-08 10:00:00+00:00,2026-08-09 18:00:00+00:00,Burley Village,BH24 4AB,True
Maiden Voyage,2026-08-08,2026-08-08 12:00:00+00:00,2026-08-08 23:00:00+00:00,BURGESS PARK,SE5 0AL,True
Sundown Country Festival - Bexleyheath,2026-08-09,2026-08-09 12:00:00+00:00,2026-08-09 20:00:00+00:00,BEXLEYHEATH    Danson Park Lakeside Close DA15 9PW,DA15 9PW,True
Eastern Electrics 2026,2026-08-09,2026-08-09 12:00:00+00:00,2026-08-09 22:00:00+00:00,BURGESS PARK,SE5 0AL,True
Garage Nation Generations Festival & Music Nation,2026-08-09,2026-08-09 14:00:00+00:00,2026-08-09 22:00:00+00:00,Morden Park,SM4 4BU,True
Anjunadeep Open Air on the Thames,2026-08-09,2026-08-09 14:00:00+00:00,2026-08-09 23:00:00+00:00,Old Royal Naval College Greenwich,SE10 9NN,True
London Reggae & Ska Festival - Morden Park,2026-08-09,2026-08-09 14:00:00+00:00,2026-08-09 22:00:00+00:00,Morden Park,SM4 4BU,True
Summer 90s & 00s R&B Outdoor Festival - London 2026,2026-08-09,2026-08-09 13:00:00+00:00,2026-08-09 21:00:00+00:00,The Cause London,E16 1YZ,True
Flashback Fete,2026-08-09,2026-08-09 15:00:00+00:00,2026-08-09 21:00:00+00:00,Mama Roux's Birmingham,B9 4AG,True
AWOL @ Music Nation Festival 2026,2026-08-09,2026-08-09 14:00:00+00:00,2026-08-09 22:00:00+00:00,Morden Park,SM4 4BU,True
Love Sensation Festival,2026-08-09,2026-08-09 12:00:00+00:00,2026-08-09 21:00:00+00:00,The Oval (Hastings),TN34 1EU,True
Gin & Juice: Old School Hip-Hop Outdoor Summer Festival,2026-08-09,2026-08-09 13:00:00+00:00,2026-08-09 21:00:00+00:00,The Cause London,E16 1YZ,True
Anjunadeep Open Air on the Thames,2026-08-09,2026-08-09 14:00:00+00:00,2026-08-09 23:00:00+00:00,Anjunadeep Open Air On The Thames,SE10 9LL,True
Homegrown Festival,2026-08-11,2026-08-11 11:00:00+00:00,2026-08-11 23:00:00+00:00,The Hope And Ruin,BN1 3WA,False
Chargecandy at Boomtown Fair,2026-08-12,2026-08-12 08:00:00+00:00,2026-08-16 23:00:00+00:00,Matterley Estate,SO21 1HW,False
Boomtown,2026-08-12,2026-08-12 11:00:00+00:00,2026-08-16 23:00:00+00:00,Matterley Estate,SO21 1HW,False
Borde Hill Summer Series (weekend tickets),2026-08-13,2026-08-13 16:00:00+00:00,2026-08-15 22:30:00+00:00,Borde Hill Parkland,RH16 1XP,False
Ranch Jam Festival 2026,2026-08-14,2026-08-14 09:00:00+00:00,2026-08-16 22:00:00+00:00,Cattows Farm,LE67 2TD,False
SOULTASIA Reading,2026-08-14,2026-08-14 17:00:00+00:00,2026-08-14 22:30:00+00:00,Prospect Park,RG30 2ND,False
MK Weekender,2026-08-14,2026-08-14 17:00:00+00:00,2026-08-15 23:00:00+00:00,Campbell Park Avebury Blvd Milton Keynes MK9 3FT ,MK9 3FT,False
LPT SEA Access,2026-08-14,2026-08-14 17:00:00+00:00,2026-08-16 23:00:00+00:00,Brechin Castle Showground,DD9 6TJ,False
Northampton Balloon Festival,2026-08-14,2026-08-14 12:00:00+00:00,2026-08-16 22:30:00+00:00,Northampton Balloon Festival Northampton Racecourse,NN1 4LG,False
Beach Fest Bournemouth,2026-08-14,2026-08-14 15:00:00+00:00,2026-08-16 19:30:00+00:00,Bournemouth Beach,BH5 1BN,False
SnugFest 2026 - Fell Foot Wood - Florentenes,2026-08-14,2026-08-14 10:00:00+00:00,2026-08-16 11:00:00+00:00,Fell Foot Wood Newby Bridge Ulverston LA12 8NN,LA12 8NN,False
Marsh Tots,2026-08-14,2026-08-14 12:00:00+00:00,2026-08-14 18:00:00+00:00,Farm Field,TN299SL,False
Wild Within Women's Festival,2026-08-14,2026-08-14 12:00:00+00:00,2026-08-16 15:00:00+00:00,Silver Forest,LN7 6HL,False
WREXFEST 2026 - Early Bird Weekend Pass,2026-08-14,2026-08-14 18:00:00+00:00,2026-08-16 03:00:00+00:00,Wrexham City Centre Various Venues,LL13 8BB,False
Jurassic Fields,2026-08-14,2026-08-14 11:00:00+00:00,2026-08-16 23:00:00+00:00,West Bay Fields,DT6 4DN,False
Country Calling,2026-08-14,2026-08-14 11:00:00+00:00,2026-08-16 23:00:00+00:00,Hylands Estate Chelmsford,CM2 8WQ,False
The Magpies Festival,2026-08-14,2026-08-14 11:00:00+00:00,2026-08-15 23:00:00+00:00,"Sutton Park, York",YO61 1DP,False
Big Weekender,2026-08-14,2026-08-14 09:30:00+00:00,2026-08-16 17:30:00+00:00,Wellington Country Park.,RG7 1SP,False
Vegan Camp Out,2026-08-14,2026-08-14 11:00:00+00:00,2026-08-17 23:00:00+00:00,Walesby Forest Adventure Activity Centre,NG22 9NG,False
Ministry Of Sound Classical At Castle Howard,2026-08-15,2026-08-15 14:00:00+00:00,2026-08-15 22:30:00+00:00,Castle Howard York,YO60 7DJ,True
Coloursfest 25th Anniversary 2026,2026-08-15,2026-08-15 12:00:00+00:00,2026-08-16 23:00:00+00:00,BRAEHEAD WATERFRONT,G51 4BN,True
Norden Cricket Club Festival 2026,2026-08-15,2026-08-15 12:00:00+00:00,2026-08-15 21:30:00+00:00,Norden Cricket Club,OL12 7SD,True
In the Park presents Lewis Capaldi,2026-08-15,2026-08-15 16:00:00+00:00,2026-08-15 22:00:00+00:00,Sefton Park,L17 1AP,True
RNB MANIA | Sheffield's Outdoor Summer Festival,2026-08-15,2026-08-15 15:00:00+00:00,2026-08-15 23:00:00+00:00,SYSheffield (Steel Yard),S3 8AS,True
Déjà vu Garden Party,2026-08-15,2026-08-15 14:00:00+00:00,2026-08-15 23:00:00+00:00,The Country Park,HU13 0HB,True
SKINNY LIVING - Solid Ground Festival,2026-08-15,2026-08-15 13:00:00+00:00,2026-08-15 23:00:00+00:00,Tileyard North Courtyard,WF1 5FY,True
Electric Dreams - By The Sea 15th AUG - South Queensferry,2026-08-15,2026-08-15 14:00:00+00:00,2026-08-15 22:00:00+00:00,Outboard By Scotts,EH30 9RD,True
BOOZéBRUNCH The Festival Dalkeith Country Park,2026-08-15,2026-08-15 12:00:00+00:00,2026-08-15 18:30:00+00:00,Dalkeith Country Park ,EH22 1ST,True
Wilmslow,2026-08-15,2026-08-15 11:30:00+00:00,2026-08-15 22:00:00+00:00,Wilmslow Rugby Club,SK9 5PZ,True
Garage Republic Outdoor Festival 2026 | Binks Yard Nottingham,2026-08-15,2026-08-15 14:00:00+00:00,2026-08-15 22:00:00+00:00,Binks Yard,NG2 3BJ,True
Evesham Music Festival 2026,2026-08-15,2026-08-15 12:00:00+00:00,2026-08-15 21:30:00+00:00,Badsey Community And Sports Club,WR11 7EU,True
Cafe Mambo Ibiza Classics In The Park Festival,2026-08-15,2026-08-15 12:00:00+00:00,2026-08-15 22:00:00+00:00,Prospect Park,RG30 2ND,True
Haze Festival - Sat 15th Aug 2026,2026-08-15,2026-08-15 14:00:00+00:00,2026-08-15 22:00:00+00:00,Coventry Cathedral Ruins,CV1 5AB,True
Out There .,2026-08-15,2026-08-15 19:30:00+00:00,2026-08-16 02:00:00+00:00,Gisburn Forest,BB7 4TS,True
Sheffield Festival Of Reggae| Network 2026,2026-08-15,2026-08-15 13:00:00+00:00,2026-08-16 00:00:00+00:00,Network   Sheffield,S1 4QD,True
SOLAIRE: Open Air,2026-08-15,2026-08-15 14:00:00+00:00,2026-08-15 21:00:00+00:00,Lochardil House Hotel,IV2 4LF,True
OVER 30's CLUB - Summer Open Air Festival - Freight Island,2026-08-15,2026-08-15 15:00:00+00:00,2026-08-15 22:00:00+00:00,Freight Island,M1 2PZ,True
Summer 90s Outdoor Festival - Junkyard Norwich,2026-08-15,2026-08-15 15:00:00+00:00,2026-08-15 22:00:00+00:00,Junkyard Market,NR3 1QA,True
Energy 91 Garden Rave 2,2026-08-15,2026-08-15 15:00:00+00:00,2026-08-15 22:00:00+00:00,Reindeer Inn,SK15 3DW,True
Magic of Thailand Festival in Brighton,2026-08-15,2026-08-15 10:00:00+00:00,2026-08-16 19:00:00+00:00,Preston Park Preston Road Brighton BN1 6AU,BN1 6AU,True
Her Frequency Rooftop Party,2026-08-15,2026-08-15 14:00:00+00:00,2026-08-15 22:00:00+00:00,Home Lincoln,LN1 1UF,True
Allday Indie Indoor Festival - Leeds,2026-08-15,2026-08-15 17:00:00+00:00,2026-08-15 22:00:00+00:00,O2 Academy Leeds,LS2 3AW,True
OrchardFest 2026,2026-08-15,2026-08-15 14:00:00+00:00,2026-08-15 22:15:00+00:00,The Orchard Trust Day Service,gl179pd,True
Garden Rave,2026-08-15,2026-08-15 12:00:00+00:00,2026-08-15 23:00:00+00:00,Coach House,EN9 2BE,True
R&B Lovers - Saturday 15th August - Athena Leicester,2026-08-15,2026-08-15 17:00:00+00:00,2026-08-15 23:00:00+00:00,Athena,LE1 1QD,True
R&B Lovers - Saturday 15th August - Mint Warehouse,2026-08-15,2026-08-15 15:00:00+00:00,2026-08-15 22:00:00+00:00,Mint Warehouse,LS11 9UD,True
R&B Lovers - Saturday 15th August - DEPOT Cardiff,2026-08-15,2026-08-15 17:00:00+00:00,2026-08-15 23:00:00+00:00,Depot,CF10 5DF,True
Frogfest Liverpool - 2026,2026-08-15,2026-08-15 14:00:00+00:00,2026-08-16 02:00:00+00:00,District ,L1 0BW,True
The CourtYard Fest,2027-08-14,2026-08-15 10:30:00+00:00,2026-08-15 22:30:00+00:00,Betley Court Farm,CW3 9BH,True
Rock The Marshes,2026-08-15,2026-08-15 12:00:00+00:00,2026-08-16 23:00:00+00:00,Farm Field,TN299SL,True
ProDog Beach Fest 2026,2026-08-15,2026-08-15 09:00:00+00:00,2026-08-16 17:00:00+00:00,Weston Super Mare Beach Lawns,BS23 1AT,True
Original Culture Festival 2026,2026-08-15,2026-08-15 14:00:00+00:00,2026-08-15 22:00:00+00:00,Priory Country Park Barkers Lane Bedford MK41,MK41 9DJ,True
GWT Night Market,2026-08-15,2026-08-15 17:00:00+00:00,2026-08-15 23:00:00+00:00,Forest Recreation Ground Gregory Blvd NG7 6LB,NG7 6LB,True
The Searchers and Hollies Experience,2026-08-15,2026-08-15 19:30:00+00:00,2026-08-15 22:00:00+00:00,University Of Kent.,CT2 7NB,True
The Temple Newsam Food Festival 2026: A Summertime Feast,2026-08-15,2026-08-15 10:00:00+00:00,2026-08-16 19:00:00+00:00,Temple Newsam Park,LS15 0AD,True
Michael Bibi extended set on the Thames,2026-08-16,2026-08-16 14:00:00+00:00,2026-08-16 23:00:00+00:00,Old Royal Naval College Greenwich,SE10 9NN,True
Raver Tots Outdoor Festival Milton Keynes,2026-08-16,2026-08-16 12:00:00+00:00,2026-08-16 18:00:00+00:00,Campbell Park Milton Keynes MK9,MK9 4AD,True
The Garden @SEA,2026-08-16,2026-08-16 12:00:00+00:00,2026-08-16 21:00:00+00:00,Brechin Castle Showground,DD9 6TJ,True
Raver Tots Outdoor Festival Reading,2026-08-16,2026-08-16 13:00:00+00:00,2026-08-16 18:00:00+00:00,Prospect Park Reading,RG30 2ND,True
original Family Festival 2026,2026-08-16,2026-08-16 11:00:00+00:00,2026-08-16 19:00:00+00:00,Priory Country Park Barkers Lane Bedford MK41,MK41 9DJ,True
Sounds of the 60s with The Zoots,2026-08-17,2026-08-17 19:30:00+00:00,2026-08-17 22:00:00+00:00,The Mowlem,BH19 1DD,False
ArcTanGent,2026-08-19,2026-08-19 11:00:00+00:00,2026-08-23 23:00:00+00:00,Fernhill Farm,BS40 6LD,False
Himley Live 2026: The K-POP Festival Experience,2026-08-20,2026-08-20 16:00:00+00:00,2026-08-20 19:30:00+00:00,Himley Hall,DY3 4DF,False
Rock N Roll Circus Norwich,2026-08-20,2026-08-20 11:00:00+00:00,2026-08-23 23:00:00+00:00,Earlham Park,NR4 7TQ,False
110 Above,2026-08-20,2026-08-20 11:00:00+00:00,2026-08-22 23:00:00+00:00,Gopsall Hall Farm,CV9 3QJ,False
Sunrise Film Festival,2026-08-20,2026-08-20 10:00:00+00:00,2026-08-23 23:00:00+00:00,Marina Theatre,NR32 1HH,False
Sunrise Film Festival,2026-08-20,2026-08-20 10:00:00+00:00,2026-08-23 23:00:00+00:00,"Marina Theatre, UK",NR32 1HH,False
Trentham Live,2026-08-20,2026-08-20 11:00:00+00:00,2026-08-23 23:00:00+00:00,Trentham Gardens ,ST4 8JG,False
We Out Here Festival,2026-08-20,2026-08-20 11:00:00+00:00,2026-08-23 23:00:00+00:00,"Wimborne St Giles, Dorset",BH21 5NA,False
Green Man Festival,2026-08-20,2026-08-20 11:00:00+00:00,2026-08-23 23:00:00+00:00,Bannau Brycheiniog National Park,NP81LP,False
A New Day Festival 2026,2026-08-21,2026-08-21 11:30:00+00:00,2026-08-23 23:00:00+00:00,Mt Ephraim Gardens Hernhill Faversham Kent,ME13 9TX,False
"Rob Lamberti presents: George Michael | Keel SQ, Sunderland",2026-08-21,2026-08-21 19:00:00+00:00,2026-08-21 22:30:00+00:00,Keel Square,SR1 3DZ,False
U Fest - Boxpark Wembley - Friday 21st August,2026-08-21,2026-08-21 18:00:00+00:00,2026-08-21 23:00:00+00:00,Boxpark Wembley,HA9 0JT,False
Ibiza Classics Richmond,2026-08-21,2026-08-21 18:00:00+00:00,2026-08-21 22:00:00+00:00,Old Deer Park,TW9 2SL,False
Symphonic Ibiza Orchestra Bristol,2026-08-21,2026-08-21 17:00:00+00:00,2026-08-21 22:30:00+00:00,Bristol Amphitheatre And Waterfront Square,BS1 5LL,False
The Darley Park Weekender 2026,2026-08-21,2026-08-21 16:00:00+00:00,2026-08-21 23:00:00+00:00,Darley Park,DE22 1EN,False
Flocksteady Bleats 2026,2026-08-21,2026-08-21 12:00:00+00:00,2026-08-23 22:30:00+00:00,The Music Baa,SP5 4LP,False
Phases Casa Nueva X Bunker,2026-08-21,2026-08-21 20:00:00+00:00,2026-08-22 03:00:00+00:00,Calluna Nottingham,NG1 4AA,False
One Love Festival,2026-08-21,2026-08-21 11:00:00+00:00,2026-08-22 23:00:00+00:00,Bentley Estate,BN8 5AF,False
Beautiful Days Festival,2026-08-21,2026-08-21 11:00:00+00:00,2026-08-23 23:00:00+00:00,Escot Park,EX11 1LU,False
Field Maneuvers,2026-08-21,2026-08-21 11:00:00+00:00,2026-08-23 23:00:00+00:00,SECRET LOCATION NORWICH,NR31DD,False
Tribfest 2026,2026-08-21,2026-08-21 12:00:00+00:00,2026-08-23 23:45:00+00:00,Sledmere House,YO25 3XG,False
Flocksteady Bleats,2026-08-21,2026-08-21 12:00:00+00:00,2026-08-23 22:30:00+00:00,"The Music Baa, UK",SP5 4LP,False
3 Wishes Fairy Festival,2026-08-21,2026-08-21 10:00:00+00:00,2026-08-23 23:00:00+00:00,Garslade Farm,BA5 1RX,False
FAC51 The Haçienda at Wollaton Hall - Nottingham,2026-08-22,2026-08-22 13:00:00+00:00,2026-08-22 23:00:00+00:00,Wollaton Hall,NG8 2AE,True
Park Rock Richmond 2026,2026-08-22,2026-08-22 12:00:00+00:00,2026-08-22 22:00:00+00:00,"Old Deer Park, Richmond",TW9 2SL,True
Rockore 2026,2026-08-22,2026-08-22 11:00:00+00:00,2026-08-22 22:30:00+00:00,Lochore Meadows Country Park,KY5 8BA,True
"CLAIRE RICHARDS, ETERNAL & MORE| Love the 90s Fest |Keel Square",2026-08-22,2026-08-22 13:00:00+00:00,2026-08-22 22:30:00+00:00,Keel Square,SR1 3DZ,True
Remember Them Dayz Fest - London - Boxpark Wembley,2026-08-22,2026-08-22 18:00:00+00:00,2026-08-22 23:00:00+00:00,Boxpark Wembley,HA9 0JT,True
Roe Green Cricket Club festival 2026,2026-08-22,2026-08-22 12:00:00+00:00,2026-08-22 21:30:00+00:00,ROE GREEN CRICKET CLUB,M282QW,True
SOULTASIA - Bristol,2026-08-22,2026-08-22 13:00:00+00:00,2026-08-22 22:30:00+00:00,Bristol Amphitheatre,BS1 5LL,True
Himley Live 2026: The Groove Society,2026-08-22,2026-08-22 13:30:00+00:00,2026-08-22 22:00:00+00:00,Himley Hall,DY3 4DF,True
Banff Castle Rocks,2026-08-22,2026-08-22 13:00:00+00:00,2026-08-22 23:00:00+00:00,Banff Castle,AB45 1DL,True
Purple Disco Machine,2026-08-22,2026-08-22 14:30:00+00:00,2026-08-22 22:00:00+00:00,Magazine Open Air,SE10 0JH,True
Southbound Fest,2026-08-22,2026-08-22 12:00:00+00:00,2026-08-23 22:00:00+00:00,Princes Park Eastbourne,bn227ll,True
"NADINE COYLE & MORE | Pop Republic Fest | Freight Island, MCR",2026-08-22,2026-08-22 14:00:00+00:00,2026-08-22 22:00:00+00:00,Freight Island,M1 2PZ,True
"Rum & Reggae | Binks Yard, Nottingham",2026-08-22,2026-08-22 14:00:00+00:00,2026-08-22 22:00:00+00:00,Binks Yard,NG2 3BJ,True
Paisley Music and Arts Street Festival,2026-08-22,2026-08-22 12:00:00+00:00,2026-08-22 21:00:00+00:00,"Shuttle Street, Paisley",PA1 1YD,True
Dubtendo Day Party - London,2026-08-22,2026-08-22 13:00:00+00:00,2026-08-22 21:00:00+00:00,The Fox And Firkin,SE13 6JZ,True
Pulloxhill Events 2026 - Ellie Sax Presents Ibiza Anthems Live,2026-08-22,2026-08-22 17:00:00+00:00,2026-08-23 00:00:00+00:00,The Cross Keys Paddock,MK45 5HB,True
Cheshire Fest 2026 | Live at Tatton Park,2026-08-22,2026-08-22 12:00:00+00:00,2026-08-22 23:00:00+00:00,Tatton Park,WA16 6QN,True
Hifields 2026,2026-08-22,2026-08-22 12:00:00+00:00,2026-08-23 00:00:00+00:00,Dullingham Polo Club,CB8 9UT,True
Signal Festival 2026,2026-08-22,2026-08-22 12:00:00+00:00,2026-08-23 05:00:00+00:00,The Cause London,E16 1YZ,True
Back to the 80's Summer Tribute Festival with Martin Kemp,2026-08-22,2026-08-22 15:00:00+00:00,2026-08-22 22:00:00+00:00,Wheelers Farm ,CM3 3LZ,True
Boxout Fest 2026 + SPECIAL GUESTS,2026-08-22,2026-08-22 15:00:00+00:00,2026-08-23 23:30:00+00:00,Luna Springs Digbeth ,B9 4AG,True
Magic of Thailand Festival in Manchester,2026-08-22,2026-08-22 10:00:00+00:00,2026-08-23 19:00:00+00:00,Platt Fields Park Platt Lane Manchester M14 5NF,M14 5NF,True
The Red Lion Garden Party,2026-08-22,2026-08-22 12:30:00+00:00,2026-08-22 21:00:00+00:00,The Red Lion Inn,DY7 5DU,True
NucleusFEST,2026-08-22,2026-08-22 14:00:00+00:00,2026-08-23 20:00:00+00:00,Nucleus Winery At Fort Borstal,ME1 3NN,True
Steel City Dancehall Festival 2026,2026-08-22,2026-08-22 15:00:00+00:00,2026-08-22 22:00:00+00:00,Caribbean Sports Club,S35 9WN,True
Donkey fest,2026-08-22,2026-08-22 13:00:00+00:00,2026-08-23 00:00:00+00:00,Ol12 9tb,OL12 9TB,True
"LOUD and LOADED 2026 - Live Rock, Metal and Beer festival",2026-08-22,2026-08-22 13:00:00+00:00,2026-08-22 23:30:00+00:00,"Coddy's Farm, Holmfirth",HD9 2TH,True
4 Corners Day Party,2026-08-22,2026-08-22 14:00:00+00:00,2026-08-22 22:00:00+00:00,Eutopia Warehouse,IG11 0DW,True
R&B Lovers - Saturday 22nd August - Allerton Manor,2026-08-22,2026-08-22 15:00:00+00:00,2026-08-22 22:00:00+00:00,Allerton Manor Golf Club,L18 3JT,True
Rulebreakerz & Friendz Fest,2026-08-22,2026-08-22 13:00:00+00:00,2026-08-22 23:00:00+00:00,Brace Of Pistols Clacton On Sea,CO16 8DU,True
Slug Fest 2026,2026-08-22,2026-08-22 15:00:00+00:00,2026-08-23 00:00:00+00:00,VENUE TBA WIGAN CENTER,WN1 1DY,True
INJM Fest,2027-08-21,2026-08-22 12:00:00+00:00,2026-08-22 22:00:00+00:00,Eternit Sport And Social Club,SG8 5RL,True
Jls Ticket,2026-08-22,2026-08-22 04:00:00+00:00,2026-08-22 10:00:00+00:00,Virtual Event Derby,DE1 0AQ,True
R&B Lovers - Saturday 22nd Aug - Aruba Bournemouth,2026-08-22,2026-08-22 17:00:00+00:00,2026-08-22 22:00:00+00:00,Aruba Bar And Restaurant,BH2 5AA,True
RNB MANIA | Sunderland's R&B Festival!,2026-08-22,2026-08-22 13:00:00+00:00,2026-08-22 22:30:00+00:00,Keel Square,SR1 3DZ,True
All Points East,2026-08-22,2026-08-22 11:00:00+00:00,2026-08-30 23:00:00+00:00,"Victoria Park, London",E9 7DD,True
Hifields Festival,2026-08-22,2026-08-22 11:00:00+00:00,2026-08-22 23:00:00+00:00,Dullingham Polo Club,CB8 9UT,True
Rewind Festival South,2026-08-22,2026-08-22 11:00:00+00:00,2026-08-23 23:00:00+00:00,Temple Island Meadows,RG9 3DB,True
"GirlyPop Fest | Keel Square, Sunderland",2026-08-23,2026-08-23 12:00:00+00:00,2026-08-23 16:30:00+00:00,Keel Square,SR1 3DZ,True
Himley Live 2026: Boots & Roots Festival,2026-08-23,2026-08-23 12:00:00+00:00,2026-08-23 21:00:00+00:00,Himley Hall,DY3 4DF,True
Sundown Country Festival - Richmond,2026-08-23,2026-08-23 12:00:00+00:00,2026-08-23 20:00:00+00:00,Old Deer Park,TW9 2SL,True
Raver Tots Outdoor Festival Bristol,2026-08-23,2026-08-23 12:00:00+00:00,2026-08-23 18:00:00+00:00,Bristol Amphitheatre,BS1 5LL,True
The Prime Rave Chelmsford,2026-08-23,2026-08-23 19:00:00+00:00,2026-08-24 02:00:00+00:00,Bar And Beyond,CM2 0HR,True
Summer Festival in Oving,2026-08-25,2026-08-25 11:00:00+00:00,2026-08-25 15:00:00+00:00,Oving Village Hall,HP22 4HD,False
Rock en Seine,2026-08-26,2026-08-26 11:00:00+00:00,2026-08-30 23:00:00+00:00,Domaine De Saint Cloud,FR,False
Vodafone at Reading Festival,2026-08-27,2026-08-27 08:00:00+00:00,2026-08-30 23:00:00+00:00,Richfield Avenue Festival Site,RG1 8EQ,False
Vodafone at Leeds Festival,2026-08-27,2026-08-27 08:00:00+00:00,2026-08-30 23:00:00+00:00,Bramham Park,LS23 6ND,False
Chargecandy at Creamfields,2026-08-27,2026-08-27 08:00:00+00:00,2026-08-30 23:00:00+00:00,Creamfields,WA4 4AG,False
Glastonferret 2026,2026-08-27,2026-08-27 16:00:00+00:00,2026-08-30 23:45:00+00:00,The Ferret,PR1 2XQ,False
Chargecandy at Lost Village,2026-08-27,2026-08-27 08:00:00+00:00,2026-08-30 23:00:00+00:00,Norton Lodge,LN6 9JR,False
Hitchin Live at the Priory (weekend tickets),2026-08-27,2026-08-27 16:00:00+00:00,2026-08-30 22:30:00+00:00,Hitchin Priory,SG5 2DL,False
Robbers Dogs Growler Rally 2026,2026-08-27,2026-08-27 12:00:00+00:00,2026-08-30 00:00:00+00:00,The Whitby Club,CH65 6QF,False
Lost Village,2026-08-27,2026-08-27 11:00:00+00:00,2026-08-30 23:00:00+00:00,Lost Village,LN6 9QG,False
Greenbelt Festival,2026-08-27,2026-08-27 11:00:00+00:00,2026-08-30 23:00:00+00:00,Boughton House,NN16 9UP,False
Reading Festival,2026-08-27,2026-08-27 11:00:00+00:00,2026-08-30 23:00:00+00:00,Little John's Farm,RG30 1AB,False
Leeds Festival,2026-08-27,2026-08-27 11:00:00+00:00,2026-08-30 23:00:00+00:00,Bramham Park,LS23 6ND,False
Shambala Festival,2026-08-27,2026-08-27 11:00:00+00:00,2026-08-30 23:00:00+00:00,Kelmarsh Hall,NN6 9LY,False
Sunshine Music Festival,2026-08-27,2026-08-27 11:00:00+00:00,2026-08-30 23:00:00+00:00,Fish Meadow Upton Upon Severn,WR8 0PB,False
Tunes in the Park,2026-08-27,2026-08-27 11:00:00+00:00,2026-08-30 23:00:00+00:00,Port Eliot Estate,PL12 5ND,False
The Long Road,2026-08-27,2026-08-27 11:00:00+00:00,2026-08-30 23:00:00+00:00,Stanford Hall ,LE17 6DH,False
Beermageddon,2026-08-27,2026-08-27 11:00:00+00:00,2026-08-30 23:00:00+00:00,Stoke Prior Sports  And  Country Club,B60 4AL,False
Manchester Village Pride 2026,2026-08-28,2026-08-28 12:00:00+00:00,2026-09-01 06:00:00+00:00,Manchester Gay Village,M1 3EZ,False
Goatfest 2026,2026-08-28,2026-08-28 17:00:00+00:00,2026-08-30 23:00:00+00:00,The Great Field Bury Lane Codicote SG4 8XY,SG4 8XY,False
"The Bootleg Beatles | Keel Square, Sunderland",2026-08-28,2026-08-28 18:00:00+00:00,2026-08-28 22:30:00+00:00,Keel Square,SR1 3DZ,False
Preston Summerfest 2026,2026-08-28,2026-08-28 14:00:00+00:00,2026-08-31 00:00:00+00:00,CT3 1HB,CT3 1HB,False
"Chelmsford Summer Series: Sugababes, Annie Mac, Melanie C (DJ)",2026-08-28,2026-08-28 15:00:00+00:00,2026-08-28 22:00:00+00:00,Chelmsford Central Park,CM2 0RW,False
Dubs of Rock 2026,2026-08-28,2026-08-28 09:00:00+00:00,2026-08-30 23:00:00+00:00,Cattows Farm,LE67 2TD,False
Weekend in the Woods,2026-08-28,2026-08-28 12:00:00+00:00,2026-08-31 12:00:00+00:00,Wold Farm Festival Field ,NN29 7XA,False
NBG Garden Party (16-18),2026-08-28,2026-08-28 14:00:00+00:00,2026-08-28 22:00:00+00:00,The Trinity Centre,BS2 0NW,False
T.H.E Truckers Tunes Ltd @ The Truck Show Barnard Castle,2026-08-28,2026-08-28 13:00:00+00:00,2026-08-31 11:30:00+00:00,Streatlam Event Field,DL12 8RQ,False
Sunset At The Manor | Pink Floyd Mega Laser Show | Kent,2026-08-28,2026-08-28 18:00:00+00:00,2026-08-28 23:00:00+00:00,Strode Park House,CT6 7NE,False
FarmFest 2026,2026-08-28,2026-08-28 17:00:00+00:00,2026-08-31 23:00:00+00:00,WD39XJ,WD3 9XJ,False
The Beat Goes On Presents An Acid Barn Dance,2027-05-28,2026-08-28 12:00:00+00:00,2026-08-31 14:00:00+00:00,Penny Square Barn,BA4 6AG,False
Lost Lake Festival,2026-08-29,2026-08-28 12:00:00+00:00,2026-08-30 00:00:00+00:00,The Venue At Coxleigh,EX31 4EX,True
Crownload 2026,2026-08-28,2026-08-28 13:00:00+00:00,2026-08-30 23:45:00+00:00,Clwb Crown,CF48 1BA,False
Thunderfest,2026-08-28,2026-08-28 19:30:00+00:00,2026-08-30 23:00:00+00:00,The Thunderbolt,BS4 3ED,False
Bubz Fest,2026-08-28,2026-08-28 10:00:00+00:00,2026-08-28 23:00:00+00:00,Wintney Barn,RG27 8SH,False
Equinox Festival,2026-08-28,2026-08-28 18:00:00+00:00,2026-08-29 03:00:00+00:00,Wold Farm Festival Field ,NN29 7XA,False
BeCider Seaside 22,2026-08-28,2026-08-28 10:00:00+00:00,2026-08-30 23:45:00+00:00,Bredy Farm,DT6 4ND,False
Briggzfest 2026,2026-08-28,2026-08-28 12:00:00+00:00,2026-08-30 23:00:00+00:00,Ham Farm,BN8 5SB,False
CarFest 2026,2026-08-28,2026-08-28 10:00:00+00:00,2026-08-30 23:45:00+00:00,Silverstone Circuit,NN12 8TN,False
Maui Waui Festival,2026-08-28,2026-08-28 11:00:00+00:00,2026-08-30 23:00:00+00:00,Elveden Hall Estate,IP24 3TA,False
Camper Calling,2026-08-28,2026-08-28 11:00:00+00:00,2026-08-30 23:00:00+00:00,Ragley Hall Park And Gardens,B49 5NH,False
Made in Manchester - Stockport,2026-08-28,2026-08-28 11:00:00+00:00,2026-08-31 23:00:00+00:00,Waterside Farm,SK63LQ,False
Victorious Festival,2026-08-28,2026-08-28 11:00:00+00:00,2026-08-30 23:00:00+00:00,Southsea Seafront,PO5 3PG,False
Carfest,2026-08-28,2026-08-28 11:00:00+00:00,2026-08-30 23:00:00+00:00,Silverstone Circuit,NN12 8TN,False
Krankenhaus Festival,2026-08-28,2026-08-28 11:00:00+00:00,2026-08-30 23:00:00+00:00,Muncaster Castle,CA18 1RQ,False
Shrewsbury Folk Festival,2026-08-28,2026-08-28 11:00:00+00:00,2026-08-31 23:00:00+00:00,"West Midlands Showground, Shrewsbury",SY2 6JY,False
The Big Feastival,2026-08-28,2026-08-28 11:00:00+00:00,2026-08-30 23:00:00+00:00,Alex James Farm,OX7 6UJ,False
The Libertines - Hitchin Live at the Priory,2026-08-29,2026-08-29 14:00:00+00:00,2026-08-29 22:30:00+00:00,Hitchin Priory,SG5 2DL,True
Dreamland Jouvert X,2026-08-29,2026-08-29 12:00:00+00:00,2026-08-29 20:00:00+00:00,"Court Farm, Oxted Road, Godstone, Surrey, RH9 8DB",RH9 8DB,True
Chelmsford Summer Series 2026: Mcfly,2026-08-29,2026-08-29 13:00:00+00:00,2026-08-29 22:00:00+00:00,Chelmsford Central Park,CM2 0RW,True
Noughty 90's Festival Newcastle 2026,2026-08-29,2026-08-29 12:00:00+00:00,2026-08-29 22:00:00+00:00,Leazes Park ,NE2 4BJ,True
Blackpool Cricket Club Festival 2026,2026-08-29,2026-08-29 12:00:00+00:00,2026-08-29 21:30:00+00:00,Blackpool Cricket Club ,FY3 9EQ,True
Cheltenham Tribute Festival 2026,2026-08-29,2026-08-29 12:00:00+00:00,2026-08-29 22:00:00+00:00,Cheltenham Racecourse,GL50 4SH,True
"ARMAND VAN HELDEN, SOSA & MORE | Groovebox Keel SQ Summer Fest",2026-08-29,2026-08-29 13:00:00+00:00,2026-08-29 22:30:00+00:00,Keel Square,SR1 3DZ,True
Bournefest 2026,2026-08-29,2026-08-29 14:00:00+00:00,2026-08-30 21:30:00+00:00,Western Lawns Eastbourne,BN21 4EH,True
Road to Nashville Outdoor Festival | SteelYard,2026-08-29,2026-08-29 14:00:00+00:00,2026-08-29 23:00:00+00:00,SYSheffield (Steel Yard),S3 8AS,True
Country Club - Outdoor Country Music Festival - Cardiff,2026-08-29,2026-08-29 15:00:00+00:00,2026-08-29 22:00:00+00:00,Tiger Yard,CF10 4GA,True
Nashdown - Country Music Festival,2026-08-29,2026-08-29 13:00:00+00:00,2026-08-29 22:30:00+00:00,Lingfield Park Racecourse,RH7 6PQ,True
"DJ SAMMY & MORE | Love the 90s Fest | Winter Garden, Blackpool",2026-08-29,2026-08-29 14:00:00+00:00,2026-08-29 22:30:00+00:00,Winter Gardens Blackpool,FY1 1HL,True
Country Club - Outdoor Country Music Festival - London,2026-08-29,2026-08-29 14:00:00+00:00,2026-08-29 22:00:00+00:00,LDN EAST,E16 4SH,True
Summer Outdoor Garage Festival - Wheelers Farm Chelmsford,2026-08-29,2026-08-29 14:00:00+00:00,2026-08-29 22:00:00+00:00,Wheelers Farm ,CM3 3LZ,True
R&B Lovers - Saturday 29th August - Luna Spring,2026-08-29,2026-08-29 15:00:00+00:00,2026-08-30 00:00:00+00:00,Luna Springs Digbeth ,B9 4AG,True
Back To The 90s - Summer Outdoor Festival - Manchester,2026-08-29,2026-08-29 15:00:00+00:00,2026-08-29 23:00:00+00:00,Freight Island,M1 2PZ,True
Good Vibes Only. 29th & 30th August 2026.,2026-08-29,2026-08-29 13:00:00+00:00,2026-08-31 00:30:00+00:00,Cheltenham RFC Newlands Park ,GL52 3PE,True
90's & 00's Nation presents SED Festival,2026-08-29,2026-08-29 14:30:00+00:00,2026-08-29 23:00:00+00:00,Garon Park,SS2 4FA,True
Walsall Pride 2026,2026-08-29,2026-08-29 11:00:00+00:00,2026-08-29 18:00:00+00:00,Walsall Arboretum Extension,WS12QB,True
R&B Lovers - Summer Outdoor Festival - Sat 29th Aug - Bristol,2026-08-29,2026-08-29 14:00:00+00:00,2026-08-29 22:00:00+00:00,The Prospect Building,BS2 0QD,True
PURE R&B - Summer Outdoor Day Party Cardiff - August 29th,2026-08-29,2026-08-29 15:00:00+00:00,2026-08-29 22:30:00+00:00,Lo Lounge Cardiff Bay,CF10 4GA,True
Madisons 90s Festival,2026-08-29,2026-08-29 12:00:00+00:00,2026-08-29 23:00:00+00:00,Rivendell,CA14 1SZ,True
"Spangled X Rough Tempo -TNA, Nu:Elementz - Azza + Grima, P Money",2026-08-29,2026-08-29 14:00:00+00:00,2026-08-29 22:00:00+00:00,Blackbox Brewery,SS2 6UN,True
Weeley Tribute Festival 2026,2026-08-29,2026-08-29 13:00:00+00:00,2026-08-29 22:00:00+00:00,Weeley Carboot Site,CO16 9AG,True
Cosmic Vibration Festival III,2026-08-29,2026-08-29 00:00:00+00:00,2026-08-30 23:30:00+00:00,Sidney And Matilda,S1 4RH,True
Sunset At The Manor | Ibiza Classics BBQ | Kent,2026-08-29,2026-08-29 17:00:00+00:00,2026-08-29 23:00:00+00:00,Strode Park House,CT6 7NE,True
Live At The Queens Fest,2026-08-29,2026-08-29 00:00:00+00:00,2026-08-30 01:00:00+00:00,Queens Bar And Coffee House,YO16 4PN,True
Epidemik in the Woods,2026-08-29,2026-08-29 12:00:00+00:00,2026-08-30 03:00:00+00:00,Wold Farm Festival Field ,NN29 7XA,True
Rum & Reggae Chester,2026-08-29,2026-08-29 11:00:00+00:00,2026-08-29 21:00:00+00:00,Chester Racecourse,CH1 2LY,True
Summer Garage Rooftop Rave - Saturday 29th August - Birmingham,2026-08-29,2026-08-29 15:00:00+00:00,2026-08-29 22:00:00+00:00,XOYO Rooftop,B9 4AG,True
Girls Like R&B x Binks Yard Nottingham,2026-08-29,2026-08-29 15:00:00+00:00,2026-08-29 22:00:00+00:00,Binks Yard,NG2 3BJ,True
Tik-Tech VIIII,2026-08-29,2026-08-29 15:00:00+00:00,2026-08-30 03:00:00+00:00,Glory Holes,LN2 1AL,True
Crewe Rocks,2026-08-29,2026-08-29 00:00:00+00:00,2026-08-30 01:30:00+00:00,The Arena Crewe,CW2 7BL,True
Foodies Festival 2026 - Oxford,2026-08-29,2026-08-29 12:00:00+00:00,2026-08-31 21:00:00+00:00,Oxford South Parks,OX4 1NT,True
RNB MANIA | Leeds' Outdoor R&B Festival,2026-08-29,2026-08-29 15:00:00+00:00,2026-08-29 21:00:00+00:00,Project House,LS12 2DR,True
HITOP Tv - The Blueprint Rave Festival Experience - DARTFORD,2026-08-29,2026-08-29 15:00:00+00:00,2026-08-30 03:00:00+00:00,Red Bar And Cadiz,DA1 2DT,True
Appetite On The Farm,2026-08-29,2026-08-29 11:00:00+00:00,2026-08-30 23:00:00+00:00,Kelvedon Hall,CM14 5TN,True
Forwards - Bristol,2026-08-29,2026-08-29 11:00:00+00:00,2026-08-30 23:00:00+00:00,Durdham Downs,BS9 1FG,True
Stonedead Festival,2026-08-29,2026-08-29 11:00:00+00:00,2026-08-29 23:00:00+00:00,Newark Showground,NG24 2NY,True
The Searchers and Hollies Experience,2026-08-29,2026-08-29 19:30:00+00:00,2026-08-29 22:00:00+00:00,The Exchange Twickenham,TW1 1BE,True
Roseshire Festival,2026-08-29,2026-08-29 11:00:00+00:00,2026-08-30 23:00:00+00:00,Cheshire House Estate,NN82DH,True
The Graves Park Food and Drink Festival 2026: A Summertime Feast,2026-08-29,2026-08-29 10:00:00+00:00,2026-08-31 19:00:00+00:00,Graves Park,S8 8LL,True
MKF Festival,2026-08-29,2026-08-29 11:00:00+00:00,2026-08-30 23:00:00+00:00,"Campbell Park, Milton Keynes",MK9 3hr,True
Roseshire Festival,2026-08-29,2026-08-29 11:00:00+00:00,2026-08-30 23:00:00+00:00,Chester House Estate,NN8 2DH,True
New World 2026 ft. Craig David | Chelmsford Central Park,2026-08-30,2026-08-30 13:00:00+00:00,2026-08-30 22:00:00+00:00,Chelmsford Central Park,CM2 0RW,True
Road to Nashville Outdoor Festival | Keel Square,2026-08-30,2026-08-30 12:00:00+00:00,2026-08-30 22:30:00+00:00,Keel Square,SR1 3DZ,True
KOMPND Carnival,2026-08-30,2026-08-30 15:00:00+00:00,2026-08-30 23:00:00+00:00,Untitled Studio,M50 1BB,True
Off Grid Festival: Chapter One,2026-08-30,2026-08-30 12:00:00+00:00,2026-08-30 23:00:00+00:00,The Royal Town Of Sutton Coldfield,B75 5SA,True
Allday Indie Outdoor Festival - Manchester,2026-08-30,2026-08-30 15:00:00+00:00,2026-08-30 22:00:00+00:00,Freight Island,M1 2PZ,True
FAC51 The Haçienda Open Air - Birmingham,2026-08-30,2026-08-30 13:00:00+00:00,2026-08-30 23:00:00+00:00,Luna Springs Digbeth ,B9 4AG,True
Party In Acklam Park,2026-08-30,2026-08-30 12:00:00+00:00,2026-08-30 21:30:00+00:00,Middlesbrough Rugby And Cricket Club,TS5 7SL,True
Monton Soul & Pop festival,2026-08-30,2026-08-30 12:00:00+00:00,2026-08-30 21:00:00+00:00,Monton Cricket Sports Club,M30 9EH,True
"DJ SAMMY & MORE | Love the 90s Fest | Prospect Building, Bristol",2026-08-30,2026-08-30 13:00:00+00:00,2026-08-30 22:00:00+00:00,The Prospect Building,BS2 0QD,True
RNB MANIA | Lincoln's R&B Festival,2026-08-30,2026-08-30 15:00:00+00:00,2026-08-30 22:00:00+00:00,STACK Lincoln,LN5 7AA,True
RNB MANIA | Derby's R&B Festival,2026-08-30,2026-08-30 16:00:00+00:00,2026-08-30 23:00:00+00:00,Ultra Warehouse,DE21 6HA,True
R&B Lovers - Sunday 30th August - Wheelers Farm Chelmsford,2026-08-30,2026-08-30 15:00:00+00:00,2026-08-30 22:00:00+00:00,Wheelers Farm ,CM3 3LZ,True
Proper Fest 2026,2026-08-30,2026-08-30 11:00:00+00:00,2026-08-30 22:00:00+00:00,Weeley Car Boot,CO16 9AG,True
iFest 2026 - 10 Year Anniversary,2026-08-30,2026-08-30 13:00:00+00:00,2026-08-30 22:00:00+00:00,Ifield Cricket Club,RH11 0HL,True
Ibiza Terrace Party 2026,2026-08-30,2026-08-30 14:00:00+00:00,2026-08-30 22:00:00+00:00,George's Bistro And Bar,BD19 3RA,True
State of Mind - The Launch,2026-08-30,2026-08-30 14:00:00+00:00,2026-08-31 02:00:00+00:00,Wav Garden,L3 7DH,True
Mr Shaw Reminisce Bank Holiday August 30th - 2026,2026-08-30,2026-08-30 13:00:00+00:00,2026-08-30 23:45:00+00:00,"The Old Blacksmith's Yard, Sadler Gate, Derby",DE1 3PD,True
Sunset At The Manor | 80s Greatest Hits BBQ | Kent,2026-08-30,2026-08-30 17:00:00+00:00,2026-08-30 23:00:00+00:00,Strode Park House,CT6 7NE,True
Ibiza Radio 1 Ibiza Festival @ Swigg Swansea,2026-08-30,2026-08-30 13:00:00+00:00,2026-08-30 23:45:00+00:00,The Swigg Swansea,Sa1 3rd,True
Swingfest 2026,2026-08-30,2026-08-30 15:00:00+00:00,2026-08-31 04:00:00+00:00,Hu9 Club,HU9 1AS,True
Annual Beatles Convention Day 2026,2026-08-30,2026-08-30 11:00:00+00:00,2026-08-30 23:45:00+00:00,The Adelphie Hotel,L3 5UL,True
Lazy Sunday Festival,2026-08-30,2026-08-30 12:00:00+00:00,2026-08-31 03:00:00+00:00,Wold Farm Festival Field ,NN29 7XA,True
Party In Y Parc 2026,2026-08-31,2026-08-30 12:00:00+00:00,2026-08-30 22:00:00+00:00,Y Parc   Holyhead,ll651bg,False
Push The Daytime,2026-08-30,2026-08-30 14:00:00+00:00,2026-08-30 22:00:00+00:00,Brew York Craft Brewery And Tap Room,YO1 9TT,True
"KEPLER, LUUK VAN DIJK & MORE |MUZAK & Groovebox Mansfield",2026-08-30,2026-08-30 13:00:00+00:00,2026-08-30 23:00:00+00:00,The Swan Mansfield,NG18 1AE,True
Emerge Music Festival Belfast,2026-08-30,2026-08-30 11:00:00+00:00,2026-08-30 23:00:00+00:00,Boucher Road Playing Fields,BT12 6EU,True
MarkFest VIII,2026-08-30,2026-08-30 16:00:00+00:00,2026-08-30 23:45:00+00:00,White Horse Inn,TA9 4LT,True
Party In Y Parc 2026,2026-08-31,2026-08-31 12:00:00+00:00,2026-08-31 23:00:00+00:00,Y Parc   Holyhead,ll651bg,False
"Family Fest ft. K-Pop Live | Keel Square, Sunderland",2026-08-31,2026-08-31 11:00:00+00:00,2026-08-31 20:00:00+00:00,Keel Square,SR1 3DZ,False
Raver Tots Outdoor Festival Southend,2026-08-31,2026-08-31 12:00:00+00:00,2026-08-31 18:00:00+00:00,Garon Park   Southend On Sea,SS2 4FA,False
Raver Tots x Garage Nation Festival,2026-08-31,2026-08-31 13:00:00+00:00,2026-08-31 18:00:00+00:00,Garon Park   Southend On Sea,SS2 4FA,False
LIDO Festival,2026-08-31,2026-08-31 11:00:00+00:00,2026-08-31 23:00:00+00:00,"Victoria Park, London",E9 7DD,False
Lindisfarne Festival 2026,2026-09-03,2026-09-03 11:00:00+00:00,2026-09-06 04:00:00+00:00,"Beal Farm, Northumberland, TD15 2PB",TD15 2PB,False
Music Worldwide Drum Camp,2026-09-03,2026-09-03 14:00:00+00:00,2026-09-07 00:00:00+00:00,Hulver Farm,NR35 1NF,False
Burn It Down Festival 2026,2026-09-03,2026-09-03 15:00:00+00:00,2026-09-05 23:00:00+00:00,The Foundry Torquay,TQ1 1ED,False
Existance Festival,2026-09-03,2026-09-03 14:00:00+00:00,2026-09-06 23:45:00+00:00,Existance Festival,GL8 8RT,False
Lindisfarne Volunteers 2026,2026-09-03,2026-09-03 15:00:00+00:00,2026-09-06 04:00:00+00:00,Beal Farm ,TD15 2PB,False
The Searchers and Hollies Experience,2026-09-03,2026-09-03 19:30:00+00:00,2026-09-03 22:00:00+00:00,The Tivoli Theatre Wimborne,BH21 1LT,False
End of the Road Festival,2026-09-03,2026-09-03 11:00:00+00:00,2026-09-06 23:00:00+00:00,Larmer Tree Gardens,SP5 5PT,False
Big London Tattoo Show,2026-09-04,2026-09-04 17:00:00+00:00,2026-09-06 19:00:00+00:00,ExCel London,E16 1XL,False
Fields Of Gold Festival 2026,2026-09-04,2026-09-04 12:00:00+00:00,2026-09-05 22:00:00+00:00,Tameside Stadium,OL7 9HG,False
CLAIRE RICHARDS & MORE| Love the 90s&00s Fest|Nottingham Castle,2026-09-04,2026-09-04 18:00:00+00:00,2026-09-04 22:00:00+00:00,Nottingham Castle,NG1 6EL,False
Campfire Country Music Festival,2026-09-04,2026-09-04 15:00:00+00:00,2026-09-04 22:00:00+00:00,East Park Hull,HU8 8LR,False
Undercover Festival,2026-09-04,2026-09-04 14:00:00+00:00,2026-09-04 23:00:00+00:00,Rodney Parade Stadium,NP19 0UU,False
The British Country Music Festival,2026-09-04,2026-09-04 15:00:00+00:00,2026-09-06 18:00:00+00:00,Winter Gardens Blackpool,FY1 1HL,False
Rock N Roll Circus Festival Sheffield,2026-09-04,2026-09-04 11:00:00+00:00,2026-09-06 23:00:00+00:00,Don Valley Bowl,S9 5DP,False
Edge Fest,2026-09-04,2026-09-04 11:00:00+00:00,2026-09-06 23:00:00+00:00,Lilliardsedge Holiday Park,TD8 6TZ,False
The British Country Music Festival,2026-09-04,2026-09-04 11:00:00+00:00,2026-09-06 23:00:00+00:00,Winter Gardens Blackpool,FY1 1HL,False
Fantasy Forest Libertalia,2026-09-04,2026-09-04 16:00:00+00:00,2026-09-06 19:00:00+00:00,Hatfield House   Hatfield,AL9 5HX,False
Sound City Festival,2026-09-04,2026-09-04 11:00:00+00:00,2026-09-06 23:00:00+00:00,Forest Row,RH185ey,False
Moseley Folk & Arts Festival,2026-09-04,2026-09-04 11:00:00+00:00,2026-09-06 23:00:00+00:00,Moseley Park,B13 8DD,False
SOULTOWN - Festival 2026,2026-09-05,2026-09-05 12:00:00+00:00,2026-09-05 23:00:00+00:00,Croydon Road Recreation Ground,BR3 3PR,True
Love to be... festival 2026,2026-09-05,2026-09-05 12:00:00+00:00,2026-09-05 23:00:00+00:00,The Stray,HG2 8JR,True
Clubland Live On The Beach,2026-09-05,2026-09-05 14:30:00+00:00,2026-09-05 22:30:00+00:00,Weston Super Mare Beach,BS23 1AL,True
Aden Music Festival 2026,2026-09-05,2026-09-05 11:00:00+00:00,2026-09-05 23:00:00+00:00,"Aden Country Park, Mintlaw",AB42 5FQ,True
Opulence,2026-09-05,2026-09-05 13:00:00+00:00,2026-09-05 22:30:00+00:00,Lumley Castle,DH3 4NX,True
Westhoughton Cricket Club Festival 2026,2026-09-05,2026-09-05 12:00:00+00:00,2026-09-05 21:30:00+00:00,Westhoughton Cricket Club,BL5 2GG,True
The Bootleg Beatles ft. Live Orchestra | Nottingham Castle,2026-09-05,2026-09-05 18:00:00+00:00,2026-09-05 22:00:00+00:00,Nottingham Castle,NG1 6EL,True
Live In Inverurie,2026-09-05,2026-09-05 13:00:00+00:00,2026-09-05 23:00:00+00:00,Garioch Indoor Bowling Centre,AB51 4FR,True
"Summer Underground - Breakin Science, Jungle Mania, D&B Classics",2026-09-05,2026-09-05 14:00:00+00:00,2026-09-05 22:00:00+00:00,Eutopia Warehouse,IG11 0DW,True
FOMO Fest 2026,2026-09-05,2026-09-05 11:00:00+00:00,2026-09-05 22:00:00+00:00,Food Museum,IP14 1SL,True
Country Club - Outdoor Country Music Festival - Manchester,2026-09-05,2026-09-05 15:00:00+00:00,2026-09-05 22:00:00+00:00,Freight Island,M1 2PZ,True
Country Club - Outdoor Country Music Festival - Nottingham,2026-09-05,2026-09-05 15:00:00+00:00,2026-09-05 22:00:00+00:00,Binks Yard,NG2 3BJ,True
Jazz on Wick 2026,2026-09-05,2026-09-05 12:00:00+00:00,2026-09-05 22:30:00+00:00,Various Venues Hackney Wick,E9 5EF,True
House OF Eira - Castle Take-over Part II,2026-09-05,2026-09-05 12:00:00+00:00,2026-09-05 22:00:00+00:00,Gwrych Castle Preservation Trust Ltd,LL22 8ET,True
Bootle Country Music Festival,2026-09-05,2026-09-05 14:00:00+00:00,2026-09-05 22:00:00+00:00,Lock And Quay,L20 4AH,True
Garage Nation & House Nation Brick Lane Festival,2026-09-05,2026-09-05 15:00:00+00:00,2026-09-05 23:00:00+00:00,93 Feet East,E1 6QL,True
Casa,2026-09-05,2026-09-05 12:00:00+00:00,2026-09-05 23:00:00+00:00,Rodney Parade,NP19 0UU,True
Allday Indie - Open Air Outdoor Indie Festival - Cardiff,2026-09-05,2026-09-05 15:00:00+00:00,2026-09-05 22:00:00+00:00,Tiger Yard,CF10 4GA,True
U Fest - Birmingham - XOYO - Saturday 5th September,2026-09-05,2026-09-05 17:00:00+00:00,2026-09-05 23:00:00+00:00,XOYO,B9 4AG,True
Magic of Thailand Festival in London,2026-09-05,2026-09-05 10:00:00+00:00,2026-09-06 19:00:00+00:00,"Ealing Common, Uxbridge Road, London W5 3HN",W5 3HN,True
Hella Rock Festival,2026-09-05,2026-09-05 12:00:00+00:00,2026-09-05 23:45:00+00:00,HMV EMPIRE COVENTRY,CV1 1LF,True
Summer Outdoor Garage Festival - Studio 338 London,2026-09-05,2026-09-05 14:00:00+00:00,2026-09-05 22:00:00+00:00,Studio 338,SE10 0PF,True
R&B Lovers - Saturday 5th September - Horizon Brighton,2026-09-05,2026-09-05 15:00:00+00:00,2026-09-05 21:00:00+00:00,Horizon,BN1 1NB,True
MoultStone Festival,2026-09-05,2026-09-05 12:00:00+00:00,2026-09-05 22:30:00+00:00,NN6 0AB,NN6 0AB,True
RNB MANIA | Brighton's R&B Festival,2026-11-21,2026-09-05 15:00:00+00:00,2026-09-05 21:00:00+00:00,Quarters Brighton,BN1 1NB,True
BeatMasters Outdoor Music Festival,2026-09-05,2026-09-05 12:00:00+00:00,2026-09-05 22:00:00+00:00,East Park Hull,HU8 8LR,True
BEDFORD STREET RUM & REGGAE FESTIVAl,2026-09-05,2026-09-05 13:00:00+00:00,2026-09-05 22:30:00+00:00,Bedford Street,CV32 5DY,True
Essential Saturday's,2026-09-05,2026-09-05 14:00:00+00:00,2026-09-05 22:00:00+00:00,Boston Brothers @ DN31 Grimsby,DN31 1DG,True
Street Eat N Beats Festival 2026,2027-09-11,2026-09-05 12:00:00+00:00,2026-09-05 22:30:00+00:00,"Central Park, Chelmsford",Cm2 0RW,True
Remember Them Dayz Fest - Birmingham - XOYO,2026-09-05,2026-09-05 18:00:00+00:00,2026-09-05 23:00:00+00:00,XOYO,B9 4AG,True
Traco Charity Beer Festival,2026-09-05,2026-09-05 00:00:00+00:00,2026-09-05 21:00:00+00:00,Aldershot Traction Club,GU11 3NE,True
Oracle-Club Vega,2026-09-05,2026-09-05 21:00:00+00:00,2026-09-06 03:00:00+00:00,Club Vega,HU9 1BY,True
Manchester Psych Festival,2026-09-05,2026-09-05 12:00:00+00:00,2026-09-05 23:30:00+00:00,Various Venues Around Manchester,M1 5QR,True
The George Harrison Project,2026-09-05,2026-09-05 19:30:00+00:00,2026-09-05 22:00:00+00:00,The Civic   Brierley HIl.,DY5 3DA,True
We Are Family Festival 2026,2026-09-06,2026-09-06 12:00:00+00:00,2026-09-06 20:00:00+00:00,Croydon Road Recreation Ground,BR3 3PR,True
Martin Kemp's Back to the 80s DJ Set | Nottingham Castle,2026-09-06,2026-09-06 17:30:00+00:00,2026-09-06 22:00:00+00:00,Nottingham Castle,NG1 6EL,True
Shirley Social - Sunday 6th September,2026-09-06,2026-09-06 10:00:00+00:00,2026-09-06 18:00:00+00:00,Shirley Park,B90 3AL,True
We Love it Outdoor Tribute Festival Hull September- 2026,2026-09-06,2026-09-06 12:00:00+00:00,2026-09-06 22:00:00+00:00,East Park Hull,HU8 8LR,True
Willenhall Lock Stock,2026-09-06,2026-09-06 11:00:00+00:00,2026-09-06 21:00:00+00:00,Willenhall Memorial Park,WV13 2PW,True
Edinburgh Psych Fest,2026-09-06,2026-09-06 11:00:00+00:00,2026-09-06 23:00:00+00:00,Various Venues Across Edinburgh,EH1 1AB,True
Mucky Weekender Festival 2026,2026-09-10,2026-09-10 14:00:00+00:00,2026-09-13 02:00:00+00:00,Vicarage Farm,SO21 3BL,False
Onboard the Craft 2026,2026-09-10,2026-09-10 16:00:00+00:00,2026-09-13 01:00:00+00:00,Stoke Prior Sports  And  Country Club,B60 4AL,False
Retrospective Festival 2026,2026-09-11,2026-09-11 17:00:00+00:00,2026-09-11 23:00:00+00:00,Sherdley Park,WA9 5DE,False
Campfire Country Music Festival,2026-09-11,2026-09-11 15:00:00+00:00,2026-09-11 22:00:00+00:00,Charlton Park,SN16 9RU,False
Save The Rave X Future Headliners,2026-09-11,2026-09-11 11:00:00+00:00,2026-09-11 22:00:00+00:00,Royal Cornwall Showground,PL27 7JE,False
The Big Retreat Festival,2026-09-11,2026-09-11 09:00:00+00:00,2026-09-13 23:00:00+00:00,Abbots Ripton,PE28 2PH,False
FeastyFest 2026,2026-09-12,2026-09-12 11:00:00+00:00,2026-09-13 20:30:00+00:00,"Cheam Park, Sutton, Surrey, SM3 8BP",SM3 8BP,True
FLY Festival Edinburgh 2026,2026-09-12,2026-09-12 13:00:00+00:00,2026-09-13 22:00:00+00:00,Ross Bandstand,EH2 3AA,True
RUN All Day 2026,2026-09-12,2026-09-12 13:00:00+00:00,2026-09-12 22:00:00+00:00,Sawmills,BS5 0TN,True
Heyside Cricket Club Festival 2026,2026-09-12,2026-09-12 12:00:00+00:00,2026-09-12 21:30:00+00:00,Heyside Cricket Club,OL2 6ND,True
Run Away presents OUT RUN FESTIVAL,2026-09-12,2026-09-12 12:00:00+00:00,2026-09-12 22:30:00+00:00,Kent County Showground,ME14 3JF,True
"Save The Rave: Old Skool Outdoor Festival, Cornwall 2026",2026-09-12,2026-09-12 12:00:00+00:00,2026-09-12 22:00:00+00:00,Royal Cornwall Showground,PL27 7JE,True
Betley Boogie Farm 2026!,2026-09-12,2026-09-12 14:00:00+00:00,2026-09-12 22:30:00+00:00,Betley Court Farm,CW3 9BH,True
Country on the Castle - Tonbridge,2026-09-12,2026-09-12 14:00:00+00:00,2026-09-12 22:00:00+00:00,Tonbridge Castle,TN9 1BG,True
Isle Of Wight Dance Weekender - Summer Closing Party,2026-09-12,2026-09-12 12:00:00+00:00,2026-09-12 23:45:00+00:00,Robin Hill Advenutre Park,PO30 2NU,True
Allday Indie Outdoor Festival - Birmingham,2026-09-12,2026-09-12 15:00:00+00:00,2026-09-12 22:00:00+00:00,Luna Springs Digbeth ,B9 4AG,True
Reminisce Festival 2026,2026-09-12,2026-09-12 12:00:00+00:00,2026-09-12 23:00:00+00:00,Sherdley Park,WA9 5DE,True
Road to Nashville Indoor Rodeo Show | MECA,2026-09-12,2026-09-12 14:00:00+00:00,2026-09-12 22:00:00+00:00,Meca Swindon,SN1 1PR,True
"RNB MANIA | Birmingham, Under The Arches | R&B Fest",2026-09-12,2026-09-12 15:00:00+00:00,2026-09-12 23:00:00+00:00,LAB11,B5 5NL,True
The Garage Garden at Halleys Comet,2026-09-12,2026-09-12 13:00:00+00:00,2026-09-12 23:45:00+00:00,Halleys Comet,MK13 7AW,True
Country Club -  Country Music Terrace Party- Bournemouth,2026-09-12,2026-09-12 15:00:00+00:00,2026-09-12 22:00:00+00:00,Aruba Bar And Restaurant,BH2 5AA,True
"Rhinestone Fest: London, September 12th",2026-09-12,2026-09-12 17:00:00+00:00,2026-09-12 23:00:00+00:00,Between The Bridges,SE1 8XX,True
Other Worlds Festival,2026-09-12,2026-09-12 15:30:00+00:00,2026-09-12 23:30:00+00:00,The Hobbit,SO14 0JZ,True
BeatMasters Outdoor Music Festival,2026-09-12,2026-09-12 12:00:00+00:00,2026-09-12 22:00:00+00:00,Charlton Park,SN16 9RU,True
OVER 30's CLUB - Daytime Open Air Festival - Nottingham,2026-09-12,2026-09-12 15:00:00+00:00,2026-09-12 22:00:00+00:00,Binks Yard,NG2 3BJ,True
WildStyle Radio Festival,2026-09-12,2026-09-12 11:00:00+00:00,2026-09-12 23:00:00+00:00,Higginson Park ,SL7 2AE,True
Next Wave,2026-09-12,2026-09-12 15:00:00+00:00,2026-09-12 23:00:00+00:00,Bootleg Social ,FY1 3AQ,True
FOMO Multi Genre Music Festival,2026-09-12,2026-09-12 12:00:00+00:00,2026-09-12 23:00:00+00:00,The Rainton Arena,DH4 5PH,True
Girls Like R&B - Summer Open-Air Festival - Sat 12th September,2026-09-12,2026-09-12 15:00:00+00:00,2026-09-12 22:00:00+00:00,LDN EAST,E16 4SH,True
Sonic Boom,2026-09-12,2026-09-12 11:00:00+00:00,2026-09-12 23:00:00+00:00,Market Place Burton On Trent DE14 1HA.,DE14 1HA,True
Waterworks Festival,2026-09-12,2026-09-12 10:00:00+00:00,2026-09-12 23:00:00+00:00,Gunnersbury Park,W3 8LQ,True
DogFest on the Farm,2026-09-12,2026-09-12 09:30:00+00:00,2026-09-13 16:30:00+00:00,Harewood House,LS17 9LG,True
Down At The Abbey,2026-09-12,2026-09-12 11:00:00+00:00,2026-09-13 23:00:00+00:00,Reading Abbey Ruins,RG1 3HW,True
Allo Allo Weekend,2026-09-12,2026-09-12 14:00:00+00:00,2026-09-13 11:00:00+00:00,"Moore Place Hotel, BW Signature Collection, UK",MK17 8DW,True
Raver Tots Outdoor Festival Hertfordshire,2026-09-13,2026-09-13 13:00:00+00:00,2026-09-13 18:00:00+00:00,Berkhamsted Cricket Club,HP4 1HE,True
We Love it Outdoor Tribute Festival Malmsbury - September 2026,2026-09-13,2026-09-13 12:00:00+00:00,2026-09-13 22:00:00+00:00,Charlton Park Estate,SN16 9LL,True
One More Jam 2026,2026-09-13,2026-09-13 14:00:00+00:00,2026-09-13 22:00:00+00:00,Eutopia Whs,IG11 0DW,True
Equinox Festival 2026,2026-09-17,2026-09-17 12:00:00+00:00,2026-09-21 23:00:00+00:00,Scholey Park,LN4 4PD,False
Morecambe Poetry Festival 2026 18th to 20th September,2026-09-18,2026-09-18 19:00:00+00:00,2026-09-20 23:00:00+00:00,Morecambe Winter Gardens,LA4 4BU,False
Staithes Country Music Weekender,2026-09-18,2026-09-18 13:00:00+00:00,2026-09-19 23:45:00+00:00,Staithes Athletic Club,TS13 5AY,False
Sounds of the 60s,2026-09-18,2026-09-18 19:30:00+00:00,2026-09-18 22:00:00+00:00,"Verwood Hub, UK",BH31 7QE,False
Bats in the Attic 2026,2026-09-18,2026-09-18 18:30:00+00:00,2026-09-20 02:00:00+00:00,Alhambra Live,LA4 4EU,False
Complete Stone Roses Live In The Big Top,2026-09-19,2026-09-19 13:00:00+00:00,2026-09-19 23:00:00+00:00,Queens Park Recreation,G42 8QR,True
Leigh Cricket club Festival 2026,2026-09-19,2026-09-19 12:00:00+00:00,2026-09-19 21:30:00+00:00,Leigh Cricket Club,WN7 3LH,True
The History of Jungle - CARDIFF,2026-09-19,2026-09-19 14:00:00+00:00,2026-09-19 23:00:00+00:00,Depot,CF10 5DF,True
Trancecoda & Groovebox pres. Shine Open Air with Paul van Dyk,2026-09-19,2026-09-19 14:00:00+00:00,2026-09-19 22:00:00+00:00,Binks Yard,NG2 3BJ,True
Send it 100! @ Pitt St. Skatepark,2026-09-19,2026-09-19 11:00:00+00:00,2026-09-20 23:00:00+00:00,Pitt St Skatepark,PO1 4AY,True
PAUL VAN DYK Open Air | Trancecoda X Groovebox X Shine at Binks,2026-09-19,2026-09-19 14:00:00+00:00,2026-09-19 22:00:00+00:00,Binks Yard,NG2 3BJ,True
Colne Cricket Club Music Festival 2026,2026-09-19,2026-09-19 12:00:00+00:00,2026-09-19 20:00:00+00:00,Colne Cricket Club,BB8 0RF,True
Sex Pistols Exposé/ Lizzie & The Banshees/ Clashed/ Damned Ruts,2026-09-19,2026-09-19 17:00:00+00:00,2026-09-20 01:00:00+00:00,Leeds Irish Centre,LS9 9NT,True
RNB MANIA | Hertford's R&B Festival,2026-09-19,2026-09-19 15:00:00+00:00,2026-09-19 23:00:00+00:00,"Dog And Whistle, Hertford",SG14 1AB,True
LEGACY outdoors summer closing party,2026-09-19,2026-09-19 14:00:00+00:00,2026-09-19 23:00:00+00:00,Eutopia,IG11 0DW,True
Back To The 90s Festival - Saturday 19th Sept - O2 Academy,2026-09-19,2026-09-19 19:00:00+00:00,2026-09-20 00:00:00+00:00,O2 Academy Bournemouth,BH1 4BH,True
Soultrane Festival,2026-09-19,2026-09-19 19:00:00+00:00,2026-09-20 00:00:00+00:00,Mandela Hall,BT7 1NF,True
Cookout - Rooftop Festival - Birmingham - XOYO,2026-09-26,2026-09-19 16:00:00+00:00,2026-09-19 22:00:00+00:00,XOYO Rooftop,B9 4AG,True
Allo Allo Weekend,2026-09-19,2026-09-19 14:00:00+00:00,2026-09-20 11:00:00+00:00,Mercure Gloucester Bowden Hall Hotel,GL4 8ED,True
Garristonbury 26,2026-09-20,2026-09-20 14:00:00+00:00,2026-09-20 22:30:00+00:00,The Garrison Barnsley,S70 2HZ,True
Liverpool Independent Freshers Fair 2026,2026-09-22,2026-09-22 11:00:00+00:00,2026-09-22 17:00:00+00:00,Einstein Bier Haus,L1 4AN,False
Deepdale Festival,2026-09-24,2026-09-24 17:00:00+00:00,2026-09-27 22:30:00+00:00,Deepdale Camping And Rooms,PE31 8DD,False
St George's Hall Beer Festival,2026-09-24,2026-09-24 16:00:00+00:00,2026-09-27 18:00:00+00:00,St George's Hall,L1 1JJ,False
Unfussy Festival: Morgan Seatree,2026-09-25,2026-09-25 15:00:00+00:00,2026-09-25 23:00:00+00:00,Gateshead International Stadium,NE10 0EF,False
Origins Festival,2026-09-25,2026-09-25 18:00:00+00:00,2026-09-26 23:30:00+00:00,Hereford Racecourse Roman Road Hereford HR4 9QU,HR4 9QU,False
Nottingham's Summer Fiesta 2026 | VAMOS X LA BOMBA | Binks Yard,2026-09-25,2026-09-25 16:00:00+00:00,2026-09-25 22:00:00+00:00,Binks Yard,NG2 3BJ,False
"Beyond Boundaries w/ Max Dean, Hybrid Minds, MK, Wilkinson +more",2026-09-26,2026-09-26 12:00:00+00:00,2026-09-26 22:00:00+00:00,Stanmer Park,BN1 9SE,True
Second Speed Accelerate Festival 2026,2026-09-26,2026-09-26 13:00:00+00:00,2026-09-26 23:00:00+00:00,Gateshead International Stadium,NE10 0EF,True
Ramsbottom Cricket Club Festival 2026,2026-09-26,2026-09-26 12:00:00+00:00,2026-09-26 21:30:00+00:00,Ramsbottom Cricket Club,BL0 0AT,True
Road to Nashville Indoor Rodeo Show | LAB11,2026-09-26,2026-09-26 14:00:00+00:00,2026-09-26 22:00:00+00:00,LAB11,B5 5NL,True
MCR ROCKS Family Festival 2026,2026-09-26,2026-09-26 00:00:00+00:00,2026-09-26 22:00:00+00:00,Clifton Cricket Club,M27 6NB,True
RNB MANIA | Newcastle's R&B Festival,2026-09-26,2026-09-26 15:00:00+00:00,2026-09-26 21:00:00+00:00,NX Newcastle,NE1 1SW,True
Cookout - Rooftop Festival - Birmingham - XOYO,2026-09-26,2026-09-26 16:00:00+00:00,2026-09-26 22:00:00+00:00,XOYO Rooftop,B9 4AG,True
"Oktoberfest | SWG3, Glasgow",2026-09-26,2026-09-26 12:00:00+00:00,2026-09-26 22:30:00+00:00,SWG3,G3 8QG,True
Allday Indie Indoor Festival - Margate,2026-09-26,2026-09-26 15:00:00+00:00,2026-09-26 20:00:00+00:00,Dreamland,CT9 1XJ,True
RNB MANIA | Southampton's R&B Festival,2026-09-26,2026-09-26 15:00:00+00:00,2026-09-26 21:00:00+00:00,EngineRooms,SO15 1GZ,True
R&B Rooftop Party - Saturday 26th September - Freight Brixton,2026-09-26,2026-09-26 17:00:00+00:00,2026-09-26 23:00:00+00:00,Freight Brixton,SW9 8JH,True
Founded On The Beach - Brighton,2026-09-26,2026-09-26 15:00:00+00:00,2026-09-26 22:00:00+00:00,Horizon,BN1 1NB,True
Homobloc 2026,2026-09-26,2026-09-26 17:00:00+00:00,2026-09-27 04:00:00+00:00,Depot Mayfield,M1 2PY,True
Float Along Festival,2026-09-26,2026-09-26 11:00:00+00:00,2026-09-26 23:00:00+00:00,"Various Venues, Sheffield",S2 2BT,True
Clubland Live Weekender 2026,2026-10-02,2026-10-02 18:00:00+00:00,2026-10-04 00:00:00+00:00,Winter Gardens,FY1 1HL,False
Woodland Dance Project - Edinburgh 2026,2026-10-03,2026-10-03 12:00:00+00:00,2026-10-03 23:00:00+00:00,Vogrie Country Park,EH23 4NU,True
"Oktoberfest | LiveHouse, Dundee | SATURDAY",2026-10-03,2026-10-03 12:00:00+00:00,2026-10-03 21:00:00+00:00,Live House Dundee,DD1 4EH,True
Country Club - Country Festival - Xoyo - Birmingham,2026-10-03,2026-10-03 17:00:00+00:00,2026-10-03 23:00:00+00:00,XOYO,B9 4AG,True
RAISE YOUR HORN FESTIVAL Saturday 03/10/26,2026-10-03,2026-10-03 15:30:00+00:00,2026-10-03 23:00:00+00:00,The Assembly Leamington,CV31 3NF,True
Cheshire Guitar Show,2026-10-04,2026-10-04 10:00:00+00:00,2026-10-04 15:00:00+00:00,Crewe Alexandra  Crewe CW2 6EB,CW2 6EB,True
Beyond The Music 2026,2026-10-07,2026-10-07 09:00:00+00:00,2026-10-09 23:45:00+00:00,Media City UK,M50 2eq,False
The Searchers and Hollies Experience,2026-10-08,2026-10-08 19:30:00+00:00,2026-10-08 22:00:00+00:00,Artrix,B60 1GN,False
SOS Weekender 2026,2026-10-09,2026-10-09 15:00:00+00:00,2026-10-11 03:00:00+00:00,Last Drop Village Hotel and Spa,BL7 9PZ,False
GLUESNORT: The Friday Night,2026-10-09,2026-10-09 19:30:00+00:00,2026-10-09 23:00:00+00:00,The Cab   Newport,NP20 4AB,False
Oktoberfest on the Common - Friday 9th Oct 2026,2026-10-09,2026-10-09 17:00:00+00:00,2026-10-09 23:00:00+00:00,Clapham Common,SW4 9AT,False
The Searchers and Hollies Experience,2026-10-09,2026-10-09 19:30:00+00:00,2026-10-09 22:00:00+00:00,The Terry O'Toole Theatre,LN6 9AX,False
Sounds of the 60s with The Zoots,2026-10-09,2026-10-09 19:30:00+00:00,2026-10-09 22:00:00+00:00,Cornerstone Arts Centre,OX11 7NE,False
"Girls Night Out | Freight Island, Manchester",2026-10-10,2026-10-10 14:00:00+00:00,2026-10-10 22:00:00+00:00,Freight Island,M1 2PZ,True
"Oktoberfest | Ultra Warehouse, Derby",2026-10-10,2026-10-10 13:00:00+00:00,2026-10-10 23:00:00+00:00,Ultra Warehouse,DE21 6HA,True
GLUESNORT: The Saturday,2026-10-10,2026-10-10 14:00:00+00:00,2026-10-10 23:00:00+00:00,LePub,NP20 1fw,True
Tigerfest 2026 Saturday/Sunday Combo,2026-10-10,2026-10-10 16:00:00+00:00,2026-10-11 20:00:00+00:00,The Rigger,ST5 1BT,True
Tigerfest 2026,2026-10-10,2026-10-10 16:00:00+00:00,2026-10-10 23:00:00+00:00,The Rigger Venue,ST5 1BT,True
Oktoberfest on the Common - Evening session - Sat 10th Oct 2026,2026-10-10,2026-10-10 18:00:00+00:00,2026-10-10 23:00:00+00:00,Clapham Common,SW4 9AT,True
Oktoberfest on the Common - Day session - Saturday 10th Oct 2026,2026-10-10,2026-10-10 11:00:00+00:00,2026-10-10 16:00:00+00:00,Clapham Common,SW4 9AT,True
The George Harrison Project,2026-10-10,2026-10-10 19:30:00+00:00,2026-10-10 22:00:00+00:00,The Seagull Theatre ,NR33 0JH,True
Allday Indie Indoor Festival - Liverpool,2026-10-10,2026-10-10 16:00:00+00:00,2026-10-10 21:00:00+00:00,Camp And Furnace,L1 0BY,True
Tigerfest 2026 Sunday Acoustic Wind Down,2026-10-11,2026-10-11 15:30:00+00:00,2026-10-11 20:00:00+00:00,The Artisan Tap,ST4 6AF,True
Goth City Festival 2026,2026-10-12,2026-10-12 19:30:00+00:00,2026-10-18 02:00:00+00:00,Leeds City Centre,LS1 4AF,False
The Golden Age of Brazilian Music - Live @The Blakehay Theatre,2026-10-13,2026-10-13 19:30:00+00:00,2026-10-13 21:00:00+00:00,The Blakehay Theatre,BS2 1JZ,False
The Searchers and Hollies Experience,2026-10-14,2026-10-14 19:30:00+00:00,2026-10-14 22:00:00+00:00,Norden Farm Centre For The Arts.,SL6 4PF,False
The Searchers and Hollies Experience,2026-10-15,2026-10-15 19:30:00+00:00,2026-10-15 22:00:00+00:00,"The Landmark Theatre, UK",EX34 9BZ,False
Sŵn Festival,2026-10-15,2026-10-15 11:00:00+00:00,2026-10-17 23:00:00+00:00,Cardiff City Centre,CF1 2hq,False
"Oktoberfest | Binks Yard, Nottingham",2026-10-16,2026-10-16 17:30:00+00:00,2026-10-17 22:00:00+00:00,Binks Yard,NG2 3BJ,False
"Future Days w/ Working Men's Club, Ulrika Spacek & more",2026-10-16,2026-10-16 19:00:00+00:00,2026-10-16 23:30:00+00:00,The Crossing Digbeth,B5 5SU,False
Oktoberfest on the Common - Friday 16th Oct 2026,2026-10-16,2026-10-16 17:00:00+00:00,2026-10-16 23:00:00+00:00,Clapham Common,SW4 9AT,False
Sounds of the 60s with The Zoots,2026-10-16,2026-10-16 19:30:00+00:00,2026-10-16 22:00:00+00:00,The Beehive,EX14 1LZ,False
"Future Days w/ Adult DVD, Gans, Pebbledash, Personal Trainer +",2026-10-17,2026-10-17 15:00:00+00:00,2026-10-17 23:30:00+00:00,The Crossing Digbeth,B5 5SU,True
"Oktoberfest | Boxpark, Liverpool",2026-10-17,2026-10-17 12:00:00+00:00,2026-10-17 22:00:00+00:00,Boxpark Liverpool,L8 5XJ,True
Oktoberfest on the Common - Day session - Saturday 17th Oct 2026,2026-10-17,2026-10-17 11:00:00+00:00,2026-10-17 16:00:00+00:00,Clapham Common,SW4 9AT,True
Oktoberfest on the Common - Evening session - Sat 17th Oct 2026,2026-10-17,2026-10-17 18:00:00+00:00,2026-10-17 23:00:00+00:00,Clapham Common,SW4 9AT,True
Allday Indie Indoor Festival - London,2026-10-17,2026-10-17 17:00:00+00:00,2026-10-17 22:00:00+00:00,Boxpark Wembley,HA9 0JT,True
Sounds of the 60s,2026-10-17,2026-10-17 19:30:00+00:00,2026-10-17 22:00:00+00:00,Cheltenham Playhouse Theatre,GL53 7HG,True
Circu5 at Summer's End Festival,2026-10-18,2026-10-18 12:00:00+00:00,2026-10-18 22:30:00+00:00,Chepstow Drill Hall,NP16 5HJ,True
Rock am River 2026,2026-10-23,2026-10-23 17:15:00+00:00,2026-10-24 22:15:00+00:00,The New Continental,PR1 8JP,False
Oktoberfest on the Common - Friday 23rd Oct 2026,2026-10-23,2026-10-23 17:00:00+00:00,2026-10-23 23:00:00+00:00,Clapham Common,SW4 9AT,False
Mutations Festival,2026-10-23,2026-10-23 11:00:00+00:00,2026-10-24 23:00:00+00:00,"Multiple Venues, Brighton",BN1 1NJ,False
Inverness Goes Large!,2026-10-24,2026-10-24 15:00:00+00:00,2026-10-24 23:00:00+00:00,Inverness Leisure Centre,IV3 5SS,True
"Oktoberfest | Keele SU, Stoke | SATURDAY",2026-10-24,2026-10-24 15:00:00+00:00,2026-10-25 00:30:00+00:00,Keele SU (Keele University Students' Union),ST5 5BJ,True
Oktoberfest on the Common - Evening session - Sat 24th Oct 2026,2026-10-24,2026-10-24 18:00:00+00:00,2026-10-24 23:00:00+00:00,Clapham Common,SW4 9AT,True
Oktoberfest on the Common - Day session - Saturday 24th Oct 2026,2026-10-24,2026-10-24 11:00:00+00:00,2026-10-24 16:00:00+00:00,Clapham Common,SW4 9AT,True
Margate Rock Festival,2026-10-24,2026-10-24 11:00:00+00:00,2026-10-24 23:00:00+00:00,Dreamland,CT9 1XJ,True
Sounds of the 70s,2026-10-29,2026-10-29 20:00:00+00:00,2026-10-29 22:00:00+00:00,The Spring Arts And Heritage Centre,PO9 1BS,False
Second Speed Accelerate: VIEZE ASBAK  (ALL DAY LONG),2026-10-30,2026-10-30 16:30:00+00:00,2026-10-30 23:00:00+00:00,Gateshead International Stadium,NE10 0EF,False
FearFest 2026,2026-10-30,2026-10-30 17:00:00+00:00,2026-10-31 02:00:00+00:00,Sheffield TBA (Venue Announced Soon),S60 1DD,False
Revenant IV - Whitby Goth Weekend (WGW) - Autumn,2026-10-30,2026-10-30 18:00:00+00:00,2026-11-01 23:45:00+00:00,Royal Hotel Whitby,YO21 3HA,False
Tomorrow's Ghosts Festival,2026-10-30,2026-10-30 11:00:00+00:00,2026-10-31 23:00:00+00:00,Whitby Pavilion,YO21 3EN,False
Run Away Halloween 2026 - Chelmsford Racecourse Essex,2026-10-31,2026-10-31 12:00:00+00:00,2026-10-31 22:30:00+00:00,Chelmsford Racecourse,CM3 1QP,True
Ben Hemsley & Ewan McVicar Halloween Day -  Newcastle,2026-10-31,2026-10-31 13:30:00+00:00,2026-10-31 23:00:00+00:00,Gateshead Stadium,NE10 0EF,True
Sidewinder Halloween Festival 2026,2026-10-31,2026-10-31 16:00:00+00:00,2026-11-01 04:00:00+00:00,Bowlers Exhibition Centre,M17 1SN,True
Zombie Fest 9 - East Anglia's Biggest Indoor Halloween Festival,2026-10-31,2026-10-31 15:00:00+00:00,2026-10-31 23:00:00+00:00,"Cambridge Junction, England",CB1 7GX,True
Deaf Rave Festival 2026 - Daytime,2026-10-31,2026-10-31 11:00:00+00:00,2026-10-31 17:00:00+00:00,Rich Mix,E1 6LA,True
Sex Pistols Exposé/Lizzie & The Banshees/Clashed/We'll be Damned,2026-10-31,2026-10-31 17:00:00+00:00,2026-10-31 23:45:00+00:00,The Hairy Dog,DE1 1HT,True
ScareFest 2026 - Silent Disco,2026-10-31,2026-10-31 16:00:00+00:00,2026-10-31 22:00:00+00:00,Hangar 34,L1 0BS,True
Rabidfest,2026-10-31,2026-10-31 11:00:00+00:00,2026-11-01 23:00:00+00:00,The Bullingdon,OX4 1UE,True
Pitchfork Music Festival London,2026-11-02,2026-11-02 11:00:00+00:00,2026-11-08 23:00:00+00:00,"Multiple Venues, London",SW18 2DY,False
Hard Rock Hell,2026-11-04,2026-11-04 11:00:00+00:00,2026-11-08 23:00:00+00:00,Vauxhall Holiday Park,NR30 1TB,False
We Call it Dance Weekender,2026-11-06,2026-11-06 14:00:00+00:00,2026-11-09 10:00:00+00:00,Butlins,PE25 1NJ,False
"Whitby Blues, Rhythm & Rock Festival",2026-11-06,2026-11-06 11:00:00+00:00,2026-11-08 23:00:00+00:00,Whitby Pavilion,YO21 3EN,False
All Back To Minehead,2026-11-06,2026-11-06 11:00:00+00:00,2026-11-09 23:00:00+00:00,Butlins Resort,TA24 5SH,False
Damnation 2026,2026-11-07,2026-11-07 11:00:00+00:00,2026-11-08 23:45:00+00:00,BEC Arena,M17 1SN,True
Exchange Takeover,2026-11-07,2026-11-07 12:30:00+00:00,2026-11-07 22:00:00+00:00,Exchange Bristol,BS2 0EJ,True
Reading Rising 2026,2026-11-07,2026-11-07 12:00:00+00:00,2026-11-08 23:00:00+00:00,The FaceBar,RG1 7JE,True
Shiiine On Weekender - Minehead,2026-11-13,2026-11-13 11:00:00+00:00,2026-11-15 23:00:00+00:00,Butlins Minehead Resort,TA24 5SH,False
EFG London Jazz Festival,2026-11-18,2026-11-18 11:00:00+00:00,2026-11-22 23:00:00+00:00,Southbank Centre,SE1 8XX,False
Loud & Clear,2026-11-21,2026-11-21 15:00:00+00:00,2026-11-21 23:00:00+00:00,Multiple Venues,L1 4BE,True
RNB MANIA | Brighton's R&B Festival,2026-11-21,2026-11-21 15:00:00+00:00,2026-11-21 21:00:00+00:00,Quarters Brighton,BN1 1NB,True
Lincs Fest,2026-11-27,2026-11-27 18:00:00+00:00,2026-11-27 23:00:00+00:00,The Engine Shed,LN6 7TS,False
Novacaine Festival 2026,2026-11-28,2026-11-28 13:00:00+00:00,2026-11-28 23:00:00+00:00,Corporation Sheffield,S1 4JU,True
The George Harrison Project,2026-11-28,2026-11-28 19:30:00+00:00,2026-11-28 22:00:00+00:00,"The Mill Arts Centre, Banbury",OX16 5QE,True
The George Harrison Project,2026-11-29,2026-11-29 18:00:00+00:00,2026-11-29 20:30:00+00:00,The Exchange ,TW1 1BE,True
Strictly Bangerz Indoor Winter Festival,2026-12-04,2026-12-04 21:00:00+00:00,2026-12-05 03:00:00+00:00,SWG3,G3 8QG,False
Sounds of the 70s,2026-12-04,2026-12-04 19:30:00+00:00,2026-12-04 22:00:00+00:00,The Regent Christchurch,BH23 1AS,False
Bloodstock Winter Gathering,2026-12-05,2026-12-05 11:00:00+00:00,2026-12-05 23:00:00+00:00,KK's Steel Mill,WV2 4DU,True
The Ho Ho Hoedown 2026 - Country Christmas Festival,2026-12-11,2026-12-11 14:45:00+00:00,2026-12-13 04:00:00+00:00,Norbreck Castle Hotel,FY2 9AA,False
"VIOLENT NIGHT - The Bread Shed, Manchester",2026-12-12,2026-12-12 12:00:00+00:00,2026-12-13 22:30:00+00:00,The Bread Shed,M1 7HL,True
Christmas Brunch Festival,2026-12-12,2026-12-12 11:30:00+00:00,2026-12-12 15:00:00+00:00,BALLIN' Maidstone,ME14 1SD,True
The George Harrison Project,2026-12-12,2026-12-12 19:30:00+00:00,2026-12-12 22:00:00+00:00,The Stag Plaza,TN13 1ZZ,True
The Christmas Tree Murder Mystery,2026-12-13,2026-12-13 19:00:00+00:00,2026-12-13 22:30:00+00:00,ARTA,G1 1PA,True
Moon Festival 2026 [New Year's Eve],2026-12-31,2026-12-31 18:00:00+00:00,2027-01-01 03:00:00+00:00,Sawmills,BS5 0TN,False
The George Harrison Project,2027-01-16,2027-01-16 19:30:00+00:00,2027-01-16 22:00:00+00:00,"Millfield Theatre, UK",N18 1PJ,True
The George Harrison Project,2027-01-22,2027-01-22 19:30:00+00:00,2027-01-22 22:00:00+00:00,Guildhall Arts Centre,NG31 6PZ,False
OUTLOUD! Festival - Manchester,2027-01-23,2027-01-23 14:30:00+00:00,2027-01-23 22:00:00+00:00,The Deaf Institute,M1 7HE,True
Rock the Gardens,2027-01-29,2027-01-29 11:00:00+00:00,2027-01-30 23:00:00+00:00,Winter Gardens Blackpool,FY1 1HL,False
The George Harrison Project,2027-01-30,2027-01-30 19:30:00+00:00,2027-01-30 22:00:00+00:00,The Deco,NN1 4AE,True
Sounds of the 60s,2027-02-12,2027-02-12 19:30:00+00:00,2027-02-12 22:00:00+00:00,The Lights,SP10 1AH,False
60's & 70's Music Weekender,2027-03-05,2027-03-05 18:30:00+00:00,2027-03-07 23:00:00+00:00,Shorefield Caravan Park,SO41 0LH,False
Southport Weekender,2027-03-05,2027-03-05 11:00:00+00:00,2027-03-07 23:00:00+00:00,Butlins Bognor Regis Resort,PO21 1JJ,False
Hospitality Weekender 2027,2027-03-12,2027-03-12 14:00:00+00:00,2027-03-15 10:00:00+00:00,Butlins Bognor Regis Resort,PO21 1JJ,False
Country to Country - Manchester,2027-03-12,2027-03-12 11:00:00+00:00,2027-03-14 23:00:00+00:00,Manchester AO Arena,M1 1AD,False
Country to Country - Glasgow,2027-03-12,2027-03-12 11:00:00+00:00,2027-03-14 23:00:00+00:00,OVO Hydro,G3 8YW,False
Country to Country - London,2027-03-12,2027-03-12 11:00:00+00:00,2027-03-14 23:00:00+00:00,The O2,SE10 0DX,False
Manchester Punk Festival,2027-03-26,2027-03-26 11:00:00+00:00,2027-03-28 23:00:00+00:00,"Multiple Venues, Northern Quarter",M4 1HP,False
Stockton Callilng,2027-03-27,2027-03-27 11:00:00+00:00,2027-03-27 23:00:00+00:00,ARC Stockton Arts Centre,TS18 1LL,True
Scarborough Punk Festival,2027-04-03,2027-04-03 11:00:00+00:00,2027-04-04 23:00:00+00:00,Scarborough Spa,YO11 2HD,True
This Feeling By The Sea,2027-04-09,2027-04-09 15:00:00+00:00,2027-04-10 23:00:00+00:00,Bridlington Spa,YO15 3JH,False
Jack up the 60s,2027-04-17,2027-04-17 19:30:00+00:00,2027-04-17 22:00:00+00:00,"Shanklin Theatre, UK",PO37 6AJ,True
Bonfest 2027,2027-04-30,2027-04-30 11:00:00+00:00,2027-05-02 23:00:00+00:00,Bonfest Festival Site Kirriemuir DD8 5PU,DD8 5PU,False
Live in Loch Goil 2027,2027-04-30,2027-04-30 17:00:00+00:00,2027-05-02 22:30:00+00:00,Lochgoilhead Village Hall,PA24 8AQ,False
Blackpool Young Farmers DIY AGM 2027,2027-04-30,2027-04-30 12:00:00+00:00,2027-05-02 22:00:00+00:00,Olympia Winter Gardens,FY1 1HL,False
Shuffley Daze Music Festival,2027-04-30,2027-04-30 11:00:00+00:00,2027-05-03 13:00:00+00:00,Three Pools,NP7 8NL,False
Teddy Rocks Festival,2027-04-30,2027-04-30 11:00:00+00:00,2027-05-02 23:00:00+00:00,Charisworth Farm Cottage,DT11 9AL,False
Mint Festival 2027,2027-05-01,2027-05-01 10:00:00+00:00,2027-05-02 22:00:00+00:00,Newsam Green Farm,LS15 9AD,True
Manchester Forever,2027-05-01,2027-05-01 14:00:00+00:00,2027-05-01 23:45:00+00:00,Bowlers Exhibition Centre,M17 1SN,True
BACK IN TIME Festival 2027,2027-05-01,2027-05-01 12:00:00+00:00,2027-05-01 22:00:00+00:00,ESHER RUGBY CLUB,KT12 3PF,True
Brixton Disco Festival 2027,2027-05-01,2027-05-01 14:00:00+00:00,2027-05-02 02:00:00+00:00,Multiple Venues Brixton,SW2 1EF,True
Pavilion Festival 2027,2027-05-01,2027-05-01 12:00:00+00:00,2027-05-01 22:30:00+00:00,Low Green Ayr,KA7 1DR,True
Wanderlust Festival Southhampton,2027-05-01,2027-05-01 11:00:00+00:00,2027-05-02 23:00:00+00:00,Multi Venue Southampton,SO14 1JX,True
Pavilion Festival 2027,2027-05-02,2027-05-02 12:00:00+00:00,2027-05-02 22:30:00+00:00,Low Green Ayr,KA7 1DR,True
Groovebox In The Park 2027,2027-05-02,2027-05-02 13:00:00+00:00,2027-05-02 23:00:00+00:00,Venue TBA,NG8 2AE,True
The Great Escape,2027-05-12,2027-05-12 11:00:00+00:00,2027-05-15 23:00:00+00:00,Brighton Dome And Various Venues,BN1 1UE,False
One Drop Reggae & Ska Festival,2027-05-21,2027-05-21 16:00:00+00:00,2027-05-22 23:00:00+00:00,The Country Park,HU13 0HB,False
Manchester Jazz Festival,2027-05-21,2027-05-21 11:00:00+00:00,2027-05-30 23:00:00+00:00,First Street Bar And Kitchen,M15 4RP,False
Cafe Mambo Ibiza Classics at Coombe Abbey 2027,2027-05-22,2027-05-22 13:00:00+00:00,2027-05-22 23:00:00+00:00,Coombe Abbey ,CV3 2AB,True
Bearded Theory,2027-05-26,2027-05-26 11:00:00+00:00,2027-05-30 23:00:00+00:00,Catton Hall,DE12 8LN,False
Buckle & Boots Country Festival,2027-05-27,2027-05-27 11:00:00+00:00,2027-05-30 23:00:00+00:00,Whitebottom Farm,SK6 5JQ,False
Hay Festival,2027-05-27,2027-05-27 11:00:00+00:00,2027-06-06 23:00:00+00:00,Dairy Meadows,HR3 5PJ,False
Ascendancy Festival,2027-05-27,2027-05-27 11:00:00+00:00,2027-05-31 23:00:00+00:00,Thornborough Events,B38 9EH,False
Buckle & Boots Country Festival,2027-05-27,2027-05-27 11:00:00+00:00,2027-05-30 23:00:00+00:00,Etherow Country Park,SK6 5JD,False
Call Of The Wild Festival,2027-05-27,2027-05-27 11:00:00+00:00,2027-05-30 23:00:00+00:00,Lincolnshire Showground,LN2 2NA,False
In It Together 2027,2027-05-28,2027-05-28 12:00:00+00:00,2027-05-30 23:45:00+00:00,Old Park Farm Margam In Port Talbot,SA13 2TG,False
Coalesce Festival 2027,2027-05-28,2027-05-28 13:00:00+00:00,2027-05-31 02:00:00+00:00,Three Pools,NP7 8NL,False
The Beat Goes On.... 2027,2027-05-28,2027-05-28 12:00:00+00:00,2027-05-31 12:00:00+00:00,Oxwick Farm,BS37 6PA,False
TN90's Festival Tonbridge 2027,2027-05-28,2027-05-28 16:00:00+00:00,2027-05-31 19:00:00+00:00,Tonbridge Race Course,TN9 1HR,False
Country In The Country 2027 - ELY,2027-05-28,2027-05-28 17:00:00+00:00,2027-05-28 23:00:00+00:00,Ely Secret Venue (TBA),CB7 4BB,False
Little Fields Festival: 2027,2027-05-28,2027-05-28 08:30:00+00:00,2027-05-31 03:00:00+00:00,Secret Venue Wales,NP7 8NL,False
Meadow Fest,2027-05-28,2027-05-28 14:30:00+00:00,2027-05-30 23:00:00+00:00,"Rangers Lodge, Cornbury Park,",OX7 3HL,False
The Big Retreat Festival,2027-05-28,2027-05-28 11:00:00+00:00,2027-05-31 23:00:00+00:00,The Big Retreat Wales,SA68 0PW,False
Shindig Festival,2027-05-28,2027-05-28 11:00:00+00:00,2027-05-30 23:00:00+00:00,Charlton Park Estate,SN16 9LL,False
Bournemouth7s Festival,2027-05-28,2027-05-28 11:00:00+00:00,2027-05-30 23:00:00+00:00,Bournemouth University Sports Campus,BH23 6BL,False
Meadow Fest,2027-05-28,2027-05-28 11:00:00+00:00,2027-05-30 23:00:00+00:00,The Big Park,HP7 0PL,False
Run Away Festival 2027 - Bank Hol Sat 29 & Sun 30 May - Essex,2027-05-29,2027-05-29 12:00:00+00:00,2027-05-30 22:30:00+00:00,Chelmsford Racecourse,CM3 1QP,True
The Gathering 2027,2027-05-29,2027-05-29 11:30:00+00:00,2027-05-29 22:30:00+00:00,Inverness Northern Meeting Park,IV3 5NN,True
The Invasion: 5.0 - A New Dawn,2027-05-29,2027-05-29 13:00:00+00:00,2027-05-29 23:00:00+00:00,***Secret Location***,B1 1AA,True
The Essex Ska & Reggae Festival 2027,2027-05-29,2027-05-29 14:00:00+00:00,2027-05-29 23:30:00+00:00,Harlow Rugby Club,CM20 3FD,True
Vernon Carus Britpop Weekender 2027,2027-05-29,2027-05-29 17:00:00+00:00,2027-05-30 23:00:00+00:00,Vernon Carus Sports Club,PR1 9SN,True
Field Day,2027-05-29,2027-05-29 11:00:00+00:00,2027-05-29 23:00:00+00:00,Brockwell Park   London,SE24 0NG,True
Benisoul  Blackpool  Comedy Carpet 2027,2027-05-29,2027-05-29 12:00:00+00:00,2027-05-30 18:00:00+00:00,The Blackpool Tower,FY1 4BJ,True
Dot To Dot Festival,2027-05-29,2027-05-29 11:00:00+00:00,2027-05-30 23:00:00+00:00,Bristol And Nottingham (Multiple Venues),BS1 5NA,True
Godskitchen XXX : Birmingham,2027-05-30,2027-05-30 14:00:00+00:00,2027-05-31 04:00:00+00:00,The Digbeth Triangle,B9 4AG,True
Groove is in the Park 2027,2027-05-30,2027-05-30 14:00:00+00:00,2027-05-30 22:30:00+00:00,Harlow Rugby Club,CM20 3FD,True
Land Beyond Festival 2027,2027-05-30,2027-05-30 12:00:00+00:00,2027-05-30 22:00:00+00:00,East Brighton Park,BN2 5PB,True
Ely Fest - Family Festival 2027,2027-05-30,2027-05-30 12:00:00+00:00,2027-05-30 18:00:00+00:00,Ely Secret Venue (TBA),CB7 4BB,True
Country Club - Outdoor Country Music Festival 2027 - Chelmsford,2027-05-30,2027-05-30 14:00:00+00:00,2027-05-30 22:00:00+00:00,Wheelers Farm ,CM3 3LZ,True
"Love the 90s Festival 2027|Elvaston Castle, Derby",2027-05-30,2027-05-30 13:00:00+00:00,2027-05-30 23:00:00+00:00,Elvaston Castle Country Park,DE72 3EP,True
City Splash 2027,2027-05-31,2027-05-31 12:00:00+00:00,2027-05-31 22:00:00+00:00,Brockwell Park,SE24 0NG,False
Wychwood Festival,2027-06-04,2027-06-04 11:00:00+00:00,2027-06-06 23:00:00+00:00,Cheltenham Racecourse,GL50 4SH,False
Glorious Day Festival 2027,2027-06-05,2027-06-05 13:00:00+00:00,2027-06-05 22:30:00+00:00,Hove Lawns,BN3 2PE,True
Terminal V Festival 2027,2027-06-05,2027-06-05 12:00:00+00:00,2027-06-06 22:30:00+00:00,Outdoor Industrial Location TBA,G1 3SJ,True
LOADED : Music Festival,2027-06-05,2027-06-05 12:00:00+00:00,2027-06-05 22:00:00+00:00,Ratby Sports Club,LE6 0LE,True
Stories In The Park 2027,2027-06-05,2027-06-05 12:00:00+00:00,2027-06-05 22:30:00+00:00,Palmer Park,RG1 3PE,True
Road to Nashville Outdoor Festival 2027 | Elvaston Castle,2027-06-05,2027-06-05 13:00:00+00:00,2027-06-05 23:00:00+00:00,Elvaston Castle Country Park,DE72 3EP,True
Download Festival,2027-06-09,2027-06-09 11:00:00+00:00,2027-06-13 23:00:00+00:00,Raceway Fields And Forest Donington Park,DE74 2RP,False
WMF 2027 - Our 21st Birthday,2027-06-11,2027-06-11 17:00:00+00:00,2027-06-12 23:00:00+00:00,The Leys Recreational Park,OX28 4AR,False
Goodlife Festival 2027,2027-06-12,2027-06-12 12:00:00+00:00,2027-06-12 23:00:00+00:00,Harewood House,LS17 9LG,True
Summer Fest at the Beach 2027,2027-06-12,2027-06-12 11:00:00+00:00,2027-06-13 22:00:00+00:00,Weston Super Mare Beach,BS23 1AL,True
Makemake Brewing Co. Presents: Far Out Festival,2027-06-12,2027-06-12 12:00:00+00:00,2027-06-12 23:00:00+00:00,Pitt St Indoor Skatepark,PO1 4AY,True
Earlham Park Tribute Festival 2027,2027-06-12,2027-06-12 12:00:00+00:00,2027-06-12 23:00:00+00:00,Earlham Park,NR4 7TQ,True
"Rum & Reggae Fest 2027| Elvaston Castle, Derby",2027-06-12,2027-06-12 13:00:00+00:00,2027-06-12 23:00:00+00:00,Elvaston Castle Country Park,DE72 3EP,True
GemFest 2027,2027-06-17,2027-06-17 12:00:00+00:00,2027-06-21 00:00:00+00:00,Charlton Park Estate,SN16 9LL,False
Loverocks Classic Rock and Blues Festival X,2027-06-17,2027-06-17 17:00:00+00:00,2027-06-19 23:30:00+00:00,St Leonards Farm Caravan And Camping Park,BH22 0AQ,False
Towerfest Country Music Festival,2027-06-17,2027-06-17 11:00:00+00:00,2027-06-20 23:00:00+00:00,Drax Sports And Social Club,YO8 8PJ,False
Isle of Wight Festival,2027-06-17,2027-06-17 11:00:00+00:00,2027-06-20 23:00:00+00:00,Seaclose Park,PO30 1UD,False
Silverburn Festival 2027,2027-06-18,2027-06-18 17:00:00+00:00,2027-06-19 23:00:00+00:00,Silverburn Park,KY8 5PU,False
Daresbury Festival 2027,2027-06-19,2027-06-19 12:00:00+00:00,2027-06-19 23:00:00+00:00,Walton Hall And Gardens ,WA4 6SN,True
Killin Music Festival,2027-06-19,2027-06-19 11:00:00+00:00,2027-06-20 23:00:00+00:00,McLaren Hall,FK21 8TN,True
Leyland Festival,2027-06-19,2027-06-19 11:00:00+00:00,2027-06-19 23:00:00+00:00,Worden Park,PR25 1DJ,True
Glastonbury,2027-06-23,2027-06-23 11:00:00+00:00,2027-06-27 23:00:00+00:00,Worthy Farm Pilton,BA4 4BY,False
Liverpool Soul Weekender 2027,2027-06-24,2027-06-24 18:00:00+00:00,2027-06-28 01:00:00+00:00,Various Liverpool Venues,L1 1AA,False
Symphonic Ibiza - KNOWLE - Friday 25th June 2027,2027-06-25,2027-06-25 17:30:00+00:00,2027-06-25 22:30:00+00:00,Knowle Park Longdon Road,B93 9HT,False
Heartland Festival,2027-06-25,2027-06-25 11:00:00+00:00,2027-06-27 23:00:00+00:00,Pitlochry Recreation Ground,PH16 5DZ,False
Restricted Forest 2027,2027-06-26,2027-06-26 13:00:00+00:00,2027-06-26 23:00:00+00:00,Orrell Hill Woods,L38 5DA,True
Knowle Party In The Park 2027,2027-06-26,2027-06-26 11:00:00+00:00,2027-06-26 22:30:00+00:00,Knowle Park Longdon Road,B93 9HT,True
Granite City Festival 2027,2027-06-26,2027-06-26 12:00:00+00:00,2027-06-26 23:00:00+00:00,Hazelhead Park,AB15 1AA,True
Chichester's Biggest Ever Summer House Music Festival,2027-06-26,2027-06-26 14:00:00+00:00,2027-06-26 22:00:00+00:00,Crouchers Orchards,PO20 7EH,True
Lytham Festival,2027-06-30,2027-06-30 11:00:00+00:00,2027-07-04 23:00:00+00:00,Lytham Green,FY8 5LB,False
ECLIPSE - Windsor Racecourse,2027-07-02,2027-07-02 16:00:00+00:00,2027-07-02 22:30:00+00:00,Windsor Racecourse,SL4 5jj,False
Love Supreme Jazz Festival,2027-07-02,2027-07-02 11:00:00+00:00,2027-07-04 23:00:00+00:00,Glynde Place,BN8 6SX,False
Morley Music Festival 2027,2027-07-03,2027-07-03 12:00:00+00:00,2027-07-03 21:30:00+00:00,Morley Rugby Club,LS27 0JJ,True
doof in the Park 2027,2027-07-03,2027-07-03 13:00:00+00:00,2027-07-03 23:00:00+00:00,Location TBA,DD1 3AD,True
Celestry 2027,2027-07-03,2027-07-03 13:00:00+00:00,2027-07-03 22:30:00+00:00,Royal Windsor Racecourse,SL4 5JJ,True
Hartbeat Music Festival VIP Area,2027-07-10,2027-07-10 12:00:00+00:00,2027-07-10 21:00:00+00:00,"Hartham Common, Hertford",SG13 7AH,True
Livefields Festival 2027,2027-07-10,2027-07-10 12:00:00+00:00,2027-07-10 23:00:00+00:00,Oakwell Hall Country Park,WF17 9LG,True
The Brit Fest 2027,2027-07-15,2027-07-15 18:00:00+00:00,2027-07-18 23:00:00+00:00,Ashley Hall Showground Altrincham WA14 3QA,WA14 3QA,False
Show Of Hands,2027-07-16,2027-07-16 08:00:00+00:00,2027-07-19 04:00:00+00:00,Gilcombe Farm,BA10 0QE,False
Noisy Weekender 2027,2027-07-16,2027-07-16 15:00:00+00:00,2027-07-18 22:00:00+00:00,Archive Liverpool,L8 5XJ,False
Nat20:27,2027-07-23,2027-07-23 12:00:00+00:00,2027-07-26 13:00:00+00:00,NAEC Stoneleigh,CV8 2LZ,False
INJM Fest,2027-08-21,2027-08-21 12:00:00+00:00,2027-08-21 22:00:00+00:00,Eternit Sport And Social Club,SG8 5RL,True
Street Eat N Beats Festival 2027,2027-09-11,2027-09-11 12:00:00+00:00,2027-09-11 22:30:00+00:00,"Central Park, Chelmsford",Cm2 0RW,True
Sounds of the 60s,2027-09-11,2027-09-11 19:30:00+00:00,2027-09-11 22:00:00+00:00,"Princes Theatre, Clacton On Sea, Essex",CO15 1SE,True
Sounds of the 60s,2027-09-17,2027-09-17 19:30:00+00:00,2027-09-17 22:00:00+00:00,"The Mill Arts Centre, Banbury",OX16 5QE,False
Sounds of the 60s,2027-10-17,2027-10-17 19:30:00+00:00,2027-10-17 22:00:00+00:00,Theatre Royal Winchester,SO23 8SB,True
Strange Day + Strange Manchester after party,2027-11-27,2027-11-27 17:00:00+00:00,2027-11-28 02:00:00+00:00,Grafton Arms,M13 9WU,True
