id,name,date,city,genres_bucketed,source
LvZ18QxAj1bZeL8vGSGnc,EVERYWHERE AT ONCE: Dewin,2026-06-28,Narberth,['Rock/Indie'],ticketmaster
16djZbVF7G7ncoa,PITBULL - Official Premium Ticket and Hotel Experiences,2026-07-10,London,['Pop'],ticketmaster
16djZbzJfG7RfqJ,Wireless 2026 - VIP Ticket,2026-07-10,London,['Unclassified'],ticketmaster
1AMZkCvGkdo0G55,2 Day (Fri + Sat) - Wireless 2026,2026-07-10,London,['Unclassified'],ticketmaster
1AMZkCvGkdsKWBf,Souvenir Ticket - Wireless 2026,2026-07-10,London,['Unclassified'],ticketmaster
1AMZkCvGke-Tboa,"3 Day (Fri, Sat, Sun) - Wireless 2026",2026-07-10,London,['Unclassified'],ticketmaster
1AMZkCvGkeUxty9,2 Day (Fri + Sun) - Wireless 2026,2026-07-10,London,['Unclassified'],ticketmaster
1AMZkoMGke0Kole,Wireless 2026 - The Lounge,2026-07-10,London,['Unclassified'],ticketmaster
G5vHZbRBbBovA,Lost Minds Festival 2026 Payment Plan,2026-07-11,Newcastle,['Electronic/Dance'],ticketmaster
G5vHZbRE2vvoV,Lost Minds Festival 2026,2026-07-11,Newcastle,['Pop'],ticketmaster
1AMZkCvGke03zh7,Saturday Day - Wireless 2026,2026-07-11,London,['Unclassified'],ticketmaster
LvZ18QqzT7Dg6MZvqS5SO,F&NMusic Present's R&B Karaoke Brunch Feat Versions,2026-07-11,London,['Hip-Hop/Urban'],ticketmaster
LvZ18Qb93a-3Bn8Zlu5Ue,Rapid Aye Movement,2026-07-11,Newcastle Upon Tyne,['Rock/Indie'],ticketmaster
LvZ18Qj1kRInnM8Z0Agsf,The Saturday Brunch Club,2026-07-11,London,['Non-Music/Other'],ticketmaster
17u8v0G6uMlRpNH,Belle Livingstone's 58th Street Country Club,2026-07-11,London,['Jazz/Blues/Soul'],ticketmaster
1AdjZbwGkwR6s6b,Amex Presents BST Hyde Park - Lewis Capaldi - Ultimate Bar Packages,2026-07-11,London,['Unclassified'],ticketmaster
1kuYvNGtGA1e_qM,Iron Maiden - EDDFEST,2026-07-11,Stevenage,['Metal/Punk'],ticketmaster
LvZ18Q9IT_UBt9ZZ0lAeZ,Kaleidoscope Festival - 2026,2026-07-11,London,['Unclassified'],ticketmaster
LvZ18QreRQqzqTOZ0-3GN,Saturday Jazz Lunch | Frank & Dean,2026-07-11,London,['Jazz/Blues/Soul'],ticketmaster
1AMZkGVGkdNTc3Z,Iron Maiden - Official Ticket and Hotel Packages,2026-07-11,Stevenage,['Metal/Punk'],ticketmaster
1AdjZbwGkmJHZXP,American Express Presents BST Hyde Park - Lewis Capaldi,2026-07-11,London,['Unclassified'],ticketmaster
LvZ18Qj_rDCZd3YZ0nr_7,Lost Frequencies Open Air,2026-07-11,London,['Electronic/Dance'],ticketmaster
1AdjZbwGkw2DYNr,Lewis Capaldi - Official Premium Ticket and Hotel Experiences,2026-07-11,London,['Unclassified'],ticketmaster
LvZ18QbjIhjNZcOZ00VL_,An Afternoon of indie - Indie for the over 30s!,2026-07-11,Stockport,['Rock/Indie'],ticketmaster
16gZk8MupZA51AuF,Abba Voyage - VIP Premium Package,2026-07-11,London,['Pop'],ticketmaster
1AdbZ_dGkBYIfnn,Road To Nashville Festival,2026-07-11,Glasgow,['Folk/Country'],ticketmaster
1AgZkCKGkew3_S1,ABBA Voyage,2026-07-11,London,['Pop'],ticketmaster
G5vHZbzXgMVKE,Eden Sessions: The Maccabees,2026-07-11,St Austell,['Rock/Indie'],ticketmaster
LvZ18Qhnkp9HBEYZHRD7I,"An Afternoon of Indie NOTTINGHAM - Indie for the over 30s, 3pm-7pm",2026-07-11,Nottingham,['Rock/Indie'],ticketmaster
G5vHZbVI75tqv,Sounds of the City Present THE STREETS,2026-07-11,Manchester,['Unclassified'],ticketmaster
LvZ18Qqz8nytfP8vqC0Ut,Channel One Sound System BBQ,2026-07-11,London,['World/Latin/Reggae'],ticketmaster
1ANZkGkGkd5MZEy,My Chemical Romance - Long Live The Black Parade Tour,2026-07-11,London,['Rock/Indie'],ticketmaster
1AdbZbgGkUClgBD,The Cribs,2026-07-11,Leeds,['Rock/Indie'],ticketmaster
1AeGZbYGkDjzYDs,Rob Lamberti Presents Perfectly George - Live Lounge Premium Package,2026-07-11,Derby,['Unclassified'],ticketmaster
G5vHZbgxzubF7,An Evening with Michael Ball,2026-07-11,Llangollen,['Pop'],ticketmaster
G5vHZbsmx6ouD,David Gray + Special Guest The Divine Comedy,2026-07-11,Cardiff,['Rock/Indie'],ticketmaster
G5vHZbw3SUfAW,David Gray- Official Ticket and Hotel Bundls,2026-07-11,Cardiff,['Rock/Indie'],ticketmaster
1AMZk38GkdSXhQY,THE BEST OF ALL WORLDS - UK TOUR 2026 - SAMMY HAGAR,2026-07-11,London,['Rock/Indie'],ticketmaster
15dfZbMjvOyJK,Mouth of the Tyne Festival Presents Self Esteem,2026-07-11,Tynemouth,['Pop'],ticketmaster
1AdjZ_aGkU0fKAJ,Ilaiyaraaja - Venue Premium Tickets,2026-07-11,London,['World/Latin/Reggae'],ticketmaster
1AeGZbYGkBB6ZUf,Rob Lamberti Presents Perfectly George,2026-07-11,Derby,['Unclassified'],ticketmaster
1AgZkuVGkdUoQsF,SEX PISTOLS FT. FRANK CARTER,2026-07-11,Halifax,['Rock/Indie'],ticketmaster
1ku8vN3aGA270Jf,Bastille,2026-07-11,Scarborough,['Rock/Indie'],ticketmaster
G5dzZ_6DQHfSw,Sumo Cyco,2026-07-11,London,['Rock/Indie'],ticketmaster
G5dzZbUhdqE8R,Jools Holland and His Rhythm & Blues Orchestra,2026-07-11,Swansea,['Hip-Hop/Urban'],ticketmaster
G5vHZ_FUg6eHo,House of Protection,2026-07-11,London,['Rock/Indie'],ticketmaster
G5vHZ_dwWwpOE,Summer Concerts - Wildboys Absolute 80s,2026-07-11,Staffordshire,['Rock/Indie'],ticketmaster
LvZ18Q9u32wxOVZZ0GNih,Noasis - Hertford Corn Exchange - Saturday 11 July 2026,2026-07-11,Hertford,['Unclassified'],ticketmaster
1AdfZbMGkmmB9AN,Bastille - Official Ticket and Hotel Bundls,2026-07-11,Scarborough,['Rock/Indie'],ticketmaster
1AdfZbMGkmpV7VU,Sex Pistols- Official Ticket and Hotel Bundls,2026-07-11,Halifax,['Rock/Indie'],ticketmaster
LvZ18QxveU7Yw5OvOwI8f,A Tribute to Etta James & Janis Joplin ft. LiV Warfield,2026-07-11,London,['Hip-Hop/Urban'],ticketmaster
1AwZkuyGkdfkYJ-,Legend - a Tribute To Bob Marley Followed By England V Norway - Fifa W,2026-07-11,Southampton,['Unclassified'],ticketmaster
1AdbZbUGklCoy0s,Garbage,2026-07-11,Edinburgh,['Rock/Indie'],ticketmaster
17u8v0G6uMlXkJc,Belle Livingstone's 58th Street Country Club,2026-07-11,London,['Jazz/Blues/Soul'],ticketmaster
1AdfZ_7Gkn65vU_,Nourished by Time,2026-07-11,London,['Rock/Indie'],ticketmaster
G5dzZ_kMQq6GG,December 10,2026-07-11,Liverpool,['Pop'],ticketmaster
G5dzZbznjqdqW,Breaking Benjamin,2026-07-11,Glasgow,['Rock/Indie'],ticketmaster
LvZ18Q9wAFFMtzOZlSNb_,Maniac Street Preachers vs. Stereoironics,2026-07-11,Southampton,['Rock/Indie'],ticketmaster
17u8vxG629gh3gw,Thank ABBA for The Music,2026-07-11,Scarborough,['Unclassified'],ticketmaster
17uYvxG6uNE3M2H,The Rocket Man - a Tribute To Elton John,2026-07-11,Bath,['Unclassified'],ticketmaster
LvZ18QO6Yr09_E8ZMigdJ,King Tut's Summer Nights Presents: PaperHouse,2026-07-11,Glasgow,['Rock/Indie'],ticketmaster
LvZ18QQk52mEmB8ZPXKWB,Say Shava Shava : A 25 Year Musical Celebration - Luton,2026-07-11,Luton,['Unclassified'],ticketmaster
16dfZ_djgG7IaKE,Abba Voyage - VIP Premium Package,2026-07-11,London,['Pop'],ticketmaster
1AgZkCKGkewLtga,ABBA Voyage,2026-07-11,London,['Pop'],ticketmaster
LvZ18QjAlb3SIG8Zz5fvv,De Beauvoir Jazz Festival: Lucy-Anne Daniels & Liselotte Östblom,2026-07-11,London,['Jazz/Blues/Soul'],ticketmaster
LvZ18Q9IZn-iVWOZlCsT_,Guns 2 Roses,2026-07-11,Nuneaton,['Unclassified'],ticketmaster
LvZ18Q4S95voQ0OZyWeTj,Mania: The ABBA Show,2026-07-11,London,['Unclassified'],ticketmaster
G5dzZ_6Jp1SoD,Bristol Pride Afterparty,2026-07-11,Bristol,['Pop'],ticketmaster
LvZ18QL6nwO0tKZZ0JplD,CLUB STIGMATA - 11th July,2026-07-11,Glasgow,['Rock/Indie'],ticketmaster
LvZ18Q0_grnqitMu1wS7E,Rehab_LDN,2026-07-11,London,['Electronic/Dance'],ticketmaster
LvZ18QxvnZQDw78ZJI7Lw,Soul City: House music every Saturday,2026-07-11,London,['Unclassified'],ticketmaster
1AMZkCvGkdvIlG_,2 Day (Sat + Sun) - Wireless 2026,2026-07-11,London,['Unclassified'],ticketmaster
1AMZkCvGke0JbqF,Sunday Day - Wireless 2026,2026-07-12,London,['Unclassified'],ticketmaster
LvZ18Qj5u-AQHgZZP6DM_,Sunday Soul Sessions,2026-07-12,London,['Hip-Hop/Urban'],ticketmaster
16dfZ_djgG7gtfG,Abba Voyage - VIP Premium Package,2026-07-12,London,['Pop'],ticketmaster
1AdjZbwGkwVEo8t,Amex Presents BST Hyde Park - Lewis Capaldi - Ultimate Bar Packages,2026-07-12,London,['Unclassified'],ticketmaster
1AgZkCKGkewiyUp,ABBA Voyage,2026-07-12,London,['Pop'],ticketmaster
LvZ18QLd3YxFu3OvquPZM,New Regency Orchestra,2026-07-12,London,['World/Latin/Reggae'],ticketmaster
1AdjZbwGkR1YsQz,American Express Presents BST Hyde Park - Lewis Capaldi,2026-07-12,London,['Unclassified'],ticketmaster
1AMZkoyGkdj0fXv,Lewis Capaldi - Official Premium Ticket and Hotel Experiences,2026-07-12,London,['Unclassified'],ticketmaster
G5vHZ_6dng0DV,Choir of the World,2026-07-12,Llangollen,['Unclassified'],ticketmaster
G5vHZbUzA5cd0,Sounds of the City Present Sex Pistols,2026-07-12,Manchester,['Rock/Indie'],ticketmaster
G5vHZbzCPT4-x,Super Furry Animals Plus Very Special Guests The Beta Band,2026-07-12,London,['Rock/Indie'],ticketmaster
LvZ18Qj_Odm3TNZvGYmQr,DARKSIDE (early show),2026-07-12,London,['Rock/Indie'],ticketmaster
16gZk8MuOZAu1kd1,Abba Voyage - VIP Premium Package,2026-07-12,London,['Pop'],ticketmaster
1AdfZbVGknr7pcq,Billy Ocean with very special guest Marti Pellow,2026-07-12,Halifax,['Hip-Hop/Urban'],ticketmaster
1AgZkCKGkewBaM3,ABBA Voyage,2026-07-12,London,['Pop'],ticketmaster
1ku8v0OwGAGShLz,Mouth of the Tyne Festival presents James,2026-07-12,Tynemouth,['Rock/Indie'],ticketmaster
LvZ18Qj2-IkYBuZZ0zXOd,I Am The Avalanche,2026-07-12,London,['Rock/Indie'],ticketmaster
1AgZku8GkdPWhJS,Billy Ocean- Official Ticket and Hotel Bundls,2026-07-12,Halifax,['Hip-Hop/Urban'],ticketmaster
1AMZk38GkdD9jAp,THE BEST OF ALL WORLDS - UK TOUR 2026 - SAMMY HAGAR,2026-07-12,London,['Rock/Indie'],ticketmaster
17u8v0G6uMiGptB,Belle Livingstone's 58th Street Country Club,2026-07-12,London,['Jazz/Blues/Soul'],ticketmaster
1AMZkGYGkemSFRT,Rumours of Fleetwood Mac,2026-07-12,Watford,['Unclassified'],ticketmaster
1AUZkuEGkdQ0aSr,Jools Holland and His Rhythm & Blues Orchestra,2026-07-12,Torquay,['Hip-Hop/Urban'],ticketmaster
G5dzZ_dY3bMvJ,Sunny Day Real Estate,2026-07-12,London,['Rock/Indie'],ticketmaster
LvZ18Q9tcOegIvZZwYmuR,Lata & Asha: Purane Gaane… Side A | Side B – Birmingham,2026-07-12,Birmingham,['World/Latin/Reggae'],ticketmaster
LvZ18QQEf459UXZZVeEhD,La Perla,2026-07-12,London,['World/Latin/Reggae'],ticketmaster
1AUZkotGkes97CM,The Cavern Club Story,2026-07-12,Dunfermline,['Unclassified'],ticketmaster
G5vHZ_amxo3Wj,Lifehouse - Best of Acoustic,2026-07-12,London,['Rock/Indie'],ticketmaster
LvZ18QO6sU4r8WOvqxxJN,King Tut's Summer Nights Presents: Modern Ruin,2026-07-12,Glasgow,['Rock/Indie'],ticketmaster
LvZ18QOsoDOr_WYZ0fiAB,Crocodiles,2026-07-12,Manchester,['Rock/Indie'],ticketmaster
LvZ18QbF-5F44oYZ03tJ6,MusicmanMike,2026-07-12,Newcastle Upon Tyne,['Hip-Hop/Urban'],ticketmaster
Zor9uZKbZL4Ze3ObaZd,The Simon & Garfunkel Story,2026-07-12,London,['Unclassified'],ticketmaster
1AwZkuyGkeNTO-w,Dri,2026-07-12,Southampton,['Metal/Punk'],ticketmaster
LvZ18Qj_c2SQpzOZ0OzJN,DARKSIDE (late show),2026-07-12,London,['Rock/Indie'],ticketmaster
17u8vxG6udEZ6V6,System Of A Down,2026-07-13,London,['Metal/Punk'],ticketmaster
LvZ18Qj_yGr3TNZZ0YmId,DARKSIDE (early show),2026-07-13,London,['Rock/Indie'],ticketmaster
G5vHZbUReMb8f,Jools Holland and His Rhythm and Blues Orchestra,2026-07-13,Salisbury,['Hip-Hop/Urban'],ticketmaster
17u8v0G65h2P4vP,Alewya,2026-07-13,London,['Hip-Hop/Urban'],ticketmaster
1AdOZbzGknbbeo0,Breaking Benjamin,2026-07-13,Belfast,['Rock/Indie'],ticketmaster
G5dzZ_1pzndHX,Lifehouse - Best of Acoustic,2026-07-13,London,['Rock/Indie'],ticketmaster
G5dzZbMRsk1Df,Boys Like Girls,2026-07-13,Bristol,['Rock/Indie'],ticketmaster
G5vHZbSewdkyZ,Rumours of Fleetwood Mac,2026-07-13,Llandudno,['Unclassified'],ticketmaster
LvZ18QLwenLAlKZZ0A4vR,Concert for Mental Health: Harry Mack,2026-07-13,London,['Hip-Hop/Urban'],ticketmaster
LvZ18QhOLa_kdg8Zir1eB,December 10,2026-07-13,Sheffield,['Pop'],ticketmaster
G5vHZ_61x9NSw,Militarie Gun,2026-07-13,Manchester,['Rock/Indie'],ticketmaster
LvZ18Q9w7qMD_4ZZ0VH_Y,Jimmy Nail,2026-07-13,Cumbria,['Pop'],ticketmaster
15dfZ_djU8t4o,Abba Voyage - VIP Premium Package,2026-07-13,London,['Pop'],ticketmaster
1AgZkCKGkeS6_zO,ABBA Voyage,2026-07-13,London,['Pop'],ticketmaster
LvZ18Qj_BXSVhYYvOI6iX,DARKSIDE (late show),2026-07-13,London,['Rock/Indie'],ticketmaster
G5dzZ_GNnKE5G,Fishies Graduation Party,2026-07-13,Leeds,['Rock/Indie'],ticketmaster
LvZ18Qj_iw1XM5ZvO3zVR,Psycho Mosher,2026-07-14,London,['Rock/Indie'],ticketmaster
1AdbZbgGkBBbtIB,James Taylor,2026-07-14,Edinburgh,['Rock/Indie'],ticketmaster
17GOv0G6C1iE8E6,Dan Parks,2026-07-14,Glasgow,['Pop'],ticketmaster
17GOv0G6GKKT8cx,Kokeshi,2026-07-14,London,['Rock/Indie'],ticketmaster
17GOv0G6uYlG8g6,Alexandra Savior,2026-07-14,Glasgow,['Rock/Indie'],ticketmaster
17u8v0G65hsMkI1,Carolesdaughter,2026-07-14,London,['Rock/Indie'],ticketmaster
17uOv0G6G5tocNM,Alexandra Savior,2026-07-14,Glasgow,['Rock/Indie'],ticketmaster
1AdjZ_dGkBbDxk4,Sunny Day Real Estate,2026-07-14,Manchester,['Rock/Indie'],ticketmaster
1AwZko0Gkei8YYF,Jon B. - Restaurant,2026-07-14,London,['Hip-Hop/Urban'],ticketmaster
1AwZko0Gkel5ORv,Jon B.,2026-07-14,London,['Hip-Hop/Urban'],ticketmaster
1adbZbUpAvNZdu5v,Bat Sabbath,2026-07-14,Manchester,['Unclassified'],ticketmaster
G5vHZ_dKhb0L3,Action! Presents: Garbage + Support,2026-07-14,London,['Rock/Indie'],ticketmaster
LvZ18QLGPkHJc28ZM-exs,Henge,2026-07-14,Dover,['Rock/Indie'],ticketmaster
LvZ18QhUZflvpj8ZV1ulD,A THOUSAND HORSES  Plus guests,2026-07-14,Wolverhampton,['Rock/Indie'],ticketmaster
LvZ18QhYGbM8RuYZ0-V2m,Anthony Gomes “Praise The Loud” 2026 World Tour,2026-07-14,Inverness,['Jazz/Blues/Soul'],ticketmaster
G5vHZbSeLopAa,Rumours of Fleetwood Mac,2026-07-14,Portsmouth,['Unclassified'],ticketmaster
LvZ18QKhlXhzkqOZlYZp_,Osees,2026-07-14,Leeds,['Rock/Indie'],ticketmaster
LvZ18QO9H-DV928ZvJhcN,Anatole Muster,2026-07-14,London,['Jazz/Blues/Soul'],ticketmaster
LvZ18QbENQqww8ZZP5RgL,The Van Morrison Alumni Band,2026-07-14,London,['Rock/Indie'],ticketmaster
LvZ18QhGz5HZKo8ZVxiiC,GONG,2026-07-14,St Albans,['Rock/Indie'],ticketmaster
LvZ18Qx5QWDhLWOvGf41H,The Definitive Rat Pack,2026-07-14,London,['Jazz/Blues/Soul'],ticketmaster
1AdfZbwGkTiPesV,System Of A Down,2026-07-15,London,['Metal/Punk'],ticketmaster
LvZ18Qq0m9gVB6Zv1RZvL,Jon B. - Early Show,2026-07-15,London,['Hip-Hop/Urban'],ticketmaster
G5vHZ_AIYxh9p,Eden Sessions: CMAT,2026-07-15,St Austell,['Rock/Indie'],ticketmaster
LvZ18QhLfJlGN3ZZ0L_0H,The SugarHill Gang Wed 15 July 2026 Performing Live Jam House Birmingham,2026-07-15,Birmingham,['Hip-Hop/Urban'],ticketmaster
LvZ18Qj_hJNQpzOZ0OMbe,Crushed Veneer,2026-07-15,London,['Rock/Indie'],ticketmaster
1AMZkGYGkdFdtrO,Rumours of Fleetwood Mac,2026-07-15,Tunbridge Wells,['Unclassified'],ticketmaster
G5vHZ_6nR8UvL,Public Image Ltd,2026-07-15,Salisbury,['Rock/Indie'],ticketmaster
LvZ18Qoi123C05OZlcuOu,D.R.I / Dirty Rotten Imbeciles,2026-07-15,Glasgow,['Rock/Indie'],ticketmaster
17u8v0G61NAdfR_,Avery Cochrane,2026-07-15,London,['Pop'],ticketmaster
17u8v0G6uMiQJiX,Belle Livingstone's 58th Street Country Club,2026-07-15,London,['Jazz/Blues/Soul'],ticketmaster
1AUZkCoGkdawI88,Charlie Puth - Whatever's Clever! World Tour,2026-07-15,London,['Rock/Indie'],ticketmaster
1AdFZbgGkSLfOTB,Bat Sabbath,2026-07-15,Glasgow,['Unclassified'],ticketmaster
1AwZkowGkdtPYwF,"Anthony Gomes ""Praise the Loud"" 2026 World Tour",2026-07-15,Glasgow,['Rock/Indie'],ticketmaster
G5dzZ_FTfiVtV,Thee Sacred Souls,2026-07-15,Brighton,['Hip-Hop/Urban'],ticketmaster
G5dzZbzkDkp1P,Boys Like Girls,2026-07-15,Glasgow,['Rock/Indie'],ticketmaster
G5vHZ_6k-gxwr,December 10,2026-07-15,Wolverhampton,['Pop'],ticketmaster
LvZ18Q-h9FV_UoOvOIIAi,EYOE Recommends: In Aid of War Child,2026-07-15,London,['Pop'],ticketmaster
LvZ18QOzoMyzjLZvO0B2H,Les Caravanes,2026-07-15,Newcastle Upon Tyne,['Folk/Country'],ticketmaster
LvZ18QQvGdAHtx8ZlYxfS,Osees,2026-07-15,Leeds,['Rock/Indie'],ticketmaster
17GOv0G61MSU8wa,Biscuit Club + Lebosi + Emma Davidson + Poppy Joy,2026-07-15,London,['Rock/Indie'],ticketmaster
LvZ18Qq0sIgVB6Zv1RZ-_,Jon B. - Late Show,2026-07-15,London,['Hip-Hop/Urban'],ticketmaster
LvZ18QxN5xk01AOZvZbVp,"The Cocktail Set from Piano Bar at Red Room Studios, Soho - Live Jazz",2026-07-15,London,['Jazz/Blues/Soul'],ticketmaster
LvZ18QCSJO1Xg0YZ0t-Ct,Motown Memoirs,2026-07-15,London,['Hip-Hop/Urban'],ticketmaster
G5vHZ_dzWEngy,Richard Ashcroft - Upgrade (does not include event ticket),2026-07-16,Cardiff,['Rock/Indie'],ticketmaster
G5vHZbUSppzLM,Richard Ashcroft + Tom Meighan & Apollo Junction,2026-07-16,Cardiff,['Rock/Indie'],ticketmaster
G5vHZbVXULknA,The Streets,2026-07-16,London,['Hip-Hop/Urban'],ticketmaster
G5vHZbMmu7SWt,Richard Ashcroft - Official Ticket and Hotel Bundls,2026-07-16,Cardiff,['Rock/Indie'],ticketmaster
1AdfZbwGkwqDs2R,James Taylor & His All-Star Band,2026-07-16,Halifax,['Rock/Indie'],ticketmaster
LvZ18Q-h5kfIG6ZvOHSqm,JQ JAZZ HOUSE: NEW ORLEANS BRASS BAND Thu 16 July 2026 Live Jazz Music,2026-07-16,Birmingham,['Jazz/Blues/Soul'],ticketmaster
LvZ18QreMSuRmnZvqKh34,American Pie Emo Night With: The Thomas Nicholas Band,2026-07-16,London,['Rock/Indie'],ticketmaster
1AgZkuPGketUJO-,James Taylor - Official Ticket and Hotel Bundls,2026-07-16,Halifax,['Rock/Indie'],ticketmaster
G5dzZ_aN7YgaC,Jinkx Monsoon - Speaking of Witch,2026-07-16,Glasgow,['Rock/Indie'],ticketmaster
LvZ18Q0C4HTwr5AZwuPVA,"Live Jazz from the Piano Bar at Red Room Studios, Soho",2026-07-16,London,['Jazz/Blues/Soul'],ticketmaster
LvZ18QxN57PgMt8ZvJaA2,Soho Explorer Jazz Sessions from the Piano Bar,2026-07-16,London,['Jazz/Blues/Soul'],ticketmaster
16UZkuE0vZAukA6a,Miss Americana - A Tribute to Taylor Swift,2026-07-16,Aberdeen,['Unclassified'],ticketmaster
17u8v0G6uMiIURc,Belle Livingstone's 58th Street Country Club,2026-07-16,London,['Jazz/Blues/Soul'],ticketmaster
17uYv0G6uxIsb-Y,Deb Never,2026-07-16,London,['Rock/Indie'],ticketmaster
1AdfZ_FGkTsIgdA,Thee Sacred Souls,2026-07-16,Bristol,['Hip-Hop/Urban'],ticketmaster
G5dzZ_6efc3gz,December 10,2026-07-16,Bristol,['Pop'],ticketmaster
G5dzZbyeUANnA,Breaking Benjamin,2026-07-16,Manchester,['Rock/Indie'],ticketmaster
G5vHZ_uQr4yc9,Palace,2026-07-16,London,['Rock/Indie'],ticketmaster
G5vHZbYDw1ec0,Sounds Of The 60s Live - Hosted by Tony Blackburn MBE,2026-07-16,Llandudno,['Rock/Indie'],ticketmaster
LvZ18QKnfAjp8DOZwyxxP,Bushman,2026-07-16,Manchester,['World/Latin/Reggae'],ticketmaster
LvZ18QLerSc6yGYZ0fj41,Buena Vista Live,2026-07-16,London,['World/Latin/Reggae'],ticketmaster
LvZ18QhGBcIvumYZiCDB0,GONG,2026-07-16,Hertford,['Rock/Indie'],ticketmaster
LvZ18QrE6BfrLYZZMmuFM,JUNK,2026-07-16,Glasgow,['Rock/Indie'],ticketmaster
LvZ18QxN7FbzYRYZvNl78,Round 41 - Live Jazz and Fusion Night,2026-07-16,London,['Jazz/Blues/Soul'],ticketmaster
G5vHZ_Adc-kLV,Somerset House Summer Series: Naika,2026-07-16,London,['World/Latin/Reggae'],ticketmaster
LvZ18Q-ngagTNgYZ04ruB,ACUA,2026-07-16,Birmingham,['Hip-Hop/Urban'],ticketmaster
LvZ18Q9Ejb5-CXOZ0KcRo,D.K. Harrell,2026-07-16,Newcastle Upon Tyne,['Jazz/Blues/Soul'],ticketmaster
LvZ18QO6SVHjRnZZMx3Sg,King Tut's Summer Nights Presents: Öpaque,2026-07-16,Glasgow,['Rock/Indie'],ticketmaster
15dfZ_djUr_p4,Abba Voyage - VIP Premium Package,2026-07-16,London,['Pop'],ticketmaster
1AgZkCKGkeSfyB1,ABBA Voyage,2026-07-16,London,['Pop'],ticketmaster
17GOv0G6G3tS8l6,Roadshow + Trophy Husband + Stonny the Donny,2026-07-16,London,['Rock/Indie'],ticketmaster
LvZ18QLF9ylN9YYZ0v1DN,Box Fresh - Thorns / Alice SK,2026-07-16,St Albans,['Metal/Punk'],ticketmaster
LvZ18Q0C4HTwr5AZwuPV7,"Live Jazz from the Piano Bar at Red Room Studios, Soho",2026-07-16,London,['Jazz/Blues/Soul'],ticketmaster
LvZ18QxN5xk01AOZvZbV9,"The Cocktail Set from Piano Bar at Red Room Studios, Soho - Live Jazz",2026-07-16,London,['Jazz/Blues/Soul'],ticketmaster
17GOv0G6GmbdY0q,Madalitso Band,2026-07-16,Southampton,['World/Latin/Reggae'],ticketmaster
LvZ18QN89k5HO9YvGotL_,The Sugarhill Gang & The Furious 5,2026-07-16,London,['Hip-Hop/Urban'],ticketmaster
G5vHZ_A2NVkRw,Lenny Pearce,2026-07-17,Birmingham,['Electronic/Dance'],ticketmaster
G5vHZbMIkGhE_,Gipsy Kings featuring Nicolas Reyes,2026-07-17,Newbury,['World/Latin/Reggae'],ticketmaster
LvZ18Qun-aJbFCOZ0gTAa,Maid of Stone Festival 2026,2026-07-17,Maidstone,['Rock/Indie'],ticketmaster
G5vHZ_A2JHkW6,Lenny Pearce,2026-07-17,Birmingham,['Electronic/Dance'],ticketmaster
1AMZkubGkdDQCd-,Madness Live After Racing - the Premier Enclosure,2026-07-17,Newmarket,['Rock/Indie'],ticketmaster
1AMZkubGkdz2cg1,Madness Live After Racing - Grandstand & Paddock,2026-07-17,Newmarket,['Rock/Indie'],ticketmaster
G5vHZbSUFy7jw,Richard Ashcroft,2026-07-17,London,['Rock/Indie'],ticketmaster
1AgZkGyGkeP6B_2,The Human League,2026-07-17,Margate,['Unclassified'],ticketmaster
16dfZbUQ3G7SVms,CMAT,2026-07-17,Halifax,['Pop'],ticketmaster
1AdbZbzGklb6tsx,Caribou,2026-07-17,Glasgow,['Pop'],ticketmaster
1AdfZbgGkmRmPjN,Alex James' Britpop Classical,2026-07-17,Scarborough,['Rock/Indie'],ticketmaster
G5vHZ_dhs-7IC,"Summer Concerts - Ed + Taylor, A Tribute to Ed Sheeran + Taylor Swift",2026-07-17,Staffordshire,['Rock/Indie'],ticketmaster
LvZ18Q-pKTr3pcOvOOBM9,UP4 THE DOWNSTROKE Fri 17 Jul 2026 The Jam House Birmingham,2026-07-17,Birmingham,['Pop'],ticketmaster
LvZ18QKUrNd1BvYZlyHho,CARIBOU,2026-07-17,Glasgow,['Electronic/Dance'],ticketmaster
LvZ18Qp7qM0mZQ8Z07Uok,14 Iced Bears,2026-07-17,London,['Rock/Indie'],ticketmaster
LvZ18QxNGBPZeYOZvC6Lp,Alfies Soho - Live Jazz and Blues,2026-07-17,London,['Jazz/Blues/Soul'],ticketmaster
1AdfZbMGkRd6btz,CMAT - Official Ticket and Hotel Bundls,2026-07-17,Halifax,['Pop'],ticketmaster
1AdfZbgGkUPdEw_,Alex James' Britpop Classical- Official Ticket and Hotel Bundls,2026-07-17,Scarborough,['Rock/Indie'],ticketmaster
G5dzZbsw--ssp,Steve Steinman's Anything For Love,2026-07-17,Brighton,['Unclassified'],ticketmaster
LvZ18Q8WuNa5jeOZ04dem,The Dickies + Slackrr,2026-07-17,Glasgow,['Rock/Indie'],ticketmaster
LvZ18Qf5Gkr_3ZZZ0Kf9F,THE BON JOVI EXPERIENCE  + DRESSED TO KILL,2026-07-17,Norwich,['Unclassified'],ticketmaster
LvZ18QxNAv4ZeYOZvC6_6,"Live Jazz from the Piano Bar at Red Room Studios, Soho",2026-07-17,London,['Jazz/Blues/Soul'],ticketmaster
1AdbZbgGkX4BEt_,Deacon Blue,2026-07-17,Edinburgh,['Rock/Indie'],ticketmaster
17u8v0G65hzMMeQ,Loathe,2026-07-17,Liverpool,['Metal/Punk'],ticketmaster
17u8v0G6uMiMkwr,Belle Livingstone's 58th Street Country Club,2026-07-17,London,['Jazz/Blues/Soul'],ticketmaster
1AUZkGYGkd7DM4f,Rumours of Fleetwood Mac,2026-07-17,Folkestone,['Unclassified'],ticketmaster
1AdFZ_aGkMk78Is,Absolute Weller,2026-07-17,Glasgow,['Rock/Indie'],ticketmaster
1AdOZbzGkS0aeUd,Garbage,2026-07-17,Belfast,['Rock/Indie'],ticketmaster
1AdfZ_aGkmSodTU,Jigitz,2026-07-17,London,['Pop'],ticketmaster
1AzZkCaGkeiJwo6,D.R.I.,2026-07-17,Belfast,['Rock/Indie'],ticketmaster
G5dzZ_6XVykL7,December 10,2026-07-17,London,['Pop'],ticketmaster
G5dzZ_71r4Kj7,Last Resort - Nu Metal Tribute,2026-07-17,Liverpool,['Unclassified'],ticketmaster
G5dzZbUVN0GBv,The Streets,2026-07-17,Birmingham,['Hip-Hop/Urban'],ticketmaster
G5dzZbzTYk4gI,Breaking Benjamin,2026-07-17,London,['Rock/Indie'],ticketmaster
G5vHZbUhoj6Hg,Jools Holland and His Rhythm & Blues Orchestra,2026-07-17,Wrexham,['Hip-Hop/Urban'],ticketmaster
G5vHZbUpFeKiv,Bat Sabbath,2026-07-17,Birmingham,['Unclassified'],ticketmaster
G5vHZbz15fKP0,Boys Like Girls,2026-07-17,Manchester,['Rock/Indie'],ticketmaster
LvZ18Q0rEdLN9RYhhqeXE,Fun Lovin' Criminals,2026-07-17,London,['Rock/Indie'],ticketmaster
LvZ18QOxRfZjOcOvOkWv1,Rachel Sermanni,2026-07-17,Stockport,['Folk/Country'],ticketmaster
LvZ18QbE4txA_G8ZyYTWh,Leo Green Presents: The Secret Sax Party,2026-07-17,London,['Jazz/Blues/Soul'],ticketmaster
LvZ18Qbuzvy33eOZyohRP,Ed Force One + Some Kind Of Metallica,2026-07-17,Southampton,['Rock/Indie'],ticketmaster
LvZ18Qfp70XDMT8Zw1b-Y,Codename Colin,2026-07-17,London,['Metal/Punk'],ticketmaster
LvZ18QqXkB4G29Ov1kwHY,Nuns of The Tundra,2026-07-17,Cardiff,['Rock/Indie'],ticketmaster
LvZ18Qq_a01KEqZvGWXS2,Swiftogeddon - The Taylor Themed Club Night - London (Early Show),2026-07-17,London,['Pop'],ticketmaster
LvZ18QqrJaYWcJOZMivlp,Swiftogeddon - The Taylor Themed Club Night - Manchester (Early Show),2026-07-17,Manchester,['Pop'],ticketmaster
LvZ18QxNe-cEv4YZvc-RC,Soho Spotlight - Friday Live Performance,2026-07-17,London,['Jazz/Blues/Soul'],ticketmaster
LvZ18QxnTgh0ytYvOm21s,Anniversary Celebration of Ozzy Osbourne,2026-07-17,Coventry,['Unclassified'],ticketmaster
G5vHZ_Ak1bvOd,Somerset House Summer Series: Palace,2026-07-17,London,['Rock/Indie'],ticketmaster
LvZ18Q-hSV1LS9ZZ0HRnV,The Total Stone Roses & Oaysis Live,2026-07-17,Derby,['Rock/Indie'],ticketmaster
LvZ18Q9FTb6kpKZZY7uTl,Limehouse Lizzy,2026-07-17,Leeds,['Unclassified'],ticketmaster
LvZ18Q9Faj2k9FZZyI6Kj,Jimmy Nail,2026-07-17,Cumbria,['Pop'],ticketmaster
LvZ18QGOetEqXkYZnlr0i,Ultimate Coldplay,2026-07-17,Leeds,['Unclassified'],ticketmaster
LvZ18QO6MAd7MjZZy3j9W,King Tuts Summer Nights Presents: Flair,2026-07-17,Glasgow,['Rock/Indie'],ticketmaster
LvZ18Qf7I9T9d78ZlBRKR,Riskee and The Ridicule,2026-07-17,Stockton-On-Tees,['Rock/Indie'],ticketmaster
16dfZ_djUG7lt98,Abba Voyage - VIP Premium Package,2026-07-17,London,['Pop'],ticketmaster
1AgZkCKGkeSxaBw,ABBA Voyage,2026-07-17,London,['Pop'],ticketmaster
17GOv0G6GEt_8O-,Grizzlee + the Day After Yesterday (Tday) + Bucktail,2026-07-17,London,['Rock/Indie'],ticketmaster
LvZ18QQnlO0OsgYZHuYcN,80s Night w/ Six Go Mad - 17 July 2026,2026-07-17,Hertford,['Pop'],ticketmaster
LvZ18Qq0ZYCuFXYvqWM4T,Dave Pearce Trance Anthems,2026-07-17,Nuneaton,['Electronic/Dance'],ticketmaster
LvZ18QxNGBPZeYOZvC6L9,Alfies Soho - Live Jazz and Blues,2026-07-17,London,['Jazz/Blues/Soul'],ticketmaster
1AwZko0Gke-SOml,Cydonia Knights - the Uk's Premier Tribute To Muse,2026-07-17,Southampton,['Unclassified'],ticketmaster
LvZ18QxNAv4ZeYOZvC6_F,"Live Jazz from the Piano Bar at Red Room Studios, Soho",2026-07-17,London,['Jazz/Blues/Soul'],ticketmaster
LvZ18QCVkUtpOsOZ0iLE7,Luther Vandross by FiL Straughan,2026-07-17,London,['Hip-Hop/Urban'],ticketmaster
LvZ18QLccPTz3RYZMCAce,History of UK Pirate Radio: Heartless Crew,2026-07-17,London,['Electronic/Dance'],ticketmaster
G5vHZbMcWS3XV,Ronan Keating - Live After Racing,2026-07-18,Newbury,['Rock/Indie'],ticketmaster
G5vHZbV1wFIdE,Splendour Festival 2026 Saturday Day Tickets,2026-07-18,Nottingham,['Rock/Indie'],ticketmaster
LvZ18Qj1kzBe68OvG980-,The Saturday Brunch Club,2026-07-18,London,['Non-Music/Other'],ticketmaster
17u8v0G6uMcApUu,Belle Livingstone's 58th Street Country Club,2026-07-18,London,['Jazz/Blues/Soul'],ticketmaster
LvZ18QN0sPzO-cOZ0HPT5,Saturday Soul Lunch | The Big Easy,2026-07-18,London,['Rock/Indie'],ticketmaster
G5vHZbzx8uxDX,Sammy Virji,2026-07-18,Cardiff,['Pop'],ticketmaster
LvZ18QP7AeFw5YLATjIs2,For The Love Of Garage - Summer Terrace Party (RESCHEDULED),2026-07-18,London,['Electronic/Dance'],ticketmaster
G5vHZ_dY7YyGH,Sammy Virji - Official Ticket and Hotel Bundls,2026-07-18,Cardiff,['Pop'],ticketmaster
16gZko9PMZA2d2a8,Lenny Pearce,2026-07-18,London,['Electronic/Dance'],ticketmaster
16dfZ_djUG7ya_Z,Abba Voyage - VIP Premium Package,2026-07-18,London,['Pop'],ticketmaster
1AgZkCKGkeSR_D3,ABBA Voyage,2026-07-18,London,['Pop'],ticketmaster
G5dzZ_GxWk0L2,An Afternoon of Indie - Indie for the over 30s,2026-07-18,Manchester,['Rock/Indie'],ticketmaster
LvZ18Q02Hq9FbsrrBZdTb,Jon B Live at Pop Brixton,2026-07-18,London,['Hip-Hop/Urban'],ticketmaster
LvZ18Q0_UQENOhhhHCN3m,"Old School Indie LONDON - Over 30s Daytime Party, Sat 18th July, 3pm-7pm",2026-07-18,London,['Rock/Indie'],ticketmaster
LvZ18QQTWF9_P_YZVP9mg,Swiftogeddon - The Taylor Themed Club Night - Cambridge (Early Show),2026-07-18,Cambridge,['Pop'],ticketmaster
1AeGZbzGkSGzoMA,Bruno Mars - the Romantic Tour,2026-07-18,London,['Pop'],ticketmaster
G5vHZbVMD6FBZ,The Streets,2026-07-18,London,['Hip-Hop/Urban'],ticketmaster
16dfZ_70FG7D_28,The Flaming Lips & The Beta Band,2026-07-18,Margate,['Rock/Indie'],ticketmaster
1AgZkubGkd2jn-4,David Byrne,2026-07-18,Halifax,['Rock/Indie'],ticketmaster
1AgZkupGkd-mz2M,CMAT,2026-07-18,Scarborough,['Pop'],ticketmaster
G5vHZ_drLhwNw,Summer Concerts - Thunderhammer Presents MONSTERS OF ROCK LIVE,2026-07-18,Staffordshire,['Rock/Indie'],ticketmaster
G5vHZbgNT5lse,Madness - Grandstand & Paddock,2026-07-18,Newton-Le-Willows,['Rock/Indie'],ticketmaster
LvZ18Qh-e3-W0m8ZiO7mM,Symphonic Ibiza,2026-07-18,Newcastle Upon Tyne,['Electronic/Dance'],ticketmaster
LvZ18QhtRQ76jaOZiz72P,Tragedy: All Metal Tribute to the Bee Gees & Beyond,2026-07-18,Leeds,['Unclassified'],ticketmaster
LvZ18QxNGBN2PM8Zv-dL4,Alfies Soho - Live Jazz and Blues,2026-07-18,London,['Jazz/Blues/Soul'],ticketmaster
1AdfZbMGkR5KafJ,Cmat- Official Ticket and Hotel Bundls,2026-07-18,Scarborough,['Pop'],ticketmaster
1AgZkoAGkdrRJIX,David Byrne - Official Ticket and Hotel Bundls,2026-07-18,Halifax,['Rock/Indie'],ticketmaster
LvZ18QLu9WCF7qYZMorPb,Enigma. Enya. Neoclassica by Mystery Ensemble,2026-07-18,London,['Classical/Orchestral'],ticketmaster
LvZ18QrEYFLy-hOZ0k_61,Immanuel Wilkins Quartet,2026-07-18,London,['Jazz/Blues/Soul'],ticketmaster
1AdbZbSGkD2N_Ir,Edinburgh Castle Concerts Presents Snow Patrol,2026-07-18,Edinburgh,['Rock/Indie'],ticketmaster
1AdFZ_7Gkn-hZOP,DK Harrell,2026-07-18,Glasgow,['Jazz/Blues/Soul'],ticketmaster
1AdFZ_kGklSbOJ9,The Labourers,2026-07-18,Dunfermline,['Folk/Country'],ticketmaster
1AdbZ_7GklGnIhZ,DK Harrell,2026-07-18,Glasgow,['Jazz/Blues/Soul'],ticketmaster
1kuOvN_yGAC-k0F,Miss Americana - A Tribute to Taylor Swift,2026-07-18,Perth,['Unclassified'],ticketmaster
G5dzZ_6TM2ycz,December 10,2026-07-18,London,['Pop'],ticketmaster
G5dzZ_Gl07ayl,Split Second,2026-07-18,Birmingham,['Rock/Indie'],ticketmaster
G5dzZ_awX8ezA,JK,2026-07-18,Birmingham,['Unclassified'],ticketmaster
G5dzZ_drpJSKA,Nirvana UK + Brain of J Pearl Jam Tribute + Red Hot Chilli Peppers UK,2026-07-18,Newcastle Upon Tyne,['Unclassified'],ticketmaster
G5dzZbydNa7V7,Charlie Puth - Whatever's Clever! World Tour,2026-07-18,Birmingham,['Rock/Indie'],ticketmaster
G5dzZbzSleMVh,Steel Panther Europe Twenty Twenty S£x Tour,2026-07-18,London,['Rock/Indie'],ticketmaster
G5dzZbzkUB4YO,Boys Like Girls,2026-07-18,London,['Rock/Indie'],ticketmaster
G5vHZ_FTiafBY,Return to Dust,2026-07-18,London,['Rock/Indie'],ticketmaster
G5vHZ_FUXqd9r,Theo Kandel,2026-07-18,London,['Folk/Country'],ticketmaster
G5vHZbUmYk95n,Jools Holland and His Rhythm & Blues Orchestra,2026-07-18,Llandudno,['Hip-Hop/Urban'],ticketmaster
LvZ18Q0aFtqaQaJyKcVO0,As It Is,2026-07-18,Brighton,['Rock/Indie'],ticketmaster
LvZ18Q8EmgX1YYZZlUbSM,BAT SABBATH,2026-07-18,Bristol,['Unclassified'],ticketmaster
LvZ18Q9cerC8KsOZyvA5M,Daft Punkz - The Live Band Daft Punk Tribute,2026-07-18,Manchester,['Pop'],ticketmaster
LvZ18QLMBRxepJOZ0t2pg,Uptown Top Rankin,2026-07-18,Southampton,['Electronic/Dance'],ticketmaster
LvZ18QfPGJqNtEYZlnRxy,Echoes of the Bunnymen,2026-07-18,Leeds,['Rock/Indie'],ticketmaster
LvZ18QjQ337ApvZZy6Qae,Just the Tonic - Reading - Ross Noble Special - 7pm,2026-07-18,Reading,['Non-Music/Other'],ticketmaster
LvZ18QqNJ1SGf2YZMzWgR,JARROD LAWSON,2026-07-18,London,['Hip-Hop/Urban'],ticketmaster
LvZ18QxkzNniSVOZv3FOP,Tony Kofi's Tentet plays Monk at The Town Hall,2026-07-18,London,['Jazz/Blues/Soul'],ticketmaster
LvZ18Qxn8Uh4z48v1kjVv,ALMA FIERA -  Rock Covers Night,2026-07-18,Bathgate,['Rock/Indie'],ticketmaster
17u8vxG6GE6txVV,The Upbeat Beatles,2026-07-18,Whitby,['Unclassified'],ticketmaster
1AdFZ_aGkMBSOtU,Dirty Blond,2026-07-18,Cardiff,['Pop'],ticketmaster
1AdOZ_dGkSeG-X9,Mack Fleetwood,2026-07-18,Belfast,['Unclassified'],ticketmaster
G5vHZ_AkpVwes,Somerset House Summer Series: Thee Sacred Souls,2026-07-18,London,['Hip-Hop/Urban'],ticketmaster
G5vHZbSet5k-U,Rumours of Fleetwood Mac,2026-07-18,Salford,['Unclassified'],ticketmaster
LvZ18Q--acxQDlYZJVpA3,Butter Funk Family,2026-07-18,London,['Hip-Hop/Urban'],ticketmaster
LvZ18QO6zjl8OBYZMHdWU,King Tuts Summer Nights Presents: Probably Stella?,2026-07-18,Glasgow,['Rock/Indie'],ticketmaster
LvZ18Qb939Qf21YZ0jE6n,Hue and Cry,2026-07-18,Cumbria,['Rock/Indie'],ticketmaster
LvZ18QoiLTaWjKZZltewT,The Dickies,2026-07-18,Leeds,['Rock/Indie'],ticketmaster
16gZk8MusZA516F1,Abba Voyage - VIP Premium Package,2026-07-18,London,['Pop'],ticketmaster
1AgZkCKGkeSHtH9,ABBA Voyage,2026-07-18,London,['Pop'],ticketmaster
17GOv0G6CQsKOli,Aerial Beat Club + Tba (The Strand) + Millie Turner + Soul,2026-07-18,London,['Hip-Hop/Urban'],ticketmaster
1AdFZ_dGkMhiZwh,Forever Springsteen,2026-07-18,Southampton,['Rock/Indie'],ticketmaster
LvZ18Q046bVjbWS81UHsZ,Amplify - Churchgate Street / Autocopy / Asylum,2026-07-18,Hertford,['Rock/Indie'],ticketmaster
LvZ18Q6yfyRZsSOZl6dZP,Britallica,2026-07-18,Exeter,['Metal/Punk'],ticketmaster
LvZ18QNySmXMuode51Pfj,Be Kind Cadaver + Gladys Friday,2026-07-18,Brighton,['Rock/Indie'],ticketmaster
LvZ18QxNGBN2PM8Zv-dLp,Alfies Soho - Live Jazz and Blues,2026-07-18,London,['Jazz/Blues/Soul'],ticketmaster
LvZ18QxkzNniSVOZv3FOJ,Tony Kofi's Tentet plays Monk at The Town Hall,2026-07-18,London,['Jazz/Blues/Soul'],ticketmaster
17CZv0G619CJoPe,Neek,2026-07-18,Belfast,['Pop'],ticketmaster
LvZ18Q-PBHTIWIYZ0N6t0,Homoelectric at Jazz Cafe,2026-07-18,London,['Electronic/Dance'],ticketmaster
LvZ18QN2Q1TUYqOZ0MqHh,Live Band Karaoke,2026-07-18,London,['Unclassified'],ticketmaster
LvZ18Qxvno5ZgWZvGuC6M,Soul City: House music every Saturday,2026-07-18,London,['Unclassified'],ticketmaster
LvZ18Q0SJDal4AnHpaME0,"I Love Reggaeton ""White Summer Party Edition""",2026-07-18,London,['Electronic/Dance'],ticketmaster
G5vHZbSJjrUVS,Splendour Festival 2026 - Weekend Tickets,2026-07-18,Nottingham,['Rock/Indie'],ticketmaster
G5vHZbV10uEJS,Splendour Festival 2026 Sunday Day Tickets,2026-07-19,Nottingham,['Rock/Indie'],ticketmaster
LvZ18Qqr_1KfF0Yv162m5,"Bents Park Live: Pride in South Tyneside with Joe McElderry, Sonia and 911",2026-07-19,South Shields,['Rock/Indie'],ticketmaster
LvZ18Qj5utAI8B8Z0AeDk,Sunday Soul Sessions,2026-07-19,London,['Hip-Hop/Urban'],ticketmaster
15dfZ_djMfaQf,Abba Voyage - VIP Premium Package,2026-07-19,London,['Pop'],ticketmaster
17u8v0G6GJNkkXZ,Pat Metheny Side-Eye III+,2026-07-19,London,['Jazz/Blues/Soul'],ticketmaster
1AgZkCKGkeV1aWk,ABBA Voyage,2026-07-19,London,['Pop'],ticketmaster
G5vHZ_A2BDI2K,Lenny Pearce,2026-07-19,Manchester,['Electronic/Dance'],ticketmaster
G5vHZ_A6vYV9h,Somerset House Summer Series: Lightning Seeds,2026-07-19,London,['Rock/Indie'],ticketmaster
1ANZk8EGkdFTYUe,Bruno Mars - The Romantic Tour,2026-07-19,London,['Pop'],ticketmaster
17u8v0G6GJN6kX6,Pat Metheny Side-Eye III+,2026-07-19,London,['Jazz/Blues/Soul'],ticketmaster
1AgZkCKGkeV9_TG,ABBA Voyage,2026-07-19,London,['Pop'],ticketmaster
1AgZkubGkeYWzAS,Alex James' Britpop Classical,2026-07-19,Halifax,['Rock/Indie'],ticketmaster
1agZk8MuzQpZe5u,Abba Voyage - VIP Premium Package,2026-07-19,London,['Pop'],ticketmaster
LvZ18QrqtjijyhOZ0nVf_,PYTHIA + VANITAS + DEITY & DEVILRY,2026-07-19,London,['Metal/Punk'],ticketmaster
1AdfZbgGkU0_9cT,Alex James' Britpop Classical- Official Ticket and Hotel Bundls,2026-07-19,Halifax,['Rock/Indie'],ticketmaster
LvZ18QjnFAg2hRZvLQYX9,Lovers Rock Romantic Reggae with Winston Reedy,2026-07-19,London,['World/Latin/Reggae'],ticketmaster
17u8v0G6uMcKJyh,Belle Livingstone's 58th Street Country Club,2026-07-19,London,['Jazz/Blues/Soul'],ticketmaster
1AMZkCeGkdi2NzH,Miss Americana - A Tribute To Taylor Swift,2026-07-19,Glasgow,['Unclassified'],ticketmaster
G5vHZ_k1k8spj,Atarashii Gakko,2026-07-19,London,['Rock/Indie'],ticketmaster
LvZ18Q4VAylSRBOZl_YvT,The Far Meadow + Dominic Sanderson,2026-07-19,Southampton,['Rock/Indie'],ticketmaster
LvZ18Q_4Ut4qhqYZlkLAG,Deviant - The Resurrection Tour,2026-07-19,Newcastle,['Electronic/Dance'],ticketmaster
1AdjZbUGkRZ54tr,Jools Holland and His Rhythm & Blues Orchestra,2026-07-19,Wolverhampton,['Hip-Hop/Urban'],ticketmaster
LvZ18QO6yX58OBYv1H7ty,King Tuts Summer Nights Presents: Limerence,2026-07-19,Glasgow,['Rock/Indie'],ticketmaster
16dbZ_AGZG7RWoX,Lenny Pearce,2026-07-20,Glasgow,['Pop'],ticketmaster
LvZ18Q01vhgUf2oXIrViB,ASTRA PENTAXIA & THE SONIC TELEPATHS,2026-07-20,London,['Rock/Indie'],ticketmaster
1AUZk3kGkd_1VM5,Hip Hop Scotland Presents: Verb T,2026-07-20,Glasgow,['Hip-Hop/Urban'],ticketmaster
1AdbZ_7GkMCsbKp,David Byrne,2026-07-20,Edinburgh,['Rock/Indie'],ticketmaster
1kCZv0r6GA2kYRj,December 10,2026-07-20,Belfast,['Pop'],ticketmaster
G5dzZ_7Mzs6cw,Juanes,2026-07-20,London,['World/Latin/Reggae'],ticketmaster
G5vHZ_FnM773k,Matt Berninger,2026-07-20,London,['Rock/Indie'],ticketmaster
LvZ18Qf2KHr3zfYZ0SdzI,FARAQUET,2026-07-20,London,['Rock/Indie'],ticketmaster
LvZ18QrX4mkNm_Ovq9HkO,The Wildhearts,2026-07-20,Birmingham,['Rock/Indie'],ticketmaster
LvZ18QxL5zlb8pZv6Tk9G,Totó La Momposina: Candela Eterna,2026-07-20,London,['World/Latin/Reggae'],ticketmaster
1AMZkGYGkdLy_D2,Rumours of Fleetwood Mac,2026-07-20,Peterborough,['Unclassified'],ticketmaster
G5vHZ_A67k0je,Somerset House Summer Series: The Cribs,2026-07-20,London,['Rock/Indie'],ticketmaster
G5vHZ_kCl2eE0,Gary Numan,2026-07-20,Norwich,['Rock/Indie'],ticketmaster
G5vHZbzwioJ3s,Steel Panther,2026-07-20,Norwich,['Rock/Indie'],ticketmaster
LvZ18QqgfB1BZX8v1rJHg,Scottish Fish,2026-07-20,Newcastle Upon Tyne,['World/Latin/Reggae'],ticketmaster
16dfZ_djMG7RaQV,Abba Voyage - VIP Premium Package,2026-07-20,London,['Pop'],ticketmaster
1AgZkCKGkeVP1Zd,ABBA Voyage,2026-07-20,London,['Pop'],ticketmaster
LvZ18Qx0TpxH9pOZzlnu8,Isabelle Mettle,2026-07-21,London,['Hip-Hop/Urban'],ticketmaster
17uYv0G61pbvx5z,Yandel,2026-07-21,London,['World/Latin/Reggae'],ticketmaster
G5vHZ_7hHfBIN,An Evening with the Flaming Lips,2026-07-21,Wolverhampton,['Rock/Indie'],ticketmaster
17uYv0G6G9Hvmo6,Jay Buchanan,2026-07-21,Brighton,['Rock/Indie'],ticketmaster
1AdOZ_7GklOO3dX,The Beta Band,2026-07-21,Belfast,['Rock/Indie'],ticketmaster
1AdbZ_dGkSlkI3A,David Byrne,2026-07-21,Edinburgh,['Rock/Indie'],ticketmaster
1kuOv0ayGAuSePA,Charlie Puth - Whatever's Clever! World Tour,2026-07-21,Edinburgh,['Rock/Indie'],ticketmaster
G5vHZ_1QDndPt,Adam Lambert,2026-07-21,London,['Rock/Indie'],ticketmaster
G5vHZby52rpae,Vanessa Carlton,2026-07-21,London,['Rock/Indie'],ticketmaster
G5vHZbzRm39J-,Steel Panther,2026-07-21,Manchester,['Rock/Indie'],ticketmaster
LvZ18QQJ2PL3or8Zgv66-,Lalalar,2026-07-21,London,['Rock/Indie'],ticketmaster
LvZ18Qh5_f2LZaYZ0e3z0,Tragedy: All Metal Tribute to the Bee Gees & Beyond,2026-07-21,Newcastle,['Unclassified'],ticketmaster
LvZ18QxO94kSbP8vGVydG,Verb T,2026-07-21,Edinburgh,['Hip-Hop/Urban'],ticketmaster
1AMZkGYGkdQXtgQ,Rumours of Fleetwood Mac,2026-07-21,Wolverhampton,['Unclassified'],ticketmaster
G5vHZ_A66_0x6,Somerset House Summer Series: Agnes Obel,2026-07-21,London,['Rock/Indie'],ticketmaster
G5vHZ_k2HokKu,Gary Numan,2026-07-21,Norwich,['Rock/Indie'],ticketmaster
LvZ18Q8CZjFIgz8Z0dWef,Bat Sabbath,2026-07-21,Brighton,['Unclassified'],ticketmaster
LvZ18QQIFNWLfBOZ0Dwby,Clann An Drumma - Tribal Band,2026-07-21,Hertford,['Folk/Country'],ticketmaster
LvZ18QbENxbPJnYZyqzNF,The Van Morrison Alumni Band,2026-07-21,London,['Rock/Indie'],ticketmaster
17GOv0G6uLoYOxB,Drez Camino + Jack Browett + Sweet Caporal,2026-07-21,London,['Rock/Indie'],ticketmaster
LvZ18QquqJ-E6tZZ09T6A,I Hardly Know Her / Rite Off,2026-07-21,St Albans,['Rock/Indie'],ticketmaster
LvZ18Qx5hpJQsbYvG8V3Z,The Definitive Rat Pack,2026-07-21,London,['Jazz/Blues/Soul'],ticketmaster
1FuOv04vFvZ7Cduu,Lenny Pearce,2026-07-22,York,['Electronic/Dance'],ticketmaster
1ANZk8EGkdUY8Wh,Bruno Mars - The Romantic Tour,2026-07-22,London,['Pop'],ticketmaster
1AdfZbSGknNxhFY,Teddy Swims,2026-07-22,Scarborough,['Pop'],ticketmaster
LvZ18Q--Ad60z3OZIm4-o,Cloud Vincent,2026-07-22,London,['Rock/Indie'],ticketmaster
LvZ18QhAq2fcM0YZ0cbKd,Shez Raja ft Guthrie Govan Wed 22 July 26 Performing Live Jam House Bham,2026-07-22,Birmingham,['Jazz/Blues/Soul'],ticketmaster
16gZkuvZIZAuC78C,Teddy Swims- Official Ticket and Hotel Bundls,2026-07-22,Scarborough,['Pop'],ticketmaster
G5vHZby50QJ-h,Vanessa Carlton,2026-07-22,Bristol,['Rock/Indie'],ticketmaster
LvZ18Q_sQql330ZZw7vsJ,Snake Davis,2026-07-22,London,['Jazz/Blues/Soul'],ticketmaster
LvZ18QqmWUb61HZv1ejlF,Davina & The Vagabonds,2026-07-22,Saltaire,['Jazz/Blues/Soul'],ticketmaster
17u8v0G6uMc-UWr,Belle Livingstone's 58th Street Country Club,2026-07-22,London,['Jazz/Blues/Soul'],ticketmaster
1AdbZ_dGkMN3ICs,David Byrne,2026-07-22,Edinburgh,['Rock/Indie'],ticketmaster
G5dzZ_6mTZA1B,Bar Dust - Tribute To the Pogues,2026-07-22,Liverpool,['Rock/Indie'],ticketmaster
G5dzZ_aLLo4nE,En Vogue,2026-07-22,London,['Hip-Hop/Urban'],ticketmaster
G5dzZbzXpZeBt,Steel Panther - EUROPE TWENTY TWENTY S£X TOUR,2026-07-22,Birmingham,['Rock/Indie'],ticketmaster
G5vHZby6j5Jph,Charlie Puth - Whatever's Clever! World Tour,2026-07-22,Manchester,['Rock/Indie'],ticketmaster
LvZ18Q-hb60IG6ZZzHV11,EYOE Recommends: In Aid of War Child,2026-07-22,London,['Rock/Indie'],ticketmaster
LvZ18Q9a7Km6lDOZyXedg,Eric Johnson,2026-07-22,Wolverhampton,['Rock/Indie'],ticketmaster
LvZ18QhnXu_3qN8ZHBTYX,Tuk Smith & The Restless Hearts,2026-07-22,Southampton,['Rock/Indie'],ticketmaster
LvZ18QjYAl1SwfOZznLqt,The Garifuna Collective,2026-07-22,London,['World/Latin/Reggae'],ticketmaster
LvZ18QrcXcWKQSYZMeykv,Verb T Live,2026-07-22,Newcastle,['Hip-Hop/Urban'],ticketmaster
LvZ18QrmGlmby9ZZ0EdXu,The Sweet Kill,2026-07-22,Glasgow,['Rock/Indie'],ticketmaster
1AMZk3pGkd0qUOX,Westislonely,2026-07-22,London,['Rock/Indie'],ticketmaster
G5vHZ_5li-bEo,Theo Kandel,2026-07-22,Manchester,['Folk/Country'],ticketmaster
G5vHZ_A6aU0t3,"Somerset House Summer Series: Black Country, New Road",2026-07-22,London,['Rock/Indie'],ticketmaster
G5vHZbSd12Mlq,Rumours of Fleetwood Mac,2026-07-22,Southend-On-Sea,['Unclassified'],ticketmaster
LvZ18QLsCC0byM8v12Y5o,Steve Ray Ladson - ‘Blackgrass Brothercana’,2026-07-22,Newcastle Upon Tyne,['Folk/Country'],ticketmaster
LvZ18QQ-QlISMAYZHGzp0,Soledad Brothers,2026-07-22,Newcastle Upon Tyne,['Rock/Indie'],ticketmaster
LvZ18QNZdxkXofOvOkNaV,Ben Jones & Xavier Lynn Double Headline Show,2026-07-22,London,['Unclassified'],ticketmaster
LvZ18QxToNQ4cRYZzhEVH,Amplify - Blue Zoo / Valence,2026-07-22,Hertford,['Rock/Indie'],ticketmaster
LvZ18QxpZR9V1qYZzl7gW,Amplify - Explode The TV / Blacklight / Good Mother Lizard / Mass Ignition,2026-07-22,St Albans,['Rock/Indie'],ticketmaster
LvZ18QjaEm4QHgZZP6SAU,Simply Billy Joel,2026-07-22,London,['Pop'],ticketmaster
16MZkGMu6ZA8u2a7,Latitude Festival 2026: General Caravan & Car,2026-07-22,Suffolk,['Unclassified'],ticketmaster
16djZbS0AG7wEzJ,Latitude Festival 2026: General Campervan Under 5m,2026-07-22,Suffolk,['Unclassified'],ticketmaster
1AMZkGMGkdlJQcv,Latitude Festival 2026: Family Campervan Under 5m,2026-07-22,Suffolk,['Unclassified'],ticketmaster
1AMZkGyGkdOcjiw,Latitude Festival 2026: General Campervan Under 7m,2026-07-22,Suffolk,['Unclassified'],ticketmaster
1AMZkGyGkdbsHuZ,Latitude Festival 2026: General Campervan Over 7m,2026-07-22,Suffolk,['Unclassified'],ticketmaster
1FuYvNusvOZ7GC7A,Latitude Festival 2026: Family Campervan Under 7m,2026-07-22,Suffolk,['Unclassified'],ticketmaster
1adjZbS083_Zd5Cd,Latitude Festival 2026: Family Caravan & Car,2026-07-22,Suffolk,['Unclassified'],ticketmaster
1kuYvNuwGACGjc1,Latitude Festival 2026: Family Campervan Over 7m,2026-07-22,Suffolk,['Unclassified'],ticketmaster
G5vHZbgUYM6e4,HERITAGE LIVE: Faithless + Special Guests,2026-07-23,Reading,['Pop'],ticketmaster
1AdfZbSGkBYd1xV,Teddy Swims,2026-07-23,Scarborough,['Pop'],ticketmaster
1AgZkuJGkdqaDQ0,The Flaming Lips & The Beta Band,2026-07-23,Halifax,['Rock/Indie'],ticketmaster
1ku8vN_6GAGHxJ9,James Taylor & His All-Star Band,2026-07-23,London,['Rock/Indie'],ticketmaster
LvZ18QNSM-l66bYesFPUC,Nyege Nyege presents NAKIBEMBE (Outdoor show),2026-07-23,London,['World/Latin/Reggae'],ticketmaster
LvZ18Q_oSbk_xw8Zy5Ka8,An Evening of… Gregory Isaacs Thu 23 July 2026 Live Jam House Birmingham,2026-07-23,Birmingham,['World/Latin/Reggae'],ticketmaster
LvZ18Qf8gRqooKZZlAQKy,Racetraitor,2026-07-23,London,['Rock/Indie'],ticketmaster
1AdfZbUGkwLhMxa,The Flaming Lips & the Beta Band  Official Ticket and Hotel Bundls,2026-07-23,Halifax,['Non-Music/Other'],ticketmaster
1Fu8vN88FUZ7C7Cv,Teddy Swims- Official Ticket and Hotel Bundls,2026-07-23,Scarborough,['Pop'],ticketmaster
G5vHZbSeP3UhF,Rumours of Fleetwood Mac,2026-07-23,Eastbourne,['Unclassified'],ticketmaster
LvZ18Q0C4HTwr5AZwuPV6,"Live Jazz from the Piano Bar at Red Room Studios, Soho",2026-07-23,London,['Jazz/Blues/Soul'],ticketmaster
LvZ18Q4mSZtOLG8Z0Yvan,Showaddywaddy,2026-07-23,Norwich,['Rock/Indie'],ticketmaster
17u8v0G6G9tCR1z,Jay Buchanan,2026-07-23,Southampton,['Rock/Indie'],ticketmaster
17u8v0G6uMcY6v8,Belle Livingstone's 58th Street Country Club,2026-07-23,London,['Jazz/Blues/Soul'],ticketmaster
1AMZkotGkd8cKsk,The Courteeners,2026-07-23,Stoke-On-Trent,['Rock/Indie'],ticketmaster
1AwZkuwGkd6z8U4,Bushman - Restaurant,2026-07-23,London,['World/Latin/Reggae'],ticketmaster
1AwZkuwGkd6zZSA,Bushman,2026-07-23,London,['World/Latin/Reggae'],ticketmaster
1AzZkC8GkdjVxIH,Neds Atomic Dustbin,2026-07-23,Belfast,['Rock/Indie'],ticketmaster
G5vHZ_aQU04AA,Westislonely,2026-07-23,Manchester,['Unclassified'],ticketmaster
G5vHZbURhh_5M,Jools Holland and His Rhythm & Blues Orchestra,2026-07-23,Carlisle,['Hip-Hop/Urban'],ticketmaster
G5vHZbUbai1oq,Miss Americana - A Tribute to Taylor Swift,2026-07-23,Yeovil,['Unclassified'],ticketmaster
LvZ18Qj7_IhQc78Z0coMR,Tuk Smith & The Restless Hearts,2026-07-23,Wolverhampton,['Rock/Indie'],ticketmaster
LvZ18QpNDXjBNI8ZyjZqz,QUEEN BEE,2026-07-23,London,['Rock/Indie'],ticketmaster
LvZ18QqN_2muFXYvqWgrW,Forever Elton + Forever Billy Joel,2026-07-23,Southampton,['Pop'],ticketmaster
LvZ18QxN7FbzYRYZvNl7o,Round 41 - Live Jazz and Fusion Night,2026-07-23,London,['Jazz/Blues/Soul'],ticketmaster
1AdbZ_7GkSEQy1R,The Proclaimers,2026-07-23,Sunderland,['Rock/Indie'],ticketmaster
G5vHZ_A61Z7nG,Somerset House Summer Series: Venna,2026-07-23,London,['Hip-Hop/Urban'],ticketmaster
G5vHZ_FlDwz8w,Diles Que No Me Maten,2026-07-23,London,['Rock/Indie'],ticketmaster
G5vHZ_kCcjwRV,Gary Numan,2026-07-23,Bournemouth,['Rock/Indie'],ticketmaster
G5vHZ_kVdGyHG,Black Pistol Fire,2026-07-23,London,['Rock/Indie'],ticketmaster
G5vHZbUp7uK3c,Bat Sabbath,2026-07-23,London,['Unclassified'],ticketmaster
LvZ18QLaozT9x_ZZJvvGR,The Sweet Kill,2026-07-23,Newcastle Upon Tyne,['Rock/Indie'],ticketmaster
LvZ18QO6DQD8OBYZ0H7Le,King Tuts Summer Nights Presents: ForFauna,2026-07-23,Glasgow,['Rock/Indie'],ticketmaster
LvZ18QO9BOWInoYZzAz6y,Gee Tee,2026-07-23,Leeds,['Rock/Indie'],ticketmaster
16dfZ_djMG7HthZ,Abba Voyage - VIP Premium Package,2026-07-23,London,['Pop'],ticketmaster
1AgZkCKGkeVwQv6,ABBA Voyage,2026-07-23,London,['Pop'],ticketmaster
17GOv0G6G9zOZYU,Bastie + Belle + Special Guest,2026-07-23,London,['Rock/Indie'],ticketmaster
LvZ18QxT3Dr4mRZZDqeKc,Amplify - Good Time Locomotive / Ultraviolet,2026-07-23,Hertford,['Rock/Indie'],ticketmaster
LvZ18Q0C4HTwr5AZwuPVk,"Live Jazz from the Piano Bar at Red Room Studios, Soho",2026-07-23,London,['Jazz/Blues/Soul'],ticketmaster
LvZ18Q3jvZF9VW8Z08Xv3,Fleetwood Mac: Our Own Way,2026-07-23,London,['Rock/Indie'],ticketmaster
LvZ18QjdzhMlDLZZViN6R,Tuk Smith & The Restless Hearts,2026-07-23,Wolverhampton,['Rock/Indie'],ticketmaster
17uYvxG626FGRPc,Latitude Luxury 2026 - Shikar Tent for 4,2026-07-23,Suffolk,['Unclassified'],ticketmaster
17uYvxG626fT6gM,Latitude Luxury 2026 - Summerhouse (En-Suite) for 2,2026-07-23,Suffolk,['Unclassified'],ticketmaster
17uYvxG626jgzWO,Latitude Luxury 2026 - the Night Owl (En-Suite) for 2,2026-07-23,Suffolk,['Unclassified'],ticketmaster
17uYvxG6C0dWaQl,Latitude Luxury 2026 - Cabin for 4,2026-07-23,Suffolk,['Unclassified'],ticketmaster
17uYvxG6CE3dITZ,"Latitude Luxury 2026 - Arena Bell for 2, 3, or 4",2026-07-23,Suffolk,['Unclassified'],ticketmaster
17uYvxG6CE9y_Zo,Latitude Luxury 2026 - Cabin for 2,2026-07-23,Suffolk,['Unclassified'],ticketmaster
17uYvxG6CESi__h,Latitude Luxury 2026 - Luxury Cabin (En-Suite) for 2,2026-07-23,Suffolk,['Unclassified'],ticketmaster
17uYvxG6CJVrzmp,Latitude Luxury 2026 - Deluxe Bell for 2,2026-07-23,Suffolk,['Unclassified'],ticketmaster
17uYvxG6CJYEzqv,Latitude Luxury 2026 - Mini Bedouin,2026-07-23,Suffolk,['Unclassified'],ticketmaster
17uYvxG6CJrDMPH,Latitude Luxury 2026 - Country Wagon for 4,2026-07-23,Suffolk,['Unclassified'],ticketmaster
17uYvxG6COHgbjJ,"Latitude Luxury 2026 - Bell House for 2, 3, or 4",2026-07-23,Suffolk,['Unclassified'],ticketmaster
17uYvxG6COMvIQn,Latitude Luxury 2026 - Motorhome Airstream (En-Suite) for 5,2026-07-23,Suffolk,['Unclassified'],ticketmaster
17uYvxG6CORdbQJ,"Latitude Luxury 2026 - Airstream (En-Suite) for 2, 4, or 5",2026-07-23,Suffolk,['Unclassified'],ticketmaster
17uYvxG6CRAgwV1,"Latitude Luxury 2026 - Luxury Bell Tent for 2, 3 or 4",2026-07-23,Suffolk,['Unclassified'],ticketmaster
17uYvxG6ClHa4jI,"Latitude Luxury 2026 - Safari Suite (En-Suite) for 2, 3 or 4",2026-07-23,Suffolk,['Unclassified'],ticketmaster
17uYvxG6ClKZSWc,Latitude Luxury 2026 - Empty Bell for up to 5 or 8,2026-07-23,Suffolk,['Unclassified'],ticketmaster
17uYvxG6ClM7g95,Latitude Luxury 2026 - Luxury Yurt for 2,2026-07-23,Suffolk,['Unclassified'],ticketmaster
17uYvxG6ClRMfSC,Latitude Luxury 2026 - Tenthouse (En Suite) for 4,2026-07-23,Suffolk,['Unclassified'],ticketmaster
17uYvxG6Clw90g2,"Latitude Luxury 2026 - Forest Luxury Bell Tent for 2, 3 or 4",2026-07-23,Suffolk,['Unclassified'],ticketmaster
17uYvxG6Cn33s2T,Latitude Luxury 2026 - Bedouin Tent for 2 or 4,2026-07-23,Suffolk,['Unclassified'],ticketmaster
17uYvxG6Cn3ho8N,Latitude Luxury 2026 - Safari Grand (En-Suite) for 4,2026-07-23,Suffolk,['Unclassified'],ticketmaster
17uYvxG6CnGl-Fx,Latitude Luxury 2026 - Bedouin Mirage for 4,2026-07-23,Suffolk,['Unclassified'],ticketmaster
17uYvxG6CnOQvls,Latitude Luxury 2026 - Eco Lodge (En-Suite) for 2,2026-07-23,Suffolk,['Unclassified'],ticketmaster
17uYvxG6CnfTsfL,Latitude Luxury 2026 - RV for up to 4 or 8,2026-07-23,Suffolk,['Unclassified'],ticketmaster
17uYvxG6Cnm83GM,Latitude Luxury 2026 - Tipi Tenthouse (En Suite) for 8,2026-07-23,Suffolk,['Unclassified'],ticketmaster
17uYvxG6Cnn7eAI,Latitude Luxury 2026 - Luxury Tipi for 2 or 4,2026-07-23,Suffolk,['Unclassified'],ticketmaster
17uYvxG6Cnyt301,"Latitude Luxury 2026 - Tipi Lodge for 2, 3 or 4",2026-07-23,Suffolk,['Unclassified'],ticketmaster
1AMZk8SGkd763OM,Latitude Festival 2026: Lanyard & Programme,2026-07-23,Suffolk,['Unclassified'],ticketmaster
1AdjZbSGkBDZtQk,Latitude Festival 2026: Souvenir Ticket,2026-07-23,Suffolk,['Unclassified'],ticketmaster
1kuYv018GA5oKDu,Latitude Festival 2026 - Friday Day Ticket,2026-07-24,Suffolk,['Unclassified'],ticketmaster
G5vHZbVqHXN4F,HERITAGE LIVE: Richard Ashcroft,2026-07-24,Reading,['Rock/Indie'],ticketmaster
LvZ18QhkZP4HYQZZv_qp4,Cougar Live MusicX,2026-07-24,Keighley,['Rock/Indie'],ticketmaster
1AMZkubGkdRUu4v,Ministry Of Sound Classical - Live After Racing,2026-07-24,Esher,['Classical/Orchestral'],ticketmaster
1AgZkodGkdkptQu,Craig David Presents Ts5 - Grandstand & Paddock,2026-07-24,York,['Hip-Hop/Urban'],ticketmaster
1AgZkodGkeIuky_,Craig David Presents TS5 - County Stand,2026-07-24,York,['Hip-Hop/Urban'],ticketmaster
1ANZk8EGkdMNYWE,Bruno Mars - The Romantic Tour,2026-07-24,London,['Pop'],ticketmaster
1AdbZbVGkUKwdBT,Luke Combs - My Kinda Saturday Night Tour,2026-07-24,Edinburgh,['Folk/Country'],ticketmaster
G5vHZ_75a-fBo,Self Esteem - Upgrade (does not include event ticket),2026-07-24,Cardiff,['Pop'],ticketmaster
G5vHZbMkuISRy,Self Esteem,2026-07-24,Cardiff,['Pop'],ticketmaster
LvZ18Q-gOnqvZo8vO8Lxt,My Rushmore,2026-07-24,London,['Rock/Indie'],ticketmaster
LvZ18QNV2VmcOQ4JLpnBm,"Feeder | Blackpool, Winter Gardens",2026-07-24,Blackpool,['Rock/Indie'],ticketmaster
LvZ18QNV32oxOMLgDHShr,"Live at Melbourne Hall: Jo Whiley's 90s Anthems, Gary Davies 80s Disco",2026-07-24,Derby,['Pop'],ticketmaster
LvZ18Qf5GSC_3ZZZwKfZE,The Wombats,2026-07-24,Newcastle Upon Tyne,['Rock/Indie'],ticketmaster
G5vHZbzK-Itdh,Self Esteem - Official Ticket and Hotel Bundls,2026-07-24,Cardiff,['Pop'],ticketmaster
1AdfZbgGkmrR7Gf,Alex James' Britpop Classical,2026-07-24,Margate,['Rock/Indie'],ticketmaster
17uOv0G6GKLAGWg,"Kyle Falconer, Spyres, Chancer, Alcatraz, Fog Bandits",2026-07-24,Glasgow,['Rock/Indie'],ticketmaster
G5vHZ_dhhlVAn,Summer Concerts - Fleetwood Bac - A Tribute to Fleetwood Mac,2026-07-24,Staffordshire,['Rock/Indie'],ticketmaster
LvZ18Q-pfpC1_e8Z0xE90,SUPERTONIC Fri 24 July 2026 The Jam House Birmingham,2026-07-24,Birmingham,['Pop'],ticketmaster
LvZ18QxNGBPZeYOZvC6Lb,Alfies Soho - Live Jazz and Blues,2026-07-24,London,['Jazz/Blues/Soul'],ticketmaster
1AdjZbUGkRuqpQk,Jools Holland and His Rhythm & Blues Orchestra,2026-07-24,Peterborough,['Hip-Hop/Urban'],ticketmaster
G5dzZbtLobv7V,Go Your Own Way Fleetwood Mac Tribute,2026-07-24,Newcastle Upon Tyne,['Unclassified'],ticketmaster
G5vHZ_kC42oHe,Gary Numan,2026-07-24,Bournemouth,['Rock/Indie'],ticketmaster
LvZ18QxNAv4ZeYOZvC6_a,"Live Jazz from the Piano Bar at Red Room Studios, Soho",2026-07-24,London,['Jazz/Blues/Soul'],ticketmaster
LvZ18QxR_ogQ_GZvOwcRw,Kaytranada's 99.9% Revisited (10th Anniversary),2026-07-24,London,['Electronic/Dance'],ticketmaster
17GOv0G61NcJ8la,Six60,2026-07-24,Glasgow,['Rock/Indie'],ticketmaster
17GOv0G6Gl42Y0a,The Freddie & Queen Experience,2026-07-24,Dunfermline,['Rock/Indie'],ticketmaster
17u8v0G6uMcX96h,Belle Livingstone's 58th Street Country Club,2026-07-24,London,['Jazz/Blues/Soul'],ticketmaster
17uOv0G61NHQ_OA,Six60,2026-07-24,Glasgow,['Rock/Indie'],ticketmaster
1AdfZ_aGkRUtbKJ,JK,2026-07-24,Leeds,['Unclassified'],ticketmaster
G5dzZ_aMgg7I1,Donell Jones & Ginuwine,2026-07-24,London,['Hip-Hop/Urban'],ticketmaster
G5dzZ_aNRx98q,Armanii - The Impact Tour,2026-07-24,Birmingham,['Hip-Hop/Urban'],ticketmaster
G5dzZbMRCGbFT,Guns 2 Roses + Metallica Re-Loaded + Faith No Man,2026-07-24,Birmingham,['Unclassified'],ticketmaster
G5dzZbMRivn_A,The Amy Winehouse Experience,2026-07-24,Manchester,['Unclassified'],ticketmaster
G5dzZbzR4bg7K,Steel Panther Europe Twenty Twenty S£x Tour,2026-07-24,Bristol,['Rock/Indie'],ticketmaster
G5vHZ_kMUjt3r,Black Pistol Fire,2026-07-24,Manchester,['Rock/Indie'],ticketmaster
G5vHZbUMhfz5x,David Gray,2026-07-24,Basingstoke,['Rock/Indie'],ticketmaster
G5vHZbg9FJFdD,Chalk,2026-07-24,London,['Rock/Indie'],ticketmaster
LvZ18Q-uS8q2ojYvOs8D1,The Legend of Luke Kelly,2026-07-24,Belfast,['Folk/Country'],ticketmaster
LvZ18Q-xbSf6r68ZEucsb,Sabbotage - A tribute to Black Sabbath,2026-07-24,Cardiff,['Metal/Punk'],ticketmaster
LvZ18Q4WMRV0Kr8Zl3OeC,"Voodoo Room - A Night of Hendrix, Clapton & Cream",2026-07-24,Morecambe,['Rock/Indie'],ticketmaster
LvZ18QQTDOjwiv8ZVo5Mc,Swiftogeddon - The Taylor Themed Club Night - Liverpool (Early Show),2026-07-24,Liverpool,['Pop'],ticketmaster
LvZ18QaH6b2pRA8ZRwBVw,Hounds Of Love: The Kate Bush Celebration,2026-07-24,Southampton,['Pop'],ticketmaster
LvZ18Qhvn2WrDTZZVaZI8,Arnocorps,2026-07-24,Newcastle Upon Tyne,['Metal/Punk'],ticketmaster
LvZ18Qj1APne68OZz9o1d,Stiff Bizkit,2026-07-24,Derby,['Hip-Hop/Urban'],ticketmaster
LvZ18QrmC5sweXZZ0w_Rf,The Sweet Kill,2026-07-24,London,['Rock/Indie'],ticketmaster
LvZ18QxNe-cEv4YZvc-R2,Soho Spotlight - Friday Live Performance,2026-07-24,London,['Jazz/Blues/Soul'],ticketmaster
17u8vxG6umQLMZD,Anything for Love  The Meat Loaf Story,2026-07-24,Scarborough,['Unclassified'],ticketmaster
1adjZ_ejt0KZd2Au,Lost In Music - One Night at the Disco,2026-07-24,Bath,['Unclassified'],ticketmaster
G5vHZ_A623fX5,Somerset House Summer Series: Raf-Saperra,2026-07-24,London,['Hip-Hop/Urban'],ticketmaster
LvZ18Qx1_x_MgqYZzT9EN,THE SELECTER,2026-07-24,Northampton,['Rock/Indie'],ticketmaster
1AgZkCKGkeVTneA,ABBA Voyage,2026-07-24,London,['Pop'],ticketmaster
1agZk8MCexpZeCe,Abba Voyage - VIP Premium Package,2026-07-24,London,['Pop'],ticketmaster
LvZ18Qxth48G8gZZ0tloK,Mark Kavuma Quintet,2026-07-24,London,['Jazz/Blues/Soul'],ticketmaster
17GOv0G6GRl5OIk,Buster and Tallulah + Slowlight + Carlton + DJ Max De Luz,2026-07-24,London,['Rock/Indie'],ticketmaster
17uYv0G6GjiBbLB,Jay Buchanan,2026-07-24,Bristol,['Rock/Indie'],ticketmaster
LvZ18Q8S0pL_v9YZ0_V-s,Roxy Magic,2026-07-24,Kinross,['Unclassified'],ticketmaster
LvZ18QLd1W3RpqZZ0Vt7G,Northern Soul LIVE – The Signatures,2026-07-24,London,['Hip-Hop/Urban'],ticketmaster
LvZ18QQqbx8XehOZnUjAG,Andy Bennett (Ocean Colour Scene),2026-07-24,Birmingham,['Rock/Indie'],ticketmaster
LvZ18Q_oNvyATrZZwz9vS,Whitesnake UK,2026-07-24,Nuneaton,['Unclassified'],ticketmaster
LvZ18QxNGBPZeYOZvC6L_,Alfies Soho - Live Jazz and Blues,2026-07-24,London,['Jazz/Blues/Soul'],ticketmaster
LvZ18QxNAv4ZeYOZvC6_1,"Live Jazz from the Piano Bar at Red Room Studios, Soho",2026-07-24,London,['Jazz/Blues/Soul'],ticketmaster
17uYv0G6uhbMQ9L,BBC Proms: Nadine Shah and Royal Northern Sinfonia,2026-07-24,Gateshead,['Rock/Indie'],ticketmaster
LvZ18Qh8WwojY9YZiwS6S,Brit Funk Association,2026-07-24,London,['Hip-Hop/Urban'],ticketmaster
LvZ18QLegRa-i7ZvqXskE,Carl Craig (All Night Long),2026-07-24,London,['Electronic/Dance'],ticketmaster
17uYvxG6CRt3foY,The Latitude Lounge 2026,2026-07-24,Suffolk,['Unclassified'],ticketmaster
1AdjZ_eGkwqOsJB,Latitude Festival 2026 - Saturday Day Ticket,2026-07-25,Suffolk,['Unclassified'],ticketmaster
1AgZkupGkdeJUMk,Racing + Tom Grennan - County Stand,2026-07-25,York,['Rock/Indie'],ticketmaster
1AgZkupGkeSbU8p,Racing + Tom Grennan - Grandstand & Paddock,2026-07-25,York,['Rock/Indie'],ticketmaster
16zZko3JKZA2e55e,LENNY PEARCE: TODDLER RAVE WORLD TOUR PART 2,2026-07-25,Belfast,['Pop'],ticketmaster
G5vHZ_71o0sjw,Depot In The Castle 2026 Upgrade (does not include event ticket),2026-07-25,Cardiff,['Rock/Indie'],ticketmaster
G5vHZbsREIx61,"Depot In The Castle: The Wombats, Sugababes +more",2026-07-25,Cardiff,['Rock/Indie'],ticketmaster
G5vHZbV7d-BLk,The Wombats- Official Ticket and Hotel Bundls,2026-07-25,Cardiff,['Rock/Indie'],ticketmaster
LvZ18Qj16egQHgZZE6gbD,The Saturday Brunch Club,2026-07-25,London,['Non-Music/Other'],ticketmaster
17u8v0G6uMmGE5j,Belle Livingstone's 58th Street Country Club,2026-07-25,London,['Jazz/Blues/Soul'],ticketmaster
LvZ18Q207jHjtnOZl_pxX,Saturday Soul Lunch | Acantha Lang’s Soul Selection,2026-07-25,London,['Hip-Hop/Urban'],ticketmaster
LvZ18Q6I_IpeqcOZtxpcH,"KISSTORY On Blackheath, London",2026-07-25,London,['Electronic/Dance'],ticketmaster
LvZ18QhkZPQyTQ8Zvtz4U,Cougar Live MusicX,2026-07-25,Keighley,['Rock/Indie'],ticketmaster
1AwZk8EGkeI5YE3,Re-Sound Festival,2026-07-25,Southampton,['Unclassified'],ticketmaster
G5vHZbVnr6g-E,Heritage Live: Ministry of Sound Classical + Special Guests,2026-07-25,Reading,['Classical/Orchestral'],ticketmaster
16gZk8MCAZA216Ck,Abba Voyage - VIP Premium Package,2026-07-25,London,['Pop'],ticketmaster
17uOv0G6G3nct8k,"OPTIKA - Auntie Flo, Petrichor, Nightwave, Konx-Om-Pax, Jamie Thomson",2026-07-25,Glasgow,['Pop'],ticketmaster
1AgZkCKGkegu1k9,ABBA Voyage,2026-07-25,London,['Pop'],ticketmaster
LvZ18Q0QvqECaqLSFC0JR,"Italo Disco Party (Day & Night): Ryan Paris (Live PA), Daniele Baldelli ++",2026-07-25,London,['Electronic/Dance'],ticketmaster
LvZ18Q0_T26L6qT3-yOSX,Soul City Day & Night Party (Open Air),2026-07-25,London,['Electronic/Dance'],ticketmaster
LvZ18Q0aCouaQaJyKcgGt,"Live at Melbourne Hall: Lightning Seeds, Maximo Park, Riding The Low",2026-07-25,Derby,['Rock/Indie'],ticketmaster
LvZ18Q4RCcyOLG8Z0Yeqx,Re-Sound Festival,2026-07-25,Southampton,['Pop'],ticketmaster
LvZ18QhAb1baxNZZ0aect,Day Fever - Newcastle,2026-07-25,Newcastle Upon Tyne,['Electronic/Dance'],ticketmaster
LvZ18QhAbRzaxNZZVavUK,Day Fever - Glasgow,2026-07-25,Glasgow,['Electronic/Dance'],ticketmaster
LvZ18QjzDytHOtYZzR2Tm,Planet V BBQ,2026-07-25,London,['Electronic/Dance'],ticketmaster
LvZ18QqzW7j7hHZZ0d6la,"An Afternoon of Indie BIRMINGHAM - Indie for the over 30s, 3pm-7pm",2026-07-25,Birmingham,['Rock/Indie'],ticketmaster
LvZ18Qrcn4_MCM8Z0O4TT,"An Afternoon of Emo & 90s, 00s Rock LONDON, 3pm-7pm",2026-07-25,London,['Rock/Indie'],ticketmaster
16zZko3JKZA8e557,LENNY PEARCE: TODDLER RAVE WORLD TOUR PART 2,2026-07-25,Belfast,['Pop'],ticketmaster
1ANZk8EGkdzq8WY,Bruno Mars - The Romantic Tour,2026-07-25,London,['Pop'],ticketmaster
1AUZkuFGkdVfH9g,Luke Combs - My Kinda Saturday Night Tour,2026-07-25,Edinburgh,['Folk/Country'],ticketmaster
1AgZkuVGkd3GIav,OMD,2026-07-25,Margate,['Pop'],ticketmaster
1AzZko0Gkezpv-t,Ben Nicky - FEILE 2026,2026-07-25,Belfast,['Pop'],ticketmaster
LvZ18Q0VNVfnJep9WtcGF,NINEBAR,2026-07-25,London,['Metal/Punk'],ticketmaster
16gZk8PPFZAueuGA,Tom Jones,2026-07-25,Halifax,['Rock/Indie'],ticketmaster
1AdfZbgGkTf1lBZ,James Taylor & His All-Star Band,2026-07-25,Scarborough,['Rock/Indie'],ticketmaster
G5vHZ_dwmdA6V,Summer Concerts - Pop Party 2010s - 2025,2026-07-25,Staffordshire,['Pop'],ticketmaster
LvZ18QxNGBN2PM8Zv-dL9,Alfies Soho - Live Jazz and Blues,2026-07-25,London,['Jazz/Blues/Soul'],ticketmaster
1AdfZ_dGkSWwbfD,Tom Jones- Official Ticket and Hotel Bundls,2026-07-25,Halifax,['Rock/Indie'],ticketmaster
1AgZkuPGkd81_51,James Taylor- Official Ticket and Hotel Bundls,2026-07-25,Scarborough,['Rock/Indie'],ticketmaster
G5dzZbz1uMdvj,The Amy Winehouse Experience,2026-07-25,Newcastle Upon Tyne,['Unclassified'],ticketmaster
LvZ18QO3jD8W3KOZz7tzI,Hayao Miyazaki's Dreams by Mystery Ensemble,2026-07-25,London,['Classical/Orchestral'],ticketmaster
LvZ18Qjy6DF-1mYZz4YEl,ArnoCorps,2026-07-25,Glasgow,['Metal/Punk'],ticketmaster
LvZ18QradAt3OiYZ0bgaS,Mádé Kuti & The Movement,2026-07-25,London,['World/Latin/Reggae'],ticketmaster
17GOv0G6uYcxZUK,Six60,2026-07-25,Glasgow,['Rock/Indie'],ticketmaster
17u8v0G6uMmQMo0,Belle Livingstone's 58th Street Country Club,2026-07-25,London,['Jazz/Blues/Soul'],ticketmaster
17uOv0G6GCQoJN6,Six60,2026-07-25,Glasgow,['Rock/Indie'],ticketmaster
1AMZkGYGkdqUazM,Rumours of Fleetwood Mac,2026-07-25,Guildford,['Unclassified'],ticketmaster
1AdbZbzGkligl7m,Steel Panther Europe Twenty Twenty S£x Tour,2026-07-25,Southampton,['Rock/Indie'],ticketmaster
G5dzZ_6nbkSQS,Bar Dust - Tribute To the Pogues,2026-07-25,London,['Rock/Indie'],ticketmaster
G5dzZ_aN_JUdo,Armanii - The Impact Tour,2026-07-25,London,['World/Latin/Reggae'],ticketmaster
G5dzZ_awKPsc5,JK,2026-07-25,London,['Unclassified'],ticketmaster
G5dzZbMNZZp3-,Guns 2 Roses + Wrong Jovi + AC/DC Reborn,2026-07-25,Manchester,['Unclassified'],ticketmaster
G5vHZ_A6uRVyT,Somerset House Summer Series: The Flaming Lips,2026-07-25,London,['Rock/Indie'],ticketmaster
G5vHZbUMEzFY7,David Gray,2026-07-25,Basingstoke,['Rock/Indie'],ticketmaster
LvZ18Qb72XNdLb8ZyLnYw,ULTIMATE WHITESNAKE,2026-07-25,Bradford,['Rock/Indie'],ticketmaster
LvZ18Qjfs_hpohOvLpAZL,Evil Scarecrow,2026-07-25,Southampton,['Metal/Punk'],ticketmaster
G5vHZbM9YCBpt,The Proclaimers,2026-07-25,Bexhill On Sea,['Rock/Indie'],ticketmaster
LvZ18Q5nOwQ5opOZn3rmK,Glam Rockerz,2026-07-25,Newcastle Upon Tyne,['Rock/Indie'],ticketmaster
LvZ18QCbQ11eK-OZ0xRfc,Papa Shango,2026-07-25,Newcastle Upon Tyne,['Rock/Indie'],ticketmaster
LvZ18QOFZ2_0DZYv1Z6GM,King Tut's Summer Nights Presents: Heavy Heads,2026-07-25,Glasgow,['Rock/Indie'],ticketmaster
LvZ18QOGJ6DJWh8vqD3SK,Type Of Negative - A Type O Negative tribute night,2026-07-25,Cardiff,['Metal/Punk'],ticketmaster
LvZ18QQGPTefeEOZw5J1Y,Ultimate Coldplay - Tribute to Coldplay,2026-07-25,Hertford,['Unclassified'],ticketmaster
LvZ18QxAl_V4GmZvOSln7,Hayao Miyazaki's Dreams by Mystery Ensemble,2026-07-25,Cardiff,['Classical/Orchestral'],ticketmaster
1AgZkCKGkegQ1Gc,ABBA Voyage,2026-07-25,London,['Pop'],ticketmaster
1agZk8MCaCpZe2F,Abba Voyage - VIP Premium Package,2026-07-25,London,['Pop'],ticketmaster
LvZ18QxkWMNFh7ZvGwqsq,Myele Manzana,2026-07-25,London,['Jazz/Blues/Soul'],ticketmaster
17GOv0G6GnBu8xL,Octrain + Woman Wept + Kinoko Curse,2026-07-25,London,['Rock/Indie'],ticketmaster
LvZ18Q9CFuHLj68Z0M2Tt,Lizzie And The Banshees,2026-07-25,Nuneaton,['Rock/Indie'],ticketmaster
LvZ18QhnlKGSaWOZiEPz6,HARD ROCK COMPANY – A Tribute to Free and Bad Company,2026-07-25,Stockton-On-Tees,['Rock/Indie'],ticketmaster
LvZ18QxNGBN2PM8Zv-dLb,Alfies Soho - Live Jazz and Blues,2026-07-25,London,['Jazz/Blues/Soul'],ticketmaster
LvZ18Qxovv-Nh8OZJAXZD,The Walkers,2026-07-25,Kinross,['Rock/Indie'],ticketmaster
LvZ18QKlGudvxy8ZUgX06,Sabbotage,2026-07-25,St Albans,['Metal/Punk'],ticketmaster
LvZ18QNnAQjK-TYvGhyWK,Gregory Isaacs with Terence Wallen,2026-07-25,London,['World/Latin/Reggae'],ticketmaster
LvZ18QN2Lbx6nyZZ0K-qF,Live Band Karaoke,2026-07-25,London,['Unclassified'],ticketmaster
LvZ18QxvnQiADFZvG5KG6,Soul City: House music every Saturday,2026-07-25,London,['Unclassified'],ticketmaster
G5vHZbVBMIEa0,Hertiage Live: Ministry Of Sound VIP Guest Area,2026-07-25,Reading,['Unclassified'],ticketmaster
1AdjZ_eGkSplwyk,Latitude Festival 2026 - Sunday Day Ticket,2026-07-26,Suffolk,['Unclassified'],ticketmaster
LvZ18Qr_VyUM0nYZ0g_CM,Live in Bents Park: ABC and Chesney Hawkes,2026-07-26,South Shields,['Rock/Indie'],ticketmaster
LvZ18Qj5us4I8B8Z0AeH3,Sunday Soul Sessions,2026-07-26,London,['Hip-Hop/Urban'],ticketmaster
16dfZ_djzG7w_hz,Abba Voyage - VIP Premium Package,2026-07-26,London,['Pop'],ticketmaster
1AgZkCKGkegEQuJ,ABBA Voyage,2026-07-26,London,['Pop'],ticketmaster
G5vHZbVLQxz9-,HERITAGE LIVE: UB40 ft Ali Campbell,2026-07-26,Reading,['World/Latin/Reggae'],ticketmaster
LvZ18Q0a8zJmN9hzc4YR3,"Live at Melbourne Hall: The Shires, Ward Thomas, Catherine McGrath, Minna",2026-07-26,Derby,['Folk/Country'],ticketmaster
17uOv0G6G3iIyrA,Mungo's Soundsystem Yard,2026-07-26,Glasgow,['Pop'],ticketmaster
G5vHZbgLQdFtQ,David Byrne,2026-07-26,Cardiff,['Rock/Indie'],ticketmaster
LvZ18QOid_uW-UOvOgKla,Hayao Miyazaki's Dreams by Mystery Ensemble,2026-07-26,Bristol,['Classical/Orchestral'],ticketmaster
G5vHZ_79rlkop,David Byrne - Official Ticket and Hotel Bundls,2026-07-26,Cardiff,['Rock/Indie'],ticketmaster
16dfZ_djzG7Tyj6,Abba Voyage - VIP Premium Package,2026-07-26,London,['Pop'],ticketmaster
1AdfZbVGkXpk7dK,Tom Grennan,2026-07-26,Halifax,['Rock/Indie'],ticketmaster
1AgZkCKGkegVBCq,ABBA Voyage,2026-07-26,London,['Pop'],ticketmaster
1AgZkCfGkeS9aoU,Tom Jones,2026-07-26,Scarborough,['Rock/Indie'],ticketmaster
G5vHZ_Gnbdpcu,Summer Concerts - Kidsfest,2026-07-26,Staffordshire,['Rock/Indie'],ticketmaster
LvZ18Q-DV9kqdsZvOtUFJ,Reiko,2026-07-26,London,['Classical/Orchestral'],ticketmaster
1AdfZ_dGkSDWbC1,Tom Jones- Official Ticket and Hotel Bundls,2026-07-26,Scarborough,['Rock/Indie'],ticketmaster
1AdfZbgGkwn7kbI,Tom Grennan- Official Ticket and Hotel Bundls,2026-07-26,Halifax,['Rock/Indie'],ticketmaster
LvZ18Qj5OvgQHgZZE6Hbm,Black Slate,2026-07-26,London,['World/Latin/Reggae'],ticketmaster
17u8v0G6uMmt64K,Belle Livingstone's 58th Street Country Club,2026-07-26,London,['Jazz/Blues/Soul'],ticketmaster
1AUZkoSGkd4-PWN,Tuk Smith and the Restless Hearts,2026-07-26,Glasgow,['Rock/Indie'],ticketmaster
1AwZkoNGkeNrZ-5,Noura Mint Seymali - Restaurant,2026-07-26,London,['World/Latin/Reggae'],ticketmaster
1AwZkoNGkeNrZ-v,Noura Mint Seymali,2026-07-26,London,['World/Latin/Reggae'],ticketmaster
1AzZkoKGkeTNwb1,Arnocorps,2026-07-26,Belfast,['Metal/Punk'],ticketmaster
G5vHZ_F1hzNvR,GLU,2026-07-26,Manchester,['Hip-Hop/Urban'],ticketmaster
G5vHZbSdjLbk9,Rumours of Fleetwood Mac,2026-07-26,Salisbury,['Unclassified'],ticketmaster
LvZ18QQMeu9tJxOZ0DuGa,The Fizz,2026-07-26,Hertford,['Rock/Indie'],ticketmaster
LvZ18QQlxRfOsgYZVuVm3,Johnny Cash Roadshow,2026-07-26,Southampton,['Unclassified'],ticketmaster
1AdfZ_AGkRgKbKv,Jimmy Nail: Stories and Songs,2026-07-26,Scarborough,['Pop'],ticketmaster
G5vHZ_A62qfXY,Somerset House Summer Series: Benjamin Clementine,2026-07-26,London,['Rock/Indie'],ticketmaster
LvZ18QOFvrHjRnZvqxK8E,King Tut's Summer Nights Presents: Rosie Alice,2026-07-26,Glasgow,['Rock/Indie'],ticketmaster
LvZ18QOpwx_wT48ZzCS3f,Jeanne Wilde,2026-07-27,London,['Pop'],ticketmaster
1AdbZ_eGkDZ77az,The Flaming Lips,2026-07-27,Glasgow,['Rock/Indie'],ticketmaster
G5vHZ_G9YPhIm,Jay Buchanan,2026-07-27,Birmingham,['Rock/Indie'],ticketmaster
1AMZk8YGkelgdCD,Jools Holland and His Rhythm & Blues Orchestra,2026-07-27,Milton Keynes,['Hip-Hop/Urban'],ticketmaster
1AUZkotGkdvKALl,Bear McCreary,2026-07-27,Glasgow,['Rock/Indie'],ticketmaster
1AgZk3fGkdwR7ML,Caylee Hammack,2026-07-27,London,['Folk/Country'],ticketmaster
1AwZkotGkesyv7j,Bear McCreary,2026-07-27,Glasgow,['Rock/Indie'],ticketmaster
1kuOv0-yGA2e015,GLU,2026-07-27,Glasgow,['Hip-Hop/Urban'],ticketmaster
LvZ18Qh8ZZRthgOZHNLbf,Ustad Noor Bakhsh,2026-07-27,London,['World/Latin/Reggae'],ticketmaster
LvZ18QKnOSCs-rYZy7H1i,Alien Ant Farm,2026-07-27,Falmouth,['Rock/Indie'],ticketmaster
LvZ18QqbOWGam_ZZ0-pwh,Benin International Musical,2026-07-27,Manchester,['Hip-Hop/Urban'],ticketmaster
15dfZ_djyutj0,Abba Voyage - VIP Premium Package,2026-07-27,London,['Pop'],ticketmaster
1AgZkCKGkeUe12Y,ABBA Voyage,2026-07-27,London,['Pop'],ticketmaster
15dFZ_77gZvZ6,Eric Johnson,2026-07-27,Southampton,['Rock/Indie'],ticketmaster
17GOv0G6CkoP80j,Stranded On the Earth + Who Knows Juno? + Even Briar + Seth Tonkin,2026-07-27,London,['Rock/Indie'],ticketmaster
G5dzZ_A5NdMcR,LENNY PEARCE - TODDLER RAVE WORLD TOUR PART 2,2026-07-28,Edinburgh,['Pop'],ticketmaster
1ANZk8EGkdBd8XC,Bruno Mars - The Romantic Tour,2026-07-28,London,['Pop'],ticketmaster
1AdbZ_eGkBWtV7Y,Suzanne Vega,2026-07-28,Glasgow,['Rock/Indie'],ticketmaster
G5dzZ_6LCZdcr,Wolfmother,2026-07-28,Bristol,['Rock/Indie'],ticketmaster
G5vHZ_aKS4U97,Caylee Hammack,2026-07-28,Birmingham,['Folk/Country'],ticketmaster
G5vHZ_knCBoye,Bear McCreary: The Singularity,2026-07-28,London,['Rock/Indie'],ticketmaster
G5vHZby5u1kk-,Vanessa Carlton,2026-07-28,Manchester,['Rock/Indie'],ticketmaster
LvZ18Q0fSoOOlTgq5d2fA,Ustad Noor Bakhsh,2026-07-28,London,['World/Latin/Reggae'],ticketmaster
LvZ18QKnrnBKxE8ZyOeZw,Alien Ant Farm,2026-07-28,Frome,['Rock/Indie'],ticketmaster
LvZ18QbENne1t7YZw9pQI,The Van Morrison Alumni Band,2026-07-28,London,['Rock/Indie'],ticketmaster
LvZ18QxO6tTPU4ZvuDYXf,Dave Sear Sextet,2026-07-28,London,['Jazz/Blues/Soul'],ticketmaster
LvZ18QNnn7GK-TYvOhHB9,Frank Sinatra & Friends with Marilyn Monroe,2026-07-28,London,['Jazz/Blues/Soul'],ticketmaster
LvZ18QNZ65GdGLOZz4gCr,FIESTAS PATRIAS PERU,2026-07-29,London,['World/Latin/Reggae'],ticketmaster
1kuYv04vGA1x0nB,Lenny Pearce,2026-07-29,Nottingham,['Pop'],ticketmaster
1AMZkubGkdVecPC,Billy Ocean - Live After Racing,2026-07-29,Esher,['Hip-Hop/Urban'],ticketmaster
LvZ18QNAlYAFgMZZz0jcV,Boxxed Off,2026-07-29,Southampton,['Electronic/Dance'],ticketmaster
1AdbZ_eGkBDWdTb,MIKA,2026-07-29,Glasgow,['Rock/Indie'],ticketmaster
LvZ18QxNAvqWP1YZv6Fvh,"Live Jazz from the Piano Bar at Red Room Studios, Soho",2026-07-29,London,['Jazz/Blues/Soul'],ticketmaster
17CZv0G65Jbh-Ze,Julian Marley,2026-07-29,Belfast,['World/Latin/Reggae'],ticketmaster
17u8v0G6uMmME_X,Belle Livingstone's 58th Street Country Club,2026-07-29,London,['Jazz/Blues/Soul'],ticketmaster
1AwZk8YGkd-MOM6,Vanessa Carlton,2026-07-29,Glasgow,['Rock/Indie'],ticketmaster
G5dzZ_6LJSf9p,Wolfmother,2026-07-29,London,['Rock/Indie'],ticketmaster
LvZ18QjgKlw7SmYvGZWHq,Satoshi Tomiie & Kuniyuki Takahashi Live,2026-07-29,London,['Electronic/Dance'],ticketmaster
1AdfZbYGkBKbdvM,Sounds Of The 60s Live - Hosted by Tony Blackburn MBE,2026-07-29,Cardiff,['Rock/Indie'],ticketmaster
LvZ18QrrQHB5MWOZ0Shap,Hot 8 Brass Band,2026-07-29,Manchester,['Jazz/Blues/Soul'],ticketmaster
LvZ18Qx0bD_p1lZvGSZ2f,Leif Kaner-Lidström,2026-07-29,London,['Jazz/Blues/Soul'],ticketmaster
17GOv0G6G1P08-Y,The Pyke Circuit + Punching Swans + Old Boy,2026-07-29,London,['Rock/Indie'],ticketmaster
LvZ18QxpdOiVA5ZZMA4ma,Amplify - Goose Fat / 12V / Don't Eat Acorns / The Kid And I,2026-07-29,St Albans,['Rock/Indie'],ticketmaster
LvZ18Q0C9EzDQdjpkKdHt,"Live Jazz from the Piano Bar at Red Room Studios, Soho",2026-07-29,London,['Jazz/Blues/Soul'],ticketmaster
LvZ18QhZwV3I_uOZVqroV,The Ultimate Elton John Show,2026-07-29,London,['Rock/Indie'],ticketmaster
17uOv0G6Gkr2kxd,Belladrum Festival 2026 - Thursday Day Tickets,2026-07-30,Inverness,['Rock/Indie'],ticketmaster
1AdfZ_aGkwBkfEE,Camp Bestival 2026 - Outward Adventures - Thursday,2026-07-30,Dorset,['Unclassified'],ticketmaster
G5vHZ_Ajk79_V,Lenny Pearce,2026-07-30,Cardiff,['Electronic/Dance'],ticketmaster
G5vHZ_eY3MP6Z,Biffy Clyro,2026-07-30,Cardiff,['Rock/Indie'],ticketmaster
G5vHZ_7syU8WY,Biffy Clyro- Official Ticket and Hotel Bundls,2026-07-30,Cardiff,['Rock/Indie'],ticketmaster
G5dzZ_GEPibvW,InPop,2026-07-30,London,['Rock/Indie'],ticketmaster
LvZ18QxAdT74GmZZ0St4D,DEL CAMINO + Salsa Taster Thu 30th July Live at The Jam House Birmingham,2026-07-30,Birmingham,['World/Latin/Reggae'],ticketmaster
1AdbZ_eGkDuaPk3,OMD,2026-07-30,Glasgow,['Rock/Indie'],ticketmaster
LvZ18Q0C4HTwr5AZwuPVa,"Live Jazz from the Piano Bar at Red Room Studios, Soho",2026-07-30,London,['Jazz/Blues/Soul'],ticketmaster
LvZ18QN2nZj_yAOZ0ky00,Maxwell D & Friends Live Lounge | Wayne Marshall,2026-07-30,London,['Electronic/Dance'],ticketmaster
17u8v0G6uMRAMjm,Belle Livingstone's 58th Street Country Club,2026-07-30,London,['Jazz/Blues/Soul'],ticketmaster
1AwZk34Gkd4cv66,THE 9075,2026-07-30,Dunfermline,['Rock/Indie'],ticketmaster
1AwZk3fGkdh0okw,Caylee Hammack,2026-07-30,Glasgow,['Folk/Country'],ticketmaster
1AwZkuwGkd_bo5B,VOWWS,2026-07-30,London,['Rock/Indie'],ticketmaster
G5dzZ_6L1kdE7,Wolfmother,2026-07-30,Manchester,['Rock/Indie'],ticketmaster
G5vHZ_AEIjMD4,Thievery Corporation,2026-07-30,London,['Electronic/Dance'],ticketmaster
G5vHZ_GCpe0_m,Tkandz,2026-07-30,Manchester,['Hip-Hop/Urban'],ticketmaster
G5vHZ_k1NpK6O,Suzanne Vega,2026-07-30,Halifax,['Rock/Indie'],ticketmaster
G5vHZbM1XWkXc,The Castellows,2026-07-30,London,['Folk/Country'],ticketmaster
G5vHZbM6xi9zn,VOWWS,2026-07-30,London,['Rock/Indie'],ticketmaster
LvZ18QhOJ5pRJZ8Z0PHWb,Tragedy: All Metal Tribute to the Bee Gees & Beyond,2026-07-30,Southampton,['Unclassified'],ticketmaster
LvZ18Qr0ZQf1MZOZMKfCg,Protest The Hero + Vianova + Pupil Slicer,2026-07-30,Glasgow,['Rock/Indie'],ticketmaster
LvZ18QrqpMNEMbOv1I001,Freshlyground,2026-07-30,London,['World/Latin/Reggae'],ticketmaster
LvZ18QrrzDMIp9YZ0MZV7,Violence,2026-07-30,London,['Metal/Punk'],ticketmaster
LvZ18QxN7FbzYRYZvNl73,Round 41 - Live Jazz and Fusion Night,2026-07-30,London,['Jazz/Blues/Soul'],ticketmaster
LvZ18Q--7j60z3OZ0m4Lj,Benin International Musical,2026-07-30,London,['Hip-Hop/Urban'],ticketmaster
LvZ18Q3e0NtMRdZZ0uiJt,Gabrielle: Live at Truro Cathedral,2026-07-30,Truro,['Pop'],ticketmaster
LvZ18Q9w_R8bUYYZluHO8,Eric Johnson,2026-07-30,Norwich,['Rock/Indie'],ticketmaster
LvZ18QOFd7uQrmYZ06DPo,King Tut's Summer Nights Presents: Lemon Drink,2026-07-30,Glasgow,['Rock/Indie'],ticketmaster
16gZk8MCpZAu1Fd5,Abba Voyage - VIP Premium Package,2026-07-30,London,['Pop'],ticketmaster
1AgZkCKGkeU2no1,ABBA Voyage,2026-07-30,London,['Pop'],ticketmaster
17GOv0G6ulYPOnD,The Sunryse Sound + Donny Phoenix + Red Eye,2026-07-30,London,['Rock/Indie'],ticketmaster
LvZ18QhAExOgPb8ZHKiMW,Mike Sanchez,2026-07-30,Exeter,['Rock/Indie'],ticketmaster
LvZ18QxTfxVabgOvGWG9i,Amplify - Fuze / Skarlet Envy / FlyTrap,2026-07-30,Hertford,['Rock/Indie'],ticketmaster
LvZ18Q0C4HTwr5AZwuPVF,"Live Jazz from the Piano Bar at Red Room Studios, Soho",2026-07-30,London,['Jazz/Blues/Soul'],ticketmaster
LvZ18QhYaVeRo98ZiI-xo,OMAR,2026-07-30,London,['Hip-Hop/Urban'],ticketmaster
16dfZbsCKG7MOzO,Camp Bestival 2026 - Camp Kids Extra Pass,2026-07-30,Dorset,['Unclassified'],ticketmaster
17u8vxG62kHuDLt,Camp Bestival 2026 - PayPal+ presents Paradise Garden Seating Booths,2026-07-30,Dorset,['Unclassified'],ticketmaster
17uOvxG62M2J3ZP,Belladrum Festival 2026 - Weekend Tickets,2026-07-30,Inverness,['Rock/Indie'],ticketmaster
1AgZkGKGkdOK3o9,Camp Bestival 2026 - House of Refresh Pass,2026-07-30,Dorset,['Unclassified'],ticketmaster
1AgZkGKGkdPaw4i,Camp Bestival 2026 - Weekend Camping,2026-07-30,Dorset,['Unclassified'],ticketmaster
1AgZkGKGkdWcwjc,Camp Bestival 2026 - Backstage Camping,2026-07-30,Dorset,['Unclassified'],ticketmaster
1AgZkGKGkdhLw82,Camp Bestival 2026 - Car Park,2026-07-30,Dorset,['Unclassified'],ticketmaster
1AgZkGKGkeTUonT,Camp Bestival 2026 - Hospitality BYO,2026-07-30,Dorset,['Unclassified'],ticketmaster
1AgZkGKGkeYWob3,Camp Bestival 2026 - Hospitality Camping,2026-07-30,Dorset,['Unclassified'],ticketmaster
1AgZkGKGkeYps95,Camp Bestival 2026 - Backstage BYO,2026-07-30,Dorset,['Unclassified'],ticketmaster
1AgZkGfGkd2bwxy,Camp Bestival 2026 - Live In Vehicles,2026-07-30,Dorset,['Unclassified'],ticketmaster
1AgZko9GkdCtJfb,Camp Bestival 2026 - Slomo Sanctuary,2026-07-30,Dorset,['Unclassified'],ticketmaster
1ku8v04yGAuXNbs,Camp Bestival 2026 - Backstage Camping Upgrade,2026-07-30,Dorset,['Unclassified'],ticketmaster
1ku8vN7yGA5dZDQ,Camp Bestival 2026 - Camping Plus,2026-07-30,Dorset,['Unclassified'],ticketmaster
G5vHZ_dhLx7aO,Audi presents Wilderness 2026 - PayPal+ presents The Reset Lounge,2026-07-30,Oxfordshire,['Unclassified'],ticketmaster
G5vHZbR1Nj6zk,Audi presents Wilderness Boutique 2026 -Tenthouse (en-suite) for 4,2026-07-30,Oxfordshire,['Unclassified'],ticketmaster
G5vHZbR1Q26LX,Audi presents Wilderness Boutique 2026 - Cabin for 4,2026-07-30,Oxfordshire,['Unclassified'],ticketmaster
G5vHZbR2AzOlx,Audi presents Wilderness Boutique 2026 - Cabin for 2,2026-07-30,Oxfordshire,['Unclassified'],ticketmaster
G5vHZbR2K_OlB,Audi presents Wilderness Boutique 2026 - Park & Pitch,2026-07-30,Oxfordshire,['Unclassified'],ticketmaster
G5vHZbR2UdZRZ,Audi presents Wilderness Boutique 2026 - Luxury Willow Yurt for 2,2026-07-30,Oxfordshire,['Unclassified'],ticketmaster
G5vHZbR2wuOmN,Audi presents Wilderness Boutique 2026 - Eco Lodge (en-suite) for 2,2026-07-30,Oxfordshire,['Unclassified'],ticketmaster
G5vHZbR6PdI9A,Audi presents Wilderness Boutique 2026 - Luxury Emperor Bell for 2,2026-07-30,Oxfordshire,['Unclassified'],ticketmaster
G5vHZbR9ff-iF,"Audi presents Wilderness Boutique 2026 - Classic Bell for 2, 3, 4",2026-07-30,Oxfordshire,['Unclassified'],ticketmaster
G5vHZbR9vzvqo,Audi presents Wilderness Boutique 2026 - Lotus Mahal for 8 or 10,2026-07-30,Oxfordshire,['Unclassified'],ticketmaster
G5vHZbRCTD8lC,Audi Presents Wilderness Boutique 2026 - Safari Grand En-Suite for 4,2026-07-30,Oxfordshire,['Unclassified'],ticketmaster
G5vHZbRCm3OtM,Audi presents Wilderness Boutique 2026 - Safari Suite (En-suite),2026-07-30,Oxfordshire,['Unclassified'],ticketmaster
G5vHZbRCtw8to,"Audi presents Wilderness Boutique 2026 - Airstream for 2, 4 or 5",2026-07-30,Oxfordshire,['Unclassified'],ticketmaster
G5vHZbRETJeFE,Audi presents Wilderness Boutique 2026 - Luxury Yurt for 2,2026-07-30,Oxfordshire,['Unclassified'],ticketmaster
G5vHZbRQf68wK,Audi presents Wilderness Boutique 2026 - Summerhouse (en-suite) for 2,2026-07-30,Oxfordshire,['Unclassified'],ticketmaster
G5vHZbRQhy8g9,Audi presents Wilderness Boutique 2026 - The Night Owl(en-suite) for 2,2026-07-30,Oxfordshire,['Unclassified'],ticketmaster
G5vHZbRhJI-uc,"Audi presents Wilderness Boutique 2026 - Arena Bell for 2, 3 or 4",2026-07-30,Oxfordshire,['Unclassified'],ticketmaster
G5vHZbRhdI-dn,"Audi presents Wilderness Boutique 2026 - Meadow Tent for 3, 5 or 8",2026-07-30,Oxfordshire,['Unclassified'],ticketmaster
G5vHZbRhwTofP,"Audi presents Wilderness Boutique 2026 - Meadow Hut for 2, 3 or 4",2026-07-30,Oxfordshire,['Unclassified'],ticketmaster
G5vHZbRkV9MkZ,Audi presents Wilderness Boutique 2026 - Luxury Cabin (en-suite) for 2,2026-07-30,Oxfordshire,['Unclassified'],ticketmaster
G5vHZbRkkaSzc,Audi presents Wilderness Boutique 2026 -Tipi Lodge for 2,2026-07-30,Oxfordshire,['Unclassified'],ticketmaster
G5vHZbRkpyPwc,Audi presents Wilderness Boutique 2026 -Tipi Tenthouse(en-suite) for 8,2026-07-30,Oxfordshire,['Unclassified'],ticketmaster
G5vHZbRpUIsfQ,Audi presents Wilderness Boutique 2026 - Deluxe Canvas Yurt for 2 or 4,2026-07-30,Oxfordshire,['Unclassified'],ticketmaster
G5vHZbRp_GZwm,"Audi Presents Wilderness Boutique 2026 - Bell House for 2, 3 or 4",2026-07-30,Oxfordshire,['Unclassified'],ticketmaster
G5vHZbRp_lOSI,"Audi presents Wilderness Boutique 2026 - Luxury Bell for 2, 3 or 4",2026-07-30,Oxfordshire,['Unclassified'],ticketmaster
G5vHZbRptNOHQ,Audi Presents Wilderness Boutique 2026 - Country Wagon for 2 or 4,2026-07-30,Oxfordshire,['Unclassified'],ticketmaster
G5vHZbRx7UOtx,Audi presents Wilderness Boutique 2026 - Luxury Hazel Yurt for 2 or 4,2026-07-30,Oxfordshire,['Unclassified'],ticketmaster
G5vHZbRx9RZcT,Audi presents Wilderness Boutique 2026 - Luxury Tipi for 2 or 4,2026-07-30,Oxfordshire,['Unclassified'],ticketmaster
G5vHZbm3RApPl,Audi Presents Wilderness 2026 - Live-In Vehicle Pass,2026-07-30,Chipping Norton,['Unclassified'],ticketmaster
G5vHZbm3rikQB,Audi Presents Wilderness 2026 - Car Park Passes,2026-07-30,Chipping Norton,['Unclassified'],ticketmaster
G5vHZbmLLP3FN,Bridges For Music X Audi Presents Wilderness: Pedal With Purpose,2026-07-30,Oxfordshire,['Unclassified'],ticketmaster
G5vHZbmN9xSfX,Audi Presents Wilderness 2026 - Weekend General,2026-07-30,Oxfordshire,['Unclassified'],ticketmaster
G5vHZbmrE1ZXn,Audi Presents Wilderness 2026 - Sustainable Weekend General,2026-07-30,Oxfordshire,['Unclassified'],ticketmaster
G5vHZbmrO4ZBL,Wilderness Festival 2026 - Souvenir Ticket,2026-07-30,Oxfordshire,['Unclassified'],ticketmaster
1AdfZ_7Gkmvh3Z5,Camp Bestival 2026 - Friday Day,2026-07-31,Dorset,['Unclassified'],ticketmaster
17uOv0G6G6-7G82,Belladrum Festival 2026 - Friday Day Tickets,2026-07-31,Inverness,['Rock/Indie'],ticketmaster
1AdfZ_aGkS-1U__,Camp Bestival 2026 - Outward Adventures - Friday,2026-07-31,Dorset,['Unclassified'],ticketmaster
G5dzZbzwy8g-1,RADAR Festival: Friday - Thy Art Is Murder + Volumes + SikTh,2026-07-31,Manchester,['Unclassified'],ticketmaster
G5vHZbR7ns1xT,Audi Presents Wilderness 2026 - Friday Day,2026-07-31,Oxfordshire,['Unclassified'],ticketmaster
LvZ18QGOnjValzZZNVtnN,Nick Cave & The Bad Seeds,2026-07-31,Brighton,['Rock/Indie'],ticketmaster
LvZ18Q5QO-N9wI8ZI0ICz,MSW 25 YEARS - Day / Weekend Child Pass,2026-07-31,Margate,['Hip-Hop/Urban'],ticketmaster
LvZ18Q86G7KDJlZZl_H_u,MSW 25 YEARS Friday Pass,2026-07-31,Margate,['Jazz/Blues/Soul'],ticketmaster
LvZ18Q8eJ6PloXZZlBdzs,MSW 25 YEARS Accessible + Companion Weekend Pass,2026-07-31,Margate,['Hip-Hop/Urban'],ticketmaster
LvZ18Q8eMrmlMxYZ07y47,MSW 25 YEARS - Weekend Pass,2026-07-31,Margate,['Hip-Hop/Urban'],ticketmaster
LvZ18QaMBDBVbB8ZRH7bi,MSW 25 YEARS - Weekend Pass,2026-07-31,Margate,['Hip-Hop/Urban'],ticketmaster
1AdjZbzGknIb4pE,Aitch Live After Racing - Grandstand & Paddock,2026-07-31,Newmarket,['Hip-Hop/Urban'],ticketmaster
1AdjZbzGknlq4IF,Aitch Live After Racing - the Premier Enclosure,2026-07-31,Newmarket,['Hip-Hop/Urban'],ticketmaster
1AeGZbVGklg23tg,Luke Combs - My Kinda Saturday Night,2026-07-31,London,['Folk/Country'],ticketmaster
1AgZko7GkeRb7wz,Palace Bowl Presents - Grace Jones,2026-07-31,London,['Rock/Indie'],ticketmaster
G5vHZbURYtazU,The Streets,2026-07-31,Cardiff,['Hip-Hop/Urban'],ticketmaster
LvZ18Q-UgXCi1V8v21vZ1,Inner Circle - Open Air Show,2026-07-31,London,['World/Latin/Reggae'],ticketmaster
G5vHZbM2MfnFB,The Streets- Official Ticket and Hotel Bundls,2026-07-31,Cardiff,['Hip-Hop/Urban'],ticketmaster
1AdfZbgGkwTwF1D,BELLE & SEBASTIAN performing 'If You're Feeling Sinister' in full,2026-07-31,Margate,['Rock/Indie'],ticketmaster
16dfZ_kGeG7TJUL,Suzanne Vega,2026-07-31,Aylesbury,['Rock/Indie'],ticketmaster
17uOv0G6GKrGGB_,"Lost Map Summer Party - Hot Chip (DJ), Pictish Trail, The Bug Club",2026-07-31,Glasgow,['Rock/Indie'],ticketmaster
1AdfZbVGkT8h9bf,Gary Numan with very special guest Ladytron,2026-07-31,Halifax,['Rock/Indie'],ticketmaster
1kCZv0btGAGV8Wu,THE 2 JOHNNIES AND THE JUNIOR B ALL STARS - FEILE 2026,2026-07-31,Belfast,['Non-Music/Other'],ticketmaster
G5dzZ_GJUt4QO,InPop,2026-07-31,London,['Rock/Indie'],ticketmaster
LvZ18Q-pfsScjPYZzthzY,The Groove Assembly Fri 31 July 2026 The Jam House Birmingham,2026-07-31,Birmingham,['Pop'],ticketmaster
LvZ18Q0_dJqevIvUg5oC6,Nirvana UK,2026-07-31,London,['Unclassified'],ticketmaster
LvZ18Q9Sh76D_4ZZlgZmi,INDIEPALOOZA FESTIVAL,2026-07-31,Wolverhampton,['Unclassified'],ticketmaster
LvZ18Qbqp_K5_A8Z0YAXU,"Wolverhampton - Indiepalooza - ""the UK's BEST Indie Festival""",2026-07-31,Wolverhampton,['Unclassified'],ticketmaster
LvZ18QrdII1dwwZZPIK3B,Michael Mathers (Eminem Tribute),2026-07-31,London,['Hip-Hop/Urban'],ticketmaster
LvZ18QxNGBPZeYOZvC6LQ,Alfies Soho - Live Jazz and Blues,2026-07-31,London,['Jazz/Blues/Soul'],ticketmaster
1AdfZbUGkMOmhgC,Gary Numan - Official Ticket and Hotel Bundls,2026-07-31,Halifax,['Rock/Indie'],ticketmaster
1AdbZ_eGkDd7fo-,OMD,2026-07-31,Glasgow,['Rock/Indie'],ticketmaster
G5dzZ_dUHSV2F,Absolute Bowie,2026-07-31,Newcastle Upon Tyne,['Unclassified'],ticketmaster
LvZ18QxNAv4ZeYOZvC6_5,"Live Jazz from the Piano Bar at Red Room Studios, Soho",2026-07-31,London,['Jazz/Blues/Soul'],ticketmaster
16dfZ_F7eG7Mpw6,GLU,2026-07-31,London,['Hip-Hop/Urban'],ticketmaster
17GOvxG6GKjPo0u,Clearwater Creedence Revival - 55th Anniversary Tour,2026-07-31,Belfast,['Pop'],ticketmaster
17u8v0G6uMRf6LJ,Belle Livingstone's 58th Street Country Club,2026-07-31,London,['Jazz/Blues/Soul'],ticketmaster
1AwZk34GkdAKo6Z,Protest the Hero,2026-07-31,London,['Rock/Indie'],ticketmaster
1AwZk8gGkdJ9ZcH,Through Storms and Stars Â an Evening with Voyager,2026-07-31,London,['Metal/Punk'],ticketmaster
G5vHZ_aKgEkj4,Caylee Hammack,2026-07-31,Manchester,['Folk/Country'],ticketmaster
LvZ18Q7vFDK5GK8Z-hbFN,Club 80's Live,2026-07-31,Morecambe,['Rock/Indie'],ticketmaster
LvZ18Q_MJyTCyX8ZldPRg,Green Haze + Nirvanah,2026-07-31,Southampton,['Unclassified'],ticketmaster
LvZ18QaiFGCgb58ZI5bif,A Foreigners Journey,2026-07-31,Norwich,['Unclassified'],ticketmaster
LvZ18QbE4T31t7YZl94bx,Leo Green Presents: The Secret Sax Party,2026-07-31,London,['Jazz/Blues/Soul'],ticketmaster
LvZ18QhkacJq-FZZiNrEy,LINX feat DAVID GRANT + Phil Fearon & Galaxy,2026-07-31,London,['Pop'],ticketmaster
LvZ18Qj4LgfFG9YZz0pOx,B*Witched Live in Chester Cathedral,2026-07-31,Chester,['Pop'],ticketmaster
LvZ18QqSVjaB5gZv1oehY,Eva Ayllón in London,2026-07-31,London,['World/Latin/Reggae'],ticketmaster
LvZ18Qr7fxvnerOZ0tPo9,Finn Askew,2026-07-31,London,['Hip-Hop/Urban'],ticketmaster
LvZ18Qx5RlRCUlYZVqZqi,JERICHO HILL - Johnny Cash tribute,2026-07-31,Edinburgh,['Rock/Indie'],ticketmaster
LvZ18QxNe-cEv4YZvc-R8,Soho Spotlight - Friday Live Performance,2026-07-31,London,['Jazz/Blues/Soul'],ticketmaster
1AdOZ_AGkmaQoj1,Cloudbusting - the Music of Kate Bush,2026-07-31,Belfast,['Unclassified'],ticketmaster
LvZ18Q4X5IrGx6YZ0zlQK,Not Green Day,2026-07-31,Newcastle Upon Tyne,['Rock/Indie'],ticketmaster
LvZ18QOF7LsHBs8Z0oiId,King Tut's Summer Nights Presents: Quality Control,2026-07-31,Glasgow,['Rock/Indie'],ticketmaster
LvZ18QaWMUz-wK8ZI6YIj,Sabbotage,2026-07-31,Birmingham,['Metal/Punk'],ticketmaster
LvZ18QxtLp9VbPZZ0m4FA,Alice Leggett: Reunion Band Part 2,2026-07-31,London,['Jazz/Blues/Soul'],ticketmaster
16dfZ_djyG7Iyjs,Abba Voyage - VIP Premium Package,2026-07-31,London,['Pop'],ticketmaster
1AgZkCKGkeUjBKv,ABBA Voyage,2026-07-31,London,['Pop'],ticketmaster
17GOv0G6GCs78EE,Enfant + Angel Parker + Tom Szczech + Amber Kirsch,2026-07-31,London,['Pop'],ticketmaster
G5dzZ_G6q2Ain,R&B ONLY LIVE,2026-07-31,Manchester,['Hip-Hop/Urban'],ticketmaster
LvZ18QxNGBPZeYOZvC6Lh,Alfies Soho - Live Jazz and Blues,2026-07-31,London,['Jazz/Blues/Soul'],ticketmaster
LvZ18QxNAv4ZeYOZvC6_G,"Live Jazz from the Piano Bar at Red Room Studios, Soho",2026-07-31,London,['Jazz/Blues/Soul'],ticketmaster
LvZ18Q-UhewMho8ZzjrFK,DJ Obi (All Night Long),2026-07-31,London,['Electronic/Dance'],ticketmaster
17uOv0G6G6zKc02,Belladrum Festival 2026 - Friday & Saturday Ticket,2026-07-31,Inverness,['Rock/Indie'],ticketmaster
G5dzZbcBTExZo,Radar Festival 2026 - Weekend,2026-07-31,Manchester,['Unclassified'],ticketmaster
G5vHZ_FJN2eLo,Audi Presents Wilderness Festival 2026 - 2 Day Event (Fri/Sat),2026-07-31,Oxfordshire,['Unclassified'],ticketmaster
1AdfZ_7Gkmcq4ra,Camp Bestival 2026 - Saturday Day,2026-08-01,Dorset,['Unclassified'],ticketmaster
17uOv0G6G6YEWFH,Belladrum Festival 2026 - Saturday Day Tickets,2026-08-01,Inverness,['Rock/Indie'],ticketmaster
1AdfZ_aGkM1mgWG,Camp Bestival 2026 - Outward Adventures - Saturday,2026-08-01,Dorset,['Unclassified'],ticketmaster
G5dzZbzSvi4yh,RADAR Festival: Saturday - Skindred + Northlane + Protest The Hero,2026-08-01,Manchester,['Unclassified'],ticketmaster
G5vHZbR6V_bit,Audi Presents Wilderness 2026 - Saturday Day,2026-08-01,Oxfordshire,['Unclassified'],ticketmaster
LvZ18Qj161ne68OvO9o11,The Saturday Brunch Club,2026-08-01,London,['Non-Music/Other'],ticketmaster
17u8v0G6uMRxE0m,Belle Livingstone's 58th Street Country Club,2026-08-01,London,['Jazz/Blues/Soul'],ticketmaster
1AgZkoAGkdS894i,Mahrajan Festival,2026-08-01,London,['Rock/Indie'],ticketmaster
LvZ18QNnRsoZbo8v1desn,Saturday Soul Lunch | The Big Easy,2026-08-01,London,['Rock/Indie'],ticketmaster
LvZ18QOHC8AKqYYZXNCAs,Cafe Mambo Ibiza London Rooftop Party,2026-08-01,London,['Electronic/Dance'],ticketmaster
LvZ18Qx15tyvlVOvOhNzP,Solent Area Prog Festival - Saturday Tickets,2026-08-01,Southampton,['Rock/Indie'],ticketmaster
LvZ18Qx1q_5HLtOvOVx54,Solent Area Prog Festival - Weekend Tickets,2026-08-01,Southampton,['Rock/Indie'],ticketmaster
16dfZ_6kdG7wsns,Day Fever,2026-08-01,Sheffield,['Electronic/Dance'],ticketmaster
LvZ18Q3UEKw1R9ZZyQ2eL,MSW 25 Accessible + Companion Saturday Pass,2026-08-01,Margate,['Hip-Hop/Urban'],ticketmaster
LvZ18Q86aXbLJNOZ0tXY0,MSW 25 YEARS Saturday Pass,2026-08-01,Margate,['Hip-Hop/Urban'],ticketmaster
LvZ18QKl6FSvxy8ZYgX_F,Big Love UK,2026-08-01,St Albans,['Rock/Indie'],ticketmaster
LvZ18QhZS0dmaWZZiYIo1,Day Fever - Sheffield,2026-08-01,Sheffield,['Electronic/Dance'],ticketmaster
G5vHZbMR5j6ON,Sex Pistols - Official Ticket and Hotel Bundls,2026-08-01,Cardiff,['Rock/Indie'],ticketmaster
16dfZ_djyG7U_q9,Abba Voyage - VIP Premium Package,2026-08-01,London,['Pop'],ticketmaster
17GOv0G6G5JkYN2,In Conversation with Barbara Dickson,2026-08-01,Glasgow,['Pop'],ticketmaster
1AgZk8MGkems7_q,ABBA Voyage,2026-08-01,London,['Pop'],ticketmaster
LvZ18QLsIH4QDeZv13JNv,"An Afternoon of Indie CAMDEN - Outdoor Party the over 30s, 3pm-9pm",2026-08-01,London,['Rock/Indie'],ticketmaster
LvZ18Q_HxJQ7V-ZZwCou3,Martin Kemp's Back to the 80s DJ Set,2026-08-01,Bristol,['Rock/Indie'],ticketmaster
LvZ18QhZG23Sal8ZHpnWB,"An Afternoon of Rock MANCHESTER - Rock & Metal For Over 30s, 3pm-7pm",2026-08-01,Manchester,['Rock/Indie'],ticketmaster
G5vHZbMxgtk0N,SEX PISTOLS FT. FRANK CARTER,2026-08-01,Cardiff,['Rock/Indie'],ticketmaster
17CZv0G6ukrXwuy,The Whistling Donkeys,2026-08-01,Belfast,['Folk/Country'],ticketmaster
G5dzZ_aMIcf8x,An Evening with Chicane,2026-08-01,Edinburgh,['Rock/Indie'],ticketmaster
1AUZkuaGkewazhe,Calvin Harris,2026-08-01,Glasgow,['Pop'],ticketmaster
1AgZkCdGkex_gYs,The Kooks,2026-08-01,Margate,['Rock/Indie'],ticketmaster
1aeGZbVOFGvZdu6e,Luke Combs - My Kinda Saturday Night,2026-08-01,London,['Folk/Country'],ticketmaster
LvZ18Q14c8CU-aZZIjjMr,"Lincoln - Engine Shed - Indiepalooza - ""the UK's BEST Indie Festival""",2026-08-01,Lincoln,['Unclassified'],ticketmaster
17uOv0G6G3NpFEY,"Capercaillie, Rura & Fara",2026-08-01,Glasgow,['World/Latin/Reggae'],ticketmaster
1AdfZbUGkSNbGLT,The Streets,2026-08-01,Scarborough,['Hip-Hop/Urban'],ticketmaster
1AdfZbwGkSfDoDP,Opeth,2026-08-01,Halifax,['Metal/Punk'],ticketmaster
LvZ18QrEwBZZ7XOvqWivb,Vianova,2026-08-01,London,['Metal/Punk'],ticketmaster
1AdfZbVGkn9jJ41,Opeth- Official Ticket and Hotel Bundls,2026-08-01,Halifax,['Metal/Punk'],ticketmaster
1AgZkuSGkdgzhlw,The Streets- Official Ticket and Hotel Bundls,2026-08-01,Scarborough,['Hip-Hop/Urban'],ticketmaster
1AdbZ_eGkDB3pHY,Sophie Ellis-Bextor,2026-08-01,Glasgow,['Rock/Indie'],ticketmaster
1AgZk8MGkdnfpsx,Summer Walker,2026-08-01,London,['Hip-Hop/Urban'],ticketmaster
G5dzZbRaUedpG,The ELO Experience,2026-08-01,Newcastle Upon Tyne,['Unclassified'],ticketmaster
LvZ18Qhty276jaOZ0z7-m,Tragedy: All Metal Tribute to the Bee Gees & Beyond,2026-08-01,Brighton,['Unclassified'],ticketmaster
LvZ18Qq_WGi3AgYZz-pz3,Adam F (Full Live Band),2026-08-01,London,['Electronic/Dance'],ticketmaster
17u8v0G6G5fXlSt,Tkandz,2026-08-01,London,['Hip-Hop/Urban'],ticketmaster
17u8v0G6uMRs6Iv,Belle Livingstone's 58th Street Country Club,2026-08-01,London,['Jazz/Blues/Soul'],ticketmaster
1AdFZ_FGknfqvAr,Arnocorps,2026-08-01,London,['Metal/Punk'],ticketmaster
1AdFZ_kGkn4YONu,Twin Skeletons,2026-08-01,Glasgow,['Pop'],ticketmaster
1AwZkkKGkexJ3qc,The Crazy World Of Arthur Brown,2026-08-01,Glasgow,['Rock/Indie'],ticketmaster
1kGOv0_EGA1X8XC,Kula Shaker,2026-08-01,Edinburgh,['Rock/Indie'],ticketmaster
G5dzZ_7JqzeyW,The Beast UK - Iron Maiden Tribute,2026-08-01,Leicester,['Unclassified'],ticketmaster
G5dzZbzN0v9Pi,The Cheap Thrills,2026-08-01,Liverpool,['Rock/Indie'],ticketmaster
G5vHZ_F6UjpJA,GLU,2026-08-01,Bristol,['Hip-Hop/Urban'],ticketmaster
G5vHZ_k121oSJ,Solya,2026-08-01,Bristol,['Rock/Indie'],ticketmaster
LvZ18Q3pmZyRBlZZlokiu,The Crazy World Of Arthur Brown,2026-08-01,Glasgow,['Rock/Indie'],ticketmaster
LvZ18Q9EsKHZBvZZyX26M,Special Kinda Madness,2026-08-01,Derby,['Unclassified'],ticketmaster
LvZ18QL3aSEqEzYZ0-zDj,Victor Thompson,2026-08-01,London,['Non-Music/Other'],ticketmaster
LvZ18QO9-K_jHO8Z0xmpl,TEMPTATION WAITS - ROCK COVERS NIGHT,2026-08-01,Bathgate,['Rock/Indie'],ticketmaster
LvZ18QOs30atfl8vGIR2P,Spanish Horses,2026-08-01,Manchester,['Rock/Indie'],ticketmaster
LvZ18QbNZ1tJRmOZy_QFp,Confederate Dead + TOKER,2026-08-01,Cornwall,['Rock/Indie'],ticketmaster
LvZ18QjaBwFnnM8vQAgIV,One Night In Nashville - Chester Cathedral,2026-08-01,Chester,['Folk/Country'],ticketmaster
LvZ18Qjaiusub0OvGz9FK,Hits Different - The New Wave of Pop,2026-08-01,London,['Pop'],ticketmaster
1AMZko3GkdpL1lx,The Proclaimers,2026-08-01,Bristol,['Rock/Indie'],ticketmaster
1AdfZbVGklQxh4R,80s Live,2026-08-01,Scarborough,['Rock/Indie'],ticketmaster
LvZ18QOFk_QMSC8v1HWT0,King Tut's Summer Nights Presents: Bistango,2026-08-01,Glasgow,['Rock/Indie'],ticketmaster
LvZ18Q_jJbg9VuYZyukKJ,The Macc Lads + support Tinseltown Rebellion - SOLD OUT!,2026-08-01,Nuneaton,['Rock/Indie'],ticketmaster
LvZ18Qb62cZT52YZlEkyk,King Zepha,2026-08-01,Newcastle Upon Tyne,['World/Latin/Reggae'],ticketmaster
LvZ18QjT_s8GkdYZnQybN,Who's Next,2026-08-01,Hertford,['Unclassified'],ticketmaster
1AgZk8MGkemXf_V,ABBA Voyage,2026-08-01,London,['Pop'],ticketmaster
1ku8v0uSGA1dtqJ,Abba Voyage - VIP Premium Package,2026-08-01,London,['Pop'],ticketmaster
LvZ18QN5A8ioopZvObHyW,John Etheridge & Art Themen: All Star Quartet,2026-08-01,London,['Jazz/Blues/Soul'],ticketmaster
17GOv0G6G5V1YN9,Melina Blanco + Half Star + Mikayla Cain,2026-08-01,London,['Pop'],ticketmaster
1AwZk3aGkeDeoA8,The Phonics,2026-08-01,Southampton,['Pop'],ticketmaster
LvZ18QbcOFK9v4ZZyQaBE,FOO FIGHTERS SW,2026-08-01,London,['Rock/Indie'],ticketmaster
1AzZk34GkdoPsRX,Still Ill Club,2026-08-01,Belfast,['Metal/Punk'],ticketmaster
LvZ18QCTkDkLUxZZld5_F,Suspiciously Elvis,2026-08-01,London,['Unclassified'],ticketmaster
LvZ18QKlu9FMJ2YZ0nnW_,Ion Maiden,2026-08-01,St Albans,['Metal/Punk'],ticketmaster
17CZv0G6Cr07ORh,Skins - the Club Night,2026-08-01,Belfast,['Pop'],ticketmaster
LvZ18QN2Lcs6iYYvGxR5n,Live Band Karaoke,2026-08-01,London,['Unclassified'],ticketmaster
LvZ18Qxvnl93CnZvGaRu2,Soul City: House music every Saturday,2026-08-01,London,['Unclassified'],ticketmaster
G5vHZ_Fx0j32X,Audi Presents Wilderness Festival 2026 - 2 Day Event (Sat/Sun),2026-08-01,Oxfordshire,['Unclassified'],ticketmaster
1AdfZ_7GkRAhUtj,Camp Bestival 2026 - Sunday Day,2026-08-02,Dorset,['Unclassified'],ticketmaster
1AUZkobGkdj1Fm0,My First Concert,2026-08-02,Dunfermline,['Non-Music/Other'],ticketmaster
1AdfZ_aGkM8CUKH,Camp Bestival 2026 - Outward Adventures - Sunday,2026-08-02,Dorset,['Unclassified'],ticketmaster
G5dzZbzSADpeJ,RADAR Festival: Sunday - Animals As Leaders + The Pineapple Thief,2026-08-02,Manchester,['Unclassified'],ticketmaster
G5vHZbR7gS1wy,Audi Presents Wilderness 2026 - Sunday Day,2026-08-02,Oxfordshire,['Unclassified'],ticketmaster
LvZ18QOD7TR1mROvOSldq,BRUNCH | Godfathers of Garage - Norris Da Boss Windross & MC Creed,2026-08-02,London,['Electronic/Dance'],ticketmaster
LvZ18Qr_Ut1at68vq-qyU,"Live in Bents Park: Judge Jules Live, Ultrabeat, Phats & Small and SFA",2026-08-02,South Shields,['Electronic/Dance'],ticketmaster
LvZ18Qj5uTra6n8vO1izN,Sunday Soul Sessions,2026-08-02,London,['Hip-Hop/Urban'],ticketmaster
1AgZk8MGkeR50_H,ABBA Voyage,2026-08-02,London,['Pop'],ticketmaster
1ku8v0uSGA1oaqz,Abba Voyage - VIP Premium Package,2026-08-02,London,['Pop'],ticketmaster
LvZ18Qx1hbyvlVOvOhPpa,Solent Area Prog Festival - Sunday Tickets,2026-08-02,Southampton,['Rock/Indie'],ticketmaster
LvZ18Q3Utt62Cg8Zl_wFV,MSW 25 Accessible + Companion Sunday Pass,2026-08-02,Margate,['Hip-Hop/Urban'],ticketmaster
LvZ18Q8dIC9Tf_8Zl7K5L,MSW 25 YEARS Sunday Pass,2026-08-02,Margate,['Hip-Hop/Urban'],ticketmaster
1AgZk39GkeMTN_b,Gospel Garden Seating/Chair Upgrade - Ticket NOT Included,2026-08-02,London,['Non-Music/Other'],ticketmaster
1AgZkokGkewsJGg,Gospel Garden presents Kirk Franklin,2026-08-02,London,['Non-Music/Other'],ticketmaster
LvZ18Q0BEYWCeUivoEjNK,Vybz Inna London - Pre Jamaican Independence Party - Road To Malta,2026-08-02,London,['Electronic/Dance'],ticketmaster
LvZ18QOp3p_wT48vGCsk4,Craig Charles : Funk & Soul Club,2026-08-02,Edinburgh,['Rock/Indie'],ticketmaster
16dbZbU3pG7zgNu,Calvin Harris,2026-08-02,Glasgow,['Pop'],ticketmaster
1ANZkuoGkeWjsQu,Luke Combs - My Kinda Saturday Night,2026-08-02,London,['Folk/Country'],ticketmaster
1AdFZ_dGkwIF8lH,Richie Spice (Matinee Show) - Restaurant,2026-08-02,London,['World/Latin/Reggae'],ticketmaster
1AdFZ_dGkwPw8l1,Richie Spice (Matinee Show),2026-08-02,London,['World/Latin/Reggae'],ticketmaster
G5vHZ_71_Zotl,Two Door Cinema Club - Upgrade (does not include event ticket),2026-08-02,Cardiff,['Rock/Indie'],ticketmaster
G5vHZbwNEoe56,Two Door Cinema Club,2026-08-02,Cardiff,['Rock/Indie'],ticketmaster
G5vHZbgUwu67T,Two Door Cinema Club- Official Ticket and Hotel Bundls,2026-08-02,Cardiff,['Rock/Indie'],ticketmaster
1AgZk8MGkeR_7QC,ABBA Voyage,2026-08-02,London,['Pop'],ticketmaster
1AgZk8UGkeEfeGP,Summer Walker,2026-08-02,London,['Hip-Hop/Urban'],ticketmaster
1AgZkuzGkemE7OP,SEX PISTOLS FT. FRANK CARTER,2026-08-02,Scarborough,['Rock/Indie'],ticketmaster
1ku8v0uSGA1rtr7,Abba Voyage - VIP Premium Package,2026-08-02,London,['Pop'],ticketmaster
LvZ18Q-OgESI6o8ZJAPga,With Teeth,2026-08-02,London,['Rock/Indie'],ticketmaster
1AdfZbMGkRAHIVT,Sex Pistols- Official Ticket and Hotel Bundls,2026-08-02,Scarborough,['Rock/Indie'],ticketmaster
LvZ18QhRWg-dly8ZI6chN,Dinner with Kele Le Roc,2026-08-02,London,['Rock/Indie'],ticketmaster
17u8v0G6uMRT9l0,Belle Livingstone's 58th Street Country Club,2026-08-02,London,['Jazz/Blues/Soul'],ticketmaster
1AdFZ_kGkMnV8Dk,Broken by the Scream,2026-08-02,London,['Metal/Punk'],ticketmaster
1AdbZ_7GkMUwhlX,Lloyd Cole,2026-08-02,Edinburgh,['Rock/Indie'],ticketmaster
G5vHZ_k14Y3fz,Solya,2026-08-02,Manchester,['Rock/Indie'],ticketmaster
LvZ18Q0uM-c4GlQLoSofv,Lata & Asha: Purane Gaane… Side A | Side B – Leeds,2026-08-02,Leeds,['World/Latin/Reggae'],ticketmaster
LvZ18QFubezrfZZZ09vJ-,Coleen Nolan,2026-08-02,London,['Pop'],ticketmaster
LvZ18QL91Ik1b3ZZMjgNo,Slow Mass + Outlander,2026-08-02,Newcastle Upon Tyne,['Rock/Indie'],ticketmaster
LvZ18QjRBJjM0fYZzmCmI,Tarrus Riley,2026-08-02,London,['World/Latin/Reggae'],ticketmaster
LvZ18Q9IUaayr9OZyQ-Ny,Life Of Agony,2026-08-02,Southend-On-Sea,['Metal/Punk'],ticketmaster
LvZ18QOF1jHFSU8v12Bp0,King Tut's Summer Nights Presents: Joe Goodall,2026-08-02,Glasgow,['Rock/Indie'],ticketmaster
G5vHZ_FBp7ss5,Laughterama: Ed Gamble & Nick Mohammed,2026-08-02,London,['Non-Music/Other'],ticketmaster
1AdFZ_dGkwIFZlb,Richie Spice (Evening Show) - Restaurant,2026-08-02,London,['World/Latin/Reggae'],ticketmaster
1AdFZ_dGkwPw8lu,Richie Spice (Evening Show),2026-08-02,London,['World/Latin/Reggae'],ticketmaster
LvZ18Q0C_B5vgT9KS2QPS,Enfant,2026-08-03,London,['Rock/Indie'],ticketmaster
LvZ18QhgjaWplV8ZiKrKq,Animals As Leaders,2026-08-03,Brighton,['Metal/Punk'],ticketmaster
1AzZk3fGke0a-bn,Vio-lence,2026-08-03,Belfast,['Metal/Punk'],ticketmaster
G5dzZ_6D6fNh2,Lovebites,2026-08-03,London,['Rock/Indie'],ticketmaster
G5vHZ_G3xBUbN,Cate Le Bon,2026-08-03,London,['Rock/Indie'],ticketmaster
LvZ18QqKDRsLBPOv2eFC9,Jesse Royal,2026-08-03,London,['World/Latin/Reggae'],ticketmaster
17CZv0G61pV4-CH,The Druids,2026-08-03,Belfast,['Rock/Indie'],ticketmaster
1AwZko_GkdUA8l-,Solya,2026-08-03,Glasgow,['Rock/Indie'],ticketmaster
1AgZk8MGkeRJfQb,ABBA Voyage,2026-08-03,London,['Pop'],ticketmaster
1ku8v0uSGA1iarx,Abba Voyage - VIP Premium Package,2026-08-03,London,['Pop'],ticketmaster
LvZ18QLsIRLAlKZZ0AKx2,JESSE ROYAL 4TH August 2026 Performing Live Birmingham Jam House,2026-08-04,Birmingham,['World/Latin/Reggae'],ticketmaster
LvZ18Q_ue9tI7KOZypifj,BAD COP BAD COP,2026-08-04,London,['Rock/Indie'],ticketmaster
1AdbZ_eGkDyhkyT,Elephant Sessions,2026-08-04,Glasgow,['Unclassified'],ticketmaster
LvZ18QrbsM9_0A8ZM3OVp,Vio-lence + Cutthroat,2026-08-04,Glasgow,['Metal/Punk'],ticketmaster
1AwZk8YGkdMBZzG,Wolves In the Throne Room & Spectral Wound,2026-08-04,Glasgow,['Metal/Punk'],ticketmaster
1AzZku6GkegPszk,Northlane,2026-08-04,Belfast,['Metal/Punk'],ticketmaster
G5vHZ_G2x5B2Z,Cate Le Bon,2026-08-04,London,['Rock/Indie'],ticketmaster
LvZ18Q9IzQIMoUOZySMg6,Life Of Agony,2026-08-04,Reading,['Metal/Punk'],ticketmaster
LvZ18QLYU_8y-2YZMtXCB,LUNA KILLS,2026-08-04,Birmingham,['Metal/Punk'],ticketmaster
LvZ18QrjDeRe7SYZMhHhD,Mo'Kalamity,2026-08-04,London,['World/Latin/Reggae'],ticketmaster
G5vHZ_k2tZPpE,Gary Numan,2026-08-04,Northampton,['Rock/Indie'],ticketmaster
G5vHZ_khWVyMe,Biohazard,2026-08-04,London,['Metal/Punk'],ticketmaster
LvZ18QbE0awGHFZZlQgA4,The Van Morrison Alumni Band,2026-08-04,London,['Rock/Indie'],ticketmaster
LvZ18QqzOc7sbpYZ0LttX,Everette,2026-08-04,Glasgow,['Folk/Country'],ticketmaster
LvZ18QNRQuO-Q_e848rUB,Frank Sinatra & Friends,2026-08-04,London,['Unclassified'],ticketmaster
1AgZkoAGkdn6Evg,Palace Bowl Presents - Tom Jones,2026-08-05,London,['Rock/Indie'],ticketmaster
1adfZ_arbf-Zd8k1,Tom Jones Seating/Chair Upgrade - Ticket NOT Included,2026-08-05,London,['Rock/Indie'],ticketmaster
LvZ18Q336VDepdZv4lxwU,Merauder,2026-08-05,London,['Rock/Indie'],ticketmaster
1AdbZ_eGkDi-kj0,Tash Sultana,2026-08-05,Glasgow,['Rock/Indie'],ticketmaster
LvZ18Q9IDhUBt9ZZll7Ya,Life Of Agony,2026-08-05,Bristol,['Metal/Punk'],ticketmaster
LvZ18QxNAvqWP1YZv6Fvj,"Live Jazz from the Piano Bar at Red Room Studios, Soho",2026-08-05,London,['Jazz/Blues/Soul'],ticketmaster
16zZkozO0ZA2vukk,Ryan McMullan - Fleadh 2026,2026-08-05,Belfast,['Rock/Indie'],ticketmaster
17GOv0G6Cr45OLj,Miss Kaninna,2026-08-05,Glasgow,['Hip-Hop/Urban'],ticketmaster
17u8v0G6uMYuMRl,Belle Livingstone's 58th Street Country Club,2026-08-05,London,['Jazz/Blues/Soul'],ticketmaster
1AwZkoNGkeMLZ0P,The Zawose Queens,2026-08-05,London,['Pop'],ticketmaster
1AwZkoNGkeMrY0h,The Zawose Queens - Restaurant,2026-08-05,London,['Pop'],ticketmaster
G5dzZ_AE24PJk,Solya,2026-08-05,Birmingham,['Rock/Indie'],ticketmaster
G5vHZ_G6sADkd,Borderline,2026-08-05,Manchester,['Rock/Indie'],ticketmaster
LvZ18QQYoqsu6aYZ0u-JB,Biohazard,2026-08-05,Southampton,['Metal/Punk'],ticketmaster
LvZ18Q_MhF-aTpZZ04xWg,El Mató a un Policía Motorizado,2026-08-05,London,['Rock/Indie'],ticketmaster
LvZ18QxL0cEkQPZZ02VLN,Old Mervs,2026-08-05,Newquay,['Rock/Indie'],ticketmaster
1AdfZbYGkHsxwIC,Sounds Of The 60s Live - Hosted by Tony Blackburn MBE,2026-08-05,Leeds,['Rock/Indie'],ticketmaster
G5vHZ_k2RPAiI,Gary Numan,2026-08-05,Northampton,['Rock/Indie'],ticketmaster
LvZ18QjVRoV6vcYvG0nQU,Liberty and Justice,2026-08-05,London,['Rock/Indie'],ticketmaster
LvZ18QNKtNZOSo8vGHEco,Zhenya Strigalev Quintet Group,2026-08-05,London,['Jazz/Blues/Soul'],ticketmaster
LvZ18Q0C9EzDQdjpkKdHn,"Live Jazz from the Piano Bar at Red Room Studios, Soho",2026-08-05,London,['Jazz/Blues/Soul'],ticketmaster
LvZ18QOsX9sXUxZvGJmHB,The Neo Soul Sessions,2026-08-05,London,['Hip-Hop/Urban'],ticketmaster
LvZ18QOszmJSvdYvOaTdt,The Neo Soul Sessions,2026-08-05,London,['Hip-Hop/Urban'],ticketmaster
G5vHZbUwmiU3g,HERITAGE LIVE: Scissor Sisters + Special Guests,2026-08-06,Essex,['Rock/Indie'],ticketmaster
17CZv0G6CLfDsZy,Kneecap,2026-08-06,Belfast,['Hip-Hop/Urban'],ticketmaster
1AgZk39Gkem6wMX,Gary Numan Seating/Chair Upgrade - Ticket NOT Included,2026-08-06,London,['Rock/Indie'],ticketmaster
1AgZkokGkdeHky9,Palace Bowl Presents - Gary Numan,2026-08-06,London,['Rock/Indie'],ticketmaster
LvZ18Q-BD_85zwOvGxrzu,Caslean,2026-08-06,London,['Rock/Indie'],ticketmaster
LvZ18QhRs_f5PUZZim_hg,"Lovers Rock Sessions with Sandra Cross, Paulette Tajah &  Winsome-all live!",2026-08-06,Birmingham,['World/Latin/Reggae'],ticketmaster
1AdbZ_eGkTr0Ai_,Marti Pellow,2026-08-06,Glasgow,['Rock/Indie'],ticketmaster
LvZ18Q0C4HTwr5AZwuPV5,"Live Jazz from the Piano Bar at Red Room Studios, Soho",2026-08-06,London,['Jazz/Blues/Soul'],ticketmaster
LvZ18QqmThVZSVOZ0SlGD,Martha Spencer Trio,2026-08-06,Saltaire,['Folk/Country'],ticketmaster
11u8v0btbKFsv5,Solya,2026-08-06,London,['Rock/Indie'],ticketmaster
16zZkozO0ZA8vuk2,Ryan McMullan - Fleadh 2026,2026-08-06,Belfast,['Rock/Indie'],ticketmaster
17CZv0G6CChW-4y,All Folk'd Up,2026-08-06,Belfast,['Folk/Country'],ticketmaster
17GOv0G65S-sZlV,Borderline,2026-08-06,Glasgow,['Pop'],ticketmaster
LvZ18Q-J57NtXC8ZzIYgf,Shaggy,2026-08-06,London,['World/Latin/Reggae'],ticketmaster
LvZ18Q4XhX8SJpZZlNZIL,Fell Out Boy + The Black Charade,2026-08-06,Southampton,['Unclassified'],ticketmaster
LvZ18QxN7FbzYRYZvNl7K,Round 41 - Live Jazz and Fusion Night,2026-08-06,London,['Jazz/Blues/Soul'],ticketmaster
LvZ18QOF5V-HBs8ZMocET,King Tut's Summer Nights Presents: Dugout,2026-08-06,Glasgow,['Rock/Indie'],ticketmaster
LvZ18QjAKCStH38Z0KeeO,Wednesday 13,2026-08-06,Southend-On-Sea,['Metal/Punk'],ticketmaster
LvZ18Qpqj1SGquZZliHN8,Ebony,2026-08-06,London,['Hip-Hop/Urban'],ticketmaster
1AgZk8MGkeRSVQJ,ABBA Voyage,2026-08-06,London,['Pop'],ticketmaster
1ku8v0uSGA1y_Ok,Abba Voyage - VIP Premium Package,2026-08-06,London,['Pop'],ticketmaster
17GOv0G6u5nqZNA,The Colour Blind Monks + Kangia + More Tba,2026-08-06,London,['Rock/Indie'],ticketmaster
LvZ18Q0ygohVDZMTqf8jg,Jamaican Independence Day Celebration with Rum ‘N’ Bass & DJ Croc,2026-08-06,London,['Electronic/Dance'],ticketmaster
LvZ18Q0BNCWK3-lZ-5AKu,Dounby Show Night 2026,2026-08-06,Orkney,['Electronic/Dance'],ticketmaster
LvZ18Q0C4HTwr5AZwuPV1,"Live Jazz from the Piano Bar at Red Room Studios, Soho",2026-08-06,London,['Jazz/Blues/Soul'],ticketmaster
LvZ18Qhnj0YMHmOZVhQto,The Michael Jackson Show,2026-08-06,London,['Pop'],ticketmaster
1AgZkC8Gkd0t_TL,Soultasia,2026-08-07,London,['Hip-Hop/Urban'],ticketmaster
G5vHZbVxLTJYb,The Streets + Special guests,2026-08-07,Essex,['Hip-Hop/Urban'],ticketmaster
LvZ18QjVoNe7SmYvOZyhj,Canterbury Live presents: JLS,2026-08-07,Canterbury,['Rock/Indie'],ticketmaster
1AMZkuVGkdOmEVK,Jessie J Live After Racing - The Premier Enclosure,2026-08-07,Newmarket,['Pop'],ticketmaster
1AMZkuVGkdfwECz,Jessie J Live After Racing - Grandstand & Paddock,2026-08-07,Newmarket,['Pop'],ticketmaster
1adfZ_7pfAxZd2AF,City Pop Waves presents Masayoshi Takanaka,2026-08-07,London,['Jazz/Blues/Soul'],ticketmaster
G5vHZ_dj1zMsW,Pete Tong Live After Racing -  County Enclosure,2026-08-07,Newton-Le-Willows,['Pop'],ticketmaster
G5vHZ_dj6mMlp,Pete Tong Live After Racing Grandstand & Paddock,2026-08-07,Newton-Le-Willows,['Pop'],ticketmaster
LvZ18QjtB2qTTtYZ0bFnY,Diaspora Calling!,2026-08-07,Milton Keynes,['Hip-Hop/Urban'],ticketmaster
11CZv0uIox7Ev2,The Saw Doctors - Feile 2026,2026-08-07,Belfast,['Rock/Indie'],ticketmaster
G5dzZbz1N1dUb,Fell Out Boy + Black Charade,2026-08-07,Bristol,['Unclassified'],ticketmaster
LvZ18Q-Tz8AgVpZZze-7k,B’SPOKE Fri 07 August 2026 The Jam House Birmingham,2026-08-07,Birmingham,['Pop'],ticketmaster
LvZ18Qj2YO9LJV8vO2GCu,Adolescents & Scream,2026-08-07,London,['Rock/Indie'],ticketmaster
LvZ18QxNGBPZeYOZvC6Lj,Alfies Soho - Live Jazz and Blues,2026-08-07,London,['Jazz/Blues/Soul'],ticketmaster
1AdbZ_eGkTqZAJE,Marti Pellow,2026-08-07,Glasgow,['Rock/Indie'],ticketmaster
G5dzZbs9wHsM6,Totally Gaga - a Tribute To Lady Gaga,2026-08-07,Newcastle Upon Tyne,['Unclassified'],ticketmaster
LvZ18Q-BlGmC8OZZzXYSO,"Awaken, My Love! Revisited - 10th Anniversary",2026-08-07,London,['Hip-Hop/Urban'],ticketmaster
LvZ18Q9N5YUhZX8Z0oVTF,Mica Paris,2026-08-07,London,['Hip-Hop/Urban'],ticketmaster
LvZ18QjzIXtH6S8vGcH-s,Chameleons,2026-08-07,Birmingham,['Rock/Indie'],ticketmaster
LvZ18QxNAv4ZeYOZvC6_u,"Live Jazz from the Piano Bar at Red Room Studios, Soho",2026-08-07,London,['Jazz/Blues/Soul'],ticketmaster
17u8v0G6uMYt9U-,Belle Livingstone's 58th Street Country Club,2026-08-07,London,['Jazz/Blues/Soul'],ticketmaster
1AdbZ_FGklLR9y5,Lulu 'live',2026-08-07,Aberdeen,['Rock/Indie'],ticketmaster
1AdfZ_kGklj2JvS,Solya,2026-08-07,London,['Rock/Indie'],ticketmaster
1AzZk3pGkdonvP7,Talisk - Fleadh 2026,2026-08-07,Belfast,['Folk/Country'],ticketmaster
G5dzZ_FBw57EG,Gramps Morgan,2026-08-07,Birmingham,['World/Latin/Reggae'],ticketmaster
G5dzZ_eTAGVtZ,The Eminem Experience in London!,2026-08-07,London,['Hip-Hop/Urban'],ticketmaster
G5vHZ_ukDk5_6,Strata,2026-08-07,Preston,['Rock/Indie'],ticketmaster
LvZ18Q-lpHHelL8ZzUHB4,SLEEP TOUCAN - A TRIBUTE TO SLEEP TOKEN,2026-08-07,Bradford,['Rock/Indie'],ticketmaster
LvZ18Q_uKQVc1aOZl-lnA,Plug In Maybe,2026-08-07,Southampton,['Rock/Indie'],ticketmaster
LvZ18QrrbgUUqlYZM_2Hl,Dave Formula and Noko,2026-08-07,Derby,['Rock/Indie'],ticketmaster
LvZ18QxNe-cEv4YZvc-Ro,Soho Spotlight - Friday Live Performance,2026-08-07,London,['Jazz/Blues/Soul'],ticketmaster
LvZ18Q-DKyVtaHZvOBy4w,Dr Alimantado,2026-08-07,London,['World/Latin/Reggae'],ticketmaster
LvZ18Q9WoGeSnvOZyyT61,A Foreigners Journey,2026-08-07,Lavenham,['Unclassified'],ticketmaster
LvZ18QOFuoQMSC8Z0HX0-,King Tut's Summer Nights Presents: Val Mavis,2026-08-07,Glasgow,['Rock/Indie'],ticketmaster
LvZ18QQq_W0W8xZZ0sBu1,Smoove & Turrell,2026-08-07,Hertford,['Hip-Hop/Urban'],ticketmaster
1AgZk8MGkeYv7hk,ABBA Voyage,2026-08-07,London,['Pop'],ticketmaster
1ku8v0uSGA5kyOb,Abba Voyage - VIP Premium Package,2026-08-07,London,['Pop'],ticketmaster
17GOv0G6GCwfOEi,Broken Hertz + Phoebe Parker + Sophie Holloway + Dither,2026-08-07,London,['Pop'],ticketmaster
1AUZk3FGkdbm6Gs,New York Brass Band & Hyde Family Jam - Venue Premium Tickets,2026-08-07,York,['Unclassified'],ticketmaster
LvZ18QLNuy9j8i8vqKvmD,Paul Jones & Dave Kelly,2026-08-07,Kinross,['Jazz/Blues/Soul'],ticketmaster
LvZ18QxNGBPZeYOZvC6Lq,Alfies Soho - Live Jazz and Blues,2026-08-07,London,['Jazz/Blues/Soul'],ticketmaster
LvZ18QxNAv4ZeYOZvC6_C,"Live Jazz from the Piano Bar at Red Room Studios, Soho",2026-08-07,London,['Jazz/Blues/Soul'],ticketmaster
LvZ18QNY2vYEULlWVpip1,SouLutions,2026-08-07,London,['Hip-Hop/Urban'],ticketmaster
LvZ18Q9NG_UhZX8ZloVHt,Mica Paris,2026-08-07,London,['Hip-Hop/Urban'],ticketmaster
17CZv0G6GNQmVF8,Trisco,2026-08-07,Belfast,['Electronic/Dance'],ticketmaster
LvZ18Q0WwIb4U62gepJgI,Congo Natty,2026-08-07,London,['Electronic/Dance'],ticketmaster
LvZ18Qqy7GxYz68Z0Dutr,Juls: 4 Fridays at Jazz Cafe (Summer Residency – Week 1),2026-08-07,London,['Electronic/Dance'],ticketmaster
G5dzZ_C1mQx19,Jamaican Independence Birmingham,2026-08-07,Birmingham,['World/Latin/Reggae'],ticketmaster
LvZ18Qb9fdNaukZZwE_fF,Party At The Palace 2026 - Weekend Tickets,2026-08-08,Linlithgow,['Rock/Indie'],ticketmaster
LvZ18QbowuwSaK8ZvBd9V,Party At The Palace 2026 - Day Tickets,2026-08-08,Linlithgow,['Folk/Country'],ticketmaster
17u8v0G6uMYMEBN,Belle Livingstone's 58th Street Country Club,2026-08-08,London,['Jazz/Blues/Soul'],ticketmaster
17CZv0G6G39Wvzs,Foy Vance -  Fleadh 2026,2026-08-08,Belfast,['Rock/Indie'],ticketmaster
G5vHZbVJJePyd,HERITAGE LIVE: Pete Tong Ibiza Classics,2026-08-08,Essex,['Pop'],ticketmaster
LvZ18QOjkGqz90OZzxZiC,"An Afternoon of Rock SHEFFIELD - Rock & Metal For Over 30s, 2pm-6:30pm",2026-08-08,Sheffield,['Rock/Indie'],ticketmaster
LvZ18QjSX8uVB7YvGPO4j,Canterbury Live presents: Becky Hill,2026-08-08,Canterbury,['Rock/Indie'],ticketmaster
1AgZk8MGkeYC0h9,ABBA Voyage,2026-08-08,London,['Pop'],ticketmaster
1ku8v0uSGA5faOP,Abba Voyage - VIP Premium Package,2026-08-08,London,['Pop'],ticketmaster
LvZ18Q0XeHHYSfHgzmW04,London Reggae & Food Festival: Jamaican Independence Special,2026-08-08,London,['World/Latin/Reggae'],ticketmaster
LvZ18QN50IYojMZv17de1,Denon Reed Headline Show (Cru2 Summer),2026-08-08,Birmingham,['Electronic/Dance'],ticketmaster
1AzZk3aGkdQJeI8,Feile Dance Night,2026-08-08,Belfast,['Electronic/Dance'],ticketmaster
LvZ18Q0zOEKJzOWYaGbhc,GREENHAT,2026-08-08,London,['Rock/Indie'],ticketmaster
1AdOZbzGkmejsNS,Lush Classical August 2026,2026-08-08,Belfast,['Pop'],ticketmaster
1AdfZbwGknbZv8E,The K's,2026-08-08,Halifax,['Rock/Indie'],ticketmaster
1AgZku0GkeIuAgw,Scissor Sisters,2026-08-08,Scarborough,['Rock/Indie'],ticketmaster
LvZ18Q-TBQOGHmOZPTXeP,B’SPOKE Sat 08 August 2026 The Jam House Birmingham,2026-08-08,Birmingham,['Pop'],ticketmaster
LvZ18QqTZvm4nrYv1OudF,The Partisans,2026-08-08,London,['Rock/Indie'],ticketmaster
LvZ18QxNGBN2PM8Zv-dLh,Alfies Soho - Live Jazz and Blues,2026-08-08,London,['Jazz/Blues/Soul'],ticketmaster
16dfZbS7NG7trTs,The K's- Official Ticket and Hotel Bundls,2026-08-08,Halifax,['Rock/Indie'],ticketmaster
1AgZkuVGkeBJJyP,Scissor Sisters- Official Ticket and Hotel Bundls,2026-08-08,Scarborough,['Rock/Indie'],ticketmaster
1AdbZ_eGkTZO784,Marti Pellow,2026-08-08,Glasgow,['Rock/Indie'],ticketmaster
G5dzZ_eXcjSg7,The Music of Motown - The Candlelight Concert,2026-08-08,Newcastle Upon Tyne,['Unclassified'],ticketmaster
LvZ18Q-QyxFYNq8Zzbhod,The Legend of William Onyeabor,2026-08-08,London,['World/Latin/Reggae'],ticketmaster
LvZ18Q-v2acbCS8ZzWZTM,Hayao Miyazaki's Dreams by Mystery Ensemble,2026-08-08,Hereford,['Classical/Orchestral'],ticketmaster
LvZ18QLuOd1cGOYvj0EQZ,The World of John Williams by the Mystery Ensemble,2026-08-08,Bournemouth,['Classical/Orchestral'],ticketmaster
17CZv0G61Lnexiw,Le Boom: In The Round Immersive Floor Show - Fleadh 2026,2026-08-08,Belfast,['Pop'],ticketmaster
17GOv0G65msXZxt,T-A,2026-08-08,Dunfermline,['Rock/Indie'],ticketmaster
17u8v0G6uMsAMX5,Belle Livingstone's 58th Street Country Club,2026-08-08,London,['Jazz/Blues/Soul'],ticketmaster
1AdbZ_FGkDi01Wx,The Courettes,2026-08-08,Glasgow,['Pop'],ticketmaster
LvZ18Q-9S4pRRn8vGOhz-,Pete's Beats DJs present: SEXY APOCALYPSE,2026-08-08,Cornwall,['Electronic/Dance'],ticketmaster
LvZ18Q0QZROrEZrnA9Qri,Steve Gunn,2026-08-08,Manchester,['Folk/Country'],ticketmaster
LvZ18Q4VvUvoQ0OZ0W7RE,Beatles Complete,2026-08-08,Derby,['Unclassified'],ticketmaster
LvZ18Q9cZ0v6arYZyBker,When Rivers Meet,2026-08-08,Newcastle Upon Tyne,['Rock/Indie'],ticketmaster
LvZ18QOipVYWoe8Zz37-c,Swiftogeddon - The Taylor Themed Club Night - Leeds (Early Show),2026-08-08,Leeds,['Pop'],ticketmaster
1AdFZ_aGkRx1oFK,The Wildhearts,2026-08-08,Southampton,['Rock/Indie'],ticketmaster
1AdfZbYGkMkmbKA,Michael Starring Ben,2026-08-08,Isle Of Wight,['Unclassified'],ticketmaster
LvZ18QOFCiN8esOZMUP2n,King Tut's Summer Nights Presents: Static Sky,2026-08-08,Glasgow,['Rock/Indie'],ticketmaster
LvZ18QoWiZfBYVZZwuaKM,Bay City Rollers + Guest Support,2026-08-08,Lavenham,['Rock/Indie'],ticketmaster
1AgZk8MGkeYhVhx,ABBA Voyage,2026-08-08,London,['Pop'],ticketmaster
1ku8v0uSGA5-tOg,Abba Voyage - VIP Premium Package,2026-08-08,London,['Pop'],ticketmaster
LvZ18QLaS46u7AOZ0EZbq,Leon Foster Thomas Group,2026-08-08,London,['Jazz/Blues/Soul'],ticketmaster
17GOv0G6GK0_8mO,The Slick + Astrocats + Connor Bannister + Special Guest,2026-08-08,London,['Rock/Indie'],ticketmaster
G5dzZ_CN8pePM,R&B ONLY LIVE,2026-08-08,Birmingham,['Hip-Hop/Urban'],ticketmaster
LvZ18QKOp-dS4oZZBw28D,Dean Friedman,2026-08-08,Kinross,['Rock/Indie'],ticketmaster
LvZ18Q_U3qwPiGOZwgcc4,Dirty DC - The AC/DC Tribute,2026-08-08,Nuneaton,['Unclassified'],ticketmaster
LvZ18QxNGBN2PM8Zv-dLj,Alfies Soho - Live Jazz and Blues,2026-08-08,London,['Jazz/Blues/Soul'],ticketmaster
LvZ18Q0DeL1vRgn0ViEj1,County Show Night 2026,2026-08-08,Orkney,['Electronic/Dance'],ticketmaster
LvZ18Q3-hFYUPMZZHuKCE,John Holt & Dennis Brown | Classic Reggae,2026-08-08,London,['Electronic/Dance'],ticketmaster
17CZv0G6Cx-T8wG,Lush! Classical Official Afterparty,2026-08-08,Belfast,['Electronic/Dance'],ticketmaster
LvZ18QN8Za_U7zOZ0o9LE,Live Band Karaoke,2026-08-08,London,['Unclassified'],ticketmaster
LvZ18QxZq0b8C7OZ0luUQ,Blu DeTiger (Live Bass & DJ Set),2026-08-08,London,['Rock/Indie'],ticketmaster
LvZ18QxvlhjsdoOvG-FUT,Soul City: House music every Saturday,2026-08-08,London,['Unclassified'],ticketmaster
LvZ18QOkNyHEDCZZM6_62,Swiftogeddon - The Taylor Themed Club Night - Edinburgh,2026-08-08,Edinburgh,['Pop'],ticketmaster
1AdfZ_6GkROWt8S,Live Nation Presents: Roots Picnic | Sat 08 + Sun 09 Aug '26,2026-08-08,London,['Unclassified'],ticketmaster
LvZ18QbowuYgwI8ZvEi0C,Party At The Palace 2026 - Day Tickets,2026-08-09,Linlithgow,['Folk/Country'],ticketmaster
1AgZk8MGkeYtfjN,ABBA Voyage,2026-08-09,London,['Pop'],ticketmaster
1ku8v0uSGA5myOW,Abba Voyage - VIP Premium Package,2026-08-09,London,['Pop'],ticketmaster
LvZ18QLdpweRpqZvqVtRY,Steam Down Sound System X Imaginary Millions,2026-08-09,London,['Jazz/Blues/Soul'],ticketmaster
LvZ18Qpa4Si9vyOZ0Whsl,YES Please,2026-08-09,Lavenham,['Rock/Indie'],ticketmaster
G5vHZbgUSAE6y,HERITAGE LIVE: Faithless + Special Guests,2026-08-09,Essex,['Pop'],ticketmaster
LvZ18QjV_D_xw08Zn1Vo4,Canterbury Live presents: Madness,2026-08-09,Canterbury,['Rock/Indie'],ticketmaster
17CZv0G65MtuNZf,Let The People Sing,2026-08-09,Belfast,['Unclassified'],ticketmaster
G5dzZ_6e0DK-l,Erika Jayne,2026-08-09,Glasgow,['Electronic/Dance'],ticketmaster
16dfZbUrfG7D4pN,Scissor Sisters,2026-08-09,Halifax,['Rock/Indie'],ticketmaster
1AgZk8MGkeYU0jm,ABBA Voyage,2026-08-09,London,['Pop'],ticketmaster
1ku8v0uSGA5H_-_,Abba Voyage - VIP Premium Package,2026-08-09,London,['Pop'],ticketmaster
LvZ18QNZ5ckXofOZ0kNIZ,King Punch,2026-08-09,London,['Rock/Indie'],ticketmaster
1ku8vNqFGACeeTF,Scissor Sisters - Official Ticket and Hotel Bundls,2026-08-09,Halifax,['Rock/Indie'],ticketmaster
1AdFZ_6GkXxTZtb,Hayao Miyazaki's Dreams By Mystery Ensemble,2026-08-09,Glasgow,['Unclassified'],ticketmaster
1adOZ_k16GZZdG5v,The Gerry Cinna-Man Experience,2026-08-09,Belfast,['Unclassified'],ticketmaster
LvZ18QNN17M1WEYZ0LuTT,Light Of Eternity,2026-08-09,York,['Metal/Punk'],ticketmaster
LvZ18QjSNhqdLBZvGfQcU,Hayao Miyazaki's Dreams by Mystery Ensemble,2026-08-09,Glasgow,['Classical/Orchestral'],ticketmaster
17u8v0G6uMsfbZT,Belle Livingstone's 58th Street Country Club,2026-08-09,London,['Jazz/Blues/Soul'],ticketmaster
LvZ18Q0CzoouFe6Mmin78,Makuta,2026-08-09,Cardiff,['Rock/Indie'],ticketmaster
LvZ18Q0y1Xt8iKwLGQsW4,Steve Gunn,2026-08-09,Leeds,['Folk/Country'],ticketmaster
LvZ18QrdLWVGG8Yv1UKpd,Gramps Morgan,2026-08-09,London,['World/Latin/Reggae'],ticketmaster
LvZ18QOF88jFSU8Z02Dkh,King Tut's Summer Nights Presents: Clay Rings,2026-08-09,Glasgow,['Rock/Indie'],ticketmaster
LvZ18QQU1_vP4bYZV7V09,COBO : Comedy Shutdown | Jamaican Independence Special - Birmingham,2026-08-09,Birmingham,['Non-Music/Other'],ticketmaster
LvZ18Q_er6xpVr8ZyVOBa,Roxy Magic,2026-08-09,Lavenham,['Unclassified'],ticketmaster
LvZ18Qf8CZ70mXZZ0FnJJ,MDC,2026-08-10,London,['Rock/Indie'],ticketmaster
16dbZ_kQKG7nK3-,John Grant with Richard Hawley & Band,2026-08-10,Glasgow,['Rock/Indie'],ticketmaster
1AdbZ_7GkRkQAKr,Slaughter To Prevail,2026-08-10,Glasgow,['Metal/Punk'],ticketmaster
G5dzZ_aUs5eV_,Mushroomhead,2026-08-10,London,['Rock/Indie'],ticketmaster
LvZ18QbHEpGr5rZZ0VS0D,Castle Rat,2026-08-10,Southampton,['Rock/Indie'],ticketmaster
G5vHZ_dBhrV7-,Kittie,2026-08-10,Manchester,['Rock/Indie'],ticketmaster
LvZ18QxY_het9a8Z0_8yt,Sharp Pins,2026-08-10,Glasgow,['Rock/Indie'],ticketmaster
1AgZk8MGkes77jU,ABBA Voyage,2026-08-10,London,['Pop'],ticketmaster
1ku8v0uSGAGay-j,Abba Voyage - VIP Premium Package,2026-08-10,London,['Pop'],ticketmaster
LvZ18Q0zNFNJzOWYaGb0v,Stage Door Guy,2026-08-11,London,['Jazz/Blues/Soul'],ticketmaster
1AdbZ_eGkDNrUk2,ABC,2026-08-11,Glasgow,['Rock/Indie'],ticketmaster
1AdbZ_aGkBp0xej,James Johnston,2026-08-11,Glasgow,['Folk/Country'],ticketmaster
1AwZk3pGkdfns6b,200 Stab Wounds,2026-08-11,London,['Metal/Punk'],ticketmaster
G5dzZ_dMaJVPd,Kittie,2026-08-11,London,['Rock/Indie'],ticketmaster
LvZ18Q0yQ04igLlHQzhFa,The Slow Jamz Orchestra,2026-08-11,London,['Hip-Hop/Urban'],ticketmaster
LvZ18Q_Uot6O6AOZwSIZF,The ELO Encounter,2026-08-11,Norwich,['Rock/Indie'],ticketmaster
LvZ18QrW2f6bjdOv1qvvK,Mushroomhead,2026-08-11,Southampton,['Rock/Indie'],ticketmaster
LvZ18QbE0K3GHFZZlQgkN,The Van Morrison Alumni Band,2026-08-11,London,['Rock/Indie'],ticketmaster
LvZ18QbM7Lt7T8YZwfGFR,Andrea von Kampen,2026-08-11,Newcastle Upon Tyne,['Folk/Country'],ticketmaster
16dOZ_613G7mOzN,Tom Jones,2026-08-12,Belfast,['Rock/Indie'],ticketmaster
LvZ18QNSTZ5sorFGV5_-a,Forgotten Sentiment,2026-08-12,London,['Metal/Punk'],ticketmaster
1aUZkoJJ8bzZeC2,The Wombats,2026-08-12,Glasgow,['Rock/Indie'],ticketmaster
1adfZ_ep9O-ZdC21,Hollywood Vampires,2026-08-12,London,['Rock/Indie'],ticketmaster
G5dzZ_AlGn0Qx,The Harry Styles Tribute Show starring Sean Mac,2026-08-12,Newcastle Upon Tyne,['Unclassified'],ticketmaster
LvZ18QxNAvqWP1YZv6Fvq,"Live Jazz from the Piano Bar at Red Room Studios, Soho",2026-08-12,London,['Jazz/Blues/Soul'],ticketmaster
17GOv0G6CLQfYPb,Nao,2026-08-12,London,['Hip-Hop/Urban'],ticketmaster
17GOv0G6Ch-o8lB,Tyler Halverson,2026-08-12,Glasgow,['Folk/Country'],ticketmaster
17u8v0G6uMsxI7P,Belle Livingstone's 58th Street Country Club,2026-08-12,London,['Jazz/Blues/Soul'],ticketmaster
G5dzZ_7mZ2sza,Slaughter To Prevail,2026-08-12,Bristol,['Metal/Punk'],ticketmaster
G5vHZ_AIbZDcP,Borderline,2026-08-12,London,['Rock/Indie'],ticketmaster
LvZ18QO6oYG1jKZZMdZMR,MAVIS STAPLES,2026-08-12,London,['Hip-Hop/Urban'],ticketmaster
LvZ18Qjy61iudxYvOGp1A,Courtney Pine: A Modern-Day Jazz Story 1986-2026,2026-08-12,London,['Jazz/Blues/Soul'],ticketmaster
LvZ18QjzW1oTK_YvGAMPP,Steely Scam,2026-08-12,Southampton,['Pop'],ticketmaster
LvZ18Qrra1Fgf88v1gYkH,The Courettes,2026-08-12,Derby,['Rock/Indie'],ticketmaster
LvZ18Q-DZpBlUROZ0Mfe1,Triggah - Album Release Show,2026-08-12,London,['Jazz/Blues/Soul'],ticketmaster
LvZ18QLeY8HYirOvqwGdU,Lucia & the Best Boys,2026-08-12,Aviemore,['Rock/Indie'],ticketmaster
LvZ18Q0C9EzDQdjpkKdHl,"Live Jazz from the Piano Bar at Red Room Studios, Soho",2026-08-12,London,['Jazz/Blues/Soul'],ticketmaster
1AdjZbzGkRJwk5F,Billy Ocean,2026-08-13,Liverpool,['Hip-Hop/Urban'],ticketmaster
LvZ18Qjg5vl1KbZvG5K5h,Nile Rodgers & CHIC - Borde Hill Summer Series,2026-08-13,West Sussex,['Hip-Hop/Urban'],ticketmaster
1ku8v08IGACK-Ug,Palace Bowl Presents - Bastille & The Wombats,2026-08-13,London,['Rock/Indie'],ticketmaster
LvZ18Q-OP9bjBuOZEDHM2,Mishikui,2026-08-13,London,['Rock/Indie'],ticketmaster
LvZ18QxZIf82ymOZzH7I9,The Best of Birmingham Thu 13 August 2026 The Jam House Birmingham,2026-08-13,Birmingham,['Pop'],ticketmaster
1AdbZ_eGkDxHJA9,Idlewild,2026-08-13,Glasgow,['Rock/Indie'],ticketmaster
1AgZko_GketQVxp,JOJI: SOLARIS,2026-08-13,London,['Hip-Hop/Urban'],ticketmaster
LvZ18Q0C4HTwr5AZwuPVu,"Live Jazz from the Piano Bar at Red Room Studios, Soho",2026-08-13,London,['Jazz/Blues/Soul'],ticketmaster
LvZ18QNCi5Hz-p8Zz1KUA,Laura White,2026-08-13,London,['Pop'],ticketmaster
17GOv0G6CL_aYNe,Nao,2026-08-13,London,['Hip-Hop/Urban'],ticketmaster
1AdFZ_7GkRlaORj,Niamh Morris,2026-08-13,Glasgow,['Pop'],ticketmaster
G5dzZ_AK8cEdm,The Harry Styles Tribute Show starring Sean Mac,2026-08-13,Manchester,['Unclassified'],ticketmaster
G5vHZ_CjvT5Cq,Miss Kaninna,2026-08-13,London,['Hip-Hop/Urban'],ticketmaster
LvZ18Q-912JNCG8vuUnWN,L'Entourloop,2026-08-13,Leeds,['World/Latin/Reggae'],ticketmaster
LvZ18QN03cJwVLZvG6ZQy,Vibe Village,2026-08-13,London,['Unclassified'],ticketmaster
LvZ18QO63lWQrmYZ06MWk,MAVIS STAPLES,2026-08-13,London,['Hip-Hop/Urban'],ticketmaster
LvZ18Q_j3wAin88ZyTvMg,Crypta,2026-08-13,Southampton,['Metal/Punk'],ticketmaster
LvZ18QxN7FbzYRYZvNl7f,Round 41 - Live Jazz and Fusion Night,2026-08-13,London,['Jazz/Blues/Soul'],ticketmaster
LvZ18QOF3F2YOYOZJuZCC,King Tut's Summer Nights Presents: Flame,2026-08-13,Glasgow,['Rock/Indie'],ticketmaster
1AgZk8MGkeso0qh,ABBA Voyage,2026-08-13,London,['Pop'],ticketmaster
1ku8v0uSGAG9a-B,Abba Voyage - VIP Premium Package,2026-08-13,London,['Pop'],ticketmaster
LvZ18Q0C4HTwr5AZwuPVG,"Live Jazz from the Piano Bar at Red Room Studios, Soho",2026-08-13,London,['Jazz/Blues/Soul'],ticketmaster
LvZ18Q4mmpvmoqOZ0DRIH,Amy Winehouse | Lucy Randell,2026-08-13,London,['Hip-Hop/Urban'],ticketmaster
G5vHZ_dQsOdka,Tinie Tempah - Live After Racing,2026-08-14,Newbury,['Hip-Hop/Urban'],ticketmaster
1AgZkoAGkestfWO,Palace Bowl Presents - Davido,2026-08-14,London,['World/Latin/Reggae'],ticketmaster
1AMZkubGkdgRulx,Craig David TS5 Live After Racing - Grandstand and Paddock,2026-08-14,Newmarket,['Hip-Hop/Urban'],ticketmaster
1AMZkubGkdgHuiO,Craig David TS5 Live After Racing - The Premier Enclosure,2026-08-14,Newmarket,['Hip-Hop/Urban'],ticketmaster
1FuYvNp839Z7C6G5,The Waterboys,2026-08-14,Liverpool,['Rock/Indie'],ticketmaster
1ku8v0uyGA5KxRj,Tom Jones and Nile Rodgers & Chic,2026-08-14,Chester,['Rock/Indie'],ticketmaster
LvZ18QOkHh2hOzZvaeNeP,The Suffield Summer ¡Fiesta!,2026-08-14,Norwich,['Rock/Indie'],ticketmaster
LvZ18QjgCL_rL2YvOum07,McFLY - Borde Hill Summer Series,2026-08-14,West Sussex,['Pop'],ticketmaster
1ANZkGNGkdvusZc,The Weeknd: After Hours Til Dawn Tour,2026-08-14,London,['Hip-Hop/Urban'],ticketmaster
G5vHZbyk00NJR,Soultasia,2026-08-14,Reading,['Rock/Indie'],ticketmaster
G5vHZbz2trFRI,Hollywood Vampires,2026-08-14,Cardiff,['Rock/Indie'],ticketmaster
LvZ18QKnNzQfZhZZyv9z9,Symphonic Ibiza,2026-08-14,Milton Keynes,['Electronic/Dance'],ticketmaster
G5vHZ_dpnt3xV,Hollywood Vampires - Official Ticket and Hotel Bundls,2026-08-14,Cardiff,['Rock/Indie'],ticketmaster
1AgZkuNGkdPR1Ym,Holly Johnson,2026-08-14,Scarborough,['Rock/Indie'],ticketmaster
1AgZkubGkduoQ8N,Jimmy Eat World Bleed American 25th Anniversary,2026-08-14,Halifax,['Rock/Indie'],ticketmaster
1kCZv0_9GAG3Oi9,Ben Hemsley,2026-08-14,Belfast,['Electronic/Dance'],ticketmaster
G5vHZ_a6eO0EG,Two Feet: the Next Steps Tour,2026-08-14,London,['Rock/Indie'],ticketmaster
LvZ18Q-TyuNvh98ZzdSbF,The Black Jeans Fri 14 August 2026 The Jam House Birmingham,2026-08-14,Birmingham,['Pop'],ticketmaster
1AgZkC7Gkezeb58,Jimmy Eat World- Official Ticket and Hotel Bundls,2026-08-14,Halifax,['Rock/Indie'],ticketmaster
1AgZkuSGkem5pCI,Holly Johnson - Official Ticket and Hotel Bundls,2026-08-14,Scarborough,['Rock/Indie'],ticketmaster
1AdbZ_eGkDU3JSr,Billy Ocean,2026-08-14,Glasgow,['Hip-Hop/Urban'],ticketmaster
LvZ18Q-h_yVIG6ZvOHVa3,The Beatles - Revolver (60th Anniversary),2026-08-14,London,['Rock/Indie'],ticketmaster
LvZ18Q_jC0wf8XOZwfCZ1,Crypta,2026-08-14,Birmingham,['Metal/Punk'],ticketmaster
LvZ18QxNAv4ZeYOZvC6_2,"Live Jazz from the Piano Bar at Red Room Studios, Soho",2026-08-14,London,['Jazz/Blues/Soul'],ticketmaster
17u8v0G6uMsYz63,Belle Livingstone's 58th Street Country Club,2026-08-14,London,['Jazz/Blues/Soul'],ticketmaster
1AdFZ_aGkDCAYYi,StillMarillion,2026-08-14,Dunfermline,['Unclassified'],ticketmaster
1AwZkGYGkeMPOzO,When Chai Met Toast,2026-08-14,London,['Folk/Country'],ticketmaster
1kGOv0otGAu6OW4,Randy Houser,2026-08-14,Glasgow,['Folk/Country'],ticketmaster
G5dzZ_ARuZpPq,The Harry Styles Tribute Show starring Sean Mac,2026-08-14,Leeds,['Unclassified'],ticketmaster
G5vHZ_aBKFex7,Charlie Worsham,2026-08-14,Manchester,['Folk/Country'],ticketmaster
LvZ18Q-p-DCaqYOZ0jh6I,TOO LATE TO ATONE - Rock Covers Night,2026-08-14,Bathgate,['Rock/Indie'],ticketmaster
LvZ18Q3vGtA4JgYv6oWf2,The Dickies,2026-08-14,Southampton,['Rock/Indie'],ticketmaster
LvZ18QNfscHZCmOvG9GQI,Guns 2 Roses + ACDC Reborn,2026-08-14,Coventry,['Unclassified'],ticketmaster
LvZ18QOGl0nKIZOZ0BjHA,Swiftogeddon - The Taylor Themed Club Night - London (Early Show),2026-08-14,London,['Pop'],ticketmaster
LvZ18QbEpaYfvDOZy4Pgs,Leo Green Presents: The Secret Sax Party,2026-08-14,London,['Jazz/Blues/Soul'],ticketmaster
LvZ18QxNe-cEv4YZvc-R3,Soho Spotlight - Friday Live Performance,2026-08-14,London,['Jazz/Blues/Soul'],ticketmaster
1AdfZ_FGkRVClia,Michael Starring Ben,2026-08-14,Ramsgate,['Unclassified'],ticketmaster
LvZ18QOFKL48TdYZ0t3U4,King Tut's Summer Nights Presents: allsorts,2026-08-14,Glasgow,['Rock/Indie'],ticketmaster
LvZ18QQpc8qxLlZZ0nsTe,The Bats,2026-08-14,Leeds,['Rock/Indie'],ticketmaster
LvZ18QrEHTtiixOZMAhoS,Jenny Don't And The Spurs,2026-08-14,London,['Rock/Indie'],ticketmaster
1AgZk8MGkesrVrO,ABBA Voyage,2026-08-14,London,['Pop'],ticketmaster
1ku8v0uSGAG0txk,Abba Voyage - VIP Premium Package,2026-08-14,London,['Pop'],ticketmaster
17GOv0G6uxrGOEV,Trainwreck + Milkman Jack + Kafirat,2026-08-14,London,['Rock/Indie'],ticketmaster
1AdfZ_eGkw91wIW,Limehouse Lizzy,2026-08-14,Whitby,['Unclassified'],ticketmaster
LvZ18QbH9UDX008Z0pP2G,Green Haze - The No.1 Green Day Tribute,2026-08-14,Nuneaton,['Unclassified'],ticketmaster
LvZ18QxNAv4ZeYOZvC6_8,"Live Jazz from the Piano Bar at Red Room Studios, Soho",2026-08-14,London,['Jazz/Blues/Soul'],ticketmaster
LvZ18Q0_U1i9h-Z4cre0l,Touch of Funk,2026-08-14,London,['Electronic/Dance'],ticketmaster
G5vHZ_ArnYeMC,Jessie J - Live after Racing,2026-08-15,Newbury,['Pop'],ticketmaster
LvZ18Qft4CuC6mZZ041C9,Smoke and Fire Festival Maldon 2026: The 10th Anniversary Edition,2026-08-15,Essex,['Unclassified'],ticketmaster
LvZ18Q-TgTnY9UYZzaHJJ,Saturday RnB Lunch | The RnB Collective,2026-08-15,London,['Hip-Hop/Urban'],ticketmaster
LvZ18Q01dTtv3o-z3nS2G,"Funky Dory Festival 7.0 | Soul, Disco, Soulful House & Party Classics",2026-08-15,Dunmow,['Hip-Hop/Urban'],ticketmaster
LvZ18QOkWqKCFdYZ0oXCB,The Suffield Summer ¡Fiesta!,2026-08-15,Norwich,['Rock/Indie'],ticketmaster
LvZ18QjQlOrZd3YvGnNAc,Cafe Mambo Ibiza In The Park Festival Reading,2026-08-15,Reading,['Electronic/Dance'],ticketmaster
17u8v0G6uMsTF1f,Belle Livingstone's 58th Street Country Club,2026-08-15,London,['Jazz/Blues/Soul'],ticketmaster
LvZ18QfPtnWNtEYZynsru,Nozfest 2026,2026-08-15,Southampton,['Rock/Indie'],ticketmaster
LvZ18QKB1Q3-EgOZwWuZE,The Shires + Guest Support,2026-08-15,Lavenham,['Folk/Country'],ticketmaster
1AdbZbzGkXl2PbP,Trail West Fest 2026,2026-08-15,Glasgow,['Folk/Country'],ticketmaster
1kuYvNOtGA2dQFP,"Palace Bowl Presents Lenny Kravitz with Leon Thomas, Joss Stone + more",2026-08-15,London,['Rock/Indie'],ticketmaster
LvZ18QjgAxe7SmYZzZWyf,Becky Hill - Borde Hill Summer Series,2026-08-15,West Sussex,['Rock/Indie'],ticketmaster
17u8v0G6u50kv7A,Michael Starring Ben,2026-08-15,Ramsgate,['Unclassified'],ticketmaster
1AgZk8MGkesifLa,ABBA Voyage,2026-08-15,London,['Pop'],ticketmaster
1ku8v0uSGAGsyxC,Abba Voyage - VIP Premium Package,2026-08-15,London,['Pop'],ticketmaster
LvZ18Q0_zNVsB3V4VwSJ_,"Old School Indie LONDON - Over 30s Daytime Party, Sat 15th August, 3pm-7pm",2026-08-15,London,['Rock/Indie'],ticketmaster
G5vHZbgrxlk1T,Jimmy Eat World Bleed American 25th Anniversary,2026-08-15,Cardiff,['Rock/Indie'],ticketmaster
G5vHZbz3bXP1E,Jimmy Eat World - Official Ticket and Hotel Bundls,2026-08-15,Cardiff,['Rock/Indie'],ticketmaster
1AdfZbMGkSZb1S6,"Interzone - Ft Peter Hook & The Light, The Wedding Present, Chameleons",2026-08-15,Scarborough,['Rock/Indie'],ticketmaster
1AdjZbUGkMYYa2K,The Saw Doctors,2026-08-15,Liverpool,['Rock/Indie'],ticketmaster
G5vHZbS1Tu9ib,In the Park Liverpool presents Lewis Capaldi,2026-08-15,Liverpool,['Rock/Indie'],ticketmaster
LvZ18Qoi-DjYxrZZwvwqS,Scouting For Girls,2026-08-15,Milton Keynes,['Rock/Indie'],ticketmaster
G5vHZbM56nEtD,Lewis Capaldi- Official Ticket and Hotel Bundls,2026-08-15,Liverpool,['Rock/Indie'],ticketmaster
G5dzZbS7FtQLN,Definitely Oasis - 96 Revisited,2026-08-15,Edinburgh,['Rock/Indie'],ticketmaster
1AeGZbsGkMvPOTk,The Weeknd: After Hours Til Dawn Tour,2026-08-15,London,['Hip-Hop/Urban'],ticketmaster
G5dzZ_F1jCNuR,All Day Indie Day Party,2026-08-15,Leeds,['Unclassified'],ticketmaster
1AdbZ_eGkDnCJ9e,The Bluebells & Friends Again,2026-08-15,Glasgow,['Rock/Indie'],ticketmaster
1AdjZ_6GkRId7CB,STONEBWOY - Venue Premium Tickets,2026-08-15,London,['World/Latin/Reggae'],ticketmaster
1AdjZ_6GkRyt4Zi,Stonebwoy,2026-08-15,London,['World/Latin/Reggae'],ticketmaster
1AgZkCAGkeOn9NV,Hollywood Vampires,2026-08-15,Scarborough,['Rock/Indie'],ticketmaster
1AgZkuJGkecw9N-,Holly Johnson,2026-08-15,Halifax,['Rock/Indie'],ticketmaster
1AzZkufGkeEYSwq,A Celebration of Life with Foy Vance,2026-08-15,Belfast,['Rock/Indie'],ticketmaster
G5dzZ_AxFC-RY,Downloaded - Download Festival tribute,2026-08-15,Leicester,['Rock/Indie'],ticketmaster
LvZ18Q-4xPiXZcZZzU6t0,L'ENTOURLOOP,2026-08-15,Brighton,['World/Latin/Reggae'],ticketmaster
LvZ18Q-TyyfahP8Z0KICd,The Black Jeans Sat 15 August 2026 The Jam House Birmingham,2026-08-15,Birmingham,['Pop'],ticketmaster
11u8vNjyFk8vvC,Holly Johnson- Official Ticket and Hotel Bundls,2026-08-15,Halifax,['Rock/Indie'],ticketmaster
1AgZk8gGketm3WN,Hollywood Vampires- Official Ticket and Hotel Bundls,2026-08-15,Scarborough,['Rock/Indie'],ticketmaster
1AdfZbsGkwCIKv4,Ariana Grande - The Eternal Sunshine Tour,2026-08-15,London,['Pop'],ticketmaster
LvZ18Q-v9VOwN88vGlzwc,Hayao Miyazaki's Dreams by Mystery Ensemble,2026-08-15,Leeds,['Classical/Orchestral'],ticketmaster
17u8v0G6uMwuIGc,Belle Livingstone's 58th Street Country Club,2026-08-15,London,['Jazz/Blues/Soul'],ticketmaster
1adFZ_A39-YZd8v7,CRYPTA,2026-08-15,London,['Metal/Punk'],ticketmaster
G5dzZbMlIYzSn,Guns 2 Roses + Metallica Re-Loaded + Ac/DC Reborn,2026-08-15,Bristol,['Unclassified'],ticketmaster
G5vHZ_1hIpA0Y,Leon Majcen,2026-08-15,London,['Folk/Country'],ticketmaster
G5vHZ_F1YmffN,Aaron Lee Tasjan,2026-08-15,London,['Rock/Indie'],ticketmaster
LvZ18Q9EB7-iVWOZyCY_D,The Rock of Ages Experience,2026-08-15,Derby,['Rock/Indie'],ticketmaster
LvZ18Q_swqx9VJYZlNPqr,Midnite City,2026-08-15,Cardiff,['Rock/Indie'],ticketmaster
LvZ18QpTmdr2hsZZ0rsOc,PINK FLOYD Tribute - DARK SIDE OF THE WALL,2026-08-15,Bradford,['Pop'],ticketmaster
1AdOZbUGkR0Uxp_,The Elvis Spectacular,2026-08-15,Belfast,['Rock/Indie'],ticketmaster
1AdfZ_AGkmaQw5p,Michael Starring Ben,2026-08-15,Ramsgate,['Unclassified'],ticketmaster
G5vHZ_79JepRM,Randy Houser,2026-08-15,Manchester,['Folk/Country'],ticketmaster
LvZ18QOFfVRYOYOZ0uZTk,King Tut's Summer Nights Presents: Oedipus and The Mama's Boys + The Boxing,2026-08-15,Glasgow,['Rock/Indie'],ticketmaster
LvZ18QbUTPeuSbYZ04R8o,Ghost UK and VOLBEATen,2026-08-15,Nuneaton,['Metal/Punk'],ticketmaster
LvZ18Qf0pQI6XMOZy8Pa2,Moving Pictures - Rush Tribute,2026-08-15,Stockton-On-Tees,['Rock/Indie'],ticketmaster
LvZ18QpKQpqnPNYZlaobi,Sex Pistols Exposé,2026-08-15,Hertford,['Rock/Indie'],ticketmaster
LvZ18QrdZUrsFl8Z0lP0z,The Courettes,2026-08-15,Leeds,['Rock/Indie'],ticketmaster
1AgZk8MGkesy0Li,ABBA Voyage,2026-08-15,London,['Pop'],ticketmaster
1ku8v0uSGAGT_x-,Abba Voyage - VIP Premium Package,2026-08-15,London,['Pop'],ticketmaster
17GOv0G6C9-o8YN,The Chalamets + Churchgate Street + the Clubheads + One Offs,2026-08-15,London,['Rock/Indie'],ticketmaster
LvZ18QuXUmlZuZYZ0MtKe,HELLBENT FOREVER - The Ultimate Judas Priest Tribute,2026-08-15,London,['Unclassified'],ticketmaster
LvZ18QCy4xVokfZZNgR0t,Celebrate | Funk & Disco Classics,2026-08-15,London,['Hip-Hop/Urban'],ticketmaster
LvZ18QhZFbHR7GYZHbdAN,Guy J [Extended Set],2026-08-15,London,['Electronic/Dance'],ticketmaster
LvZ18QN8Z9tU7zOv7o9w_,Live Band Karaoke,2026-08-15,London,['Unclassified'],ticketmaster
LvZ18QxvlPHsdoOvO-a93,Soul City: House music every Saturday,2026-08-15,London,['Unclassified'],ticketmaster
LvZ18QOkWqKCFdYZ0oXCD,The Suffield Summer ¡Fiesta!,2026-08-16,Norwich,['Rock/Indie'],ticketmaster
1AgZk8MGkewkVLV,ABBA Voyage,2026-08-16,London,['Pop'],ticketmaster
1ku8v0uSGAuGyxH,Abba Voyage - VIP Premium Package,2026-08-16,London,['Pop'],ticketmaster
16djZbg-gG7yNja,Palace Bowl Presents - Jimmy Eat World Bleed American 25th Anniversary,2026-08-16,London,['Rock/Indie'],ticketmaster
G5vHZ_7wSNdfi,Soulection Experience: 15 Year Anniversary,2026-08-16,London,['Hip-Hop/Urban'],ticketmaster
LvZ18QxZt9SbaR8vOjjL_,BLUES ALLDAYER Ft BLUE NATION 16 Aug 2026 Performing Live Jam House Bham,2026-08-16,Birmingham,['Non-Music/Other'],ticketmaster
1AdjZbMGkw-St70,Nile Rodgers & CHIC,2026-08-16,Liverpool,['Hip-Hop/Urban'],ticketmaster
1ANZkGIGkdyJYWq,The Weeknd: After Hours Til Dawn Tour,2026-08-16,London,['Hip-Hop/Urban'],ticketmaster
1AdfZbsGkwKqNdB,Ariana Grande - The Eternal Sunshine Tour,2026-08-16,London,['Pop'],ticketmaster
1AgZk8MGkewffOA,ABBA Voyage,2026-08-16,London,['Pop'],ticketmaster
1AzZkubGkdd-NAS,The Proclaimers,2026-08-16,Belfast,['Rock/Indie'],ticketmaster
1ku8v0uSGAuQtN7,Abba Voyage - VIP Premium Package,2026-08-16,London,['Pop'],ticketmaster
LvZ18QN1-OjoopZZzbBiB,Meiotempos,2026-08-16,London,['Rock/Indie'],ticketmaster
1AMZko9GkdJm087,JOJI: SOLARIS,2026-08-16,Manchester,['Hip-Hop/Urban'],ticketmaster
LvZ18QOvDtdbYu8vvzEV7,Tanni Browne & One Love Orchestra,2026-08-16,London,['World/Latin/Reggae'],ticketmaster
17u8v0G6uMwhz2E,Belle Livingstone's 58th Street Country Club,2026-08-16,London,['Jazz/Blues/Soul'],ticketmaster
G5vHZ_F1otxbP,Aaron Lee Tasjan,2026-08-16,Manchester,['Rock/Indie'],ticketmaster
LvZ18Q0nHSxdewYOyN03d,Outlaws & Sinners - Line Dancing - 16/8/26,2026-08-16,Hertford,['Folk/Country'],ticketmaster
LvZ18QLI01ZyCJOv1ewA3,Sleep Broken (Sleep Token Tribute),2026-08-16,Southampton,['Metal/Punk'],ticketmaster
1AdfZ_dGkM5bJLk,Jimmy Nail: Stories and Songs,2026-08-16,Scarborough,['Pop'],ticketmaster
LvZ18Q8CV6kQSEZZ0n4TN,T.Rextasy Unplugged + Special Guest: Acoustic Bowie,2026-08-16,Lavenham,['Unclassified'],ticketmaster
LvZ18QKB8XJ5kg8Z08_GK,The Shires + Guest Support,2026-08-16,King'S Lynn,['Folk/Country'],ticketmaster
LvZ18QQ-w-ln6jZZVfgi0,f54 presents The Bats,2026-08-16,Newcastle Upon Tyne,['Rock/Indie'],ticketmaster
LvZ18Q-D_MHH29OvOAQu1,Lucid: VXYX + Sammy Aberdein,2026-08-16,Glasgow,['Electronic/Dance'],ticketmaster
1AdjZbMGkwVNnio,Nile Rodgers & CHIC,2026-08-17,Liverpool,['Hip-Hop/Urban'],ticketmaster
16UZkCFjkZA5eFC8,Hollywood Vampires,2026-08-17,Glasgow,['Rock/Indie'],ticketmaster
1AdbZbzGkXDbpgi,Venue Premium - Hollywood Vampires,2026-08-17,Glasgow,['Non-Music/Other'],ticketmaster
1AdFZ_6GkiOr8XP,Aaron Lee Tasjan,2026-08-17,Glasgow,['Rock/Indie'],ticketmaster
G5dzZ_F1Bufj1,Primus,2026-08-17,Manchester,['Rock/Indie'],ticketmaster
G5vHZ_G1b5fOH,KELS,2026-08-17,Manchester,['Hip-Hop/Urban'],ticketmaster
LvZ18Q0a031l2zkR0eNH8,Talib Kweli,2026-08-17,Leeds,['Hip-Hop/Urban'],ticketmaster
LvZ18QQWhDpSErZZiu3u3,High Fade,2026-08-17,York,['Rock/Indie'],ticketmaster
1AgZk8MGkew-VOf,ABBA Voyage,2026-08-17,London,['Pop'],ticketmaster
1ku8v0uSGAuIaNJ,Abba Voyage - VIP Premium Package,2026-08-17,London,['Pop'],ticketmaster
16eGZbwJ8G7WYPA,The Weeknd: After Hours Til Dawn Tour,2026-08-18,London,['Hip-Hop/Urban'],ticketmaster
G5vHZ_52CIga2,Hollywood Vampires,2026-08-18,Manchester,['Rock/Indie'],ticketmaster
G5vHZ_dduI0dc,Hollywood Vampires - VIP Packages,2026-08-18,Manchester,['Rock/Indie'],ticketmaster
G5vHZ_eSI301h,Hollywood Vampires - Venue Premium Tickets,2026-08-18,Manchester,['Non-Music/Other'],ticketmaster
LvZ18Qj8FKDGUo8ZzP_Q4,Zu,2026-08-18,London,['Rock/Indie'],ticketmaster
17uOv0G61mcefe0,Withered Hand,2026-08-18,Edinburgh,['Folk/Country'],ticketmaster
1AwZkoVGke-gYW0,Hannah Cohen,2026-08-18,London,['Rock/Indie'],ticketmaster
LvZ18Q02qoEJZkvirY6nq,LOST IN KYIV x VIOLENT MAGIC ORCHESTRA,2026-08-18,London,['Metal/Punk'],ticketmaster
LvZ18QbE0qeGHFZZyQSRo,The Van Morrison Alumni Band,2026-08-18,London,['Rock/Indie'],ticketmaster
17u8v0G65msOJ2O,HERITAGE LIVE: Janet Jackson+Special Guests Wyclef Jean & Soul II Soul,2026-08-19,Norfolk,['Pop'],ticketmaster
1kFYvN1_GA5d8Jm,The Weeknd: After Hours Til Dawn Tour,2026-08-19,London,['Hip-Hop/Urban'],ticketmaster
1ANZk8EGkdQXZy6,Hollywood Vampires,2026-08-19,Birmingham,['Rock/Indie'],ticketmaster
1AdfZbsGkw4dK75,Ariana Grande - The Eternal Sunshine Tour,2026-08-19,London,['Pop'],ticketmaster
LvZ18QN2COe6nyZZzKOM8,Louise Golbey - On With The Show,2026-08-19,London,['Hip-Hop/Urban'],ticketmaster
LvZ18QxNAvqWP1YZv6Fvr,"Live Jazz from the Piano Bar at Red Room Studios, Soho",2026-08-19,London,['Jazz/Blues/Soul'],ticketmaster
17CZv0G61L_mwQF,The Wailers,2026-08-19,Belfast,['World/Latin/Reggae'],ticketmaster
17u8v0G6uMwnFKo,Belle Livingstone's 58th Street Country Club,2026-08-19,London,['Jazz/Blues/Soul'],ticketmaster
1AzZk3oGkeiGoUh,Erin Kinsey,2026-08-19,Belfast,['Folk/Country'],ticketmaster
G5dzZ_k3iBVOd,PRIMUS,2026-08-19,London,['Rock/Indie'],ticketmaster
LvZ18Qh8yy3FuQ8ZVvAEB,Ana Frango Elétrico,2026-08-19,London,['Rock/Indie'],ticketmaster
LvZ18Qq0i9z9fd8ZMqTWI,Ruts DC,2026-08-19,Chester,['Rock/Indie'],ticketmaster
LvZ18QqXL_ZAtaOZ0aHCm,MOK Fest - Beinn and Tuirc Festival Gaelic Night,2026-08-19,Campbeltown,['Folk/Country'],ticketmaster
17uOv0G6u6melSj,DJ Spanish Fly,2026-08-19,Glasgow,['Hip-Hop/Urban'],ticketmaster
LvZ18QL3T4rHpCYZMEVC6,Digable Planets,2026-08-19,London,['Hip-Hop/Urban'],ticketmaster
LvZ18QbmQnWNI18ZwOoe7,Martha Spencer Trio,2026-08-19,Newcastle Upon Tyne,['Folk/Country'],ticketmaster
LvZ18QjAN4Liy4OZ0UGbV,Hannah Cohen,2026-08-19,Manchester,['Rock/Indie'],ticketmaster
LvZ18QqfbP-LBPOZ0eF5H,Golomb,2026-08-19,Leeds,['Rock/Indie'],ticketmaster
17GOv0G65Ho8YXN,Ross and the Hailstones + Bity Booker,2026-08-19,London,['Folk/Country'],ticketmaster
LvZ18QNnIvcHXC8vLmP1l,Box Fresh - The Heart Shaped Aces,2026-08-19,St Albans,['Rock/Indie'],ticketmaster
LvZ18Q0C9EzDQdjpkKdHi,"Live Jazz from the Piano Bar at Red Room Studios, Soho",2026-08-19,London,['Jazz/Blues/Soul'],ticketmaster
LvZ18QCrNn5gKEOZ0W5d2,The Wonder of Stevie,2026-08-19,London,['Jazz/Blues/Soul'],ticketmaster
17u8v0G6ur4ptiu,Sandringham Heritage Live Festival - 5 Day Ticket,2026-08-19,Norfolk,['Unclassified'],ticketmaster
1AgZkoYGkeUyfF6,HERITAGE LIVE - Lionel Richie Plus Special Guests,2026-08-20,Norfolk,['Pop'],ticketmaster
1AdfZbVGknR5EUM,Billy Ocean with very special guest Marti Pellow,2026-08-20,Colchester,['Hip-Hop/Urban'],ticketmaster
G5vHZ_72SlAlh,Rock N Roll Circus - James,2026-08-20,Norwich,['Rock/Indie'],ticketmaster
G5vHZbUM6i6_F,Trentham Live 2026 - Thursday - the Fratellis,2026-08-20,Staffordshire,['Rock/Indie'],ticketmaster
1AgZku8GkdGn1o9,Billy Ocean- Official Ticket and Hotel Bundls,2026-08-20,Colchester,['Hip-Hop/Urban'],ticketmaster
1AzZkGtGkeyCYN9,Lewis Capaldi,2026-08-20,Belfast,['Rock/Indie'],ticketmaster
LvZ18Q4BFsy7sCZZ0XL1h,Twisted Firestarter #6- The Official Infest Warm Up Party,2026-08-20,Manchester,['Rock/Indie'],ticketmaster
1AdOZ_dGkmOVvLA,Faithless,2026-08-20,Belfast,['Electronic/Dance'],ticketmaster
LvZ18Q-jLpAOX8OZJrkMQ,Zahn,2026-08-20,London,['Rock/Indie'],ticketmaster
1AdfZbsGkw9kKA7,Ariana Grande - The Eternal Sunshine Tour,2026-08-20,London,['Pop'],ticketmaster
LvZ18Q0C4HTwr5AZwuPV2,"Live Jazz from the Piano Bar at Red Room Studios, Soho",2026-08-20,London,['Jazz/Blues/Soul'],ticketmaster
17u8v0G6uMwzbpn,Belle Livingstone's 58th Street Country Club,2026-08-20,London,['Jazz/Blues/Soul'],ticketmaster
1AUZkoKGkdVfG8n,WILCO - A Tour With Wilco,2026-08-20,London,['Rock/Indie'],ticketmaster
G5dzZ_1Tp74aH,AFI,2026-08-20,London,['Rock/Indie'],ticketmaster
G5dzZ_AlNogeQ,The Living Tombstone,2026-08-20,Birmingham,['Electronic/Dance'],ticketmaster
LvZ18Q-h7705_MZZIeUJG,Greg Freeman,2026-08-20,Manchester,['Rock/Indie'],ticketmaster
LvZ18Q0S-54QsbC2Zr0_t,Havana Música: A Celebration of Cuban Music Tickets,2026-08-20,London,['World/Latin/Reggae'],ticketmaster
LvZ18QLIEj1Sui8Z0TZjm,Sucker Love (Placebo Tribute),2026-08-20,Southampton,['Rock/Indie'],ticketmaster
LvZ18QO5tJruObYZMgX-a,Peatbog Faeries,2026-08-20,Morecambe,['Folk/Country'],ticketmaster
LvZ18QQ4VNpWKlYZlwW--,John Scofield Long Days Quartet,2026-08-20,London,['Jazz/Blues/Soul'],ticketmaster
LvZ18QxN7FbzYRYZvNl74,Round 41 - Live Jazz and Fusion Night,2026-08-20,London,['Jazz/Blues/Soul'],ticketmaster
LvZ18QKll6zMJ2YZwniAy,Solstice,2026-08-20,York,['Rock/Indie'],ticketmaster
LvZ18QOF9yA8TdYZ0tKfz,King Tut's Summer Nights Presents: Human Renegade,2026-08-20,Glasgow,['Rock/Indie'],ticketmaster
1AgZk8MGkewR7OE,ABBA Voyage,2026-08-20,London,['Pop'],ticketmaster
1ku8v0uSGAugtND,Abba Voyage - VIP Premium Package,2026-08-20,London,['Pop'],ticketmaster
17GOv0G6GR3nZPf,Charis Campbell + Saasil + Graceã,2026-08-20,London,['Hip-Hop/Urban'],ticketmaster
LvZ18Q0C4HTwr5AZwuPVC,"Live Jazz from the Piano Bar at Red Room Studios, Soho",2026-08-20,London,['Jazz/Blues/Soul'],ticketmaster
LvZ18Qr7FqLZHxOv1M9_w,Simply Dan,2026-08-20,London,['Rock/Indie'],ticketmaster
LvZ18Q4BGuaomWYZl-v2s,CLUB STIGMATA - 20th August w/ Dj’s FRANKIE D + MARK WALKER,2026-08-20,Manchester,['Rock/Indie'],ticketmaster
G5vHZ_k3WXSDV,Rock N Roll Circus - Norwich - 4 Day Weekend Ticket,2026-08-20,Norwich,['Rock/Indie'],ticketmaster
G5vHZbz2nrbsl,Trentham Live 2026 - 4 Day Festival Pass,2026-08-20,Staffordshire,['Rock/Indie'],ticketmaster
17u8v0G6GCyCaWS,HERITAGE LIVE: Christina Aguilera,2026-08-21,Norfolk,['Pop'],ticketmaster
16wZk7YPFZAGA6Fv,Made In Altandhu,2026-08-21,Ullapool,['Rock/Indie'],ticketmaster
16djZbM33G7cSem,All Points East - Jorja Smith + Tems,2026-08-21,London,['Rock/Indie'],ticketmaster
1AdjZbgGkD_elwi,Billy Ocean and very special guest Marti Pellow -Darley Park Weekender,2026-08-21,Derby,['Hip-Hop/Urban'],ticketmaster
G5vHZbMmKnVqr,Rock N Roll Circus - Norwich - 3 Day Weekend Ticket,2026-08-21,Norwich,['Rock/Indie'],ticketmaster
G5vHZbVxMw6Yi,Rock N Roll Circus - The Streets,2026-08-21,Norwich,['Rock/Indie'],ticketmaster
G5vHZbzXLEwi1,Trentham Live 2026 - Friday - Madness,2026-08-21,Staffordshire,['Rock/Indie'],ticketmaster
G5vHZbSgidxW2,The Cure at Live from Wythenshawe Park,2026-08-21,Manchester,['Rock/Indie'],ticketmaster
1AdbZ_eGkBEWNfU,Edinburgh Summer Sessions - Biffy Clyro,2026-08-21,Edinburgh,['Rock/Indie'],ticketmaster
1ku8vNOzGACFf7X,Hollywood Vampires,2026-08-21,Colchester,['Rock/Indie'],ticketmaster
1AgZk8gGkeIu3Ba,Hollywood Vampires - Official Ticket and Hotel Bundls,2026-08-21,Colchester,['Rock/Indie'],ticketmaster
1AdfZbMGkwQsp8U,Nile Rodgers & CHIC,2026-08-21,Margate,['Hip-Hop/Urban'],ticketmaster
1AgZku9GkdYohpg,The Wombats,2026-08-21,Halifax,['Rock/Indie'],ticketmaster
LvZ18QKRgRkS4-ZZlGgET,"The Fratellis | Blackpool, Winter Gardens",2026-08-21,Blackpool,['Rock/Indie'],ticketmaster
LvZ18QxNGBPZeYOZvC6LO,Alfies Soho - Live Jazz and Blues,2026-08-21,London,['Jazz/Blues/Soul'],ticketmaster
LvZ18QxZZccmAsZvOdT29,Detroit Soul Collective Fri 21 August 2026 The Jam House Birmingham,2026-08-21,Birmingham,['Pop'],ticketmaster
1AgZkuPGkeEkp4c,The Wombats - Official Ticket and Hotel Bundls,2026-08-21,Halifax,['Rock/Indie'],ticketmaster
LvZ18QLwBUhTxSYZMCqYT,Give Me The Night: The Best of George Benson,2026-08-21,London,['Jazz/Blues/Soul'],ticketmaster
LvZ18QNnEPc5WdOZzm-Xy,Mechanical Animal,2026-08-21,Bristol,['Rock/Indie'],ticketmaster
LvZ18QxNAv4ZeYOZvC6_o,"Live Jazz from the Piano Bar at Red Room Studios, Soho",2026-08-21,London,['Jazz/Blues/Soul'],ticketmaster
17u8v0G6uMSkI_G,Belle Livingstone's 58th Street Country Club,2026-08-21,London,['Jazz/Blues/Soul'],ticketmaster
G5dzZ_Ax3L3G0,The Harry Styles Tribute Show starring Sean Mac,2026-08-21,Bristol,['Unclassified'],ticketmaster
G5dzZ_FXItNKF,Ronnie Wood & His Band featuring Imelda May ,2026-08-21,London,['Rock/Indie'],ticketmaster
G5vHZ_AR6zJ00,The Living Tombstone,2026-08-21,Manchester,['Electronic/Dance'],ticketmaster
LvZ18QFuDJiMlFYZ03_bw,Ultimate Coldplay,2026-08-21,Southampton,['Unclassified'],ticketmaster
LvZ18QLsggfbyM8Z02wjf,"Inspiral Carpets - PJ Molloys, Dunfermline",2026-08-21,Dunfermline,['Rock/Indie'],ticketmaster
LvZ18QLwpFUB9YYvqpLvj,Friends of The Platform Morecambe Rocks,2026-08-21,Morecambe,['Rock/Indie'],ticketmaster
LvZ18QN1BVraWR8ZzT11O,Mallory Knox,2026-08-21,London,['Rock/Indie'],ticketmaster
LvZ18Qjag0IZTsOvGGl8V,DJ Jazzy Jeff,2026-08-21,Manchester,['Hip-Hop/Urban'],ticketmaster
LvZ18QxNe-cEv4YZvc-RK,Soho Spotlight - Friday Live Performance,2026-08-21,London,['Jazz/Blues/Soul'],ticketmaster
LvZ18Q4RjgCay0ZZwPHSb,Gary Stewart Presents Graceland: A 40th Anniversary Celebration,2026-08-21,Newcastle Upon Tyne,['Folk/Country'],ticketmaster
LvZ18QOF_eS8esOZMUJZd,King Tut's Summer Nights Presents: Lint Bin,2026-08-21,Glasgow,['Rock/Indie'],ticketmaster
LvZ18QQncMXHvzYZiCXk4,Gogol Bordello,2026-08-21,Norwich,['Rock/Indie'],ticketmaster
LvZ18Qj1Idra6n8vO1tzZ,New Kind Of Cramps,2026-08-21,Derby,['Metal/Punk'],ticketmaster
LvZ18Qo9cuJxRiZZl0HuG,Humanfly,2026-08-21,Leeds,['Rock/Indie'],ticketmaster
LvZ18QqX00eTyAYZ0OHMi,MOK Fest “Cadenhead’s Festival Ceilidh Night”,2026-08-21,Argyll,['Folk/Country'],ticketmaster
LvZ18QrrZy1yom8Z0SklS,An Evening With The Magic Numbers,2026-08-21,York,['Rock/Indie'],ticketmaster
LvZ18Qx3e7gcKQOvGJ4l7,ELI - 'This Song' Tour,2026-08-21,Birmingham,['Rock/Indie'],ticketmaster
1AgZk8MGkewH0Oy,ABBA Voyage,2026-08-21,London,['Pop'],ticketmaster
1ku8v0uSGACey0C,Abba Voyage - VIP Premium Package,2026-08-21,London,['Pop'],ticketmaster
17GOv0G65bAd8X4,Talitha + Eva Brighty + Maya + Ksenia,2026-08-21,London,['Pop'],ticketmaster
LvZ18QxNGBPZeYOZvC6L-,Alfies Soho - Live Jazz and Blues,2026-08-21,London,['Jazz/Blues/Soul'],ticketmaster
LvZ18QxNAv4ZeYOZvC6_3,"Live Jazz from the Piano Bar at Red Room Studios, Soho",2026-08-21,London,['Jazz/Blues/Soul'],ticketmaster
LvZ18QCV6orlET8Zl-CAj,Luther Vandross by FiL Straughan,2026-08-21,London,['Hip-Hop/Urban'],ticketmaster
LvZ18QqyAFuLlCOZMbdFg,Juls: 4 Fridays at Jazz Cafe (Summer Residency – Week 2),2026-08-21,London,['Electronic/Dance'],ticketmaster
LvZ18QCyGy8SrsOZ0puKd,The Cure Aftershow - Manchester,2026-08-21,Manchester,['Rock/Indie'],ticketmaster
1AUZkudGkd-zc-z,Rewind South 2026 - Whopper Campervan/Caravan Tickets,2026-08-21,Henley-On-Thames,['Rock/Indie'],ticketmaster
1AUZkudGkd9rizq,Rewind South 2026 - Standard Campervan/Caravan Tickets,2026-08-21,Henley-On-Thames,['Rock/Indie'],ticketmaster
1AUZkudGkesfn8n,Rewind South 2026 - Power Hook-Up For Caravans & Campervans,2026-08-21,Henley-On-Thames,['Rock/Indie'],ticketmaster
17u8v0G65CVzdzy,HERITAGE LIVE: Ricky Martin,2026-08-22,Norfolk,['Pop'],ticketmaster
16djZ_djfG7zc2k,Kaiser Chiefs Live After Racing - the Premier Enclosure,2026-08-22,Newmarket,['Rock/Indie'],ticketmaster
1kuYv0uYGACfimI,Kaiser Chiefs Live After Racing - Grandstand & Paddock,2026-08-22,Newmarket,['Rock/Indie'],ticketmaster
1AUZkuVGkeybEyJ,Edinburgh Summer Sessions - Heather on the Hill,2026-08-22,Edinburgh,['Rock/Indie'],ticketmaster
1kuOvN8yGAGQzlP,Rewind South 2026 - Saturday Tickets,2026-08-22,Henley-On-Thames,['Rock/Indie'],ticketmaster
LvZ18QLliv0yg48ZltqX2,"Afrobeats Brunch by The Fortune Collectives, Pioneered by KoyeSax",2026-08-22,London,['World/Latin/Reggae'],ticketmaster
16dfZbyCaG7YPcx,Soultasia,2026-08-22,Bristol,['Hip-Hop/Urban'],ticketmaster
17u8v0G6uMSfzhT,Belle Livingstone's 58th Street Country Club,2026-08-22,London,['Jazz/Blues/Soul'],ticketmaster
G5vHZbUD7CFVz,Rock N Roll Circus - The Kooks,2026-08-22,Norwich,['Rock/Indie'],ticketmaster
LvZ18Q_qCl5thd8Z00e1g,Saturday Soul Lunch | Kings of Soul,2026-08-22,London,['Hip-Hop/Urban'],ticketmaster
LvZ18QbdtMTDuf8ZyBZZ7,Fac51 The Haçienda at Wollaton Hall,2026-08-22,Nottingham,['Rock/Indie'],ticketmaster
1AMZkCFGkdCnzCf,JLS - Darley Park Weekender,2026-08-22,Derby,['Rock/Indie'],ticketmaster
1AMZku0GkeVi4w-,All Points East - Lorde,2026-08-22,London,['Rock/Indie'],ticketmaster
1AdOZ_7GkngVscK,CHSQ Stiff Little Fingers Pre Show - FEAT THE OUTCASTS LIVE,2026-08-22,Belfast,['Rock/Indie'],ticketmaster
1AdfZbgGkwizJJ0,Becky Hill,2026-08-22,Colchester,['Rock/Indie'],ticketmaster
1AdfZbgGkUJdMHe,Becky Hill- Official Ticket and Hotel Bundls,2026-08-22,Colchester,['Rock/Indie'],ticketmaster
1AdjZbgGkB-xIXC,The Prodigy,2026-08-22,Milton Keynes,['Electronic/Dance'],ticketmaster
1AgZk8MGkeSaV-v,ABBA Voyage,2026-08-22,London,['Pop'],ticketmaster
1ku8v0uSGAC8_0r,Abba Voyage - VIP Premium Package,2026-08-22,London,['Pop'],ticketmaster
LvZ18Q-QH775_MZZneUCt,DJ Supa D & Pioneer Headline Show,2026-08-22,London,['Electronic/Dance'],ticketmaster
LvZ18Q-jFsevtwOZIiPDb,"An Afternoon of Rock V LONDON - Rock & Metal For Over 30s, 3pm-7pm",2026-08-22,London,['Rock/Indie'],ticketmaster
16zZkGy0yZA2eGuC,Calvin Harris,2026-08-22,Belfast,['Pop'],ticketmaster
G5vHZbM5UPyh_,Trentham Live 2026 - Saturday - Five,2026-08-22,Staffordshire,['Rock/Indie'],ticketmaster
G5vHZbwE0x-lq,Lewis Capaldi,2026-08-22,Manchester,['Rock/Indie'],ticketmaster
LvZ18Q-JrJNtXC8vOIwde,SHRBTCH PRESENTS: DJ LUCK & MC NEAT DAY PARTY,2026-08-22,London,['Electronic/Dance'],ticketmaster
1AdfZbUGkBx4yDO,"Bastille 
with special guests Orla Gartland
 + Alfie Templeman",2026-08-22,Margate,['Rock/Indie'],ticketmaster
1AdOZbVGkT1fxkB,Stiff Little Fingers,2026-08-22,Belfast,['Rock/Indie'],ticketmaster
1AdfZbMGkSZ71wL,Nile Rodgers & CHIC,2026-08-22,Scarborough,['Hip-Hop/Urban'],ticketmaster
1AgZkCvGkeDz6-X,Hollywood Vampires,2026-08-22,Halifax,['Rock/Indie'],ticketmaster
G5dzZ_aLlekuL,Counterfeit Festival,2026-08-22,London,['Hip-Hop/Urban'],ticketmaster
LvZ18QN2Je5-JoYZv_vMG,Alfies Soho - Live Jazz and Blues,2026-08-22,London,['Jazz/Blues/Soul'],ticketmaster
LvZ18QbW8iPONoYZlQmCo,Darkfest 2026,2026-08-22,Wolverhampton,['Rock/Indie'],ticketmaster
LvZ18QxZvNggVpZZ0e-JR,DETROIT SOUL COLLECTIVE Sat 22 August 2026 The Jam House Birmingham,2026-08-22,Birmingham,['Pop'],ticketmaster
1AgZk8gGkd6E7mj,Hollywood Vampires- Official Ticket and Hotel Bundls,2026-08-22,Halifax,['Rock/Indie'],ticketmaster
1AgZkC7GkeNapJK,Nile Rodgers & CHIC- Official Ticket and Hotel Bundls,2026-08-22,Scarborough,['Hip-Hop/Urban'],ticketmaster
LvZ18Q0V4BcBxjmu73khT,The Afrobeats Orchestra,2026-08-22,London,['Electronic/Dance'],ticketmaster
LvZ18QO31OuPuNZvL2mni,Rocksteady Reggae with Wayne Hernandez,2026-08-22,London,['Electronic/Dance'],ticketmaster
LvZ18QOpKbj0VtOvOhUcY,Hayao Miyazaki's Dreams by Mystery Ensemble,2026-08-22,Nottingham,['Classical/Orchestral'],ticketmaster
LvZ18QOpp-ywT48ZzCs0W,Hayao Miyazaki's Dreams by Mystery Ensemble,2026-08-22,Swindon,['Classical/Orchestral'],ticketmaster
LvZ18QqWys5rZHOvqXlnG,Jahnavi Harrison,2026-08-22,London,['Electronic/Dance'],ticketmaster
LvZ18QqXJ80gaQYv1T-G6,MOK Fest - Saturday Traditional Concert,2026-08-22,Campbeltown,['Folk/Country'],ticketmaster
17CZv0G61xSLo9r,Times Like These: Foo Fighter Tribute,2026-08-22,Belfast,['Rock/Indie'],ticketmaster
17u8v0G6uMSNFrs,Belle Livingstone's 58th Street Country Club,2026-08-22,London,['Jazz/Blues/Soul'],ticketmaster
1AUZkofGketj4Os,Wilco,2026-08-22,Glasgow,['Rock/Indie'],ticketmaster
1AdFZ_dGkS_p8cC,New Kind of Cramps,2026-08-22,Glasgow,['Rock/Indie'],ticketmaster
G5dzZ_6lnSMkp,The Selecter,2026-08-22,Oxford,['Rock/Indie'],ticketmaster
G5dzZ_kCaHekV,The Harry Styles Tribute Show starring Sean Mac,2026-08-22,Bournemouth,['Unclassified'],ticketmaster
G5dzZbUDSohA6,The Streets,2026-08-22,Birmingham,['Hip-Hop/Urban'],ticketmaster
LvZ18Q-uqJlpirOZE5m6_,Tommy Fleming - The Encore Tour,2026-08-22,Belfast,['Folk/Country'],ticketmaster
LvZ18QN1WDh94LOvG0UkK,Mallory Knox,2026-08-22,Manchester,['Rock/Indie'],ticketmaster
LvZ18QOdGCwagJZZMt5In,MANTRA - BRING ME THE HORIZON TRIBUTE,2026-08-22,Bradford,['Metal/Punk'],ticketmaster
LvZ18Q_sL_l330ZZy7eYE,THE FLATLINERS + SPECIAL GUESTS A WILHELM SCREAM,2026-08-22,London,['Rock/Indie'],ticketmaster
LvZ18Qo-t_z-a0OZwe_gp,Nickelback UK,2026-08-22,Southampton,['Rock/Indie'],ticketmaster
1AdbZ_kGkRxcygz,T-Rextasy,2026-08-22,Dunfermline,['Unclassified'],ticketmaster
1AwZkuFGkeD_v0m,Hacktivist,2026-08-22,Newcastle Upon Tyne,['Rock/Indie'],ticketmaster
G5vHZ_6509zdV,Chicane (Celebrating 30 Years of Chicane!),2026-08-22,London,['Rock/Indie'],ticketmaster
LvZ18QLGNCJZbQZZ0bwbm,Henge,2026-08-22,Southend-On-Sea,['Rock/Indie'],ticketmaster
LvZ18QOFQqiFSU8Z02DT7,King Tut's Summer Nights Presents: Eyes of Home,2026-08-22,Glasgow,['Rock/Indie'],ticketmaster
LvZ18QbczpSxMvYZliX6w,Hacktivist,2026-08-22,Newcastle Upon Tyne,['Rock/Indie'],ticketmaster
LvZ18Qbl041Gw6YZleGfJ,Special Kinda Madness,2026-08-22,Hertford,['Unclassified'],ticketmaster
LvZ18QjaJF_a67ZvOgQyp,Led Into Zeppelin,2026-08-22,Newcastle Upon Tyne,['Rock/Indie'],ticketmaster
LvZ18Qk1GUGTD8YZlKHEf,Gary Stewart presents Graceland,2026-08-22,Leeds,['Folk/Country'],ticketmaster
LvZ18QouqkmHTxZZ0lM2L,The Jam'd,2026-08-22,Hemel Hempstead,['Rock/Indie'],ticketmaster
LvZ18QrdNslb-TYvqQ2ko,ATA KAK,2026-08-22,York,['Electronic/Dance'],ticketmaster
1AgZk8MGkeS9f-o,ABBA Voyage,2026-08-22,London,['Pop'],ticketmaster
1ku8v0uSGACra0H,Abba Voyage - VIP Premium Package,2026-08-22,London,['Pop'],ticketmaster
17GOv0G6C2hLOnW,Femegades + Casual Wednesday + Tba,2026-08-22,London,['Rock/Indie'],ticketmaster
LvZ18QN2Je5-JoYZv_vMu,Alfies Soho - Live Jazz and Blues,2026-08-22,London,['Jazz/Blues/Soul'],ticketmaster
LvZ18QqXI8nkAG8v12yQR,MOK Fest - Glen Scotia West Coast Rocks Concert,2026-08-22,Argyll,['World/Latin/Reggae'],ticketmaster
LvZ18QCVPHk4TuYZl6UWj,Bob Marley & the Wailers by Legend,2026-08-22,London,['Unclassified'],ticketmaster
LvZ18Q0Qd9r5OcXnGwSyl,Toy Tonics Jam (Day & Night Party),2026-08-22,London,['Electronic/Dance'],ticketmaster
LvZ18QN8ZN-ICoOvG9w_a,Live Band Karaoke,2026-08-22,London,['Unclassified'],ticketmaster
LvZ18QxvlX5ZgWZvGuCjD,Soul City: House music every Saturday,2026-08-22,London,['Unclassified'],ticketmaster
1AUZkukGkeHhIaA,Rewind South 2026 - Sunday Tickets,2026-08-23,Henley-On-Thames,['Rock/Indie'],ticketmaster
1AgZk8MGkeS0V-j,ABBA Voyage,2026-08-23,London,['Pop'],ticketmaster
1ku8v0uSGACl_Pd,Abba Voyage - VIP Premium Package,2026-08-23,London,['Pop'],ticketmaster
G5vHZbUr3FP6T,Rock N Roll Circus - Madness,2026-08-23,Norwich,['Rock/Indie'],ticketmaster
1AMZku0GkdU4trN,All Points East Presents Outbreak - Deftones,2026-08-23,London,['Rock/Indie'],ticketmaster
LvZ18QqXnFVgaQYZMT-_p,MOK Fest  - Dalriada Connections Concert,2026-08-23,Campbeltown,['Folk/Country'],ticketmaster
1AgZkuEGkd_L5Qx,Bastille,2026-08-23,Colchester,['Rock/Indie'],ticketmaster
1adfZbMJb70Zd8C2,HERITAGE LIVE: Eric Clapton,2026-08-23,Norfolk,['Rock/Indie'],ticketmaster
1AdfZbMGkmlxpmV,Bastille - Official Ticket and Hotel Bundls,2026-08-23,Colchester,['Rock/Indie'],ticketmaster
1AdbZbSGkUxFJMP,Edinburgh Summer Sessions - The Cure,2026-08-23,Edinburgh,['Rock/Indie'],ticketmaster
G5vHZbM5zMyOF,Trentham Live 2026 - the Human League,2026-08-23,Staffordshire,['Rock/Indie'],ticketmaster
1AMZkoYGkenpUtk,Venue Premium Tickets - Sonu Nigam 'Revolution',2026-08-23,London,['World/Latin/Reggae'],ticketmaster
1AMZkozGkdr5NQ4,Sonu Nigam,2026-08-23,London,['World/Latin/Reggae'],ticketmaster
1AdfZ_7GkRLMMR5,Public Service Broadcasting,2026-08-23,Halifax,['Rock/Indie'],ticketmaster
1AdfZbsGkwbIdkS,Ariana Grande - The Eternal Sunshine Tour,2026-08-23,London,['Pop'],ticketmaster
1AgZk8MGkeSwf-n,ABBA Voyage,2026-08-23,London,['Pop'],ticketmaster
1ku8v0uSGACzyP1,Abba Voyage - VIP Premium Package,2026-08-23,London,['Pop'],ticketmaster
LvZ18QOHRY7prnZvGE0d7,Neil Jones & Nick Corbin (Album Launch),2026-08-23,London,['Rock/Indie'],ticketmaster
1AdfZ_AGkncg094,Public Service Broadcasting- Official Ticket and Hotel Bundls,2026-08-23,Halifax,['Rock/Indie'],ticketmaster
LvZ18QbbJcwSYcYZwVpt4,New Kind of Cramps,2026-08-23,Newcastle Upon Tyne,['Metal/Punk'],ticketmaster
LvZ18Qq0a2XuFXYv1WDho,Current Joys,2026-08-23,Bristol,['Pop'],ticketmaster
LvZ18Qx1NYyvlVOZ0hP55,British Reggae & Dub Legend Dennis Bovell | DJ & PA Set,2026-08-23,London,['World/Latin/Reggae'],ticketmaster
17u8v0G6uMSsb-p,Belle Livingstone's 58th Street Country Club,2026-08-23,London,['Jazz/Blues/Soul'],ticketmaster
G5dzZ_AnIxK_D,The Living Tombstone,2026-08-23,Glasgow,['Pop'],ticketmaster
G5dzZ_ArUnNZy,The Harry Styles Tribute Show starring Sean Mac,2026-08-23,Birmingham,['Unclassified'],ticketmaster
G5vHZ_6egx3i-,Nation of Language,2026-08-23,Liverpool,['Rock/Indie'],ticketmaster
G5vHZ_uLg5hS_,GOGOL BORDELLO,2026-08-23,Northampton,['Rock/Indie'],ticketmaster
LvZ18Q3-TF_k288vCgB_Y,Solstice,2026-08-23,Southampton,['Rock/Indie'],ticketmaster
LvZ18QLsMXYL1J8Z0fL8w,"Inspiral Carpets - Tunnels, Aberdeen",2026-08-23,Aberdeen,['Rock/Indie'],ticketmaster
1AdbZ_aGkUUUSaQ,Dylan Earl,2026-08-23,Glasgow,['Folk/Country'],ticketmaster
LvZ18QOFhJLYOYOZ0uevu,King Tut's Summer Nights Presents: Lonely Daze,2026-08-23,Glasgow,['Rock/Indie'],ticketmaster
LvZ18QrAdZDaobYZM9R-t,MOK Fest - Kilkerran Survivors Night,2026-08-23,Argyll,['Folk/Country'],ticketmaster
LvZ18QCy2xQ5X5YZ0gyaA,The Cure Aftershow - Edinburgh,2026-08-23,Edinburgh,['Rock/Indie'],ticketmaster
1AUZkuaGkd0gDI_,Edinburgh Summer Sessions - Florence + The Machine,2026-08-24,Edinburgh,['Rock/Indie'],ticketmaster
1AgZkG0GkdVBfBD,Ariana Grande - The Eternal Sunshine Tour,2026-08-24,London,['Rock/Indie'],ticketmaster
1AUZk36GkdYn_Hk,Wednesday,2026-08-24,Glasgow,['Rock/Indie'],ticketmaster
1AdOZ_6GkTE-S2c,Babyshambles,2026-08-24,Belfast,['Rock/Indie'],ticketmaster
1kCZv0O9GAGE8wL,Josh Ross,2026-08-24,Belfast,['Folk/Country'],ticketmaster
G5dzZ_6GdiPMF,AFI,2026-08-24,Birmingham,['Rock/Indie'],ticketmaster
G5dzZ_khunpx6,Audrey Hobert,2026-08-24,Leeds,['Pop'],ticketmaster
LvZ18Q_Hz0H8AbZZ0e02-,Gogol Bordello,2026-08-24,Southampton,['Rock/Indie'],ticketmaster
LvZ18Q-hSx7IQjZZnZyia,Flock of Dimes,2026-08-24,Manchester,['Rock/Indie'],ticketmaster
LvZ18QOsKlytfl8vOIRhu,Ora Cogan,2026-08-24,Manchester,['Folk/Country'],ticketmaster
1AgZk8MGkeST0xF,ABBA Voyage,2026-08-24,London,['Pop'],ticketmaster
1ku8v0uSGA2k_P_,Abba Voyage - VIP Premium Package,2026-08-24,London,['Pop'],ticketmaster
15dbZbgkfeAbv,Edinburgh Summer Sessions - Lorde,2026-08-25,Edinburgh,['Rock/Indie'],ticketmaster
1AdOZ_eGkXoWopZ,Wunderhorse,2026-08-25,Belfast,['Rock/Indie'],ticketmaster
LvZ18QbeY3OQemZZ0zHZk,Downcast,2026-08-25,London,['Metal/Punk'],ticketmaster
17uYv0G659jQdpo,ADÉLA - The Red Bottoms Tour,2026-08-25,London,['Pop'],ticketmaster
1AMZkoPGkdhvpdJ,Yebba,2026-08-25,Manchester,['Rock/Indie'],ticketmaster
1AUZk3FGkelgfxI,Jack White,2026-08-25,London,['Rock/Indie'],ticketmaster
1AUZk3eGkdNXyNn,Sparks,2026-08-25,York,['Rock/Indie'],ticketmaster
1AdbZbSGktV2VjM,GEESE,2026-08-25,Glasgow,['Rock/Indie'],ticketmaster
G5dzZ_6KNMA0d,Kingfishr,2026-08-25,Edinburgh,['Folk/Country'],ticketmaster
G5dzZ_AlxEPZQ,The Living Tombstone,2026-08-25,London,['Electronic/Dance'],ticketmaster
G5dzZ_FrKXsTH,Wednesday,2026-08-25,Manchester,['Rock/Indie'],ticketmaster
G5dzZ_kQ2mdet,Earl Sweatshirt + MIKE,2026-08-25,Glasgow,['Hip-Hop/Urban'],ticketmaster
G5vHZ_5S911kA,Violet Grohl,2026-08-25,Manchester,['Rock/Indie'],ticketmaster
LvZ18QQDYpaMM9ZZ0IyZG,Faye Webster,2026-08-25,Newcastle Upon Tyne,['Rock/Indie'],ticketmaster
17GOv0G65mYS8x0,Clarion,2026-08-25,Glasgow,['Rock/Indie'],ticketmaster
LvZ18QbEDm5FAvZZlMG7S,The Van Morrison Alumni Band,2026-08-25,London,['Rock/Indie'],ticketmaster
LvZ18QNRrwfYwwrD_wgB8,Frank Sinatra & Friends,2026-08-25,London,['Jazz/Blues/Soul'],ticketmaster
1AdOZbUGkmukvrF,IDLES,2026-08-26,Belfast,['Rock/Indie'],ticketmaster
1AgZk8VGkd300UP,Turnstile,2026-08-26,Halifax,['Rock/Indie'],ticketmaster
LvZ18Qx55NDhLWOvOffpd,Call To The Void,2026-08-26,London,['Rock/Indie'],ticketmaster
1AdfZ_AGknUm0TN,Turnstile- Official Ticket and Hotel Bundls,2026-08-26,Halifax,['Rock/Indie'],ticketmaster
G5vHZbMEFfIKF,Michael Ball: Glow UK Tour 2026,2026-08-26,Cambridge,['Pop'],ticketmaster
LvZ18QxN57PgMt8ZvJaAQ,Soho Explorer Jazz Sessions from the Piano Bar,2026-08-26,London,['Jazz/Blues/Soul'],ticketmaster
LvZ18QxNAvqWP1YZv6FvL,"Live Jazz from the Piano Bar at Red Room Studios, Soho",2026-08-26,London,['Jazz/Blues/Soul'],ticketmaster
17GOv0G61kEwZUj,Lamb,2026-08-26,London,['Pop'],ticketmaster
17u8v0G6uMSTzNs,Belle Livingstone's 58th Street Country Club,2026-08-26,London,['Jazz/Blues/Soul'],ticketmaster
1AMZkosGkdZdMpq,The Living Tombstone,2026-08-26,London,['Electronic/Dance'],ticketmaster
1AUZk3FGkd2lpl1,Jack White,2026-08-26,London,['Rock/Indie'],ticketmaster
1AdbZbSGktiFN1F,GEESE,2026-08-26,Glasgow,['Rock/Indie'],ticketmaster
1AwZkoSGkdPSOUr,Afi,2026-08-26,Glasgow,['Rock/Indie'],ticketmaster
G5dzZ_k8_Fbg0,Kingfishr,2026-08-26,Edinburgh,['Folk/Country'],ticketmaster
G5dzZ_kQy2P9a,Audrey Hobert,2026-08-26,Liverpool,['Pop'],ticketmaster
G5vHZ_F5t-Fq7,Sparks,2026-08-26,Southend-On-Sea,['Rock/Indie'],ticketmaster
G5vHZ_k2sKAwA,Yebba,2026-08-26,London,['Rock/Indie'],ticketmaster
LvZ18Q3-aYyk288ZwgySC,Omar 'Brighter The Days',2026-08-26,Nottingham,['Hip-Hop/Urban'],ticketmaster
LvZ18QOsfCMI3j8Zzx1pG,Golomb,2026-08-26,Manchester,['Rock/Indie'],ticketmaster
LvZ18QhVfOYZpwOZH2vla,Nation of Language,2026-08-26,Bristol,['Rock/Indie'],ticketmaster
LvZ18QxNdIpneIZZvvpWZ,"Producers Playground: Live Jazzy House, Nu-Soul & Hip Hop",2026-08-26,London,['Jazz/Blues/Soul'],ticketmaster
LvZ18Qxnk0KMk7YZztHjc,Jane Remover,2026-08-26,Leeds,['Rock/Indie'],ticketmaster
17CZv0G6GmQ9-E_,Crowe Boys,2026-08-26,Belfast,['Rock/Indie'],ticketmaster
17GOv0G6GwjMYtv,Haley Heynderickx,2026-08-26,London,['Rock/Indie'],ticketmaster
G5vHZbl9MXfO1,Queen of the Night - A Tribute to Whitney Houston,2026-08-26,Colne,['Rock/Indie'],ticketmaster
LvZ18Q-pKAdcjPYvOthw_,Way Dynamic,2026-08-26,Manchester,['Folk/Country'],ticketmaster
LvZ18QNsGYdvDrnArZ_K-,BCUC,2026-08-26,Sheffield,['World/Latin/Reggae'],ticketmaster
LvZ18QOnWWJBgZ8vGIQ_Z,Violet Grohl,2026-08-26,Glasgow,['Rock/Indie'],ticketmaster
LvZ18Q0C9EzDQdjpkKdHc,"Live Jazz from the Piano Bar at Red Room Studios, Soho",2026-08-26,London,['Jazz/Blues/Soul'],ticketmaster
LvZ18Q2d2JJPnEYZ0EJhp,Le Freak: The Music of Chic & Nile Rodgers,2026-08-26,London,['Electronic/Dance'],ticketmaster
16dfZbSQ9G7zAB3,Leeds Festival 2026 - Souvenir Ticket,2026-08-26,Leeds,['Unclassified'],ticketmaster
1AMZkGSGkeByQBS,Reading Festival 2026 - Weekend + Early Entry Camping,2026-08-26,Reading,['Unclassified'],ticketmaster
1AMZkGSGkeJ-Qad,Reading Festival 2026 - Campervan,2026-08-26,Reading,['Unclassified'],ticketmaster
1AgZkGUGkeDDa6h,Leeds Festival 2026 - Weekend + Early Entry,2026-08-26,Leeds,['Unclassified'],ticketmaster
1agZkGU0g49Ze2v,Leeds Festival 2026 - Campervan,2026-08-26,Leeds,['Unclassified'],ticketmaster
1kuYvNGyGACXtSN,Reading Festival 2026 - Souvenir Ticket,2026-08-26,Reading,['Unclassified'],ticketmaster
16dbZ_6e8G7Ix36,McFly,2026-08-27,Glasgow,['Pop'],ticketmaster
1AdfZbUGkROCrKD,Richard Ashcroft,2026-08-27,Colchester,['Rock/Indie'],ticketmaster
G5vHZ_72zCgTd,Rock N Roll Circus - The Kooks,2026-08-27,Sheffield,['Rock/Indie'],ticketmaster
G5vHZ_ACS2V5C,Rock N Roll Circus - Sheffield - 4 Day Weekend Ticket,2026-08-27,Sheffield,['Rock/Indie'],ticketmaster
LvZ18QjVILD1KbZZ05o-3,The Human League - Hitchin Live at the Priory,2026-08-27,Hitchin,['Rock/Indie'],ticketmaster
1AdfZbMGkm29VGi,Richard Ashcroft- Official Ticket and Hotel Bundls,2026-08-27,Colchester,['Rock/Indie'],ticketmaster
1AUZkupGkdqJDWF,Edinburgh Summer Sessions - Deftones,2026-08-27,Edinburgh,['Rock/Indie'],ticketmaster
1AdfZbUGkUQeJZ2,Leeds Festival 2026 - Thursday,2026-08-27,Leeds,['Unclassified'],ticketmaster
LvZ18QhRYp68RuYZ0-wYU,The Toasters,2026-08-27,London,['Rock/Indie'],ticketmaster
LvZ18QxA7474GmZZ0St9g,DEL CAMINO + Salsa Taster Thu 27th Aug Live at The Jam House Birmingham,2026-08-27,Birmingham,['World/Latin/Reggae'],ticketmaster
1AgZkG0GkdVT0Hn,Ariana Grande - The Eternal Sunshine Tour,2026-08-27,London,['Rock/Indie'],ticketmaster
G5vHZbMECUz0E,Michael Ball: Glow UK Tour 2026,2026-08-27,Ipswich,['Pop'],ticketmaster
LvZ18Q0C4HTwr5AZwuPVo,"Live Jazz from the Piano Bar at Red Room Studios, Soho",2026-08-27,London,['Jazz/Blues/Soul'],ticketmaster
17u8v0G6uMVCFJF,Belle Livingstone's 58th Street Country Club,2026-08-27,London,['Jazz/Blues/Soul'],ticketmaster
17uOv0G6ud-fFfX,Royal Blood,2026-08-27,Southampton,['Rock/Indie'],ticketmaster
1AdFZ_7GkRKcOiD,Ata Kak,2026-08-27,London,['Pop'],ticketmaster
1AdFZ_7GkRfS8cp,Ata Kak - Restaurant,2026-08-27,London,['Pop'],ticketmaster
1AdOZ_6GknDx-m3,White Denim,2026-08-27,Belfast,['Rock/Indie'],ticketmaster
1AdOZ_FGkgybOmr,Jalen Ngonda,2026-08-27,Belfast,['Hip-Hop/Urban'],ticketmaster
G5dzZ_7Scup3n,Bailey Zimmerman: Different Night Same Rodeo Tour 2026,2026-08-27,Glasgow,['Folk/Country'],ticketmaster
G5dzZ_kpSk7G8,The Courteeners,2026-08-27,Leicester,['Rock/Indie'],ticketmaster
G5vHZ_6FgI5xH,Noah James,2026-08-27,Manchester,['Folk/Country'],ticketmaster
G5vHZ_6TFINgP,Josh Ross,2026-08-27,London,['Folk/Country'],ticketmaster
G5vHZ_eBLz3ov,Red Leather,2026-08-27,London,['Rock/Indie'],ticketmaster
LvZ18Q9Mw3ZGayYZwoYhZ,ACCEPT - 50 years of metal plus Tailgunner,2026-08-27,Wolverhampton,['Metal/Punk'],ticketmaster
LvZ18QOjvQJILPYZzwU6I,Beatlemania,2026-08-27,Southampton,['Unclassified'],ticketmaster
LvZ18QbcqQC5Hh8ZlQYrW,Gabrielle Live in Liverpool Cathedral,2026-08-27,Liverpool,['Pop'],ticketmaster
LvZ18QbiD3QW64OZySzDu,KINGS OF THRASH “THE MEGA YEARS” featuring David Ellefson & Jeff Young,2026-08-27,Nuneaton,['Metal/Punk'],ticketmaster
LvZ18Qh1hdf3HbYZVwnxQ,NITE,2026-08-27,Glasgow,['Pop'],ticketmaster
LvZ18QxN7FbzYRYZvNl7p,Round 41 - Live Jazz and Fusion Night,2026-08-27,London,['Jazz/Blues/Soul'],ticketmaster
17GOv0G6C2iTOl2,Haley Heynderickx,2026-08-27,London,['Rock/Indie'],ticketmaster
G5vHZbV7EIlyQ,Whitney Queen of the Night,2026-08-27,Merseyside,['Rock/Indie'],ticketmaster
LvZ18QOFjroHa5ZvqSUnW,King Tut's Summer Nights Presents: Esther's Wife,2026-08-27,Glasgow,['Rock/Indie'],ticketmaster
LvZ18Qh5dL6yW6YZHiaDu,This Is The Kit,2026-08-27,York,['Jazz/Blues/Soul'],ticketmaster
1AgZk8MGkeVu7xx,ABBA Voyage,2026-08-27,London,['Pop'],ticketmaster
1ku8v0uSGA2KyPr,Abba Voyage - VIP Premium Package,2026-08-27,London,['Pop'],ticketmaster
17GOv0G6unxzOtl,Victã²Ria Vilalta + Paula MacÃ­a + Natalia Ungar + Lia Sky,2026-08-27,London,['Folk/Country'],ticketmaster
LvZ18Q0C4HTwr5AZwuPV8,"Live Jazz from the Piano Bar at Red Room Studios, Soho",2026-08-27,London,['Jazz/Blues/Soul'],ticketmaster
15djZbSC3AyoE,Reading Festival 2026 - Weekend Camping,2026-08-27,Reading,['Unclassified'],ticketmaster
16djZbsCpG7W8Dk,Creamfields 2026 - Parking - Weekend Camping,2026-08-27,Cheshire,['Unclassified'],ticketmaster
1AMZkG3GkdPJM7B,Freshfields - Downtown Weekend Pass,2026-08-27,Cheshire,['Unclassified'],ticketmaster
1AMZkG3GkdbI0BW,Freshfields - Downtown & Arena Weekend Pass,2026-08-27,Cheshire,['Unclassified'],ticketmaster
1AMZkG3GkewdeRn,Creamfields 2026 - Charge Candy - Weekend Package (4-day hire),2026-08-27,Cheshire,['Unclassified'],ticketmaster
1AdjZbsGkRCIsir,Creamfields 2026 - Souvenir Ticket,2026-08-27,Cheshire,['Unclassified'],ticketmaster
1AdjZbwGkTYSxQk,Dreamfields 2026 - Luxury Cabin (En-Suite) Full Price and Payment Plan,2026-08-27,Cheshire,['Unclassified'],ticketmaster
1AdjZbwGkTYV3hS,Dreamfields 2026 - Luxury Tipi - Full Price and Payment Plan,2026-08-27,Cheshire,['Unclassified'],ticketmaster
1AdjZbwGkTYYe9H,Dreamfields 2026 - Classic Bell - Full Price and Payment Plan,2026-08-27,Cheshire,['Unclassified'],ticketmaster
1AdjZbwGkTYgxjC,Pre-Pitched Tents 2026 - Full Price and Payment Plan,2026-08-27,Cheshire,['Unclassified'],ticketmaster
1AdjZbwGkTYsx_9,Dreamfields 2026 - Crew Hut - Full Price and Payment Plan,2026-08-27,Cheshire,['Unclassified'],ticketmaster
1AdjZbwGkTYwx_T,Dreamfields 2026 - Luxury Bell - Full Price and Payment Plan,2026-08-27,Cheshire,['Unclassified'],ticketmaster
1AdjZbwGkTYzejt,Dreamfields 2026 - Airstream - Full Price and Payment Plan,2026-08-27,Cheshire,['Unclassified'],ticketmaster
1AdjZbwGkXn3ouR,Dreamfields 2026 - Cabin for 2 - Full Price and Payment Plan,2026-08-27,Cheshire,['Unclassified'],ticketmaster
1AdjZbwGkXnovub,Dreamfields 2026 - Bell House - Full Price and Payment Plan,2026-08-27,Cheshire,['Unclassified'],ticketmaster
1AdjZbwGknOS8VE,Creamfields 2026 - Advance Hoodie 2026,2026-08-27,Cheshire,['Unclassified'],ticketmaster
1AgZkGUGkeJa9GF,Leeds Festival 2026 - Weekend,2026-08-27,Leeds,['Unclassified'],ticketmaster
1kuYvN7tGA1uwuQ,Creamfields 2026 - Lanyard Souvenir,2026-08-27,Cheshire,['Unclassified'],ticketmaster
1kuYvN7zGA2hZiV,Freshfields - Arena Weekend Pass,2026-08-27,Cheshire,['Unclassified'],ticketmaster
1AdjZbVGklbLnsr,Reading Festival 2026 - Friday,2026-08-28,Reading,['Unclassified'],ticketmaster
1AdfZbVGknSbIFR,Leeds Festival 2026 - Friday,2026-08-28,Leeds,['Unclassified'],ticketmaster
LvZ18Q3F7DbyKVZvjuCEg,The Long Road 2026,2026-08-28,Leicestershire,['Folk/Country'],ticketmaster
LvZ18QQAEpgHtx8ZwYREz,The Long Road - Friday 2026,2026-08-28,Leicestershire,['Folk/Country'],ticketmaster
1AMZkudGkdl-Cnk,"All Points East - Tyler, the Creator",2026-08-28,London,['Rock/Indie'],ticketmaster
LvZ18QjVc4h1KbZZ05oTZ,RUDIM3NTAL - Hitchin Live at the Priory,2026-08-28,Hitchin,['Electronic/Dance'],ticketmaster
1AMZkG3GkdO0gyV,Freshfields - Arena Friday Pass,2026-08-28,Cheshire,['Unclassified'],ticketmaster
1AMZkGKGke0BvAa,Creamfields 2026 - Friday - Gold Payment Plan,2026-08-28,Cheshire,['Unclassified'],ticketmaster
1AMZkGKGke0go7f,Creamfields 2026 - Friday - Standard Payment Plan,2026-08-28,Cheshire,['Unclassified'],ticketmaster
1AdjZbYGkD2bJJB,Creamfields 2026 - Friday - Standard,2026-08-28,Cheshire,['Unclassified'],ticketmaster
1AdjZbYGkDszJzn,Creamfields 2026 - Friday - Gold,2026-08-28,Cheshire,['Unclassified'],ticketmaster
1AUZkobGkdc6tIW,Callum Beattie,2026-08-28,Glasgow,['Rock/Indie'],ticketmaster
1AdfZ_eGkBCYx_3,JLS,2026-08-28,Colchester,['Rock/Indie'],ticketmaster
G5vHZbUScotLu,Rock N Roll Circus - The Streets,2026-08-28,Sheffield,['Rock/Indie'],ticketmaster
1AgZkoAGkdml95O,JLS- Official Ticket and Hotel Bundls,2026-08-28,Colchester,['Rock/Indie'],ticketmaster
G5vHZbUlOUbBm,Pulp,2026-08-28,Manchester,['Rock/Indie'],ticketmaster
LvZ18QNVohvqVBettFjs1,"The Enemy | Blackpool, Winter Gardens",2026-08-28,Blackpool,['Rock/Indie'],ticketmaster
1AeGZbUGkBCIvFy,Jane McDonald - Living the Dream - Live Lounge Premium Package,2026-08-28,Derby,['Rock/Indie'],ticketmaster
1AgZkuVGkd1i9cb,Fatboy Slim,2026-08-28,Margate,['Electronic/Dance'],ticketmaster
1AdfZbVGkT8399X,Bastille,2026-08-28,Halifax,['Rock/Indie'],ticketmaster
1AeGZbUGkDb-ssA,Jane McDonald - Living The Dream,2026-08-28,Derby,['Rock/Indie'],ticketmaster
LvZ18QrXoGDQ158ZPVVtQ,50 Years Of Rough Trade Presents - VIAGRA BOYS,2026-08-28,Liverpool,['Rock/Indie'],ticketmaster
LvZ18QxNGBPZeYOZvC6Lx,Alfies Soho - Live Jazz and Blues,2026-08-28,London,['Jazz/Blues/Soul'],ticketmaster
1AdfZbMGkROG5rm,Bastille - Official Ticket and Hotel Bundls,2026-08-28,Halifax,['Rock/Indie'],ticketmaster
1AgZkG0GkdgvgZ0,Ariana Grande - The Eternal Sunshine Tour,2026-08-28,London,['Rock/Indie'],ticketmaster
G5vHZ_kbfwnHT,Earl Sweatshirt & MIKE - Home on the Range Tour 2026,2026-08-28,Nottingham,['Hip-Hop/Urban'],ticketmaster
LvZ18QLltL0yg48ZltqB8,Ray Gelato and the Giants | Soul Mama Islington,2026-08-28,London,['Jazz/Blues/Soul'],ticketmaster
LvZ18QOoyo3tpRYv5_3FF,Scordatura 'Led Into Oblivion' Album Release Show,2026-08-28,Glasgow,['Metal/Punk'],ticketmaster
LvZ18QxNAv4ZeYOZvC6_K,"Live Jazz from the Piano Bar at Red Room Studios, Soho",2026-08-28,London,['Jazz/Blues/Soul'],ticketmaster
LvZ18QxZYluqXtYvGHnzc,Levitation Orchestra,2026-08-28,London,['Jazz/Blues/Soul'],ticketmaster
17u8v0G6uMVjbIi,Belle Livingstone's 58th Street Country Club,2026-08-28,London,['Jazz/Blues/Soul'],ticketmaster
1AgZk3FGkeRRUR2,Jack White,2026-08-28,Bristol,['Rock/Indie'],ticketmaster
1AwZku6GkdWr-3L,Simple Minded & Deacon Blues,2026-08-28,Glasgow,['Unclassified'],ticketmaster
1ku8v0jNGAuan6l,Noah James,2026-08-28,London,['Folk/Country'],ticketmaster
G5dzZ_k7lEBnL,The Harry Styles Tribute Show starring Sean Mac,2026-08-28,Liverpool,['Unclassified'],ticketmaster
G5dzZbshsSoDJ,Gareth Taylor and his Queenies' (formally Bulsara and his Queenies),2026-08-28,London,['Rock/Indie'],ticketmaster
LvZ18QbEpfx1t7YZy94py,Leo Green Presents: The Secret Sax Party,2026-08-28,London,['Jazz/Blues/Soul'],ticketmaster
LvZ18QbKZKCcWoOZwfR40,Weetwood Mac,2026-08-28,Southampton,['Rock/Indie'],ticketmaster
LvZ18Qh19onbqZOZiXjgO,NITE,2026-08-28,London,['Pop'],ticketmaster
LvZ18QjaziBe68OvO98Q1,James Morrison Live in Liverpool Cathedral,2026-08-28,Liverpool,['Rock/Indie'],ticketmaster
LvZ18QxNe-cEv4YZvc-Rf,Soho Spotlight - Friday Live Performance,2026-08-28,London,['Jazz/Blues/Soul'],ticketmaster
17uOvxG6GR9bfZu,Queen of the Night - A Tribute to Whitney Houston,2026-08-28,York,['Rock/Indie'],ticketmaster
1AUZkGkGkdLZoJY,Venue Premium Tickets - Queen of the Night,2026-08-28,York,['Rock/Indie'],ticketmaster
1AdfZbMGkn0ePyY,The Glam Rock Show - Get It On!,2026-08-28,Scarborough,['Rock/Indie'],ticketmaster
1kuYv0aSGA1qfkO,Man In The Mirror,2026-08-28,Bath,['Unclassified'],ticketmaster
LvZ18Q9d9umGneYZY1Ydh,Shadowplay - The Definitive Joy Division Tribute,2026-08-28,Newcastle Upon Tyne,['Rock/Indie'],ticketmaster
LvZ18QK5IH7u_OZZlHCiM,GOLOMB,2026-08-28,London,['Rock/Indie'],ticketmaster
LvZ18QKPmSW3aiOZYLa7N,The Bon Jovi Experience,2026-08-28,Nuneaton,['Unclassified'],ticketmaster
LvZ18QOFqwvHBs8v1oRZn,King Tut's Summer Nights Presents: Roller Disco Death Party,2026-08-28,Glasgow,['Rock/Indie'],ticketmaster
LvZ18QbiDbYpx3ZZyuDv9,Last Resort - Nu-Metal Night - 28 August 2026,2026-08-28,Hertford,['Rock/Indie'],ticketmaster
1AgZk8MGkeVQ0xn,ABBA Voyage,2026-08-28,London,['Pop'],ticketmaster
1ku8v0uSGA2-_Pl,Abba Voyage - VIP Premium Package,2026-08-28,London,['Pop'],ticketmaster
LvZ18Q0ftuLeh1HEc50E2,"Eddie Prévost, Binker Golding, Olie Brice – trio",2026-08-28,London,['Jazz/Blues/Soul'],ticketmaster
17GOv0G6GCVnOEg,Pontus Peace + Handsome Waitress + Rattlesnake Hum + Donquix Hotel,2026-08-28,London,['Pop'],ticketmaster
LvZ18Q_GxGyI7KOZwplvA,Tyne Maiden - Iron Maiden Tribute,2026-08-28,Stockton-On-Tees,['Metal/Punk'],ticketmaster
LvZ18QxNGBPZeYOZvC6LN,Alfies Soho - Live Jazz and Blues,2026-08-28,London,['Jazz/Blues/Soul'],ticketmaster
LvZ18QxNAv4ZeYOZvC6_f,"Live Jazz from the Piano Bar at Red Room Studios, Soho",2026-08-28,London,['Jazz/Blues/Soul'],ticketmaster
LvZ18QN1bHioopZvObBaB,Ray Keith's Dread Bank Holiday,2026-08-28,London,['Electronic/Dance'],ticketmaster
G5dzZ_G1Axvg9,Nightvision x Disfunktion Presents Natte Visstick,2026-08-28,Glasgow,['Pop'],ticketmaster
LvZ18QqyAPuLlCOZ0bdoE,Juls: 4 Fridays at Jazz Cafe (Summer Residency – Week 3),2026-08-28,London,['Electronic/Dance'],ticketmaster
LvZ18QNAraXaVOYZgHh-m,Channel One Sound System - Carnival Warm Up,2026-08-28,London,['World/Latin/Reggae'],ticketmaster
LvZ18QjntWFOuGOZ0PovD,Busspepper Presents Bacchanal Friday,2026-08-28,London,['Rock/Indie'],ticketmaster
1AMZk8IGkendoOV,Reading Festival 2026 - Friday and Sunday Non-Camping,2026-08-28,Reading,['Unclassified'],ticketmaster
1AMZkGKGkeSY-5_,Creamfields 2026 - 3 Day Gold Non Camping (Fri-Sun) - Payment Plan,2026-08-28,Cheshire,['Unclassified'],ticketmaster
1AMZkGKGkeSm-56,Creamfields 2026 - 2 Day Gold Non Camping (Fri-Sat) - Payment Plan,2026-08-28,Cheshire,['Unclassified'],ticketmaster
1AMZkGKGkewb-1P,Creamfields 2026 - 3 Day Standard Non Camping (Fri-Sun) - Payment Plan,2026-08-28,Cheshire,['Unclassified'],ticketmaster
1AMZkGKGkewpv1f,Creamfields 2026 - 2 Day Standard Non Camping (Fri-Sat) - Payment Plan,2026-08-28,Cheshire,['Unclassified'],ticketmaster
1AMZkukGkdMwj6j,"All Points East - Tyler, the Creator - Two Day Event",2026-08-28,London,['Rock/Indie'],ticketmaster
1AUZku4Gkes1bPx,Bon Jovi: FOREVER TOUR,2026-08-28,Edinburgh,['Rock/Indie'],ticketmaster
1AdfZbUGkU7zVvj,Leeds Festival 2026 - Weekend - Arena Only,2026-08-28,Leeds,['Unclassified'],ticketmaster
1AdfZbUGkUntEOy,Leeds Festival 2026 - Friday & Saturday,2026-08-28,Leeds,['Unclassified'],ticketmaster
1AdjZbUGkM63JHR,Reading Festival 2026 - Friday and Saturday Non-Camping,2026-08-28,Reading,['Unclassified'],ticketmaster
1AdjZbUGkUwUglf,Reading Festival 2026 - Weekend Non-Camping,2026-08-28,Reading,['Unclassified'],ticketmaster
1AdjZbYGkTKAfYh,Creamfields 2026 - 3 Day Gold Non Camping (Friday-Sunday),2026-08-28,Cheshire,['Unclassified'],ticketmaster
1AdjZbYGkTKdfme,Creamfields 2026 - 2 Day Gold Non Camping (Friday/Saturday),2026-08-28,Cheshire,['Unclassified'],ticketmaster
1AdjZbYGkTuD0iq,Creamfields 2026 - 3 Day Standard Non Camping (Friday-Sunday),2026-08-28,Cheshire,['Unclassified'],ticketmaster
1AdjZbYGkTuyfls,Creamfields 2026 - 2 Day Standard Non Camping (Friday/Saturday),2026-08-28,Cheshire,['Unclassified'],ticketmaster
1adjZbsC338ZdG6G,Creamfields 2026 - Parking - Non Camping,2026-08-28,Cheshire,['Unclassified'],ticketmaster
G5vHZ_k3nTNZ1,Rock N Roll Circus - Sheffield - 3 Day Weekend Ticket,2026-08-28,Sheffield,['Rock/Indie'],ticketmaster
1kuYvN3KGAu8ixk,Reading Festival 2026 - Saturday,2026-08-29,Reading,['Unclassified'],ticketmaster
1AdfZbVGklFrtT2,Leeds Festival 2026 - Saturday,2026-08-29,Leeds,['Unclassified'],ticketmaster
LvZ18_DxABbRIVOZ-NtdL,The Long Road - Saturday 2026,2026-08-29,Leicestershire,['Folk/Country'],ticketmaster
1AdbZ_7GkmImKEf,Aardman In Concert - Venue Premium Tickets,2026-08-29,York,['Classical/Orchestral'],ticketmaster
G5vHZ_apbcwE9,DAY FEVER FESTIVAL 2026,2026-08-29,Nottingham,['Pop'],ticketmaster
17u8v0G6uMVnIlD,Belle Livingstone's 58th Street Country Club,2026-08-29,London,['Jazz/Blues/Soul'],ticketmaster
G5vHZ_d3PLK2V,Rock N Roll Circus - Wunderhorse,2026-08-29,Sheffield,['Rock/Indie'],ticketmaster
16gZkusPvZAC7ek5,Fatboy Slim,2026-08-29,Colchester,['Electronic/Dance'],ticketmaster
1AMZkG3Gkd0t97R,Freshfields - Arena Saturday Pass,2026-08-29,Cheshire,['Unclassified'],ticketmaster
1AMZkGKGke0DoAf,Creamfields 2026 - Saturday - Gold Payment Plan,2026-08-29,Cheshire,['Unclassified'],ticketmaster
1AMZkGKGke0U-7b,Creamfields 2026 - Saturday - Standard Payment Plan,2026-08-29,Cheshire,['Unclassified'],ticketmaster
1AMZkudGkdDeA6j,"All Points East - Tyler, the Creator",2026-08-29,London,['Rock/Indie'],ticketmaster
1AUZkobGkdVKaXD,Big City 2026,2026-08-29,Glasgow,['Unclassified'],ticketmaster
1AdbZ_7GkmImNE9,Aardman In Concert - Venue Premium Tickets,2026-08-29,York,['Classical/Orchestral'],ticketmaster
1AdjZbYGkD2_kE6,Creamfields 2026 - Saturday - Standard,2026-08-29,Cheshire,['Unclassified'],ticketmaster
1AdjZbYGkDsykzm,Creamfields 2026 - Saturday - Gold,2026-08-29,Cheshire,['Unclassified'],ticketmaster
LvZ18Qjms9oYFhOvORyb_,Day Fever Outdoors - Chester,2026-08-29,Chester,['Electronic/Dance'],ticketmaster
1ANZkoVGkdqpoGi,East Midlands Gospel Music Festival 2026,2026-08-29,Derby,['Non-Music/Other'],ticketmaster
1AgZk8MGkeVEVxz,ABBA Voyage,2026-08-29,London,['Pop'],ticketmaster
1ku8v0uSGA2myJA,Abba Voyage - VIP Premium Package,2026-08-29,London,['Pop'],ticketmaster
G5dzZ_1mNq34H,Breakin Science + Drumatics Leicester: Summer Outdoor Terrace Party,2026-08-29,Leicester,['Pop'],ticketmaster
G5vHZbVX9kfDH,Courteeners At Live From Wythenshawe Park,2026-08-29,Manchester,['Rock/Indie'],ticketmaster
LvZ18Q0Q7IjUD89T5e-rA,Mood II Swing (Day & Night Party),2026-08-29,London,['Electronic/Dance'],ticketmaster
LvZ18QhA_kg7UDOZiNEEu,Day Fever - Glasgow,2026-08-29,Glasgow,['Electronic/Dance'],ticketmaster
LvZ18Qr9MmrFok8vqA6Z1,Eric Luttrell - Summer Of Love Tour 2026 - Manchester,2026-08-29,Manchester,['Electronic/Dance'],ticketmaster
1AUZku8GkexFggP,Edinburgh Summer Sessions - The Prodigy,2026-08-29,Edinburgh,['Electronic/Dance'],ticketmaster
1AdfZbMGkm0wJfv,Back to The Seaside,2026-08-29,Scarborough,['Unclassified'],ticketmaster
1adOZ_de8jsZd576,Emerge 2026 - Saturday Day Tickets - Hannah Laing,2026-08-29,Belfast,['Unclassified'],ticketmaster
G5vHZ_eTUbAV4,Scouting for Girls,2026-08-29,Doncaster,['Rock/Indie'],ticketmaster
LvZ18QqWRUzhccYvqMqD2,"Live from the Folk Park: Gareth, Niamh Noade, Meadhbh Walsh and others",2026-08-29,Omagh,['Folk/Country'],ticketmaster
1AdfZbMGkmO5Ayd,Fatboy Slim- Official Ticket and Hotel Bundls,2026-08-29,Colchester,['Pop'],ticketmaster
16dOZ_A1kG7BsKl,Wolf Alice,2026-08-29,Belfast,['Rock/Indie'],ticketmaster
1AUZkuyGkd9ozYU,Michael Ball: Glow UK Tour 2026,2026-08-29,Oxford,['Pop'],ticketmaster
1AzZk8VGkdVNsWt,The Wolfe Tones,2026-08-29,Belfast,['Folk/Country'],ticketmaster
1AzZk8gGkdOuvUk,Share A Suite - The Wolfe Tones,2026-08-29,Belfast,['Rock/Indie'],ticketmaster
LvZ18Q-O2DqsXs8ZIV2g6,Cerebral Incubation,2026-08-29,London,['Metal/Punk'],ticketmaster
LvZ18QxNGBN2PM8Zv-dL-,Alfies Soho - Live Jazz and Blues,2026-08-29,London,['Jazz/Blues/Soul'],ticketmaster
1AUZkugGke-LEFv,Venue Premium - The Waterboys - Fisherman's Blues Revue,2026-08-29,Glasgow,['Non-Music/Other'],ticketmaster
1kuOvNjyGA1QU9X,The Waterboys - Fisherman's Blues Revue,2026-08-29,Glasgow,['Rock/Indie'],ticketmaster
17u8v0G6uMVzzmd,Belle Livingstone's 58th Street Country Club,2026-08-29,London,['Jazz/Blues/Soul'],ticketmaster
1AdOZ_eGkDLReAC,The Illegals,2026-08-29,Belfast,['Folk/Country'],ticketmaster
1AwZkCdGkd_yZyr,Shez Raja Ft. Guthrie Govan,2026-08-29,London,['Jazz/Blues/Soul'],ticketmaster
1AwZkCdGkdpqZzn,Shez Raja Ft. Guthrie Govan - Restaurant,2026-08-29,London,['Jazz/Blues/Soul'],ticketmaster
G5dzZ_171jk_G,Kawehi,2026-08-29,London,['Rock/Indie'],ticketmaster
G5dzZ_Arxo3L7,The Harry Styles Tribute Show starring Sean Mac,2026-08-29,Leicester,['Unclassified'],ticketmaster
G5dzZ_FNFWA-f,Jack White - Live 2026,2026-08-29,Newcastle Upon Tyne,['Rock/Indie'],ticketmaster
G5dzZbsptLsqt,Gareth Taylor and his Queenies (formally Bulsara and his Queenies),2026-08-29,Birmingham,['Rock/Indie'],ticketmaster
G5vHZ_eBjExk8,Red Leather,2026-08-29,Manchester,['Rock/Indie'],ticketmaster
LvZ18Q4RpyriODOZyDj32,The Eminem Experience,2026-08-29,Norwich,['Hip-Hop/Urban'],ticketmaster
LvZ18QNgoSw-wEt8kzJuP,Ruby Fields,2026-08-29,London,['Rock/Indie'],ticketmaster
LvZ18QbdQrGMWR8ZwPxvO,Type Of Negative + Pantera A.D.,2026-08-29,Southampton,['Metal/Punk'],ticketmaster
LvZ18QrdK4mjhWOZ08i4r,HOTEL CALEDONIA - EAGLES TRIBUTE,2026-08-29,Bathgate,['Rock/Indie'],ticketmaster
1AdjZbUGkBH74cj,Whitney Queen of the Night,2026-08-29,Hertford,['Rock/Indie'],ticketmaster
1AgZkGNGkdKoSut,Thank ABBA for The Music,2026-08-29,Whitby,['Unclassified'],ticketmaster
1kuYv0jtGAGWNfa,Whitney Queen of the Night,2026-08-29,Brighton,['Rock/Indie'],ticketmaster
G5vHZbVEnwISC,Michael Starring Ben,2026-08-29,Skegness,['Unclassified'],ticketmaster
G5vHZbgXXw9Yb,Jane McDonald - Living The Dream,2026-08-29,Blackpool,['Rock/Indie'],ticketmaster
LvZ18QOFLv9Qh0OZM_L0O,King Tut's Summer Nights Presents: Sean Choon & the prawn monsoon,2026-08-29,Glasgow,['Rock/Indie'],ticketmaster
LvZ18QQI8u7OsgYZ0unaC,Stanley Dee,2026-08-29,Hertford,['Rock/Indie'],ticketmaster
LvZ18QQJoNzvq58ZiCAPq,Dom Martin,2026-08-29,Leeds,['Jazz/Blues/Soul'],ticketmaster
LvZ18QxRYn1Xs2YZzPBxj,Hovvdy,2026-08-29,London,['Rock/Indie'],ticketmaster
1AgZk8MGkeVg0Nj,ABBA Voyage,2026-08-29,London,['Pop'],ticketmaster
1ku8v0uSGA2HaJY,Abba Voyage - VIP Premium Package,2026-08-29,London,['Pop'],ticketmaster
LvZ18QN1a8WGMMOZ0zmWh,Simply Weller,2026-08-29,Brighton,['Pop'],ticketmaster
LvZ18QxNGBN2PM8Zv-dLx,Alfies Soho - Live Jazz and Blues,2026-08-29,London,['Jazz/Blues/Soul'],ticketmaster
LvZ18Qf8AZX3zfYZlSAp9,Nirvanah,2026-08-29,St Albans,['Rock/Indie'],ticketmaster
LvZ18QN8ZslwJdOZ0OCtn,Live Band Karaoke,2026-08-29,London,['Unclassified'],ticketmaster
LvZ18Qxvi81Dw78Z0I7uS,Soul City: House music every Saturday,2026-08-29,London,['Unclassified'],ticketmaster
1AMZkGKGkeSRo59,Creamfields 2026 - 2 Day Gold Non Camping (Sat-Sun) - Payment Plan,2026-08-29,Cheshire,['Unclassified'],ticketmaster
1AMZkGKGkew9-1O,Creamfields 2026 - 2 Day Standard Non Camping (Sat-Sun) - Payment Plan,2026-08-29,Cheshire,['Unclassified'],ticketmaster
1AdfZbUGkMAJaTS,Leeds Festival 2026 - Saturday & Sunday,2026-08-29,Leeds,['Unclassified'],ticketmaster
1AdjZbUGkM2iE4k,Reading Festival 2026 - Saturday and Sunday Non-Camping,2026-08-29,Reading,['Unclassified'],ticketmaster
1AdjZbYGkTK7fRn,Creamfields 2026 - 2 Day Gold Non Camping (Saturday/Sunday),2026-08-29,Cheshire,['Unclassified'],ticketmaster
1AdjZbYGkTuB0i5,Creamfields 2026 - 2 Day Standard Non Camping (Saturday/Sunday),2026-08-29,Cheshire,['Unclassified'],ticketmaster
1AzZkCeGkdR8dk1,Emerge 2026 - Weekend Instalment Tickets,2026-08-29,Belfast,['Unclassified'],ticketmaster
1AzZkCeGkdph3Si,Emerge 2026 - Weekend Tickets,2026-08-29,Belfast,['Unclassified'],ticketmaster
16djZbV0SG7Tjfq,Reading Festival 2026 - Sunday,2026-08-30,Reading,['Unclassified'],ticketmaster
1AdfZbVGklo21P2,Leeds Festival 2026 - Sunday,2026-08-30,Leeds,['Unclassified'],ticketmaster
LvZ18QQAPUFro1OZyCLIP,The Long Road - Sunday 2026,2026-08-30,Leicestershire,['Folk/Country'],ticketmaster
1AMZkG4Gkd_UVyz,Freshfields - Arena Sunday Pass,2026-08-30,Cheshire,['Unclassified'],ticketmaster
1AMZkGKGke0HoAi,Creamfields 2026 - Sunday - Gold Payment Plan,2026-08-30,Cheshire,['Unclassified'],ticketmaster
1AMZkGKGke0zs7r,Creamfields 2026 - Sunday - Standard Payment Plan,2026-08-30,Cheshire,['Unclassified'],ticketmaster
1AdjZbYGkD2_JE4,Creamfields 2026 - Sunday - Standard,2026-08-30,Cheshire,['Unclassified'],ticketmaster
1AdjZbYGkDsyUzU,Creamfields 2026 - Sunday - Gold,2026-08-30,Cheshire,['Unclassified'],ticketmaster
G5dzZ_73zefzr,Aardman in Concert,2026-08-30,Newcastle Upon Tyne,['Classical/Orchestral'],ticketmaster
LvZ18Q82IrM0vkZZlxo0B,"ELECTRIC SUMMER Howard Jones, Heaven 17, Blancmange LIVE IN TAUNTON",2026-08-30,Taunton,['Rock/Indie'],ticketmaster
1AgZk8MGkegeVNV,ABBA Voyage,2026-08-30,London,['Pop'],ticketmaster
1agZk8M8eQ_Zeuk,Abba Voyage - VIP Premium Package,2026-08-30,London,['Pop'],ticketmaster
G5vHZbUUz1psr,Rock N Roll Circus - Richard Ashcroft,2026-08-30,Sheffield,['Rock/Indie'],ticketmaster
1kuYvNqFGACRxgx,All Points East - Twenty One Pilots,2026-08-30,London,['Rock/Indie'],ticketmaster
LvZ18QjVVTYQYzYZz7HpJ,Ministry of Sound Classical - Hitchin Live at the Priory,2026-08-30,Hitchin,['Classical/Orchestral'],ticketmaster
G5dzZ_73VS7YR,Aardman in Concert,2026-08-30,Newcastle Upon Tyne,['Classical/Orchestral'],ticketmaster
G5dzZ_a5o30PW,Jungle Gathering,2026-08-30,Birmingham,['Rock/Indie'],ticketmaster
G5vHZbgIwebV0,The Prodigy at Live from Wythenshawe Park,2026-08-30,Manchester,['Pop'],ticketmaster
LvZ18QhAOy-h3wYZHJP5b,Summer on the Terrace with Day Fever - Brighton,2026-08-30,Brighton,['Electronic/Dance'],ticketmaster
LvZ18QhA_Nvh3wYZVJPy5,Day Fever - Newcastle,2026-08-30,Newcastle Upon Tyne,['Electronic/Dance'],ticketmaster
LvZ18QhAqYkq-FZZVNj7l,Summer on the Terrace with Day Fever - Brighton,2026-08-30,Brighton,['Electronic/Dance'],ticketmaster
LvZ18Qr9y2x7cpZZ0C5rl,Eric Luttrell - Summer Of Love Tour 2026 - London,2026-08-30,London,['Electronic/Dance'],ticketmaster
1AdbZbUGkM3MF5F,Scissor Sisters,2026-08-30,Glasgow,['Rock/Indie'],ticketmaster
1AzZkCeGkdphxSR,Emerge 2026 - Sunday Day Tickets - blk. ,2026-08-30,Belfast,['Unclassified'],ticketmaster
G5dzZ_6xfqxqV,Crapsons,2026-08-30,Liverpool,['Rock/Indie'],ticketmaster
G5vHZ_eHsuI7k,Ocean Colour Scene,2026-08-30,Doncaster,['Rock/Indie'],ticketmaster
16gZk8M8AZAu112d,Abba Voyage - VIP Premium Package,2026-08-30,London,['Pop'],ticketmaster
1AdOZ_aGkS51-IN,Bryan Kearney - Notorious X,2026-08-30,Belfast,['Pop'],ticketmaster
1AgZk8MGkeg8f0G,ABBA Voyage,2026-08-30,London,['Pop'],ticketmaster
LvZ18QO66KyZRvOv1-zWP,"Triple Threat: Preet Singh, Muhsin Yesilada & Richard Blackwood - Birmingha",2026-08-30,Birmingham,['Non-Music/Other'],ticketmaster
1AgZk8SGkeOIsMh,A$AP Rocky - Don't Be Dumb World Tour,2026-08-30,London,['Hip-Hop/Urban'],ticketmaster
1AzZk8UGkdGWoDX,Doghouse Ska Band,2026-08-30,Belfast,['Rock/Indie'],ticketmaster
LvZ18QxAfGuSip8Zzs331,JAMES K,2026-08-30,Brighton,['Electronic/Dance'],ticketmaster
17CZv0G61DhGol6,Devin Townsend - Metamorphis Solo Uk & European Tour,2026-08-30,Belfast,['Metal/Punk'],ticketmaster
17u8v0G6uMg6FYf,Belle Livingstone's 58th Street Country Club,2026-08-30,London,['Jazz/Blues/Soul'],ticketmaster
17uOv0G6GxiOX5Q,REWIRED CULTURE PRESENTS.,2026-08-30,Glasgow,['Hip-Hop/Urban'],ticketmaster
G5dzZ_AmxKV06,The Harry Styles Tribute Show starring Sean Mac,2026-08-30,London,['Unclassified'],ticketmaster
G5vHZ_6TdOdlq,Josh Ross,2026-08-30,Manchester,['Folk/Country'],ticketmaster
LvZ18QK5r8eg1GOZw3pQn,G2 Definitive Genesis,2026-08-30,Norwich,['Rock/Indie'],ticketmaster
LvZ18QLSGJtws5YZMG0_d,THE DAMN TRUTH + CROBOT,2026-08-30,Bradford,['Rock/Indie'],ticketmaster
LvZ18QLUrQm-OCOZ0k9wy,Quo-Incidence,2026-08-30,Southampton,['Rock/Indie'],ticketmaster
LvZ18QNfTdhZ9qYvq4brl,The Space Lady,2026-08-30,Leeds,['Rock/Indie'],ticketmaster
LvZ18QbeOZxa_48ZlMp8-,New Kind Of Cramps,2026-08-30,Leeds,['Metal/Punk'],ticketmaster
LvZ18Qr6M4jdl1OZMq3sO,Current Joys,2026-08-30,Manchester,['Pop'],ticketmaster
1AdfZbsGkiAEFny,What's Love Got to do With it? - The Ultimate Tribute to Tina Turner,2026-08-30,Cardiff,['Unclassified'],ticketmaster
1AgZkCaGkdI-Exc,Tony Skingle: Elvis 40 Greatest Hits,2026-08-30,Scarborough,['Jazz/Blues/Soul'],ticketmaster
G5vHZbM013lpY,Michael Ball: Glow UK Tour 2026,2026-08-30,Birmingham,['Pop'],ticketmaster
G5vHZbUKZ0pIH,Jane McDonald - Living The Dream,2026-08-30,Blackpool,['Rock/Indie'],ticketmaster
LvZ18Qj7cbeKVhZZz6Ojw,Jaguar Sun,2026-08-30,Bristol,['Pop'],ticketmaster
LvZ18QLEpLlfgaYv1npK1,Roni Size (Bank Holiday Special),2026-08-30,London,['Electronic/Dance'],ticketmaster
1AdjZbVGkX2cShY,LIDO Festival - Maribou State,2026-08-31,London,['Unclassified'],ticketmaster
1AgZk8MGkegqV0r,ABBA Voyage,2026-08-31,London,['Pop'],ticketmaster
1agZk8M8ak_Ze28,Abba Voyage - VIP Premium Package,2026-08-31,London,['Pop'],ticketmaster
1AdOZbMGkwwieBZ,CMAT,2026-08-31,Belfast,['Pop'],ticketmaster
1AgZkG0GkdVWfDM,Ariana Grande - The Eternal Sunshine Tour,2026-08-31,London,['Rock/Indie'],ticketmaster
LvZ18Q0S0LDEXbVCWapWB,Miles Davis' Kind of Blue,2026-08-31,London,['Jazz/Blues/Soul'],ticketmaster
LvZ18Q0zrAUEQm4W4Y0r2,Hazy Waters,2026-08-31,London,['Rock/Indie'],ticketmaster
1AdbZ_kGkUWQkGb,Sigur Ros - Performing with the Scottish Chamber Orchestra & Chorus,2026-08-31,Edinburgh,['Rock/Indie'],ticketmaster
1AUZk3eGkdCaI_C,Josh Ross,2026-08-31,Glasgow,['Folk/Country'],ticketmaster
1AUZkowGkdGqgVP,CA7RIEL & Paco Amoroso - FREE SPIRITS WORLD TOUR,2026-08-31,Manchester,['World/Latin/Reggae'],ticketmaster
1AdbZbzGkRliQxE,The Dead South - Venue Premium Tickets,2026-08-31,York,['Rock/Indie'],ticketmaster
1AwZk3eGkewfsdE,Josh Ross,2026-08-31,Glasgow,['Folk/Country'],ticketmaster
1AwZkoVGkd6yYWM,Noah James,2026-08-31,Glasgow,['Folk/Country'],ticketmaster
1AzZk3FGkdosejk,Jack White,2026-08-31,Belfast,['Rock/Indie'],ticketmaster
1adbZbz09PYZd5CA,The Dead South,2026-08-31,York,['Rock/Indie'],ticketmaster
1kuOv0o9GAuQxki,The Black Keys,2026-08-31,London,['Rock/Indie'],ticketmaster
G5dzZ_khSQFyh,Earl Sweatshirt & MIKE - Home on the Range Tour 2026,2026-08-31,London,['Hip-Hop/Urban'],ticketmaster
G5vHZ_5UMSbtO,Syd: Beard Tour,2026-08-31,Manchester,['Hip-Hop/Urban'],ticketmaster
G5vHZ_5taClWc,YHWH Nailgun,2026-08-31,Nottingham,['Rock/Indie'],ticketmaster
G5vHZ_kIknJnr,Lily Fitts,2026-08-31,Bristol,['Pop'],ticketmaster
41585614,Forbidden Forest 2026,2026-06-04,Grantham,['Electronic/Dance'],skiddle
41643401,Bulletproof Festival 2026,2026-06-04,London,[],skiddle
41392590,Symphonic Ibiza - At The Beach,2026-06-05,Weston Super-Mare,[],skiddle
41997035,AnExperience Festival,2026-06-05,Huntingdon,"['World/Latin/Reggae', 'Electronic/Dance']",skiddle
40660839,Fields of Éire- Irish Music Festival Liverpool 2026,2026-06-05,Liverpool,['Folk/Country'],skiddle
41597036,Could Be Real Tribute Festival 2026 at Harewood House,2026-06-05,Leeds,"['Pop', 'Rock/Indie', 'Unclassified']",skiddle
41604724,'The House & Garage Orchestra' 10th Anniversary,2026-06-05,Maldon,"['Electronic/Dance', 'Retro/Decades']",skiddle
41956352,Mind Expansion Pack 4 at DEYA Brewery,2026-06-05,Cheltenham,['Electronic/Dance'],skiddle
42429830,Vai Brasa - Warm Up,2026-06-05,Manchester,"['Jazz/Blues/Soul', 'Electronic/Dance']",skiddle
41995753,Nottingham's Summer Fiesta 2026 | VAMOS X LA BOMBA | Binks Yard,2026-06-05,Nottingham,"['World/Latin/Reggae', 'Hip-Hop/Urban']",skiddle
41785371,Secret Garden Series Hosted By: TBT & The Hobbit,2026-06-05,Southampton,"['Rock/Indie', 'Metal/Punk']",skiddle
41606954,Pink Party Fest,2026-06-05,Carlisle,[],skiddle
41769679,Summer Fest at the Beach Parking,2026-06-05,Weston Super-Mare,[],skiddle
41951379,SHILDONLIVE Friday night 5th June 2026,2026-06-05,Shildon,"['Electronic/Dance', 'Retro/Decades']",skiddle
42003438,Lewes Music Festival   - LMF,2026-06-05,Lewes,"['World/Latin/Reggae', 'Jazz/Blues/Soul', 'Electronic/Dance', 'Folk/Country']",skiddle
42467381,Try Fest,2026-06-05,Letchworth,"['Pop', 'Unclassified', 'Hip-Hop/Urban', 'Electronic/Dance']",skiddle
42073707,The House and Garage Orchestra - 10th Anniversary,2026-06-05,Maldon,[],skiddle
42142025,Symphonic Ibiza Lewisham,2026-06-05,Beckenham,"['Classical/Orchestral', 'Electronic/Dance']",skiddle
42469376,Chestertons Polo in the Park 2026,2026-06-05,London,[],skiddle
42174088,The Golden Age of Brazilian Music - Live @Hampstead Jazz Club,2026-06-05,Hampstead,"['World/Latin/Reggae', 'Jazz/Blues/Soul', 'Folk/Country']",skiddle
41574784,Tunes in the Dunes,2026-06-05,Perranporth,"['Pop', 'Rock/Indie']",skiddle
41230124,Summer Fest at the Beach,2026-06-06,Weston Super-Mare,"['Pop', 'Rock/Indie', 'Hip-Hop/Urban', 'Electronic/Dance']",skiddle
41450803,Goodlife Festival 2026,2026-06-06,Leeds,"['Jazz/Blues/Soul', 'Electronic/Dance']",skiddle
42260090,Wentworth Balloon Festival,2026-06-06,Rotherham,[],skiddle
41093361,Soultasia - Essex 2026,2026-06-06,Maldon,"['Hip-Hop/Urban', 'Jazz/Blues/Soul', 'Electronic/Dance']",skiddle
41504754,Clubland Live Plymouth,2026-06-06,Plymouth,['Electronic/Dance'],skiddle
41382532,The Music Barn Festival 2026,2026-06-06,Kettering,"['World/Latin/Reggae', 'Hip-Hop/Urban', 'Electronic/Dance']",skiddle
42257054,KOMPND World,2026-06-06,Manchester,"['World/Latin/Reggae', 'Hip-Hop/Urban', 'Electronic/Dance']",skiddle
41622295,Stories In The Park 2026,2026-06-06,Reading,['Electronic/Dance'],skiddle
41956157,Frequency Festival 2026 @ Luna Springs Birmingham,2026-06-06,Birmingham,['Electronic/Dance'],skiddle
41617203,Leeds Tattoo Expo 2026,2026-06-06,Leeds,[],skiddle
41472561,Garage Republic Festival 2026 | SteelYard Sheffield,2026-06-06,Sheffield,"['Hip-Hop/Urban', 'Electronic/Dance']",skiddle
42172495,Clifton (Nottingham) Family Music Festival,2026-06-06,Clifton,"['Pop', 'Rock/Indie']",skiddle
41785926,Secret Garden Series Hosts ANDY C 3 HOUR SET,2026-06-06,Southampton,['Electronic/Dance'],skiddle
42373741,Taste Of Thailand Music And Food Festival,2026-06-06,Southend-On-Sea,"['Non-Music/Other', 'World/Latin/Reggae']",skiddle
41643817,R&B Lovers - Saturday 6th June - Freight Island Manchester,2026-06-06,Manchester,['Hip-Hop/Urban'],skiddle
41736606,Back to the 80's Summer Outdoor Tribute Festival,2026-06-06,Nottingham,['Retro/Decades'],skiddle
42083581,Magic of Thailand Festival in Basingstoke,2026-06-06,Basingstoke,[],skiddle
42335343,Disco Lab x Evoke: Day Trippin W/ Carly Foxx,2026-06-06,Newcastle,['Electronic/Dance'],skiddle
42162652,Shildonlive Saturday,2026-06-06,Shildon,"['Rock/Indie', 'Folk/Country', 'Retro/Decades']",skiddle
42331210,Festival Party,2026-06-06,Liverpool,[],skiddle
41590561,Retro Events present THE BIG RETRO DAY INTO NIGHT RAVE -,2026-06-06,Preston,['Electronic/Dance'],skiddle
41614084,LOADED : Music Festival,2026-06-06,Leicester,"['Rock/Indie', 'World/Latin/Reggae', 'Electronic/Dance', 'Unclassified']",skiddle
42428886,DonnyFest 2026,2026-06-06,Doncaster,"['Rock/Indie', 'Electronic/Dance', 'Folk/Country']",skiddle
41499194,Country Club - Country Music Festival - Margate,2026-06-06,"Margate, Kent",['Folk/Country'],skiddle
42161493,DUNDEE UNDER festival,2026-06-06,Angus,['Electronic/Dance'],skiddle
42161965,London Metal Pride 2026,2026-06-06,London,['Metal/Punk'],skiddle
42145317,Summer Outdoor 80s Tribute Festival - Junkyard Norwich,2026-06-06,Norwich,['Retro/Decades'],skiddle
42352777,Retro Events present THE BIG RETRO DAY INTO NIGHT RAVE,2026-06-06,Preston,"['Electronic/Dance', 'Retro/Decades']",skiddle
42370355,R&B Indoor / Outdoor Terrace Party - Saturday 6th June,2026-06-06,Liverpool,['Hip-Hop/Urban'],skiddle
42129647,MUNRO Festival,2026-06-06,Stockton-On-Tees,"['Rock/Indie', 'Metal/Punk']",skiddle
41643815,R&B Lovers - Saturday 6th June - SOBAR Southampton,2026-06-06,Southampton,['Hip-Hop/Urban'],skiddle
42393648,Girls Like R&B x XOYO London - Sat 6th June,2026-06-06,Camberley,[],skiddle
42427543,Bands in the Park,2026-06-06,Burnley,"['World/Latin/Reggae', 'Retro/Decades']",skiddle
42265939,Comets Crufts - Dog Festival,2026-06-06,Milton Keynes,[],skiddle
42140878,Donny Fest,2026-06-06,Doncaster,['Rock/Indie'],skiddle
42342279,Bouncing Bingo Brunch,2026-06-06,Glasgow,['Electronic/Dance'],skiddle
42260801,Festival of Nature,2026-06-06,Bristol,[],skiddle
42174091,The Golden Age of Brazilian Music - Live @Hampstead Jazz Club,2026-06-06,Hampstead,"['World/Latin/Reggae', 'Jazz/Blues/Soul', 'Folk/Country']",skiddle
42097734,"The Queen's Park Food Festival, Glasgow 2026",2026-06-06,Glasgow,[],skiddle
41999791,Cheese and Chilli Festival,2026-06-06,Winchester,[],skiddle
42464701,Soultasia,2026-06-06,Billericay,['Jazz/Blues/Soul'],skiddle
42147207,Park Rock Lewisham,2026-06-06,Beckenham,"['Pop', 'Rock/Indie', 'Unclassified', 'Metal/Punk']",skiddle
42249435,Batley Bash,2026-06-06,Batley,['Rock/Indie'],skiddle
42323711,RNBLAND - Summer Indoor & Outdoor RnB Day Festival,2026-06-07,Greenwich,['Hip-Hop/Urban'],skiddle
42487407,DUNDEE UNDER Festival,2026-06-07,Angus,[],skiddle
42482521,Summer fest at the beach,2026-06-07,Trowbridge,['Pop'],skiddle
42406841,Baby Blue Folk festival,2026-06-07,Manchester,['Folk/Country'],skiddle
42147223,Sundown Country Festival - Lewisham,2026-06-07,Beckenham,['Folk/Country'],skiddle
42368840,Music Festival,2026-06-09,Salisbury,[],skiddle
42422932,Vodafone at Download Festival,2026-06-10,Derby,"['Pop', 'Rock/Indie', 'Hip-Hop/Urban', 'Electronic/Dance']",skiddle
42405867,Live At Chelsea,2026-06-10,London,"['Pop', 'Rock/Indie']",skiddle
41374342,Download Festival,2026-06-10,Leicestershire,"['Rock/Indie', 'Metal/Punk']",skiddle
42405854,Hampton Court Palace Festival,2026-06-10,Surrey,"['Pop', 'Rock/Indie', 'Jazz/Blues/Soul', 'Electronic/Dance']",skiddle
41095576,GemFest 2026,2026-06-11,Malmesbury,['Electronic/Dance'],skiddle
42247483,Existance Festival,2026-06-11,Tetbury,[],skiddle
41486980,Gottwood,2026-06-11,Holyhead,['Electronic/Dance'],skiddle
42260099,Eden Festival,2026-06-11,Lockerbie,"['Rock/Indie', 'Jazz/Blues/Soul', 'Electronic/Dance', 'Folk/Country']",skiddle
41436862,Orbit Wellbeing Festival 2026,2026-06-11,Nr Cleobury Mortimer,['Electronic/Dance'],skiddle
42098079,Meltdown,2026-06-11,London,"['Pop', 'Rock/Indie', 'Hip-Hop/Urban']",skiddle
41463078,Moovin Festival 2026,2026-06-12,Stockport,"['World/Latin/Reggae', 'Jazz/Blues/Soul', 'Electronic/Dance']",skiddle
42091744,WMF 2026 - Our 20th Anniversary,2026-06-12,Witney,"['Pop', 'Rock/Indie', 'Hip-Hop/Urban', 'Electronic/Dance']",skiddle
41991813,Aitch Live at Abbey Park Leicester 2026,2026-06-12,Leicester,['Hip-Hop/Urban'],skiddle
41612687,Could Be Real Tribute Festival 2026 at Hove Lawns,2026-06-12,Brighton,"['Pop', 'Rock/Indie', 'Unclassified']",skiddle
42098323,"DVOID: The Straikerz, So Juice, The Smiler & More",2026-06-12,Liverpool,['Electronic/Dance'],skiddle
41436782,Rhythm Retreat 2026,2026-06-12,Tamworth,"['World/Latin/Reggae', 'Hip-Hop/Urban', 'Electronic/Dance']",skiddle
41468486,Bands in the Barn 2026 - Live Music & Beer Festival + Camping,2026-06-12,Holmfirth,"['Pop', 'Rock/Indie', 'World/Latin/Reggae', 'Jazz/Blues/Soul']",skiddle
42488708,Could Be Real Tribute Festival 2026 at Hove Lawns,2026-06-12,Hove,"['Rock/Indie', 'Unclassified']",skiddle
41989082,Wellnergy Festival 2026,2026-06-12,Wimbledon,[],skiddle
42467077,J.O.K.E.R presents : JOKERFEST,2026-06-12,Liverpool,['Electronic/Dance'],skiddle
41654374,Belsonic Festival,2026-06-12,Belfast,"['Pop', 'Rock/Indie']",skiddle
42330372,The Zoots performing,2026-06-12,Witney,[],skiddle
41094811,Glorious Day Festival 2026,2026-06-13,Brighton,"['Jazz/Blues/Soul', 'Electronic/Dance']",skiddle
41364340,The Pink Picnic 2026,2026-06-13,Salford,"['Electronic/Dance', 'Non-Music/Other', 'Hip-Hop/Urban', 'Pop', 'Retro/Decades']",skiddle
41342099,The Gathering Festival,2026-06-13,Cleethorpes,['Electronic/Dance'],skiddle
41953368,This Is Bounce UK x Corruption Bounce - The Launch,2026-06-13,Manchester,['Electronic/Dance'],skiddle
41981166,Hybrid Minds : Open Air Birmingham,2026-06-13,Birmingham,['Electronic/Dance'],skiddle
42072116,PubLIFE26,2026-06-13,Chadderton,"['Electronic/Dance', 'Retro/Decades']",skiddle
41778836,WN7 Fest - Leigh Miners,2026-06-13,Leigh,[],skiddle
41301593,Chesterfield Pride 2026,2026-06-13,Chesterfield,"['Pop', 'Non-Music/Other', 'Electronic/Dance', 'Retro/Decades']",skiddle
42321492,Burton Joyce Music Festival (Your ultimate family day out!),2026-06-13,Nottingham,"['Pop', 'Rock/Indie', 'Unclassified']",skiddle
42088249,"Morada Open Air w/ Tommy Phillips, Scott Steer & Ellis Garner",2026-06-13,Cambridgeshire,['Electronic/Dance'],skiddle
42083583,Magic of Thailand Festival in Nottingham,2026-06-13,Nottingham,[],skiddle
41652617,Earlham Park Tribute Festival,2026-06-13,Norwich,"['Pop', 'Rock/Indie', 'Unclassified']",skiddle
41492988,F.O.M.O multi genre music indoor festival World headquarters,2026-06-13,Newcastle Upon Tyne,['Electronic/Dance'],skiddle
41667603,Makemake Brewing Co. Presents: Far Out Festival,2026-06-13,Portsmouth,['Rock/Indie'],skiddle
41988582,Summer Outdoor Garage Festival - Studio 338 London,2026-06-13,London,['Electronic/Dance'],skiddle
42293250,AMP&DECK All Day Bass Fest PT.2,2026-06-13,Huddersfield,"['World/Latin/Reggae', 'Electronic/Dance']",skiddle
41735393,Back To The 90s Outdoor Fest - Saturday 13th June - Binks Yard,2026-06-13,Nottingham,['Retro/Decades'],skiddle
41615419,Impacked 2026,2026-06-13,Bootle,['Rock/Indie'],skiddle
42489374,Burton Joyce Music festival Parking,2026-06-13,Nottingham,[],skiddle
41354755,"Beer, cider, car and car festival",2026-06-13,Old Romney,[],skiddle
42260069,Main St Studios festival,2026-06-13,Coatbridge,[],skiddle
42079446,Snittlife Festival 2026,2026-06-13,Stratford-Upon-Avon,"['Rock/Indie', 'Electronic/Dance']",skiddle
41124314,CotonFest 2026,2026-06-13,Tamworth,"['Rock/Indie', 'Unclassified', 'Electronic/Dance']",skiddle
42370356,Girls Like R&B - Summer Rooftop Party - XOYO Birmingham,2026-06-13,Birmingham,['Hip-Hop/Urban'],skiddle
42083877,70's Day Disco Festival,2026-06-13,Newcastle Upon Tyne,['Electronic/Dance'],skiddle
41579251,Wentfest,2026-06-13,Rotherham,[],skiddle
41997192,Country Roads Fest,2026-06-13,Clacton-On-Sea,"['Pop', 'World/Latin/Reggae', 'Folk/Country']",skiddle
42502488,Glorious Day Festival 2026,2026-06-13,Hove & Brighton,"['Jazz/Blues/Soul', 'Electronic/Dance']",skiddle
42413173,Made in Manchester - Bolton,2026-06-13,Bolton,"['Pop', 'Rock/Indie', 'Unclassified']",skiddle
41641370,World's Edge Fantasy Fayre,2026-06-13,Braintree,"['Rock/Indie', 'Classical/Orchestral', 'Folk/Country', 'Non-Music/Other']",skiddle
41599135,Ilkley Food & Drink Festival 2026: A Riverside Feast,2026-06-13,Ilkley,[],skiddle
42286389,Food and Drink Festival,2026-06-13,Sudbury,[],skiddle
41463629,DJ Spoony presents Garage and R&B Classical,2026-06-14,Leicester,"['Hip-Hop/Urban', 'Electronic/Dance']",skiddle
42172604,Major League DJz Balcony Mix Block Party,2026-06-14,London,"['World/Latin/Reggae', 'Electronic/Dance']",skiddle
42375446,Old Skool Summer BBQ,2026-06-14,Cambridgeshire,['Electronic/Dance'],skiddle
42459690,Farmers' Market,2026-06-14,Fareham,[],skiddle
41596326,Beat-Herder Festival,2026-06-16,"Sawley, Lancashire","['World/Latin/Reggae', 'Electronic/Dance']",skiddle
42151286,3 Lions FREE Fanzone: England vs Croatia,2026-06-17,Liverpool,['Retro/Decades'],skiddle
41312834,Loverocks Classic Rock and Blues Festival IX,2026-06-18,Ferndown,"['Rock/Indie', 'Jazz/Blues/Soul', 'Folk/Country', 'Metal/Punk']",skiddle
41469740,On the Waterfront presents Paul Weller,2026-06-18,Liverpool,"['Rock/Indie', 'Retro/Decades']",skiddle
41493360,Sonic Rock Solstice 2026,2026-06-18,Bromsgrove,"['Rock/Indie', 'Metal/Punk']",skiddle
41395318,Isle of Wight Festival,2026-06-18,Newport,['Rock/Indie'],skiddle
41444063,Beardy Folk Festival,2026-06-18,Nr Ludlow,['Folk/Country'],skiddle
42475524,Towerfest Country Music Festival,2026-06-18,Selby,['Folk/Country'],skiddle
41951089,Leicester Balloon Festival,2026-06-19,Leicester,[],skiddle
41639316,Could Be Real Tribute Festival 2026 at Walton Hall & Gardens,2026-06-19,Warrington,"['Pop', 'Rock/Indie', 'Unclassified']",skiddle
41166481,Silverburn Festival 2026,2026-06-19,Leven,"['Rock/Indie', 'Jazz/Blues/Soul', 'Electronic/Dance', 'Folk/Country']",skiddle
42257570,London Ska and Reggae Festival,2026-06-19,Hainault,['World/Latin/Reggae'],skiddle
42294632,Sheltonbury Festival,2026-06-19,Pontypridd,['Electronic/Dance'],skiddle
42486898,Scotland World Cup Rave,2026-06-19,Dundee,['Electronic/Dance'],skiddle
41469744,On the Waterfront presents Red Rum Club,2026-06-19,Liverpool,['Rock/Indie'],skiddle
42332310,PHASES Casa Nueva X Red Cup,2026-06-19,Nottingham,['Electronic/Dance'],skiddle
42428531,Campfire Country Music Festival,2026-06-19,Newport,['Folk/Country'],skiddle
42476249,Linton Festival,2026-06-19,Linton,"['Rock/Indie', 'Jazz/Blues/Soul']",skiddle
42439204,Unearthed Festival 2026,2026-06-19,Solva,"['World/Latin/Reggae', 'Hip-Hop/Urban', 'Electronic/Dance', 'Folk/Country']",skiddle
41496625,TRNSMT Festival,2026-06-19,Glasgow,"['Pop', 'Rock/Indie']",skiddle
41130014,Daresbury Festival 2026,2026-06-20,Warrington,['Electronic/Dance'],skiddle
41126226,Pepsi MAX presents Parklife Festival 2026,2026-06-20,Manchester,"['Hip-Hop/Urban', 'Electronic/Dance']",skiddle
41991827,SUMMIT Festival // Between The Trees II,2026-06-20,Louth,['Electronic/Dance'],skiddle
41438182,Garage Republic Festival 2026 | Motorpoint Arena,2026-06-20,Nottingham,"['Hip-Hop/Urban', 'Electronic/Dance']",skiddle
41779133,Electric Hills 2026,2026-06-20,Chinnor,"['Pop', 'Rock/Indie', 'Electronic/Dance']",skiddle
41469747,On The Waterfront presents 10 Years of Cream Classical,2026-06-20,Liverpool,['Electronic/Dance'],skiddle
42092346,Word of Mouth The Over 30's FESTIVAL Prosecco & Club Classics,2026-06-20,Stokeontrent,['Electronic/Dance'],skiddle
41487463,Festival In The Den,2026-06-20,Leicester,"['Rock/Indie', 'Pop', 'Unclassified', 'World/Latin/Reggae', 'Retro/Decades']",skiddle
41787855,Country Club - Outdoor Country Music Festival - Birmingham,2026-06-20,Birmingham,['Folk/Country'],skiddle
41791969,Festival On The Green Wolverhampton - Castlecroft,2026-06-20,Wolverhampton,"['Pop', 'Rock/Indie', 'Metal/Punk']",skiddle
42321735,Mansfield Music Festival 2026  (Your ultimate family day out!),2026-06-20,Mansfield,"['Pop', 'Rock/Indie']",skiddle
41654536,Phuture Solstice Sessions,2026-06-20,Wallingford,['Electronic/Dance'],skiddle
41499195,Country Club - Outdoor Country Music Festival - London,2026-06-20,Canning Town,['Folk/Country'],skiddle
42081964,Live In The Yard Music Festival | Binks Yard,2026-06-20,Nottingham,"['Pop', 'Rock/Indie']",skiddle
41472563,Garage Republic Festival 2026 | Project House Leeds,2026-06-20,Leeds,"['Hip-Hop/Urban', 'Electronic/Dance']",skiddle
41499196,Country Club - Country Music Festival - Bristol,2026-06-20,Bristol,['Folk/Country'],skiddle
41926713,Cookout - Summer Outdoor Open-Air Carnival - Manchester,2026-06-20,Manchester,['World/Latin/Reggae'],skiddle
42436117,Groovy Stereo Summer Festival,2026-06-20,Burgess Hill,['Electronic/Dance'],skiddle
42426843,Tik-Tech VIII,2026-06-20,Lincoln,['Electronic/Dance'],skiddle
42159003,Brooksbottom Live Music at The Boundary,2026-06-20,"Summerseat, Bury",[],skiddle
42278168,State of it Pt.4 Containment Weekender!,2026-06-20,Northampton,"['World/Latin/Reggae', 'Electronic/Dance', 'Folk/Country', 'Metal/Punk']",skiddle
42373797,Taste Of Thailand Music And Food Festival,2026-06-20,Sheffield,"['Non-Music/Other', 'World/Latin/Reggae']",skiddle
42166372,Solstice Summerfest 2026!,2026-06-20,Duffield,[],skiddle
42400692,ArranFest2026,2026-06-20,Isle Of Arran,"['Pop', 'Rock/Indie', 'Metal/Punk']",skiddle
42336007,Cross Club Social 2026,2026-06-20,Manchester,"['Pop', 'Electronic/Dance']",skiddle
42489619,Africa Oyé - Offical After Party,2026-06-20,Liverpool,"['World/Latin/Reggae', 'Electronic/Dance']",skiddle
42447901,Summer solstice,2026-06-20,Southport,"['Electronic/Dance', 'Retro/Decades']",skiddle
42342170,RNB MANIA | Motorpoint Arena's R&B Festival!,2026-06-20,Nottingham,"['Hip-Hop/Urban', 'Retro/Decades']",skiddle
41233437,Summer Vibes Edition II,2026-06-20,Houghton-Le-Spring,"['Pop', 'Electronic/Dance', 'Retro/Decades']",skiddle
42322847,Summer Of Love UKG & R&B Summer Outdoor Day Party Cardiff,2026-06-20,Cardiff,"['Hip-Hop/Urban', 'Electronic/Dance']",skiddle
42339980,Mr Shaw Reminisce - 8yr Celebration,2026-06-20,Ambergate,['Electronic/Dance'],skiddle
42253096,Outro Festival 2026,2026-06-20,London,['Electronic/Dance'],skiddle
42267707,The Nest Garage Republic Festival 2026 | Notts County Ground,2026-06-20,Nottingham,"['Hip-Hop/Urban', 'Electronic/Dance']",skiddle
42153604,RnB Mania,2026-06-20,Southampton,['Hip-Hop/Urban'],skiddle
42428537,BeatMasters Outdoor Music Festival,2026-06-20,Newport,[],skiddle
42432602,Leyland Festival,2026-06-20,Leyland,"['Pop', 'Rock/Indie', 'World/Latin/Reggae', 'Electronic/Dance']",skiddle
41996010,Cheese and Chilli Festival,2026-06-20,England,[],skiddle
42449902,SaxoFest,2026-06-20,Wallingford,"['Pop', 'Rock/Indie', 'Jazz/Blues/Soul']",skiddle
42458078,Food Festival,2026-06-20,Emsworth,[],skiddle
42313257,Community Power Festival,2026-06-20,Bootle,[],skiddle
42404772,SaxoFest,2026-06-20,Wallingford,"['Pop', 'Rock/Indie', 'Jazz/Blues/Soul']",skiddle
42414802,KTB & Jus' Dance Present- Groovin' In The Garden,2026-06-20,Petersfield,['Electronic/Dance'],skiddle
42490525,Africa Oye Festival,2026-06-20,Liverpool,['World/Latin/Reggae'],skiddle
42422321,DogFest in the Countryside,2026-06-20,Cheshire,[],skiddle
42285021,The George Harrison Project,2026-06-20,Ipswich,[],skiddle
42462375,Okinawa Day,2026-06-20,London,[],skiddle
42313782,First Light Festival,2026-06-20,Lowestoft,"['Hip-Hop/Urban', 'Jazz/Blues/Soul', 'Electronic/Dance', 'Folk/Country']",skiddle
42434926,Beth Nawr? Festival,2026-06-20,Wales,[],skiddle
42160682,OVER 30's CLUB - Summer Open Air Festival - Shrewsbury,2026-06-20,Shrewsbury,"['Electronic/Dance', 'Retro/Decades']",skiddle
42450017,State of it pt.4 Containment weekender warm up!,2026-06-20,Northampton,"['World/Latin/Reggae', 'Electronic/Dance', 'Metal/Punk']",skiddle
42418759,Killin Music Festival,2026-06-20,Killin,"['Rock/Indie', 'Folk/Country']",skiddle
42260824,Road to Nashville Outdoor Festival | Brighton Seafront,2026-06-21,Brighton,['Folk/Country'],skiddle
41398404,On The Waterfront Presents Snow Patrol,2026-06-21,Liverpool,['Rock/Indie'],skiddle
42158485,Nora En Pure - PURIFIED OPEN AIR [Final Tickets],2026-06-21,London,['Electronic/Dance'],skiddle
42474302,Roots Market,2026-06-21,Birmingham,['World/Latin/Reggae'],skiddle
42428544,We Love it Outdoor Tribute Festival Newport- JUNE 2026,2026-06-21,Newport,[],skiddle
42468131,DAY PARTY LDN - Summer Outdoor Day Party Experience,2026-06-21,Canning Town,[],skiddle
42153145,Girly Pop,2026-06-21,Southampton,['Pop'],skiddle
42373781,Bristol Sounds,2026-06-23,Bristol,"['Pop', 'Hip-Hop/Urban', 'Electronic/Dance']",skiddle
42151288,3 Lions FREE Fanzone: England vs Ghana,2026-06-23,Liverpool,['Retro/Decades'],skiddle
42081450,Empire Of The Sun Ask That God Tour,2026-06-24,London,"['Pop', 'Rock/Indie']",skiddle
41668747,Forest Live - Cannock Chase Forest,2026-06-24,,"['Pop', 'Rock/Indie', 'Hip-Hop/Urban', 'Electronic/Dance']",skiddle
41970857,Replika Festival 2026,2026-06-25,Walton Upon Trent,"['Pop', 'Rock/Indie', 'Unclassified']",skiddle
41172066,Liverpool Soul Weekender 2026,2026-06-25,Liverpool,"['Jazz/Blues/Soul', 'Electronic/Dance']",skiddle
41585836,Morvala Festival of Arts 2026,2026-06-25,Torpoint,"['Rock/Indie', 'Folk/Country']",skiddle
41162497,Symphonic Ibiza - KNOWLE - Friday 26th June 2026,2026-06-26,Solihull,[],skiddle
42138323,"OVERMONO, GIGGS & MORE| Boiler Room: Nottingham at Colwick Park",2026-06-26,Nottingham,"['Hip-Hop/Urban', 'Electronic/Dance']",skiddle
42330638,The Bootleg Beatles | Central Park Brighton Seafront,2026-06-26,Brighton,['Rock/Indie'],skiddle
41321129,Open Arms Fest,2026-06-26,Fordingbridge,['Electronic/Dance'],skiddle
41355009,Humber View Tribute Festival 2026,2026-06-26,Hull,"['Pop', 'Rock/Indie', 'Unclassified', 'Retro/Decades']",skiddle
42323636,"Ibiza Anthems With Judge Jules, Scott Bond & Leonie",2026-06-26,Ilkeston,['Electronic/Dance'],skiddle
41377461,Shirley's Summer Sesh Friday,2026-06-26,Ballymoney,['Electronic/Dance'],skiddle
41499453,Grass Roots Grazin' 2026,2026-06-26,Salisbury,"['Rock/Indie', 'Folk/Country', 'Metal/Punk']",skiddle
42456424,Oundle Fringe Festival,2026-06-26,Oundle,"['Rock/Indie', 'Jazz/Blues/Soul', 'Classical/Orchestral', 'Folk/Country']",skiddle
42141423,Granite City Festival presents Source Festival,2026-06-26,Aberdeen,['Electronic/Dance'],skiddle
41387444,Heartland Festival,2026-06-26,Pitlochry,"['Rock/Indie', 'Folk/Country']",skiddle
42147549,Grass Roots Grazin',2026-06-26,Salisbury,[],skiddle
41595240,Reyt Fest,2026-06-26,Rotherham,"['Rock/Indie', 'Metal/Punk']",skiddle
41602012,State Fayre Festival,2026-06-26,Chelmsford,"['Rock/Indie', 'Folk/Country']",skiddle
42249429,Expansivefest,2026-06-26,Braunton,['Electronic/Dance'],skiddle
41353164,Outbreak Fest,2026-06-26,Manchester,"['Rock/Indie', 'Metal/Punk']",skiddle
41129870,Restricted Forest 2026,2026-06-27,Liverpool,"['Electronic/Dance', 'Retro/Decades']",skiddle
41476993,"Rum & Reggae Fest| Colwick Park, Nottingham LAST 300 TICKETS",2026-06-27,Nottingham,"['World/Latin/Reggae', 'Electronic/Dance']",skiddle
41267683,Granite City Festival 2026,2026-06-27,Aberdeen,['Electronic/Dance'],skiddle
41162459,Knowle Party In The Park 2026,2026-06-27,Solihull,[],skiddle
41235747,Cafe Mambo Ibiza Classics in the Park 2026,2026-06-27,Hull,['Electronic/Dance'],skiddle
42088734,Northampton Saints Music Festival 2026,2026-06-27,Northampton,[],skiddle
41998789,Junction 42,2026-06-27,Norwich,"['Hip-Hop/Urban', 'Electronic/Dance']",skiddle
42323624,Ilkeston Music Festival,2026-06-27,Ilkeston,"['Rock/Indie', 'Electronic/Dance', 'Folk/Country']",skiddle
42146841,Anyma presents ÆDEN,2026-06-27,London,[],skiddle
42088381,Voodoo Festival 2026,2026-06-27,Chichester,['Electronic/Dance'],skiddle
42270598,Jungle Cakes Beach Festival Newquay 2026,2026-06-27,Newquay,['Electronic/Dance'],skiddle
41490999,"Rum & Reggae Fest Jungle Takeover 2026| Colwick Park, Nottingham",2026-06-27,Nottingham,"['World/Latin/Reggae', 'Electronic/Dance']",skiddle
42083714,Warwick Thai Festival,2026-06-27,Warwick,[],skiddle
42290932,Jungle Cakes Beach Festival - Exmouth,2026-06-27,Exmouth,['Electronic/Dance'],skiddle
41626761,"DJ SAMMY & MORE | Love the 90s Festival | Project House, Leeds",2026-06-27,Leeds,['Retro/Decades'],skiddle
42171684,Stringz Fest,2026-06-27,Upminster,['Electronic/Dance'],skiddle
41468310,SoundScape 2026,2026-06-27,Bishop Auckland,['Electronic/Dance'],skiddle
41377463,Shirley's Summer Sesh Saturday,2026-06-27,Ballymoney,"['Rock/Indie', 'Folk/Country']",skiddle
41773335,Front Row Festival,2026-06-27,Bicester,[],skiddle
42487744,Sundown Social Presents- England Vs Panama screening,2026-06-27,Birmingham,[],skiddle
41643617,Kings Hill Music Festival 2026,2026-06-27,West Malling,"['Pop', 'Rock/Indie', 'World/Latin/Reggae', 'Jazz/Blues/Soul']",skiddle
42405075,England vs Panama @ BallPoint Sports Bar,2026-06-27,Telford,[],skiddle
41499199,Country Club - Outdoor Country Music Festival - Birmingham,2026-06-27,Birmingham,['Folk/Country'],skiddle
42455588,Novella,2026-06-27,Merthyr Tydfil,"['Hip-Hop/Urban', 'Electronic/Dance']",skiddle
41499172,Sheffield Soul Fest,2026-06-27,Sheffield,"['Jazz/Blues/Soul', 'Electronic/Dance']",skiddle
42093838,Reggae Ondi Farm Festival 2026,2026-06-27,Ripley,['World/Latin/Reggae'],skiddle
42256727,Secret Garden Series Hosted by Summer Solstice,2026-06-27,Southampton,['Electronic/Dance'],skiddle
42443328,Summer Solstice,2026-06-27,Stirling,[],skiddle
42436105,Summer Outdoor Garage Festival - The Hobbit Southampton,2026-06-27,Southampton,['Electronic/Dance'],skiddle
42263202,London Mahotsav,2026-06-27,Harrow,[],skiddle
42475501,M PRESENTS : Open Air Day Party + Indoor After Party,2026-06-27,Bewdley,['Electronic/Dance'],skiddle
41170815,Goodlife Festival 2026,2026-06-27,Leeds,"['Jazz/Blues/Soul', 'Electronic/Dance']",skiddle
42147618,3 Lions FREE Fanzone: WORLD CUP FINAL,2026-06-27,Liverpool,['Retro/Decades'],skiddle
42488633,Proms by The Lake,2026-06-27,Camberley,[],skiddle
42498228,British Summer Time,2026-06-27,St Neots,"['Pop', 'Rock/Indie', 'Folk/Country']",skiddle
41602006,The Harrogate Food and Drink Festival 2026: A Feast on The Stray,2026-06-27,Harrogate,[],skiddle
42333451,Youth Beatz 2026,2026-06-27,Dumfries,['Pop'],skiddle
42342044,CLUB 80s,2026-06-27,Glasgow,['Electronic/Dance'],skiddle
42420615,51st Festival Riverside Sessions,2026-06-27,Barking,['Electronic/Dance'],skiddle
41747373,Rockprest Tribute Festival,2026-06-27,Preston,"['Rock/Indie', 'Metal/Punk']",skiddle
42246535,Blackbird Festival,2026-06-27,Cardiff,['Rock/Indie'],skiddle
42412955,Ella Street Festival 2026,2026-06-27,Hull,[],skiddle
42505137,Blenheim Palace Festival,2026-06-27,Woodstock,"['Pop', 'Rock/Indie', 'Electronic/Dance']",skiddle
42418158,Summer Sounds Festival Wigan 2026,2026-06-27,Wigan,[],skiddle
42246592,SMK Live,2026-06-27,Milton Keynes,"['Pop', 'Hip-Hop/Urban', 'Electronic/Dance']",skiddle
42146962,Anyma presents ÆDEN,2026-06-28,London,[],skiddle
42171287,Continental GT Steppers London @ studio 338,2026-06-28,Greenwich,['Electronic/Dance'],skiddle
42323634,Ilkeston Country Music Festival,2026-06-28,Ilkeston,['Folk/Country'],skiddle
42516994,Beehive Ldn Summer Day Party,2026-06-28,Barking,['Electronic/Dance'],skiddle
42565892,England V Dr Congo Family Fanzone,2026-07-01,Middlesbrough,[],skiddle
41395123,Lytham Festival,2026-07-01,Lancashire,"['Pop', 'Rock/Indie']",skiddle
41177676,The Brit Fest 2026,2026-07-02,Manchester,"['Pop', 'Rock/Indie']",skiddle
41471319,Tributes on the Hill 2026,2026-07-02,Frodsham,"['Rock/Indie', 'Unclassified', 'Retro/Decades']",skiddle
41572996,Westival 2026,2026-07-02,Tenby,['Electronic/Dance'],skiddle
42084724,Kelburn Garden Party,2026-07-02,Largs,[],skiddle
42374166,Stendhal Festival,2026-07-02,Limavady,"['Rock/Indie', 'Folk/Country']",skiddle
42415077,Immunity Festival 2026! Crediton,2026-07-02,Crediton,"['World/Latin/Reggae', 'Electronic/Dance']",skiddle
42415515,Minety Music Festival 2026,2026-07-02,Malmesbury,"['Rock/Indie', 'Jazz/Blues/Soul', 'Electronic/Dance', 'Folk/Country']",skiddle
42300664,Gate To Southwell Festival,2026-07-02,Newark,['Folk/Country'],skiddle
41956332,Swindon Balloon Festival,2026-07-03,Swindon,[],skiddle
41997647,Faithless LIVE | Manchester,2026-07-03,Manchester,['Electronic/Dance'],skiddle
41619018,Above & Beyond | Silverworks Island [Enter via Custom House],2026-07-03,London,['Electronic/Dance'],skiddle
42094267,ECLIPSE - Windsor Racecourse,2026-07-03,Windsor,"['Hip-Hop/Urban', 'Jazz/Blues/Soul', 'Electronic/Dance']",skiddle
41580629,Clubland Live at The Abbey Nottingham,2026-07-03,Ravenshead,['Electronic/Dance'],skiddle
42138242,Ministry Of Sound Classical - Live at Rochester Castle,2026-07-03,Kent,[],skiddle
41663992,The Skegness Reggae & Ska Festival 2026,2026-07-03,Skegness,['World/Latin/Reggae'],skiddle
41580632,Ravers Reunited Live At The Abbey Nottingham,2026-07-03,Ravenshead,['Electronic/Dance'],skiddle
41981597,Secret Garden Series Hosted By: Warehouse Events,2026-07-03,Southampton,['Electronic/Dance'],skiddle
41284236,BACK2HOUSE -The House across the Decades Festival Weekender 2026,2026-07-03,Bewdley,"['World/Latin/Reggae', 'Jazz/Blues/Soul', 'Electronic/Dance']",skiddle
41386379,Rivendell Festival 2026,2026-07-03,Workington,[],skiddle
42005594,East Devon Soul Festival,2026-07-03,Seaton,"['World/Latin/Reggae', 'Hip-Hop/Urban', 'Jazz/Blues/Soul', 'Electronic/Dance']",skiddle
42517293,The Totally 80s Festival,2026-07-03,Swansea,['Pop'],skiddle
42352287,AlderFest 2026,2026-07-03,Whitchurch,"['Pop', 'Electronic/Dance']",skiddle
41589886,The Kooks Inside In / Inside Out 20th Anniversary,2026-07-03,Bedford,"['Rock/Indie', 'Retro/Decades', 'Metal/Punk']",skiddle
42004208,Camping bookings for Back2house Festival @ Pinewood Retreat,2026-07-03,Bewdley,"['World/Latin/Reggae', 'Electronic/Dance']",skiddle
42513132,Doonfest,2026-07-03,Dalrymple,"['Rock/Indie', 'World/Latin/Reggae', 'Folk/Country']",skiddle
42308303,Love Supreme Jazz Festival,2026-07-03,Lewes,['Jazz/Blues/Soul'],skiddle
41340593,Bradford Literature Festival,2026-07-03,Bradford,[],skiddle
41769740,WOMAD Glasgow,2026-07-03,Glasgow,"['Pop', 'World/Latin/Reggae', 'Jazz/Blues/Soul', 'Folk/Country']",skiddle
42085976,Symphonic Ibiza Brighton,2026-07-03,Brighton,"['Classical/Orchestral', 'Electronic/Dance']",skiddle
42405280,Maverick Festival,2026-07-03,"Woodbridge, Suffolk",['Folk/Country'],skiddle
42134400,Todd in the Hole Festival,2026-07-03,Stevenage,"['Pop', 'Rock/Indie']",skiddle
41975667,Shirebrook VW weekender,2026-07-03,Mansfield,[],skiddle
42491712,AlderFest,2026-07-03,Whitchurch,"['Pop', 'Electronic/Dance', 'Retro/Decades']",skiddle
41367452,Roundhay Festival,2026-07-03,Leeds,['Pop'],skiddle
41353918,Halo Festival,2026-07-04,Ipswich,"['Pop', 'Rock/Indie', 'Electronic/Dance']",skiddle
41217328,doof in the Park 2026,2026-07-04,Dundee,['Electronic/Dance'],skiddle
42141574,Bristol Tattoo Convention 2026 - 10th Anniversary,2026-07-04,Bristol,"['Rock/Indie', 'Electronic/Dance', 'Folk/Country']",skiddle
41950621,Clubland & Logic In The Park Swansea,2026-07-04,Swansea,['Electronic/Dance'],skiddle
41991581,Craig David Presents TS5 | Manchester,2026-07-04,Manchester,"['Pop', 'Hip-Hop/Urban', 'Electronic/Dance']",skiddle
41199757,Wonderland Festival 2026,2026-07-04,Nottingham,['Electronic/Dance'],skiddle
42286814,Rum & Reggae Fest | Central Park Brighton Seafront,2026-07-04,Brighton,"['World/Latin/Reggae', 'Unclassified', 'Electronic/Dance']",skiddle
41350846,Celestry 2026,2026-07-04,Windsor,['Electronic/Dance'],skiddle
41487223,"Rum & Reggae 2026 | SteelYard, Sheffield",2026-07-04,Sheffield,"['World/Latin/Reggae', 'Jazz/Blues/Soul', 'Electronic/Dance']",skiddle
42491728,Open Air Festival,2026-07-04,Greenwich,[],skiddle
42273923,Word of Mouth The Over 30's Day Club Open Air Festival,2026-07-04,Birmingham,['Electronic/Dance'],skiddle
41935780,Romstock Festival 2026,2026-07-04,Romsley,[],skiddle
42326268,Summer Shutdown,2026-07-04,Manchester,['Electronic/Dance'],skiddle
41978770,Crickfest 2026,2026-07-04,Mold,"['Pop', 'Rock/Indie', 'Electronic/Dance']",skiddle
41911503,DOUGIE POYNTER & MORE | Pop Republic Fest | Binks Yard,2026-07-04,Nottingham,"['Pop', 'Retro/Decades']",skiddle
42321634,Wilford Music Festival (Your ultimate family day out!),2026-07-04,Nottingham,"['Pop', 'Rock/Indie', 'Unclassified']",skiddle
42098400,ELEV8 : OPEN AIR All Day Festival,2026-07-04,Nuneaton,['Electronic/Dance'],skiddle
42162188,Love Ibiza Classics,2026-07-04,Rugby,['Electronic/Dance'],skiddle
41386603,Nashville Days 2026 - Leicestershire Country Music Festival,2026-07-04,Leicester,"['Pop', 'Folk/Country']",skiddle
41949662,West Fest 26,2026-07-04,Hartlepool,[],skiddle
41638730,The Cambridge Dance Festival 2026,2026-07-04,Cambridge,['Electronic/Dance'],skiddle
41499201,Country Club - Outdoor Country Music Festival - Norwich,2026-07-04,Norwich,['Folk/Country'],skiddle
41589773,Labyrinth Open Air: Sasha & John Digweed (6 hour set),2026-07-04,Bedford,['Electronic/Dance'],skiddle
42436098,Glassonbury,2026-07-04,Maryport,[],skiddle
42142458,R&B Outdoor Terrace Party - Saturday 4th July - Invisible Wind,2026-07-04,Liverpool,['Hip-Hop/Urban'],skiddle
42560893,First year Rodeos Fest,2026-07-04,Birmingham,[],skiddle
42282554,First Year Rodeo's Fest,2026-07-04,Birmingham,['Folk/Country'],skiddle
42257053,RNB MANIA | Newcastle's R&B Festival,2026-07-04,Newcastle Upon Tyne,"['Hip-Hop/Urban', 'Retro/Decades']",skiddle
42502439,SOCA Paradise,2026-07-04,Northampton,['World/Latin/Reggae'],skiddle
42573667,DAY PARTY BRIXTON - Summer Rooftop Day Party,2026-07-04,London,[],skiddle
42487110,Summer Scream Tattoo Bash After Party!,2026-07-04,Tamworth,['Electronic/Dance'],skiddle
42162760,"Small Town, Big Music '26",2026-07-04,Almondsbury,"['Pop', 'Jazz/Blues/Soul', 'Folk/Country']",skiddle
41625949,Pagan Fellowship Festival,2026-07-04,Glasgow,[],skiddle
42260058,"Only Bounce ""day & night""",2026-07-04,Bolton,['Electronic/Dance'],skiddle
42364164,R&B With Me - Summer Opening Party,2026-07-04,Canterbury,"['World/Latin/Reggae', 'Hip-Hop/Urban', 'Jazz/Blues/Soul', 'Electronic/Dance']",skiddle
41472301,RevsFest,2026-07-04,Paignton,"['Rock/Indie', 'Electronic/Dance', 'Folk/Country']",skiddle
41499200,Country Club -  Country Music Festival - Brighton,2026-07-04,Brighton,['Folk/Country'],skiddle
42410881,Flavours of Yorkshire,2026-07-04,Pickering,[],skiddle
42141627,POSHFUNK - Summer Garden Party,2026-07-04,Brentwood,['Electronic/Dance'],skiddle
42418077,S.O.J fest,2026-07-04,Derby,[],skiddle
41956371,Rulebreakerz & Friendz Fest,2026-07-04,Clacton-On-Sea,['Electronic/Dance'],skiddle
42459256,American Chaos 4th July Festival,2026-07-04,Merthyr Tydfil,[],skiddle
42249514,Long Eaton Music Festival,2026-07-04,Nottingham,"['Rock/Indie', 'Folk/Country', 'Metal/Punk']",skiddle
41623391,Paisley Alive Festival 2026,2026-07-04,Paisley,"['Pop', 'Jazz/Blues/Soul', 'Electronic/Dance', 'Folk/Country']",skiddle
42410706,Soul Festival,2026-07-04,England,[],skiddle
42468219,Soul Festival,2026-07-04,England,[],skiddle
42263769,Womanifest,2026-07-04,Oakmere,[],skiddle
41496375,The All American Tribute Fest,2026-07-04,West Midlands,['Folk/Country'],skiddle
42459260,MIST Presents... THE DEEP END,2026-07-04,Liverpool,['Rock/Indie'],skiddle
41340594,Bradford Literature Festival,2026-07-04,Bradford,[],skiddle
42091752,Park Rock Brighton 2026,2026-07-04,Brighton,"['Pop', 'Rock/Indie', 'Unclassified']",skiddle
42260781,Guilfest,2026-07-04,Guildford,"['Pop', 'Rock/Indie']",skiddle
42285937,The George Harrison Project,2026-07-04,Leicester,[],skiddle
41608035,WAH In The City | Silverworks Island [Enter via Custom House],2026-07-05,London,['Electronic/Dance'],skiddle
41989084,Electric Heart Manchester,2026-07-05,Manchester,['Rock/Indie'],skiddle
42412516,Generations Festival,2026-07-05,Windsor,[],skiddle
42289175,Rob Lamberti presents: George Michael | Central Park Brighton,2026-07-05,Brighton,"['Pop', 'Retro/Decades']",skiddle
42174830,Continental GT Steppers London @ studio 338,2026-07-05,Greenwich,['Electronic/Dance'],skiddle
41601917,Could Be Real Tribute Festival 2026 at Newstead Abbey,2026-07-05,Nottingham,"['Pop', 'Rock/Indie']",skiddle
42090512,Shirley Social - Sunday 5th July,2026-07-05,Shirley,[],skiddle
42487057,The Vibe Day Party - Freight Brixton,2026-07-05,London,[],skiddle
41340595,Bradford Literature Festival,2026-07-05,Bradford,[],skiddle
42436989,South Norwood Community Festival Croydon,2026-07-05,London,"['Rock/Indie', 'World/Latin/Reggae', 'Jazz/Blues/Soul']",skiddle
42003459,Sundown Country Festival - Brighton,2026-07-05,Brighton,['Folk/Country'],skiddle
41340596,Bradford Literature Festival,2026-07-06,Bradford,[],skiddle
41340597,Bradford Literature Festival,2026-07-07,Bradford,[],skiddle
41371758,In the Park Newcastle presents Lewis Capaldi - 8th July,2026-07-08,Newcastle Upon Tyne,"['Pop', 'Rock/Indie']",skiddle
41340598,Bradford Literature Festival,2026-07-08,Bradford,[],skiddle
41236901,2000trees Festival,2026-07-08,Cheltenham,['Rock/Indie'],skiddle
41993720,Bredy Reunion,2026-07-09,Bridport,"['Hip-Hop/Urban', 'Electronic/Dance']",skiddle
41340599,Bradford Literature Festival,2026-07-09,Bradford,[],skiddle
42581709,Eskfest,2026-07-09,Eskdale Valley,"['Rock/Indie', 'Electronic/Dance', 'Folk/Country']",skiddle
42310345,Gosport Sunset Festival 2026,2026-07-09,Gosport,"['Pop', 'Rock/Indie']",skiddle
42175620,Into the Woods festival 2026,2026-07-10,Monmouthshire,['Electronic/Dance'],skiddle
42404814,90s & 00s Nation Summer Fest,2026-07-10,London,"['Hip-Hop/Urban', 'Electronic/Dance']",skiddle
42252003,Shut The Funk Up,2026-07-10,Cobham,[],skiddle
42360926,90s Fest 2026,2026-07-10,Sheffield,"['World/Latin/Reggae', 'Electronic/Dance']",skiddle
41276278,Rock the Castle - Weekender,2026-07-10,Flint,"['Rock/Indie', 'Classical/Orchestral', 'Folk/Country']",skiddle
42321445,"Hopfest 2026 - Preston Grasshoppers Beer, Gin and Music Festival",2026-07-10,Preston,[],skiddle
42292592,Cheadle Carnival Presents Dance Fest!,2026-07-10,Cheadle,['Electronic/Dance'],skiddle
41997658,Secret Garden Series with Chicane,2026-07-10,Southampton,['Electronic/Dance'],skiddle
41465024,In the Park Newcastle presents Paul Weller,2026-07-10,Newcastle Upon Tyne,[],skiddle
41985149,Sound Factory Festival,2026-07-10,Plymouth,"['Rock/Indie', 'Folk/Country']",skiddle
41906852,District 11,2026-07-10,Alfreton,['Electronic/Dance'],skiddle
41735457,Mario Bakuna Band - Live @Buxton International Festival 2026,2026-07-10,Buxton,"['World/Latin/Reggae', 'Jazz/Blues/Soul', 'Folk/Country']",skiddle
42246677,Tiree Music Festival,2026-07-10,Argyle And Bute,"['Rock/Indie', 'Folk/Country']",skiddle
41340600,Bradford Literature Festival,2026-07-10,Bradford,[],skiddle
42406828,Freerotation,2026-07-10,Hay-On-Wye,['Electronic/Dance'],skiddle
42476311,"Mostly Jazz, Funk and Soul Festival",2026-07-10,Birmingham,['Jazz/Blues/Soul'],skiddle
41228708,Boogietown 2026,2026-07-11,Walton-On-Thames,"['Jazz/Blues/Soul', 'Electronic/Dance']",skiddle
41280724,Lost Minds,2026-07-11,Newcastle Upon Tyne,['Electronic/Dance'],skiddle
41574772,Essex Summer Fest,2026-07-11,Hornchurch,"['Pop', 'Unclassified', 'Jazz/Blues/Soul', 'Retro/Decades']",skiddle
41946216,Summer Sound Music Festival,2026-07-11,Guisborough,"['Pop', 'Rock/Indie', 'Unclassified', 'Retro/Decades']",skiddle
41295434,Hits On The Pitch 2026,2026-07-11,Cheadle Hulme,[],skiddle
41993057,Fisher 2026 | Silverworks Island,2026-07-11,London,['Electronic/Dance'],skiddle
41230076,Alsager Music Festival 2026,2026-07-11,Alsager,"['Rock/Indie', 'Electronic/Dance', 'Unclassified', 'Jazz/Blues/Soul', 'Folk/Country']",skiddle
41131972,Livefields Festival 2026,2026-07-11,Birstall,"['Pop', 'Rock/Indie', 'Electronic/Dance', 'Retro/Decades']",skiddle
41230042,Kaleidoscope Festival 2026,2026-07-11,London,"['Rock/Indie', 'Hip-Hop/Urban', 'Electronic/Dance']",skiddle
42368848,Derby Music Festival 2026  - A Great Family Day Out!,2026-07-11,Derby,"['Pop', 'Rock/Indie']",skiddle
42084780,"CLAIRE RICHARDS, LOUISE & MORE| Love the 90s Festival |Dreamland",2026-07-11,"Margate, Kent",['Retro/Decades'],skiddle
42452649,Analog & House Emporium 'SUMMER OUTDOOR ALL DAYER',2026-07-11,Farnham,['Electronic/Dance'],skiddle
41480076,Road to Nashville Outdoor Festival | Project House | SOLD OUT,2026-07-11,Leeds,['Folk/Country'],skiddle
42437467,D-Fest 2026,2026-07-11,Killay,"['Rock/Indie', 'Unclassified', 'Electronic/Dance', 'Folk/Country']",skiddle
42262246,WN30 - Wigan Reunion (30+ Event),2026-07-11,Wigan,['Electronic/Dance'],skiddle
42083585,Southsea Thai Food and Craft Festival,2026-07-11,Portsmouth,[],skiddle
42373890,Taste Of Thailand Music And Food Festival,2026-07-11,Runcorn,"['Non-Music/Other', 'World/Latin/Reggae']",skiddle
41638717,Dance at the Billy '26,2026-07-11,Bristol,['Electronic/Dance'],skiddle
42459262,Country Nights Country Hoedown 2026. Live Music & Line Dancing,2026-07-11,"Woodbridge, Suffolk","['Unclassified', 'Folk/Country']",skiddle
42485818,SOLACE. Golden Hours Into After Dark // PART TWO,2026-07-11,Luton,['Electronic/Dance'],skiddle
42139815,Beer & Cider Summer Festival,2026-07-11,Birmingham,[],skiddle
42362072,Shinefest,2026-07-11,Glasgow,"['Rock/Indie', 'Metal/Punk']",skiddle
42582142,Derby Music Festival 2026 - Parking,2026-07-11,Derby,[],skiddle
42296597,Hubble Bubble Sound Bazar Festival,2026-07-11,Manchester,"['Rock/Indie', 'World/Latin/Reggae', 'Electronic/Dance', 'Folk/Country']",skiddle
42323767,Inn Fest 2026,2026-07-11,North Thoresby,[],skiddle
42585517,PROJEKT- ENGLAND VS NORWAY FROM 9pm *FREE ENTRY TO PROJEKT AFTER,2026-07-11,Leeds,[],skiddle
42580472,Love Afrobeats & Bashment :: Rooftop Day Party,2026-07-11,London,"['World/Latin/Reggae', 'Hip-Hop/Urban', 'Electronic/Dance']",skiddle
42139112,Hartbeat Music Festival VIP Area,2026-07-11,Hertford,[],skiddle
42277231,Moor Fest,2026-07-11,Bradford,"['Pop', 'Rock/Indie', 'World/Latin/Reggae', 'Folk/Country']",skiddle
42140881,FixFest,2026-07-11,Northampton,[],skiddle
41748259,Festwich Tribute Festival,2026-07-11,Manchester,"['Rock/Indie', 'Metal/Punk']",skiddle
41340601,Bradford Literature Festival,2026-07-11,Bradford,[],skiddle
42171066,Tiësto 2026 | Silverworks Island,2026-07-12,London,['Electronic/Dance'],skiddle
42284682,Electric Heart Surrey,2026-07-12,Walton-On-Thames,['Rock/Indie'],skiddle
42081204,"GirlyPop X K-Pop Festival | Dreamland, Margate",2026-07-12,"Margate, Kent","['Pop', 'Rock/Indie', 'Unclassified']",skiddle
42266757,Allday Indie Summer Outdoor Beach Festival - Brighton,2026-07-12,Brighton,['Rock/Indie'],skiddle
41610873,In the Park Newcastle presents Wolf Alice,2026-07-12,Newcastle Upon Tyne,['Rock/Indie'],skiddle
42145569,Angel Fest 26,2026-07-12,Leeds,['Electronic/Dance'],skiddle
41340602,Bradford Literature Festival,2026-07-12,Bradford,[],skiddle
42289211,On The Beach 2026: Thursday- Fatboy Slim,2026-07-16,Brighton,['Electronic/Dance'],skiddle
41379931,HebCelt 2026,2026-07-16,Isle Of Lewis,"['Rock/Indie', 'World/Latin/Reggae', 'Folk/Country']",skiddle
41985806,Prog For Peart - The 6th year,2026-07-16,Abingdon,['Rock/Indie'],skiddle
42447925,The Wild Gardens Festival,2026-07-16,England,['Electronic/Dance'],skiddle
42517620,Beat-Herder Festival,2026-07-16,"Sawley, Lancashire","['World/Latin/Reggae', 'Electronic/Dance']",skiddle
42292691,The Searchers and Hollies Experience,2026-07-16,Grantham,[],skiddle
41471324,On The Beach 2026: Friday - Fatboy Slim,2026-07-17,Brighton,['Electronic/Dance'],skiddle
41262362,Maid of Stone 2026,2026-07-17,"Maidstone, Kent","['Rock/Indie', 'Jazz/Blues/Soul', 'Metal/Punk']",skiddle
41271600,Craic by the Creek 2026,2026-07-17,Stockport,"['Pop', 'World/Latin/Reggae', 'Folk/Country']",skiddle
41287075,Back Doune The Rabbit Hole 2026,2026-07-17,Port Of Menteith,"['Rock/Indie', 'Electronic/Dance', 'Folk/Country']",skiddle
41591825,Fields Of Gold Summer Festival 2026,2026-07-17,Ashton-Under-Lyne,"['Rock/Indie', 'Unclassified']",skiddle
42082575,Sunset Groove Festival 2026,2026-07-17,Scunthorpe,['Electronic/Dance'],skiddle
42268711,Wytwoods Festival,2026-07-17,Newport,['Electronic/Dance'],skiddle
41391580,Lost Groove Festival 2026,2026-07-17,Monxton,['Electronic/Dance'],skiddle
42428560,Campfire Country Music Festival,2026-07-17,Malmesbury,['Folk/Country'],skiddle
42339843,Foodies Festival 2026 - Winchester,2026-07-17,"Winchester,",['Pop'],skiddle
41363152,Rock n Ribs Festival,2026-07-17,Shepton Mallet,"['Rock/Indie', 'Folk/Country']",skiddle
42436379,Dornoch Music Festival,2026-07-17,Dornoch,"['Pop', 'Rock/Indie', 'Folk/Country']",skiddle
41495623,Ventnor Fringe,2026-07-17,Ventnor,[],skiddle
42406417,Nozstock The Hidden Valley,2026-07-17,Herefordshire,"['Rock/Indie', 'World/Latin/Reggae', 'Electronic/Dance', 'Folk/Country']",skiddle
42245980,Christchurch Music Festival,2026-07-17,Christchurch,"['Pop', 'Unclassified', 'Jazz/Blues/Soul', 'Folk/Country']",skiddle
41471330,On The Beach 2026:  Saturday - Fatboy Slim,2026-07-18,Brighton,['Electronic/Dance'],skiddle
41230053,Solihull Summer Fest 2026,2026-07-18,Solihull,"['Pop', 'Electronic/Dance', 'Retro/Decades']",skiddle
42362070,Bassfest Summer Festival 2026,2026-07-18,Sheffield,['Electronic/Dance'],skiddle
41269189,As One in the Park 2026,2026-07-18,London,[],skiddle
42081910,Soul Disco Society,2026-07-18,Lichfield,['Electronic/Dance'],skiddle
41486025,"Rum & Reggae 2026 | The Prospect Building, Bristol",2026-07-18,Bristol,"['World/Latin/Reggae', 'Classical/Orchestral']",skiddle
41572921,Priory Live Festival,2026-07-18,"Orpington, Greater L",['Rock/Indie'],skiddle
42368854,Northampton Big Family Day Out,2026-07-18,Northampton,"['Pop', 'Rock/Indie']",skiddle
41988577,Girls Like R&B x Binks Yard Nottingham,2026-07-18,Nottingham,['Hip-Hop/Urban'],skiddle
42123644,Tribute On The Hill 2026,2026-07-18,West Malling,"['Pop', 'Rock/Indie', 'World/Latin/Reggae']",skiddle
41948017,"DOUGIE POYNTER & MORE | Pop Republic Fest | SteelYard, Sheffield",2026-07-18,Sheffield,"['Pop', 'Retro/Decades']",skiddle
42321491,AllDay Musicals - Sat 18th July - Freight island - Manchester,2026-07-18,Manchester,[],skiddle
42495245,Hopskotch Summer Series: Part II,2026-07-18,"Longton, Stoke-On-Tr",['Electronic/Dance'],skiddle
42568033,One Day In The Park [25 Years of Melting Pot],2026-07-18,Glasgow,"['Jazz/Blues/Soul', 'Electronic/Dance']",skiddle
42437482,The Ship Open Air,2026-07-18,Chelmsford,['Electronic/Dance'],skiddle
42487592,Day Fever Summer Music Event Abercynon RFC,2026-07-18,Mountain Ash,"['Electronic/Dance', 'Retro/Decades']",skiddle
42373651,Taste Of Thailand Music And Food Festival,2026-07-18,Wolverhampton,"['Non-Music/Other', 'World/Latin/Reggae']",skiddle
42487569,Grime Day Festival,2026-07-18,Birmingham,"['World/Latin/Reggae', 'Hip-Hop/Urban', 'Electronic/Dance']",skiddle
42412996,Silverburn Streetfood Festival SSFF,2026-07-18,Leven,['Rock/Indie'],skiddle
42322850,Summer Of Love UKG & R&B Summer Outdoor Day Party Cardiff,2026-07-18,Cardiff,"['World/Latin/Reggae', 'Hip-Hop/Urban', 'Electronic/Dance']",skiddle
42434833,R&B Lovers -  Summer Outdoor Beach Festival - Central Park,2026-07-18,Brighton,['Hip-Hop/Urban'],skiddle
42364818,Daynova,2026-07-18,Barking,"['World/Latin/Reggae', 'Hip-Hop/Urban', 'Electronic/Dance']",skiddle
41965339,Summer Bash 8,2026-07-18,Reading,"['Rock/Indie', 'Metal/Punk']",skiddle
42503687,Leeds Pride Festival - Freedom Party,2026-07-18,Leeds,"['Pop', 'Unclassified', 'Electronic/Dance']",skiddle
42428642,BeatMasters Outdoor Music Festival,2026-07-18,Malmesbury,['Electronic/Dance'],skiddle
42470232,Mini Traco Fest 2026,2026-07-18,Aldershot,[],skiddle
42094295,Wigan St.Cuthberts Music Festival,2026-07-18,Wigan,"['Pop', 'Unclassified']",skiddle
42448330,Xcstasy Jouvert Soca Festival 2026,2026-07-18,Morden,['World/Latin/Reggae'],skiddle
42581924,Baytech at Mambo,2026-07-18,Taunton,[],skiddle
42250968,We Are Wirral,2026-07-18,Birkenhead,"['Pop', 'Rock/Indie', 'Electronic/Dance', 'Folk/Country']",skiddle
42574341,Festival,2026-07-18,Prudhoe,[],skiddle
42343793,Family Music Festival,2026-07-18,Birkenhead,[],skiddle
42462894,Live Festival,2026-07-18,Orpington,[],skiddle
42313093,Splendour Festival,2026-07-18,Nottingham,['Rock/Indie'],skiddle
41995829,Cheese and Chilli Festival,2026-07-18,Guildford,[],skiddle
41471331,On The Beach 2026: Sunday - Fatboy Slim,2026-07-19,Brighton,['Electronic/Dance'],skiddle
42407791,Northampton Country Music Festival,2026-07-19,Northampton,[],skiddle
42428718,We Love it Outdoor Tribute Festival Malmsbury - July 2026,2026-07-19,Malmesbury,[],skiddle
42503693,Leeds Pride Festival - Dance Arena,2026-07-19,Leeds,['Electronic/Dance'],skiddle
42489077,Folk By The Oak,2026-07-19,Hatfield,['Folk/Country'],skiddle
42075475,On The Beach 2026: Madness presents Madrophenia [EXTRA DATE],2026-07-23,Brighton,['World/Latin/Reggae'],skiddle
42090515,Club Class Luxury Pass at Truck Festival,2026-07-23,Steventon,"['Pop', 'Rock/Indie']",skiddle
42418182,Vodafone at Latitude Festival,2026-07-23,Beccles,"['Pop', 'Rock/Indie', 'Hip-Hop/Urban', 'Electronic/Dance']",skiddle
42081950,Chargecandy at Truck Festival,2026-07-23,Steventon,[],skiddle
41408854,Truck Festival,2026-07-23,Abingdon,"['Pop', 'Rock/Indie']",skiddle
41489037,Rock Oyster Festival,2026-07-23,Wadebridge,"['Pop', 'Rock/Indie', 'Electronic/Dance']",skiddle
42449918,Campo Sancho,2026-07-23,Stevenage,['Electronic/Dance'],skiddle
42158895,Northants Rocks,2026-07-23,Wellingborough,"['Rock/Indie', 'Metal/Punk']",skiddle
42286360,The George Harrison Project,2026-07-23,Colne,[],skiddle
41379927,Latitude Festival,2026-07-23,Beccles,"['Pop', 'Rock/Indie']",skiddle
41996146,On The Beach 2026: Madness presents Madrophenia,2026-07-24,Brighton,['World/Latin/Reggae'],skiddle
41029154,Rock The Mote 2026,2026-07-24,"Maidstone, Kent","['Pop', 'Rock/Indie', 'Metal/Punk']",skiddle
41965707,Hedex Presents: My Home Is The Rave Festival,2026-07-24,Brentford,['Electronic/Dance'],skiddle
41206755,Offal Fest 2026,2026-07-24,Manchester,['Metal/Punk'],skiddle
41275975,Together Again Festival 2026,2026-07-24,Chester,[],skiddle
42097980,Symphonic Ibiza Orchestra | Lichfield Concert,2026-07-24,Lichfield,"['Classical/Orchestral', 'Electronic/Dance']",skiddle
42000451,Doncaster Balloon Festival,2026-07-24,Doncaster,[],skiddle
41652578,Beacon Park Tribute Festival 2026,2026-07-24,Lichfield,"['Rock/Indie', 'Unclassified']",skiddle
41327315,Together Again Festival 2026: Exclusive Offers,2026-07-24,Chester,[],skiddle
41349473,Beach Fest Skegness 2026,2026-07-24,Skegness,"['Pop', 'Rock/Indie', 'Unclassified']",skiddle
42321525,Peaceful World Festival 2026,2026-07-24,Bridgwater,[],skiddle
41501491,Crystal Soul Weekender 2026,2026-07-24,Royston,"['World/Latin/Reggae', 'Hip-Hop/Urban', 'Jazz/Blues/Soul', 'Electronic/Dance']",skiddle
42292895,Live at Melbourne Hall - Jo Whiley's 90s Anthems,2026-07-24,Derby,"['Pop', 'Rock/Indie', 'Electronic/Dance']",skiddle
41397916,Lazydays Festival 2026,2026-07-24,Southend-On-Sea,"['Rock/Indie', 'Hip-Hop/Urban', 'Jazz/Blues/Soul', 'Electronic/Dance']",skiddle
41451681,Bournemouth Reggae Weekender 2026,2026-07-24,Bournemouth,['World/Latin/Reggae'],skiddle
41284945,Boho Festival 2026,2026-07-24,Nottingham,"['World/Latin/Reggae', 'Unclassified', 'Jazz/Blues/Soul', 'Electronic/Dance']",skiddle
42492016,Together Again: VIP Voyage Hot Tubs,2026-07-24,Chester,[],skiddle
41290311,Junction 2,2026-07-24,Brentford,['Electronic/Dance'],skiddle
41997756,SeekOut Arts & Music Festival,2026-07-24,Clitheroe,"['World/Latin/Reggae', 'Jazz/Blues/Soul', 'Electronic/Dance', 'Folk/Country']",skiddle
42285125,Echo Fest,2026-07-24,Derby,"['Pop', 'Rock/Indie', 'Unclassified']",skiddle
42461339,The Great Coventry Weekender | 3-Day Ticket,2026-07-24,Coventry,"['Pop', 'World/Latin/Reggae', 'Unclassified', 'Folk/Country']",skiddle
41292492,Hammerdown Festival 2026,2026-07-24,Worthing,"['Rock/Indie', 'Metal/Punk']",skiddle
42580890,Gadabout Festival,2026-07-24,Croglin,"['Pop', 'Rock/Indie', 'Folk/Country']",skiddle
41612692,Tramlines,2026-07-24,Sheffield,['Rock/Indie'],skiddle
42433002,Blue Reef Festival,2026-07-24,Maidstone,"['Rock/Indie', 'Electronic/Dance']",skiddle
42341807,Hayrock Tribute Festival,2026-07-24,Merseyside,[],skiddle
42507383,Chiddfest,2026-07-24,Hailsham,"['Pop', 'Rock/Indie', 'Unclassified', 'Electronic/Dance']",skiddle
42277760,Deer Shed Festival,2026-07-24,Thirsk,['Rock/Indie'],skiddle
42277768,GlastonBARRY Juniors Festival,2026-07-24,Barry,['Pop'],skiddle
42286146,The George Harrison Project,2026-07-24,Lancaster,['Classical/Orchestral'],skiddle
41487470,Steelhouse Festival,2026-07-24,Ebbw Vales,"['Rock/Indie', 'Metal/Punk']",skiddle
42262601,Landed Festival,2026-07-24,Newbridge On Wye,"['Rock/Indie', 'World/Latin/Reggae', 'Metal/Punk']",skiddle
42475299,Valhalla Viking Festival,2026-07-24,Basingstoke,[],skiddle
42287369,KISSTORY On Blackheath 2026,2026-07-25,London,"['Hip-Hop/Urban', 'Electronic/Dance']",skiddle
41235414,Debdale Park Sports Club Music Festival,2026-07-25,Mansfield,[],skiddle
41587912,"OnTheBeach LIVE: The Maccabees, Editors, Miles Kane, Anna Calvi",2026-07-25,Brighton,['Rock/Indie'],skiddle
41957134,Forsaken Forest Festival BTID Clubland,2026-07-25,Chorley,['Electronic/Dance'],skiddle
41310703,Picnic and Pop Festival,2026-07-25,Aldershot,"['Pop', 'Rock/Indie', 'Unclassified']",skiddle
41499202,Country Club - Outdoor Country Music Festival - Manchester,2026-07-25,Manchester,['Folk/Country'],skiddle
42287494,The House & Vocal Disco Festival,2026-07-25,Wilmslow,['Electronic/Dance'],skiddle
41632022,Back To The 90s - Summer Outdoor Festival - Birmingham,2026-07-25,Birmingham,"['Electronic/Dance', 'Retro/Decades']",skiddle
41496399,"Rum & Reggae 2026 | Project House, Leeds",2026-07-25,Leeds,"['World/Latin/Reggae', 'Jazz/Blues/Soul', 'Electronic/Dance']",skiddle
42368557,Chesterfield Music Festival 2026  - A Great Family Day Out!,2026-07-25,Chesterfield,"['Pop', 'Rock/Indie']",skiddle
42498208,KISSTORY On Blackheath 2026,2026-07-25,London,"['Hip-Hop/Urban', 'Electronic/Dance']",skiddle
42343760,RNB MANIA | Wakefield's Outdoor R&B Festival,2026-07-25,Wakefield,"['Hip-Hop/Urban', 'Retro/Decades']",skiddle
42282724,Love to be... at House & Vocal Disco Fest,2026-07-25,Wilmslow,['Electronic/Dance'],skiddle
42439151,"Rum & Reggae Fest | The Hangar, Norwich",2026-07-25,Norwich,"['World/Latin/Reggae', 'Jazz/Blues/Soul', 'Electronic/Dance']",skiddle
41958148,Suited and Booted 2026,2026-07-25,King'S Norton,"['Rock/Indie', 'World/Latin/Reggae']",skiddle
41942942,Fell Out Boy & Black Charade | Revolve Festival | SY Sheff,2026-07-25,Sheffield,"['Rock/Indie', 'Metal/Punk']",skiddle
42071581,"Junction 2 x fabric: Nina Kraviz, Jeff Mills",2026-07-25,Brentford,['Electronic/Dance'],skiddle
42309473,4Four Bassline - Birmingham Open-Air Rooftop Rave,2026-07-25,Birmingham,['Electronic/Dance'],skiddle
41961188,RNP Fest 2026,2026-07-25,Wolverhampton,"['World/Latin/Reggae', 'Hip-Hop/Urban', 'Electronic/Dance']",skiddle
42569371,Salisbury Live Summer Extravaganza,2026-07-25,Salisbury,[],skiddle
42353052,Big Rave,2026-07-25,Lincoln,['Electronic/Dance'],skiddle
42083587,Magic of Thailand Festival in Guildford,2026-07-25,Guildford,[],skiddle
42359587,RNB MANIA | Hertford's R&B Festival,2026-07-25,Hertford,"['Hip-Hop/Urban', 'Retro/Decades']",skiddle
42542868,Judge Jules @ Daisy Shake - Ibiza Day Rave,2026-07-25,Ripley,['Electronic/Dance'],skiddle
42489556,Tunsfest 2026,2026-07-25,Sutton Coldfield,"['Rock/Indie', 'Jazz/Blues/Soul', 'Folk/Country']",skiddle
42322146,Summer Outdoor 80s Tribute Festival - Cardiff,2026-07-25,Cardiff,['Retro/Decades'],skiddle
42409168,"AG FEST 2026, London",2026-07-25,London,"['World/Latin/Reggae', 'Hip-Hop/Urban', 'Electronic/Dance']",skiddle
42141978,Newcastle Pride Arena 2026,2026-07-25,Newcastle Upon Tyne,"['Pop', 'Electronic/Dance']",skiddle
42470104,Ealing Jazz Festival 2026,2026-07-25,London,"['World/Latin/Reggae', 'Jazz/Blues/Soul', 'Electronic/Dance', 'Folk/Country']",skiddle
42459086,A Summer Cookout 2026,2026-07-25,Manchester,[],skiddle
42373992,Taste Of Thailand Music And Food Festival,2026-07-25,Norwich,"['Non-Music/Other', 'World/Latin/Reggae']",skiddle
42461787,Pawfest,2026-07-25,Pontypridd,"['Rock/Indie', 'Unclassified', 'Retro/Decades', 'Folk/Country']",skiddle
42435747,ITG Festival,2026-07-25,Whitehaven,['Electronic/Dance'],skiddle
42450963,State of it Pt.4 Containment Weekender!,2026-07-25,Northampton,"['World/Latin/Reggae', 'Electronic/Dance', 'Folk/Country', 'Metal/Punk']",skiddle
42467901,"CUE - Together Again Festival w. Gaskin, Robbie Doherty & more",2026-07-25,Chester,['Electronic/Dance'],skiddle
42292914,Live at Melbourne Hall - Lightning Seeds,2026-07-25,Derby,"['Pop', 'Rock/Indie', 'Electronic/Dance']",skiddle
41643818,R&B Lovers Outdoor Festival - Sat 25th July - The Buttermarket,2026-07-25,Shrewsbury,['Hip-Hop/Urban'],skiddle
42289378,The Northern Soul All Festival,2026-07-25,Liverpool,['Jazz/Blues/Soul'],skiddle
41666261,Breakin Science Summer Underground | Jungle Mania | D&B Classics,2026-07-25,Barking,['Electronic/Dance'],skiddle
42321518,Early Doors at Peggy's 25th July,2026-07-25,Warrington,"['Rock/Indie', 'Folk/Country', 'Metal/Punk']",skiddle
41942991,Asylum Uprising metal fest,2026-07-25,Hull,['Metal/Punk'],skiddle
42566361,AfroParkFest 2026,2026-07-25,Milton Keynes,"['World/Latin/Reggae', 'Hip-Hop/Urban', 'Electronic/Dance']",skiddle
41964644,The Compasses Festival,2026-07-25,Bedford,"['Pop', 'Rock/Indie']",skiddle
42459704,Big Caribbean Cookout! | The Great Coventry Weekender - DAY 2,2026-07-25,Coventry,"['World/Latin/Reggae', 'Unclassified', 'Electronic/Dance']",skiddle
42572792,Rewind (Day Party at Mambo),2026-07-25,Taunton,[],skiddle
41989110,OVER 30's CLUB - Daytime Clubbing - Digital Newcastle,2026-07-25,Newcastle Upon Tyne,"['Pop', 'Retro/Decades']",skiddle
41355495,The House That Ash Built 2026,2026-07-25,Southampton,['Electronic/Dance'],skiddle
42358498,DNB360 & Noise Enforcement -ONE DAY OUTDOOR FESTIVAL Stourbridge,2026-07-25,Lye,['Electronic/Dance'],skiddle
42506654,Alex Fest,2026-07-25,Eastbourne,[],skiddle
42000259,Pig Fest,2026-07-25,Amersham,[],skiddle
42326278,Scare Taxi play at Alive at the Barn 2026,2026-07-25,"Southwick, Sussex","['Rock/Indie', 'Metal/Punk']",skiddle
41770191,Tidal Gathering Tribute Festival,2026-07-25,Shoreham By Sea,"['Rock/Indie', 'Metal/Punk']",skiddle
42572050,Canada Water presents Round The Dock,2026-07-25,London,[],skiddle
42490299,The Sounds of the 80s show with The Zoots,2026-07-25,Didcot,[],skiddle
42490299,The Sounds of the 80s show with The Zoots,2026-07-25,Didcot,[],skiddle
42286409,The George Harrison Project,2026-07-25,Runcorn,['Classical/Orchestral'],skiddle
41948015,Castle Park Live,2026-07-25,Frodsham,"['Pop', 'Rock/Indie']",skiddle
42464859,Suited and Booted Festival,2026-07-25,Birmingham,['World/Latin/Reggae'],skiddle
41937106,On The Beach 2026: Moby,2026-07-26,Brighton,['Electronic/Dance'],skiddle
42420085,Chesterfield Country Music Festival,2026-07-26,Chesterfield,['Folk/Country'],skiddle
42459560,Laugh in the Park '26 - Glasgow's Southside Comedy Fest. - Pt 2,2026-07-26,Glasgow,[],skiddle
41436726,Heritage Live: UB40 featuring Ali Campbell,2026-07-26,Reading,"['Rock/Indie', 'World/Latin/Reggae', 'Electronic/Dance']",skiddle
42071584,"Junction 2: Adam Beyer, Miss Monique, Indo Warehouse",2026-07-26,Brentford,['Electronic/Dance'],skiddle
42476101,Drum Cupboard Takeover Festival IV,2026-07-26,Milton Keynes,[],skiddle
42498076,Next Act Festival,2026-07-26,Preston,[],skiddle
42292916,Live at Melbourne Hall - The Shires,2026-07-26,Derby,"['Pop', 'Rock/Indie', 'Folk/Country']",skiddle
42435204,RNBLAND - Manchester's Biggest RnB Summer Day Festival (1000 RNB,2026-07-26,Manchester,"['Hip-Hop/Urban', 'Jazz/Blues/Soul']",skiddle
42404036,It's Our House LDN: PRESSURE SUMMER DAY PARTY @Nagshall Farm,2026-07-26,Godstone,['Electronic/Dance'],skiddle
42459711,Coventry Summer Jam | The Great Coventry Weekender - DAY 3,2026-07-26,Coventry,"['Pop', 'Unclassified', 'Electronic/Dance', 'Retro/Decades']",skiddle
42289230,Family Fields Festival,2026-07-26,Wilmslow,"['Pop', 'World/Latin/Reggae']",skiddle
42573450,Roots Market,2026-07-26,Birmingham,['World/Latin/Reggae'],skiddle
42000267,Pig Chill,2026-07-26,Amersham,[],skiddle
42260839,Petworth Summer Festival - Coffee Concert - Bossa Nova,2026-07-28,Pulborough,"['World/Latin/Reggae', 'Jazz/Blues/Soul']",skiddle
41235920,Belladrum Tartan Heart Festival 2026,2026-07-30,Near Inverness,"['Pop', 'Rock/Indie', 'Folk/Country']",skiddle
42090507,Club Class Luxury Pass at Y Not Festival,2026-07-30,Pikehall Matlock,"['Rock/Indie', 'Electronic/Dance', 'Metal/Punk', 'Pop', 'Folk/Country']",skiddle
42467971,Valley Fest,2026-07-30,Chew Magna,"['Rock/Indie', 'Electronic/Dance', 'Folk/Country']",skiddle
42503486,Breakout Festival 2026,2026-07-30,Haverfordwest,"['Rock/Indie', 'World/Latin/Reggae', 'Electronic/Dance']",skiddle
42081941,Chargecandy at Y Not Festival,2026-07-30,Pikehall Matlock,[],skiddle
42535351,Chargecandy at Belladrum Tartan Heart,2026-07-30,Near Inverness,[],skiddle
42423119,Vodafone at Wilderness,2026-07-30,Charlbury,"['Pop', 'Rock/Indie', 'Hip-Hop/Urban', 'Electronic/Dance']",skiddle
42422950,Vodafone at Camp Bestival,2026-07-30,East Lulworth,"['Pop', 'Rock/Indie', 'Hip-Hop/Urban', 'Electronic/Dance']",skiddle
41370901,Vodafone at Kendal Calling,2026-07-30,Cumbria,"['Pop', 'Rock/Indie', 'Hip-Hop/Urban', 'Electronic/Dance']",skiddle
41400792,Kendal Calling,2026-07-30,Cumbria,"['Pop', 'Rock/Indie']",skiddle
42490305,App Fest,2026-07-30,Tewkesbury,"['Pop', 'Rock/Indie', 'Unclassified']",skiddle
42309109,Outcider Festival,2026-07-30,Somerset,"['Rock/Indie', 'Metal/Punk']",skiddle
42449984,Cambridge Rock Festival,2026-07-30,Ely,"['Rock/Indie', 'Unclassified', 'Jazz/Blues/Soul']",skiddle
41295736,Camp Bestival - Dorset,2026-07-30,East Lulworth,"['Pop', 'Rock/Indie']",skiddle
41295732,Wilderness Festival,2026-07-30,Charlbury,"['Hip-Hop/Urban', 'Jazz/Blues/Soul', 'Electronic/Dance']",skiddle
41295719,Y Not Festival,2026-07-30,Matlock,['Rock/Indie'],skiddle
42510718,The Green Gathering,2026-07-30,Monmouthshire,"['World/Latin/Reggae', 'Electronic/Dance', 'Folk/Country', 'Metal/Punk']",skiddle
41287147,Reggae Land 2026,2026-07-31,Milton Keynes,"['World/Latin/Reggae', 'Electronic/Dance']",skiddle
42141615,Burna Boy LIVE at The Milton Keynes National Bowl,2026-07-31,Milton Keynes,['World/Latin/Reggae'],skiddle
41588072,Clubland By The Sea,2026-07-31,Hartlepool,['Electronic/Dance'],skiddle
42098317,The Sound of West End Musicals - Feast Live,2026-07-31,Bristol,[],skiddle
41769989,Supersonic Weekender,2026-07-31,Leicester,"['Rock/Indie', 'World/Latin/Reggae', 'Jazz/Blues/Soul']",skiddle
42145817,Arbroath Fest,2026-07-31,Arbroath,"['Rock/Indie', 'Folk/Country', 'Metal/Punk']",skiddle
42071953,Effy & Mall Grab Present: Frangrance,2026-07-31,Brentford,[],skiddle
42503295,Notsilly weekender,2026-07-31,Leicester,['Electronic/Dance'],skiddle
41499638,Hillbilly Hootenanny 2026,2026-07-31,Salisbury,"['Jazz/Blues/Soul', 'Folk/Country']",skiddle
42422028,Mandala Sounds Rituals,2026-07-31,Sheffield,['Electronic/Dance'],skiddle
42412935,Kawson Sacka Afrobeat Live,2026-07-31,Hastings,[],skiddle
42289223,Styal Craft Beer Fest 2026,2026-07-31,Wilmslow,[],skiddle
41928462,Good Vibrations Society,2026-07-31,Nutley,"['Rock/Indie', 'World/Latin/Reggae', 'Folk/Country']",skiddle
41928514,Valley Fest,2026-07-31,Bristol,"['Pop', 'Rock/Indie', 'Folk/Country']",skiddle
41783210,Stowaway Festival,2026-07-31,Buckingham,['Electronic/Dance'],skiddle
42512921,Club Classics Orchestra,2026-07-31,Eastleigh,[],skiddle
42147080,Hillbilly Hootenanny,2026-07-31,Salisbury,[],skiddle
42364622,The Moors Muisc Festival,2026-07-31,Kirkbymoorside,[],skiddle
42077124,The Kooks Inside In / Inside Out 20 year anniversary,2026-07-31,Greenwich,['Rock/Indie'],skiddle
42292655,The Searchers and Hollies Experience,2026-07-31,Torquay,[],skiddle
41927822,Margate Soul Festival,2026-07-31,Margate,['Jazz/Blues/Soul'],skiddle
41486701,RADAR Festival,2026-07-31,Manchester,['Rock/Indie'],skiddle
41287083,Teletech Festival 2026,2026-08-01,Manchester,['Electronic/Dance'],skiddle
42260835,Hospital30 Block Party,2026-08-01,London,['Electronic/Dance'],skiddle
41961019,Word of Mouth Prosecco & Club Classics Festival 2026 @ Himley,2026-08-01,Dudley,"['Hip-Hop/Urban', 'Electronic/Dance']",skiddle
42152486,Brighton Pride - Pride on the Park 2026,2026-08-01,Brighton,"['Pop', 'Electronic/Dance']",skiddle
42088536,"Save The Rave: Old Skool Outdoor Festival, Southport 2026",2026-08-01,Southport,"['Electronic/Dance', 'Retro/Decades']",skiddle
42098369,Haçienda Classical Live Orchestra on The Downs - Feast Live,2026-08-01,Bristol,['Electronic/Dance'],skiddle
41643608,Our House Fest 2026,2026-08-01,Wakefield,['Electronic/Dance'],skiddle
42359763,Maravilosa 5th birthday safari open air,2026-08-01,Chelmsford,['Electronic/Dance'],skiddle
42420719,Worcester Tribute Festival 2026,2026-08-01,Worcester,[],skiddle
42569195,JUVY Open Air - Sat 1st August @ Berwick Manor Essex,2026-08-01,Rainham,[],skiddle
41499203,Country Club - Outdoor Country Music Festival - Liverpool,2026-08-01,Liverpool,['Folk/Country'],skiddle
42412478,Eterna presents L O S T in the woods,2026-08-01,Derby,['Electronic/Dance'],skiddle
42436593,Brighton Pride - Pride Street Party 2026,2026-08-01,Brighton,"['Pop', 'Non-Music/Other', 'Electronic/Dance']",skiddle
41339842,Newton Music Festival,2026-08-01,Newton Le Willows,"['Pop', 'Rock/Indie', 'Unclassified']",skiddle
42123653,Hillside Festival 2026,2026-08-01,Bolton,['Electronic/Dance'],skiddle
42449878,RNB MANIA | Nottingham's R&B Festival!,2026-08-01,Nottingham,"['Hip-Hop/Urban', 'Retro/Decades']",skiddle
42268280,Emily Makis - Outsiders 2.0 Day Party: Bristol,2026-08-01,Bristol,['Electronic/Dance'],skiddle
42288315,Wax Format Outdoors: Sam Mitcham Vinyl Only All Day Long,2026-08-01,Cheetham Hill,['Electronic/Dance'],skiddle
42498077,Analog & Ibiza Sound Fest 'SUMMER GARDEN PARTY',2026-08-01,Welwyn,['Electronic/Dance'],skiddle
42335983,Festival in the Park,2026-08-01,Burnley,['Rock/Indie'],skiddle
41991838,Dom Dolla on the Thames,2026-08-01,Greenwich,['Electronic/Dance'],skiddle
42260908,A Grand Day Out,2026-08-01,Preston,[],skiddle
42082546,"Beard's Fest 2026 - Bladerunner, prozak, Toby ross, DJ cosworth",2026-08-01,Penzance,['Electronic/Dance'],skiddle
42457880,Bassline Oldskool Anthems Sheffield Outdoor Fest,2026-08-01,Sheffield,"['Hip-Hop/Urban', 'Electronic/Dance']",skiddle
41293768,Cheshire Fest 2026,2026-08-01,Macclesfield,[],skiddle
41998983,Innervisions London,2026-08-01,Brentford,['Electronic/Dance'],skiddle
42474751,R&B Lovers - Saturday 1st August - Luna Springs,2026-08-01,Birmingham,['Hip-Hop/Urban'],skiddle
42083655,Magic of Thailand Festival in Cambridge,2026-08-01,Cambridge,[],skiddle
42487601,Styal Craft Beer Fest 2026,2026-08-01,Wilmslow,[],skiddle
42468286,North West music fest 2026 @ Robin Hood,2026-08-01,Leigh,"['Rock/Indie', 'Electronic/Dance', 'Folk/Country']",skiddle
42262918,Beats Festival,2026-08-01,Bridgnorth,"['Rock/Indie', 'World/Latin/Reggae', 'Folk/Country']",skiddle
42434837,R&B Lovers Summer Open Air Festival - Sat 1st Aug - LDN EAST,2026-08-01,Canning Town,['Hip-Hop/Urban'],skiddle
42436193,Prologue Presents - The Ibiza Day Party,2026-08-01,Bexleyheath,"['Electronic/Dance', 'Retro/Decades']",skiddle
42473057,Ealing Blues Festival 2026,2026-08-01,London,"['World/Latin/Reggae', 'Jazz/Blues/Soul']",skiddle
41735987,Threshold was Here - The reunion,2026-08-01,Liverpool,"['Rock/Indie', 'Folk/Country', 'Non-Music/Other']",skiddle
42436374,Riverside Riddimz Festival,2026-08-01,Upton Upon Severn,"['World/Latin/Reggae', 'Electronic/Dance']",skiddle
42438760,Country Girls Yard Party,2026-08-01,Preston,['Folk/Country'],skiddle
42094081,Greenlands inn Jamaica  independence festival,2026-08-01,Birmingham,['World/Latin/Reggae'],skiddle
42462737,True Pride,2026-08-01,Manchester,"['Rock/Indie', 'Electronic/Dance', 'Non-Music/Other']",skiddle
42564480,Summer Breakout U18,2026-08-01,Bromsgrove,[],skiddle
42581554,Zione - Forest Party,2026-08-01,Manchester,['Electronic/Dance'],skiddle
42568038,REM Sessions - 1st August,2026-08-01,Derby,['Electronic/Dance'],skiddle
42307853,Campfire Country Club - London Country Music Spring Festival,2026-08-01,London,"['Pop', 'Rock/Indie', 'Folk/Country']",skiddle
42307068,Steel City Dancehall Festival 2026,2026-08-01,Sheffield,"['World/Latin/Reggae', 'Hip-Hop/Urban']",skiddle
42124077,Totally 90s Festival,2026-08-01,St Albans,['Retro/Decades'],skiddle
42516776,Country Road Festival,2026-08-01,Eastleigh,[],skiddle
42449867,Cambridge Folk Festival,2026-08-01,Cambridge,"['Rock/Indie', 'Folk/Country']",skiddle
42098376,Becky Hill - Feast Live,2026-08-02,Bristol,"['Pop', 'Electronic/Dance']",skiddle
42162149,Peggy Gou on the Thames,2026-08-02,Greenwich,['Electronic/Dance'],skiddle
42071620,"Junction 2: Azyr, I Hate Models, Charlie Sparks",2026-08-02,Brentford,['Electronic/Dance'],skiddle
41326749,Look-A-Like: Outdoor Tribute Festival - Nottingham!,2026-08-02,Nottingham,"['Pop', 'Rock/Indie', 'Unclassified']",skiddle
42284684,4Play Presents - Garage & Basslines (Summer Day Party),2026-08-02,Nottingham,"['Hip-Hop/Urban', 'Electronic/Dance']",skiddle
42090520,Shirley Social - Country Special - Sunday 2nd August 2026,2026-08-02,Shirley,['Folk/Country'],skiddle
42572061,We are bounce festival,2026-08-02,Houghton Le Spring,['Electronic/Dance'],skiddle
42532041,Denim Wear Day & Night Party,2026-08-02,Mitcham,['Electronic/Dance'],skiddle
42570612,BASHMENT NATION - Jamaican Independence Day Festival,2026-08-02,Greenwich,['World/Latin/Reggae'],skiddle
42513283,Jerk Jam Summer Sizzla,2026-08-02,Eastleigh,[],skiddle
41370908,Vodafone at Boardmasters,2026-08-05,Newquay,"['Pop', 'Rock/Indie', 'Hip-Hop/Urban', 'Electronic/Dance']",skiddle
42260788,Lakefest 2026,2026-08-05,Ledbury,"['Rock/Indie', 'Electronic/Dance']",skiddle
41592806,Boardmasters Festival,2026-08-05,Newquay,"['Pop', 'Rock/Indie', 'Hip-Hop/Urban']",skiddle
41953859,Back 2 Festival 2026 - The 10th Birthday,2026-08-06,Leicester,"['Pop', 'Retro/Decades']",skiddle
42417526,Chargecandy at Bloodstock Festival,2026-08-06,Walton Upon Trent,[],skiddle
41365313,Back 2 Festival,2026-08-06,Leicester,"['Pop', 'Electronic/Dance', 'Retro/Decades']",skiddle
41923640,Houghton Festival,2026-08-06,Norfolk,['Electronic/Dance'],skiddle
41923649,Creation Fest,2026-08-06,Wadebridge,[],skiddle
41776014,Firevolt Rock Festival,2026-08-06,Stockport,['Rock/Indie'],skiddle
41305196,Bloodstock Open Air,2026-08-06,Walton Upon Trent,"['Rock/Indie', 'Metal/Punk']",skiddle
41775739,Rebellion Punk Music Festival,2026-08-06,Blackpool,"['Rock/Indie', 'Metal/Punk']",skiddle
41574765,Deva Fest,2026-08-06,Malpas,"['Pop', 'Rock/Indie', 'Electronic/Dance']",skiddle
42283395,Diaspora Calling! Festival,2026-08-07,Milton Keynes,"['World/Latin/Reggae', 'Hip-Hop/Urban', 'Jazz/Blues/Soul']",skiddle
41279107,Timescape Festival 2026,2026-08-07,Huntingdon,['Electronic/Dance'],skiddle
42250041,Secret Island Festival,2026-08-07,East Mersea,"['Electronic/Dance', 'Folk/Country']",skiddle
41956402,Symphonica #TheIbizaOrchestra Bexleyheath,2026-08-07,Bexleyheath,"['Classical/Orchestral', 'Electronic/Dance']",skiddle
41297749,"SOULTASIA  - Outdoor Festival, London 2026",2026-08-07,Morden,"['Hip-Hop/Urban', 'Jazz/Blues/Soul', 'Electronic/Dance']",skiddle
41389116,Bristol International Rare Soul Weekender 2026,2026-08-07,Bristol,[],skiddle
42085256,Soultasia Hertfordshire,2026-08-07,Bushey,"['Jazz/Blues/Soul', 'Electronic/Dance']",skiddle
42477543,Summer Jams 2026,2026-08-07,Leicester,"['Hip-Hop/Urban', 'Jazz/Blues/Soul']",skiddle
42339846,Foodies Festival 2026 - Edinburgh,2026-08-07,Edinburgh,[],skiddle
42128187,"LoveHerder ""Getting High on Life"" Festival 2026",2026-08-07,Kendal,"['Rock/Indie', 'World/Latin/Reggae', 'Electronic/Dance', 'Folk/Country']",skiddle
41991866,Jamaican Independence Weekend - 3 Days of Music & Culture,2026-08-07,Leamington Spa,"['World/Latin/Reggae', 'Electronic/Dance']",skiddle
42568174,Summerstein Fest,2026-08-07,St Annes On Sea,[],skiddle
42332311,Phases Casa Nueva,2026-08-07,Nottingham,['Electronic/Dance'],skiddle
42509849,Edinburgh Fringe Festival,2026-08-07,Edinburgh,"['Rock/Indie', 'Unclassified', 'Folk/Country']",skiddle
41784221,Kozfest 2026,2026-08-07,Builth Wells,[],skiddle
42309332,Farmer Phil's Festival,2026-08-07,Shrewsbury,"['Rock/Indie', 'Folk/Country']",skiddle
41461970,No Art Open Air Liverpool - 2026,2026-08-08,Liverpool,['Electronic/Dance'],skiddle
42136171,Electric Paradise,2026-08-08,Milton Keynes,"['Jazz/Blues/Soul', 'Electronic/Dance']",skiddle
42156005,The Great Fete,2026-08-08,Hatfield,"['Rock/Indie', 'Electronic/Dance']",skiddle
41307582,Garage Nation Outdoor Festival 2026,2026-08-08,Morden,['Electronic/Dance'],skiddle
42430684,Made In 90s Fest 5th Birthday Feat R&B Icons Xscape & Lil' Mo,2026-08-08,Croydon,"['World/Latin/Reggae', 'Hip-Hop/Urban', 'Electronic/Dance']",skiddle
42286156,"Road to Nashville Outdoor Festival | Tileyard, Wakefield",2026-08-08,Wakefield,['Folk/Country'],skiddle
41496466,Park Rock Bexleyheath 2026,2026-08-08,Bexleyheath,"['Pop', 'Rock/Indie', 'Unclassified']",skiddle
42266347,Hawkwind: Friends and Relations,2026-08-08,Morecambe,['Rock/Indie'],skiddle
41496476,"ARTFUL DODGER, K-KLASS & MORE | Love the 90s Fest | Binks Yard",2026-08-08,Nottingham,['Retro/Decades'],skiddle
41302276,The Canwell Show,2026-08-08,Canwell,[],skiddle
41941623,"Road to Nashville Outdoor Festival | Eutopia, Barking",2026-08-08,Barking,['Folk/Country'],skiddle
42081441,Doncaster Pride 2026,2026-08-08,Doncaster,"['Rock/Indie', 'Electronic/Dance', 'Hip-Hop/Urban', 'Pop', 'Unclassified']",skiddle
41297724,Hive Family Festival 2026,2026-08-08,Southampton,"['Pop', 'Rock/Indie', 'Unclassified', 'Retro/Decades']",skiddle
42467897,Fox Fest,2026-08-08,Billericay,['Electronic/Dance'],skiddle
42437186,R&B Lovers - Summer Weekender - Freight Island Manchester,2026-08-08,Manchester,['Hip-Hop/Urban'],skiddle
42359694,Cookout - Open-Air Summer Festival - Ldn East  - London,2026-08-08,Canning Town,['World/Latin/Reggae'],skiddle
42136630,Back By Dope Demand Festival,2026-08-08,Manchester,['Electronic/Dance'],skiddle
42472656,The Gee Cross Summer Festival,2026-08-08,Hyde,[],skiddle
41991832,Adriatique present X on the Thames,2026-08-08,Greenwich,['Electronic/Dance'],skiddle
42482491,Long Eaton Music Festival,2026-08-08,Long Eaton,[],skiddle
42170501,Grange-Fest 2026,2026-08-08,Mablethorpe,"['Rock/Indie', 'Retro/Decades', 'Electronic/Dance', 'Folk/Country']",skiddle
42328330,RNB MANIA | Bristol's R&B Festival,2026-08-08,Bristol,"['Hip-Hop/Urban', 'Retro/Decades']",skiddle
42517706,Leicester Food & Music Festival,2026-08-08,Leicester,"['Pop', 'Rock/Indie', 'World/Latin/Reggae']",skiddle
41630701,Minersfest 90s,2026-08-08,Saltburn-By-The-Sea,[],skiddle
41499206,Country Club - Country Music Festival - Shrewsbury,2026-08-08,Shrewsbury,['Folk/Country'],skiddle
41735405,Summer 90s Dance Outdoor Daytime Festival Cardiff,2026-08-08,Cardiff,['Retro/Decades'],skiddle
41326750,Save The Rave: Outdoor 90's Festival - Carlisle!,2026-08-08,Carlisle,['Electronic/Dance'],skiddle
42579858,Party In The Park 2026 - Tribute Festival,2026-08-08,Pontefract,"['Pop', 'Rock/Indie']",skiddle
42483044,Example | Live at Cattows Farm,2026-08-08,Leicester,"['Pop', 'Hip-Hop/Urban', 'Electronic/Dance', 'Retro/Decades']",skiddle
41736607,Martin Kemp Live DJ set - Back to the 80's - Brighton,2026-08-08,Brighton,['Retro/Decades'],skiddle
42081929,Party At The Palace,2026-08-08,Linlithgow,[],skiddle
42257580,Brookfest 2026,2026-08-08,St.Helens,[],skiddle
41638729,Reggae at the Billy '26,2026-08-08,Bristol,['World/Latin/Reggae'],skiddle
41647747,Peacock Freakshow 2,2026-08-08,Bridlington,['Rock/Indie'],skiddle
42541534,The Official South West 64th Jamaican Independence Day,2026-08-08,Bristol,"['World/Latin/Reggae', 'Hip-Hop/Urban']",skiddle
42573183,R&B Lovers - Outdoor Festival Junkyard Norwich,2026-08-08,Norwich,['Hip-Hop/Urban'],skiddle
42000596,Brynfest 2026,2026-08-08,"Brynamman, Ammanford",[],skiddle
42412934,The Poetic Funk Afterparty,2026-08-08,Hastings,[],skiddle
42428307,Summer Shellings,2026-08-08,Bromsgrove,['Electronic/Dance'],skiddle
42470341,Day & Night Refugee Fundraiser,2026-08-08,London,['World/Latin/Reggae'],skiddle
42374252,Taste Of Thailand Music And Food Festival,2026-08-08,Bristol,"['Non-Music/Other', 'World/Latin/Reggae']",skiddle
42516820,CH3 Presents : Downtown w/ Ozzie Guven,2026-08-08,"Longton, Stoke-On-Tr",['Electronic/Dance'],skiddle
42296596,Hidden Beach Festival: Day 1,2026-08-08,Hastings,"['World/Latin/Reggae', 'Jazz/Blues/Soul', 'Electronic/Dance']",skiddle
42476246,The George Harrison Project,2026-08-08,Taunton,[],skiddle
42513145,Music & Cider Festival,2026-08-08,Wareham,"['Rock/Indie', 'Unclassified']",skiddle
41738423,WV1fest,2026-08-08,Wolverhampton,"['Rock/Indie', 'Metal/Punk']",skiddle
42321050,New Forest Fairy Festival,2026-08-08,Ringwood,[],skiddle
41652628,Maiden Voyage,2026-08-08,London,['Electronic/Dance'],skiddle
41980291,Sundown Country Festival - Bexleyheath,2026-08-09,Bexleyheath,['Folk/Country'],skiddle
42087923,Eastern Electrics 2026,2026-08-09,London,['Electronic/Dance'],skiddle
42474949,Garage Nation Generations Festival & Music Nation,2026-08-09,Morden,['Electronic/Dance'],skiddle
42084732,Anjunadeep Open Air on the Thames,2026-08-09,Greenwich,['Electronic/Dance'],skiddle
42414798,London Reggae & Ska Festival - Morden Park,2026-08-09,Morden,['World/Latin/Reggae'],skiddle
41326751,Outdoor Country Music Festival - Carlisle!,2026-08-09,Carlisle,"['Rock/Indie', 'Unclassified', 'Folk/Country']",skiddle
42509659,Summer 90s & 00s R&B Outdoor Festival - London 2026,2026-08-09,London,['Hip-Hop/Urban'],skiddle
42250618,Flashback Fete,2026-08-09,Birmingham,"['Unclassified', 'World/Latin/Reggae', 'Hip-Hop/Urban']",skiddle
42546173,AWOL @ Music Nation Festival 2026,2026-08-09,Morden,['Electronic/Dance'],skiddle
42296601,Love Sensation Festival,2026-08-09,Hastings,['Electronic/Dance'],skiddle
42509665,Gin & Juice: Old School Hip-Hop Outdoor Summer Festival,2026-08-09,London,['Hip-Hop/Urban'],skiddle
42458878,Anjunadeep Open Air on the Thames,2026-08-09,London,['Electronic/Dance'],skiddle
42286829,Homegrown Festival,2026-08-11,Brighton,['Rock/Indie'],skiddle
41370917,Chargecandy at Boomtown Fair,2026-08-12,Hampshire,"['Electronic/Dance', 'Hip-Hop/Urban', 'Pop', 'World/Latin/Reggae', 'Jazz/Blues/Soul']",skiddle
41408774,Boomtown,2026-08-12,Hampshire,"['World/Latin/Reggae', 'Electronic/Dance', 'Folk/Country']",skiddle
42414940,Borde Hill Summer Series (weekend tickets),2026-08-13,West Sussex,"['Pop', 'Rock/Indie', 'Jazz/Blues/Soul', 'Electronic/Dance']",skiddle
41770195,Ranch Jam Festival 2026,2026-08-14,Leicester,['Folk/Country'],skiddle
41496301,SOULTASIA Reading,2026-08-14,Reading,"['Hip-Hop/Urban', 'Jazz/Blues/Soul', 'Electronic/Dance']",skiddle
42326295,MK Weekender,2026-08-14,Milton Keynes,"['Rock/Indie', 'Classical/Orchestral', 'Electronic/Dance', 'Retro/Decades']",skiddle
42094278,LPT SEA Access,2026-08-14,Brechin,[],skiddle
41956367,Northampton Balloon Festival,2026-08-14,Northampton,[],skiddle
42418173,Beach Fest Bournemouth,2026-08-14,Bournemouth,[],skiddle
41319616,SnugFest 2026 - Fell Foot Wood - Florentenes,2026-08-14,Ulverston,"['Rock/Indie', 'Non-Music/Other', 'Folk/Country', 'Metal/Punk']",skiddle
41356975,Marsh Tots,2026-08-14,Old Romney,[],skiddle
42340063,Wild Within Women's Festival,2026-08-14,Market Rasen,[],skiddle
42344155,WREXFEST 2026 - Early Bird Weekend Pass,2026-08-14,Wrexham,"['Rock/Indie', 'Electronic/Dance', 'Folk/Country']",skiddle
42449880,Jurassic Fields,2026-08-14,Bridport,['Rock/Indie'],skiddle
41780341,Country Calling,2026-08-14,Chelmsford,['Folk/Country'],skiddle
41839372,The Magpies Festival,2026-08-14,York,"['World/Latin/Reggae', 'Jazz/Blues/Soul', 'Folk/Country']",skiddle
42412153,Big Weekender,2026-08-14,Reading,[],skiddle
42084807,Vegan Camp Out,2026-08-14,Newark,[],skiddle
41923955,Ministry Of Sound Classical At Castle Howard,2026-08-15,York,"['Classical/Orchestral', 'Electronic/Dance']",skiddle
41995756,Coloursfest 25th Anniversary 2026,2026-08-15,Glasgow,['Electronic/Dance'],skiddle
41652732,Norden Cricket Club Festival 2026,2026-08-15,Rochdale,[],skiddle
41371770,In the Park presents Lewis Capaldi,2026-08-15,Liverpool,"['Pop', 'Rock/Indie']",skiddle
42368863,RNB MANIA | Sheffield's Outdoor Summer Festival,2026-08-15,Sheffield,"['Hip-Hop/Urban', 'Retro/Decades']",skiddle
42483677,Wilmslow,2026-08-15,Wilmslow,[],skiddle
42323781,SKINNY LIVING - Solid Ground Festival,2026-08-15,Wakefield,[],skiddle
42418168,Déjà vu Garden Party,2026-08-15,Hull,['Electronic/Dance'],skiddle
42341939,Electric Dreams - By The Sea 15th AUG - South Queensferry,2026-08-15,South Queensferry,['Electronic/Dance'],skiddle
42435117,Evesham Music Festival 2026,2026-08-15,Evesham,[],skiddle
42256533,Cafe Mambo Ibiza Classics In The Park Festival,2026-08-15,Reading,['Electronic/Dance'],skiddle
42426993,BOOZéBRUNCH The Festival Dalkeith Country Park,2026-08-15,Dalkeith,['Electronic/Dance'],skiddle
42502027,Garage Republic Outdoor Festival 2026 | Binks Yard Nottingham,2026-08-15,Nottingham,"['Hip-Hop/Urban', 'Electronic/Dance', 'Retro/Decades']",skiddle
42349793,Out There .,2026-08-15,Clitheroe,['Electronic/Dance'],skiddle
41468324,Haze Festival - Sat 15th Aug 2026,2026-08-15,Coventry,"['World/Latin/Reggae', 'Hip-Hop/Urban', 'Electronic/Dance']",skiddle
41309912,Sheffield Festival Of Reggae| Network 2026,2026-08-15,Sheffield,['World/Latin/Reggae'],skiddle
42541724,SOLAIRE: Open Air,2026-08-15,Inverness,[],skiddle
42313901,Summer 90s Outdoor Festival - Junkyard Norwich,2026-08-15,Norwich,['Retro/Decades'],skiddle
42083708,Magic of Thailand Festival in Brighton,2026-08-15,Brighton,[],skiddle
42409128,OVER 30's CLUB - Summer Open Air Festival - Freight Island,2026-08-15,Manchester,"['Pop', 'Retro/Decades']",skiddle
42542905,Her Frequency Rooftop Party,2026-08-15,Lincoln,['Electronic/Dance'],skiddle
42375007,R&B Lovers - Saturday 15th August - Mint Warehouse,2026-08-15,Leeds,['Hip-Hop/Urban'],skiddle
42266756,Allday Indie Indoor Festival - Leeds,2026-08-15,Leeds,['Rock/Indie'],skiddle
41778294,OrchardFest 2026,2026-08-15,Lydbrook,"['Pop', 'Rock/Indie']",skiddle
42578367,Energy 91 Garden Rave 2,2026-08-15,Stalybridge,['Electronic/Dance'],skiddle
42375011,R&B Lovers - Saturday 15th August - DEPOT Cardiff,2026-08-15,Cardiff,['Hip-Hop/Urban'],skiddle
42405065,Garden Rave,2026-08-15,Nazeing,[],skiddle
42375013,R&B Lovers - Saturday 15th August - Athena Leicester,2026-08-15,Leicester,['Hip-Hop/Urban'],skiddle
42323754,Frogfest Liverpool - 2026,2026-08-15,Liverpool,"['Pop', 'Rock/Indie']",skiddle
42588262,Cowgirl Country - Birmingham - Country Music Dayparty!,2026-08-15,Birmingham,"['Rock/Indie', 'Unclassified', 'Folk/Country']",skiddle
42497260,The CourtYard Fest,2026-08-15,Betley,['Electronic/Dance'],skiddle
41350767,Rock The Marshes,2026-08-15,Old Romney,"['Rock/Indie', 'Electronic/Dance', 'Folk/Country']",skiddle
42516770,ProDog Beach Fest 2026,2026-08-15,Weston-Super-Mare,[],skiddle
42585320,Original Culture Festival 2026,2026-08-15,Bedford,"['World/Latin/Reggae', 'Hip-Hop/Urban', 'Electronic/Dance']",skiddle
42581531,GWT Night Market,2026-08-15,Nottingham,"['World/Latin/Reggae', 'Electronic/Dance']",skiddle
42478005,The Searchers and Hollies Experience,2026-08-15,Canterbury,[],skiddle
41598846,The Temple Newsam Food Festival 2026: A Summertime Feast,2026-08-15,West Yorkshire,[],skiddle
42092278,Michael Bibi extended set on the Thames,2026-08-16,Greenwich,['Electronic/Dance'],skiddle
42146705,Raver Tots Outdoor Festival Milton Keynes,2026-08-16,Milton Keynes,[],skiddle
41790311,The Garden @SEA,2026-08-16,Brechin,"['Rock/Indie', 'Electronic/Dance', 'Non-Music/Other']",skiddle
42146703,Raver Tots Outdoor Festival Reading,2026-08-16,Reading,[],skiddle
42585447,original Family Festival 2026,2026-08-16,Bedford,"['Pop', 'World/Latin/Reggae', 'Folk/Country']",skiddle
42330364,Sounds of the 60s with The Zoots,2026-08-17,Swanage,[],skiddle
41408986,ArcTanGent,2026-08-19,Bristol,"['Rock/Indie', 'Electronic/Dance', 'Metal/Punk']",skiddle
42171678,Himley Live 2026: The K-POP Festival Experience,2026-08-20,Dudley,['Pop'],skiddle
41780651,Rock N Roll Circus Norwich,2026-08-20,Norwich,['Rock/Indie'],skiddle
42450005,110 Above,2026-08-20,Atherstone,['Rock/Indie'],skiddle
41978642,Sunrise Film Festival,2026-08-20,Lowestoft,[],skiddle
41970844,Sunrise Film Festival,2026-08-20,Lowestoft,[],skiddle
42432517,Trentham Live,2026-08-20,"Stone Road, Stoke On","['Pop', 'Rock/Indie', 'Electronic/Dance']",skiddle
41813866,We Out Here Festival,2026-08-20,Wimborne,"['Rock/Indie', 'Hip-Hop/Urban', 'Electronic/Dance']",skiddle
41398417,Green Man Festival,2026-08-20,Crickhowell,['Rock/Indie'],skiddle
41377765,A New Day Festival 2026,2026-08-21,Faversham,"['Rock/Indie', 'Retro/Decades']",skiddle
42330684,"Rob Lamberti presents: George Michael | Keel SQ, Sunderland",2026-08-21,City Of Sunderland,"['Pop', 'Retro/Decades']",skiddle
42459555,U Fest - Boxpark Wembley - Friday 21st August,2026-08-21,Wembley,"['Hip-Hop/Urban', 'Electronic/Dance', 'Retro/Decades']",skiddle
41956407,Ibiza Classics Richmond,2026-08-21,Richmond,"['Classical/Orchestral', 'Electronic/Dance']",skiddle
42375497,Symphonic Ibiza Orchestra Bristol,2026-08-21,Bristol,['Electronic/Dance'],skiddle
41489031,The Darley Park Weekender 2026,2026-08-21,Derby,"['Pop', 'Hip-Hop/Urban', 'Jazz/Blues/Soul']",skiddle
41499775,Flocksteady Bleats 2026,2026-08-21,Salisbury,"['World/Latin/Reggae', 'Metal/Punk']",skiddle
42332312,Phases Casa Nueva X Bunker,2026-08-21,Nottingham,['Electronic/Dance'],skiddle
42434626,One Love Festival,2026-08-21,Lewes,['World/Latin/Reggae'],skiddle
41783439,Beautiful Days Festival,2026-08-21,Ottery Saint Mary,['Rock/Indie'],skiddle
42511298,Field Maneuvers,2026-08-21,Norwich,['Electronic/Dance'],skiddle
41621201,Tribfest 2026,2026-08-21,Driffield,[],skiddle
42146807,Flocksteady Bleats,2026-08-21,Salisbury,['World/Latin/Reggae'],skiddle
42321222,3 Wishes Fairy Festival,2026-08-21,Wells,[],skiddle
41381840,FAC51 The Haçienda at Wollaton Hall - Nottingham,2026-08-22,Nottingham,"['Jazz/Blues/Soul', 'Electronic/Dance']",skiddle
41498381,Park Rock Richmond 2026,2026-08-22,Richmond,"['Pop', 'Rock/Indie', 'Unclassified']",skiddle
41478095,Rockore 2026,2026-08-22,Lochgelly,[],skiddle
42263225,"CLAIRE RICHARDS, ETERNAL & MORE| Love the 90s Fest |Keel Square",2026-08-22,City Of Sunderland,['Retro/Decades'],skiddle
41387582,Roe Green Cricket Club festival 2026,2026-08-22,Worsley,[],skiddle
42258141,Remember Them Dayz Fest - London - Boxpark Wembley,2026-08-22,Wembley,"['World/Latin/Reggae', 'Hip-Hop/Urban']",skiddle
41735474,Himley Live 2026: The Groove Society,2026-08-22,Dudley,"['Classical/Orchestral', 'Electronic/Dance']",skiddle
41777820,SOULTASIA - Bristol,2026-08-22,Bristol,"['Hip-Hop/Urban', 'Jazz/Blues/Soul', 'Electronic/Dance']",skiddle
42262258,Banff Castle Rocks,2026-08-22,Banff,"['Pop', 'Rock/Indie', 'Folk/Country']",skiddle
41943022,Southbound Fest,2026-08-22,Eastbourne,['Electronic/Dance'],skiddle
42145793,Purple Disco Machine,2026-08-22,London,['Electronic/Dance'],skiddle
42081986,"NADINE COYLE & MORE | Pop Republic Fest | Freight Island, MCR",2026-08-22,Manchester,"['Pop', 'Retro/Decades']",skiddle
42521527,"Rum & Reggae | Binks Yard, Nottingham",2026-08-22,Nottingham,"['World/Latin/Reggae', 'Unclassified', 'Electronic/Dance']",skiddle
42161482,Pulloxhill Events 2026 - Ellie Sax Presents Ibiza Anthems Live,2026-08-22,Pulloxhill,['Electronic/Dance'],skiddle
42267769,Paisley Music and Arts Street Festival,2026-08-22,Paisley,[],skiddle
42475431,Dubtendo Day Party - London,2026-08-22,Lewisham,['Electronic/Dance'],skiddle
42429795,Hifields 2026,2026-08-22,Cambridge,['Electronic/Dance'],skiddle
42254185,Signal Festival 2026,2026-08-22,London,['Electronic/Dance'],skiddle
42293596,Cheshire Fest 2026 | Live at Tatton Park,2026-08-22,Cheshire,"['Rock/Indie', 'Electronic/Dance']",skiddle
41736609,Back to the 80's Summer Tribute Festival with Martin Kemp,2026-08-22,Chelmsford,['Retro/Decades'],skiddle
42564700,NucleusFEST,2026-08-22,Rochester,"['Pop', 'Rock/Indie', 'Electronic/Dance']",skiddle
41779593,Boxout Fest 2026 + SPECIAL GUESTS,2026-08-22,Birmingham,"['World/Latin/Reggae', 'Hip-Hop/Urban']",skiddle
42083710,Magic of Thailand Festival in Manchester,2026-08-22,Manchester,[],skiddle
42569009,The Red Lion Garden Party,2026-08-22,Stourbridge,['Electronic/Dance'],skiddle
42428345,Steel City Dancehall Festival 2026,2026-08-22,Sheffield,"['World/Latin/Reggae', 'Hip-Hop/Urban']",skiddle
42508175,4 Corners Day Party,2026-08-22,Barking,"['World/Latin/Reggae', 'Hip-Hop/Urban', 'Electronic/Dance']",skiddle
42364911,Donkey fest,2026-08-22,Rochdale,"['Pop', 'Rock/Indie', 'Folk/Country']",skiddle
42085016,"LOUD and LOADED 2026 - Live Rock, Metal and Beer festival",2026-08-22,Holmfirth,"['Rock/Indie', 'Metal/Punk']",skiddle
42489601,R&B Lovers - Saturday 22nd August - Allerton Manor,2026-08-22,Liverpool,['Hip-Hop/Urban'],skiddle
42587393,Vegan Summer Reggae Jam,2026-08-22,Wolverhampton,[],skiddle
41956404,Rulebreakerz & Friendz Fest,2026-08-22,Clacton-On-Sea,['Electronic/Dance'],skiddle
41455961,Rhythm & Rays Festival 2026,2026-08-22,Somerset,"['Pop', 'Rock/Indie', 'Folk/Country', 'Metal/Punk']",skiddle
42326297,Slug Fest 2026,2026-08-22,Wigan,"['Rock/Indie', 'Electronic/Dance']",skiddle
42323639,INJM Fest,2026-08-22,Royston,['Electronic/Dance'],skiddle
42443381,Jls Ticket,2026-08-22,Derby,['Pop'],skiddle
42573190,R&B Lovers - Saturday 22nd Aug - Aruba Bournemouth,2026-08-22,Bournemouth,['Hip-Hop/Urban'],skiddle
42268249,RNB MANIA | Sunderland's R&B Festival!,2026-08-22,City Of Sunderland,"['Pop', 'Hip-Hop/Urban', 'Retro/Decades']",skiddle
41490996,All Points East,2026-08-22,London,"['Rock/Indie', 'Hip-Hop/Urban']",skiddle
42511203,Hifields Festival,2026-08-22,Cambridge,['Electronic/Dance'],skiddle
41783435,Rewind Festival South,2026-08-22,"Henley-On-Thames, Ox","['Pop', 'Jazz/Blues/Soul']",skiddle
42277222,"GirlyPop Fest | Keel Square, Sunderland",2026-08-23,City Of Sunderland,"['Pop', 'Rock/Indie', 'Unclassified', 'Folk/Country']",skiddle
41735471,Himley Live 2026: Boots & Roots Festival,2026-08-23,Dudley,['Folk/Country'],skiddle
42003445,Sundown Country Festival - Richmond,2026-08-23,Richmond,['Folk/Country'],skiddle
42146706,Raver Tots Outdoor Festival Bristol,2026-08-23,Bristol,[],skiddle
41988597,Summer Festival in Oving,2026-08-25,Aylesbury,[],skiddle
42423124,Vodafone at Reading Festival,2026-08-27,Reading,"['Pop', 'Rock/Indie', 'Hip-Hop/Urban', 'Electronic/Dance']",skiddle
42423130,Vodafone at Leeds Festival,2026-08-27,Wetherby,"['Pop', 'Rock/Indie', 'Hip-Hop/Urban', 'Electronic/Dance']",skiddle
41332366,Chargecandy at Creamfields,2026-08-27,Cheshire,['Electronic/Dance'],skiddle
41623587,Glastonferret 2026,2026-08-27,Preston,"['Rock/Indie', 'Electronic/Dance', 'Metal/Punk']",skiddle
42081946,Chargecandy at Lost Village,2026-08-27,Norton Disney,[],skiddle
42414958,Hitchin Live at the Priory (weekend tickets),2026-08-27,Hitchin,"['Pop', 'Rock/Indie', 'Electronic/Dance']",skiddle
42509013,Robbers Dogs Growler Rally 2026,2026-08-27,"Ellesmere Port, Ches","['Rock/Indie', 'Jazz/Blues/Soul', 'Folk/Country']",skiddle
42449896,Lost Village,2026-08-27,Lincoln,['Electronic/Dance'],skiddle
41780094,Greenbelt Festival,2026-08-27,Northamptonshire,"['Pop', 'Folk/Country']",skiddle
41414028,Reading Festival,2026-08-27,Reading,"['Pop', 'Rock/Indie', 'Hip-Hop/Urban', 'Electronic/Dance']",skiddle
41414023,Leeds Festival,2026-08-27,Wetherby,"['Pop', 'Rock/Indie', 'Hip-Hop/Urban', 'Electronic/Dance']",skiddle
41636501,Shambala Festival,2026-08-27,Northampton,"['Rock/Indie', 'Folk/Country']",skiddle
42490513,Sunshine Music Festival,2026-08-27,Upton Upon Severn,"['Pop', 'Rock/Indie', 'Electronic/Dance']",skiddle
41994011,Tunes in the Park,2026-08-27,England,"['Pop', 'Rock/Indie']",skiddle
41779867,The Long Road,2026-08-27,Leicestershire,['Folk/Country'],skiddle
42250306,Beermageddon,2026-08-27,Bromsgrove,"['Rock/Indie', 'Metal/Punk']",skiddle
42000456,Manchester Village Pride 2026,2026-08-28,Manchester,[],skiddle
41309915,Goatfest 2026,2026-08-28,Codicote,[],skiddle
42092999,"The Bootleg Beatles | Keel Square, Sunderland",2026-08-28,City Of Sunderland,['Rock/Indie'],skiddle
41442630,Preston Summerfest 2026,2026-08-28,Canterbury,"['Rock/Indie', 'Electronic/Dance', 'Folk/Country']",skiddle
42364160,"Chelmsford Summer Series: Sugababes, Annie Mac, Melanie C (DJ)",2026-08-28,Chelmsford,"['Pop', 'Rock/Indie']",skiddle
41970984,Dubs of Rock 2026,2026-08-28,Leicester,"['Rock/Indie', 'Metal/Punk']",skiddle
41363939,Weekend in the Woods,2026-08-28,Podington,['Electronic/Dance'],skiddle
42486620,NBG Garden Party (16-18),2026-08-28,Bristol,['Electronic/Dance'],skiddle
41387428,T.H.E Truckers Tunes Ltd @ The Truck Show Barnard Castle,2026-08-28,Barnard Castle,"['Electronic/Dance', 'Folk/Country']",skiddle
42527002,Sunset At The Manor | Pink Floyd Mega Laser Show | Kent,2026-08-28,Herne Bay,[],skiddle
42077234,FarmFest 2026,2026-08-28,Rickmansworth,"['Rock/Indie', 'Metal/Punk']",skiddle
41021285,The Beat Goes On Presents An Acid Barn Dance,2026-08-28,Batcombe,['Electronic/Dance'],skiddle
42138276,Lost Lake Festival,2026-08-28,Barnstaple,['Electronic/Dance'],skiddle
42076891,Crownload 2026,2026-08-28,Merthyr Tydfil,[],skiddle
42457038,Thunderfest,2026-08-28,Bristol,"['Rock/Indie', 'Folk/Country', 'Metal/Punk']",skiddle
41907227,Bubz Fest,2026-08-28,Hook,[],skiddle
42284766,Equinox Festival,2026-08-28,Podington,['Electronic/Dance'],skiddle
41993843,BeCider Seaside 22,2026-08-28,Bridport,"['Rock/Indie', 'Jazz/Blues/Soul']",skiddle
42343004,Briggzfest 2026,2026-08-28,Lewes,['Electronic/Dance'],skiddle
41474349,CarFest 2026,2026-08-28,Northampton,['Rock/Indie'],skiddle
41652867,Maui Waui Festival,2026-08-28,Thetford,"['Rock/Indie', 'World/Latin/Reggae', 'Folk/Country']",skiddle
42158864,Camper Calling,2026-08-28,Alcester,"['Pop', 'Rock/Indie']",skiddle
42413650,Made in Manchester - Stockport,2026-08-28,Stockport,"['Pop', 'Rock/Indie', 'Unclassified']",skiddle
41622993,Victorious Festival,2026-08-28,Southsea,"['Pop', 'Rock/Indie', 'Electronic/Dance']",skiddle
42447810,Carfest,2026-08-28,Northampton,"['Pop', 'Rock/Indie', 'Electronic/Dance']",skiddle
42507395,Krankenhaus Festival,2026-08-28,Ravenglass,"['Rock/Indie', 'Electronic/Dance']",skiddle
41780081,Shrewsbury Folk Festival,2026-08-28,Shrewsbury,[],skiddle
41599151,The Big Feastival,2026-08-28,Kingham,"['Pop', 'Rock/Indie', 'Electronic/Dance']",skiddle
42136641,The Libertines - Hitchin Live at the Priory,2026-08-29,Hitchin,"['Rock/Indie', 'Metal/Punk']",skiddle
42155992,Dreamland Jouvert X,2026-08-29,Godstone,['World/Latin/Reggae'],skiddle
42329113,Chelmsford Summer Series 2026: Mcfly,2026-08-29,Chelmsford,"['Rock/Indie', 'Metal/Punk']",skiddle
41350919,Noughty 90's Festival Newcastle 2026,2026-08-29,Newcastle Upon Tyne,"['Pop', 'Electronic/Dance']",skiddle
41333313,Blackpool Cricket Club Festival 2026,2026-08-29,Blackpool,[],skiddle
42124643,"ARMAND VAN HELDEN, SOSA & MORE | Groovebox Keel SQ Summer Fest",2026-08-29,City Of Sunderland,['Electronic/Dance'],skiddle
41330461,Cheltenham Tribute Festival 2026,2026-08-29,Cheltenham,[],skiddle
42332767,Road to Nashville Outdoor Festival | SteelYard,2026-08-29,Sheffield,['Folk/Country'],skiddle
41997747,Bournefest 2026,2026-08-29,Eastbourne,"['Electronic/Dance', 'Retro/Decades']",skiddle
41499211,Country Club - Outdoor Country Music Festival - Cardiff,2026-08-29,Cardiff,['Folk/Country'],skiddle
42422339,"DJ SAMMY & MORE | Love the 90s Fest | Winter Garden, Blackpool",2026-08-29,Blackpool,['Retro/Decades'],skiddle
42447238,Nashdown - Country Music Festival,2026-08-29,Lingfield,['Folk/Country'],skiddle
42405851,Country Club - Outdoor Country Music Festival - London,2026-08-29,Canning Town,['Folk/Country'],skiddle
41643819,R&B Lovers - Saturday 29th August - Luna Spring,2026-08-29,Birmingham,['Hip-Hop/Urban'],skiddle
42141620,Summer Outdoor Garage Festival - Wheelers Farm Chelmsford,2026-08-29,Chelmsford,['Electronic/Dance'],skiddle
41916307,Madisons 90s Festival,2026-08-29,Workington,['Electronic/Dance'],skiddle
42470288,90's & 00's Nation presents SED Festival,2026-08-29,Southend-On-Sea,['Electronic/Dance'],skiddle
42517248,"Spangled X Rough Tempo -TNA, Nu:Elementz - Azza + Grima, P Money",2026-08-29,Southend-On-Sea,['Electronic/Dance'],skiddle
42322144,Back To The 90s - Summer Outdoor Festival - Manchester,2026-08-29,Manchester,[],skiddle
42459735,Good Vibes Only. 29th & 30th August 2026.,2026-08-29,Cheltenham,"['World/Latin/Reggae', 'Hip-Hop/Urban', 'Electronic/Dance']",skiddle
41350909,Walsall Pride 2026,2026-08-29,Walsall,[],skiddle
42448226,PURE R&B - Summer Outdoor Day Party Cardiff - August 29th,2026-08-29,Cardiff,"['World/Latin/Reggae', 'Hip-Hop/Urban', 'Jazz/Blues/Soul']",skiddle
42000182,Weeley Tribute Festival 2026,2026-08-29,Clacton-On-Sea,[],skiddle
41911404,Cosmic Vibration Festival III,2026-08-29,Sheffield,"['Rock/Indie', 'Metal/Punk']",skiddle
42489513,R&B Lovers - Summer Outdoor Festival - Sat 29th Aug - Bristol,2026-08-29,Bristol,['Hip-Hop/Urban'],skiddle
42527003,Sunset At The Manor | Ibiza Classics BBQ | Kent,2026-08-29,Herne Bay,[],skiddle
42570963,Tik-Tech VIIII,2026-08-29,Lincoln,['Electronic/Dance'],skiddle
41608621,Live At The Queens Fest,2026-08-29,Bridlington,"['Rock/Indie', 'Electronic/Dance', 'Folk/Country']",skiddle
42502807,Rum & Reggae Chester,2026-08-29,Chester,['World/Latin/Reggae'],skiddle
41988578,Girls Like R&B x Binks Yard Nottingham,2026-08-29,Nottingham,['Hip-Hop/Urban'],skiddle
42497955,Summer Garage Rooftop Rave - Saturday 29th August - Birmingham,2026-08-29,Birmingham,['Electronic/Dance'],skiddle
42569015,Crewe Rocks,2026-08-29,Crewe,"['Rock/Indie', 'Electronic/Dance']",skiddle
42339853,Foodies Festival 2026 - Oxford,2026-08-29,Oxford,[],skiddle
42367639,RNB MANIA | Leeds' Outdoor R&B Festival,2026-08-29,Leeds,"['Hip-Hop/Urban', 'Retro/Decades']",skiddle
42289227,Epidemik in the Woods,2026-08-29,Podington,['Electronic/Dance'],skiddle
42472680,HITOP Tv - The Blueprint Rave Festival Experience - DARTFORD,2026-08-29,Dartford,[],skiddle
41778472,Appetite On The Farm,2026-08-29,Brentwood,[],skiddle
42313386,Forwards - Bristol,2026-08-29,Bristol,['Rock/Indie'],skiddle
41573692,Stonedead Festival,2026-08-29,Newark,"['Rock/Indie', 'Metal/Punk']",skiddle
42162753,Roseshire Festival,2026-08-29,Little Irchester,"['Pop', 'Rock/Indie']",skiddle
42477541,The Searchers and Hollies Experience,2026-08-29,Twickenham,[],skiddle
41598853,The Graves Park Food and Drink Festival 2026: A Summertime Feast,2026-08-29,Sheffield,[],skiddle
41747918,MKF Festival,2026-08-29,Milton Keynes,"['Rock/Indie', 'Metal/Punk']",skiddle
42569368,Roseshire Festival,2026-08-29,Wellingborough,['Rock/Indie'],skiddle
42171055,New World 2026 ft. Craig David | Chelmsford Central Park,2026-08-30,Chelmsford,"['Pop', 'Rock/Indie', 'Hip-Hop/Urban', 'Electronic/Dance']",skiddle
41773595,Road to Nashville Outdoor Festival | Keel Square,2026-08-30,City Of Sunderland,['Folk/Country'],skiddle
42577129,KOMPND Carnival,2026-08-30,Salford,"['World/Latin/Reggae', 'Hip-Hop/Urban', 'Electronic/Dance']",skiddle
42270594,Off Grid Festival: Chapter One,2026-08-30,Sutton Coldfield,['Electronic/Dance'],skiddle
41770198,Allday Indie Outdoor Festival - Manchester,2026-08-30,Manchester,['Rock/Indie'],skiddle
41939804,Party In Acklam Park,2026-08-30,Middlesbrough,"['Rock/Indie', 'Retro/Decades']",skiddle
42300670,Monton Soul & Pop festival,2026-08-30,Manchester,"['Pop', 'Jazz/Blues/Soul', 'Electronic/Dance']",skiddle
42342274,"DJ SAMMY & MORE | Love the 90s Fest | Prospect Building, Bristol",2026-08-30,Bristol,['Retro/Decades'],skiddle
42329468,RNB MANIA | Lincoln's R&B Festival,2026-08-30,Lincoln,"['Hip-Hop/Urban', 'Retro/Decades']",skiddle
42332669,FAC51 The Haçienda Open Air - Birmingham,2026-08-30,Birmingham,"['Jazz/Blues/Soul', 'Electronic/Dance']",skiddle
41438112,Proper Fest 2026,2026-08-30,Clacton-On-Sea,[],skiddle
41643820,R&B Lovers - Sunday 30th August - Wheelers Farm Chelmsford,2026-08-30,Chelmsford,['Hip-Hop/Urban'],skiddle
42366959,RNB MANIA | Derby's R&B Festival,2026-08-30,Derby,"['Hip-Hop/Urban', 'Retro/Decades']",skiddle
42314723,iFest 2026 - 10 Year Anniversary,2026-08-30,Crawley,[],skiddle
42470237,Ibiza Terrace Party 2026,2026-08-30,Cleckheaton,['Electronic/Dance'],skiddle
42437697,State of Mind - The Launch,2026-08-30,Liverpool,['Electronic/Dance'],skiddle
42098293,Swingfest 2026,2026-08-30,Hull,"['Electronic/Dance', 'Retro/Decades']",skiddle
42470297,Mr Shaw Reminisce Bank Holiday August 30th - 2026,2026-08-30,Derby,"['Electronic/Dance', 'Retro/Decades']",skiddle
42527004,Sunset At The Manor | 80s Greatest Hits BBQ | Kent,2026-08-30,Herne Bay,[],skiddle
42399452,Annual Beatles Convention Day 2026,2026-08-30,Liverpool,[],skiddle
42284767,Lazy Sunday Festival,2026-08-30,Podington,['Electronic/Dance'],skiddle
41464327,Party In Y Parc 2026,2026-08-30,Holyhead,[],skiddle
42141586,LegendsLive Festival 2026,2026-08-30,Greenwich,"['Pop', 'Rock/Indie']",skiddle
41638166,Darlington Trackfest,2026-08-30,Darlington,[],skiddle
42542908,Push The Daytime,2026-08-30,York,['Electronic/Dance'],skiddle
42587687,OVER 30's CLUB - Bank Hol Open Air Festival - Luna Springs Bham,2026-08-30,Birmingham,"['Pop', 'Retro/Decades']",skiddle
42447128,Ibiza Radio 1 Ibiza Festival @ Swigg Swansea,2026-08-30,Swansea,['Electronic/Dance'],skiddle
42284776,"KEPLER, LUUK VAN DIJK & MORE |MUZAK & Groovebox Mansfield",2026-08-30,Mansfield,['Electronic/Dance'],skiddle
41778485,Emerge Music Festival Belfast,2026-08-30,Belfast,['Electronic/Dance'],skiddle
42513153,MarkFest VIII,2026-08-30,Mark,"['Pop', 'Rock/Indie', 'Retro/Decades', 'Folk/Country']",skiddle
41499439,Party In Y Parc 2026,2026-08-31,Holyhead,[],skiddle
42078028,"Family Fest ft. K-Pop Live | Keel Square, Sunderland",2026-08-31,City Of Sunderland,"['Pop', 'World/Latin/Reggae', 'Unclassified', 'Rock/Indie']",skiddle
42146704,Raver Tots Outdoor Festival Southend,2026-08-31,Southend-On-Sea,[],skiddle
42498725,Raver Tots x Garage Nation Festival,2026-08-31,Southend-On-Sea,['Electronic/Dance'],skiddle
41466681,LIDO Festival,2026-08-31,London,"['Pop', 'Hip-Hop/Urban', 'Electronic/Dance']",skiddle
