id,name,dates.start.localDate,genre_name,subGenre_name,event_id,city_name,attraction_count,attraction_genres
LvZ18QxAj1bZeL8vGSGnc,EVERYWHERE AT ONCE: Dewin,2026-06-28,Alternative,Adult Alternative Pop/Rock,LvZ18QxAj1bZeL8vGSGnc,"Narberth, Pembrokeshire",4.0,"['Alternative', 'Other']"
LvZ18QxAj1bZeL8vGSGnc,EVERYWHERE AT ONCE: Dewin,2026-06-28,Alternative,Adult Alternative Pop/Rock,LvZ18QxAj1bZeL8vGSGnc,"Narberth, Pembrokeshire",4.0,"['Alternative', 'Other']"
LvZ18QxAj1bZeL8vGSGnc,EVERYWHERE AT ONCE: Dewin,2026-06-28,Alternative,Adult Alternative Pop/Rock,LvZ18QxAj1bZeL8vGSGnc,"Narberth, Pembrokeshire",4.0,"['Alternative', 'Other']"
LvZ18QxAj1bZeL8vGSGnc,EVERYWHERE AT ONCE: Dewin,2026-06-28,Alternative,Adult Alternative Pop/Rock,LvZ18QxAj1bZeL8vGSGnc,"Narberth, Pembrokeshire",4.0,"['Alternative', 'Other']"
LvZ18QxAj1bZeL8vGSGnc,EVERYWHERE AT ONCE: Dewin,2026-06-28,Alternative,Adult Alternative Pop/Rock,LvZ18QxAj1bZeL8vGSGnc,"Narberth, Pembrokeshire",4.0,"['Alternative', 'Other']"
LvZ18QxAj1bZeL8vGSGnc,EVERYWHERE AT ONCE: Dewin,2026-06-28,Alternative,Adult Alternative Pop/Rock,LvZ18QxAj1bZeL8vGSGnc,"Narberth, Pembrokeshire",4.0,"['Alternative', 'Other']"
LvZ18QxAj1bZeL8vGSGnc,EVERYWHERE AT ONCE: Dewin,2026-06-28,Alternative,Adult Alternative Pop/Rock,LvZ18QxAj1bZeL8vGSGnc,"Narberth, Pembrokeshire",4.0,"['Alternative', 'Other']"
LvZ18QxAj1bZeL8vGSGnc,EVERYWHERE AT ONCE: Dewin,2026-06-28,Alternative,Adult Alternative Pop/Rock,LvZ18QxAj1bZeL8vGSGnc,"Narberth, Pembrokeshire",4.0,"['Alternative', 'Other']"
G5vHZ_dQ2CoCm,Orchestral Qawwali Project,2026-07-09,Classical,Classical/Vocal,G5vHZ_dQ2CoCm,Llangollen,1.0,['Rock']
G5vHZbM3j8P-r,The Maccabees,2026-07-09,Rock,Alternative Rock,G5vHZbM3j8P-r,London,3.0,"['Rock', 'Alternative']"
G5vHZbVxTtI6b,Billy Ocean with very special guest Marti Pellow,2026-07-09,R&B,Soul,G5vHZbVxTtI6b,Cardiff,4.0,"['R&B', 'Rock', 'Dance/Electronic']"
G5vHZbgd8hFZT,Billy Ocean- Official Ticket and Hotel Bundls,2026-07-09,R&B,Soul,G5vHZbgd8hFZT,Cardiff,1.0,['R&B']
G5vHZbVUOag3z,Sounds of the City Present Johnny Marr,2026-07-09,Rock,Alternative Rock,G5vHZbVUOag3z,Manchester,2.0,"['Rock', 'Miscellaneous']"
1AdfZ_7GkwtI0NG,Mouth of the Tyne Festival presents The K's,2026-07-09,Rock,Pop,1AdfZ_7GkwtI0NG,Tynemouth,2.0,"['Rock', 'Alternative']"
1AdfZbgGkwHBIZn,THE BEST OF ALL WORLDS - UK TOUR 2026 - SAMMY HAGAR,2026-07-09,Rock,Pop,1AdfZbgGkwHBIZn,London,3.0,['Rock']
1AgZku8Gkel46oP,Deacon Blue,2026-07-09,Rock,Pop,1AgZku8Gkel46oP,Halifax,3.0,['Rock']
LvZ18QLFcSABGRZv1qASZ,Editors,2026-07-09,Rock,Alternative Rock,LvZ18QLFcSABGRZv1qASZ,Birmingham,1.0,['Rock']
LvZ18QQZi14W5HOZl5HIS,Shai Hulud,2026-07-09,Rock,Alternative Rock,LvZ18QQZi14W5HOZl5HIS,London,2.0,['Rock']
1AgZkuPGkdmOlDq,Deacon Blue- Official Ticket and Hotel Bundls,2026-07-09,Rock,Pop,1AgZkuPGkdmOlDq,Halifax,2.0,['Rock']
1AMZk38GkdrVa3A,THE BEST OF ALL WORLDS - UK TOUR 2026 - SAMMY HAGAR,2026-07-09,Rock,Pop,1AMZk38GkdrVa3A,London,2.0,['Rock']
1AUZku9Gkd2raPw,Sounds of the City Present Wet Leg,2026-07-09,Rock,Alternative Rock,1AUZku9Gkd2raPw,Leeds,2.0,['Rock']
LvZ18Q0C4HTwr5AZwuPVd,"Live Jazz from the Piano Bar at Red Room Studios, Soho",2026-07-09,Jazz,Jazz,LvZ18Q0C4HTwr5AZwuPVd,London,3.0,['Jazz']
LvZ18QqmyOChlyZZMazAj,Marty O'Reilly,2026-07-09,Folk,Folk,LvZ18QqmyOChlyZZMazAj,Saltaire,2.0,['Folk']
LvZ18QxN57PgMt8ZvJaAu,Soho Explorer Jazz Sessions from the Piano Bar,2026-07-09,Jazz,Jazz,LvZ18QxN57PgMt8ZvJaAu,London,2.0,['Jazz']
17GOv0G655mss7g,Bilk,2026-07-09,Rock,Pop,17GOv0G655mss7g,London,1.0,['Rock']
17u8v0G6uMl3UjQ,Belle Livingstone's 58th Street Country Club,2026-07-09,Jazz,Jazz,17u8v0G6uMl3UjQ,London,1.0,['Jazz']
G5dzZ_60guDtj,American Hi-Fi,2026-07-09,Rock,Alternative Rock,G5dzZ_60guDtj,London,2.0,['Rock']
G5dzZ_7hjpIzY,Kevin Morby,2026-07-09,Rock,Pop,G5dzZ_7hjpIzY,Manchester,2.0,"['Rock', 'Pop']"
G5dzZ_aMQ_Kzu,Jon B presents Where Will Jon B? UK Tour,2026-07-09,R&B,R&B,G5dzZ_aMQ_Kzu,Birmingham,1.0,['R&B']
LvZ18QOHumBwbQYZPDnS2,Matt-Felix,2026-07-09,Pop,Singer-Songwriter,LvZ18QOHumBwbQYZPDnS2,London,1.0,['Pop']
LvZ18QQBw0KMKwYZ0OiLK,Pinkshift & Heart Attack Man,2026-07-09,Rock,Punk,LvZ18QQBw0KMKwYZ0OiLK,Birmingham,2.0,"['Rock', 'Alternative']"
LvZ18QjmmRPQAoYZzNlGl,Namasenda,2026-07-09,Dance/Electronic,Dance Band,LvZ18QjmmRPQAoYZzNlGl,London,1.0,['Dance/Electronic']
LvZ18QxN7FbzYRYZvNl72,Round 41 - Live Jazz and Fusion Night,2026-07-09,Jazz,Jazz,LvZ18QxN7FbzYRYZvNl72,London,3.0,['Jazz']
1AMZkGYGkdvi_KD,Rumours of Fleetwood Mac,2026-07-09,Undefined,Undefined,1AMZkGYGkdvi_KD,Bristol,1.0,['Undefined']
1AUZk1bGkdgvf0R,Queen of the Night - A Tribute to Whitney Houston,2026-07-09,Rock,Pop,1AUZk1bGkdgvf0R,Inverness,1.0,['Rock']
LvZ18Q0ShRmJeKXhk3BUU,"Rocky Dawuni | London, The 100 Club",2026-07-09,Reggae,Reggae,LvZ18Q0ShRmJeKXhk3BUU,London,1.0,['Reggae']
LvZ18Q8uxSqYYH8ZlfMyB,Bat Sabbath,2026-07-09,Undefined,Undefined,LvZ18Q8uxSqYYH8ZlfMyB,Southend-On-Sea,2.0,"['Undefined', 'Alternative']"
LvZ18Q9Cxbdi8jOZ0jG6m,Yellowman & The Upper Cut,2026-07-09,Reggae,Reggae,LvZ18Q9Cxbdi8jOZ0jG6m,Manchester,2.0,['Reggae']
LvZ18QO6E5_0DZYvqZ7DL,King Tuts Summer Nights - Golden Ticket,2026-07-09,Rock,Pop,LvZ18QO6E5_0DZYvqZ7DL,Glasgow,2.0,['Rock']
LvZ18QO6E5_0DZYvqZ7DL,King Tuts Summer Nights - Golden Ticket,2026-07-09,Rock,Pop,LvZ18QO6E5_0DZYvqZ7DL,Glasgow,2.0,['Rock']
LvZ18QO6E5_0DZYvqZ7DL,King Tuts Summer Nights - Golden Ticket,2026-07-09,Rock,Pop,LvZ18QO6E5_0DZYvqZ7DL,Glasgow,2.0,['Rock']
LvZ18QO6E5_0DZYvqZ7DL,King Tuts Summer Nights - Golden Ticket,2026-07-09,Rock,Pop,LvZ18QO6E5_0DZYvqZ7DL,Glasgow,2.0,['Rock']
LvZ18QO6tzqQrmYva6yJS,King Tut's Summer Nights Presents: Marigold,2026-07-09,Rock,Pop,LvZ18QO6tzqQrmYva6yJS,Glasgow,5.0,"['Rock', 'Alternative', 'Folk']"
LvZ18QQ5e9hGMIZZiN60P,SoulSwitch + Supports,2026-07-09,Rock,Pop,LvZ18QQ5e9hGMIZZiN60P,Cannock,2.0,['Rock']
LvZ18QjydqyH6S8Z0cWOl,Thrum,2026-07-09,Rock,Rock,LvZ18QjydqyH6S8Z0cWOl,Leeds,1.0,['Rock']
16dfZ_djVG7Ty3f,Abba Voyage - VIP Premium Package,2026-07-09,Pop,Pop,16dfZ_djVG7Ty3f,London,1.0,['Pop']
1AgZkCKGkesMyt-,ABBA Voyage,2026-07-09,Pop,Pop,1AgZkCKGkesMyt-,London,1.0,['Pop']
1AdbZ_FGkXXzUsV,Jeff Darko - LAR LAR LAND Presents Psychedelic Gospel,2026-07-09,Other,Other,1AdbZ_FGkXXzUsV,Glasgow,,
1kGOv0p8GA5vYi-,Barbatuques - Restaurant,2026-07-09,Other,Other,1kGOv0p8GA5vYi-,London,,
1kGOv0p8GA5vYip,Barbatuques,2026-07-09,Other,Other,1kGOv0p8GA5vYip,London,,
LvZ18Qx4Hfw5hoOZV_JHK,Amplify - The Class / Once Chosen / Hilltop Droogs / James Roberts,2026-07-09,Alternative,Alternative,LvZ18Qx4Hfw5hoOZV_JHK,St Albans,1.0,['Alternative']
LvZ18Q0C4HTwr5AZwuPVe,"Live Jazz from the Piano Bar at Red Room Studios, Soho",2026-07-09,Jazz,Jazz,LvZ18Q0C4HTwr5AZwuPVe,London,3.0,['Jazz']
LvZ18QxN5xk01AOZvZbV4,"The Cocktail Set from Piano Bar at Red Room Studios, Soho - Live Jazz",2026-07-09,Jazz,Jazz,LvZ18QxN5xk01AOZvZbV4,London,2.0,['Jazz']
LvZ18Q8ef7zKs48Z0sc11,Acantha Lang sings the best of Gladys Knight,2026-07-09,R&B,Soul,LvZ18Q8ef7zKs48Z0sc11,London,1.0,['R&B']
16djZbzkpG7X9uN,Friday Day - Wireless 2026,2026-07-10,Undefined,Undefined,16djZbzkpG7X9uN,London,2.0,"['Undefined', 'Hip-Hop/Rap']"
1AMZkGyGkdEauCg,Amex Presents BST Hyde Park - Pitbull - Ultimate Bar Packages,2026-07-10,Undefined,Undefined,1AMZkGyGkdEauCg,London,3.0,"['Undefined', 'Pop']"
1AMZkGyGkeJTygI,American Express Presents BST Hyde Park - Pitbull,2026-07-10,Undefined,Undefined,1AMZkGyGkeJTygI,London,6.0,"['Undefined', 'Pop', 'World', 'Hip-Hop/Rap']"
16djZbVF7G7ncoa,Pitbull - Official Premium Ticket and Hotel Experiences,2026-07-10,Pop,Pop,16djZbVF7G7ncoa,London,2.0,"['Pop', 'Undefined']"
LvZ18QL6CNUlZyYZ0zK-l,90s & 00s Nation Summer Fest,2026-07-10,Dance/Electronic,Club Dance,LvZ18QL6CNUlZyYZ0zK-l,Hornchurch,4.0,"['Dance/Electronic', 'Hip-Hop/Rap']"
1ANZkGkGkd1nYEZ,My Chemical Romance - Long Live The Black Parade Tour,2026-07-10,Rock,Alternative Rock,1ANZkGkGkd1nYEZ,London,1.0,['Rock']
G5vHZ_dzYm1tU,Bastille  - Upgrade (does not include event ticket),2026-07-10,Rock,Pop,G5vHZ_dzYm1tU,Cardiff,4.0,"['Rock', 'Pop']"
G5vHZbVxDiED0,Bastille with special guests Arthur Hill and Sofia Camara,2026-07-10,Rock,Pop,G5vHZbVxDiED0,Cardiff,4.0,"['Rock', 'Pop']"
G5vHZbgLcwt9a,Wet Leg,2026-07-10,Rock,Alternative Rock,G5vHZbgLcwt9a,London,1.0,['Rock']
G5vHZbgdNZbnj,In The Park Newcastle Presents Paul Weller,2026-07-10,Rock,Pop,G5vHZbgdNZbnj,Newcastle,2.0,['Rock']
G5vHZbghJO_3c,Emeli Sande with The Absolute Orchestra,2026-07-10,R&B,R&B,G5vHZbghJO_3c,Llangollen,2.0,"['R&B', 'Rock']"
G5vHZbMmsip4D,Bastille - Official Ticket and Hotel Bundls,2026-07-10,Rock,Pop,G5vHZbMmsip4D,Cardiff,2.0,['Rock']
1AdfZ_kGknDSfO2,David Gray,2026-07-10,Rock,Alternative Rock,1AdfZ_kGknDSfO2,Margate,1.0,['Rock']
G5vHZbVTj6zFy,Sounds of the City Present THE STREETS,2026-07-10,Miscellaneous,Miscellaneous,G5vHZbVTj6zFy,Manchester,2.0,"['Miscellaneous', 'Hip-Hop/Rap']"
1AdbZ_aGkwr0Kjc,JINKX MONSOON: Speaking of Witch - Venue Premium Tickets,2026-07-10,Rock,Pop,1AdbZ_aGkwr0Kjc,York,2.0,"['Performance Art', 'Undefined']"
1AdfZbVGkMbQJQO,Mouth of the Tyne Festival presents MINISTRY OF SOUND CLASSICAL,2026-07-10,Classical,Classical/Vocal,1AdfZbVGkMbQJQO,Tynemouth,4.0,"['Classical', 'Rock', 'Dance/Electronic']"
1AdfZbVGkX060UJ,Deacon Blue,2026-07-10,Rock,Pop,1AdfZbVGkX060UJ,Scarborough,3.0,['Rock']
1AdjZ_aGkw0nK2m,Lucki - Venue Premium Tickets,2026-07-10,Hip-Hop/Rap,Trap,1AdjZ_aGkw0nK2m,London,2.0,"['Hip-Hop/Rap', 'Undefined']"
1AgZkuaGkdxCnPh,Billy Ocean with very special guest Marti Pellow,2026-07-10,R&B,Soul,1AgZkuaGkdxCnPh,Halifax,4.0,"['R&B', 'Rock', 'Dance/Electronic']"
G5vHZ_dUSK0Sw,Summer Concerts - the Abba Reunion Tribute Show,2026-07-10,Undefined,Undefined,G5vHZ_dUSK0Sw,Staffordshire,2.0,"['Undefined', 'Rock']"
G5vHZ_k5as4vE,GlassJaw,2026-07-10,Rock,Alternative Rock,G5vHZ_k5as4vE,London,1.0,['Rock']
LvZ18Q-pKLX3pcOZ0OBgy,SOLID SOUL Fri 10 July 2026 The Jam House Birmingham,2026-07-10,Pop,Pop,LvZ18Q-pKLX3pcOZ0OBgy,Birmingham,2.0,"['Pop', 'Classical']"
LvZ18QbGIx0SvLOZl1iCS,KEVIN MORBY,2026-07-10,Rock,Pop,LvZ18QbGIx0SvLOZl1iCS,Brighton,1.0,['Rock']
LvZ18QqzD5j7hHZZ0d60V,AGNOSTIC FRONT x D.R.I.,2026-07-10,Rock,Alternative Rock,LvZ18QqzD5j7hHZZ0d60V,London,2.0,['Rock']
LvZ18QxNGBPZeYOZvC6Lf,Alfies Soho - Live Jazz and Blues,2026-07-10,Jazz,Jazz,LvZ18QxNGBPZeYOZvC6Lf,London,2.0,['Jazz']
1AgZku8GkdJ3lI7,Billy Ocean- Official Ticket and Hotel Bundls,2026-07-10,R&B,Soul,1AgZku8GkdJ3lI7,Halifax,2.0,"['R&B', 'Rock']"
1AgZkuPGkdw4HkG,Deacon Blue- Official Ticket and Hotel Bundls,2026-07-10,Rock,Pop,1AgZkuPGkdw4HkG,Scarborough,2.0,['Rock']
1AdbZbgGkYaZrY-,Sounds of the City Present The Human League,2026-07-10,Rock,Alternative Rock,1AdbZbgGkYaZrY-,Leeds,3.0,['Rock']
LvZ18QhOV8mo-lOZvNsvg,Zoe Rahman Trio - Album Launch,2026-07-10,Folk,Folk,LvZ18QhOV8mo-lOZvNsvg,London,1.0,['Folk']
LvZ18QrbmRYs8TZv1ptka,The Temptations by Masterpiece,2026-07-10,R&B,Soul,LvZ18QrbmRYs8TZv1ptka,London,1.0,['R&B']
1AdbZbVGkUnCgyg,Callum Beattie,2026-07-10,Rock,Pop,1AdbZbVGkUnCgyg,Edinburgh,1.0,['Rock']
17u8v0G6u0vuU4W,Mackenzy Mackay,2026-07-10,Pop,Pop,17u8v0G6u0vuU4W,London,1.0,['Pop']
17u8v0G6uMl-kO7,Belle Livingstone's 58th Street Country Club,2026-07-10,Jazz,Jazz,17u8v0G6uMl-kO7,London,1.0,['Jazz']
17uOvxG65QcQflP,What's Love Got to do With it? - The Ultimate Tribute to Tina Turner,2026-07-10,Undefined,Undefined,17uOvxG65QcQflP,Aberdeen,1.0,['Undefined']
1AMZkuJGkdOnM4q,Jools Holland and His Rhythm & Blues Orchestra,2026-07-10,R&B,R&B,1AMZkuJGkdOnM4q,High Wycombe,2.0,"['R&B', 'Rock']"
1AdFZ_7Gkmwy8I2,The Spooky Men's Chorale,2026-07-10,Folk,Indie Folk,1AdFZ_7Gkmwy8I2,Glasgow,,
1AdFZbMGkl6ao5W,Carrtoons - Restaurant,2026-07-10,R&B,R&B,1AdFZbMGkl6ao5W,London,3.0,['R&B']
1AdFZbMGkl6aoGm,CARRTOONS,2026-07-10,R&B,R&B,1AdFZbMGkl6aoGm,London,3.0,['R&B']
1AdbZ_kGkUYY4GY,December 10,2026-07-10,Pop,Pop,1AdbZ_kGkUYY4GY,Edinburgh,1.0,['Pop']
1AdjZ_6GkXwgeId,Young Miko,2026-07-10,Latin,Latin,1AdjZ_6GkXwgeId,London,1.0,['Latin']
1AwZkobGkeIrY-D,Cloudbusting - the Music of Kate Bush,2026-07-10,Undefined,Undefined,1AwZkobGkeIrY-D,Glasgow,1.0,['Undefined']
G5dzZbzTnG4t6,Breaking Benjamin,2026-07-10,Rock,Alternative Rock,G5dzZbzTnG4t6,Birmingham,3.0,['Rock']
G5vHZbSeV3kWl,Rumours of Fleetwood Mac,2026-07-10,Undefined,Undefined,G5vHZbSeV3kWl,Truro,1.0,['Undefined']
LvZ18Q0aQb9cPmkwhe06p,Summer Ceilidh,2026-07-10,Folk,Traditional Scottish Folk,LvZ18Q0aQb9cPmkwhe06p,Glasgow,1.0,['Folk']
LvZ18Q9NSTJhZX8ZyoM7h,Limehouse Lizzy,2026-07-10,Undefined,Undefined,LvZ18Q9NSTJhZX8ZyoM7h,Derby,1.0,['Undefined']
LvZ18QKhnpwMJ5ZZy3nZU,Nik Kershaw,2026-07-10,Rock,Pop,LvZ18QKhnpwMJ5ZZy3nZU,Newcastle upon Tyne,1.0,['Rock']
LvZ18QjA4lrXSXOvOd5rJ,Knights Foundation Presents: Southampton's Finest Talent (Charity Night),2026-07-10,Other,Other,LvZ18QjA4lrXSXOvOd5rJ,Southampton,4.0,"['Other', 'Rock', 'Dance/Electronic']"
17uYvxG62LHjdYZ,The James Bond Spectacular,2026-07-10,Rock,Pop,17uYvxG62LHjdYZ,Bath,,
1AMZkugGkdRNtni,The Proclaimers,2026-07-10,Rock,Pop,1AMZkugGkdRNtni,Peterborough,1.0,['Rock']
1AdfZ_eGkTIpEj_,Shalamar: The Gold Tour - A Fifty Year Celebration,2026-07-10,Rock,Pop,1AdfZ_eGkTIpEj_,Colchester,1.0,['Rock']
LvZ18Q8f8XNLOm8ZlVSP1,20 Dollar Wedding - CANCELLED,2026-07-10,Folk,Americana,LvZ18Q8f8XNLOm8ZlVSP1,Newcastle Upon Tyne,1.0,['Folk']
LvZ18Q9uop5zF7ZZYCqKJ,Noasis - Hertford Corn Exchange - Friday 10 July 2026,2026-07-10,Undefined,Undefined,LvZ18Q9uop5zF7ZZYCqKJ,Hertford,1.0,['Undefined']
LvZ18QO6m1d7MjZZJ3hhf,King Tut's Summer Nights Presents: Close Control,2026-07-10,Rock,Pop,LvZ18QO6m1d7MjZZJ3hhf,Glasgow,5.0,"['Rock', 'Other', 'Alternative', 'Pop']"
LvZ18QQ8uzjyGrZZ0gNY9,Paradise Sins + SoulSwitch,2026-07-10,Metal,Metal,LvZ18QQ8uzjyGrZZ0gNY9,Birmingham,2.0,"['Metal', 'Rock']"
LvZ18QQhVzALw-OZisfxm,Remembering John Holt,2026-07-10,Reggae,Reggae,LvZ18QQhVzALw-OZisfxm,London,1.0,['Reggae']
LvZ18QjQGDVApvZv-69kf,Just the Tonic Comedy Club - Leamington Spa - Ross Noble Special,2026-07-10,Comedy,Comedy,LvZ18QjQGDVApvZv-69kf,Leamington Spa,4.0,"['Comedy', 'Dance/Electronic']"
LvZ18Qqyejr3unYv1Gf_K,Stiff Little Fingers,2026-07-10,Rock,Pop,LvZ18Qqyejr3unYv1Gf_K,Norwich ,1.0,['Rock']
LvZ18_PvbhlZPKv9I8T9h,Alexandra Leaving,2026-07-10,Alternative,Alternative Rock,LvZ18_PvbhlZPKv9I8T9h,Birmingham,1.0,['Alternative']
1AgZkCKGkewAaYe,ABBA Voyage,2026-07-10,Pop,Pop,1AgZkCKGkewAaYe,London,1.0,['Pop']
1agZk8MuK3fZe5A,Abba Voyage - VIP Premium Package,2026-07-10,Pop,Pop,1agZk8MuK3fZe5A,London,1.0,['Pop']
17GOv0G659o_8Y2,Blank Cheque + No Rest for the Spacemen + Us Lot,2026-07-10,Rock,Pop,17GOv0G659o_8Y2,London,,
LvZ18QxNGBPZeYOZvC6L4,Alfies Soho - Live Jazz and Blues,2026-07-10,Jazz,Jazz,LvZ18QxNGBPZeYOZvC6L4,London,2.0,['Jazz']
LvZ18QxNe1aKvNZZv7Zlk,Soho Sports Night - World Cup Special,2026-07-10,Jazz,Jazz,LvZ18QxNe1aKvNZZv7Zlk,London,3.0,['Jazz']
LvZ18QxntdUewpOZ0jTLd,THE HOTKNIVES + SUPPORT,2026-07-10,Rock,Pop,LvZ18QxntdUewpOZ0jTLd,Brighton,1.0,['Rock']
1AwZkoPGkdAAYBl,Mainly Madness,2026-07-10,Rock,Pop,1AwZkoPGkdAAYBl,Southampton,1.0,['Rock']
LvZ18QhOV8mo-lOZvNsvU,Zoe Rahman Trio - Album Launch,2026-07-10,Folk,Folk,LvZ18QhOV8mo-lOZvNsvU,London,1.0,['Folk']
LvZ18Qx5wwKR5MYZ0WKJW,Boney M feat Maizie Williams,2026-07-10,Rock,Pop,LvZ18Qx5wwKR5MYZ0WKJW,London,2.0,"['Rock', 'Pop']"
LvZ18QqL4Ffk1eOvqyHPh,"BADSISTA, Anita B Queen, DJ Travella",2026-07-10,Dance/Electronic,Dance/Electronic,LvZ18QqL4Ffk1eOvqyHPh,London,4.0,['Dance/Electronic']
16djZbzJfG7RfqJ,Wireless 2026 - VIP Ticket,2026-07-10,Undefined,Undefined,16djZbzJfG7RfqJ,London,2.0,"['Undefined', 'Hip-Hop/Rap']"
1AMZkCvGkdo0G55,2 Day (Fri + Sat) - Wireless 2026,2026-07-10,Undefined,Undefined,1AMZkCvGkdo0G55,London,1.0,['Undefined']
1AMZkCvGkdsKWBf,Souvenir Ticket - Wireless 2026,2026-07-10,Undefined,Undefined,1AMZkCvGkdsKWBf,London,1.0,['Undefined']
1AMZkCvGke-Tboa,"3 Day (Fri, Sat, Sun) - Wireless 2026",2026-07-10,Undefined,Undefined,1AMZkCvGke-Tboa,London,1.0,['Undefined']
1AMZkCvGkeUxty9,2 Day (Fri + Sun) - Wireless 2026,2026-07-10,Undefined,Undefined,1AMZkCvGkeUxty9,London,1.0,['Undefined']
1AMZkoMGke0Kole,Wireless 2026 - The Lounge,2026-07-10,Undefined,Undefined,1AMZkoMGke0Kole,London,2.0,"['Undefined', 'Hip-Hop/Rap']"
G5vHZbRBbBovA,Lost Minds Festival 2026 Payment Plan,2026-07-11,Pop,Electro Pop,G5vHZbRBbBovA,Newcastle,1.0,['Dance/Electronic']
G5vHZbRE2vvoV,Lost Minds Festival 2026,2026-07-11,Pop,Electro Pop,G5vHZbRE2vvoV,Newcastle,1.0,['Dance/Electronic']
1AMZkCvGke03zh7,Saturday Day - Wireless 2026,2026-07-11,Undefined,Undefined,1AMZkCvGke03zh7,London,2.0,"['Undefined', 'Hip-Hop/Rap']"
LvZ18Q9RcjVLBYZZ0J5nC,Boogietown 2026,2026-07-11,R&B,R&B,LvZ18Q9RcjVLBYZZ0J5nC,Walton-on-Thames,20.0,"['R&B', 'Pop', 'Other', 'Reggae', 'Rock', 'Dance/Electronic']"
LvZ18QqzT7Dg6MZvqS5SO,F&NMusic Present's R&B Karaoke Brunch Feat Versions,2026-07-11,R&B,R&B,LvZ18QqzT7Dg6MZvqS5SO,London,1.0,['R&B']
LvZ18Qb93a-3Bn8Zlu5Ue,Rapid Aye Movement,2026-07-11,Rock,Rock,LvZ18Qb93a-3Bn8Zlu5Ue,"Newcastle upon Tyne, NE1 2PQ",1.0,['Rock']
LvZ18Qj1kRInnM8Z0Agsf,The Saturday Brunch Club,2026-07-11,Food & Drink,Food & Drink,LvZ18Qj1kRInnM8Z0Agsf,London,2.0,"['Food & Drink', 'Jazz']"
17u8v0G6uMlRpNH,Belle Livingstone's 58th Street Country Club,2026-07-11,Jazz,Jazz,17u8v0G6uMlRpNH,London,1.0,['Jazz']
1AdjZbwGkwR6s6b,Amex Presents BST Hyde Park - Lewis Capaldi - Ultimate Bar Packages,2026-07-11,Undefined,Undefined,1AdjZbwGkwR6s6b,London,4.0,"['Undefined', 'Alternative', 'Pop']"
1kuYvNGtGA1e_qM,Iron Maiden - EDDFEST,2026-07-11,Metal,Nu-Metal,1kuYvNGtGA1e_qM,Stevenage,6.0,"['Metal', 'Rock']"
LvZ18Q9IT_UBt9ZZ0lAeZ,Kaleidoscope Festival - 2026,2026-07-11,Undefined,Undefined,LvZ18Q9IT_UBt9ZZ0lAeZ,London,8.0,"['Undefined', 'Comedy', 'Dance/Electronic', 'Rock', 'Pop']"
LvZ18QreRQqzqTOZ0-3GN,Saturday Jazz Lunch | Frank & Dean,2026-07-11,Jazz,Big Band,LvZ18QreRQqzqTOZ0-3GN,London,3.0,"['Jazz', 'Undefined']"
LvZ18QxTDjf7En8vOuniM,The Mumbles Day of Hell,2026-07-11,R&B,Funk,LvZ18QxTDjf7En8vOuniM,London,1.0,['R&B']
1AMZkGVGkdNTc3Z,Iron Maiden - Official Ticket and Hotel Packages,2026-07-11,Metal,Nu-Metal,1AMZkGVGkdNTc3Z,Stevenage,1.0,['Metal']
1AdjZbwGkmJHZXP,American Express Presents BST Hyde Park - Lewis Capaldi,2026-07-11,Undefined,Undefined,1AdjZbwGkmJHZXP,London,4.0,"['Undefined', 'Alternative', 'Pop']"
LvZ18Qj_rDCZd3YZ0nr_7,Lost Frequencies Open Air,2026-07-11,Dance/Electronic,Club Dance,LvZ18Qj_rDCZd3YZ0nr_7,London,1.0,['Dance/Electronic']
1AdjZbwGkw2DYNr,Lewis Capaldi - Official Premium Ticket and Hotel Experiences,2026-07-11,Undefined,Undefined,1AdjZbwGkw2DYNr,London,2.0,"['Undefined', 'Alternative']"
LvZ18QbjIhjNZcOZ00VL_,An Afternoon of indie - Indie for the over 30s!,2026-07-11,Rock,Alternative Rock,LvZ18QbjIhjNZcOZ00VL_,Stockport,1.0,['Rock']
16gZk8MupZA51AuF,Abba Voyage - VIP Premium Package,2026-07-11,Pop,Pop,16gZk8MupZA51AuF,London,1.0,['Pop']
1AdbZ_dGkBYIfnn,Road To Nashville Festival,2026-07-11,Country,Country,1AdbZ_dGkBYIfnn,Glasgow,,
1AgZkCKGkew3_S1,ABBA Voyage,2026-07-11,Pop,Pop,1AgZkCKGkew3_S1,London,1.0,['Pop']
G5vHZbzXgMVKE,Eden Sessions: The Maccabees,2026-07-11,Rock,Pop,G5vHZbzXgMVKE,St Austell,5.0,"['Rock', 'Alternative']"
LvZ18Qhnkp9HBEYZHRD7I,"An Afternoon of Indie NOTTINGHAM - Indie for the over 30s, 3pm-7pm",2026-07-11,Alternative,Indie Rock,LvZ18Qhnkp9HBEYZHRD7I,Nottingham,1.0,['Alternative']
LvZ18QxnabRjd0YvOxz09,For The Love Of Garage - Summer Terrace Party,2026-07-11,Dance/Electronic,Club Dance,LvZ18QxnabRjd0YvOxz09,London,1.0,['Dance/Electronic']
G5vHZbVI75tqv,Sounds of the City Present THE STREETS,2026-07-11,Miscellaneous,Miscellaneous,G5vHZbVI75tqv,Manchester,2.0,"['Miscellaneous', 'Hip-Hop/Rap']"
LvZ18Qqz8nytfP8vqC0Ut,Channel One Sound System BBQ,2026-07-11,Reggae,Reggae,LvZ18Qqz8nytfP8vqC0Ut,London,1.0,['Reggae']
1ANZkGkGkd5MZEy,My Chemical Romance - Long Live The Black Parade Tour,2026-07-11,Rock,Alternative Rock,1ANZkGkGkd5MZEy,London,1.0,['Rock']
1AdbZbgGkUClgBD,The Cribs,2026-07-11,Rock,Alternative Rock,1AdbZbgGkUClgBD,Leeds,1.0,['Rock']
1AeGZbYGkDjzYDs,Rob Lamberti Presents Perfectly George - Live Lounge Premium Package,2026-07-11,Undefined,Undefined,1AeGZbYGkDjzYDs,Derby,2.0,"['Pop', 'Undefined']"
G5vHZbgxzubF7,An Evening with Michael Ball,2026-07-11,Pop,Adult Contemporary,G5vHZbgxzubF7,Llangollen,2.0,"['Pop', 'Rock']"
G5vHZbsmx6ouD,David Gray + Special Guest The Divine Comedy,2026-07-11,Rock,Alternative Rock,G5vHZbsmx6ouD,Cardiff,3.0,['Rock']
G5vHZbw3SUfAW,David Gray- Official Ticket and Hotel Bundls,2026-07-11,Rock,Alternative Rock,G5vHZbw3SUfAW,Cardiff,2.0,['Rock']
1AMZk38GkdSXhQY,THE BEST OF ALL WORLDS - UK TOUR 2026 - SAMMY HAGAR,2026-07-11,Rock,Pop,1AMZk38GkdSXhQY,London,2.0,['Rock']
15dfZbMjvOyJK,Mouth of the Tyne Festival Presents Self Esteem,2026-07-11,Pop,Pop,15dfZbMjvOyJK,Tynemouth,2.0,"['Pop', 'Rock']"
1AdjZ_aGkU0fKAJ,Ilaiyaraaja - Venue Premium Tickets,2026-07-11,World,World,1AdjZ_aGkU0fKAJ,London,2.0,"['World', 'Undefined']"
1AeGZbYGkBB6ZUf,Rob Lamberti Presents Perfectly George,2026-07-11,Undefined,Undefined,1AeGZbYGkBB6ZUf,Derby,1.0,['Pop']
1AgZkuVGkdUoQsF,SEX PISTOLS FT. FRANK CARTER,2026-07-11,Rock,Pop,1AgZkuVGkdUoQsF,Halifax,4.0,['Rock']
1ku8vN3aGA270Jf,Bastille,2026-07-11,Rock,Pop,1ku8vN3aGA270Jf,Scarborough,3.0,"['Rock', 'Jazz']"
G5dzZbUhdqE8R,Jools Holland and His Rhythm & Blues Orchestra,2026-07-11,R&B,R&B,G5dzZbUhdqE8R,Swansea,2.0,"['R&B', 'Rock']"
G5vHZ_FUg6eHo,House of Protection,2026-07-11,Rock,Alternative Rock,G5vHZ_FUg6eHo,London,3.0,"['Rock', 'Alternative', 'Metal']"
G5vHZ_dwWwpOE,Summer Concerts - Wildboys Absolute 80s,2026-07-11,Rock,Pop,G5vHZ_dwWwpOE,Staffordshire,1.0,['Rock']
LvZ18Q9u32wxOVZZ0GNih,Noasis - Hertford Corn Exchange - Saturday 11 July 2026,2026-07-11,Undefined,Undefined,LvZ18Q9u32wxOVZZ0GNih,Hertford,1.0,['Undefined']
1AdfZbMGkmmB9AN,Bastille - Official Ticket and Hotel Bundls,2026-07-11,Rock,Pop,1AdfZbMGkmmB9AN,Scarborough,2.0,['Rock']
1AdfZbMGkmpV7VU,Sex Pistols- Official Ticket and Hotel Bundls,2026-07-11,Rock,Pop,1AdfZbMGkmpV7VU,Halifax,2.0,['Rock']
LvZ18QxveU7Yw5OvOwI8f,A Tribute to Etta James & Janis Joplin ft. LiV Warfield,2026-07-11,R&B,R&B,LvZ18QxveU7Yw5OvOwI8f,London,1.0,['R&B']
1AwZkuyGkdfkYJ-,Legend - a Tribute To Bob Marley Followed By England V Norway - Fifa W,2026-07-11,Undefined,Undefined,1AwZkuyGkdfkYJ-,Southampton,1.0,['Undefined']
1AdbZbUGklCoy0s,Garbage,2026-07-11,Rock,Alternative Rock,1AdbZbUGklCoy0s,Edinburgh,1.0,['Rock']
17u8v0G6uMlXkJc,Belle Livingstone's 58th Street Country Club,2026-07-11,Jazz,Jazz,17u8v0G6uMlXkJc,London,1.0,['Jazz']
1AdfZ_7Gkn65vU_,Nourished by Time,2026-07-11,Rock,Pop,1AdfZ_7Gkn65vU_,London,2.0,"['Rock', 'Alternative']"
G5dzZ_6DQHfSw,Sumo Cyco,2026-07-11,Rock,Pop,G5dzZ_6DQHfSw,London,2.0,"['Rock', 'Metal']"
G5dzZ_kMQq6GG,December 10,2026-07-11,Pop,Electro Pop,G5dzZ_kMQq6GG,Liverpool,1.0,['Pop']
G5dzZbznjqdqW,Breaking Benjamin,2026-07-11,Rock,Alternative Rock,G5dzZbznjqdqW,Glasgow,2.0,['Rock']
LvZ18Q9wAFFMtzOZlSNb_,Maniac Street Preachers vs. Stereoironics,2026-07-11,Rock,Alternative Rock,LvZ18Q9wAFFMtzOZlSNb_,Southampton,2.0,['Rock']
17u8vxG629gh3gw,Thank ABBA for The Music,2026-07-11,Undefined,Undefined,17u8vxG629gh3gw,Scarborough,1.0,['Undefined']
17uYvxG6uNE3M2H,The Rocket Man - a Tribute To Elton John,2026-07-11,Undefined,Undefined,17uYvxG6uNE3M2H,Bath,,
LvZ18QO6Yr09_E8ZMigdJ,King Tut's Summer Nights Presents: PaperHouse,2026-07-11,Rock,Pop,LvZ18QO6Yr09_E8ZMigdJ,Glasgow,5.0,"['Rock', 'Alternative', 'Pop']"
LvZ18QQk52mEmB8ZPXKWB,Say Shava Shava : A 25 Year Musical Celebration - Luton,2026-07-11,Foreign,Foreign,LvZ18QQk52mEmB8ZPXKWB,Luton,2.0,"['Foreign', 'World']"
16dfZ_djgG7IaKE,Abba Voyage - VIP Premium Package,2026-07-11,Pop,Pop,16dfZ_djgG7IaKE,London,1.0,['Pop']
1AgZkCKGkewLtga,ABBA Voyage,2026-07-11,Pop,Pop,1AgZkCKGkewLtga,London,1.0,['Pop']
LvZ18QjAlb3SIG8Zz5fvv,De Beauvoir Jazz Festival: Lucy-Anne Daniels & Liselotte Östblom,2026-07-11,Jazz,Jazz,LvZ18QjAlb3SIG8Zz5fvv,London,3.0,['Jazz']
LvZ18Q9IZn-iVWOZlCsT_,Guns 2 Roses,2026-07-11,Undefined,Undefined,LvZ18Q9IZn-iVWOZlCsT_,Nuneaton,1.0,['Undefined']
LvZ18Q4S95voQ0OZyWeTj,Mania: The ABBA Show,2026-07-11,Undefined,Undefined,LvZ18Q4S95voQ0OZyWeTj,London,1.0,['Undefined']
G5dzZ_6Jp1SoD,Bristol Pride Afterparty,2026-07-11,Pop,Pop,G5dzZ_6Jp1SoD,Bristol,,
LvZ18QL6nwO0tKZZ0JplD,CLUB STIGMATA - 11th July,2026-07-11,Alternative,Goth,LvZ18QL6nwO0tKZZ0JplD,Glasgow,4.0,"['Alternative', 'Metal']"
LvZ18Q0_grnqitMu1wS7E,Rehab_LDN,2026-07-11,Dance/Electronic,Dance/Electronic,LvZ18Q0_grnqitMu1wS7E,London,1.0,['Dance/Electronic']
LvZ18QxvnZQDw78ZJI7Lw,Soul City: House music every Saturday,2026-07-11,Undefined,Undefined,LvZ18QxvnZQDw78ZJI7Lw,London,2.0,"['Undefined', 'Dance/Electronic']"
1AMZkCvGkdvIlG_,2 Day (Sat + Sun) - Wireless 2026,2026-07-11,Undefined,Undefined,1AMZkCvGkdvIlG_,London,1.0,['Undefined']
1AMZkCvGke0JbqF,Sunday Day - Wireless 2026,2026-07-12,Undefined,Undefined,1AMZkCvGke0JbqF,London,2.0,"['Undefined', 'Hip-Hop/Rap']"
LvZ18Qj5u-AQHgZZP6DM_,Sunday Soul Sessions,2026-07-12,R&B,Soul,LvZ18Qj5u-AQHgZZP6DM_,London,1.0,['R&B']
16dfZ_djgG7gtfG,Abba Voyage - VIP Premium Package,2026-07-12,Pop,Pop,16dfZ_djgG7gtfG,London,1.0,['Pop']
1AdjZbwGkwVEo8t,Amex Presents BST Hyde Park - Lewis Capaldi - Ultimate Bar Packages,2026-07-12,Undefined,Undefined,1AdjZbwGkwVEo8t,London,4.0,"['Undefined', 'Alternative', 'Pop']"
1AgZkCKGkewiyUp,ABBA Voyage,2026-07-12,Pop,Pop,1AgZkCKGkewiyUp,London,1.0,['Pop']
LvZ18QLd3YxFu3OvquPZM,New Regency Orchestra,2026-07-12,World,World,LvZ18QLd3YxFu3OvquPZM,London ,1.0,['World']
1AdjZbwGkR1YsQz,American Express Presents BST Hyde Park - Lewis Capaldi,2026-07-12,Undefined,Undefined,1AdjZbwGkR1YsQz,London,4.0,"['Undefined', 'Alternative', 'Pop']"
LvZ18QjnZp-_J88vGUhhK,Electric Heart Surrey,2026-07-12,Rock,Alternative Rock,LvZ18QjnZp-_J88vGUhhK,Walton-on-Thames,4.0,['Rock']
1AMZkoyGkdj0fXv,Lewis Capaldi - Official Premium Ticket and Hotel Experiences,2026-07-12,Undefined,Undefined,1AMZkoyGkdj0fXv,London,2.0,"['Undefined', 'Alternative']"
G5vHZ_6dng0DV,Choir of the World,2026-07-12,Other,Other,G5vHZ_6dng0DV,Llangollen,1.0,['Rock']
G5vHZbUzA5cd0,Sounds of the City Present Sex Pistols,2026-07-12,Rock,Pop,G5vHZbUzA5cd0,Manchester,4.0,"['Rock', 'Miscellaneous']"
G5vHZbzCPT4-x,Super Furry Animals Plus Very Special Guests The Beta Band,2026-07-12,Rock,Alternative Rock,G5vHZbzCPT4-x,London,3.0,['Rock']
G5vHZbzpmAbed,In the Park Newcastle presents Wolf Alice,2026-07-12,Rock,Alternative Rock,G5vHZbzpmAbed,Newcastle,3.0,"['Rock', 'Alternative']"
LvZ18Qj_Odm3TNZvGYmQr,DARKSIDE (early show),2026-07-12,Rock,Alternative Rock,LvZ18Qj_Odm3TNZvGYmQr,London,1.0,['Rock']
16gZk8MuOZAu1kd1,Abba Voyage - VIP Premium Package,2026-07-12,Pop,Pop,16gZk8MuOZAu1kd1,London,1.0,['Pop']
1AdfZbVGknr7pcq,Billy Ocean with very special guest Marti Pellow,2026-07-12,R&B,Soul,1AdfZbVGknr7pcq,Halifax,4.0,"['R&B', 'Rock', 'Dance/Electronic']"
1AgZkCKGkewBaM3,ABBA Voyage,2026-07-12,Pop,Pop,1AgZkCKGkewBaM3,London,1.0,['Pop']
1ku8v0OwGAGShLz,Mouth of the Tyne Festival presents James,2026-07-12,Rock,Alternative Rock,1ku8v0OwGAGShLz,Tynemouth,2.0,['Rock']
LvZ18Qj2-IkYBuZZ0zXOd,I Am The Avalanche,2026-07-12,Rock,Alternative Rock,LvZ18Qj2-IkYBuZZ0zXOd,London,1.0,['Rock']
1AgZku8GkdPWhJS,Billy Ocean- Official Ticket and Hotel Bundls,2026-07-12,R&B,Soul,1AgZku8GkdPWhJS,Halifax,2.0,"['R&B', 'Rock']"
1AMZk38GkdD9jAp,THE BEST OF ALL WORLDS - UK TOUR 2026 - SAMMY HAGAR,2026-07-12,Rock,Pop,1AMZk38GkdD9jAp,London,2.0,['Rock']
17u8v0G6uMiGptB,Belle Livingstone's 58th Street Country Club,2026-07-12,Jazz,Jazz,17u8v0G6uMiGptB,London,1.0,['Jazz']
1AMZkGYGkemSFRT,Rumours of Fleetwood Mac,2026-07-12,Undefined,Undefined,1AMZkGYGkemSFRT,Watford,1.0,['Undefined']
1AUZkuEGkdQ0aSr,Jools Holland and His Rhythm & Blues Orchestra,2026-07-12,R&B,R&B,1AUZkuEGkdQ0aSr,Torquay,2.0,"['R&B', 'Rock']"
G5dzZ_dY3bMvJ,Sunny Day Real Estate,2026-07-12,Rock,Pop,G5dzZ_dY3bMvJ,London,2.0,"['Rock', 'Alternative']"
LvZ18Q9tcOegIvZZwYmuR,Lata & Asha: Purane Gaane… Side A | Side B – Birmingham,2026-07-12,World,Bollywood,LvZ18Q9tcOegIvZZwYmuR,Birmingham,1.0,['World']
LvZ18QQEf459UXZZVeEhD,La Perla,2026-07-12,Latin,Latin,LvZ18QQEf459UXZZVeEhD,London,1.0,['Latin']
1AUZkotGkes97CM,The Cavern Club Story,2026-07-12,Other,Other,1AUZkotGkes97CM,Dunfermline,,
G5vHZ_amxo3Wj,Lifehouse - Best of Acoustic,2026-07-12,Rock,Alternative Rock,G5vHZ_amxo3Wj,London,1.0,['Rock']
LvZ18QO6sU4r8WOvqxxJN,King Tut's Summer Nights Presents: Modern Ruin,2026-07-12,Rock,Pop,LvZ18QO6sU4r8WOvqxxJN,Glasgow,4.0,"['Rock', 'Alternative']"
LvZ18QOsoDOr_WYZ0fiAB,Crocodiles,2026-07-12,Rock,Alternative Rock,LvZ18QOsoDOr_WYZ0fiAB,Manchester,1.0,['Rock']
LvZ18QbF-5F44oYZ03tJ6,MusicmanMike,2026-07-12,Hip-Hop/Rap,Hip-Hop/Rap,LvZ18QbF-5F44oYZ03tJ6,Newcastle Upon Tyne,1.0,['Hip-Hop/Rap']
Zor9uZKbZL4Ze3ObaZd,The Simon & Garfunkel Story,2026-07-12,Other,Other,Zor9uZKbZL4Ze3ObaZd,London,1.0,['Other']
1AwZkuyGkeNTO-w,Dri,2026-07-12,Metal,Nu-Metal,1AwZkuyGkeNTO-w,Southampton,,
LvZ18Qj_c2SQpzOZ0OzJN,DARKSIDE (late show),2026-07-12,Rock,Alternative Rock,LvZ18Qj_c2SQpzOZ0OzJN,London,1.0,['Rock']
17u8vxG6udEZ6V6,System Of A Down,2026-07-13,Metal,Nu-Metal,17u8vxG6udEZ6V6,London,3.0,"['Metal', 'Rock']"
LvZ18Qj_yGr3TNZZ0YmId,DARKSIDE (early show),2026-07-13,Rock,Alternative Rock,LvZ18Qj_yGr3TNZZ0YmId,London,1.0,['Rock']
G5vHZbUReMb8f,Jools Holland and His Rhythm and Blues Orchestra,2026-07-13,R&B,R&B,G5vHZbUReMb8f,Salisbury,2.0,"['R&B', 'Rock']"
17u8v0G65h2P4vP,Alewya,2026-07-13,R&B,R&B,17u8v0G65h2P4vP,London,1.0,['R&B']
1AdOZbzGknbbeo0,Breaking Benjamin,2026-07-13,Rock,Alternative Rock,1AdOZbzGknbbeo0,Belfast,1.0,['Rock']
G5dzZ_1pzndHX,Lifehouse - Best of Acoustic,2026-07-13,Rock,Alternative Rock,G5dzZ_1pzndHX,London,1.0,['Rock']
G5dzZbMRsk1Df,Boys Like Girls,2026-07-13,Rock,Alternative Rock,G5dzZbMRsk1Df,Bristol,1.0,['Rock']
G5vHZbSewdkyZ,Rumours of Fleetwood Mac,2026-07-13,Undefined,Undefined,G5vHZbSewdkyZ,Llandudno,1.0,['Undefined']
LvZ18QLwenLAlKZZ0A4vR,Concert for Mental Health: Harry Mack,2026-07-13,Hip-Hop/Rap,Rap-Rock,LvZ18QLwenLAlKZZ0A4vR,London,1.0,['Hip-Hop/Rap']
LvZ18QhOLa_kdg8Zir1eB,December 10,2026-07-13,Pop,Pop,LvZ18QhOLa_kdg8Zir1eB,Sheffield,1.0,['Pop']
G5vHZ_61x9NSw,Militarie Gun,2026-07-13,Rock,Punk,G5vHZ_61x9NSw,Manchester,2.0,"['Rock', 'Alternative']"
LvZ18Q9w7qMD_4ZZ0VH_Y,Jimmy Nail,2026-07-13,Pop,Singer-Songwriter,LvZ18Q9w7qMD_4ZZ0VH_Y,Cumbria,1.0,['Pop']
15dfZ_djU8t4o,Abba Voyage - VIP Premium Package,2026-07-13,Pop,Pop,15dfZ_djU8t4o,London,1.0,['Pop']
1AgZkCKGkeS6_zO,ABBA Voyage,2026-07-13,Pop,Pop,1AgZkCKGkeS6_zO,London,1.0,['Pop']
LvZ18Qj_BXSVhYYvOI6iX,DARKSIDE (late show),2026-07-13,Rock,Alternative Rock,LvZ18Qj_BXSVhYYvOI6iX,London,1.0,['Rock']
G5dzZ_GNnKE5G,Fishies Graduation Party,2026-07-13,Rock,Pop,G5dzZ_GNnKE5G,Leeds,1.0,['Rock']
LvZ18Qj_iw1XM5ZvO3zVR,Psycho Mosher,2026-07-14,Rock,Rock,LvZ18Qj_iw1XM5ZvO3zVR,London,2.0,['Rock']
1AdbZbgGkBBbtIB,James Taylor,2026-07-14,Rock,Pop,1AdbZbgGkBBbtIB,Edinburgh,1.0,['Rock']
17GOv0G6C1iE8E6,Dan Parks,2026-07-14,Pop,Pop,17GOv0G6C1iE8E6,Glasgow,,
17GOv0G6GKKT8cx,Kokeshi,2026-07-14,Rock,Pop,17GOv0G6GKKT8cx,London,,
17GOv0G6uYlG8g6,Alexandra Savior,2026-07-14,Rock,Pop,17GOv0G6uYlG8g6,Glasgow,1.0,['Rock']
17u8v0G65hsMkI1,Carolesdaughter,2026-07-14,Rock,Alternative Rock,17u8v0G65hsMkI1,London,1.0,['Alternative']
17uOv0G6G5tocNM,Alexandra Savior,2026-07-14,Rock,Pop,17uOv0G6G5tocNM,Glasgow,1.0,['Rock']
1AdjZ_dGkBbDxk4,Sunny Day Real Estate,2026-07-14,Rock,Pop,1AdjZ_dGkBbDxk4,Manchester,2.0,"['Rock', 'Alternative']"
1AwZko0Gkei8YYF,Jon B. - Restaurant,2026-07-14,R&B,R&B,1AwZko0Gkei8YYF,London,1.0,['R&B']
1AwZko0Gkel5ORv,Jon B.,2026-07-14,R&B,R&B,1AwZko0Gkel5ORv,London,1.0,['R&B']
1adbZbUpAvNZdu5v,Bat Sabbath,2026-07-14,Undefined,Undefined,1adbZbUpAvNZdu5v,Manchester,1.0,['Undefined']
G5vHZ_dKhb0L3,Action! Presents: Garbage + Support,2026-07-14,Rock,Alternative Rock,G5vHZ_dKhb0L3,London,1.0,['Rock']
LvZ18QLGPkHJc28ZM-exs,Henge,2026-07-14,Rock,Electronic,LvZ18QLGPkHJc28ZM-exs,Dover,2.0,"['Rock', 'Pop']"
LvZ18QhUZflvpj8ZV1ulD,A THOUSAND HORSES  Plus guests,2026-07-14,Rock,Pop,LvZ18QhUZflvpj8ZV1ulD,Wolverhampton,1.0,['Rock']
LvZ18QhYGbM8RuYZ0-V2m,Anthony Gomes “Praise The Loud” 2026 World Tour,2026-07-14,Blues,Blues,LvZ18QhYGbM8RuYZ0-V2m,Inverness,1.0,['Blues']
G5vHZbSeLopAa,Rumours of Fleetwood Mac,2026-07-14,Undefined,Undefined,G5vHZbSeLopAa,Portsmouth,1.0,['Undefined']
LvZ18QKhlXhzkqOZlYZp_,Osees,2026-07-14,Rock,Pop,LvZ18QKhlXhzkqOZlYZp_,Leeds,1.0,['Rock']
LvZ18QO9H-DV928ZvJhcN,Anatole Muster,2026-07-14,Jazz,Jazz,LvZ18QO9H-DV928ZvJhcN,London,1.0,['Jazz']
LvZ18QbENQqww8ZZP5RgL,The Van Morrison Alumni Band,2026-07-14,Rock,Pop,LvZ18QbENQqww8ZZP5RgL,London,1.0,['Rock']
LvZ18QhGz5HZKo8ZVxiiC,GONG,2026-07-14,Rock,Pop,LvZ18QhGz5HZKo8ZVxiiC,St Albans,1.0,['Rock']
LvZ18Qx5QWDhLWOvGf41H,The Definitive Rat Pack,2026-07-14,Jazz,Jazz,LvZ18Qx5QWDhLWOvGf41H,London,4.0,"['Jazz', 'Undefined']"
1AdfZbwGkTiPesV,System Of A Down,2026-07-15,Metal,Nu-Metal,1AdfZbwGkTiPesV,London,3.0,"['Metal', 'Rock']"
LvZ18Qq0m9gVB6Zv1RZvL,Jon B. - Early Show,2026-07-15,R&B,R&B,LvZ18Qq0m9gVB6Zv1RZvL,London,1.0,['R&B']
G5vHZ_AIYxh9p,Eden Sessions: CMAT,2026-07-15,Rock,Pop,G5vHZ_AIYxh9p,St Austell,3.0,"['Rock', 'Pop']"
LvZ18QhLfJlGN3ZZ0L_0H,The SugarHill Gang Wed 15 July 2026 Performing Live Jam House Birmingham,2026-07-15,Hip-Hop/Rap,Urban,LvZ18QhLfJlGN3ZZ0L_0H,Birmingham,2.0,['Hip-Hop/Rap']
LvZ18Qj_hJNQpzOZ0OMbe,Crushed Veneer,2026-07-15,Alternative,Alternative,LvZ18Qj_hJNQpzOZ0OMbe,London,1.0,['Alternative']
1AMZkGYGkdFdtrO,Rumours of Fleetwood Mac,2026-07-15,Undefined,Undefined,1AMZkGYGkdFdtrO,Tunbridge Wells,1.0,['Undefined']
G5vHZ_6nR8UvL,Public Image Ltd,2026-07-15,Rock,Alternative Rock,G5vHZ_6nR8UvL,Salisbury,1.0,['Rock']
LvZ18Qoi123C05OZlcuOu,D.R.I / Dirty Rotten Imbeciles,2026-07-15,Rock,Punk,LvZ18Qoi123C05OZlcuOu,Glasgow,1.0,['Rock']
17u8v0G61NAdfR_,Avery Cochrane,2026-07-15,Pop,Electro Pop,17u8v0G61NAdfR_,London,2.0,['Pop']
17u8v0G6uMiQJiX,Belle Livingstone's 58th Street Country Club,2026-07-15,Jazz,Jazz,17u8v0G6uMiQJiX,London,1.0,['Jazz']
1AUZkCoGkdawI88,Charlie Puth - Whatever's Clever! World Tour,2026-07-15,Rock,Pop,1AUZkCoGkdawI88,London,2.0,"['Rock', 'Pop']"
1AdFZbgGkSLfOTB,Bat Sabbath,2026-07-15,Undefined,Undefined,1AdFZbgGkSLfOTB,Glasgow,1.0,['Undefined']
1AwZkowGkdtPYwF,"Anthony Gomes ""Praise the Loud"" 2026 World Tour",2026-07-15,Rock,Pop,1AwZkowGkdtPYwF,Glasgow,,
G5dzZ_FTfiVtV,Thee Sacred Souls,2026-07-15,R&B,Soul,G5dzZ_FTfiVtV,Brighton,2.0,['R&B']
G5dzZbzkDkp1P,Boys Like Girls,2026-07-15,Rock,Alternative Rock,G5dzZbzkDkp1P,Glasgow,1.0,['Rock']
G5vHZ_6k-gxwr,December 10,2026-07-15,Pop,Electro Pop,G5vHZ_6k-gxwr,Wolverhampton,1.0,['Pop']
LvZ18Q-h9FV_UoOvOIIAi,EYOE Recommends: In Aid of War Child,2026-07-15,Pop,Pop,LvZ18Q-h9FV_UoOvOIIAi,London,5.0,"['Pop', 'Alternative', 'Hip-Hop/Rap']"
LvZ18QOzoMyzjLZvO0B2H,Les Caravanes,2026-07-15,Folk,Folk,LvZ18QOzoMyzjLZvO0B2H,"Newcastle upon Tyne, NE1 2PQ",1.0,['Folk']
LvZ18QQvGdAHtx8ZlYxfS,Osees,2026-07-15,Rock,Pop,LvZ18QQvGdAHtx8ZlYxfS,Leeds,1.0,['Rock']
17GOv0G61MSU8wa,Biscuit Club + Lebosi + Emma Davidson + Poppy Joy,2026-07-15,Rock,Pop,17GOv0G61MSU8wa,London,,
LvZ18Qq0sIgVB6Zv1RZ-_,Jon B. - Late Show,2026-07-15,R&B,R&B,LvZ18Qq0sIgVB6Zv1RZ-_,London,1.0,['R&B']
LvZ18QxN5xk01AOZvZbVp,"The Cocktail Set from Piano Bar at Red Room Studios, Soho - Live Jazz",2026-07-15,Jazz,Jazz,LvZ18QxN5xk01AOZvZbVp,London,2.0,['Jazz']
LvZ18QCSJO1Xg0YZ0t-Ct,Motown Memoirs,2026-07-15,R&B,Motown,LvZ18QCSJO1Xg0YZ0t-Ct,London,1.0,['R&B']
G5vHZ_dzWEngy,Richard Ashcroft - Upgrade (does not include event ticket),2026-07-16,Rock,Pop,G5vHZ_dzWEngy,Cardiff,2.0,['Rock']
G5vHZbUSppzLM,Richard Ashcroft + Tom Meighan & Apollo Junction,2026-07-16,Rock,Pop,G5vHZbUSppzLM,Cardiff,4.0,['Rock']
G5vHZbVXULknA,The Streets,2026-07-16,Hip-Hop/Rap,Trap,G5vHZbVXULknA,London,1.0,['Hip-Hop/Rap']
G5vHZbMmu7SWt,Richard Ashcroft - Official Ticket and Hotel Bundls,2026-07-16,Rock,Pop,G5vHZbMmu7SWt,Cardiff,4.0,['Rock']
1AdfZbwGkwqDs2R,James Taylor & His All-Star Band,2026-07-16,Rock,Pop,1AdfZbwGkwqDs2R,Halifax,2.0,['Rock']
LvZ18Q-h5kfIG6ZvOHSqm,JQ JAZZ HOUSE: NEW ORLEANS BRASS BAND Thu 16 July 2026 Live Jazz Music,2026-07-16,Jazz,Jazz,LvZ18Q-h5kfIG6ZvOHSqm,Birmingham,1.0,['Jazz']
LvZ18QreMSuRmnZvqKh34,American Pie Emo Night With: The Thomas Nicholas Band,2026-07-16,Rock,Pop,LvZ18QreMSuRmnZvqKh34,London,1.0,['Rock']
1AgZkuPGketUJO-,James Taylor - Official Ticket and Hotel Bundls,2026-07-16,Rock,Pop,1AgZkuPGketUJO-,Halifax,2.0,['Rock']
G5dzZ_aN7YgaC,Jinkx Monsoon - Speaking of Witch,2026-07-16,Rock,Pop,G5dzZ_aN7YgaC,Glasgow,1.0,['Performance Art']
LvZ18Q0C4HTwr5AZwuPVA,"Live Jazz from the Piano Bar at Red Room Studios, Soho",2026-07-16,Jazz,Jazz,LvZ18Q0C4HTwr5AZwuPVA,London,3.0,['Jazz']
LvZ18QxN57PgMt8ZvJaA2,Soho Explorer Jazz Sessions from the Piano Bar,2026-07-16,Jazz,Jazz,LvZ18QxN57PgMt8ZvJaA2,London,2.0,['Jazz']
16UZkuE0vZAukA6a,Miss Americana - A Tribute to Taylor Swift,2026-07-16,Undefined,Undefined,16UZkuE0vZAukA6a,Aberdeen,1.0,['Undefined']
17u8v0G6uMiIURc,Belle Livingstone's 58th Street Country Club,2026-07-16,Jazz,Jazz,17u8v0G6uMiIURc,London,1.0,['Jazz']
17uYv0G6uxIsb-Y,Deb Never,2026-07-16,Rock,Alternative Rock,17uYv0G6uxIsb-Y,London,1.0,['Alternative']
1AdfZ_FGkTsIgdA,Thee Sacred Souls,2026-07-16,R&B,Soul,1AdfZ_FGkTsIgdA,Bristol,2.0,['R&B']
G5dzZ_6efc3gz,December 10,2026-07-16,Pop,Electro Pop,G5dzZ_6efc3gz,Bristol,1.0,['Pop']
G5dzZbyeUANnA,Breaking Benjamin,2026-07-16,Rock,Alternative Rock,G5dzZbyeUANnA,Manchester,2.0,['Rock']
G5vHZ_uQr4yc9,Palace,2026-07-16,Rock,Alternative Rock,G5vHZ_uQr4yc9,London,1.0,['Rock']
G5vHZbYDw1ec0,Sounds Of The 60s Live - Hosted by Tony Blackburn MBE,2026-07-16,Rock,Pop,G5vHZbYDw1ec0,Llandudno,1.0,['Rock']
LvZ18QKnfAjp8DOZwyxxP,Bushman,2026-07-16,Reggae,Reggae,LvZ18QKnfAjp8DOZwyxxP,Manchester,1.0,['Reggae']
LvZ18QLerSc6yGYZ0fj41,Buena Vista Live,2026-07-16,World,Cuban,LvZ18QLerSc6yGYZ0fj41,London ,1.0,['World']
LvZ18QhGBcIvumYZiCDB0,GONG,2026-07-16,Rock,Pop,LvZ18QhGBcIvumYZiCDB0,Hertford,1.0,['Rock']
LvZ18QrE6BfrLYZZMmuFM,JUNK,2026-07-16,Rock,Punk,LvZ18QrE6BfrLYZZMmuFM,Glasgow,1.0,['Rock']
LvZ18QxN7FbzYRYZvNl78,Round 41 - Live Jazz and Fusion Night,2026-07-16,Jazz,Jazz,LvZ18QxN7FbzYRYZvNl78,London,3.0,['Jazz']
G5vHZ_Adc-kLV,Somerset House Summer Series: Naika,2026-07-16,World,World,G5vHZ_Adc-kLV,London,3.0,"['World', 'Rock', 'Hip-Hop/Rap']"
LvZ18Q-ngagTNgYZ04ruB,ACUA,2026-07-16,R&B,R&B,LvZ18Q-ngagTNgYZ04ruB,Birmingham,1.0,['R&B']
LvZ18Q9Ejb5-CXOZ0KcRo,D.K. Harrell,2026-07-16,Blues,Jazz Blues,LvZ18Q9Ejb5-CXOZ0KcRo,Newcastle Upon Tyne,1.0,['Blues']
LvZ18QO6SVHjRnZZMx3Sg,King Tut's Summer Nights Presents: Öpaque,2026-07-16,Rock,Pop,LvZ18QO6SVHjRnZZMx3Sg,Glasgow,5.0,"['Rock', 'Undefined', 'Pop', 'Alternative']"
15dfZ_djUr_p4,Abba Voyage - VIP Premium Package,2026-07-16,Pop,Pop,15dfZ_djUr_p4,London,1.0,['Pop']
1AgZkCKGkeSfyB1,ABBA Voyage,2026-07-16,Pop,Pop,1AgZkCKGkeSfyB1,London,1.0,['Pop']
17GOv0G6G3tS8l6,Roadshow + Trophy Husband + Stonny the Donny,2026-07-16,Rock,Alternative Rock,17GOv0G6G3tS8l6,London,,
LvZ18QLF9ylN9YYZ0v1DN,Box Fresh - Thorns,2026-07-16,Metal,Heavy Metal,LvZ18QLF9ylN9YYZ0v1DN,St Albans,1.0,['Metal']
LvZ18Q0C4HTwr5AZwuPV7,"Live Jazz from the Piano Bar at Red Room Studios, Soho",2026-07-16,Jazz,Jazz,LvZ18Q0C4HTwr5AZwuPV7,London,3.0,['Jazz']
LvZ18QxN5xk01AOZvZbV9,"The Cocktail Set from Piano Bar at Red Room Studios, Soho - Live Jazz",2026-07-16,Jazz,Jazz,LvZ18QxN5xk01AOZvZbV9,London,2.0,['Jazz']
17GOv0G6GmbdY0q,Madalitso Band,2026-07-16,World,World,17GOv0G6GmbdY0q,Southampton,,
LvZ18QN89k5HO9YvGotL_,The Sugarhill Gang & The Furious 5,2026-07-16,Hip-Hop/Rap,Urban,LvZ18QN89k5HO9YvGotL_,London,3.0,['Hip-Hop/Rap']
G5vHZ_A2NVkRw,Lenny Pearce,2026-07-17,Dance/Electronic,Amapiano,G5vHZ_A2NVkRw,Birmingham,1.0,['Dance/Electronic']
G5vHZbMIkGhE_,Gipsy Kings featuring Nicolas Reyes,2026-07-17,Latin,Latin,G5vHZbMIkGhE_,Newbury,2.0,"['World', 'Rock']"
LvZ18Qun-aJbFCOZ0gTAa,Maid of Stone Festival 2026,2026-07-17,Rock,Pop,LvZ18Qun-aJbFCOZ0gTAa,Maidstone,26.0,"['Rock', 'Metal', 'Undefined', 'Pop', 'Blues', 'Alternative', 'Country']"
G5vHZ_A2JHkW6,Lenny Pearce,2026-07-17,Dance/Electronic,Amapiano,G5vHZ_A2JHkW6,Birmingham,1.0,['Dance/Electronic']
1AMZkubGkdDQCd-,Madness Live After Racing - the Premier Enclosure,2026-07-17,Rock,Alternative Rock,1AMZkubGkdDQCd-,Newmarket,2.0,['Rock']
1AMZkubGkdz2cg1,Madness Live After Racing - Grandstand & Paddock,2026-07-17,Rock,Alternative Rock,1AMZkubGkdz2cg1,Newmarket,2.0,['Rock']
G5vHZbSUFy7jw,Richard Ashcroft,2026-07-17,Rock,Pop,G5vHZbSUFy7jw,London,3.0,"['Rock', 'Alternative']"
1AgZkGyGkeP6B_2,The Human League,2026-07-17,Other,Other,1AgZkGyGkeP6B_2,Margate,3.0,"['Other', 'Rock']"
16dfZbUQ3G7SVms,CMAT,2026-07-17,Pop,Electro Pop,16dfZbUQ3G7SVms,Halifax,3.0,"['Pop', 'Rock']"
1AdbZbzGklb6tsx,Caribou,2026-07-17,Pop,Electro Pop,1AdbZbzGklb6tsx,Glasgow,4.0,"['Dance/Electronic', 'Pop']"
1AdfZbgGkmRmPjN,Alex James' Britpop Classical,2026-07-17,Rock,Alternative Rock,1AdfZbgGkmRmPjN,Scarborough,4.0,"['Alternative', 'Rock', 'Dance/Electronic']"
G5vHZ_dhs-7IC,"Summer Concerts - Ed + Taylor, A Tribute to Ed Sheeran + Taylor Swift",2026-07-17,Rock,Pop,G5vHZ_dhs-7IC,Staffordshire,1.0,['Rock']
LvZ18Q-pKTr3pcOvOOBM9,UP4 THE DOWNSTROKE Fri 17 Jul 2026 The Jam House Birmingham,2026-07-17,Pop,Pop,LvZ18Q-pKTr3pcOvOOBM9,Birmingham,2.0,"['Pop', 'Classical']"
LvZ18QKUrNd1BvYZlyHho,CARIBOU,2026-07-17,Dance/Electronic,Dance/Electronic,LvZ18QKUrNd1BvYZlyHho,Glasgow,1.0,['Dance/Electronic']
LvZ18Qp7qM0mZQ8Z07Uok,14 Iced Bears,2026-07-17,Rock,Pop,LvZ18Qp7qM0mZQ8Z07Uok,London,1.0,['Rock']
LvZ18QxNGBPZeYOZvC6Lp,Alfies Soho - Live Jazz and Blues,2026-07-17,Jazz,Jazz,LvZ18QxNGBPZeYOZvC6Lp,London,2.0,['Jazz']
1AdfZbMGkRd6btz,CMAT - Official Ticket and Hotel Bundls,2026-07-17,Pop,Pop,1AdfZbMGkRd6btz,Halifax,2.0,"['Pop', 'Rock']"
1AdfZbgGkUPdEw_,Alex James' Britpop Classical- Official Ticket and Hotel Bundls,2026-07-17,Rock,Alternative Rock,1AdfZbgGkUPdEw_,Scarborough,2.0,"['Alternative', 'Rock']"
G5dzZbsw--ssp,Steve Steinman's Anything For Love,2026-07-17,Undefined,Undefined,G5dzZbsw--ssp,Brighton,1.0,['Undefined']
LvZ18Q8WuNa5jeOZ04dem,The Dickies + Slackrr,2026-07-17,Rock,Alternative Rock,LvZ18Q8WuNa5jeOZ04dem,Glasgow,1.0,['Rock']
LvZ18Qf5Gkr_3ZZZ0Kf9F,THE BON JOVI EXPERIENCE  + DRESSED TO KILL,2026-07-17,Undefined,Undefined,LvZ18Qf5Gkr_3ZZZ0Kf9F,Norwich,2.0,['Undefined']
LvZ18QxNAv4ZeYOZvC6_6,"Live Jazz from the Piano Bar at Red Room Studios, Soho",2026-07-17,Jazz,Jazz,LvZ18QxNAv4ZeYOZvC6_6,London,3.0,['Jazz']
1AdbZbgGkX4BEt_,Deacon Blue,2026-07-17,Rock,Pop,1AdbZbgGkX4BEt_,Edinburgh,1.0,['Rock']
17u8v0G65hzMMeQ,Loathe,2026-07-17,Metal,Nu-Metal,17u8v0G65hzMMeQ,Liverpool,2.0,['Metal']
17u8v0G6uMiMkwr,Belle Livingstone's 58th Street Country Club,2026-07-17,Jazz,Jazz,17u8v0G6uMiMkwr,London,1.0,['Jazz']
1AUZkGYGkd7DM4f,Rumours of Fleetwood Mac,2026-07-17,Undefined,Undefined,1AUZkGYGkd7DM4f,Folkestone,1.0,['Undefined']
1AdFZ_aGkMk78Is,Absolute Weller,2026-07-17,Rock,Pop,1AdFZ_aGkMk78Is,Glasgow,,
1AdOZbzGkS0aeUd,Garbage,2026-07-17,Rock,Alternative Rock,1AdOZbzGkS0aeUd,Belfast,1.0,['Rock']
1AdfZ_aGkmSodTU,Jigitz,2026-07-17,Pop,Electro Pop,1AdfZ_aGkmSodTU,London,1.0,['Dance/Electronic']
1AzZkCaGkeiJwo6,D.R.I.,2026-07-17,Rock,Punk,1AzZkCaGkeiJwo6,Belfast,1.0,['Rock']
G5dzZ_6XVykL7,December 10,2026-07-17,Pop,Pop,G5dzZ_6XVykL7,London,1.0,['Pop']
G5dzZ_71r4Kj7,Last Resort - Nu Metal Tribute,2026-07-17,Undefined,Undefined,G5dzZ_71r4Kj7,Liverpool,,
G5dzZbUVN0GBv,The Streets,2026-07-17,Hip-Hop/Rap,Trap,G5dzZbUVN0GBv,Birmingham,1.0,['Hip-Hop/Rap']
G5dzZbzTYk4gI,Breaking Benjamin,2026-07-17,Rock,Alternative Rock,G5dzZbzTYk4gI,London,3.0,['Rock']
G5vHZbUhoj6Hg,Jools Holland and His Rhythm and Blues Orchestra,2026-07-17,R&B,R&B,G5vHZbUhoj6Hg,Wrexham,2.0,"['R&B', 'Rock']"
G5vHZbUpFeKiv,Bat Sabbath,2026-07-17,Undefined,Undefined,G5vHZbUpFeKiv,Birmingham,1.0,['Undefined']
G5vHZbz15fKP0,Boys Like Girls,2026-07-17,Rock,Alternative Rock,G5vHZbz15fKP0,Manchester,1.0,['Rock']
LvZ18Q0rEdLN9RYhhqeXE,Fun Lovin' Criminals,2026-07-17,Rock,Pop,LvZ18Q0rEdLN9RYhhqeXE,London,1.0,['Rock']
LvZ18QOxRfZjOcOvOkWv1,Rachel Sermanni,2026-07-17,Folk,Folk,LvZ18QOxRfZjOcOvOkWv1,Stockport,1.0,['Folk']
LvZ18QbE4txA_G8ZyYTWh,Leo Green Presents: The Secret Sax Party,2026-07-17,Jazz,Jazz,LvZ18QbE4txA_G8ZyYTWh,London,1.0,['Jazz']
LvZ18Qbuzvy33eOZyohRP,Ed Force One + Some Kind Of Metallica,2026-07-17,Rock,Rock,LvZ18Qbuzvy33eOZyohRP,Southampton,2.0,['Rock']
LvZ18Qfp70XDMT8Zw1b-Y,Codename Colin,2026-07-17,Metal,Metal,LvZ18Qfp70XDMT8Zw1b-Y,London,1.0,['Metal']
LvZ18QqXkB4G29Ov1kwHY,Nuns of The Tundra,2026-07-17,Rock,Pop,LvZ18QqXkB4G29Ov1kwHY,Cardiff,1.0,['Rock']
LvZ18Qq_a01KEqZvGWXS2,Swiftogeddon - The Taylor Themed Club Night - London (Early Show),2026-07-17,Pop,Pop,LvZ18Qq_a01KEqZvGWXS2,London,1.0,['Pop']
LvZ18QqrJaYWcJOZMivlp,Swiftogeddon - The Taylor Themed Club Night - Manchester (Early Show),2026-07-17,Pop,Pop,LvZ18QqrJaYWcJOZMivlp,Manchester,1.0,['Pop']
LvZ18QxNe-cEv4YZvc-RC,Soho Spotlight - Friday Live Performance,2026-07-17,Jazz,Jazz,LvZ18QxNe-cEv4YZvc-RC,London,3.0,['Jazz']
LvZ18QxnTgh0ytYvOm21s,Anniversary Celebration of Ozzy Osbourne,2026-07-17,Undefined,Undefined,LvZ18QxnTgh0ytYvOm21s,Coventry,1.0,['Undefined']
G5vHZ_Ak1bvOd,Somerset House Summer Series: Palace,2026-07-17,Rock,Alternative Rock,G5vHZ_Ak1bvOd,London,3.0,"['Rock', 'Alternative']"
LvZ18Q-hSV1LS9ZZ0HRnV,The Total Stone Roses & Oaysis Live,2026-07-17,Rock,Rock,LvZ18Q-hSV1LS9ZZ0HRnV,Derby,3.0,"['Undefined', 'Rock']"
LvZ18Q9FTb6kpKZZY7uTl,Limehouse Lizzy,2026-07-17,Undefined,Undefined,LvZ18Q9FTb6kpKZZY7uTl,Leeds,1.0,['Undefined']
LvZ18Q9Faj2k9FZZyI6Kj,Jimmy Nail,2026-07-17,Pop,Singer-Songwriter,LvZ18Q9Faj2k9FZZyI6Kj,Cumbria,1.0,['Pop']
LvZ18QGOetEqXkYZnlr0i,Ultimate Coldplay,2026-07-17,Undefined,Undefined,LvZ18QGOetEqXkYZnlr0i,Leeds,1.0,['Undefined']
LvZ18QO6MAd7MjZZy3j9W,King Tuts Summer Nights Presents: Flair,2026-07-17,Rock,Pop,LvZ18QO6MAd7MjZZy3j9W,Glasgow,5.0,"['Rock', 'Alternative']"
LvZ18Qf7I9T9d78ZlBRKR,Riskee and The Ridicule,2026-07-17,Rock,Punk,LvZ18Qf7I9T9d78ZlBRKR,Stockton-on-Tees,1.0,['Rock']
16dfZ_djUG7lt98,Abba Voyage - VIP Premium Package,2026-07-17,Pop,Pop,16dfZ_djUG7lt98,London,1.0,['Pop']
1AgZkCKGkeSxaBw,ABBA Voyage,2026-07-17,Pop,Pop,1AgZkCKGkeSxaBw,London,1.0,['Pop']
17GOv0G6GEt_8O-,Grizzlee + the Day After Yesterday (Tday) + Bucktail,2026-07-17,Rock,Pop,17GOv0G6GEt_8O-,London,,
LvZ18QQnlO0OsgYZHuYcN,80s Night w/ Six Go Mad - 17 July 2026,2026-07-17,Pop,Pop Rock,LvZ18QQnlO0OsgYZHuYcN,Hertford,1.0,['Pop']
LvZ18Qq0ZYCuFXYvqWM4T,Dave Pearce Trance Anthems,2026-07-17,Dance/Electronic,Club Dance,LvZ18Qq0ZYCuFXYvqWM4T,Nuneaton,1.0,['Dance/Electronic']
LvZ18QxNGBPZeYOZvC6L9,Alfies Soho - Live Jazz and Blues,2026-07-17,Jazz,Jazz,LvZ18QxNGBPZeYOZvC6L9,London,2.0,['Jazz']
1AwZko0Gke-SOml,Cydonia Knights - the Uk's Premier Tribute To Muse,2026-07-17,Other,Other,1AwZko0Gke-SOml,Southampton,,
LvZ18QxNAv4ZeYOZvC6_F,"Live Jazz from the Piano Bar at Red Room Studios, Soho",2026-07-17,Jazz,Jazz,LvZ18QxNAv4ZeYOZvC6_F,London,3.0,['Jazz']
LvZ18QCVkUtpOsOZ0iLE7,Luther Vandross by FiL Straughan,2026-07-17,R&B,Soul,LvZ18QCVkUtpOsOZ0iLE7,London,1.0,['R&B']
LvZ18QLccPTz3RYZMCAce,History of UK Pirate Radio: Heartless Crew,2026-07-17,Dance/Electronic,Club Dance,LvZ18QLccPTz3RYZMCAce,London,1.0,['Dance/Electronic']
G5vHZbMcWS3XV,Ronan Keating - Live After Racing,2026-07-18,Rock,Pop,G5vHZbMcWS3XV,Newbury,2.0,['Rock']
G5vHZbV1wFIdE,Splendour Festival 2026 Saturday Day Tickets,2026-07-18,Rock,Pop,G5vHZbV1wFIdE,Nottingham,15.0,"['Rock', 'Alternative', 'R&B', 'Hip-Hop/Rap']"
LvZ18Qj1kzBe68OvG980-,The Saturday Brunch Club,2026-07-18,Food & Drink,Food & Drink,LvZ18Qj1kzBe68OvG980-,London,2.0,"['Food & Drink', 'Jazz']"
17u8v0G6uMcApUu,Belle Livingstone's 58th Street Country Club,2026-07-18,Jazz,Jazz,17u8v0G6uMcApUu,London,1.0,['Jazz']
LvZ18QN0sPzO-cOZ0HPT5,Saturday Soul Lunch | The Big Easy,2026-07-18,Rock,Pop,LvZ18QN0sPzO-cOZ0HPT5,London,2.0,"['Rock', 'R&B']"
G5vHZbzx8uxDX,Sammy Virji,2026-07-18,Pop,Electro Pop,G5vHZbzx8uxDX,Cardiff,5.0,"['Dance/Electronic', 'Rock']"
G5vHZ_dY7YyGH,Sammy Virji - Official Ticket and Hotel Bundls,2026-07-18,Pop,Electro Pop,G5vHZ_dY7YyGH,Cardiff,2.0,"['Dance/Electronic', 'Rock']"
16gZko9PMZA2d2a8,Lenny Pearce,2026-07-18,Dance/Electronic,Amapiano,16gZko9PMZA2d2a8,London,1.0,['Dance/Electronic']
16dfZ_djUG7ya_Z,Abba Voyage - VIP Premium Package,2026-07-18,Pop,Pop,16dfZ_djUG7ya_Z,London,1.0,['Pop']
1AgZkCKGkeSR_D3,ABBA Voyage,2026-07-18,Pop,Pop,1AgZkCKGkeSR_D3,London,1.0,['Pop']
G5dzZ_GxWk0L2,An Afternoon of Indie - Indie for the over 30s,2026-07-18,Rock,Alternative Rock,G5dzZ_GxWk0L2,Manchester,1.0,['Alternative']
LvZ18Q02Hq9FbsrrBZdTb,Jon B Live at Pop Brixton,2026-07-18,R&B,R&B,LvZ18Q02Hq9FbsrrBZdTb,London,1.0,['R&B']
LvZ18Q0_UQENOhhhHCN3m,"Old School Indie LONDON - Over 30s Daytime Party, Sat 18th July, 3pm-7pm",2026-07-18,Alternative,Indie Rock,LvZ18Q0_UQENOhhhHCN3m,London,1.0,['Alternative']
LvZ18QQTWF9_P_YZVP9mg,Swiftogeddon - The Taylor Themed Club Night - Cambridge (Early Show),2026-07-18,Pop,Pop,LvZ18QQTWF9_P_YZVP9mg,Cambridge,1.0,['Pop']
1AeGZbzGkSGzoMA,Bruno Mars - the Romantic Tour,2026-07-18,Pop,Pop,1AeGZbzGkSGzoMA,London,3.0,"['Pop', 'Dance/Electronic']"
G5vHZbVMD6FBZ,The Streets,2026-07-18,Hip-Hop/Rap,Trap,G5vHZbVMD6FBZ,London,1.0,['Hip-Hop/Rap']
16dfZ_70FG7D_28,The Flaming Lips & The Beta Band,2026-07-18,Rock,Alternative Rock,16dfZ_70FG7D_28,Margate,2.0,['Rock']
1AgZkubGkd2jn-4,David Byrne,2026-07-18,Rock,Alternative Rock,1AgZkubGkd2jn-4,Halifax,3.0,['Rock']
1AgZkupGkd-mz2M,CMAT,2026-07-18,Pop,Electro Pop,1AgZkupGkd-mz2M,Scarborough,3.0,"['Pop', 'Rock']"
G5vHZ_drLhwNw,Summer Concerts - Thunderhammer Presents MONSTERS OF ROCK LIVE,2026-07-18,Rock,Pop,G5vHZ_drLhwNw,Staffordshire,1.0,['Rock']
G5vHZbgNT5lse,Madness - Grandstand & Paddock,2026-07-18,Rock,Alternative Rock,G5vHZbgNT5lse,Newton-Le-Willows,4.0,"['Rock', 'Alternative']"
LvZ18Qh-e3-W0m8ZiO7mM,Symphonic Ibiza,2026-07-18,Dance/Electronic,Dance Pop,LvZ18Qh-e3-W0m8ZiO7mM,Newcastle Upon Tyne,1.0,['Dance/Electronic']
LvZ18QhtRQ76jaOZiz72P,Tragedy: All Metal Tribute to the Bee Gees & Beyond,2026-07-18,Undefined,Undefined,LvZ18QhtRQ76jaOZiz72P,Leeds,2.0,"['Undefined', 'Metal']"
LvZ18QxNGBN2PM8Zv-dL4,Alfies Soho - Live Jazz and Blues,2026-07-18,Jazz,Jazz,LvZ18QxNGBN2PM8Zv-dL4,London,2.0,['Jazz']
1AdfZbMGkR5KafJ,Cmat- Official Ticket and Hotel Bundls,2026-07-18,Pop,Pop,1AdfZbMGkR5KafJ,Scarborough,2.0,"['Pop', 'Rock']"
1AgZkoAGkdrRJIX,David Byrne - Official Ticket and Hotel Bundls,2026-07-18,Rock,Alternative Rock,1AgZkoAGkdrRJIX,Halifax,1.0,['Rock']
LvZ18QLu9WCF7qYZMorPb,Enigma. Enya. Neoclassica by Mystery Ensemble,2026-07-18,Classical,Classical/Vocal,LvZ18QLu9WCF7qYZMorPb,London,1.0,['Classical']
LvZ18QrEYFLy-hOZ0k_61,Immanuel Wilkins Quartet,2026-07-18,Jazz,Jazz,LvZ18QrEYFLy-hOZ0k_61,London,4.0,['Jazz']
1AdbZbSGkD2N_Ir,Edinburgh Castle Concerts Presents Snow Patrol,2026-07-18,Rock,Alternative Rock,1AdbZbSGkD2N_Ir,Edinburgh,2.0,['Rock']
1AdFZ_7Gkn-hZOP,DK Harrell,2026-07-18,Blues,Blues,1AdFZ_7Gkn-hZOP,Glasgow,,
1AdFZ_kGklSbOJ9,The Labourers,2026-07-18,Folk,Indie Folk,1AdFZ_kGklSbOJ9,Dunfermline,,
1AdbZ_7GklGnIhZ,DK Harrell,2026-07-18,Blues,Blues,1AdbZ_7GklGnIhZ,Glasgow,1.0,['Blues']
1kuOvN_yGAC-k0F,Miss Americana - A Tribute to Taylor Swift,2026-07-18,Undefined,Undefined,1kuOvN_yGAC-k0F,Perth,1.0,['Undefined']
G5dzZ_6TM2ycz,December 10,2026-07-18,Pop,Pop,G5dzZ_6TM2ycz,London,1.0,['Pop']
G5dzZ_Gl07ayl,Split Second,2026-07-18,Rock,Alternative Rock,G5dzZ_Gl07ayl,Birmingham,,
G5dzZ_awX8ezA,JK,2026-07-18,Other,Other,G5dzZ_awX8ezA,Birmingham,1.0,['Other']
G5dzZ_drpJSKA,Nirvana UK + Brain of J Pearl Jam Tribute + Red Hot Chilli Peppers UK,2026-07-18,Undefined,Undefined,G5dzZ_drpJSKA,Newcastle Upon Tyne,1.0,['Undefined']
G5dzZbydNa7V7,Charlie Puth - Whatever's Clever! World Tour,2026-07-18,Rock,Pop,G5dzZbydNa7V7,Birmingham,2.0,"['Rock', 'Pop']"
G5dzZbzSleMVh,Steel Panther Europe Twenty Twenty S£x Tour,2026-07-18,Rock,Pop,G5dzZbzSleMVh,London,3.0,"['Rock', 'Alternative']"
G5dzZbzkUB4YO,Boys Like Girls,2026-07-18,Rock,Alternative Rock,G5dzZbzkUB4YO,London,1.0,['Rock']
G5vHZ_FTiafBY,Return to Dust,2026-07-18,Rock,Alternative Rock,G5vHZ_FTiafBY,London,1.0,['Rock']
G5vHZ_FUXqd9r,Theo Kandel,2026-07-18,Folk,Indie Folk,G5vHZ_FUXqd9r,London,1.0,['Folk']
G5vHZbUmYk95n,Jools Holland and His Rhythm and Blues Orchestra,2026-07-18,R&B,R&B,G5vHZbUmYk95n,Llandudno,2.0,"['R&B', 'Rock']"
LvZ18Q0aFtqaQaJyKcVO0,As It Is,2026-07-18,Rock,Punk,LvZ18Q0aFtqaQaJyKcVO0,Brighton,1.0,['Rock']
LvZ18Q8EmgX1YYZZlUbSM,BAT SABBATH,2026-07-18,Undefined,Undefined,LvZ18Q8EmgX1YYZZlUbSM,Bristol,2.0,"['Undefined', 'Rock']"
LvZ18Q9cerC8KsOZyvA5M,Daft Punkz - The Live Band Daft Punk Tribute,2026-07-18,Pop,Electro Pop,LvZ18Q9cerC8KsOZyvA5M,Manchester,1.0,['Pop']
LvZ18QLMBRxepJOZ0t2pg,Uptown Top Rankin,2026-07-18,Dance/Electronic,Dance/Electronic,LvZ18QLMBRxepJOZ0t2pg,Southampton,1.0,['Dance/Electronic']
LvZ18QfPGJqNtEYZlnRxy,Echoes of the Bunnymen,2026-07-18,Alternative,Adult Alternative Pop/Rock,LvZ18QfPGJqNtEYZlnRxy,Leeds,1.0,['Alternative']
LvZ18QjQ337ApvZZy6Qae,Just the Tonic - Reading - Ross Noble Special - 7pm,2026-07-18,Comedy,Comedy,LvZ18QjQ337ApvZZy6Qae,Reading,4.0,"['Comedy', 'Dance/Electronic']"
LvZ18QqNJ1SGf2YZMzWgR,JARROD LAWSON,2026-07-18,R&B,R&B,LvZ18QqNJ1SGf2YZMzWgR,London,1.0,['R&B']
LvZ18QxkzNniSVOZv3FOP,Tony Kofi's Tentet plays Monk at The Town Hall,2026-07-18,Jazz,Jazz,LvZ18QxkzNniSVOZv3FOP,London,1.0,['Jazz']
LvZ18Qxn8Uh4z48v1kjVv,ALMA FIERA -  Rock Covers Night,2026-07-18,Rock,Blues-Rock,LvZ18Qxn8Uh4z48v1kjVv, Bathgate,1.0,['Rock']
17u8vxG6GE6txVV,The Upbeat Beatles,2026-07-18,Undefined,Undefined,17u8vxG6GE6txVV,Whitby,,
1AdFZ_aGkMBSOtU,Dirty Blond,2026-07-18,Pop,Pop,1AdFZ_aGkMBSOtU,Cardiff,1.0,['Pop']
1AdOZ_dGkSeG-X9,Mack Fleetwood,2026-07-18,Undefined,Undefined,1AdOZ_dGkSeG-X9,Belfast,1.0,['Undefined']
G5vHZ_AkpVwes,Somerset House Summer Series: Thee Sacred Souls,2026-07-18,R&B,Soul,G5vHZ_AkpVwes,London,3.0,"['R&B', 'Rock']"
G5vHZbSet5k-U,Rumours of Fleetwood Mac,2026-07-18,Undefined,Undefined,G5vHZbSet5k-U,Salford,1.0,['Undefined']
LvZ18Q--acxQDlYZJVpA3,Butter Funk Family,2026-07-18,R&B,Funk,LvZ18Q--acxQDlYZJVpA3,London ,1.0,['R&B']
LvZ18QO6zjl8OBYZMHdWU,King Tuts Summer Nights Presents: Probably Stella?,2026-07-18,Rock,Pop,LvZ18QO6zjl8OBYZMHdWU,Glasgow,5.0,"['Rock', 'Alternative']"
LvZ18Qb939Qf21YZ0jE6n,Hue and Cry,2026-07-18,Rock,Pop,LvZ18Qb939Qf21YZ0jE6n,Cumbria,1.0,['Rock']
LvZ18QoiLTaWjKZZltewT,The Dickies,2026-07-18,Rock,Alternative Rock,LvZ18QoiLTaWjKZZltewT,Leeds,1.0,['Rock']
16gZk8MusZA516F1,Abba Voyage - VIP Premium Package,2026-07-18,Pop,Pop,16gZk8MusZA516F1,London,1.0,['Pop']
1AgZkCKGkeSHtH9,ABBA Voyage,2026-07-18,Pop,Pop,1AgZkCKGkeSHtH9,London,1.0,['Pop']
17GOv0G6CQsKOli,Aerial Beat Club + Tba (The Strand) + Millie Turner + Soul,2026-07-18,R&B,Soul,17GOv0G6CQsKOli,London,,
1AdFZ_dGkMhiZwh,Forever Springsteen,2026-07-18,Rock,Pop,1AdFZ_dGkMhiZwh,Southampton,,
LvZ18Q046bVjbWS81UHsZ,Amplify - Churchgate Street / Autocopy / Asylum,2026-07-18,Alternative,Alternative,LvZ18Q046bVjbWS81UHsZ,Hertford,4.0,"['Alternative', 'Rock']"
LvZ18Q6yfyRZsSOZl6dZP,Britallica,2026-07-18,Metal,Metal,LvZ18Q6yfyRZsSOZl6dZP,Exeter,1.0,['Metal']
LvZ18QNySmXMuode51Pfj,Be Kind Cadaver + Gladys Friday,2026-07-18,Alternative,Alternative,LvZ18QNySmXMuode51Pfj,Brighton,2.0,"['Alternative', 'Folk']"
LvZ18QxNGBN2PM8Zv-dLp,Alfies Soho - Live Jazz and Blues,2026-07-18,Jazz,Jazz,LvZ18QxNGBN2PM8Zv-dLp,London,2.0,['Jazz']
LvZ18QxkzNniSVOZv3FOJ,Tony Kofi's Tentet plays Monk at The Town Hall,2026-07-18,Jazz,Jazz,LvZ18QxkzNniSVOZv3FOJ,London,1.0,['Jazz']
17CZv0G619CJoPe,Neek,2026-07-18,Pop,Electro Pop,17CZv0G619CJoPe,Belfast,1.0,['Dance/Electronic']
LvZ18Q-PBHTIWIYZ0N6t0,Homoelectric at Jazz Cafe,2026-07-18,Dance/Electronic,Dance/Electronic,LvZ18Q-PBHTIWIYZ0N6t0,London,1.0,['Dance/Electronic']
LvZ18QN2Q1TUYqOZ0MqHh,Live Band Karaoke,2026-07-18,Undefined,Undefined,LvZ18QN2Q1TUYqOZ0MqHh,London,1.0,['Undefined']
LvZ18Qxvno5ZgWZvGuC6M,Soul City: House music every Saturday,2026-07-18,Undefined,Undefined,LvZ18Qxvno5ZgWZvGuC6M,London,2.0,"['Undefined', 'Dance/Electronic']"
LvZ18Q0SJDal4AnHpaME0,"I Love Reggaeton ""White Summer Party Edition""",2026-07-18,Dance/Electronic,Dance/Electronic,LvZ18Q0SJDal4AnHpaME0,London,1.0,['Dance/Electronic']
G5vHZbSJjrUVS,Splendour Festival 2026 - Weekend Tickets,2026-07-18,Rock,Pop,G5vHZbSJjrUVS,Nottingham,36.0,"['Rock', 'Alternative', 'R&B', 'Country', 'Pop', 'Dance/Electronic', 'Hip-Hop/Rap']"
G5vHZbV10uEJS,Splendour Festival 2026 Sunday Day Tickets,2026-07-19,Rock,Pop,G5vHZbV10uEJS,Nottingham,14.0,"['Rock', 'R&B', 'Alternative', 'Country']"
LvZ18Qqr_1KfF0Yv162m5,"Bents Park Live: Pride in South Tyneside with Joe McElderry, Sonia and 911",2026-07-19,Rock,Pop,LvZ18Qqr_1KfF0Yv162m5,South Shields,3.0,"['Rock', 'Pop']"
LvZ18Qj5utAI8B8Z0AeDk,Sunday Soul Sessions,2026-07-19,R&B,Soul,LvZ18Qj5utAI8B8Z0AeDk,London,1.0,['R&B']
15dfZ_djMfaQf,Abba Voyage - VIP Premium Package,2026-07-19,Pop,Pop,15dfZ_djMfaQf,London,1.0,['Pop']
17u8v0G6GJNkkXZ,Pat Metheny Side-Eye III+,2026-07-19,Jazz,Jazz,17u8v0G6GJNkkXZ,London,1.0,['Jazz']
1AgZkCKGkeV1aWk,ABBA Voyage,2026-07-19,Pop,Pop,1AgZkCKGkeV1aWk,London,1.0,['Pop']
G5vHZ_A2BDI2K,Lenny Pearce,2026-07-19,Dance/Electronic,Amapiano,G5vHZ_A2BDI2K,Manchester,1.0,['Dance/Electronic']
G5vHZ_A6vYV9h,Somerset House Summer Series: Lightning Seeds,2026-07-19,Rock,Pop,G5vHZ_A6vYV9h,London,3.0,['Rock']
1ANZk8EGkdFTYUe,Bruno Mars - The Romantic Tour,2026-07-19,Pop,Pop,1ANZk8EGkdFTYUe,London,3.0,"['Pop', 'Dance/Electronic']"
17u8v0G6GJN6kX6,Pat Metheny Side-Eye III+,2026-07-19,Jazz,Jazz,17u8v0G6GJN6kX6,London,1.0,['Jazz']
1AgZkCKGkeV9_TG,ABBA Voyage,2026-07-19,Pop,Pop,1AgZkCKGkeV9_TG,London,1.0,['Pop']
1AgZkubGkeYWzAS,Alex James' Britpop Classical,2026-07-19,Rock,Alternative Rock,1AgZkubGkeYWzAS,Halifax,4.0,"['Alternative', 'Rock', 'Dance/Electronic']"
1agZk8MuzQpZe5u,Abba Voyage - VIP Premium Package,2026-07-19,Pop,Pop,1agZk8MuzQpZe5u,London,1.0,['Pop']
LvZ18QrqtjijyhOZ0nVf_,PYTHIA + VANITAS + DEITY & DEVILRY,2026-07-19,Metal,Power Metal,LvZ18QrqtjijyhOZ0nVf_,London,3.0,['Metal']
1AdfZbgGkU0_9cT,Alex James' Britpop Classical- Official Ticket and Hotel Bundls,2026-07-19,Rock,Alternative Rock,1AdfZbgGkU0_9cT,Halifax,2.0,"['Alternative', 'Rock']"
LvZ18QjnFAg2hRZvLQYX9,Lovers Rock Romantic Reggae with Winston Reedy,2026-07-19,Reggae,Reggae,LvZ18QjnFAg2hRZvLQYX9,London,1.0,['Reggae']
17u8v0G6uMcKJyh,Belle Livingstone's 58th Street Country Club,2026-07-19,Jazz,Jazz,17u8v0G6uMcKJyh,London,1.0,['Jazz']
1AMZkCeGkdi2NzH,Miss Americana - A Tribute To Taylor Swift,2026-07-19,Undefined,Undefined,1AMZkCeGkdi2NzH,Glasgow,1.0,['Undefined']
G5vHZ_k1k8spj,Atarashii Gakko,2026-07-19,Rock,Pop,G5vHZ_k1k8spj,London,,
LvZ18Q4VAylSRBOZl_YvT,The Far Meadow + Dominic Sanderson,2026-07-19,Rock,Progressive Rock,LvZ18Q4VAylSRBOZl_YvT,Southampton,2.0,['Rock']
LvZ18Q_4Ut4qhqYZlkLAG,Deviant - The Resurrection Tour,2026-07-19,Dance/Electronic,Club Dance,LvZ18Q_4Ut4qhqYZlkLAG,Newcastle,3.0,"['Dance/Electronic', 'Rock', 'Alternative']"
1AdjZbUGkRZ54tr,Jools Holland and His Rhythm & Blues Orchestra,2026-07-19,R&B,R&B,1AdjZbUGkRZ54tr,Wolverhampton,2.0,"['R&B', 'Rock']"
LvZ18QO6yX58OBYv1H7ty,King Tuts Summer Nights Presents: Limerence,2026-07-19,Rock,Pop,LvZ18QO6yX58OBYv1H7ty,Glasgow,5.0,"['Rock', 'Alternative']"
16dbZ_AGZG7RWoX,Lenny Pearce,2026-07-20,Pop,Electro Pop,16dbZ_AGZG7RWoX,Glasgow,1.0,['Dance/Electronic']
LvZ18Q01vhgUf2oXIrViB,ASTRA PENTAXIA & THE SONIC TELEPATHS,2026-07-20,Rock,Post-Punk,LvZ18Q01vhgUf2oXIrViB,London,2.0,"['Rock', 'Metal']"
1AUZk3kGkd_1VM5,Hip Hop Scotland Presents: Verb T,2026-07-20,Hip-Hop/Rap,Trap,1AUZk3kGkd_1VM5,Glasgow,1.0,['Hip-Hop/Rap']
1AdbZ_7GkMCsbKp,David Byrne,2026-07-20,Rock,Alternative Rock,1AdbZ_7GkMCsbKp,Edinburgh,1.0,['Rock']
1kCZv0r6GA2kYRj,December 10,2026-07-20,Pop,Pop,1kCZv0r6GA2kYRj,Belfast,1.0,['Pop']
G5dzZ_7Mzs6cw,Juanes,2026-07-20,Latin,Latin,G5dzZ_7Mzs6cw,London,1.0,['World']
G5vHZ_FnM773k,Matt Berninger,2026-07-20,Rock,Pop,G5vHZ_FnM773k,London,2.0,"['Rock', 'Alternative']"
LvZ18Qf2KHr3zfYZ0SdzI,FARAQUET,2026-07-20,Alternative,Alternative,LvZ18Qf2KHr3zfYZ0SdzI,London,1.0,['Alternative']
LvZ18QrX4mkNm_Ovq9HkO,The Wildhearts,2026-07-20,Rock,Pop,LvZ18QrX4mkNm_Ovq9HkO,Birmingham,2.0,"['Rock', 'Alternative']"
LvZ18QxL5zlb8pZv6Tk9G,Totó La Momposina: Candela Eterna,2026-07-20,World,Latin,LvZ18QxL5zlb8pZv6Tk9G,London,2.0,['World']
1AMZkGYGkdLy_D2,Rumours of Fleetwood Mac,2026-07-20,Undefined,Undefined,1AMZkGYGkdLy_D2,Peterborough,1.0,['Undefined']
G5vHZ_A67k0je,Somerset House Summer Series: The Cribs,2026-07-20,Rock,Alternative Rock,G5vHZ_A67k0je,London,3.0,['Rock']
G5vHZ_kCl2eE0,Gary Numan,2026-07-20,Rock,Pop,G5vHZ_kCl2eE0,Norwich,1.0,['Rock']
G5vHZbzwioJ3s,Steel Panther,2026-07-20,Rock,Pop,G5vHZbzwioJ3s,Norwich,3.0,"['Rock', 'Alternative']"
LvZ18QqgfB1BZX8v1rJHg,Scottish Fish,2026-07-20,World,Celtic/ British Isles,LvZ18QqgfB1BZX8v1rJHg,"Newcastle upon Tyne, NE1 2PQ",1.0,['World']
16dfZ_djMG7RaQV,Abba Voyage - VIP Premium Package,2026-07-20,Pop,Pop,16dfZ_djMG7RaQV,London,1.0,['Pop']
1AgZkCKGkeVP1Zd,ABBA Voyage,2026-07-20,Pop,Pop,1AgZkCKGkeVP1Zd,London,1.0,['Pop']
LvZ18Qx0TpxH9pOZzlnu8,Isabelle Mettle,2026-07-21,R&B,Soul,LvZ18Qx0TpxH9pOZzlnu8,London,1.0,['R&B']
17uYv0G61pbvx5z,Yandel,2026-07-21,Latin,Latin,17uYv0G61pbvx5z,London,1.0,['World']
G5vHZ_7hHfBIN,An Evening with the Flaming Lips,2026-07-21,Rock,Alternative Rock,G5vHZ_7hHfBIN,Wolverhampton,1.0,['Rock']
17uYv0G6G9Hvmo6,Jay Buchanan,2026-07-21,Rock,Alternative Rock,17uYv0G6G9Hvmo6,Brighton,2.0,"['Alternative', 'Folk']"
1AdOZ_7GklOO3dX,The Beta Band,2026-07-21,Rock,Pop,1AdOZ_7GklOO3dX,Belfast,1.0,['Rock']
1AdbZ_dGkSlkI3A,David Byrne,2026-07-21,Rock,Alternative Rock,1AdbZ_dGkSlkI3A,Edinburgh,1.0,['Rock']
1kuOv0ayGAuSePA,Charlie Puth - Whatever's Clever! World Tour,2026-07-21,Rock,Pop,1kuOv0ayGAuSePA,Edinburgh,1.0,['Rock']
G5vHZ_1QDndPt,Adam Lambert,2026-07-21,Rock,Pop,G5vHZ_1QDndPt,London,1.0,['Rock']
G5vHZby52rpae,Vanessa Carlton,2026-07-21,Rock,Pop,G5vHZby52rpae,London,1.0,['Rock']
G5vHZbzRm39J-,Steel Panther,2026-07-21,Rock,Pop,G5vHZbzRm39J-,Manchester,3.0,"['Rock', 'Alternative']"
LvZ18QQJ2PL3or8Zgv66-,Lalalar,2026-07-21,Rock,Rock,LvZ18QQJ2PL3or8Zgv66-,London,1.0,['Rock']
LvZ18Qh5_f2LZaYZ0e3z0,Tragedy: All Metal Tribute to the Bee Gees & Beyond,2026-07-21,Undefined,Undefined,LvZ18Qh5_f2LZaYZ0e3z0,Newcastle,1.0,['Undefined']
LvZ18QxO94kSbP8vGVydG,Verb T,2026-07-21,Hip-Hop/Rap,Urban,LvZ18QxO94kSbP8vGVydG,Edinburgh,1.0,['Hip-Hop/Rap']
1AMZkGYGkdQXtgQ,Rumours of Fleetwood Mac,2026-07-21,Undefined,Undefined,1AMZkGYGkdQXtgQ,Wolverhampton,1.0,['Undefined']
G5vHZ_A66_0x6,Somerset House Summer Series: Agnes Obel,2026-07-21,Rock,Pop,G5vHZ_A66_0x6,London,3.0,"['Rock', 'Undefined']"
G5vHZ_k2HokKu,Gary Numan,2026-07-21,Rock,Pop,G5vHZ_k2HokKu,Norwich,1.0,['Rock']
LvZ18Q8CZjFIgz8Z0dWef,Bat Sabbath,2026-07-21,Undefined,Undefined,LvZ18Q8CZjFIgz8Z0dWef,Brighton,2.0,"['Undefined', 'Metal']"
LvZ18QQIFNWLfBOZ0Dwby,Clann An Drumma - Tribal Band,2026-07-21,Folk,Scottish Folk,LvZ18QQIFNWLfBOZ0Dwby,Hertford,1.0,['Folk']
LvZ18QbENxbPJnYZyqzNF,The Van Morrison Alumni Band,2026-07-21,Rock,Pop,LvZ18QbENxbPJnYZyqzNF,London,1.0,['Rock']
17GOv0G6uLoYOxB,Drez Camino + Jack Browett + Sweet Caporal,2026-07-21,Rock,Pop,17GOv0G6uLoYOxB,London,,
LvZ18QquqJ-E6tZZ09T6A,I Hardly Know Her / Rite Off,2026-07-21,Alternative,Alternative Rock,LvZ18QquqJ-E6tZZ09T6A,St Albans,2.0,['Alternative']
LvZ18Qx5hpJQsbYvG8V3Z,The Definitive Rat Pack,2026-07-21,Jazz,Jazz,LvZ18Qx5hpJQsbYvG8V3Z,London,4.0,"['Jazz', 'Undefined']"
1FuOv04vFvZ7Cduu,Lenny Pearce,2026-07-22,Pop,Electro Pop,1FuOv04vFvZ7Cduu,York,1.0,['Dance/Electronic']
1ANZk8EGkdUY8Wh,Bruno Mars - The Romantic Tour,2026-07-22,Pop,Pop,1ANZk8EGkdUY8Wh,London,3.0,"['Pop', 'Dance/Electronic']"
1AdfZbSGknNxhFY,Teddy Swims,2026-07-22,Pop,Electro Pop,1AdfZbSGknNxhFY,Scarborough,3.0,"['Pop', 'Rock', 'R&B']"
LvZ18Q--Ad60z3OZIm4-o,Cloud Vincent,2026-07-22,Alternative,Alternative,LvZ18Q--Ad60z3OZIm4-o,London,3.0,"['Alternative', 'Rock']"
LvZ18QhAq2fcM0YZ0cbKd,Shez Raja ft Guthrie Govan Wed 22 July 26 Performing Live Jam House Bham,2026-07-22,Jazz,Jazz Funk,LvZ18QhAq2fcM0YZ0cbKd,Birmingham,4.0,"['Jazz', 'Rock', 'R&B']"
16gZkuvZIZAuC78C,Teddy Swims- Official Ticket and Hotel Bundls,2026-07-22,Pop,Pop,16gZkuvZIZAuC78C,Scarborough,2.0,"['Pop', 'Rock']"
G5vHZby50QJ-h,Vanessa Carlton,2026-07-22,Rock,Pop,G5vHZby50QJ-h,Bristol,1.0,['Rock']
LvZ18Q_sQql330ZZw7vsJ,Snake Davis,2026-07-22,Jazz,Free Jazz,LvZ18Q_sQql330ZZw7vsJ,London,1.0,['Jazz']
LvZ18QqmWUb61HZv1ejlF,Davina & The Vagabonds,2026-07-22,Blues,Blues,LvZ18QqmWUb61HZv1ejlF,Saltaire,1.0,['Blues']
17u8v0G6uMc-UWr,Belle Livingstone's 58th Street Country Club,2026-07-22,Jazz,Jazz,17u8v0G6uMc-UWr,London,1.0,['Jazz']
1AdbZ_dGkMN3ICs,David Byrne,2026-07-22,Rock,Alternative Rock,1AdbZ_dGkMN3ICs,Edinburgh,1.0,['Rock']
G5dzZ_6mTZA1B,Bar Dust - Tribute To the Pogues,2026-07-22,Rock,Pop,G5dzZ_6mTZA1B,Liverpool,1.0,['Rock']
G5dzZ_aLLo4nE,En Vogue,2026-07-22,R&B,R&B,G5dzZ_aLLo4nE,London,1.0,['R&B']
G5dzZbzXpZeBt,Steel Panther - EUROPE TWENTY TWENTY S£X TOUR,2026-07-22,Rock,Pop,G5dzZbzXpZeBt,Birmingham,3.0,"['Rock', 'Alternative']"
G5vHZby6j5Jph,Charlie Puth - Whatever's Clever! World Tour,2026-07-22,Rock,Pop,G5vHZby6j5Jph,Manchester,2.0,"['Rock', 'Pop']"
LvZ18Q-hb60IG6ZZzHV11,EYOE Recommends: In Aid of War Child,2026-07-22,Alternative,Indie Pop,LvZ18Q-hb60IG6ZZzHV11,London,5.0,"['Alternative', 'Dance/Electronic', 'Rock']"
LvZ18Q9a7Km6lDOZyXedg,Eric Johnson,2026-07-22,Rock,Pop,LvZ18Q9a7Km6lDOZyXedg,Wolverhampton,1.0,['Rock']
LvZ18QhnXu_3qN8ZHBTYX,Tuk Smith & The Restless Hearts,2026-07-22,Alternative,Alternative Rock,LvZ18QhnXu_3qN8ZHBTYX,Southampton,5.0,"['Alternative', 'Pop', 'Other', 'Rock']"
LvZ18QjYAl1SwfOZznLqt,The Garifuna Collective,2026-07-22,World,World,LvZ18QjYAl1SwfOZznLqt,London,1.0,['World']
LvZ18QrcXcWKQSYZMeykv,Verb T Live,2026-07-22,Hip-Hop/Rap,Urban,LvZ18QrcXcWKQSYZMeykv,Newcastle ,1.0,['Hip-Hop/Rap']
LvZ18QrmGlmby9ZZ0EdXu,The Sweet Kill,2026-07-22,Rock,Goth Metal,LvZ18QrmGlmby9ZZ0EdXu,Glasgow,2.0,"['Rock', 'Alternative']"
1AMZk3pGkd0qUOX,Westislonely,2026-07-22,Rock,Alternative Rock,1AMZk3pGkd0qUOX,London,,
G5vHZ_5li-bEo,Theo Kandel,2026-07-22,Folk,Indie Folk,G5vHZ_5li-bEo,Manchester,1.0,['Folk']
G5vHZ_A6aU0t3,"Somerset House Summer Series: Black Country, New Road",2026-07-22,Rock,Alternative Rock,G5vHZ_A6aU0t3,London,3.0,"['Alternative', 'Rock']"
G5vHZbSd12Mlq,Rumours of Fleetwood Mac,2026-07-22,Undefined,Undefined,G5vHZbSd12Mlq,Southend-On-Sea,1.0,['Undefined']
LvZ18QLsCC0byM8v12Y5o,Steve Ray Ladson - ‘Blackgrass Brothercana’,2026-07-22,Country,Contemporary Country,LvZ18QLsCC0byM8v12Y5o,"Newcastle upon Tyne, NE1 2PQ",1.0,['Country']
LvZ18QQ-QlISMAYZHGzp0,Soledad Brothers,2026-07-22,Rock,Pop,LvZ18QQ-QlISMAYZHGzp0,Newcastle Upon Tyne,1.0,['Rock']
LvZ18QNZdxkXofOvOkNaV,Ben Jones & Xavier Lynn Double Headline Show,2026-07-22,Undefined,Undefined,LvZ18QNZdxkXofOvOkNaV,London ,2.0,"['Undefined', 'R&B']"
LvZ18QxToNQ4cRYZzhEVH,Amplify - Blue Zoo / Valence,2026-07-22,Alternative,Alternative,LvZ18QxToNQ4cRYZzhEVH,Hertford,3.0,"['Alternative', 'Rock']"
LvZ18QxpZR9V1qYZzl7gW,Amplify - Explode The TV / Blacklight / Good Mother Lizard / Mass Ignition,2026-07-22,Alternative,Alternative,LvZ18QxpZR9V1qYZzl7gW,St Albans,1.0,['Alternative']
LvZ18QjaEm4QHgZZP6SAU,Simply Billy Joel,2026-07-22,Pop,Pop,LvZ18QjaEm4QHgZZP6SAU,London,1.0,['Pop']
16MZkGMu6ZA8u2a7,Latitude Festival 2026: General Caravan & Car,2026-07-22,Undefined,Undefined,16MZkGMu6ZA8u2a7,Suffolk,1.0,['Undefined']
16djZbS0AG7wEzJ,Latitude Festival 2026: General Campervan Under 5m,2026-07-22,Undefined,Undefined,16djZbS0AG7wEzJ,Suffolk,1.0,['Undefined']
1AMZkGMGkdlJQcv,Latitude Festival 2026: Family Campervan Under 5m,2026-07-22,Undefined,Undefined,1AMZkGMGkdlJQcv,Suffolk,1.0,['Undefined']
1AMZkGyGkdOcjiw,Latitude Festival 2026: General Campervan Under 7m,2026-07-22,Undefined,Undefined,1AMZkGyGkdOcjiw,Suffolk,1.0,['Undefined']
1AMZkGyGkdbsHuZ,Latitude Festival 2026: General Campervan Over 7m,2026-07-22,Undefined,Undefined,1AMZkGyGkdbsHuZ,Suffolk,1.0,['Undefined']
1FuYvNusvOZ7GC7A,Latitude Festival 2026: Family Campervan Under 7m,2026-07-22,Undefined,Undefined,1FuYvNusvOZ7GC7A,Suffolk,1.0,['Undefined']
1adjZbS083_Zd5Cd,Latitude Festival 2026: Family Caravan & Car,2026-07-22,Undefined,Undefined,1adjZbS083_Zd5Cd,Suffolk,1.0,['Undefined']
1kuYvNuwGACGjc1,Latitude Festival 2026: Family Campervan Over 7m,2026-07-22,Undefined,Undefined,1kuYvNuwGACGjc1,Suffolk,1.0,['Undefined']
G5vHZbgUYM6e4,HERITAGE LIVE: Faithless + Special Guests,2026-07-23,Pop,Electro Pop,G5vHZbgUYM6e4,Reading,2.0,"['Dance/Electronic', 'Other']"
1AdfZbSGkBYd1xV,Teddy Swims,2026-07-23,Pop,Electro Pop,1AdfZbSGkBYd1xV,Scarborough,3.0,"['Pop', 'Rock', 'R&B']"
1AgZkuJGkdqaDQ0,The Flaming Lips & The Beta Band,2026-07-23,Rock,Alternative Rock,1AgZkuJGkdqaDQ0,Halifax,3.0,['Rock']
1ku8vN_6GAGHxJ9,James Taylor & His All-Star Band,2026-07-23,Rock,Pop,1ku8vN_6GAGHxJ9,London,1.0,['Rock']
LvZ18QNSM-l66bYesFPUC,Nyege Nyege presents NAKIBEMBE (Outdoor show),2026-07-23,World,Uganda,LvZ18QNSM-l66bYesFPUC,London ,1.0,['World']
LvZ18Q_oSbk_xw8Zy5Ka8,An Evening of… Gregory Isaacs Thu 23 July 2026 Live Jam House Birmingham,2026-07-23,Reggae,Reggae,LvZ18Q_oSbk_xw8Zy5Ka8,Birmingham,1.0,['Reggae']
LvZ18Qf8gRqooKZZlAQKy,Racetraitor,2026-07-23,Rock,Punk,LvZ18Qf8gRqooKZZlAQKy,London,2.0,"['Rock', 'Metal']"
1AdfZbUGkwLhMxa,The Flaming Lips & the Beta Band  Official Ticket and Hotel Bundls,2026-07-23,Community/Civic,Community/Civic,1AdfZbUGkwLhMxa,Halifax,2.0,['Rock']
1Fu8vN88FUZ7C7Cv,Teddy Swims- Official Ticket and Hotel Bundls,2026-07-23,Pop,Pop,1Fu8vN88FUZ7C7Cv,Scarborough,2.0,"['Pop', 'Rock']"
G5vHZbSeP3UhF,Rumours of Fleetwood Mac,2026-07-23,Undefined,Undefined,G5vHZbSeP3UhF,Eastbourne,1.0,['Undefined']
LvZ18Q0C4HTwr5AZwuPV6,"Live Jazz from the Piano Bar at Red Room Studios, Soho",2026-07-23,Jazz,Jazz,LvZ18Q0C4HTwr5AZwuPV6,London,3.0,['Jazz']
LvZ18Q4mSZtOLG8Z0Yvan,Showaddywaddy,2026-07-23,Rock,Pop,LvZ18Q4mSZtOLG8Z0Yvan,Norwich ,1.0,['Rock']
17u8v0G6G9tCR1z,Jay Buchanan,2026-07-23,Rock,Alternative Rock,17u8v0G6G9tCR1z,Southampton,2.0,"['Alternative', 'Folk']"
17u8v0G6uMcY6v8,Belle Livingstone's 58th Street Country Club,2026-07-23,Jazz,Jazz,17u8v0G6uMcY6v8,London,1.0,['Jazz']
1AMZkotGkd8cKsk,The Courteeners,2026-07-23,Rock,Pop,1AMZkotGkd8cKsk,Stoke-On-Trent,1.0,['Rock']
1AwZkuwGkd6z8U4,Bushman - Restaurant,2026-07-23,Reggae,Reggae,1AwZkuwGkd6z8U4,London,2.0,['Reggae']
1AwZkuwGkd6zZSA,Bushman,2026-07-23,Reggae,Reggae,1AwZkuwGkd6zZSA,London,2.0,['Reggae']
1AzZkC8GkdjVxIH,Neds Atomic Dustbin,2026-07-23,Rock,Alternative Rock,1AzZkC8GkdjVxIH,Belfast,1.0,['Rock']
G5vHZ_aQU04AA,Westislonely,2026-07-23,Other,Other,G5vHZ_aQU04AA,Manchester,,
G5vHZbURhh_5M,Jools Holland and His Rhythm and Blues Orchestra,2026-07-23,R&B,R&B,G5vHZbURhh_5M,Carlisle,2.0,"['R&B', 'Rock']"
G5vHZbUbai1oq,Miss Americana - A Tribute to Taylor Swift,2026-07-23,Undefined,Undefined,G5vHZbUbai1oq,Yeovil,1.0,['Undefined']
LvZ18Qj7_IhQc78Z0coMR,Tuk Smith & The Restless Hearts,2026-07-23,Alternative,Alternative Rock,LvZ18Qj7_IhQc78Z0coMR,Wolverhampton,1.0,['Alternative']
LvZ18QpNDXjBNI8ZyjZqz,QUEEN BEE,2026-07-23,Rock,Punk,LvZ18QpNDXjBNI8ZyjZqz,London,1.0,['Rock']
LvZ18QqN_2muFXYvqWgrW,Forever Elton + Forever Billy Joel,2026-07-23,Pop,Pop Rock,LvZ18QqN_2muFXYvqWgrW,Southampton,2.0,['Pop']
LvZ18QxN7FbzYRYZvNl7o,Round 41 - Live Jazz and Fusion Night,2026-07-23,Jazz,Jazz,LvZ18QxN7FbzYRYZvNl7o,London,3.0,['Jazz']
1AdbZ_7GkSEQy1R,The Proclaimers,2026-07-23,Rock,Pop,1AdbZ_7GkSEQy1R,Sunderland,1.0,['Rock']
G5vHZ_A61Z7nG,Somerset House Summer Series: Venna,2026-07-23,Hip-Hop/Rap,Trap,G5vHZ_A61Z7nG,London,3.0,"['Hip-Hop/Rap', 'Rock', 'R&B']"
G5vHZ_FlDwz8w,Diles Que No Me Maten,2026-07-23,Rock,Alternative Rock,G5vHZ_FlDwz8w,London,1.0,['Alternative']
G5vHZ_kCcjwRV,Gary Numan,2026-07-23,Rock,Pop,G5vHZ_kCcjwRV,Bournemouth,1.0,['Rock']
G5vHZ_kVdGyHG,Black Pistol Fire,2026-07-23,Rock,Alternative Rock,G5vHZ_kVdGyHG,London,1.0,['Rock']
G5vHZbUp7uK3c,Bat Sabbath,2026-07-23,Undefined,Undefined,G5vHZbUp7uK3c,London,1.0,['Undefined']
LvZ18QLaozT9x_ZZJvvGR,The Sweet Kill,2026-07-23,Rock,Goth Metal,LvZ18QLaozT9x_ZZJvvGR,"Newcastle upon Tyne, NE1 2PQ",1.0,['Rock']
LvZ18QO6DQD8OBYZ0H7Le,King Tuts Summer Nights Presents: ForFauna,2026-07-23,Rock,Pop,LvZ18QO6DQD8OBYZ0H7Le,Glasgow,5.0,"['Rock', 'Alternative']"
LvZ18QO9BOWInoYZzAz6y,Gee Tee,2026-07-23,Rock,Punk,LvZ18QO9BOWInoYZzAz6y,Leeds,1.0,['Rock']
16dfZ_djMG7HthZ,Abba Voyage - VIP Premium Package,2026-07-23,Pop,Pop,16dfZ_djMG7HthZ,London,1.0,['Pop']
1AgZkCKGkeVwQv6,ABBA Voyage,2026-07-23,Pop,Pop,1AgZkCKGkeVwQv6,London,1.0,['Pop']
17GOv0G6G9zOZYU,Bastie + Belle + Special Guest,2026-07-23,Rock,Pop,17GOv0G6G9zOZYU,London,,
LvZ18QxT3Dr4mRZZDqeKc,Amplify - Good Time Locomotive / Ultraviolet,2026-07-23,Alternative,Alternative,LvZ18QxT3Dr4mRZZDqeKc,Hertford,3.0,['Alternative']
LvZ18Q0C4HTwr5AZwuPVk,"Live Jazz from the Piano Bar at Red Room Studios, Soho",2026-07-23,Jazz,Jazz,LvZ18Q0C4HTwr5AZwuPVk,London,3.0,['Jazz']
LvZ18Q3jvZF9VW8Z08Xv3,Fleetwood Mac: Our Own Way,2026-07-23,Rock,Classic Rock,LvZ18Q3jvZF9VW8Z08Xv3,London,1.0,['Rock']
LvZ18QjdzhMlDLZZViN6R,Tuk Smith & The Restless Hearts,2026-07-23,Alternative,Alternative Rock,LvZ18QjdzhMlDLZZViN6R,Wolverhampton,1.0,['Alternative']
17uYvxG626FGRPc,Latitude Luxury 2026 - Shikar Tent for 4,2026-07-23,Undefined,Undefined,17uYvxG626FGRPc,Suffolk,1.0,['Undefined']
17uYvxG626fT6gM,Latitude Luxury 2026 - Summerhouse (En-Suite) for 2,2026-07-23,Undefined,Undefined,17uYvxG626fT6gM,Suffolk,1.0,['Undefined']
17uYvxG626jgzWO,Latitude Luxury 2026 - the Night Owl (En-Suite) for 2,2026-07-23,Undefined,Undefined,17uYvxG626jgzWO,Suffolk,1.0,['Undefined']
17uYvxG6C0dWaQl,Latitude Luxury 2026 - Cabin for 4,2026-07-23,Undefined,Undefined,17uYvxG6C0dWaQl,Suffolk,1.0,['Undefined']
17uYvxG6CE3dITZ,"Latitude Luxury 2026 - Arena Bell for 2, 3, or 4",2026-07-23,Undefined,Undefined,17uYvxG6CE3dITZ,Suffolk,1.0,['Undefined']
17uYvxG6CE9y_Zo,Latitude Luxury 2026 - Cabin for 2,2026-07-23,Undefined,Undefined,17uYvxG6CE9y_Zo,Suffolk,1.0,['Undefined']
17uYvxG6CESi__h,Latitude Luxury 2026 - Luxury Cabin (En-Suite) for 2,2026-07-23,Undefined,Undefined,17uYvxG6CESi__h,Suffolk,1.0,['Undefined']
17uYvxG6CJVrzmp,Latitude Luxury 2026 - Deluxe Bell for 2,2026-07-23,Undefined,Undefined,17uYvxG6CJVrzmp,Suffolk,1.0,['Undefined']
17uYvxG6CJYEzqv,Latitude Luxury 2026 - Mini Bedouin,2026-07-23,Undefined,Undefined,17uYvxG6CJYEzqv,Suffolk,1.0,['Undefined']
17uYvxG6CJrDMPH,Latitude Luxury 2026 - Country Wagon for 4,2026-07-23,Undefined,Undefined,17uYvxG6CJrDMPH,Suffolk,1.0,['Undefined']
17uYvxG6COHgbjJ,"Latitude Luxury 2026 - Bell House for 2, 3, or 4",2026-07-23,Undefined,Undefined,17uYvxG6COHgbjJ,Suffolk,1.0,['Undefined']
17uYvxG6COMvIQn,Latitude Luxury 2026 - Motorhome Airstream (En-Suite) for 5,2026-07-23,Undefined,Undefined,17uYvxG6COMvIQn,Suffolk,1.0,['Undefined']
17uYvxG6CORdbQJ,"Latitude Luxury 2026 - Airstream (En-Suite) for 2, 4, or 5",2026-07-23,Undefined,Undefined,17uYvxG6CORdbQJ,Suffolk,1.0,['Undefined']
17uYvxG6CRAgwV1,"Latitude Luxury 2026 - Luxury Bell Tent for 2, 3 or 4",2026-07-23,Undefined,Undefined,17uYvxG6CRAgwV1,Suffolk,1.0,['Undefined']
17uYvxG6ClHa4jI,"Latitude Luxury 2026 - Safari Suite (En-Suite) for 2, 3 or 4",2026-07-23,Undefined,Undefined,17uYvxG6ClHa4jI,Suffolk,1.0,['Undefined']
17uYvxG6ClKZSWc,Latitude Luxury 2026 - Empty Bell for up to 5 or 8,2026-07-23,Undefined,Undefined,17uYvxG6ClKZSWc,Suffolk,1.0,['Undefined']
17uYvxG6ClM7g95,Latitude Luxury 2026 - Luxury Yurt for 2,2026-07-23,Undefined,Undefined,17uYvxG6ClM7g95,Suffolk,1.0,['Undefined']
17uYvxG6ClRMfSC,Latitude Luxury 2026 - Tenthouse (En Suite) for 4,2026-07-23,Undefined,Undefined,17uYvxG6ClRMfSC,Suffolk,1.0,['Undefined']
17uYvxG6Clw90g2,"Latitude Luxury 2026 - Forest Luxury Bell Tent for 2, 3 or 4",2026-07-23,Undefined,Undefined,17uYvxG6Clw90g2,Suffolk,1.0,['Undefined']
17uYvxG6Cn33s2T,Latitude Luxury 2026 - Bedouin Tent for 2 or 4,2026-07-23,Undefined,Undefined,17uYvxG6Cn33s2T,Suffolk,1.0,['Undefined']
17uYvxG6Cn3ho8N,Latitude Luxury 2026 - Safari Grand (En-Suite) for 4,2026-07-23,Undefined,Undefined,17uYvxG6Cn3ho8N,Suffolk,1.0,['Undefined']
17uYvxG6CnGl-Fx,Latitude Luxury 2026 - Bedouin Mirage for 4,2026-07-23,Undefined,Undefined,17uYvxG6CnGl-Fx,Suffolk,1.0,['Undefined']
17uYvxG6CnOQvls,Latitude Luxury 2026 - Eco Lodge (En-Suite) for 2,2026-07-23,Undefined,Undefined,17uYvxG6CnOQvls,Suffolk,1.0,['Undefined']
17uYvxG6CnfTsfL,Latitude Luxury 2026 - RV for up to 4 or 8,2026-07-23,Undefined,Undefined,17uYvxG6CnfTsfL,Suffolk,1.0,['Undefined']
17uYvxG6Cnm83GM,Latitude Luxury 2026 - Tipi Tenthouse (En Suite) for 8,2026-07-23,Undefined,Undefined,17uYvxG6Cnm83GM,Suffolk,1.0,['Undefined']
17uYvxG6Cnn7eAI,Latitude Luxury 2026 - Luxury Tipi for 2 or 4,2026-07-23,Undefined,Undefined,17uYvxG6Cnn7eAI,Suffolk,1.0,['Undefined']
17uYvxG6Cnyt301,"Latitude Luxury 2026 - Tipi Lodge for 2, 3 or 4",2026-07-23,Undefined,Undefined,17uYvxG6Cnyt301,Suffolk,1.0,['Undefined']
1AMZk8SGkd763OM,Latitude Festival 2026: Lanyard & Programme,2026-07-23,Undefined,Undefined,1AMZk8SGkd763OM,Suffolk,1.0,['Undefined']
1AdjZbSGkBDZtQk,Latitude Festival 2026: Souvenir Ticket,2026-07-23,Undefined,Undefined,1AdjZbSGkBDZtQk,Suffolk,1.0,['Undefined']
1kuYv018GA5oKDu,Latitude Festival 2026 - Friday Day Ticket,2026-07-24,Undefined,Undefined,1kuYv018GA5oKDu,Suffolk,17.0,"['Undefined', 'Rock', 'Alternative', 'R&B', 'Dance/Electronic', 'Pop', 'Folk', 'Comedy']"
G5vHZbVqHXN4F,HERITAGE LIVE: Richard Ashcroft,2026-07-24,Rock,Pop,G5vHZbVqHXN4F,Reading,2.0,"['Rock', 'Other']"
LvZ18QhkZP4HYQZZv_qp4,Cougar Live MusicX,2026-07-24,Rock,Pop,LvZ18QhkZP4HYQZZv_qp4,Keighley,2.0,"['Rock', 'Reggae']"
1AMZkubGkdRUu4v,Ministry Of Sound Classical - Live After Racing,2026-07-24,Classical,Classical/Vocal,1AMZkubGkdRUu4v,Esher,2.0,"['Classical', 'Rock']"
1AgZkodGkdkptQu,Craig David Presents Ts5 - Grandstand & Paddock,2026-07-24,R&B,R&B,1AgZkodGkdkptQu,York,1.0,['R&B']
1AgZkodGkeIuky_,Craig David Presents TS5 - County Stand,2026-07-24,R&B,R&B,1AgZkodGkeIuky_,York,1.0,['R&B']
1ANZk8EGkdMNYWE,Bruno Mars - The Romantic Tour,2026-07-24,Pop,Pop,1ANZk8EGkdMNYWE,London,3.0,"['Pop', 'Dance/Electronic']"
1AdbZbVGkUKwdBT,Luke Combs - My Kinda Saturday Night Tour,2026-07-24,Country,Country,1AdbZbVGkUKwdBT,Edinburgh,4.0,"['Country', 'Blues']"
G5vHZ_75a-fBo,Self Esteem - Upgrade (does not include event ticket),2026-07-24,Pop,Pop,G5vHZ_75a-fBo,Cardiff,4.0,"['Pop', 'Rock', 'Dance/Electronic', 'Hip-Hop/Rap']"
G5vHZbMkuISRy,Self Esteem,2026-07-24,Pop,Electro Pop,G5vHZbMkuISRy,Cardiff,4.0,"['Pop', 'Rock', 'Hip-Hop/Rap', 'Dance/Electronic']"
LvZ18Q-gOnqvZo8vO8Lxt,My Rushmore,2026-07-24,Alternative,Alternative Rock,LvZ18Q-gOnqvZo8vO8Lxt,London,1.0,['Alternative']
LvZ18QNV2VmcOQ4JLpnBm,"Feeder | Blackpool, Winter Gardens",2026-07-24,Rock,Alternative Rock,LvZ18QNV2VmcOQ4JLpnBm,Blackpool,4.0,"['Rock', 'Alternative']"
LvZ18QNV32oxOMLgDHShr,"Live at Melbourne Hall: Jo Whiley's 90s Anthems, Gary Davies 80s Disco",2026-07-24,Pop,Pop,LvZ18QNV32oxOMLgDHShr,Derby,2.0,"['Pop', 'Dance/Electronic']"
LvZ18Qf5GSC_3ZZZwKfZE,The Wombats,2026-07-24,Rock,Alternative Rock,LvZ18Qf5GSC_3ZZZwKfZE,Newcastle upon Tyne ,2.0,['Rock']
G5vHZbzK-Itdh,Self Esteem - Official Ticket and Hotel Bundls,2026-07-24,Pop,Pop,G5vHZbzK-Itdh,Cardiff,2.0,"['Pop', 'Rock']"
1AdfZbgGkmrR7Gf,Alex James' Britpop Classical,2026-07-24,Rock,Alternative Rock,1AdfZbgGkmrR7Gf,Margate,2.0,"['Alternative', 'Rock']"
17uOv0G6GKLAGWg,"Kyle Falconer, Spyres, Chancer, Alcatraz, Fog Bandits",2026-07-24,Rock,Pop,17uOv0G6GKLAGWg,Glasgow,4.0,"['Rock', 'Alternative', 'Miscellaneous']"
G5vHZ_dhhlVAn,Summer Concerts - Fleetwood Bac - A Tribute to Fleetwood Mac,2026-07-24,Rock,Pop,G5vHZ_dhhlVAn,Staffordshire,2.0,['Rock']
LvZ18Q-pfpC1_e8Z0xE90,SUPERTONIC Fri 24 July 2026 The Jam House Birmingham,2026-07-24,Pop,Pop,LvZ18Q-pfpC1_e8Z0xE90,Birmingham,2.0,"['Pop', 'Classical']"
LvZ18QxNGBPZeYOZvC6Lb,Alfies Soho - Live Jazz and Blues,2026-07-24,Jazz,Jazz,LvZ18QxNGBPZeYOZvC6Lb,London,2.0,['Jazz']
1AdjZbUGkRuqpQk,Jools Holland and His Rhythm & Blues Orchestra,2026-07-24,R&B,R&B,1AdjZbUGkRuqpQk,Peterborough,2.0,"['R&B', 'Rock']"
G5dzZbtLobv7V,Go Your Own Way Fleetwood Mac Tribute,2026-07-24,Undefined,Undefined,G5dzZbtLobv7V,Newcastle Upon Tyne,1.0,['Undefined']
G5vHZ_kC42oHe,Gary Numan,2026-07-24,Rock,Pop,G5vHZ_kC42oHe,Bournemouth,1.0,['Rock']
LvZ18QxNAv4ZeYOZvC6_a,"Live Jazz from the Piano Bar at Red Room Studios, Soho",2026-07-24,Jazz,Jazz,LvZ18QxNAv4ZeYOZvC6_a,London,3.0,['Jazz']
LvZ18QxR_ogQ_GZvOwcRw,Kaytranada's 99.9% Revisited (10th Anniversary),2026-07-24,Dance/Electronic,Dance/Electronic,LvZ18QxR_ogQ_GZvOwcRw,London,1.0,['Dance/Electronic']
17GOv0G61NcJ8la,Six60,2026-07-24,Rock,Pop,17GOv0G61NcJ8la,Glasgow,1.0,['Rock']
17GOv0G6Gl42Y0a,The Freddie & Queen Experience,2026-07-24,Rock,Pop,17GOv0G6Gl42Y0a,Dunfermline,,
17u8v0G6uMcX96h,Belle Livingstone's 58th Street Country Club,2026-07-24,Jazz,Jazz,17u8v0G6uMcX96h,London,1.0,['Jazz']
17uOv0G61NHQ_OA,Six60,2026-07-24,Rock,Pop,17uOv0G61NHQ_OA,Glasgow,1.0,['Rock']
1AdfZ_aGkRUtbKJ,JK,2026-07-24,Other,Other,1AdfZ_aGkRUtbKJ,Leeds,1.0,['Other']
G5dzZ_aMgg7I1,Donell Jones & Ginuwine,2026-07-24,R&B,R&B,G5dzZ_aMgg7I1,London,2.0,['R&B']
G5dzZ_aNRx98q,Armanii - The Impact Tour,2026-07-24,R&B,R&B,G5dzZ_aNRx98q,Birmingham,,
G5dzZbMRCGbFT,Guns 2 Roses + Metallica Re-Loaded + Faith No Man,2026-07-24,Undefined,Undefined,G5dzZbMRCGbFT,Birmingham,3.0,['Undefined']
G5dzZbMRivn_A,The Amy Winehouse Experience,2026-07-24,Undefined,Undefined,G5dzZbMRivn_A,Manchester,1.0,['Undefined']
G5dzZbzR4bg7K,Steel Panther Europe Twenty Twenty S£x Tour,2026-07-24,Rock,Pop,G5dzZbzR4bg7K,Bristol,3.0,"['Rock', 'Alternative']"
G5vHZ_kMUjt3r,Black Pistol Fire,2026-07-24,Rock,Alternative Rock,G5vHZ_kMUjt3r,Manchester,1.0,['Rock']
G5vHZbUMhfz5x,David Gray,2026-07-24,Rock,Alternative Rock,G5vHZbUMhfz5x,Basingstoke,1.0,['Rock']
G5vHZbg9FJFdD,Chalk,2026-07-24,Rock,Alternative Rock,G5vHZbg9FJFdD,London,2.0,"['Rock', 'Alternative']"
LvZ18Q-uS8q2ojYvOs8D1,The Legend of Luke Kelly,2026-07-24,Country,Country,LvZ18Q-uS8q2ojYvOs8D1,Belfast,1.0,['Country']
LvZ18Q-xbSf6r68ZEucsb,Sabbotage - A tribute to Black Sabbath,2026-07-24,Metal,Metal,LvZ18Q-xbSf6r68ZEucsb,Cardiff,1.0,['Metal']
LvZ18Q4WMRV0Kr8Zl3OeC,"Voodoo Room - A Night of Hendrix, Clapton & Cream",2026-07-24,Rock,Alternative Rock,LvZ18Q4WMRV0Kr8Zl3OeC,Morecambe,1.0,['Rock']
LvZ18QQTDOjwiv8ZVo5Mc,Swiftogeddon - The Taylor Themed Club Night - Liverpool (Early Show),2026-07-24,Pop,Pop,LvZ18QQTDOjwiv8ZVo5Mc,Liverpool,1.0,['Pop']
LvZ18QaH6b2pRA8ZRwBVw,Hounds Of Love: The Kate Bush Celebration,2026-07-24,Pop,Pop Rock,LvZ18QaH6b2pRA8ZRwBVw,Southampton,2.0,"['Pop', 'Rock']"
LvZ18Qhvn2WrDTZZVaZI8,Arnocorps,2026-07-24,Metal,Heavy Metal,LvZ18Qhvn2WrDTZZVaZI8,Newcastle Upon Tyne,1.0,['Metal']
LvZ18Qj1APne68OZz9o1d,Stiff Bizkit,2026-07-24,Hip-Hop/Rap,Rap-Rock,LvZ18Qj1APne68OZz9o1d,Derby,1.0,['Hip-Hop/Rap']
LvZ18QrmC5sweXZZ0w_Rf,The Sweet Kill,2026-07-24,Rock,Goth Metal,LvZ18QrmC5sweXZZ0w_Rf,London,2.0,"['Rock', 'Alternative']"
LvZ18QxNe-cEv4YZvc-R2,Soho Spotlight - Friday Live Performance,2026-07-24,Jazz,Jazz,LvZ18QxNe-cEv4YZvc-R2,London,3.0,['Jazz']
17u8vxG6umQLMZD,Anything for Love  The Meat Loaf Story,2026-07-24,Undefined,Undefined,17u8vxG6umQLMZD,Scarborough,1.0,['Undefined']
1adjZ_ejt0KZd2Au,Lost In Music - One Night at the Disco,2026-07-24,Undefined,Undefined,1adjZ_ejt0KZd2Au,Bath,1.0,['Undefined']
G5vHZ_A623fX5,Somerset House Summer Series: Raf-Saperra,2026-07-24,Hip-Hop/Rap,Trap,G5vHZ_A623fX5,London,3.0,"['Hip-Hop/Rap', 'Rock', 'Dance/Electronic']"
LvZ18Qx1_x_MgqYZzT9EN,THE SELECTER,2026-07-24,Rock,Pop,LvZ18Qx1_x_MgqYZzT9EN,Northampton,1.0,['Rock']
1AgZkCKGkeVTneA,ABBA Voyage,2026-07-24,Pop,Pop,1AgZkCKGkeVTneA,London,1.0,['Pop']
1agZk8MCexpZeCe,Abba Voyage - VIP Premium Package,2026-07-24,Pop,Pop,1agZk8MCexpZeCe,London,1.0,['Pop']
17GOv0G6GRl5OIk,Buster and Tallulah + Slowlight + Carlton + DJ Max De Luz,2026-07-24,Rock,Pop,17GOv0G6GRl5OIk,London,,
17uYv0G6GjiBbLB,Jay Buchanan,2026-07-24,Rock,Alternative Rock,17uYv0G6GjiBbLB,Bristol,2.0,"['Alternative', 'Folk']"
LvZ18Q8S0pL_v9YZ0_V-s,Roxy Magic,2026-07-24,Undefined,Undefined,LvZ18Q8S0pL_v9YZ0_V-s,Kinross,1.0,['Undefined']
LvZ18QLd1W3RpqZZ0Vt7G,Northern Soul LIVE – The Signatures,2026-07-24,R&B,Northern Soul,LvZ18QLd1W3RpqZZ0Vt7G,London ,1.0,['R&B']
LvZ18QQqbx8XehOZnUjAG,Andy Bennett (Ocean Colour Scene),2026-07-24,Rock,Pop,LvZ18QQqbx8XehOZnUjAG,Birmingham,1.0,['Rock']
LvZ18Q_oNvyATrZZwz9vS,Whitesnake UK,2026-07-24,Undefined,Undefined,LvZ18Q_oNvyATrZZwz9vS,Nuneaton,1.0,['Undefined']
LvZ18QxNGBPZeYOZvC6L_,Alfies Soho - Live Jazz and Blues,2026-07-24,Jazz,Jazz,LvZ18QxNGBPZeYOZvC6L_,London,2.0,['Jazz']
LvZ18QxNAv4ZeYOZvC6_1,"Live Jazz from the Piano Bar at Red Room Studios, Soho",2026-07-24,Jazz,Jazz,LvZ18QxNAv4ZeYOZvC6_1,London,3.0,['Jazz']
17uYv0G6uhbMQ9L,BBC Proms: Nadine Shah and Royal Northern Sinfonia,2026-07-24,Rock,Alternative Rock,17uYv0G6uhbMQ9L,Gateshead,1.0,['Rock']
LvZ18Qh8WwojY9YZiwS6S,Brit Funk Association,2026-07-24,R&B,Funk,LvZ18Qh8WwojY9YZiwS6S,London,1.0,['R&B']
LvZ18QLegRa-i7ZvqXskE,Carl Craig (All Night Long),2026-07-24,Dance/Electronic,Club Dance,LvZ18QLegRa-i7ZvqXskE,London,2.0,['Dance/Electronic']
17uYvxG6CRt3foY,The Latitude Lounge 2026,2026-07-24,Undefined,Undefined,17uYvxG6CRt3foY,Suffolk,1.0,['Undefined']
1AdjZ_eGkwqOsJB,Latitude Festival 2026 - Saturday Day Ticket,2026-07-25,Undefined,Undefined,1AdjZ_eGkwqOsJB,Suffolk,19.0,"['Undefined', 'Pop', 'Rock', 'R&B', 'Folk', 'Alternative', 'Comedy']"
1AgZkupGkdeJUMk,Racing + Tom Grennan - County Stand,2026-07-25,Rock,Pop,1AgZkupGkdeJUMk,York,1.0,['Rock']
1AgZkupGkeSbU8p,Racing + Tom Grennan - Grandstand & Paddock,2026-07-25,Rock,Pop,1AgZkupGkeSbU8p,York,1.0,['Rock']
16zZko3JKZA2e55e,LENNY PEARCE: TODDLER RAVE WORLD TOUR PART 2,2026-07-25,Pop,Electro Pop,16zZko3JKZA2e55e,Belfast,1.0,['Dance/Electronic']
G5vHZ_71o0sjw,Depot In The Castle 2026 Upgrade (does not include event ticket),2026-07-25,Rock,Pop,G5vHZ_71o0sjw,Cardiff,3.0,['Rock']
G5vHZbsREIx61,"Depot In The Castle: The Wombats, Sugababes +more",2026-07-25,Rock,Pop,G5vHZbsREIx61,Cardiff,7.0,"['Rock', 'Alternative']"
G5vHZbV7d-BLk,The Wombats- Official Ticket and Hotel Bundls,2026-07-25,Rock,Alternative Rock,G5vHZbV7d-BLk,Cardiff,2.0,['Rock']
LvZ18Qj16egQHgZZE6gbD,The Saturday Brunch Club,2026-07-25,Food & Drink,Food & Drink,LvZ18Qj16egQHgZZE6gbD,London,2.0,"['Food & Drink', 'Jazz']"
17u8v0G6uMmGE5j,Belle Livingstone's 58th Street Country Club,2026-07-25,Jazz,Jazz,17u8v0G6uMmGE5j,London,1.0,['Jazz']
LvZ18Q207jHjtnOZl_pxX,Saturday Soul Lunch | Acantha Lang’s Soul Selection,2026-07-25,R&B,Soul,LvZ18Q207jHjtnOZl_pxX,London,1.0,['R&B']
LvZ18Q6I_IpeqcOZtxpcH,"KISSTORY On Blackheath, London",2026-07-25,Dance/Electronic,Club Dance,LvZ18Q6I_IpeqcOZtxpcH,London,1.0,['Dance/Electronic']
LvZ18QhkZPQyTQ8Zvtz4U,Cougar Live MusicX,2026-07-25,Rock,Pop,LvZ18QhkZPQyTQ8Zvtz4U,Keighley,2.0,"['Rock', 'Reggae']"
1AwZk8EGkeI5YE3,Re-Sound Festival,2026-07-25,Other,Other,1AwZk8EGkeI5YE3,Southampton,,
G5vHZbVnr6g-E,Heritage Live: Ministry of Sound Classical + Special Guests,2026-07-25,Classical,Classical/Vocal,G5vHZbVnr6g-E,Reading,7.0,"['Classical', 'Other', 'Rock', 'Dance/Electronic']"
16gZk8MCAZA216Ck,Abba Voyage - VIP Premium Package,2026-07-25,Pop,Pop,16gZk8MCAZA216Ck,London,1.0,['Pop']
17uOv0G6G3nct8k,"OPTIKA - Auntie Flo, Petrichor, Nightwave, Konx-Om-Pax, Jamie Thomson",2026-07-25,Pop,Electro Pop,17uOv0G6G3nct8k,Glasgow,2.0,"['Dance/Electronic', 'Miscellaneous']"
1AgZkCKGkegu1k9,ABBA Voyage,2026-07-25,Pop,Pop,1AgZkCKGkegu1k9,London,1.0,['Pop']
LvZ18Q0QvqECaqLSFC0JR,"Italo Disco Party (Day & Night): Ryan Paris (Live PA), Daniele Baldelli ++",2026-07-25,Dance/Electronic,Dance/Electronic,LvZ18Q0QvqECaqLSFC0JR,London,1.0,['Dance/Electronic']
LvZ18Q0_T26L6qT3-yOSX,Soul City Day & Night Party (Open Air),2026-07-25,Dance/Electronic,Dance/Electronic,LvZ18Q0_T26L6qT3-yOSX,London,1.0,['Dance/Electronic']
LvZ18Q0aCouaQaJyKcgGt,"Live at Melbourne Hall: Lightning Seeds, Maximo Park, Riding The Low",2026-07-25,Rock,Pop,LvZ18Q0aCouaQaJyKcgGt,Derby,3.0,"['Rock', 'Metal']"
LvZ18Q4RCcyOLG8Z0Yeqx,Re-Sound Festival,2026-07-25,Pop,Pop Rock,LvZ18Q4RCcyOLG8Z0Yeqx,Southampton,1.0,['Pop']
LvZ18QhAb1baxNZZ0aect,Day Fever - Newcastle,2026-07-25,Dance/Electronic,Dance/Electronic,LvZ18QhAb1baxNZZ0aect,Newcastle upon Tyne,1.0,['Dance/Electronic']
LvZ18QhAbRzaxNZZVavUK,Day Fever - Glasgow,2026-07-25,Dance/Electronic,Dance/Electronic,LvZ18QhAbRzaxNZZVavUK,Glasgow,1.0,['Dance/Electronic']
LvZ18QjzDytHOtYZzR2Tm,Planet V BBQ,2026-07-25,Dance/Electronic,Club Dance,LvZ18QjzDytHOtYZzR2Tm,London,5.0,"['Dance/Electronic', 'Hip-Hop/Rap', 'Variety']"
LvZ18QqzW7j7hHZZ0d6la,"An Afternoon of Indie BIRMINGHAM - Indie for the over 30s, 3pm-7pm",2026-07-25,Alternative,Indie Rock,LvZ18QqzW7j7hHZZ0d6la,Birmingham,1.0,['Alternative']
LvZ18Qrcn4_MCM8Z0O4TT,"An Afternoon of Emo & 90s, 00s Rock LONDON, 3pm-7pm",2026-07-25,Alternative,Adult Alternative Pop/Rock,LvZ18Qrcn4_MCM8Z0O4TT,London,1.0,['Alternative']
16zZko3JKZA8e557,LENNY PEARCE: TODDLER RAVE WORLD TOUR PART 2,2026-07-25,Pop,Electro Pop,16zZko3JKZA8e557,Belfast,1.0,['Dance/Electronic']
1ANZk8EGkdzq8WY,Bruno Mars - The Romantic Tour,2026-07-25,Pop,Pop,1ANZk8EGkdzq8WY,London,3.0,"['Pop', 'Dance/Electronic']"
1AUZkuFGkdVfH9g,Luke Combs - My Kinda Saturday Night Tour,2026-07-25,Country,Country,1AUZkuFGkdVfH9g,Edinburgh,4.0,"['Country', 'Blues']"
1AgZkuVGkd3GIav,OMD,2026-07-25,Pop,Electro Pop,1AgZkuVGkd3GIav,Margate,4.0,"['Pop', 'Rock', 'Alternative']"
1AzZko0Gkezpv-t,Ben Nicky - FEILE 2026,2026-07-25,Pop,Electro Pop,1AzZko0Gkezpv-t,Belfast,2.0,"['Dance/Electronic', 'Rock']"
16gZk8PPFZAueuGA,Tom Jones,2026-07-25,Rock,Pop,16gZk8PPFZAueuGA,Halifax,3.0,['Rock']
1AdfZbgGkTf1lBZ,James Taylor & His All-Star Band,2026-07-25,Rock,Pop,1AdfZbgGkTf1lBZ,Scarborough,2.0,['Rock']
G5vHZ_dwmdA6V,Summer Concerts - Pop Party 2010s - 2025,2026-07-25,Pop,Pop,G5vHZ_dwmdA6V,Staffordshire,1.0,['Rock']
LvZ18QxNGBN2PM8Zv-dL9,Alfies Soho - Live Jazz and Blues,2026-07-25,Jazz,Jazz,LvZ18QxNGBN2PM8Zv-dL9,London,2.0,['Jazz']
1AdfZ_dGkSWwbfD,Tom Jones- Official Ticket and Hotel Bundls,2026-07-25,Rock,Pop,1AdfZ_dGkSWwbfD,Halifax,2.0,['Rock']
1AgZkuPGkd81_51,James Taylor- Official Ticket and Hotel Bundls,2026-07-25,Rock,Pop,1AgZkuPGkd81_51,Scarborough,2.0,['Rock']
G5dzZbz1uMdvj,The Amy Winehouse Experience,2026-07-25,Undefined,Undefined,G5dzZbz1uMdvj,Newcastle Upon Tyne,1.0,['Undefined']
LvZ18QO3jD8W3KOZz7tzI,Hayao Miyazaki's Dreams by Mystery Ensemble,2026-07-25,Classical,Classical/Vocal,LvZ18QO3jD8W3KOZz7tzI,London,1.0,['Classical']
LvZ18Qjy6DF-1mYZz4YEl,ArnoCorps,2026-07-25,Metal,Heavy Metal,LvZ18Qjy6DF-1mYZz4YEl,Glasgow,1.0,['Metal']
LvZ18QradAt3OiYZ0bgaS,Mádé Kuti & The Movement,2026-07-25,World,Afro-Beat,LvZ18QradAt3OiYZ0bgaS,London,1.0,['World']
17GOv0G6uYcxZUK,Six60,2026-07-25,Rock,Pop,17GOv0G6uYcxZUK,Glasgow,1.0,['Rock']
17u8v0G6uMmQMo0,Belle Livingstone's 58th Street Country Club,2026-07-25,Jazz,Jazz,17u8v0G6uMmQMo0,London,1.0,['Jazz']
17uOv0G6GCQoJN6,Six60,2026-07-25,Rock,Pop,17uOv0G6GCQoJN6,Glasgow,1.0,['Rock']
1AMZkGYGkdqUazM,Rumours of Fleetwood Mac,2026-07-25,Undefined,Undefined,1AMZkGYGkdqUazM,Guildford,1.0,['Undefined']
1AdbZbzGkligl7m,Steel Panther Europe Twenty Twenty S£x Tour,2026-07-25,Rock,Pop,1AdbZbzGkligl7m,Southampton,1.0,['Rock']
G5dzZ_6nbkSQS,Bar Dust - Tribute To the Pogues,2026-07-25,Rock,Pop,G5dzZ_6nbkSQS,London,3.0,['Rock']
G5dzZ_aN_JUdo,Armanii - The Impact Tour,2026-07-25,Reggae,Reggae,G5dzZ_aN_JUdo,London,,
G5dzZ_awKPsc5,JK,2026-07-25,Other,Other,G5dzZ_awKPsc5,London,1.0,['Other']
G5dzZbMNZZp3-,Guns 2 Roses + Wrong Jovi + AC/DC Reborn,2026-07-25,Undefined,Undefined,G5dzZbMNZZp3-,Manchester,2.0,"['Undefined', 'Rock']"
G5vHZ_A6uRVyT,Somerset House Summer Series: The Flaming Lips,2026-07-25,Rock,Alternative Rock,G5vHZ_A6uRVyT,London,2.0,['Rock']
G5vHZbUMEzFY7,David Gray,2026-07-25,Rock,Alternative Rock,G5vHZbUMEzFY7,Basingstoke,1.0,['Rock']
LvZ18Qb72XNdLb8ZyLnYw,ULTIMATE WHITESNAKE,2026-07-25,Rock,Rock,LvZ18Qb72XNdLb8ZyLnYw,Bradford,1.0,['Rock']
LvZ18Qjfs_hpohOvLpAZL,Evil Scarecrow,2026-07-25,Metal,Heavy Metal,LvZ18Qjfs_hpohOvLpAZL,Southampton,5.0,"['Metal', 'Pop', 'Other', 'Rock']"
G5vHZbM9YCBpt,The Proclaimers,2026-07-25,Rock,Pop,G5vHZbM9YCBpt,Bexhill on Sea,1.0,['Rock']
LvZ18Q5nOwQ5opOZn3rmK,Glam Rockerz,2026-07-25,Rock,Glam,LvZ18Q5nOwQ5opOZn3rmK,"Newcastle upon Tyne, NE1 2PQ",2.0,['Rock']
LvZ18QCbQ11eK-OZ0xRfc,Papa Shango,2026-07-25,Rock,Indie Rock,LvZ18QCbQ11eK-OZ0xRfc,Newcastle Upon Tyne,1.0,['Rock']
LvZ18QOFZ2_0DZYv1Z6GM,King Tut's Summer Nights Presents: Heavy Heads,2026-07-25,Rock,Pop,LvZ18QOFZ2_0DZYv1Z6GM,Glasgow,5.0,"['Rock', 'Alternative']"
LvZ18QOGJ6DJWh8vqD3SK,Type Of Negative - A Type O Negative tribute night,2026-07-25,Metal,Goth Metal,LvZ18QOGJ6DJWh8vqD3SK,Cardiff,1.0,['Metal']
LvZ18QQGPTefeEOZw5J1Y,Ultimate Coldplay - Tribute to Coldplay,2026-07-25,Undefined,Undefined,LvZ18QQGPTefeEOZw5J1Y,Hertford,1.0,['Undefined']
LvZ18QxAl_V4GmZvOSln7,Hayao Miyazaki's Dreams by Mystery Ensemble,2026-07-25,Classical,Classical/Vocal,LvZ18QxAl_V4GmZvOSln7,Cardiff,1.0,['Classical']
1AgZkCKGkegQ1Gc,ABBA Voyage,2026-07-25,Pop,Pop,1AgZkCKGkegQ1Gc,London,1.0,['Pop']
1agZk8MCaCpZe2F,Abba Voyage - VIP Premium Package,2026-07-25,Pop,Pop,1agZk8MCaCpZe2F,London,1.0,['Pop']
17GOv0G6GnBu8xL,Octrain + Woman Wept + Kinoko Curse,2026-07-25,Rock,Pop,17GOv0G6GnBu8xL,London,,
LvZ18Q9CFuHLj68Z0M2Tt,Lizzie And The Banshees,2026-07-25,Alternative,Post-Punk,LvZ18Q9CFuHLj68Z0M2Tt,Nuneaton,1.0,['Alternative']
LvZ18QhnlKGSaWOZiEPz6,HARD ROCK COMPANY – A Tribute to Free and Bad Company,2026-07-25,Rock,Rock,LvZ18QhnlKGSaWOZiEPz6,Stockton-on-Tees,1.0,['Rock']
LvZ18QxNGBN2PM8Zv-dLb,Alfies Soho - Live Jazz and Blues,2026-07-25,Jazz,Jazz,LvZ18QxNGBN2PM8Zv-dLb,London,2.0,['Jazz']
LvZ18Qxovv-Nh8OZJAXZD,The Walkers,2026-07-25,Rock,Hard Rock,LvZ18Qxovv-Nh8OZJAXZD,Kinross,1.0,['Rock']
LvZ18QKlGudvxy8ZUgX06,Sabbotage,2026-07-25,Metal,Metal,LvZ18QKlGudvxy8ZUgX06,St Albans,1.0,['Metal']
LvZ18QNnAQjK-TYvGhyWK,Gregory Isaacs with Terence Wallen,2026-07-25,Reggae,Political Reggae,LvZ18QNnAQjK-TYvGhyWK,London,1.0,['Reggae']
LvZ18QN2Lbx6nyZZ0K-qF,Live Band Karaoke,2026-07-25,Undefined,Undefined,LvZ18QN2Lbx6nyZZ0K-qF,London,1.0,['Undefined']
LvZ18QxvnQiADFZvG5KG6,Soul City: House music every Saturday,2026-07-25,Undefined,Undefined,LvZ18QxvnQiADFZvG5KG6,London,2.0,"['Undefined', 'Dance/Electronic']"
G5vHZbVBMIEa0,Hertiage Live: Ministry Of Sound VIP Guest Area,2026-07-25,Undefined,Undefined,G5vHZbVBMIEa0,Reading,1.0,['Classical']
1AdjZ_eGkSplwyk,Latitude Festival 2026 - Sunday Day Ticket,2026-07-26,Undefined,Undefined,1AdjZ_eGkSplwyk,Suffolk,14.0,"['Undefined', 'Alternative', 'Pop', 'Rock', 'Comedy']"
LvZ18Qr_VyUM0nYZ0g_CM,Live in Bents Park: ABC and Chesney Hawkes,2026-07-26,Rock,Pop,LvZ18Qr_VyUM0nYZ0g_CM,South Shields,2.0,['Rock']
LvZ18Qj5us4I8B8Z0AeH3,Sunday Soul Sessions,2026-07-26,R&B,Soul,LvZ18Qj5us4I8B8Z0AeH3,London,1.0,['R&B']
16dfZ_djzG7w_hz,Abba Voyage - VIP Premium Package,2026-07-26,Pop,Pop,16dfZ_djzG7w_hz,London,1.0,['Pop']
1AgZkCKGkegEQuJ,ABBA Voyage,2026-07-26,Pop,Pop,1AgZkCKGkegEQuJ,London,1.0,['Pop']
G5vHZbVLQxz9-,HERITAGE LIVE: UB40 ft Ali Campbell,2026-07-26,Reggae,Reggae,G5vHZbVLQxz9-,Reading,6.0,"['Reggae', 'Other', 'R&B']"
LvZ18Q0a8zJmN9hzc4YR3,"Live at Melbourne Hall: The Shires, Ward Thomas, Catherine McGrath, Minna",2026-07-26,Country,Country,LvZ18Q0a8zJmN9hzc4YR3,Derby,3.0,"['Country', 'Rock']"
17uOv0G6G3iIyrA,Mungo's Soundsystem Yard,2026-07-26,Pop,Electro Pop,17uOv0G6G3iIyrA,Glasgow,2.0,"['Dance/Electronic', 'Miscellaneous']"
G5vHZbgLQdFtQ,David Byrne,2026-07-26,Rock,Alternative Rock,G5vHZbgLQdFtQ,Cardiff,3.0,['Rock']
LvZ18QOid_uW-UOvOgKla,Hayao Miyazaki's Dreams by Mystery Ensemble,2026-07-26,Classical,Classical/Vocal,LvZ18QOid_uW-UOvOgKla,Bristol,1.0,['Classical']
G5vHZ_79rlkop,David Byrne - Official Ticket and Hotel Bundls,2026-07-26,Rock,Alternative Rock,G5vHZ_79rlkop,Cardiff,2.0,['Rock']
16dfZ_djzG7Tyj6,Abba Voyage - VIP Premium Package,2026-07-26,Pop,Pop,16dfZ_djzG7Tyj6,London,1.0,['Pop']
1AdfZbVGkXpk7dK,Tom Grennan,2026-07-26,Rock,Pop,1AdfZbVGkXpk7dK,Halifax,4.0,"['Rock', 'Hip-Hop/Rap', 'Pop']"
1AgZkCKGkegVBCq,ABBA Voyage,2026-07-26,Pop,Pop,1AgZkCKGkegVBCq,London,1.0,['Pop']
1AgZkCfGkeS9aoU,Tom Jones,2026-07-26,Rock,Pop,1AgZkCfGkeS9aoU,Scarborough,3.0,['Rock']
G5vHZ_Gnbdpcu,Summer Concerts - Kidsfest,2026-07-26,Rock,Pop,G5vHZ_Gnbdpcu,Staffordshire,1.0,['Rock']
LvZ18Q-DV9kqdsZvOtUFJ,Reiko,2026-07-26,Classical,Classical/Vocal,LvZ18Q-DV9kqdsZvOtUFJ,London,1.0,['Classical']
1AdfZ_dGkSDWbC1,Tom Jones- Official Ticket and Hotel Bundls,2026-07-26,Rock,Pop,1AdfZ_dGkSDWbC1,Scarborough,2.0,['Rock']
1AdfZbgGkwn7kbI,Tom Grennan- Official Ticket and Hotel Bundls,2026-07-26,Rock,Pop,1AdfZbgGkwn7kbI,Halifax,2.0,['Rock']
LvZ18Qj5OvgQHgZZE6Hbm,Black Slate,2026-07-26,Reggae,Roots Reggae,LvZ18Qj5OvgQHgZZE6Hbm,London,1.0,['Reggae']
17u8v0G6uMmt64K,Belle Livingstone's 58th Street Country Club,2026-07-26,Jazz,Jazz,17u8v0G6uMmt64K,London,1.0,['Jazz']
1AUZkoSGkd4-PWN,Tuk Smith and the Restless Hearts,2026-07-26,Rock,Alternative Rock,1AUZkoSGkd4-PWN,Glasgow,1.0,['Alternative']
1AwZkoNGkeNrZ-5,Noura Mint Seymali - Restaurant,2026-07-26,World,World,1AwZkoNGkeNrZ-5,London,,
1AwZkoNGkeNrZ-v,Noura Mint Seymali,2026-07-26,World,World,1AwZkoNGkeNrZ-v,London,,
1AzZkoKGkeTNwb1,Arnocorps,2026-07-26,Metal,Nu-Metal,1AzZkoKGkeTNwb1,Belfast,1.0,['Metal']
G5vHZ_F1hzNvR,GLU,2026-07-26,Hip-Hop/Rap,Trap,G5vHZ_F1hzNvR,Manchester,1.0,['Hip-Hop/Rap']
G5vHZbSdjLbk9,Rumours of Fleetwood Mac,2026-07-26,Undefined,Undefined,G5vHZbSdjLbk9,Salisbury,1.0,['Undefined']
LvZ18QQMeu9tJxOZ0DuGa,The Fizz,2026-07-26,Rock,Pop,LvZ18QQMeu9tJxOZ0DuGa,Hertford,1.0,['Rock']
LvZ18QQlxRfOsgYZVuVm3,Johnny Cash Roadshow,2026-07-26,Undefined,Undefined,LvZ18QQlxRfOsgYZVuVm3,Southampton,1.0,['Undefined']
1AdfZ_AGkRgKbKv,Jimmy Nail: Stories and Songs,2026-07-26,Pop,Pop,1AdfZ_AGkRgKbKv,Scarborough,1.0,['Pop']
G5vHZ_A62qfXY,Somerset House Summer Series: Benjamin Clementine,2026-07-26,Rock,Pop,G5vHZ_A62qfXY,London,3.0,"['Rock', 'Jazz']"
LvZ18QOFvrHjRnZvqxK8E,King Tut's Summer Nights Presents: Rosie Alice,2026-07-26,Rock,Pop,LvZ18QOFvrHjRnZvqxK8E,Glasgow,5.0,"['Rock', 'Pop']"
LvZ18QOpwx_wT48ZzCS3f,Jeanne Wilde,2026-07-27,Pop,Singer-Songwriter,LvZ18QOpwx_wT48ZzCS3f,London,3.0,['Pop']
1AdbZ_eGkDZ77az,The Flaming Lips,2026-07-27,Rock,Alternative Rock,1AdbZ_eGkDZ77az,Glasgow,2.0,['Rock']
G5vHZ_G9YPhIm,Jay Buchanan,2026-07-27,Rock,Alternative Rock,G5vHZ_G9YPhIm,Birmingham,2.0,"['Alternative', 'Folk']"
1AMZk8YGkelgdCD,Jools Holland and His Rhythm & Blues Orchestra,2026-07-27,R&B,R&B,1AMZk8YGkelgdCD,Milton Keynes,1.0,['R&B']
1AUZkotGkdvKALl,Bear McCreary,2026-07-27,Rock,Pop,1AUZkotGkdvKALl,Glasgow,1.0,['Rock']
1AgZk3fGkdwR7ML,Caylee Hammack,2026-07-27,Country,Country,1AgZk3fGkdwR7ML,London,1.0,['Country']
1AwZkotGkesyv7j,Bear McCreary,2026-07-27,Rock,Pop,1AwZkotGkesyv7j,Glasgow,1.0,['Rock']
1kuOv0-yGA2e015,GLU,2026-07-27,Hip-Hop/Rap,Trap,1kuOv0-yGA2e015,Glasgow,1.0,['Hip-Hop/Rap']
LvZ18Qh8ZZRthgOZHNLbf,Ustad Noor Bakhsh,2026-07-27,World,Pakistan,LvZ18Qh8ZZRthgOZHNLbf,London,1.0,['World']
LvZ18QKnOSCs-rYZy7H1i,Alien Ant Farm,2026-07-27,Rock,Pop,LvZ18QKnOSCs-rYZy7H1i,Falmouth,2.0,"['Rock', 'Pop']"
LvZ18QqbOWGam_ZZ0-pwh,Benin International Musical,2026-07-27,Hip-Hop/Rap,Hip-Hop/Rap,LvZ18QqbOWGam_ZZ0-pwh,Manchester,1.0,['Hip-Hop/Rap']
15dfZ_djyutj0,Abba Voyage - VIP Premium Package,2026-07-27,Pop,Pop,15dfZ_djyutj0,London,1.0,['Pop']
1AgZkCKGkeUe12Y,ABBA Voyage,2026-07-27,Pop,Pop,1AgZkCKGkeUe12Y,London,1.0,['Pop']
15dFZ_77gZvZ6,Eric Johnson,2026-07-27,Rock,Pop,15dFZ_77gZvZ6,Southampton,1.0,['Rock']
17GOv0G6CkoP80j,Stranded On the Earth + Who Knows Juno? + Even Briar + Seth Tonkin,2026-07-27,Rock,Pop,17GOv0G6CkoP80j,London,,
G5dzZ_A5NdMcR,LENNY PEARCE - TODDLER RAVE WORLD TOUR PART 2,2026-07-28,Pop,Electro Pop,G5dzZ_A5NdMcR,Edinburgh,1.0,['Dance/Electronic']
1ANZk8EGkdBd8XC,Bruno Mars - The Romantic Tour,2026-07-28,Pop,Pop,1ANZk8EGkdBd8XC,London,3.0,"['Pop', 'Dance/Electronic']"
1AdbZ_eGkBWtV7Y,Suzanne Vega,2026-07-28,Rock,Alternative Rock,1AdbZ_eGkBWtV7Y,Glasgow,2.0,['Rock']
G5dzZ_6LCZdcr,Wolfmother,2026-07-28,Rock,Pop,G5dzZ_6LCZdcr,Bristol,3.0,['Rock']
G5vHZ_aKS4U97,Caylee Hammack,2026-07-28,Country,Country,G5vHZ_aKS4U97,Birmingham,1.0,['Country']
G5vHZ_knCBoye,Bear McCreary: The Singularity,2026-07-28,Rock,Pop,G5vHZ_knCBoye,London,1.0,['Rock']
G5vHZby5u1kk-,Vanessa Carlton,2026-07-28,Rock,Pop,G5vHZby5u1kk-,Manchester,1.0,['Rock']
LvZ18Q0fSoOOlTgq5d2fA,Ustad Noor Bakhsh,2026-07-28,World,Pakistan,LvZ18Q0fSoOOlTgq5d2fA,London,1.0,['World']
LvZ18QKnrnBKxE8ZyOeZw,Alien Ant Farm,2026-07-28,Rock,Pop,LvZ18QKnrnBKxE8ZyOeZw,Frome,2.0,"['Rock', 'Pop']"
LvZ18QbENne1t7YZw9pQI,The Van Morrison Alumni Band,2026-07-28,Rock,Pop,LvZ18QbENne1t7YZw9pQI,London,1.0,['Rock']
LvZ18QxO6tTPU4ZvuDYXf,Dave Sear Sextet,2026-07-28,Jazz,Jazz,LvZ18QxO6tTPU4ZvuDYXf,London,1.0,['Jazz']
LvZ18QNnn7GK-TYvOhHB9,Frank Sinatra & Friends with Marilyn Monroe,2026-07-28,Jazz,Big Band,LvZ18QNnn7GK-TYvOhHB9,London,3.0,"['Jazz', 'Undefined']"
LvZ18QNZ65GdGLOZz4gCr,FIESTAS PATRIAS PERU,2026-07-29,World,Latin,LvZ18QNZ65GdGLOZz4gCr,London ,3.0,"['World', 'R&B', 'Dance/Electronic']"
1kuYv04vGA1x0nB,Lenny Pearce,2026-07-29,Pop,Electro Pop,1kuYv04vGA1x0nB,Nottingham,1.0,['Dance/Electronic']
1AMZkubGkdVecPC,Billy Ocean - Live After Racing,2026-07-29,R&B,Soul,1AMZkubGkdVecPC,Esher,2.0,"['R&B', 'Rock']"
LvZ18QNAlYAFgMZZz0jcV,Boxxed Off,2026-07-29,Dance/Electronic,Dance/Electronic,LvZ18QNAlYAFgMZZz0jcV,Southampton,1.0,['Dance/Electronic']
1AdbZ_eGkBDWdTb,MIKA,2026-07-29,Rock,Pop,1AdbZ_eGkBDWdTb,Glasgow,2.0,['Rock']
LvZ18QxNAvqWP1YZv6Fvh,"Live Jazz from the Piano Bar at Red Room Studios, Soho",2026-07-29,Jazz,Jazz,LvZ18QxNAvqWP1YZv6Fvh,London,3.0,['Jazz']
17CZv0G65Jbh-Ze,Julian Marley,2026-07-29,Reggae,Reggae,17CZv0G65Jbh-Ze,Belfast,1.0,['Reggae']
17u8v0G6uMmME_X,Belle Livingstone's 58th Street Country Club,2026-07-29,Jazz,Jazz,17u8v0G6uMmME_X,London,1.0,['Jazz']
1AwZk8YGkd-MOM6,Vanessa Carlton,2026-07-29,Rock,Pop,1AwZk8YGkd-MOM6,Glasgow,1.0,['Rock']
G5dzZ_6LJSf9p,Wolfmother,2026-07-29,Rock,Pop,G5dzZ_6LJSf9p,London,2.0,['Rock']
LvZ18QjgKlw7SmYvGZWHq,Satoshi Tomiie & Kuniyuki Takahashi Live,2026-07-29,Dance/Electronic,Dance/Electronic,LvZ18QjgKlw7SmYvGZWHq,London,2.0,['Dance/Electronic']
1AdfZbYGkBKbdvM,Sounds Of The 60s Live - Hosted by Tony Blackburn MBE,2026-07-29,Rock,Pop,1AdfZbYGkBKbdvM,Cardiff,1.0,['Rock']
LvZ18QrrQHB5MWOZ0Shap,Hot 8 Brass Band,2026-07-29,Jazz,Jazz,LvZ18QrrQHB5MWOZ0Shap,Manchester,1.0,['Jazz']
LvZ18Qx0bD_p1lZvGSZ2f,Leif Kaner-Lidström,2026-07-29,Jazz,Jazz,LvZ18Qx0bD_p1lZvGSZ2f,London,1.0,['Jazz']
17GOv0G6G1P08-Y,The Pyke Circuit + Punching Swans + Old Boy,2026-07-29,Rock,Alternative Rock,17GOv0G6G1P08-Y,London,,
LvZ18QxpdOiVA5ZZMA4ma,Amplify - Don't Eat Acorns / The Kid And I,2026-07-29,Alternative,Alternative,LvZ18QxpdOiVA5ZZMA4ma,St Albans,1.0,['Alternative']
LvZ18Q0C9EzDQdjpkKdHt,"Live Jazz from the Piano Bar at Red Room Studios, Soho",2026-07-29,Jazz,Jazz,LvZ18Q0C9EzDQdjpkKdHt,London,3.0,['Jazz']
LvZ18QhZwV3I_uOZVqroV,The Ultimate Elton John Show,2026-07-29,Rock,Pop,LvZ18QhZwV3I_uOZVqroV,London,1.0,['Rock']
17uOv0G6Gkr2kxd,Belladrum Festival 2026 - Thursday Day Tickets,2026-07-30,Rock,Pop,17uOv0G6Gkr2kxd, Inverness,1.0,['Rock']
1AdfZ_aGkwBkfEE,Camp Bestival 2026 - Outward Adventures - Thursday,2026-07-30,Undefined,Undefined,1AdfZ_aGkwBkfEE,Dorset,1.0,['Undefined']
G5vHZ_Ajk79_V,Lenny Pearce,2026-07-30,Dance/Electronic,Amapiano,G5vHZ_Ajk79_V,Cardiff,1.0,['Dance/Electronic']
G5vHZ_eY3MP6Z,Biffy Clyro,2026-07-30,Rock,Alternative Rock,G5vHZ_eY3MP6Z,Cardiff,4.0,"['Rock', 'Alternative']"
G5vHZ_7syU8WY,Biffy Clyro- Official Ticket and Hotel Bundls,2026-07-30,Rock,Alternative Rock,G5vHZ_7syU8WY,Cardiff,2.0,['Rock']
G5dzZ_GEPibvW,InPop,2026-07-30,Rock,Pop,G5dzZ_GEPibvW,London,1.0,['Rock']
LvZ18QxAdT74GmZZ0St4D,DEL CAMINO + Salsa Taster Thu 30th July Live at The Jam House Birmingham,2026-07-30,Latin,Latin,LvZ18QxAdT74GmZZ0St4D,Birmingham,1.0,['Latin']
1AdbZ_eGkDuaPk3,OMD,2026-07-30,Rock,Alternative Rock,1AdbZ_eGkDuaPk3,Glasgow,2.0,['Rock']
LvZ18Q0C4HTwr5AZwuPVa,"Live Jazz from the Piano Bar at Red Room Studios, Soho",2026-07-30,Jazz,Jazz,LvZ18Q0C4HTwr5AZwuPVa,London,3.0,['Jazz']
LvZ18QN2nZj_yAOZ0ky00,Maxwell D & Friends Live Lounge | Wayne Marshall,2026-07-30,Dance/Electronic,Club Dance,LvZ18QN2nZj_yAOZ0ky00,London,1.0,['Dance/Electronic']
17u8v0G6uMRAMjm,Belle Livingstone's 58th Street Country Club,2026-07-30,Jazz,Jazz,17u8v0G6uMRAMjm,London,1.0,['Jazz']
1AwZk34Gkd4cv66,THE 9075,2026-07-30,Rock,Alternative Rock,1AwZk34Gkd4cv66,Dunfermline,1.0,['Alternative']
1AwZk3fGkdh0okw,Caylee Hammack,2026-07-30,Country,Country,1AwZk3fGkdh0okw,Glasgow,1.0,['Country']
1AwZkuwGkd_bo5B,VOWWS,2026-07-30,Rock,Alternative Rock,1AwZkuwGkd_bo5B,London,2.0,['Alternative']
G5dzZ_6L1kdE7,Wolfmother,2026-07-30,Rock,Pop,G5dzZ_6L1kdE7,Manchester,2.0,['Rock']
G5vHZ_AEIjMD4,Thievery Corporation,2026-07-30,Dance/Electronic,Amapiano,G5vHZ_AEIjMD4,London,1.0,['Dance/Electronic']
G5vHZ_GCpe0_m,Tkandz,2026-07-30,Hip-Hop/Rap,Trap,G5vHZ_GCpe0_m,Manchester,1.0,['Hip-Hop/Rap']
G5vHZ_k1NpK6O,Suzanne Vega,2026-07-30,Rock,Alternative Rock,G5vHZ_k1NpK6O,Halifax,2.0,"['Rock', 'Country']"
G5vHZbM1XWkXc,The Castellows,2026-07-30,Country,Country,G5vHZbM1XWkXc,London,1.0,['Country']
G5vHZbM6xi9zn,VOWWS,2026-07-30,Rock,Alternative Rock,G5vHZbM6xi9zn,London,1.0,['Alternative']
LvZ18QhOJ5pRJZ8Z0PHWb,Tragedy: All Metal Tribute to the Bee Gees & Beyond,2026-07-30,Undefined,Undefined,LvZ18QhOJ5pRJZ8Z0PHWb,Southampton,1.0,['Undefined']
LvZ18Qr0ZQf1MZOZMKfCg,Protest The Hero + Vianova + Pupil Slicer,2026-07-30,Rock,Pop,LvZ18Qr0ZQf1MZOZMKfCg,Glasgow,3.0,"['Rock', 'Metal']"
LvZ18QrqpMNEMbOv1I001,Freshlyground,2026-07-30,World,World,LvZ18QrqpMNEMbOv1I001,London,1.0,['World']
LvZ18QrrzDMIp9YZ0MZV7,Violence,2026-07-30,Metal,Heavy Metal,LvZ18QrrzDMIp9YZ0MZV7,London,1.0,['Metal']
LvZ18QxN7FbzYRYZvNl73,Round 41 - Live Jazz and Fusion Night,2026-07-30,Jazz,Jazz,LvZ18QxN7FbzYRYZvNl73,London,3.0,['Jazz']
LvZ18Q--7j60z3OZ0m4Lj,Benin International Musical,2026-07-30,Hip-Hop/Rap,Hip-Hop/Rap,LvZ18Q--7j60z3OZ0m4Lj,London ,1.0,['Hip-Hop/Rap']
LvZ18Q3e0NtMRdZZ0uiJt,Gabrielle: Live at Truro Cathedral,2026-07-30,Pop,Pop,LvZ18Q3e0NtMRdZZ0uiJt,Truro,1.0,['Pop']
LvZ18Q9w_R8bUYYZluHO8,Eric Johnson,2026-07-30,Rock,Pop,LvZ18Q9w_R8bUYYZluHO8,Norwich ,1.0,['Rock']
LvZ18QOFd7uQrmYZ06DPo,King Tut's Summer Nights Presents: Lemon Drink,2026-07-30,Rock,Pop,LvZ18QOFd7uQrmYZ06DPo,Glasgow,4.0,"['Rock', 'Alternative']"
16gZk8MCpZAu1Fd5,Abba Voyage - VIP Premium Package,2026-07-30,Pop,Pop,16gZk8MCpZAu1Fd5,London,1.0,['Pop']
1AgZkCKGkeU2no1,ABBA Voyage,2026-07-30,Pop,Pop,1AgZkCKGkeU2no1,London,1.0,['Pop']
17GOv0G6ulYPOnD,The Sunryse Sound + Donny Phoenix + Red Eye,2026-07-30,Rock,Alternative Rock,17GOv0G6ulYPOnD,London,,
LvZ18QhAExOgPb8ZHKiMW,Mike Sanchez,2026-07-30,Rock,Pop,LvZ18QhAExOgPb8ZHKiMW,Exeter,1.0,['Rock']
LvZ18QxTfxVabgOvGWG9i,Amplify - Fuze / Skarlet Envy / FlyTrap,2026-07-30,Alternative,Alternative,LvZ18QxTfxVabgOvGWG9i,Hertford,1.0,['Alternative']
LvZ18Q0C4HTwr5AZwuPVF,"Live Jazz from the Piano Bar at Red Room Studios, Soho",2026-07-30,Jazz,Jazz,LvZ18Q0C4HTwr5AZwuPVF,London,3.0,['Jazz']
LvZ18QhYaVeRo98ZiI-xo,OMAR,2026-07-30,R&B,Soul,LvZ18QhYaVeRo98ZiI-xo,London,1.0,['R&B']
16dfZbsCKG7MOzO,Camp Bestival 2026 - Camp Kids Extra Pass,2026-07-30,Undefined,Undefined,16dfZbsCKG7MOzO,Dorset,1.0,['Undefined']
17u8vxG62kHuDLt,Camp Bestival 2026 - PayPal+ presents Paradise Garden Seating Booths,2026-07-30,Undefined,Undefined,17u8vxG62kHuDLt,Dorset,1.0,['Undefined']
17uOvxG62M2J3ZP,Belladrum Festival 2026 - Weekend Tickets,2026-07-30,Rock,Pop,17uOvxG62M2J3ZP, Inverness,1.0,['Rock']
1AgZkGKGkdOK3o9,Camp Bestival 2026 - House of Refresh Pass,2026-07-30,Undefined,Undefined,1AgZkGKGkdOK3o9,Dorset,1.0,['Undefined']
1AgZkGKGkdWcwjc,Camp Bestival 2026 - Backstage Camping,2026-07-30,Undefined,Undefined,1AgZkGKGkdWcwjc,Dorset,64.0,"['Undefined', 'Dance/Electronic', 'Rock', 'Pop', 'R&B', 'Alternative', 'Hip-Hop/Rap', ""Children's Theatre"", ""Children's Music"", 'Comedy', 'Casino/Gaming', 'Miscellaneous Theatre', 'Jazz', 'Metal', 'Theatre', 'Reggae', 'Miscellaneous', 'Other', 'World', 'Family']"
1AgZkGKGkeYWob3,Camp Bestival 2026 - Hospitality Camping,2026-07-30,Undefined,Undefined,1AgZkGKGkeYWob3,Dorset,64.0,"['Undefined', 'Dance/Electronic', 'Rock', 'Pop', 'R&B', 'Alternative', 'Hip-Hop/Rap', ""Children's Theatre"", ""Children's Music"", 'Comedy', 'Casino/Gaming', 'Miscellaneous Theatre', 'Jazz', 'Metal', 'Theatre', 'Reggae', 'Miscellaneous', 'Other', 'World', 'Family']"
1AgZkGKGkeYps95,Camp Bestival 2026 - Backstage BYO,2026-07-30,Undefined,Undefined,1AgZkGKGkeYps95,Dorset,1.0,['Undefined']
1AgZkGfGkd2bwxy,Camp Bestival 2026 - Live In Vehicles,2026-07-30,Undefined,Undefined,1AgZkGfGkd2bwxy,Dorset,1.0,['Undefined']
1AgZko9GkdCtJfb,Camp Bestival 2026 - Slomo Sanctuary,2026-07-30,Undefined,Undefined,1AgZko9GkdCtJfb,Dorset,1.0,['Undefined']
1ku8v04yGAuXNbs,Camp Bestival 2026 - Backstage Camping Upgrade,2026-07-30,Undefined,Undefined,1ku8v04yGAuXNbs,Dorset,1.0,['Undefined']
G5vHZ_dhLx7aO,Audi presents Wilderness 2026 - PayPal+ presents The Reset Lounge,2026-07-30,Undefined,Undefined,G5vHZ_dhLx7aO,Oxfordshire,1.0,['Undefined']
G5vHZbR1Nj6zk,Audi presents Wilderness Boutique 2026 -Tenthouse (en-suite) for 4,2026-07-30,Undefined,Undefined,G5vHZbR1Nj6zk,Oxfordshire,1.0,['Undefined']
G5vHZbR1Q26LX,Audi presents Wilderness Boutique 2026 - Cabin for 4,2026-07-30,Undefined,Undefined,G5vHZbR1Q26LX,Oxfordshire,1.0,['Undefined']
G5vHZbR2AzOlx,Audi presents Wilderness Boutique 2026 - Cabin for 2,2026-07-30,Undefined,Undefined,G5vHZbR2AzOlx,Oxfordshire,1.0,['Undefined']
G5vHZbR2K_OlB,Audi presents Wilderness Boutique 2026 - Park & Pitch,2026-07-30,Undefined,Undefined,G5vHZbR2K_OlB,Oxfordshire,1.0,['Undefined']
G5vHZbR2UdZRZ,Audi presents Wilderness Boutique 2026 - Luxury Willow Yurt for 2,2026-07-30,Undefined,Undefined,G5vHZbR2UdZRZ,Oxfordshire,1.0,['Undefined']
G5vHZbR2wuOmN,Audi presents Wilderness Boutique 2026 - Eco Lodge (en-suite) for 2,2026-07-30,Undefined,Undefined,G5vHZbR2wuOmN,Oxfordshire,1.0,['Undefined']
G5vHZbR6PdI9A,Audi presents Wilderness Boutique 2026 - Luxury Emperor Bell for 2,2026-07-30,Undefined,Undefined,G5vHZbR6PdI9A,Oxfordshire,1.0,['Undefined']
G5vHZbR9ff-iF,"Audi presents Wilderness Boutique 2026 - Classic Bell for 2, 3, 4",2026-07-30,Undefined,Undefined,G5vHZbR9ff-iF,Oxfordshire,1.0,['Undefined']
G5vHZbR9vzvqo,Audi presents Wilderness Boutique 2026 - Lotus Mahal for 8 or 10,2026-07-30,Undefined,Undefined,G5vHZbR9vzvqo,Oxfordshire,1.0,['Undefined']
G5vHZbRCTD8lC,Audi Presents Wilderness Boutique 2026 - Safari Grand En-Suite for 4,2026-07-30,Undefined,Undefined,G5vHZbRCTD8lC,Oxfordshire,1.0,['Undefined']
G5vHZbRCm3OtM,Audi presents Wilderness Boutique 2026 - Safari Suite (En-suite),2026-07-30,Undefined,Undefined,G5vHZbRCm3OtM,Oxfordshire,1.0,['Undefined']
G5vHZbRCtw8to,"Audi presents Wilderness Boutique 2026 - Airstream for 2, 4 or 5",2026-07-30,Undefined,Undefined,G5vHZbRCtw8to,Oxfordshire,1.0,['Undefined']
G5vHZbRETJeFE,Audi presents Wilderness Boutique 2026 - Luxury Yurt for 2,2026-07-30,Undefined,Undefined,G5vHZbRETJeFE,Oxfordshire,1.0,['Undefined']
G5vHZbRQf68wK,Audi presents Wilderness Boutique 2026 - Summerhouse (en-suite) for 2,2026-07-30,Undefined,Undefined,G5vHZbRQf68wK,Oxfordshire,1.0,['Undefined']
G5vHZbRQhy8g9,Audi presents Wilderness Boutique 2026 - The Night Owl(en-suite) for 2,2026-07-30,Undefined,Undefined,G5vHZbRQhy8g9,Oxfordshire,1.0,['Undefined']
G5vHZbRhJI-uc,"Audi presents Wilderness Boutique 2026 - Arena Bell for 2, 3 or 4",2026-07-30,Undefined,Undefined,G5vHZbRhJI-uc,Oxfordshire,1.0,['Undefined']
G5vHZbRhdI-dn,"Audi presents Wilderness Boutique 2026 - Meadow Tent for 3, 5 or 8",2026-07-30,Undefined,Undefined,G5vHZbRhdI-dn,Oxfordshire,1.0,['Undefined']
G5vHZbRhwTofP,"Audi presents Wilderness Boutique 2026 - Meadow Hut for 2, 3 or 4",2026-07-30,Undefined,Undefined,G5vHZbRhwTofP,Oxfordshire,1.0,['Undefined']
G5vHZbRkV9MkZ,Audi presents Wilderness Boutique 2026 - Luxury Cabin (en-suite) for 2,2026-07-30,Undefined,Undefined,G5vHZbRkV9MkZ,Oxfordshire,1.0,['Undefined']
G5vHZbRkkaSzc,Audi presents Wilderness Boutique 2026 -Tipi Lodge for 2,2026-07-30,Undefined,Undefined,G5vHZbRkkaSzc,Oxfordshire,1.0,['Undefined']
G5vHZbRkpyPwc,Audi presents Wilderness Boutique 2026 -Tipi Tenthouse(en-suite) for 8,2026-07-30,Undefined,Undefined,G5vHZbRkpyPwc,Oxfordshire,1.0,['Undefined']
G5vHZbRpUIsfQ,Audi presents Wilderness Boutique 2026 - Deluxe Canvas Yurt for 2 or 4,2026-07-30,Undefined,Undefined,G5vHZbRpUIsfQ,Oxfordshire,1.0,['Undefined']
G5vHZbRp_GZwm,"Audi Presents Wilderness Boutique 2026 - Bell House for 2, 3 or 4",2026-07-30,Undefined,Undefined,G5vHZbRp_GZwm,Oxfordshire,1.0,['Undefined']
G5vHZbRp_lOSI,"Audi presents Wilderness Boutique 2026 - Luxury Bell for 2, 3 or 4",2026-07-30,Undefined,Undefined,G5vHZbRp_lOSI,Oxfordshire,1.0,['Undefined']
G5vHZbRptNOHQ,Audi Presents Wilderness Boutique 2026 - Country Wagon for 2 or 4,2026-07-30,Undefined,Undefined,G5vHZbRptNOHQ,Oxfordshire,1.0,['Undefined']
G5vHZbRx7UOtx,Audi presents Wilderness Boutique 2026 - Luxury Hazel Yurt for 2 or 4,2026-07-30,Undefined,Undefined,G5vHZbRx7UOtx,Oxfordshire,1.0,['Undefined']
G5vHZbRx9RZcT,Audi presents Wilderness Boutique 2026 - Luxury Tipi for 2 or 4,2026-07-30,Undefined,Undefined,G5vHZbRx9RZcT,Oxfordshire,1.0,['Undefined']
G5vHZbm3RApPl,Audi Presents Wilderness 2026 - Live-In Vehicle Pass,2026-07-30,Undefined,Undefined,G5vHZbm3RApPl,Chipping Norton,1.0,['Undefined']
G5vHZbm3rikQB,Audi Presents Wilderness 2026 - Car Park Passes,2026-07-30,Undefined,Undefined,G5vHZbm3rikQB,Chipping Norton,1.0,['Undefined']
G5vHZbmLLP3FN,Bridges For Music X Audi Presents Wilderness: Pedal With Purpose,2026-07-30,Undefined,Undefined,G5vHZbmLLP3FN,Oxfordshire,1.0,['Undefined']
G5vHZbmN9xSfX,Audi Presents Wilderness 2026 - Weekend General,2026-07-30,Undefined,Undefined,G5vHZbmN9xSfX,Oxfordshire,36.0,"['Undefined', 'Rock', 'Dance/Electronic', 'Alternative', 'Jazz', 'Pop', 'Hip-Hop/Rap', 'Reggae', 'Variety', 'World', 'Folk']"
G5vHZbmrE1ZXn,Audi Presents Wilderness 2026 - Sustainable Weekend General,2026-07-30,Undefined,Undefined,G5vHZbmrE1ZXn,Oxfordshire,34.0,"['Undefined', 'Rock', 'Dance/Electronic', 'Alternative', 'Jazz', 'Pop', 'Hip-Hop/Rap', 'Reggae', 'Variety']"
G5vHZbmrO4ZBL,Wilderness Festival 2026 - Souvenir Ticket,2026-07-30,Undefined,Undefined,G5vHZbmrO4ZBL,Oxfordshire,1.0,['Undefined']
1AdfZ_7Gkmvh3Z5,Camp Bestival 2026 - Friday Day,2026-07-31,Undefined,Undefined,1AdfZ_7Gkmvh3Z5,Dorset,25.0,"['Undefined', 'Pop', 'R&B', 'Rock', ""Children's Music"", 'Miscellaneous', 'Casino/Gaming', 'Dance/Electronic', 'Hip-Hop/Rap', 'Other', 'Miscellaneous Theatre', 'Jazz', 'World', 'Family']"
17uOv0G6G6-7G82,Belladrum Festival 2026 - Friday Day Tickets,2026-07-31,Rock,Pop,17uOv0G6G6-7G82, Inverness,1.0,['Rock']
1AdfZ_aGkS-1U__,Camp Bestival 2026 - Outward Adventures - Friday,2026-07-31,Undefined,Undefined,1AdfZ_aGkS-1U__,Dorset,1.0,['Undefined']
G5dzZbzwy8g-1,RADAR Festival: Friday - Thy Art Is Murder + Volumes + SikTh,2026-07-31,Undefined,Undefined,G5dzZbzwy8g-1,Manchester,11.0,"['Undefined', 'Metal', 'Rock', 'Alternative', 'Other']"
G5vHZbR7ns1xT,Audi Presents Wilderness 2026 - Friday Day,2026-07-31,Undefined,Undefined,G5vHZbR7ns1xT,Oxfordshire,1.0,['Undefined']
LvZ18QGOnjValzZZNVtnN,Nick Cave & The Bad Seeds,2026-07-31,Rock,Pop,LvZ18QGOnjValzZZNVtnN,Brighton,1.0,['Rock']
LvZ18Q5QO-N9wI8ZI0ICz,MSW 25 YEARS - Day / Weekend Child Pass,2026-07-31,R&B,Soul,LvZ18Q5QO-N9wI8ZI0ICz,Margate,2.0,['R&B']
LvZ18Q5QO-N9wI8ZI0ICz,MSW 25 YEARS - Day / Weekend Child Pass,2026-07-31,R&B,Soul,LvZ18Q5QO-N9wI8ZI0ICz,Margate,2.0,['R&B']
LvZ18Q5QO-N9wI8ZI0ICz,MSW 25 YEARS - Day / Weekend Child Pass,2026-07-31,R&B,Soul,LvZ18Q5QO-N9wI8ZI0ICz,Margate,2.0,['R&B']
LvZ18Q5QO-N9wI8ZI0ICz,MSW 25 YEARS - Day / Weekend Child Pass,2026-07-31,R&B,Soul,LvZ18Q5QO-N9wI8ZI0ICz,Margate,2.0,['R&B']
LvZ18Q86G7KDJlZZl_H_u,MSW 25 YEARS Friday Pass,2026-07-31,Jazz,Jazz,LvZ18Q86G7KDJlZZl_H_u,Margate,6.0,"['Jazz', 'R&B']"
LvZ18Q86G7KDJlZZl_H_u,MSW 25 YEARS Friday Pass,2026-07-31,Jazz,Jazz,LvZ18Q86G7KDJlZZl_H_u,Margate,6.0,"['Jazz', 'R&B']"
LvZ18Q86G7KDJlZZl_H_u,MSW 25 YEARS Friday Pass,2026-07-31,Jazz,Jazz,LvZ18Q86G7KDJlZZl_H_u,Margate,6.0,"['Jazz', 'R&B']"
LvZ18Q86G7KDJlZZl_H_u,MSW 25 YEARS Friday Pass,2026-07-31,Jazz,Jazz,LvZ18Q86G7KDJlZZl_H_u,Margate,6.0,"['Jazz', 'R&B']"
LvZ18Q8eJ6PloXZZlBdzs,MSW 25 YEARS Accessible + Companion Weekend Pass,2026-07-31,R&B,Soul,LvZ18Q8eJ6PloXZZlBdzs,Margate,2.0,['R&B']
LvZ18Q8eJ6PloXZZlBdzs,MSW 25 YEARS Accessible + Companion Weekend Pass,2026-07-31,R&B,Soul,LvZ18Q8eJ6PloXZZlBdzs,Margate,2.0,['R&B']
LvZ18Q8eJ6PloXZZlBdzs,MSW 25 YEARS Accessible + Companion Weekend Pass,2026-07-31,R&B,Soul,LvZ18Q8eJ6PloXZZlBdzs,Margate,2.0,['R&B']
LvZ18Q8eJ6PloXZZlBdzs,MSW 25 YEARS Accessible + Companion Weekend Pass,2026-07-31,R&B,Soul,LvZ18Q8eJ6PloXZZlBdzs,Margate,2.0,['R&B']
LvZ18Q8eMrmlMxYZ07y47,MSW 25 YEARS - Weekend Pass,2026-07-31,R&B,Soul,LvZ18Q8eMrmlMxYZ07y47,Margate,2.0,['R&B']
LvZ18Q8eMrmlMxYZ07y47,MSW 25 YEARS - Weekend Pass,2026-07-31,R&B,Soul,LvZ18Q8eMrmlMxYZ07y47,Margate,2.0,['R&B']
LvZ18Q8eMrmlMxYZ07y47,MSW 25 YEARS - Weekend Pass,2026-07-31,R&B,Soul,LvZ18Q8eMrmlMxYZ07y47,Margate,2.0,['R&B']
LvZ18Q8eMrmlMxYZ07y47,MSW 25 YEARS - Weekend Pass,2026-07-31,R&B,Soul,LvZ18Q8eMrmlMxYZ07y47,Margate,2.0,['R&B']
LvZ18QaMBDBVbB8ZRH7bi,MSW 25 YEARS - Weekend Pass,2026-07-31,R&B,Soul,LvZ18QaMBDBVbB8ZRH7bi,Margate,2.0,['R&B']
LvZ18QaMBDBVbB8ZRH7bi,MSW 25 YEARS - Weekend Pass,2026-07-31,R&B,Soul,LvZ18QaMBDBVbB8ZRH7bi,Margate,2.0,['R&B']
LvZ18QaMBDBVbB8ZRH7bi,MSW 25 YEARS - Weekend Pass,2026-07-31,R&B,Soul,LvZ18QaMBDBVbB8ZRH7bi,Margate,2.0,['R&B']
LvZ18QaMBDBVbB8ZRH7bi,MSW 25 YEARS - Weekend Pass,2026-07-31,R&B,Soul,LvZ18QaMBDBVbB8ZRH7bi,Margate,2.0,['R&B']
1AdjZbzGknIb4pE,Aitch Live After Racing - Grandstand & Paddock,2026-07-31,Hip-Hop/Rap,Trap,1AdjZbzGknIb4pE,Newmarket,2.0,"['Hip-Hop/Rap', 'Rock']"
1AdjZbzGknlq4IF,Aitch Live After Racing - the Premier Enclosure,2026-07-31,Hip-Hop/Rap,Trap,1AdjZbzGknlq4IF,Newmarket,2.0,"['Hip-Hop/Rap', 'Rock']"
LvZ18Q_jT2a-qIZZwiL5g,Burna Boy LIVE at The Milton Keynes National Bowl,2026-07-31,Hip-Hop/Rap,Hip-Hop/Rap,LvZ18Q_jT2a-qIZZwiL5g,Milton Keynes,4.0,"['Hip-Hop/Rap', 'Reggae']"
LvZ18QbFPg5KrzYZyuXT0,The Kooks Inside In / Inside Out 20 year anniversary,2026-07-31,Rock,Pop,LvZ18QbFPg5KrzYZyuXT0,London,1.0,['Rock']
1AeGZbVGklg23tg,Luke Combs - My Kinda Saturday Night,2026-07-31,Country,Country,1AeGZbVGklg23tg,London,4.0,['Country']
1AgZko7GkeRb7wz,Palace Bowl Presents - Grace Jones,2026-07-31,Rock,Pop,1AgZko7GkeRb7wz,London,5.0,"['Rock', 'R&B', 'Pop']"
G5vHZbURYtazU,The Streets,2026-07-31,Hip-Hop/Rap,Trap,G5vHZbURYtazU,Cardiff,6.0,"['Hip-Hop/Rap', 'Rock', 'Dance/Electronic']"
LvZ18Q-UgXCi1V8v21vZ1,Inner Circle - Open Air Show,2026-07-31,Reggae,Reggae,LvZ18Q-UgXCi1V8v21vZ1,London ,1.0,['Reggae']
G5vHZbM2MfnFB,The Streets- Official Ticket and Hotel Bundls,2026-07-31,Hip-Hop/Rap,Trap,G5vHZbM2MfnFB,Cardiff,2.0,"['Hip-Hop/Rap', 'Rock']"
1AdfZbgGkwTwF1D,BELLE & SEBASTIAN performing 'If You're Feeling Sinister' in full,2026-07-31,Rock,Alternative Rock,1AdfZbgGkwTwF1D,Margate,2.0,['Rock']
16dfZ_kGeG7TJUL,Suzanne Vega,2026-07-31,Rock,Alternative Rock,16dfZ_kGeG7TJUL,Aylesbury,1.0,['Rock']
17uOv0G6GKrGGB_,"Lost Map Summer Party - Hot Chip (DJ), Pictish Trail, The Bug Club",2026-07-31,Rock,Alternative Rock,17uOv0G6GKrGGB_,Glasgow,4.0,"['Rock', 'Miscellaneous']"
1AdfZbVGkT8h9bf,Gary Numan with very special guest Ladytron,2026-07-31,Rock,Pop,1AdfZbVGkT8h9bf,Halifax,3.0,['Rock']
1kCZv0btGAGV8Wu,THE 2 JOHNNIES AND THE JUNIOR B ALL STARS - FEILE 2026,2026-07-31,Comedy,Comedy,1kCZv0btGAGV8Wu,Belfast,7.0,"['Comedy', 'Alternative', 'Dance/Electronic', 'Folk', 'Rock', 'Undefined']"
G5dzZ_GJUt4QO,InPop,2026-07-31,Rock,Pop,G5dzZ_GJUt4QO,London,1.0,['Rock']
LvZ18Q-pfsScjPYZzthzY,The Groove Assembly Fri 31 July 2026 The Jam House Birmingham,2026-07-31,Pop,Pop,LvZ18Q-pfsScjPYZzthzY,Birmingham,4.0,"['Pop', 'Classical']"
LvZ18Q-pfsScjPYZzthzY,The Groove Assembly Fri 31 July 2026 The Jam House Birmingham,2026-07-31,Pop,Pop,LvZ18Q-pfsScjPYZzthzY,Birmingham,4.0,"['Pop', 'Classical']"
LvZ18Q-pfsScjPYZzthzY,The Groove Assembly Fri 31 July 2026 The Jam House Birmingham,2026-07-31,Pop,Pop,LvZ18Q-pfsScjPYZzthzY,Birmingham,4.0,"['Pop', 'Classical']"
LvZ18Q-pfsScjPYZzthzY,The Groove Assembly Fri 31 July 2026 The Jam House Birmingham,2026-07-31,Pop,Pop,LvZ18Q-pfsScjPYZzthzY,Birmingham,4.0,"['Pop', 'Classical']"
LvZ18Q0_dJqevIvUg5oC6,Nirvana UK,2026-07-31,Undefined,Undefined,LvZ18Q0_dJqevIvUg5oC6,London,1.0,['Undefined']
LvZ18Q9Sh76D_4ZZlgZmi,INDIEPALOOZA FESTIVAL,2026-07-31,Undefined,Undefined,LvZ18Q9Sh76D_4ZZlgZmi,Wolverhampton,4.0,['Undefined']
LvZ18Qbqp_K5_A8Z0YAXU,"Wolverhampton - Indiepalooza - ""the UK's BEST Indie Festival""",2026-07-31,Undefined,Undefined,LvZ18Qbqp_K5_A8Z0YAXU,Wolverhampton,5.0,"['Undefined', 'Alternative']"
LvZ18QrdII1dwwZZPIK3B,Michael Mathers (Eminem Tribute),2026-07-31,Hip-Hop/Rap,Hip-Hop/Rap,LvZ18QrdII1dwwZZPIK3B,London,1.0,['Hip-Hop/Rap']
LvZ18QxNGBPZeYOZvC6LQ,Alfies Soho - Live Jazz and Blues,2026-07-31,Jazz,Jazz,LvZ18QxNGBPZeYOZvC6LQ,London,2.0,['Jazz']
1AdfZbUGkMOmhgC,Gary Numan - Official Ticket and Hotel Bundls,2026-07-31,Rock,Pop,1AdfZbUGkMOmhgC,Halifax,2.0,['Rock']
1AdbZ_eGkDd7fo-,OMD,2026-07-31,Rock,Alternative Rock,1AdbZ_eGkDd7fo-,Glasgow,2.0,['Rock']
G5dzZ_dUHSV2F,Absolute Bowie,2026-07-31,Undefined,Undefined,G5dzZ_dUHSV2F,Newcastle Upon Tyne,1.0,['Undefined']
LvZ18QxNAv4ZeYOZvC6_5,"Live Jazz from the Piano Bar at Red Room Studios, Soho",2026-07-31,Jazz,Jazz,LvZ18QxNAv4ZeYOZvC6_5,London,3.0,['Jazz']
16dfZ_F7eG7Mpw6,GLU,2026-07-31,Hip-Hop/Rap,Trap,16dfZ_F7eG7Mpw6,London,1.0,['Hip-Hop/Rap']
17GOvxG6GKjPo0u,Clearwater Creedence Revival - 55th Anniversary Tour,2026-07-31,Pop,Pop,17GOvxG6GKjPo0u,Belfast,1.0,['Pop']
17u8v0G6uMRf6LJ,Belle Livingstone's 58th Street Country Club,2026-07-31,Jazz,Jazz,17u8v0G6uMRf6LJ,London,1.0,['Jazz']
1AwZk34GkdAKo6Z,Protest the Hero,2026-07-31,Rock,Pop,1AwZk34GkdAKo6Z,London,3.0,"['Rock', 'Metal']"
1AwZk8gGkdJ9ZcH,Through Storms and Stars Â an Evening with Voyager,2026-07-31,Metal,Nu-Metal,1AwZk8gGkdJ9ZcH,London,1.0,['Metal']
G5vHZ_aKgEkj4,Caylee Hammack,2026-07-31,Country,Country,G5vHZ_aKgEkj4,Manchester,1.0,['Country']
LvZ18Q7vFDK5GK8Z-hbFN,Club 80's Live,2026-07-31,Rock,Pop,LvZ18Q7vFDK5GK8Z-hbFN,Morecambe,1.0,['Rock']
LvZ18Q_MJyTCyX8ZldPRg,Green Haze + Nirvanah,2026-07-31,Undefined,Undefined,LvZ18Q_MJyTCyX8ZldPRg,Southampton,2.0,"['Undefined', 'Rock']"
LvZ18QaiFGCgb58ZI5bif,A Foreigners Journey,2026-07-31,Undefined,Undefined,LvZ18QaiFGCgb58ZI5bif,Norwich ,1.0,['Undefined']
LvZ18QbE4T31t7YZl94bx,Leo Green Presents: The Secret Sax Party,2026-07-31,Jazz,Jazz,LvZ18QbE4T31t7YZl94bx,London,1.0,['Jazz']
LvZ18QhkacJq-FZZiNrEy,LINX feat DAVID GRANT + Phil Fearon & Galaxy,2026-07-31,Pop,Pop,LvZ18QhkacJq-FZZiNrEy,London,1.0,['Pop']
LvZ18Qj4LgfFG9YZz0pOx,B*Witched Live in Chester Cathedral,2026-07-31,Pop,Pop,LvZ18Qj4LgfFG9YZz0pOx,Chester,1.0,['Pop']
LvZ18QqSVjaB5gZv1oehY,Eva Ayllón in London,2026-07-31,World,Latin,LvZ18QqSVjaB5gZv1oehY,London,1.0,['World']
LvZ18Qr7fxvnerOZ0tPo9,Finn Askew,2026-07-31,Hip-Hop/Rap,British Rap,LvZ18Qr7fxvnerOZ0tPo9,London,1.0,['Hip-Hop/Rap']
LvZ18Qx5RlRCUlYZVqZqi,JERICHO HILL - Johnny Cash tribute,2026-07-31,Rock,Blues-Rock,LvZ18Qx5RlRCUlYZVqZqi,Edinburgh,3.0,"['Rock', 'Alternative']"
LvZ18QxNe-cEv4YZvc-R8,Soho Spotlight - Friday Live Performance,2026-07-31,Jazz,Jazz,LvZ18QxNe-cEv4YZvc-R8,London,3.0,['Jazz']
1AdOZ_AGkmaQoj1,Cloudbusting - the Music of Kate Bush,2026-07-31,Undefined,Undefined,1AdOZ_AGkmaQoj1,Belfast,1.0,['Undefined']
LvZ18Q4X5IrGx6YZ0zlQK,Not Green Day,2026-07-31,Alternative,Alternative Rock,LvZ18Q4X5IrGx6YZ0zlQK,Newcastle Upon Tyne,1.0,['Alternative']
LvZ18QOF7LsHBs8Z0oiId,King Tut's Summer Nights Presents: Quality Control,2026-07-31,Rock,Pop,LvZ18QOF7LsHBs8Z0oiId,Glasgow,5.0,['Rock']
LvZ18QaWMUz-wK8ZI6YIj,Sabbotage,2026-07-31,Metal,Metal,LvZ18QaWMUz-wK8ZI6YIj,Birmingham,1.0,['Metal']
16dfZ_djyG7Iyjs,Abba Voyage - VIP Premium Package,2026-07-31,Pop,Pop,16dfZ_djyG7Iyjs,London,1.0,['Pop']
1AgZkCKGkeUjBKv,ABBA Voyage,2026-07-31,Pop,Pop,1AgZkCKGkeUjBKv,London,1.0,['Pop']
17GOv0G6GCs78EE,Enfant + Angel Parker + Tom Szczech + Amber Kirsch,2026-07-31,Pop,Pop,17GOv0G6GCs78EE,London,,
G5dzZ_G6q2Ain,R&B ONLY LIVE,2026-07-31,R&B,R&B,G5dzZ_G6q2Ain,Manchester,1.0,['R&B']
LvZ18QxNGBPZeYOZvC6Lh,Alfies Soho - Live Jazz and Blues,2026-07-31,Jazz,Jazz,LvZ18QxNGBPZeYOZvC6Lh,London,2.0,['Jazz']
LvZ18QxNAv4ZeYOZvC6_G,"Live Jazz from the Piano Bar at Red Room Studios, Soho",2026-07-31,Jazz,Jazz,LvZ18QxNAv4ZeYOZvC6_G,London,3.0,['Jazz']
LvZ18Q-UhewMho8ZzjrFK,DJ Obi (All Night Long),2026-07-31,Dance/Electronic,World Dance,LvZ18Q-UhewMho8ZzjrFK,London,4.0,['Dance/Electronic']
LvZ18Q-UhewMho8ZzjrFK,DJ Obi (All Night Long),2026-07-31,Dance/Electronic,World Dance,LvZ18Q-UhewMho8ZzjrFK,London,4.0,['Dance/Electronic']
LvZ18Q-UhewMho8ZzjrFK,DJ Obi (All Night Long),2026-07-31,Dance/Electronic,World Dance,LvZ18Q-UhewMho8ZzjrFK,London,4.0,['Dance/Electronic']
LvZ18Q-UhewMho8ZzjrFK,DJ Obi (All Night Long),2026-07-31,Dance/Electronic,World Dance,LvZ18Q-UhewMho8ZzjrFK,London,4.0,['Dance/Electronic']
17uOv0G6G6zKc02,Belladrum Festival 2026 - Friday & Saturday Ticket,2026-07-31,Rock,Pop,17uOv0G6G6zKc02, Inverness,1.0,['Rock']
G5dzZbcBTExZo,Radar Festival 2026 - Weekend,2026-07-31,Undefined,Undefined,G5dzZbcBTExZo,Manchester,15.0,"['Undefined', 'Metal', 'Rock', 'Alternative']"
G5vHZ_FJN2eLo,Audi Presents Wilderness Festival 2026 - 2 Day Event (Fri/Sat),2026-07-31,Undefined,Undefined,G5vHZ_FJN2eLo,Oxfordshire,1.0,['Undefined']
LvZ18QO6E5_0DZYvqZ7DL,King Tuts Summer Nights - Golden Ticket,2026-07-09,Rock,Pop,LvZ18QO6E5_0DZYvqZ7DL,Glasgow,2.0,['Rock']
LvZ18QO6E5_0DZYvqZ7DL,King Tuts Summer Nights - Golden Ticket,2026-07-09,Rock,Pop,LvZ18QO6E5_0DZYvqZ7DL,Glasgow,2.0,['Rock']
LvZ18QO6E5_0DZYvqZ7DL,King Tuts Summer Nights - Golden Ticket,2026-07-09,Rock,Pop,LvZ18QO6E5_0DZYvqZ7DL,Glasgow,2.0,['Rock']
LvZ18QO6E5_0DZYvqZ7DL,King Tuts Summer Nights - Golden Ticket,2026-07-09,Rock,Pop,LvZ18QO6E5_0DZYvqZ7DL,Glasgow,2.0,['Rock']
LvZ18Q5QO-N9wI8ZI0ICz,MSW 25 YEARS - Day / Weekend Child Pass,2026-07-31,R&B,Soul,LvZ18Q5QO-N9wI8ZI0ICz,Margate,2.0,['R&B']
LvZ18Q5QO-N9wI8ZI0ICz,MSW 25 YEARS - Day / Weekend Child Pass,2026-07-31,R&B,Soul,LvZ18Q5QO-N9wI8ZI0ICz,Margate,2.0,['R&B']
LvZ18Q5QO-N9wI8ZI0ICz,MSW 25 YEARS - Day / Weekend Child Pass,2026-07-31,R&B,Soul,LvZ18Q5QO-N9wI8ZI0ICz,Margate,2.0,['R&B']
LvZ18Q5QO-N9wI8ZI0ICz,MSW 25 YEARS - Day / Weekend Child Pass,2026-07-31,R&B,Soul,LvZ18Q5QO-N9wI8ZI0ICz,Margate,2.0,['R&B']
LvZ18Q86G7KDJlZZl_H_u,MSW 25 YEARS Friday Pass,2026-07-31,Jazz,Jazz,LvZ18Q86G7KDJlZZl_H_u,Margate,6.0,"['Jazz', 'R&B']"
LvZ18Q86G7KDJlZZl_H_u,MSW 25 YEARS Friday Pass,2026-07-31,Jazz,Jazz,LvZ18Q86G7KDJlZZl_H_u,Margate,6.0,"['Jazz', 'R&B']"
LvZ18Q86G7KDJlZZl_H_u,MSW 25 YEARS Friday Pass,2026-07-31,Jazz,Jazz,LvZ18Q86G7KDJlZZl_H_u,Margate,6.0,"['Jazz', 'R&B']"
LvZ18Q86G7KDJlZZl_H_u,MSW 25 YEARS Friday Pass,2026-07-31,Jazz,Jazz,LvZ18Q86G7KDJlZZl_H_u,Margate,6.0,"['Jazz', 'R&B']"
LvZ18Q8eJ6PloXZZlBdzs,MSW 25 YEARS Accessible + Companion Weekend Pass,2026-07-31,R&B,Soul,LvZ18Q8eJ6PloXZZlBdzs,Margate,2.0,['R&B']
LvZ18Q8eJ6PloXZZlBdzs,MSW 25 YEARS Accessible + Companion Weekend Pass,2026-07-31,R&B,Soul,LvZ18Q8eJ6PloXZZlBdzs,Margate,2.0,['R&B']
LvZ18Q8eJ6PloXZZlBdzs,MSW 25 YEARS Accessible + Companion Weekend Pass,2026-07-31,R&B,Soul,LvZ18Q8eJ6PloXZZlBdzs,Margate,2.0,['R&B']
LvZ18Q8eJ6PloXZZlBdzs,MSW 25 YEARS Accessible + Companion Weekend Pass,2026-07-31,R&B,Soul,LvZ18Q8eJ6PloXZZlBdzs,Margate,2.0,['R&B']
LvZ18Q8eMrmlMxYZ07y47,MSW 25 YEARS - Weekend Pass,2026-07-31,R&B,Soul,LvZ18Q8eMrmlMxYZ07y47,Margate,2.0,['R&B']
LvZ18Q8eMrmlMxYZ07y47,MSW 25 YEARS - Weekend Pass,2026-07-31,R&B,Soul,LvZ18Q8eMrmlMxYZ07y47,Margate,2.0,['R&B']
LvZ18Q8eMrmlMxYZ07y47,MSW 25 YEARS - Weekend Pass,2026-07-31,R&B,Soul,LvZ18Q8eMrmlMxYZ07y47,Margate,2.0,['R&B']
LvZ18Q8eMrmlMxYZ07y47,MSW 25 YEARS - Weekend Pass,2026-07-31,R&B,Soul,LvZ18Q8eMrmlMxYZ07y47,Margate,2.0,['R&B']
LvZ18QaMBDBVbB8ZRH7bi,MSW 25 YEARS - Weekend Pass,2026-07-31,R&B,Soul,LvZ18QaMBDBVbB8ZRH7bi,Margate,2.0,['R&B']
LvZ18QaMBDBVbB8ZRH7bi,MSW 25 YEARS - Weekend Pass,2026-07-31,R&B,Soul,LvZ18QaMBDBVbB8ZRH7bi,Margate,2.0,['R&B']
LvZ18QaMBDBVbB8ZRH7bi,MSW 25 YEARS - Weekend Pass,2026-07-31,R&B,Soul,LvZ18QaMBDBVbB8ZRH7bi,Margate,2.0,['R&B']
LvZ18QaMBDBVbB8ZRH7bi,MSW 25 YEARS - Weekend Pass,2026-07-31,R&B,Soul,LvZ18QaMBDBVbB8ZRH7bi,Margate,2.0,['R&B']
LvZ18Q-pfsScjPYZzthzY,The Groove Assembly Fri 31 July 2026 The Jam House Birmingham,2026-07-31,Pop,Pop,LvZ18Q-pfsScjPYZzthzY,Birmingham,4.0,"['Pop', 'Classical']"
LvZ18Q-pfsScjPYZzthzY,The Groove Assembly Fri 31 July 2026 The Jam House Birmingham,2026-07-31,Pop,Pop,LvZ18Q-pfsScjPYZzthzY,Birmingham,4.0,"['Pop', 'Classical']"
LvZ18Q-pfsScjPYZzthzY,The Groove Assembly Fri 31 July 2026 The Jam House Birmingham,2026-07-31,Pop,Pop,LvZ18Q-pfsScjPYZzthzY,Birmingham,4.0,"['Pop', 'Classical']"
LvZ18Q-pfsScjPYZzthzY,The Groove Assembly Fri 31 July 2026 The Jam House Birmingham,2026-07-31,Pop,Pop,LvZ18Q-pfsScjPYZzthzY,Birmingham,4.0,"['Pop', 'Classical']"
LvZ18Q-UhewMho8ZzjrFK,DJ Obi (All Night Long),2026-07-31,Dance/Electronic,World Dance,LvZ18Q-UhewMho8ZzjrFK,London,4.0,['Dance/Electronic']
LvZ18Q-UhewMho8ZzjrFK,DJ Obi (All Night Long),2026-07-31,Dance/Electronic,World Dance,LvZ18Q-UhewMho8ZzjrFK,London,4.0,['Dance/Electronic']
LvZ18Q-UhewMho8ZzjrFK,DJ Obi (All Night Long),2026-07-31,Dance/Electronic,World Dance,LvZ18Q-UhewMho8ZzjrFK,London,4.0,['Dance/Electronic']
LvZ18Q-UhewMho8ZzjrFK,DJ Obi (All Night Long),2026-07-31,Dance/Electronic,World Dance,LvZ18Q-UhewMho8ZzjrFK,London,4.0,['Dance/Electronic']
1AdfZ_7Gkmcq4ra,Camp Bestival 2026 - Saturday Day,2026-08-01,Undefined,Undefined,1AdfZ_7Gkmcq4ra,Dorset,21.0,"['Undefined', 'Rock', 'Dance/Electronic', ""Children's Theatre"", 'R&B', 'Pop', 'Jazz', 'Other', 'Family']"
17uOv0G6G6YEWFH,Belladrum Festival 2026 - Saturday Day Tickets,2026-08-01,Rock,Pop,17uOv0G6G6YEWFH, Inverness,1.0,['Rock']
1AdfZ_aGkM1mgWG,Camp Bestival 2026 - Outward Adventures - Saturday,2026-08-01,Undefined,Undefined,1AdfZ_aGkM1mgWG,Dorset,1.0,['Undefined']
G5dzZbzSvi4yh,RADAR Festival: Saturday - Skindred + Northlane + Protest The Hero,2026-08-01,Undefined,Undefined,G5dzZbzSvi4yh,Manchester,9.0,"['Undefined', 'Metal', 'Rock', 'Alternative']"
G5vHZbR6V_bit,Audi Presents Wilderness 2026 - Saturday Day,2026-08-01,Undefined,Undefined,G5vHZbR6V_bit,Oxfordshire,1.0,['Undefined']
LvZ18Qj161ne68OvO9o11,The Saturday Brunch Club,2026-08-01,Food & Drink,Food & Drink,LvZ18Qj161ne68OvO9o11,London,2.0,"['Food & Drink', 'Jazz']"
17u8v0G6uMRxE0m,Belle Livingstone's 58th Street Country Club,2026-08-01,Jazz,Jazz,17u8v0G6uMRxE0m,London,1.0,['Jazz']
1AgZkoAGkdS894i,Mahrajan Festival,2026-08-01,Rock,Pop,1AgZkoAGkdS894i,London,10.0,"['Rock', 'Hip-Hop/Rap', 'World', 'R&B', 'Alternative']"
LvZ18QNnRsoZbo8v1desn,Saturday Soul Lunch | The Big Easy,2026-08-01,Rock,Pop,LvZ18QNnRsoZbo8v1desn,London,2.0,"['Rock', 'R&B']"
LvZ18QOHC8AKqYYZXNCAs,Cafe Mambo Ibiza London Rooftop Party,2026-08-01,Dance/Electronic,Dance/Electronic,LvZ18QOHC8AKqYYZXNCAs,London,1.0,['Dance/Electronic']
LvZ18Qx15tyvlVOvOhNzP,Solent Area Prog Festival - Saturday Tickets,2026-08-01,Rock,Progressive Rock,LvZ18Qx15tyvlVOvOhNzP,Southampton,7.0,"['Rock', 'New Age', 'Folk', 'Other']"
LvZ18Qx1q_5HLtOvOVx54,Solent Area Prog Festival - Weekend Tickets,2026-08-01,Rock,Progressive Rock,LvZ18Qx1q_5HLtOvOVx54,Southampton,12.0,"['Rock', 'New Age', 'Folk', 'Other']"
16dfZ_6kdG7wsns,Day Fever,2026-08-01,Dance/Electronic,Amapiano,16dfZ_6kdG7wsns,Sheffield,1.0,['Dance/Electronic']
LvZ18Q3UEKw1R9ZZyQ2eL,MSW 25 Accessible + Companion Saturday Pass,2026-08-01,R&B,Soul,LvZ18Q3UEKw1R9ZZyQ2eL,Margate,1.0,['R&B']
LvZ18Q86aXbLJNOZ0tXY0,MSW 25 YEARS Saturday Pass,2026-08-01,R&B,R&B,LvZ18Q86aXbLJNOZ0tXY0,Margate,2.0,['R&B']
LvZ18Q9rSr0ui48Z0_tos,Dom Dolla on the Thames,2026-08-01,Dance/Electronic,Dance/Electronic,LvZ18Q9rSr0ui48Z0_tos,London,1.0,['Dance/Electronic']
LvZ18QKl6FSvxy8ZYgX_F,Big Love UK,2026-08-01,Rock,Rock,LvZ18QKl6FSvxy8ZYgX_F,St Albans,1.0,['Rock']
LvZ18QhZS0dmaWZZiYIo1,Day Fever - Sheffield,2026-08-01,Dance/Electronic,Dance/Electronic,LvZ18QhZS0dmaWZZiYIo1,Sheffield,1.0,['Dance/Electronic']
G5vHZbMR5j6ON,Sex Pistols - Official Ticket and Hotel Bundls,2026-08-01,Rock,Pop,G5vHZbMR5j6ON,Cardiff,2.0,['Rock']
16dfZ_djyG7U_q9,Abba Voyage - VIP Premium Package,2026-08-01,Pop,Pop,16dfZ_djyG7U_q9,London,1.0,['Pop']
17GOv0G6G5JkYN2,In Conversation with Barbara Dickson,2026-08-01,Pop,Pop,17GOv0G6G5JkYN2,Glasgow,,
1AgZk8MGkems7_q,ABBA Voyage,2026-08-01,Pop,Pop,1AgZk8MGkems7_q,London,1.0,['Pop']
LvZ18QLsIH4QDeZv13JNv,"An Afternoon of Indie CAMDEN - Outdoor Party the over 30s, 3pm-9pm",2026-08-01,Alternative,Indie Rock,LvZ18QLsIH4QDeZv13JNv,London,1.0,['Alternative']
LvZ18Q_HxJQ7V-ZZwCou3,Martin Kemp's Back to the 80s DJ Set,2026-08-01,Rock,Pop,LvZ18Q_HxJQ7V-ZZwCou3,Bristol,1.0,['Rock']
LvZ18QhZG23Sal8ZHpnWB,"An Afternoon of Rock MANCHESTER - Rock & Metal For Over 30s, 3pm-7pm",2026-08-01,Alternative,Adult Alternative Pop/Rock,LvZ18QhZG23Sal8ZHpnWB,Manchester,1.0,['Alternative']
G5vHZbMxgtk0N,SEX PISTOLS FT. FRANK CARTER,2026-08-01,Rock,Pop,G5vHZbMxgtk0N,Cardiff,5.0,['Rock']
17CZv0G6ukrXwuy,The Whistling Donkeys,2026-08-01,Folk,Indie Folk,17CZv0G6ukrXwuy,Belfast,1.0,['Folk']
G5dzZ_aMIcf8x,An Evening with Chicane,2026-08-01,Rock,Pop,G5dzZ_aMIcf8x,Edinburgh,1.0,['Rock']
1AUZkuaGkewazhe,Calvin Harris,2026-08-01,Pop,Electro Pop,1AUZkuaGkewazhe,Glasgow,1.0,['Pop']
1AgZkCdGkex_gYs,The Kooks,2026-08-01,Rock,Pop,1AgZkCdGkex_gYs,Margate,3.0,"['Rock', 'Pop']"
1aeGZbVOFGvZdu6e,Luke Combs - My Kinda Saturday Night,2026-08-01,Country,Country,1aeGZbVOFGvZdu6e,London,4.0,['Country']
LvZ18Q14c8CU-aZZIjjMr,"Lincoln - Engine Shed - Indiepalooza - ""the UK's BEST Indie Festival""",2026-08-01,Undefined,Undefined,LvZ18Q14c8CU-aZZIjjMr,Lincoln,5.0,"['Undefined', 'Alternative']"
17uOv0G6G3NpFEY,"Capercaillie, Rura & Fara",2026-08-01,World,World,17uOv0G6G3NpFEY,Glasgow,4.0,"['World', 'Folk', 'Miscellaneous']"
1AdfZbUGkSNbGLT,The Streets,2026-08-01,Hip-Hop/Rap,Trap,1AdfZbUGkSNbGLT,Scarborough,4.0,"['Hip-Hop/Rap', 'Rock']"
1AdfZbwGkSfDoDP,Opeth,2026-08-01,Metal,Nu-Metal,1AdfZbwGkSfDoDP,Halifax,4.0,"['Metal', 'Rock']"
LvZ18QrEwBZZ7XOvqWivb,Vianova,2026-08-01,Metal,Metal,LvZ18QrEwBZZ7XOvqWivb,London,2.0,['Metal']
1AdfZbVGkn9jJ41,Opeth- Official Ticket and Hotel Bundls,2026-08-01,Metal,Nu-Metal,1AdfZbVGkn9jJ41,Halifax,2.0,"['Metal', 'Rock']"
1AgZkuSGkdgzhlw,The Streets- Official Ticket and Hotel Bundls,2026-08-01,Hip-Hop/Rap,Trap,1AgZkuSGkdgzhlw,Scarborough,2.0,"['Hip-Hop/Rap', 'Rock']"
1AdbZ_eGkDB3pHY,Sophie Ellis-Bextor,2026-08-01,Rock,Pop,1AdbZ_eGkDB3pHY,Glasgow,2.0,['Rock']
1AgZk8MGkdnfpsx,Summer Walker,2026-08-01,R&B,R&B,1AgZk8MGkdnfpsx,London,2.0,"['R&B', 'Hip-Hop/Rap']"
G5dzZbRaUedpG,The ELO Experience,2026-08-01,Undefined,Undefined,G5dzZbRaUedpG,Newcastle Upon Tyne,1.0,['Undefined']
LvZ18Qhty276jaOZ0z7-m,Tragedy: All Metal Tribute to the Bee Gees & Beyond,2026-08-01,Undefined,Undefined,LvZ18Qhty276jaOZ0z7-m,Brighton,2.0,"['Undefined', 'Rock']"
LvZ18Qq_WGi3AgYZz-pz3,Adam F (Full Live Band),2026-08-01,Dance/Electronic,Club Dance,LvZ18Qq_WGi3AgYZz-pz3,London,1.0,['Dance/Electronic']
17u8v0G6G5fXlSt,Tkandz,2026-08-01,Hip-Hop/Rap,Trap,17u8v0G6G5fXlSt,London,1.0,['Hip-Hop/Rap']
17u8v0G6uMRs6Iv,Belle Livingstone's 58th Street Country Club,2026-08-01,Jazz,Jazz,17u8v0G6uMRs6Iv,London,1.0,['Jazz']
1AdFZ_FGknfqvAr,Arnocorps,2026-08-01,Metal,Nu-Metal,1AdFZ_FGknfqvAr,London,1.0,['Metal']
1AdFZ_kGkn4YONu,Twin Skeletons,2026-08-01,Pop,Pop,1AdFZ_kGkn4YONu,Glasgow,,
1AwZkkKGkexJ3qc,The Crazy World Of Arthur Brown,2026-08-01,Rock,Pop,1AwZkkKGkexJ3qc,Glasgow,1.0,['Rock']
1kGOv0_EGA1X8XC,Kula Shaker,2026-08-01,Rock,Alternative Rock,1kGOv0_EGA1X8XC,Edinburgh ,1.0,['Rock']
G5dzZ_7JqzeyW,The Beast UK - Iron Maiden Tribute,2026-08-01,Undefined,Undefined,G5dzZ_7JqzeyW,Leicester,,
G5dzZbzN0v9Pi,The Cheap Thrills,2026-08-01,Rock,Pop,G5dzZbzN0v9Pi,Liverpool,1.0,['Rock']
G5vHZ_F6UjpJA,GLU,2026-08-01,Hip-Hop/Rap,Trap,G5vHZ_F6UjpJA,Bristol,1.0,['Hip-Hop/Rap']
G5vHZ_k121oSJ,Solya,2026-08-01,Rock,Alternative Rock,G5vHZ_k121oSJ,Bristol,1.0,['Alternative']
LvZ18Q3pmZyRBlZZlokiu,The Crazy World Of Arthur Brown,2026-08-01,Rock,Pop,LvZ18Q3pmZyRBlZZlokiu,Glasgow,1.0,['Rock']
LvZ18Q9EsKHZBvZZyX26M,Special Kinda Madness,2026-08-01,Undefined,Undefined,LvZ18Q9EsKHZBvZZyX26M,Derby,1.0,['Undefined']
LvZ18QL3aSEqEzYZ0-zDj,Victor Thompson,2026-08-01,Religious,Gospel,LvZ18QL3aSEqEzYZ0-zDj,London,1.0,['Religious']
LvZ18QO9-K_jHO8Z0xmpl,TEMPTATION WAITS - ROCK COVERS NIGHT,2026-08-01,Rock,Rock,LvZ18QO9-K_jHO8Z0xmpl, Bathgate,1.0,['Rock']
LvZ18QOs30atfl8vGIR2P,Spanish Horses,2026-08-01,Rock,Rock,LvZ18QOs30atfl8vGIR2P,Manchester,1.0,['Rock']
LvZ18QbNZ1tJRmOZy_QFp,Confederate Dead + TOKER,2026-08-01,Alternative,Grunge,LvZ18QbNZ1tJRmOZy_QFp,Cornwall,2.0,['Alternative']
LvZ18QjaBwFnnM8vQAgIV,One Night In Nashville - Chester Cathedral,2026-08-01,Country,Country,LvZ18QjaBwFnnM8vQAgIV,Chester,1.0,['Country']
LvZ18Qjaiusub0OvGz9FK,Hits Different - The New Wave of Pop,2026-08-01,Pop,Pop,LvZ18Qjaiusub0OvGz9FK,London,1.0,['Pop']
1AMZko3GkdpL1lx,The Proclaimers,2026-08-01,Rock,Pop,1AMZko3GkdpL1lx,Bristol,1.0,['Rock']
1AdfZbVGklQxh4R,80s Live,2026-08-01,Rock,Pop,1AdfZbVGklQxh4R,Scarborough,1.0,['Rock']
LvZ18QOFk_QMSC8v1HWT0,King Tut's Summer Nights Presents: Bistango,2026-08-01,Rock,Pop,LvZ18QOFk_QMSC8v1HWT0,Glasgow,5.0,"['Rock', 'Alternative', 'Pop']"
LvZ18Q_jJbg9VuYZyukKJ,The Macc Lads + support Tinseltown Rebellion - SOLD OUT!,2026-08-01,Rock,Punk,LvZ18Q_jJbg9VuYZyukKJ,Nuneaton,1.0,['Rock']
LvZ18Qb62cZT52YZlEkyk,King Zepha,2026-08-01,Reggae,Rock Steady,LvZ18Qb62cZT52YZlEkyk,"Newcastle upon Tyne, NE1 2PQ",1.0,['Reggae']
LvZ18QjT_s8GkdYZnQybN,Who's Next,2026-08-01,Undefined,Undefined,LvZ18QjT_s8GkdYZnQybN,Hertford,1.0,['Undefined']
1AgZk8MGkemXf_V,ABBA Voyage,2026-08-01,Pop,Pop,1AgZk8MGkemXf_V,London,1.0,['Pop']
1ku8v0uSGA1dtqJ,Abba Voyage - VIP Premium Package,2026-08-01,Pop,Pop,1ku8v0uSGA1dtqJ,London,1.0,['Pop']
17GOv0G6G5V1YN9,Melina Blanco + Half Star + Mikayla Cain,2026-08-01,Pop,Pop,17GOv0G6G5V1YN9,London,1.0,['Pop']
1AwZk3aGkeDeoA8,The Phonics,2026-08-01,Pop,Pop,1AwZk3aGkeDeoA8,Southampton,,
LvZ18QbcOFK9v4ZZyQaBE,FOO FIGHTERS SW,2026-08-01,Rock,Rock,LvZ18QbcOFK9v4ZZyQaBE,London,1.0,['Rock']
1AzZk34GkdoPsRX,Still Ill Club,2026-08-01,Metal,Nu-Metal,1AzZk34GkdoPsRX,Belfast,1.0,['Metal']
LvZ18QCTkDkLUxZZld5_F,Suspiciously Elvis,2026-08-01,Undefined,Undefined,LvZ18QCTkDkLUxZZld5_F,London,1.0,['Undefined']
LvZ18QKlu9FMJ2YZ0nnW_,Ion Maiden,2026-08-01,Metal,Metal,LvZ18QKlu9FMJ2YZ0nnW_,St Albans,1.0,['Metal']
17CZv0G6Cr07ORh,Skins - the Club Night,2026-08-01,Pop,Electro Pop,17CZv0G6Cr07ORh,Belfast,,
LvZ18QN2Lcs6iYYvGxR5n,Live Band Karaoke,2026-08-01,Undefined,Undefined,LvZ18QN2Lcs6iYYvGxR5n,London,1.0,['Undefined']
LvZ18Qxvnl93CnZvGaRu2,Soul City: House music every Saturday,2026-08-01,Undefined,Undefined,LvZ18Qxvnl93CnZvGaRu2,London,2.0,"['Undefined', 'Dance/Electronic']"
G5vHZ_Fx0j32X,Audi Presents Wilderness Festival 2026 - 2 Day Event (Sat/Sun),2026-08-01,Undefined,Undefined,G5vHZ_Fx0j32X,Oxfordshire,1.0,['Undefined']
1AdfZ_7GkRAhUtj,Camp Bestival 2026 - Sunday Day,2026-08-02,Undefined,Undefined,1AdfZ_7GkRAhUtj,Dorset,19.0,"['Undefined', 'Dance/Electronic', 'Hip-Hop/Rap', 'R&B', 'Rock', 'Reggae', 'Pop', 'Comedy', 'Other', 'Metal']"
1AUZkobGkdj1Fm0,My First Concert,2026-08-02,Children's Music,Children's Music,1AUZkobGkdj1Fm0,Dunfermline,,
1AdfZ_aGkM8CUKH,Camp Bestival 2026 - Outward Adventures - Sunday,2026-08-02,Undefined,Undefined,1AdfZ_aGkM8CUKH,Dorset,1.0,['Undefined']
G5dzZbzSADpeJ,RADAR Festival: Sunday - Animals As Leaders + The Pineapple Thief,2026-08-02,Undefined,Undefined,G5dzZbzSADpeJ,Manchester,9.0,"['Undefined', 'Metal', 'Rock']"
G5vHZbR7gS1wy,Audi Presents Wilderness 2026 - Sunday Day,2026-08-02,Undefined,Undefined,G5vHZbR7gS1wy,Oxfordshire,1.0,['Undefined']
LvZ18QOD7TR1mROvOSldq,BRUNCH | Godfathers of Garage - Norris Da Boss Windross & MC Creed,2026-08-02,Dance/Electronic,Club Dance,LvZ18QOD7TR1mROvOSldq,London,2.0,['Dance/Electronic']
LvZ18Qr_Ut1at68vq-qyU,"Live in Bents Park: Judge Jules Live, Ultrabeat, Phats & Small and SFA",2026-08-02,Dance/Electronic,Club Dance,LvZ18Qr_Ut1at68vq-qyU,South Shields,4.0,['Dance/Electronic']
LvZ18Qj5uTra6n8vO1izN,Sunday Soul Sessions,2026-08-02,R&B,Soul,LvZ18Qj5uTra6n8vO1izN,London,1.0,['R&B']
1AgZk8MGkeR50_H,ABBA Voyage,2026-08-02,Pop,Pop,1AgZk8MGkeR50_H,London,1.0,['Pop']
1ku8v0uSGA1oaqz,Abba Voyage - VIP Premium Package,2026-08-02,Pop,Pop,1ku8v0uSGA1oaqz,London,1.0,['Pop']
LvZ18Qx1hbyvlVOvOhPpa,Solent Area Prog Festival - Sunday Tickets,2026-08-02,Rock,Progressive Rock,LvZ18Qx1hbyvlVOvOhPpa,Southampton,6.0,['Rock']
LvZ18Q3Utt62Cg8Zl_wFV,MSW 25 Accessible + Companion Sunday Pass,2026-08-02,R&B,Soul,LvZ18Q3Utt62Cg8Zl_wFV,Margate,1.0,['R&B']
LvZ18Q8dIC9Tf_8Zl7K5L,MSW 25 YEARS Sunday Pass,2026-08-02,R&B,Soul,LvZ18Q8dIC9Tf_8Zl7K5L,Margate,3.0,"['R&B', 'Jazz']"
LvZ18QbizCS9v4ZZyQF83,Peggy Gou on the Thames,2026-08-02,Dance/Electronic,Dance/Electronic,LvZ18QbizCS9v4ZZyQF83,London,1.0,['Dance/Electronic']
1AgZk39GkeMTN_b,Gospel Garden Seating/Chair Upgrade - Ticket NOT Included,2026-08-02,Religious,Gospel,1AgZk39GkeMTN_b,London,2.0,"['Religious', 'Rock']"
1AgZkokGkewsJGg,Gospel Garden presents Kirk Franklin,2026-08-02,Religious,Gospel,1AgZkokGkewsJGg,London,6.0,"['Religious', 'Rock', 'Blues', 'Pop']"
LvZ18QOp3p_wT48vGCsk4,Craig Charles : Funk & Soul Club,2026-08-02,Rock,Pop,LvZ18QOp3p_wT48vGCsk4,Edinburgh,2.0,"['Rock', 'R&B']"
16dbZbU3pG7zgNu,Calvin Harris,2026-08-02,Pop,Electro Pop,16dbZbU3pG7zgNu,Glasgow,1.0,['Pop']
1ANZkuoGkeWjsQu,Luke Combs - My Kinda Saturday Night,2026-08-02,Country,Country,1ANZkuoGkeWjsQu,London,4.0,['Country']
1AdFZ_dGkwIF8lH,Richie Spice (Matinee Show) - Restaurant,2026-08-02,Reggae,Reggae,1AdFZ_dGkwIF8lH,London,2.0,['Reggae']
1AdFZ_dGkwPw8l1,Richie Spice (Matinee Show),2026-08-02,Reggae,Reggae,1AdFZ_dGkwPw8l1,London,2.0,['Reggae']
G5vHZ_71_Zotl,Two Door Cinema Club - Upgrade (does not include event ticket),2026-08-02,Rock,Pop,G5vHZ_71_Zotl,Cardiff,2.0,['Rock']
G5vHZbwNEoe56,Two Door Cinema Club,2026-08-02,Rock,Pop,G5vHZbwNEoe56,Cardiff,3.0,['Rock']
G5vHZbgUwu67T,Two Door Cinema Club- Official Ticket and Hotel Bundls,2026-08-02,Rock,Pop,G5vHZbgUwu67T,Cardiff,2.0,['Rock']
1AgZk8MGkeR_7QC,ABBA Voyage,2026-08-02,Pop,Pop,1AgZk8MGkeR_7QC,London,1.0,['Pop']
1AgZk8UGkeEfeGP,Summer Walker,2026-08-02,R&B,R&B,1AgZk8UGkeEfeGP,London,2.0,"['R&B', 'Hip-Hop/Rap']"
1AgZkuzGkemE7OP,SEX PISTOLS FT. FRANK CARTER,2026-08-02,Rock,Pop,1AgZkuzGkemE7OP,Scarborough,4.0,['Rock']
1ku8v0uSGA1rtr7,Abba Voyage - VIP Premium Package,2026-08-02,Pop,Pop,1ku8v0uSGA1rtr7,London,1.0,['Pop']
LvZ18Q-OgESI6o8ZJAPga,With Teeth,2026-08-02,Rock,Punk,LvZ18Q-OgESI6o8ZJAPga,London,3.0,"['Rock', 'Metal']"
1AdfZbMGkRAHIVT,Sex Pistols- Official Ticket and Hotel Bundls,2026-08-02,Rock,Pop,1AdfZbMGkRAHIVT,Scarborough,2.0,['Rock']
LvZ18QhRWg-dly8ZI6chN,Dinner with Kele Le Roc,2026-08-02,Rock,Pop,LvZ18QhRWg-dly8ZI6chN,London,1.0,['Rock']
17u8v0G6uMRT9l0,Belle Livingstone's 58th Street Country Club,2026-08-02,Jazz,Jazz,17u8v0G6uMRT9l0,London,1.0,['Jazz']
1AdFZ_kGkMnV8Dk,Broken by the Scream,2026-08-02,Metal,Nu-Metal,1AdFZ_kGkMnV8Dk,London,1.0,['Metal']
1AdbZ_7GkMUwhlX,Lloyd Cole,2026-08-02,Rock,Pop,1AdbZ_7GkMUwhlX,Edinburgh,1.0,['Rock']
G5vHZ_k14Y3fz,Solya,2026-08-02,Rock,Alternative Rock,G5vHZ_k14Y3fz,Manchester,1.0,['Alternative']
LvZ18Q0uM-c4GlQLoSofv,Lata & Asha: Purane Gaane… Side A | Side B – Leeds,2026-08-02,World,World,LvZ18Q0uM-c4GlQLoSofv,Leeds,2.0,['World']
LvZ18QFubezrfZZZ09vJ-,Coleen Nolan,2026-08-02,Pop,Pop,LvZ18QFubezrfZZZ09vJ-,London,1.0,['Pop']
LvZ18QL91Ik1b3ZZMjgNo,Slow Mass + Outlander,2026-08-02,Rock,Rock,LvZ18QL91Ik1b3ZZMjgNo,Newcastle Upon Tyne,2.0,['Rock']
LvZ18QjRBJjM0fYZzmCmI,Tarrus Riley,2026-08-02,Reggae,Reggae,LvZ18QjRBJjM0fYZzmCmI,London,2.0,['Reggae']
LvZ18Q9IUaayr9OZyQ-Ny,Life Of Agony,2026-08-02,Metal,Heavy Metal,LvZ18Q9IUaayr9OZyQ-Ny,Southend-On-Sea,2.0,"['Metal', 'Pop']"
LvZ18QOF1jHFSU8v12Bp0,King Tut's Summer Nights Presents: Joe Goodall,2026-08-02,Rock,Pop,LvZ18QOF1jHFSU8v12Bp0,Glasgow,5.0,"['Rock', 'Alternative', 'Pop', 'Undefined']"
G5vHZ_FBp7ss5,Laughterama: Ed Gamble & Nick Mohammed,2026-08-02,Comedy,Comedy,G5vHZ_FBp7ss5,London,7.0,"['Comedy', 'Rock']"
1AdFZ_dGkwIFZlb,Richie Spice (Evening Show) - Restaurant,2026-08-02,Reggae,Reggae,1AdFZ_dGkwIFZlb,London,2.0,['Reggae']
1AdFZ_dGkwPw8lu,Richie Spice (Evening Show),2026-08-02,Reggae,Reggae,1AdFZ_dGkwPw8lu,London,2.0,['Reggae']
LvZ18Q0C_B5vgT9KS2QPS,Enfant,2026-08-03,Alternative,Alternative,LvZ18Q0C_B5vgT9KS2QPS,London,2.0,['Alternative']
LvZ18QhgjaWplV8ZiKrKq,Animals As Leaders,2026-08-03,Metal,Heavy Metal,LvZ18QhgjaWplV8ZiKrKq,Brighton,1.0,['Metal']
1AzZk3fGke0a-bn,Vio-lence,2026-08-03,Metal,Nu-Metal,1AzZk3fGke0a-bn,Belfast,1.0,['Metal']
G5dzZ_6D6fNh2,Lovebites,2026-08-03,Rock,Pop,G5dzZ_6D6fNh2,London,1.0,['Rock']
G5vHZ_G3xBUbN,Cate Le Bon,2026-08-03,Rock,Pop,G5vHZ_G3xBUbN,London,1.0,['Rock']
LvZ18QqKDRsLBPOv2eFC9,Jesse Royal,2026-08-03,Reggae,Reggae,LvZ18QqKDRsLBPOv2eFC9,London,2.0,['Reggae']
17CZv0G61pV4-CH,The Druids,2026-08-03,Rock,Alternative Rock,17CZv0G61pV4-CH,Belfast,1.0,['Rock']
1AwZko_GkdUA8l-,Solya,2026-08-03,Rock,Alternative Rock,1AwZko_GkdUA8l-,Glasgow,1.0,['Alternative']
1AgZk8MGkeRJfQb,ABBA Voyage,2026-08-03,Pop,Pop,1AgZk8MGkeRJfQb,London,1.0,['Pop']
1ku8v0uSGA1iarx,Abba Voyage - VIP Premium Package,2026-08-03,Pop,Pop,1ku8v0uSGA1iarx,London,1.0,['Pop']
LvZ18QLsIRLAlKZZ0AKx2,JESSE ROYAL 4TH August 2026 Performing Live Birmingham Jam House,2026-08-04,Reggae,Reggae,LvZ18QLsIRLAlKZZ0AKx2,Birmingham,1.0,['Reggae']
LvZ18Q_ue9tI7KOZypifj,BAD COP BAD COP,2026-08-04,Rock,Punk,LvZ18Q_ue9tI7KOZypifj,London,1.0,['Rock']
1AdbZ_eGkDyhkyT,Elephant Sessions,2026-08-04,Other,Other,1AdbZ_eGkDyhkyT,Glasgow,2.0,"['Undefined', 'Rock']"
LvZ18QrbsM9_0A8ZM3OVp,Vio-lence + Cutthroat,2026-08-04,Metal,Heavy Metal,LvZ18QrbsM9_0A8ZM3OVp,Glasgow,1.0,['Metal']
1AwZk8YGkdMBZzG,Wolves In the Throne Room & Spectral Wound,2026-08-04,Metal,Nu-Metal,1AwZk8YGkdMBZzG,Glasgow,2.0,['Metal']
1AzZku6GkegPszk,Northlane,2026-08-04,Metal,Nu-Metal,1AzZku6GkegPszk,Belfast,1.0,['Metal']
G5vHZ_G2x5B2Z,Cate Le Bon,2026-08-04,Rock,Pop,G5vHZ_G2x5B2Z,London,1.0,['Rock']
LvZ18Q9IzQIMoUOZySMg6,Life Of Agony,2026-08-04,Metal,Heavy Metal,LvZ18Q9IzQIMoUOZySMg6,Reading,2.0,"['Metal', 'Pop']"
LvZ18QLYU_8y-2YZMtXCB,LUNA KILLS,2026-08-04,Metal,Metal,LvZ18QLYU_8y-2YZMtXCB,Birmingham,1.0,['Metal']
LvZ18QrjDeRe7SYZMhHhD,Mo'Kalamity,2026-08-04,Reggae,Reggae,LvZ18QrjDeRe7SYZMhHhD,London,2.0,"['Reggae', 'R&B']"
G5vHZ_k2tZPpE,Gary Numan,2026-08-04,Rock,Pop,G5vHZ_k2tZPpE,Northampton,1.0,['Rock']
G5vHZ_khWVyMe,Biohazard,2026-08-04,Metal,Nu-Metal,G5vHZ_khWVyMe,London,1.0,['Metal']
LvZ18QbE0awGHFZZlQgA4,The Van Morrison Alumni Band,2026-08-04,Rock,Pop,LvZ18QbE0awGHFZZlQgA4,London,1.0,['Rock']
LvZ18QqzOc7sbpYZ0LttX,Everette,2026-08-04,Country,Country Pop,LvZ18QqzOc7sbpYZ0LttX,Glasgow,1.0,['Country']
LvZ18QNRQuO-Q_e848rUB,Frank Sinatra & Friends,2026-08-04,Undefined,Undefined,LvZ18QNRQuO-Q_e848rUB,London,4.0,"['Undefined', 'Jazz']"
1AgZkoAGkdn6Evg,Palace Bowl Presents - Tom Jones,2026-08-05,Rock,Pop,1AgZkoAGkdn6Evg,London,3.0,"['Rock', 'R&B']"
1adfZ_arbf-Zd8k1,Tom Jones Seating/Chair Upgrade - Ticket NOT Included,2026-08-05,Rock,Pop,1adfZ_arbf-Zd8k1,London,2.0,['Rock']
LvZ18Q336VDepdZv4lxwU,Merauder,2026-08-05,Rock,Alternative Rock,LvZ18Q336VDepdZv4lxwU,London,1.0,['Rock']
1AdbZ_eGkDi-kj0,Tash Sultana,2026-08-05,Rock,Alternative Rock,1AdbZ_eGkDi-kj0,Glasgow,2.0,['Rock']
LvZ18Q9IDhUBt9ZZll7Ya,Life Of Agony,2026-08-05,Metal,Heavy Metal,LvZ18Q9IDhUBt9ZZll7Ya,Bristol,2.0,"['Metal', 'Pop']"
LvZ18QxNAvqWP1YZv6Fvj,"Live Jazz from the Piano Bar at Red Room Studios, Soho",2026-08-05,Jazz,Jazz,LvZ18QxNAvqWP1YZv6Fvj,London,3.0,['Jazz']
16zZkozO0ZA2vukk,Ryan McMullan - Fleadh 2026,2026-08-05,Rock,Pop,16zZkozO0ZA2vukk,Belfast,2.0,"['Rock', 'Pop']"
17u8v0G6uMYuMRl,Belle Livingstone's 58th Street Country Club,2026-08-05,Jazz,Jazz,17u8v0G6uMYuMRl,London,1.0,['Jazz']
1AwZkoNGkeMLZ0P,The Zawose Queens,2026-08-05,Pop,Electro Pop,1AwZkoNGkeMLZ0P,London,1.0,['Dance/Electronic']
1AwZkoNGkeMrY0h,The Zawose Queens - Restaurant,2026-08-05,Pop,Electro Pop,1AwZkoNGkeMrY0h,London,1.0,['Dance/Electronic']
G5dzZ_AE24PJk,Solya,2026-08-05,Rock,Alternative Rock,G5dzZ_AE24PJk,Birmingham,1.0,['Alternative']
G5vHZ_G6sADkd,Borderline,2026-08-05,Rock,Alternative Rock,G5vHZ_G6sADkd,Manchester,1.0,['Alternative']
LvZ18QQYoqsu6aYZ0u-JB,Biohazard,2026-08-05,Metal,Heavy Metal,LvZ18QQYoqsu6aYZ0u-JB,Southampton,4.0,"['Metal', 'Pop', 'Rock', 'Other']"
LvZ18Q_MhF-aTpZZ04xWg,El Mató a un Policía Motorizado,2026-08-05,Rock,Alternative Rock,LvZ18Q_MhF-aTpZZ04xWg,London,2.0,"['Rock', 'Alternative']"
LvZ18QxL0cEkQPZZ02VLN,Old Mervs,2026-08-05,Alternative,Alternative Rock,LvZ18QxL0cEkQPZZ02VLN,Newquay,1.0,['Alternative']
1AdfZbYGkHsxwIC,Sounds Of The 60s Live - Hosted by Tony Blackburn MBE,2026-08-05,Rock,Pop,1AdfZbYGkHsxwIC,Leeds,1.0,['Rock']
G5vHZ_k2RPAiI,Gary Numan,2026-08-05,Rock,Pop,G5vHZ_k2RPAiI,Northampton,1.0,['Rock']
LvZ18QjVRoV6vcYvG0nQU,Liberty and Justice,2026-08-05,Rock,Punk,LvZ18QjVRoV6vcYvG0nQU,London,1.0,['Rock']
LvZ18Q0C9EzDQdjpkKdHn,"Live Jazz from the Piano Bar at Red Room Studios, Soho",2026-08-05,Jazz,Jazz,LvZ18Q0C9EzDQdjpkKdHn,London,3.0,['Jazz']
LvZ18QOsX9sXUxZvGJmHB,The Neo Soul Sessions,2026-08-05,R&B,Neo-Soul,LvZ18QOsX9sXUxZvGJmHB,London,1.0,['R&B']
LvZ18QOszmJSvdYvOaTdt,The Neo Soul Sessions,2026-08-05,R&B,Neo-Soul,LvZ18QOszmJSvdYvOaTdt,London,1.0,['R&B']
G5vHZbUwmiU3g,HERITAGE LIVE: Scissor Sisters + Special Guests,2026-08-06,Rock,Alternative Rock,G5vHZbUwmiU3g,Essex,3.0,"['Rock', 'Dance/Electronic']"
1AgZk39Gkem6wMX,Gary Numan Seating/Chair Upgrade - Ticket NOT Included,2026-08-06,Rock,Pop,1AgZk39Gkem6wMX,London,2.0,['Rock']
1AgZkokGkdeHky9,Palace Bowl Presents - Gary Numan,2026-08-06,Rock,Pop,1AgZkokGkdeHky9,London,4.0,['Rock']
LvZ18Q-BD_85zwOvGxrzu,Caslean,2026-08-06,Alternative,Alternative,LvZ18Q-BD_85zwOvGxrzu,London,1.0,['Alternative']
LvZ18QhRs_f5PUZZim_hg,"Lovers Rock Sessions with Sandra Cross, Paulette Tajah &  Winsome-all live!",2026-08-06,Reggae,Reggae,LvZ18QhRs_f5PUZZim_hg,Birmingham,1.0,['Reggae']
1AdbZ_eGkTr0Ai_,Marti Pellow,2026-08-06,Rock,Pop,1AdbZ_eGkTr0Ai_,Glasgow,2.0,['Rock']
LvZ18Q0C4HTwr5AZwuPV5,"Live Jazz from the Piano Bar at Red Room Studios, Soho",2026-08-06,Jazz,Jazz,LvZ18Q0C4HTwr5AZwuPV5,London,3.0,['Jazz']
LvZ18QqmThVZSVOZ0SlGD,Martha Spencer Trio,2026-08-06,Folk,Folk,LvZ18QqmThVZSVOZ0SlGD,Saltaire,1.0,['Folk']
11u8v0btbKFsv5,Solya,2026-08-06,Rock,Alternative Rock,11u8v0btbKFsv5,London,1.0,['Alternative']
16zZkozO0ZA8vuk2,Ryan McMullan - Fleadh 2026,2026-08-06,Rock,Pop,16zZkozO0ZA8vuk2,Belfast,2.0,"['Rock', 'Pop']"
17CZv0G6CChW-4y,All Folk'd Up,2026-08-06,Folk,Indie Folk,17CZv0G6CChW-4y,Belfast,1.0,['Folk']
17GOv0G65S-sZlV,Borderline,2026-08-06,Pop,Pop,17GOv0G65S-sZlV,Glasgow,,
LvZ18Q-J57NtXC8ZzIYgf,Shaggy,2026-08-06,Reggae,Reggae,LvZ18Q-J57NtXC8ZzIYgf,London,1.0,['Reggae']
LvZ18Q4XhX8SJpZZlNZIL,Fell Out Boy + The Black Charade,2026-08-06,Undefined,Undefined,LvZ18Q4XhX8SJpZZlNZIL,Southampton,2.0,"['Undefined', 'Rock']"
LvZ18QxN7FbzYRYZvNl7K,Round 41 - Live Jazz and Fusion Night,2026-08-06,Jazz,Jazz,LvZ18QxN7FbzYRYZvNl7K,London,3.0,['Jazz']
LvZ18QOF5V-HBs8ZMocET,King Tut's Summer Nights Presents: Dugout,2026-08-06,Rock,Pop,LvZ18QOF5V-HBs8ZMocET,Glasgow,5.0,"['Rock', 'Alternative', 'Pop', 'Undefined']"
LvZ18QjAKCStH38Z0KeeO,Wednesday 13,2026-08-06,Metal,Heavy Metal,LvZ18QjAKCStH38Z0KeeO,Southend-On-Sea,2.0,"['Metal', 'Pop']"
LvZ18Qpqj1SGquZZliHN8,Ebony,2026-08-06,Hip-Hop/Rap,Latin Rap,LvZ18Qpqj1SGquZZliHN8,London,1.0,['Hip-Hop/Rap']
1AgZk8MGkeRSVQJ,ABBA Voyage,2026-08-06,Pop,Pop,1AgZk8MGkeRSVQJ,London,1.0,['Pop']
1ku8v0uSGA1y_Ok,Abba Voyage - VIP Premium Package,2026-08-06,Pop,Pop,1ku8v0uSGA1y_Ok,London,1.0,['Pop']
17GOv0G6u5nqZNA,The Colour Blind Monks + Kangia + More Tba,2026-08-06,Rock,Alternative Rock,17GOv0G6u5nqZNA,London,,
LvZ18Q0BNCWK3-lZ-5AKu,Dounby Show Night 2026,2026-08-06,Dance/Electronic,Dance/Electronic,LvZ18Q0BNCWK3-lZ-5AKu,Orkney ,1.0,['Dance/Electronic']
LvZ18Q0C4HTwr5AZwuPV1,"Live Jazz from the Piano Bar at Red Room Studios, Soho",2026-08-06,Jazz,Jazz,LvZ18Q0C4HTwr5AZwuPV1,London,3.0,['Jazz']
LvZ18Qhnj0YMHmOZVhQto,The Michael Jackson Show,2026-08-06,Pop,Pop,LvZ18Qhnj0YMHmOZVhQto,London,1.0,['Pop']
1AgZkC8Gkd0t_TL,Soultasia,2026-08-07,R&B,R&B,1AgZkC8Gkd0t_TL,London,3.0,"['R&B', 'Rock']"
G5vHZbVxLTJYb,The Streets + Special guests,2026-08-07,Hip-Hop/Rap,Trap,G5vHZbVxLTJYb,Essex,2.0,"['Hip-Hop/Rap', 'Other']"
LvZ18QjVoNe7SmYvOZyhj,Canterbury Live presents: JLS,2026-08-07,Rock,Pop,LvZ18QjVoNe7SmYvOZyhj,Canterbury,4.0,"['Rock', 'Pop']"
1AMZkuVGkdOmEVK,Jessie J Live After Racing - The Premier Enclosure,2026-08-07,Pop,Pop,1AMZkuVGkdOmEVK,Newmarket,2.0,"['Pop', 'Rock']"
1AMZkuVGkdfwECz,Jessie J Live After Racing - Grandstand & Paddock,2026-08-07,Pop,Pop,1AMZkuVGkdfwECz,Newmarket,2.0,"['Pop', 'Rock']"
1adfZ_7pfAxZd2AF,City Pop Waves presents Masayoshi Takanaka,2026-08-07,Jazz,Jazz,1adfZ_7pfAxZd2AF,London,5.0,"['Jazz', 'Rock', 'R&B', 'Pop']"
G5vHZ_dj1zMsW,Pete Tong Live After Racing -  County Enclosure,2026-08-07,Pop,Electro Pop,G5vHZ_dj1zMsW,Newton-Le-Willows,3.0,"['Dance/Electronic', 'Rock']"
G5vHZ_dj6mMlp,Pete Tong Live After Racing Grandstand & Paddock,2026-08-07,Pop,Electro Pop,G5vHZ_dj6mMlp,Newton-Le-Willows,3.0,"['Dance/Electronic', 'Rock']"
LvZ18QjtB2qTTtYZ0bFnY,Diaspora Calling!,2026-08-07,R&B,R&B,LvZ18QjtB2qTTtYZ0bFnY,Milton Keynes,7.0,"['R&B', 'Hip-Hop/Rap', 'Reggae', 'Comedy']"
11CZv0uIox7Ev2,The Saw Doctors - Feile 2026,2026-08-07,Rock,Pop,11CZv0uIox7Ev2,Belfast,6.0,['Rock']
G5dzZbz1N1dUb,Fell Out Boy + Black Charade,2026-08-07,Undefined,Undefined,G5dzZbz1N1dUb,Bristol,4.0,"['Undefined', 'Rock', 'Hip-Hop/Rap']"
LvZ18Q-Tz8AgVpZZze-7k,B’SPOKE Fri 07 August 2026 The Jam House Birmingham,2026-08-07,Pop,Pop,LvZ18Q-Tz8AgVpZZze-7k,Birmingham,1.0,['Pop']
LvZ18Qj2YO9LJV8vO2GCu,Adolescents & Scream,2026-08-07,Rock,Alternative Rock,LvZ18Qj2YO9LJV8vO2GCu,London,1.0,['Rock']
LvZ18QxNGBPZeYOZvC6Lj,Alfies Soho - Live Jazz and Blues,2026-08-07,Jazz,Jazz,LvZ18QxNGBPZeYOZvC6Lj,London,2.0,['Jazz']
1AdbZ_eGkTqZAJE,Marti Pellow,2026-08-07,Rock,Pop,1AdbZ_eGkTqZAJE,Glasgow,2.0,['Rock']
G5dzZbs9wHsM6,Totally Gaga - a Tribute To Lady Gaga,2026-08-07,Undefined,Undefined,G5dzZbs9wHsM6,Newcastle Upon Tyne,,
LvZ18Q-BlGmC8OZZzXYSO,"Awaken, My Love! Revisited - 10th Anniversary",2026-08-07,R&B,Psychedelic Soul,LvZ18Q-BlGmC8OZZzXYSO,London,1.0,['R&B']
LvZ18Q9N5YUhZX8Z0oVTF,Mica Paris,2026-08-07,R&B,Soul,LvZ18Q9N5YUhZX8Z0oVTF,London,1.0,['R&B']
LvZ18QjzIXtH6S8vGcH-s,Chameleons,2026-08-07,Rock,Alternative Rock,LvZ18QjzIXtH6S8vGcH-s,Birmingham,2.0,['Rock']
LvZ18QxNAv4ZeYOZvC6_u,"Live Jazz from the Piano Bar at Red Room Studios, Soho",2026-08-07,Jazz,Jazz,LvZ18QxNAv4ZeYOZvC6_u,London,3.0,['Jazz']
17u8v0G6uMYt9U-,Belle Livingstone's 58th Street Country Club,2026-08-07,Jazz,Jazz,17u8v0G6uMYt9U-,London,1.0,['Jazz']
1AdbZ_FGklLR9y5,Lulu 'live',2026-08-07,Rock,Pop,1AdbZ_FGklLR9y5,Aberdeen,1.0,['Rock']
1AdfZ_kGklj2JvS,Solya,2026-08-07,Rock,Alternative Rock,1AdfZ_kGklj2JvS,London,1.0,['Alternative']
1AzZk3pGkdonvP7,Talisk - Fleadh 2026,2026-08-07,Folk,Indie Folk,1AzZk3pGkdonvP7,Belfast,1.0,['Folk']
G5dzZ_FBw57EG,Gramps Morgan,2026-08-07,Reggae,Reggae,G5dzZ_FBw57EG,Birmingham,1.0,['Reggae']
G5dzZ_eTAGVtZ,The Eminem Experience in London!,2026-08-07,Hip-Hop/Rap,Trap,G5dzZ_eTAGVtZ,London,1.0,['Hip-Hop/Rap']
G5vHZ_ukDk5_6,Strata,2026-08-07,Rock,Alternative Rock,G5vHZ_ukDk5_6,Preston ,1.0,['Alternative']
LvZ18Q-lpHHelL8ZzUHB4,SLEEP TOUCAN - A TRIBUTE TO SLEEP TOKEN,2026-08-07,Alternative,Alternative,LvZ18Q-lpHHelL8ZzUHB4,Bradford,1.0,['Alternative']
LvZ18Q_uKQVc1aOZl-lnA,Plug In Maybe,2026-08-07,Rock,Indie Rock,LvZ18Q_uKQVc1aOZl-lnA,Southampton,1.0,['Rock']
LvZ18QrrbgUUqlYZM_2Hl,Dave Formula and Noko,2026-08-07,Alternative,Post-Punk,LvZ18QrrbgUUqlYZM_2Hl,Derby,1.0,['Alternative']
LvZ18QxNe-cEv4YZvc-Ro,Soho Spotlight - Friday Live Performance,2026-08-07,Jazz,Jazz,LvZ18QxNe-cEv4YZvc-Ro,London,3.0,['Jazz']
LvZ18Q-DKyVtaHZvOBy4w,Dr Alimantado,2026-08-07,Reggae,Reggae,LvZ18Q-DKyVtaHZvOBy4w,London ,1.0,['Reggae']
LvZ18Q9WoGeSnvOZyyT61,A Foreigners Journey,2026-08-07,Undefined,Undefined,LvZ18Q9WoGeSnvOZyyT61,Lavenham,1.0,['Undefined']
LvZ18QOFuoQMSC8Z0HX0-,King Tut's Summer Nights Presents: Val Mavis,2026-08-07,Rock,Pop,LvZ18QOFuoQMSC8Z0HX0-,Glasgow,5.0,"['Rock', 'Alternative']"
LvZ18QQq_W0W8xZZ0sBu1,Smoove & Turrell,2026-08-07,Hip-Hop/Rap,Urban,LvZ18QQq_W0W8xZZ0sBu1,Hertford,1.0,['Hip-Hop/Rap']
1AgZk8MGkeYv7hk,ABBA Voyage,2026-08-07,Pop,Pop,1AgZk8MGkeYv7hk,London,1.0,['Pop']
1ku8v0uSGA5kyOb,Abba Voyage - VIP Premium Package,2026-08-07,Pop,Pop,1ku8v0uSGA5kyOb,London,1.0,['Pop']
17GOv0G6GCwfOEi,Broken Hertz + Phoebe Parker + Sophie Holloway + Dither,2026-08-07,Pop,Pop,17GOv0G6GCwfOEi,London,,
1AUZk3FGkdbm6Gs,New York Brass Band & Hyde Family Jam - Venue Premium Tickets,2026-08-07,Other,Other,1AUZk3FGkdbm6Gs,York,1.0,['Undefined']
LvZ18QLNuy9j8i8vqKvmD,Paul Jones & Dave Kelly,2026-08-07,Jazz,Jazz,LvZ18QLNuy9j8i8vqKvmD,Kinross,2.0,"['Jazz', 'Variety']"
LvZ18QxNGBPZeYOZvC6Lq,Alfies Soho - Live Jazz and Blues,2026-08-07,Jazz,Jazz,LvZ18QxNGBPZeYOZvC6Lq,London,2.0,['Jazz']
LvZ18QxNAv4ZeYOZvC6_C,"Live Jazz from the Piano Bar at Red Room Studios, Soho",2026-08-07,Jazz,Jazz,LvZ18QxNAv4ZeYOZvC6_C,London,3.0,['Jazz']
LvZ18QNY2vYEULlWVpip1,SouLutions,2026-08-07,R&B,R&B,LvZ18QNY2vYEULlWVpip1,London,1.0,['R&B']
LvZ18Q9NG_UhZX8ZloVHt,Mica Paris,2026-08-07,R&B,Soul,LvZ18Q9NG_UhZX8ZloVHt,London,1.0,['R&B']
17CZv0G6GNQmVF8,Trisco,2026-08-07,Pop,Electro Pop,17CZv0G6GNQmVF8,Belfast,1.0,['Dance/Electronic']
LvZ18Q0WwIb4U62gepJgI,Congo Natty,2026-08-07,Dance/Electronic,Club Dance,LvZ18Q0WwIb4U62gepJgI,London ,1.0,['Dance/Electronic']
LvZ18Qqy7GxYz68Z0Dutr,Juls: 4 Fridays at Jazz Cafe (Summer Residency – Week 1),2026-08-07,Dance/Electronic,Electro-Jazz,LvZ18Qqy7GxYz68Z0Dutr,London,2.0,['Dance/Electronic']
G5dzZ_C1mQx19,Jamaican Independence Birmingham,2026-08-07,Reggae,Reggae,G5dzZ_C1mQx19,Birmingham,2.0,"['Reggae', 'Hip-Hop/Rap']"
LvZ18QQdO04Htx8Z0YtnS,Electric Paradise,2026-08-08,Rock,Pop,LvZ18QQdO04Htx8Z0YtnS,Milton Keynes,22.0,"['Rock', 'R&B', 'Reggae', 'Other', 'Dance/Electronic']"
LvZ18Qb9fdNaukZZwE_fF,Party At The Palace 2026 - Weekend Tickets,2026-08-08,Rock,Pop,LvZ18Qb9fdNaukZZwE_fF,Linlithgow,11.0,"['Rock', 'Folk', 'Undefined', 'Alternative']"
LvZ18QbowuwSaK8ZvBd9V,Party At The Palace 2026 - Day Tickets,2026-08-08,Folk,Celtic Folk,LvZ18QbowuwSaK8ZvBd9V,Linlithgow,14.0,"['Folk', 'Rock', 'Undefined', 'Alternative', 'Dance/Electronic']"
17u8v0G6uMYMEBN,Belle Livingstone's 58th Street Country Club,2026-08-08,Jazz,Jazz,17u8v0G6uMYMEBN,London,1.0,['Jazz']
17CZv0G6G39Wvzs,Foy Vance -  Fleadh 2026,2026-08-08,Rock,Alternative Rock,17CZv0G6G39Wvzs,Belfast,1.0,['Rock']
G5vHZbVJJePyd,HERITAGE LIVE: Pete Tong Ibiza Classics,2026-08-08,Pop,Electro Pop,G5vHZbVJJePyd,Essex,6.0,"['Dance/Electronic', 'Other', 'Rock']"
LvZ18Q9rYWyayTYZlmeAb,Adriatique present X on the Thames,2026-08-08,Dance/Electronic,Dance/Electronic,LvZ18Q9rYWyayTYZlmeAb,London,3.0,['Dance/Electronic']
LvZ18QOjkGqz90OZzxZiC,"An Afternoon of Rock SHEFFIELD - Rock & Metal For Over 30s, 2pm-6:30pm",2026-08-08,Alternative,Adult Alternative Pop/Rock,LvZ18QOjkGqz90OZzxZiC,Sheffield,1.0,['Alternative']
LvZ18QjSX8uVB7YvGPO4j,Canterbury Live presents: Becky Hill,2026-08-08,Rock,Pop,LvZ18QjSX8uVB7YvGPO4j,Canterbury,3.0,"['Rock', 'Hip-Hop/Rap', 'Pop']"
1AgZk8MGkeYC0h9,ABBA Voyage,2026-08-08,Pop,Pop,1AgZk8MGkeYC0h9,London,1.0,['Pop']
1ku8v0uSGA5faOP,Abba Voyage - VIP Premium Package,2026-08-08,Pop,Pop,1ku8v0uSGA5faOP,London,1.0,['Pop']
LvZ18Q0XeHHYSfHgzmW04,London Reggae & Food Festival: Jamaican Independence Special,2026-08-08,Reggae,Reggae,LvZ18Q0XeHHYSfHgzmW04,London,4.0,"['Reggae', 'Hip-Hop/Rap', 'Dance/Electronic']"
LvZ18QN50IYojMZv17de1,Denon Reed Headline Show (Cru2 Summer),2026-08-08,Dance/Electronic,Dance/Electronic,LvZ18QN50IYojMZv17de1,Birmingham,1.0,['Dance/Electronic']
LvZ18QqyOaOMvUYv1jj-K,RNB MANIA | Bristol's R&B Festival,2026-08-08,R&B,R&B,LvZ18QqyOaOMvUYv1jj-K,Bristol,1.0,['R&B']
1AzZk3aGkdQJeI8,Feile Dance Night,2026-08-08,Pop,Electro Pop,1AzZk3aGkdQJeI8,Belfast,2.0,['Dance/Electronic']
1AdOZbzGkmejsNS,Lush Classical August 2026,2026-08-08,Pop,Electro Pop,1AdOZbzGkmejsNS,Belfast,4.0,"['Dance/Electronic', 'Undefined']"
1AdfZbwGknbZv8E,The K's,2026-08-08,Rock,Alternative Rock,1AdfZbwGknbZv8E,Halifax,2.0,"['Alternative', 'Rock']"
1AgZku0GkeIuAgw,Scissor Sisters,2026-08-08,Rock,Alternative Rock,1AgZku0GkeIuAgw,Scarborough,4.0,"['Rock', 'Alternative']"
LvZ18Q-TBQOGHmOZPTXeP,B’SPOKE Sat 08 August 2026 The Jam House Birmingham,2026-08-08,Pop,Pop,LvZ18Q-TBQOGHmOZPTXeP,Birmingham,1.0,['Pop']
LvZ18QqTZvm4nrYv1OudF,The Partisans,2026-08-08,Rock,Punk,LvZ18QqTZvm4nrYv1OudF,London,1.0,['Rock']
LvZ18QxNGBN2PM8Zv-dLh,Alfies Soho - Live Jazz and Blues,2026-08-08,Jazz,Jazz,LvZ18QxNGBN2PM8Zv-dLh,London,2.0,['Jazz']
16dfZbS7NG7trTs,The K's- Official Ticket and Hotel Bundls,2026-08-08,Rock,Alternative Rock,16dfZbS7NG7trTs,Halifax,2.0,"['Alternative', 'Rock']"
1AgZkuVGkeBJJyP,Scissor Sisters- Official Ticket and Hotel Bundls,2026-08-08,Rock,Alternative Rock,1AgZkuVGkeBJJyP,Scarborough,2.0,['Rock']
1AdbZ_eGkTZO784,Marti Pellow,2026-08-08,Rock,Pop,1AdbZ_eGkTZO784,Glasgow,2.0,['Rock']
G5dzZ_eXcjSg7,The Music of Motown - The Candlelight Concert,2026-08-08,Undefined,Undefined,G5dzZ_eXcjSg7,Newcastle Upon Tyne,,
LvZ18Q-QyxFYNq8Zzbhod,The Legend of William Onyeabor,2026-08-08,World,Afro-Beat,LvZ18Q-QyxFYNq8Zzbhod,London,2.0,['World']
LvZ18Q-v2acbCS8ZzWZTM,Hayao Miyazaki's Dreams by Mystery Ensemble,2026-08-08,Classical,Classical/Vocal,LvZ18Q-v2acbCS8ZzWZTM,Hereford,1.0,['Classical']
LvZ18QLuOd1cGOYvj0EQZ,The World of John Williams by the Mystery Ensemble,2026-08-08,Classical,Classical/Vocal,LvZ18QLuOd1cGOYvj0EQZ,Bournemouth,1.0,['Classical']
17CZv0G61Lnexiw,Le Boom: In The Round Immersive Floor Show - Fleadh 2026,2026-08-08,Pop,Electro Pop,17CZv0G61Lnexiw,Belfast,1.0,['Dance/Electronic']
17GOv0G65msXZxt,T-A,2026-08-08,Rock,Alternative Rock,17GOv0G65msXZxt,Dunfermline,,
17u8v0G6uMsAMX5,Belle Livingstone's 58th Street Country Club,2026-08-08,Jazz,Jazz,17u8v0G6uMsAMX5,London,1.0,['Jazz']
1AdbZ_FGkDi01Wx,The Courettes,2026-08-08,Pop,Pop,1AdbZ_FGkDi01Wx,Glasgow,1.0,['Alternative']
LvZ18Q-9S4pRRn8vGOhz-,Pete's Beats DJs present: SEXY APOCALYPSE,2026-08-08,Dance/Electronic,Dance/Electronic,LvZ18Q-9S4pRRn8vGOhz-,Cornwall,1.0,['Dance/Electronic']
LvZ18Q0QZROrEZrnA9Qri,Steve Gunn,2026-08-08,Folk,Folk,LvZ18Q0QZROrEZrnA9Qri,Manchester,1.0,['Folk']
LvZ18Q4VvUvoQ0OZ0W7RE,Beatles Complete,2026-08-08,Undefined,Undefined,LvZ18Q4VvUvoQ0OZ0W7RE,Derby,1.0,['Undefined']
LvZ18Q9cZ0v6arYZyBker,When Rivers Meet,2026-08-08,Rock,Pop,LvZ18Q9cZ0v6arYZyBker,"Newcastle upon Tyne, NE1 2PQ",1.0,['Rock']
LvZ18QOipVYWoe8Zz37-c,Swiftogeddon - The Taylor Themed Club Night - Leeds (Early Show),2026-08-08,Pop,Pop,LvZ18QOipVYWoe8Zz37-c,Leeds,1.0,['Pop']
1AdFZ_aGkRx1oFK,The Wildhearts,2026-08-08,Rock,Pop,1AdFZ_aGkRx1oFK,Southampton,1.0,['Rock']
1AdfZbYGkMkmbKA,Michael Starring Ben,2026-08-08,Undefined,Undefined,1AdfZbYGkMkmbKA,Isle of Wight,1.0,['Undefined']
LvZ18QOFCiN8esOZMUP2n,King Tut's Summer Nights Presents: Static Sky,2026-08-08,Rock,Pop,LvZ18QOFCiN8esOZMUP2n,Glasgow,5.0,"['Rock', 'Alternative', 'Undefined']"
LvZ18QoWiZfBYVZZwuaKM,Bay City Rollers + Guest Support,2026-08-08,Rock,Pop,LvZ18QoWiZfBYVZZwuaKM,Lavenham,1.0,['Rock']
1AgZk8MGkeYhVhx,ABBA Voyage,2026-08-08,Pop,Pop,1AgZk8MGkeYhVhx,London,1.0,['Pop']
1ku8v0uSGA5-tOg,Abba Voyage - VIP Premium Package,2026-08-08,Pop,Pop,1ku8v0uSGA5-tOg,London,1.0,['Pop']
LvZ18QLaS46u7AOZ0EZbq,Leon Foster Thomas Group,2026-08-08,Jazz,Jazz,LvZ18QLaS46u7AOZ0EZbq,London,1.0,['Jazz']
17GOv0G6GK0_8mO,The Slick + Astrocats + Connor Bannister + Special Guest,2026-08-08,Rock,Alternative Rock,17GOv0G6GK0_8mO,London,,
LvZ18QKOp-dS4oZZBw28D,Dean Friedman,2026-08-08,Rock,Pop,LvZ18QKOp-dS4oZZBw28D,Kinross,1.0,['Rock']
LvZ18Q_U3qwPiGOZwgcc4,Dirty DC - The AC/DC Tribute,2026-08-08,Undefined,Undefined,LvZ18Q_U3qwPiGOZwgcc4,Nuneaton,1.0,['Undefined']
LvZ18QxNGBN2PM8Zv-dLj,Alfies Soho - Live Jazz and Blues,2026-08-08,Jazz,Jazz,LvZ18QxNGBN2PM8Zv-dLj,London,2.0,['Jazz']
LvZ18Q0DeL1vRgn0ViEj1,County Show Night 2026,2026-08-08,Dance/Electronic,Dance/Electronic,LvZ18Q0DeL1vRgn0ViEj1,Orkney,1.0,['Dance/Electronic']
LvZ18Q3-hFYUPMZZHuKCE,John Holt & Dennis Brown | Classic Reggae,2026-08-08,Dance/Electronic,Dance/Electronic,LvZ18Q3-hFYUPMZZHuKCE,London,2.0,"['Dance/Electronic', 'Reggae']"
17CZv0G6Cx-T8wG,Lush! Classical Official Afterparty,2026-08-08,Dance/Electronic,Amapiano,17CZv0G6Cx-T8wG,Belfast,3.0,"['Dance/Electronic', 'Undefined']"
LvZ18QN8Za_U7zOZ0o9LE,Live Band Karaoke,2026-08-08,Undefined,Undefined,LvZ18QN8Za_U7zOZ0o9LE,London,1.0,['Undefined']
LvZ18QxZq0b8C7OZ0luUQ,Blu DeTiger (Live Bass & DJ Set),2026-08-08,Alternative,Alternative,LvZ18QxZq0b8C7OZ0luUQ,London,2.0,"['Alternative', 'Dance/Electronic']"
LvZ18QxvlhjsdoOvG-FUT,Soul City: House music every Saturday,2026-08-08,Undefined,Undefined,LvZ18QxvlhjsdoOvG-FUT,London,2.0,"['Undefined', 'Dance/Electronic']"
LvZ18QOkNyHEDCZZM6_62,Swiftogeddon - The Taylor Themed Club Night - Edinburgh,2026-08-08,Pop,Pop,LvZ18QOkNyHEDCZZM6_62,Edinburgh ,1.0,['Pop']
1AdfZ_6GkROWt8S,Live Nation Presents: Roots Picnic | Sat 08 + Sun 09 Aug '26,2026-08-08,Undefined,Undefined,1AdfZ_6GkROWt8S,London,20.0,"['Undefined', 'Rock', 'Hip-Hop/Rap', 'R&B', 'Dance/Electronic', 'Jazz', 'Alternative']"
LvZ18QbowuYgwI8ZvEi0C,Party At The Palace 2026 - Day Tickets,2026-08-09,Folk,Celtic Folk,LvZ18QbowuYgwI8ZvEi0C,Linlithgow,14.0,"['Folk', 'Rock', 'Undefined', 'Alternative', 'Dance/Electronic']"
1AgZk8MGkeYtfjN,ABBA Voyage,2026-08-09,Pop,Pop,1AgZk8MGkeYtfjN,London,1.0,['Pop']
1ku8v0uSGA5myOW,Abba Voyage - VIP Premium Package,2026-08-09,Pop,Pop,1ku8v0uSGA5myOW,London,1.0,['Pop']
LvZ18QLdpweRpqZvqVtRY,Steam Down Sound System X Imaginary Millions,2026-08-09,Jazz,Fusion,LvZ18QLdpweRpqZvqVtRY,London ,1.0,['Jazz']
LvZ18Qpa4Si9vyOZ0Whsl,YES Please,2026-08-09,Rock,Rock,LvZ18Qpa4Si9vyOZ0Whsl,Lavenham,1.0,['Rock']
G5vHZbgUSAE6y,HERITAGE LIVE: Faithless + Special Guests,2026-08-09,Pop,Electro Pop,G5vHZbgUSAE6y,Essex,2.0,"['Dance/Electronic', 'Other']"
LvZ18QbE3fqww8ZZB5Ret,Anjunadeep Open Air on the Thames,2026-08-09,Dance/Electronic,House,LvZ18QbE3fqww8ZZB5Ret,London,1.0,['Dance/Electronic']
LvZ18QjV_D_xw08Zn1Vo4,Canterbury Live presents: Madness,2026-08-09,Rock,Alternative Rock,LvZ18QjV_D_xw08Zn1Vo4,Canterbury,5.0,"['Rock', 'Pop']"
17CZv0G65MtuNZf,Let The People Sing,2026-08-09,Other,Other,17CZv0G65MtuNZf,Belfast,,
G5dzZ_6e0DK-l,Erika Jayne,2026-08-09,Pop,Electro Pop,G5dzZ_6e0DK-l,Glasgow,1.0,['Dance/Electronic']
16dfZbUrfG7D4pN,Scissor Sisters,2026-08-09,Rock,Alternative Rock,16dfZbUrfG7D4pN,Halifax,3.0,"['Rock', 'Alternative']"
1AgZk8MGkeYU0jm,ABBA Voyage,2026-08-09,Pop,Pop,1AgZk8MGkeYU0jm,London,1.0,['Pop']
1ku8v0uSGA5H_-_,Abba Voyage - VIP Premium Package,2026-08-09,Pop,Pop,1ku8v0uSGA5H_-_,London,1.0,['Pop']
LvZ18QNZ5ckXofOZ0kNIZ,King Punch,2026-08-09,Rock,Punk,LvZ18QNZ5ckXofOZ0kNIZ,London,2.0,['Rock']
1ku8vNqFGACeeTF,Scissor Sisters - Official Ticket and Hotel Bundls,2026-08-09,Rock,Pop,1ku8vNqFGACeeTF,Halifax,2.0,['Rock']
1AdFZ_6GkXxTZtb,Hayao Miyazaki's Dreams By Mystery Ensemble,2026-08-09,Other,Other,1AdFZ_6GkXxTZtb,Glasgow,,
1adOZ_k16GZZdG5v,The Gerry Cinna-Man Experience,2026-08-09,Undefined,Undefined,1adOZ_k16GZZdG5v,Belfast,1.0,['Undefined']
LvZ18QNN17M1WEYZ0LuTT,Light Of Eternity,2026-08-09,Metal,Metal,LvZ18QNN17M1WEYZ0LuTT,York,1.0,['Metal']
LvZ18QjSNhqdLBZvGfQcU,Hayao Miyazaki's Dreams by Mystery Ensemble,2026-08-09,Classical,Classical/Vocal,LvZ18QjSNhqdLBZvGfQcU,Glasgow,1.0,['Classical']
17u8v0G6uMsfbZT,Belle Livingstone's 58th Street Country Club,2026-08-09,Jazz,Jazz,17u8v0G6uMsfbZT,London,1.0,['Jazz']
LvZ18Q0CzoouFe6Mmin78,Makuta,2026-08-09,Rock,Pop,LvZ18Q0CzoouFe6Mmin78,Cardiff,1.0,['Rock']
LvZ18Q0y1Xt8iKwLGQsW4,Steve Gunn,2026-08-09,Folk,Folk,LvZ18Q0y1Xt8iKwLGQsW4,Leeds,1.0,['Folk']
LvZ18QrdLWVGG8Yv1UKpd,Gramps Morgan,2026-08-09,Reggae,Reggae,LvZ18QrdLWVGG8Yv1UKpd,London,1.0,['Reggae']
LvZ18QOF88jFSU8Z02Dkh,King Tut's Summer Nights Presents: Clay Rings,2026-08-09,Rock,Pop,LvZ18QOF88jFSU8Z02Dkh,Glasgow,5.0,"['Rock', 'Alternative', 'Folk']"
LvZ18QQU1_vP4bYZV7V09,COBO : Comedy Shutdown | Jamaican Independence Special - Birmingham,2026-08-09,Comedy,Comedy,LvZ18QQU1_vP4bYZV7V09,Birmingham,4.0,"['Comedy', 'Hip-Hop/Rap']"
LvZ18Q_er6xpVr8ZyVOBa,Roxy Magic,2026-08-09,Undefined,Undefined,LvZ18Q_er6xpVr8ZyVOBa,Lavenham,1.0,['Undefined']
LvZ18Qf8CZ70mXZZ0FnJJ,MDC,2026-08-10,Rock,Alternative Rock,LvZ18Qf8CZ70mXZZ0FnJJ,London,1.0,['Rock']
16dbZ_kQKG7nK3-,John Grant with Richard Hawley & Band,2026-08-10,Rock,Alternative Rock,16dbZ_kQKG7nK3-,Glasgow,2.0,['Rock']
1AdbZ_7GkRkQAKr,Slaughter To Prevail,2026-08-10,Metal,Nu-Metal,1AdbZ_7GkRkQAKr,Glasgow,3.0,['Metal']
G5dzZ_aUs5eV_,Mushroomhead,2026-08-10,Rock,Alternative Rock,G5dzZ_aUs5eV_,London,2.0,"['Rock', 'Metal']"
LvZ18QbHEpGr5rZZ0VS0D,Castle Rat,2026-08-10,Rock,Rock,LvZ18QbHEpGr5rZZ0VS0D,Southampton,3.0,"['Rock', 'Pop', 'Other']"
G5vHZ_dBhrV7-,Kittie,2026-08-10,Rock,Alternative Rock,G5vHZ_dBhrV7-,Manchester,3.0,"['Rock', 'Metal']"
LvZ18QxY_het9a8Z0_8yt,Sharp Pins,2026-08-10,Rock,Indie Rock,LvZ18QxY_het9a8Z0_8yt,Glasgow,1.0,['Rock']
1AgZk8MGkes77jU,ABBA Voyage,2026-08-10,Pop,Pop,1AgZk8MGkes77jU,London,1.0,['Pop']
1ku8v0uSGAGay-j,Abba Voyage - VIP Premium Package,2026-08-10,Pop,Pop,1ku8v0uSGAGay-j,London,1.0,['Pop']
1AdbZ_eGkDNrUk2,ABC,2026-08-11,Rock,Pop,1AdbZ_eGkDNrUk2,Glasgow,2.0,['Rock']
1AdbZ_aGkBp0xej,James Johnston,2026-08-11,Country,Country,1AdbZ_aGkBp0xej,Glasgow,1.0,['Country']
1AwZk3pGkdfns6b,200 Stab Wounds,2026-08-11,Metal,Nu-Metal,1AwZk3pGkdfns6b,London,1.0,['Metal']
G5dzZ_dMaJVPd,Kittie,2026-08-11,Rock,Alternative Rock,G5dzZ_dMaJVPd,London,3.0,"['Rock', 'Metal']"
LvZ18Q0yQ04igLlHQzhFa,The Slow Jamz Orchestra,2026-08-11,R&B,R&B,LvZ18Q0yQ04igLlHQzhFa,London,1.0,['R&B']
LvZ18Q_Uot6O6AOZwSIZF,The ELO Encounter,2026-08-11,Rock,Rock,LvZ18Q_Uot6O6AOZwSIZF,Norwich ,1.0,['Rock']
LvZ18QrW2f6bjdOv1qvvK,Mushroomhead,2026-08-11,Rock,Alternative Rock,LvZ18QrW2f6bjdOv1qvvK,Southampton,3.0,"['Rock', 'Other', 'Pop']"
LvZ18QbE0K3GHFZZlQgkN,The Van Morrison Alumni Band,2026-08-11,Rock,Pop,LvZ18QbE0K3GHFZZlQgkN,London,1.0,['Rock']
LvZ18QbM7Lt7T8YZwfGFR,Andrea von Kampen,2026-08-11,Folk,Folk,LvZ18QbM7Lt7T8YZwfGFR,"Newcastle upon Tyne, NE1 2PQ",1.0,['Folk']
16dOZ_613G7mOzN,Tom Jones,2026-08-12,Rock,Pop,16dOZ_613G7mOzN,Belfast,2.0,"['Rock', 'Undefined']"
LvZ18QNSTZ5sorFGV5_-a,Forgotten Sentiment,2026-08-12,Metal,Metalcore,LvZ18QNSTZ5sorFGV5_-a,London,3.0,['Metal']
1aUZkoJJ8bzZeC2,The Wombats,2026-08-12,Rock,Alternative Rock,1aUZkoJJ8bzZeC2,Glasgow,3.0,"['Rock', 'Alternative']"
1adfZ_ep9O-ZdC21,Hollywood Vampires,2026-08-12,Rock,Pop,1adfZ_ep9O-ZdC21,London,2.0,['Rock']
G5dzZ_AlGn0Qx,The Harry Styles Tribute Show starring Sean Mac,2026-08-12,Other,Other,G5dzZ_AlGn0Qx,Newcastle Upon Tyne,1.0,['Other']
LvZ18QxNAvqWP1YZv6Fvq,"Live Jazz from the Piano Bar at Red Room Studios, Soho",2026-08-12,Jazz,Jazz,LvZ18QxNAvqWP1YZv6Fvq,London,3.0,['Jazz']
17GOv0G6CLQfYPb,Nao,2026-08-12,R&B,Soul,17GOv0G6CLQfYPb,London,1.0,['R&B']
17GOv0G6Ch-o8lB,Tyler Halverson,2026-08-12,Country,Country,17GOv0G6Ch-o8lB,Glasgow,,
17u8v0G6uMsxI7P,Belle Livingstone's 58th Street Country Club,2026-08-12,Jazz,Jazz,17u8v0G6uMsxI7P,London,1.0,['Jazz']
G5dzZ_7mZ2sza,Slaughter To Prevail,2026-08-12,Metal,Nu-Metal,G5dzZ_7mZ2sza,Bristol,3.0,['Metal']
G5vHZ_AIbZDcP,Borderline,2026-08-12,Rock,Alternative Rock,G5vHZ_AIbZDcP,London,1.0,['Alternative']
LvZ18QO6oYG1jKZZMdZMR,MAVIS STAPLES,2026-08-12,R&B,R&B,LvZ18QO6oYG1jKZZMdZMR,London,2.0,['R&B']
LvZ18Qjy61iudxYvOGp1A,Courtney Pine: A Modern-Day Jazz Story 1986-2026,2026-08-12,Jazz,Jazz,LvZ18Qjy61iudxYvOGp1A,London,3.0,"['Jazz', 'Rock']"
LvZ18QjzW1oTK_YvGAMPP,Steely Scam,2026-08-12,Pop,Pop Rock,LvZ18QjzW1oTK_YvGAMPP,Southampton,1.0,['Pop']
LvZ18Qrra1Fgf88v1gYkH,The Courettes,2026-08-12,Alternative,Indie Pop,LvZ18Qrra1Fgf88v1gYkH,Derby,1.0,['Alternative']
LvZ18Q-DZpBlUROZ0Mfe1,Triggah - Album Release Show,2026-08-12,Jazz,Jazz,LvZ18Q-DZpBlUROZ0Mfe1,London ,1.0,['Jazz']
LvZ18QLeY8HYirOvqwGdU,Lucia & the Best Boys,2026-08-12,Alternative,Indie Rock,LvZ18QLeY8HYirOvqwGdU,Aviemore,1.0,['Alternative']
LvZ18Q0C9EzDQdjpkKdHl,"Live Jazz from the Piano Bar at Red Room Studios, Soho",2026-08-12,Jazz,Jazz,LvZ18Q0C9EzDQdjpkKdHl,London,3.0,['Jazz']
LvZ18QFLXmBeEPYZ0jufm,The Brasenose Fringe 2026,2026-08-13,Rock,Alternative Rock,LvZ18QFLXmBeEPYZ0jufm,Banbury,4.0,"['Rock', 'Folk']"
1AdjZbzGkRJwk5F,Billy Ocean,2026-08-13,R&B,Soul,1AdjZbzGkRJwk5F,Liverpool,1.0,['R&B']
LvZ18Qjg5vl1KbZvG5K5h,Nile Rodgers & CHIC - Borde Hill Summer Series,2026-08-13,R&B,R&B,LvZ18Qjg5vl1KbZvG5K5h,West Sussex,6.0,"['R&B', 'Rock', 'Hip-Hop/Rap', 'Pop']"
1ku8v08IGACK-Ug,Palace Bowl Presents - Bastille & The Wombats,2026-08-13,Rock,Pop,1ku8v08IGACK-Ug,London,5.0,"['Rock', 'Alternative']"
LvZ18Q-OP9bjBuOZEDHM2,Mishikui,2026-08-13,Alternative,Alternative,LvZ18Q-OP9bjBuOZEDHM2,London,3.0,"['Alternative', 'Rock', 'Metal']"
LvZ18QxZIf82ymOZzH7I9,The Best of Birmingham Thu 13 August 2026 The Jam House Birmingham,2026-08-13,Pop,Pop,LvZ18QxZIf82ymOZzH7I9,Birmingham,1.0,['Pop']
1AdbZ_eGkDxHJA9,Idlewild,2026-08-13,Rock,Pop,1AdbZ_eGkDxHJA9,Glasgow,2.0,['Rock']
1AgZko_GketQVxp,JOJI: SOLARIS,2026-08-13,R&B,R&B,1AgZko_GketQVxp,London,2.0,"['R&B', 'Alternative']"
LvZ18Q0C4HTwr5AZwuPVu,"Live Jazz from the Piano Bar at Red Room Studios, Soho",2026-08-13,Jazz,Jazz,LvZ18Q0C4HTwr5AZwuPVu,London,3.0,['Jazz']
LvZ18QNCi5Hz-p8Zz1KUA,Laura White,2026-08-13,Pop,Pop Rock,LvZ18QNCi5Hz-p8Zz1KUA,London,1.0,['Pop']
17GOv0G6CL_aYNe,Nao,2026-08-13,R&B,Soul,17GOv0G6CL_aYNe,London,1.0,['R&B']
1AdFZ_7GkRlaORj,Niamh Morris,2026-08-13,Pop,Pop,1AdFZ_7GkRlaORj,Glasgow,1.0,['Pop']
G5dzZ_AK8cEdm,The Harry Styles Tribute Show starring Sean Mac,2026-08-13,Other,Other,G5dzZ_AK8cEdm,Manchester,1.0,['Other']
LvZ18Q-912JNCG8vuUnWN,L'Entourloop,2026-08-13,Reggae,Reggae,LvZ18Q-912JNCG8vuUnWN,Leeds,1.0,['Reggae']
LvZ18QN03cJwVLZvG6ZQy,Vibe Village,2026-08-13,Undefined,Undefined,LvZ18QN03cJwVLZvG6ZQy,London,2.0,"['Undefined', 'R&B']"
LvZ18QO63lWQrmYZ06MWk,MAVIS STAPLES,2026-08-13,R&B,R&B,LvZ18QO63lWQrmYZ06MWk,London,2.0,['R&B']
LvZ18Q_j3wAin88ZyTvMg,Crypta,2026-08-13,Metal,Metal,LvZ18Q_j3wAin88ZyTvMg,Southampton,3.0,"['Metal', 'Pop', 'Other']"
LvZ18QxN7FbzYRYZvNl7f,Round 41 - Live Jazz and Fusion Night,2026-08-13,Jazz,Jazz,LvZ18QxN7FbzYRYZvNl7f,London,3.0,['Jazz']
LvZ18QOF3F2YOYOZJuZCC,King Tut's Summer Nights Presents: Flame,2026-08-13,Rock,Pop,LvZ18QOF3F2YOYOZJuZCC,Glasgow,5.0,"['Rock', 'Alternative']"
1AgZk8MGkeso0qh,ABBA Voyage,2026-08-13,Pop,Pop,1AgZk8MGkeso0qh,London,1.0,['Pop']
1ku8v0uSGAG9a-B,Abba Voyage - VIP Premium Package,2026-08-13,Pop,Pop,1ku8v0uSGAG9a-B,London,1.0,['Pop']
LvZ18Q0C4HTwr5AZwuPVG,"Live Jazz from the Piano Bar at Red Room Studios, Soho",2026-08-13,Jazz,Jazz,LvZ18Q0C4HTwr5AZwuPVG,London,3.0,['Jazz']
LvZ18Q4mmpvmoqOZ0DRIH,Amy Winehouse | Lucy Randell,2026-08-13,R&B,Soul,LvZ18Q4mmpvmoqOZ0DRIH,London,1.0,['R&B']
G5vHZ_dQsOdka,Tinie Tempah - Live After Racing,2026-08-14,Hip-Hop/Rap,Trap,G5vHZ_dQsOdka,Newbury,2.0,"['Hip-Hop/Rap', 'Rock']"
1AgZkoAGkestfWO,Palace Bowl Presents - Davido,2026-08-14,World,World,1AgZkoAGkestfWO,London,8.0,"['World', 'Rock', 'Hip-Hop/Rap', 'Dance/Electronic', 'R&B']"
1AMZkubGkdgRulx,Craig David TS5 Live After Racing - Grandstand and Paddock,2026-08-14,R&B,R&B,1AMZkubGkdgRulx,Newmarket,2.0,"['R&B', 'Rock']"
1AMZkubGkdgHuiO,Craig David TS5 Live After Racing - The Premier Enclosure,2026-08-14,R&B,R&B,1AMZkubGkdgHuiO,Newmarket,2.0,"['R&B', 'Rock']"
1FuYvNp839Z7C6G5,The Waterboys,2026-08-14,Rock,Alternative Rock,1FuYvNp839Z7C6G5,Liverpool,3.0,['Rock']
1ku8v0uyGA5KxRj,Tom Jones and Nile Rodgers & Chic,2026-08-14,Rock,Pop,1ku8v0uyGA5KxRj,Chester,2.0,"['Rock', 'R&B']"
LvZ18QOkHh2hOzZvaeNeP,The Suffield Summer ¡Fiesta!,2026-08-14,Rock,Alternative Rock,LvZ18QOkHh2hOzZvaeNeP,Norwich,6.0,"['Rock', 'Alternative']"
LvZ18QjgCL_rL2YvOum07,McFLY - Borde Hill Summer Series,2026-08-14,Pop,Pop,LvZ18QjgCL_rL2YvOum07,West Sussex,4.0,"['Pop', 'Rock']"
1ANZkGNGkdvusZc,The Weeknd: After Hours Til Dawn Tour,2026-08-14,Hip-Hop/Rap,Trap,1ANZkGNGkdvusZc,London,2.0,['Hip-Hop/Rap']
G5vHZbyk00NJR,Soultasia,2026-08-14,Rock,Pop,G5vHZbyk00NJR,Reading,3.0,['Rock']
G5vHZbz2trFRI,Hollywood Vampires,2026-08-14,Rock,Pop,G5vHZbz2trFRI,Cardiff,3.0,['Rock']
LvZ18QKnNzQfZhZZyv9z9,Symphonic Ibiza,2026-08-14,Dance/Electronic,Dance Pop,LvZ18QKnNzQfZhZZyv9z9,Milton Keynes,1.0,['Dance/Electronic']
G5vHZ_dpnt3xV,Hollywood Vampires - Official Ticket and Hotel Bundls,2026-08-14,Rock,Pop,G5vHZ_dpnt3xV,Cardiff,2.0,['Rock']
1AgZkuNGkdPR1Ym,Holly Johnson,2026-08-14,Rock,Pop,1AgZkuNGkdPR1Ym,Scarborough,4.0,['Rock']
1AgZkubGkduoQ8N,Jimmy Eat World Bleed American 25th Anniversary,2026-08-14,Rock,Alternative Rock,1AgZkubGkduoQ8N,Halifax,4.0,['Rock']
1kCZv0_9GAG3Oi9,Ben Hemsley,2026-08-14,Pop,Electro Pop,1kCZv0_9GAG3Oi9,Belfast,4.0,"['Dance/Electronic', 'Undefined']"
G5vHZ_a6eO0EG,Two Feet: the Next Steps Tour,2026-08-14,Rock,Alternative Rock,G5vHZ_a6eO0EG,London,1.0,['Alternative']
LvZ18Q-TyuNvh98ZzdSbF,The Black Jeans Fri 14 August 2026 The Jam House Birmingham,2026-08-14,Pop,Pop,LvZ18Q-TyuNvh98ZzdSbF,Birmingham,1.0,['Pop']
1AgZkC7Gkezeb58,Jimmy Eat World- Official Ticket and Hotel Bundls,2026-08-14,Rock,Alternative Rock,1AgZkC7Gkezeb58,Halifax,2.0,['Rock']
1AgZkuSGkem5pCI,Holly Johnson - Official Ticket and Hotel Bundls,2026-08-14,Rock,Pop,1AgZkuSGkem5pCI,Scarborough,2.0,['Rock']
1AdbZ_eGkDU3JSr,Billy Ocean,2026-08-14,R&B,Soul,1AdbZ_eGkDU3JSr,Glasgow,2.0,"['R&B', 'Rock']"
LvZ18Q-h_yVIG6ZvOHVa3,The Beatles - Revolver (60th Anniversary),2026-08-14,Rock,Classic Rock,LvZ18Q-h_yVIG6ZvOHVa3,London,1.0,['Rock']
LvZ18Q_jC0wf8XOZwfCZ1,Crypta,2026-08-14,Metal,Metal,LvZ18Q_jC0wf8XOZwfCZ1,Birmingham,2.0,"['Metal', 'Pop']"
LvZ18QxNAv4ZeYOZvC6_2,"Live Jazz from the Piano Bar at Red Room Studios, Soho",2026-08-14,Jazz,Jazz,LvZ18QxNAv4ZeYOZvC6_2,London,3.0,['Jazz']
17u8v0G6uMsYz63,Belle Livingstone's 58th Street Country Club,2026-08-14,Jazz,Jazz,17u8v0G6uMsYz63,London,1.0,['Jazz']
1AdFZ_aGkDCAYYi,StillMarillion,2026-08-14,Undefined,Undefined,1AdFZ_aGkDCAYYi,Dunfermline,1.0,['Undefined']
1AwZkGYGkeMPOzO,When Chai Met Toast,2026-08-14,Folk,Indie Folk,1AwZkGYGkeMPOzO,London,,
1kGOv0otGAu6OW4,Randy Houser,2026-08-14,Country,Country,1kGOv0otGAu6OW4,Glasgow,1.0,['Country']
G5dzZ_ARuZpPq,The Harry Styles Tribute Show starring Sean Mac,2026-08-14,Other,Other,G5dzZ_ARuZpPq,Leeds,1.0,['Other']
G5vHZ_aBKFex7,Charlie Worsham,2026-08-14,Country,Country,G5vHZ_aBKFex7,Manchester,1.0,['Country']
LvZ18Q-p-DCaqYOZ0jh6I,TOO LATE TO ATONE - Rock Covers Night,2026-08-14,Rock,Rock,LvZ18Q-p-DCaqYOZ0jh6I, Bathgate,1.0,['Rock']
LvZ18Q3vGtA4JgYv6oWf2,The Dickies,2026-08-14,Rock,Alternative Rock,LvZ18Q3vGtA4JgYv6oWf2,Southampton,4.0,['Rock']
LvZ18QNfscHZCmOvG9GQI,Guns 2 Roses + ACDC Reborn,2026-08-14,Undefined,Undefined,LvZ18QNfscHZCmOvG9GQI,Coventry,1.0,['Undefined']
LvZ18QOGl0nKIZOZ0BjHA,Swiftogeddon - The Taylor Themed Club Night - London (Early Show),2026-08-14,Pop,Pop,LvZ18QOGl0nKIZOZ0BjHA,London,1.0,['Pop']
LvZ18QbEpaYfvDOZy4Pgs,Leo Green Presents: The Secret Sax Party,2026-08-14,Jazz,Jazz,LvZ18QbEpaYfvDOZy4Pgs,London,1.0,['Jazz']
LvZ18QxNe-cEv4YZvc-R3,Soho Spotlight - Friday Live Performance,2026-08-14,Jazz,Jazz,LvZ18QxNe-cEv4YZvc-R3,London,3.0,['Jazz']
1AdfZ_FGkRVClia,Michael Starring Ben,2026-08-14,Undefined,Undefined,1AdfZ_FGkRVClia,Ramsgate,1.0,['Undefined']
LvZ18QOFKL48TdYZ0t3U4,King Tut's Summer Nights Presents: allsorts,2026-08-14,Rock,Pop,LvZ18QOFKL48TdYZ0t3U4,Glasgow,4.0,"['Rock', 'Pop', 'Alternative']"
LvZ18QQpc8qxLlZZ0nsTe,The Bats,2026-08-14,Rock,Pop,LvZ18QQpc8qxLlZZ0nsTe,Leeds,2.0,"['Rock', 'Alternative']"
LvZ18QrEHTtiixOZMAhoS,Jenny Don't And The Spurs,2026-08-14,Rock,Punk,LvZ18QrEHTtiixOZMAhoS,London,1.0,['Rock']
1AgZk8MGkesrVrO,ABBA Voyage,2026-08-14,Pop,Pop,1AgZk8MGkesrVrO,London,1.0,['Pop']
1ku8v0uSGAG0txk,Abba Voyage - VIP Premium Package,2026-08-14,Pop,Pop,1ku8v0uSGAG0txk,London,1.0,['Pop']
17GOv0G6uxrGOEV,Trainwreck + Milkman Jack + Kafirat,2026-08-14,Rock,Alternative Rock,17GOv0G6uxrGOEV,London,,
1AdfZ_eGkw91wIW,Limehouse Lizzy,2026-08-14,Undefined,Undefined,1AdfZ_eGkw91wIW,Whitby,1.0,['Undefined']
LvZ18QbH9UDX008Z0pP2G,Green Haze - The No.1 Green Day Tribute,2026-08-14,Undefined,Undefined,LvZ18QbH9UDX008Z0pP2G,Nuneaton,1.0,['Undefined']
LvZ18QxNAv4ZeYOZvC6_8,"Live Jazz from the Piano Bar at Red Room Studios, Soho",2026-08-14,Jazz,Jazz,LvZ18QxNAv4ZeYOZvC6_8,London,3.0,['Jazz']
LvZ18Q0_U1i9h-Z4cre0l,Touch of Funk,2026-08-14,Dance/Electronic,Dance/Electronic,LvZ18Q0_U1i9h-Z4cre0l,London,1.0,['Dance/Electronic']
G5vHZ_ArnYeMC,Jessie J - Live after Racing,2026-08-15,Pop,Pop,G5vHZ_ArnYeMC,Newbury,2.0,"['Pop', 'Rock']"
LvZ18Qft4CuC6mZZ041C9,Smoke and Fire Festival Maldon 2026: The 10th Anniversary Edition,2026-08-15,Undefined,Undefined,LvZ18Qft4CuC6mZZ041C9,Essex,1.0,['Undefined']
LvZ18Q-TgTnY9UYZzaHJJ,Saturday RnB Lunch | The RnB Collective,2026-08-15,R&B,R&B,LvZ18Q-TgTnY9UYZzaHJJ,London,1.0,['R&B']
LvZ18QOkWqKCFdYZ0oXCB,The Suffield Summer ¡Fiesta!,2026-08-15,Rock,Alternative Rock,LvZ18QOkWqKCFdYZ0oXCB,Norwich,6.0,"['Rock', 'Alternative']"
LvZ18QjQlOrZd3YvGnNAc,Cafe Mambo Ibiza In The Park Festival Reading,2026-08-15,Dance/Electronic,Dance/Electronic,LvZ18QjQlOrZd3YvGnNAc,Reading,4.0,"['Dance/Electronic', 'Rock']"
LvZ18Q01dTtv3o-z3nS2G,"Funky Dory Festival 7.0 with Mark Knight, Michael Gray & Ronnie Herel",2026-08-15,Hip-Hop/Rap,Urban,LvZ18Q01dTtv3o-z3nS2G,Dunmow,8.0,"['Hip-Hop/Rap', 'Dance/Electronic', 'Rock', 'R&B']"
17u8v0G6uMsTF1f,Belle Livingstone's 58th Street Country Club,2026-08-15,Jazz,Jazz,17u8v0G6uMsTF1f,London,1.0,['Jazz']
LvZ18QfPtnWNtEYZynsru,Nozfest 2026,2026-08-15,Rock,Hard Rock,LvZ18QfPtnWNtEYZynsru,Southampton,2.0,['Rock']
LvZ18QKB1Q3-EgOZwWuZE,The Shires + Guest Support,2026-08-15,Country,Country,LvZ18QKB1Q3-EgOZwWuZE,Lavenham,1.0,['Country']
1AdbZbzGkXl2PbP,Trail West Fest 2026,2026-08-15,Folk,Indie Folk,1AdbZbzGkXl2PbP,Glasgow,1.0,['Folk']
1kuYvNOtGA2dQFP,"Palace Bowl Presents Lenny Kravitz with Leon Thomas, Joss Stone + more",2026-08-15,Rock,Pop,1kuYvNOtGA2dQFP,London,6.0,"['Rock', 'R&B', 'Blues', 'Hip-Hop/Rap']"
LvZ18QjgAxe7SmYZzZWyf,Becky Hill - Borde Hill Summer Series,2026-08-15,Rock,Pop,LvZ18QjgAxe7SmYZzZWyf,West Sussex,2.0,"['Rock', 'Pop']"
LvZ18QpuVwxpPWZZyJKCH,Ministry Of Sound Classical At Castle Howard,2026-08-15,Classical,Classical/Vocal,LvZ18QpuVwxpPWZZyJKCH,York,6.0,"['Classical', 'Dance/Electronic']"
17u8v0G6u50kv7A,Michael Starring Ben,2026-08-15,Undefined,Undefined,17u8v0G6u50kv7A,Ramsgate,1.0,['Undefined']
1AgZk8MGkesifLa,ABBA Voyage,2026-08-15,Pop,Pop,1AgZk8MGkesifLa,London,1.0,['Pop']
1ku8v0uSGAGsyxC,Abba Voyage - VIP Premium Package,2026-08-15,Pop,Pop,1ku8v0uSGAGsyxC,London,1.0,['Pop']
LvZ18Q0_zNVsB3V4VwSJ_,"Old School Indie LONDON - Over 30s Daytime Party, Sat 15th August, 3pm-7pm",2026-08-15,Alternative,Indie Rock,LvZ18Q0_zNVsB3V4VwSJ_,London,1.0,['Alternative']
G5vHZbgrxlk1T,Jimmy Eat World Bleed American 25th Anniversary,2026-08-15,Rock,Alternative Rock,G5vHZbgrxlk1T,Cardiff,5.0,"['Rock', 'Alternative']"
G5vHZbz3bXP1E,Jimmy Eat World - Official Ticket and Hotel Bundls,2026-08-15,Rock,Alternative Rock,G5vHZbz3bXP1E,Cardiff,5.0,"['Rock', 'Alternative']"
1AdfZbMGkSZb1S6,"Interzone - Ft Peter Hook & The Light, The Wedding Present, Chameleons",2026-08-15,Rock,Pop,1AdfZbMGkSZb1S6,Scarborough,5.0,"['Rock', 'Alternative']"
1AdjZbUGkMYYa2K,The Saw Doctors,2026-08-15,Rock,Pop,1AdjZbUGkMYYa2K,Liverpool,3.0,"['Rock', 'Alternative']"
G5vHZbS1Tu9ib,In the Park Liverpool presents Lewis Capaldi,2026-08-15,Rock,Alternative Rock,G5vHZbS1Tu9ib,Liverpool,3.0,"['Alternative', 'Rock', 'Hip-Hop/Rap']"
LvZ18Qoi-DjYxrZZwvwqS,Scouting For Girls,2026-08-15,Rock,Pop,LvZ18Qoi-DjYxrZZwvwqS,Milton Keynes,4.0,"['Rock', 'Dance/Electronic']"
G5vHZbM56nEtD,Lewis Capaldi- Official Ticket and Hotel Bundls,2026-08-15,Rock,Alternative Rock,G5vHZbM56nEtD,Liverpool,2.0,"['Alternative', 'Rock']"
G5dzZbS7FtQLN,Definitely Oasis - 96 Revisited,2026-08-15,Rock,Pop,G5dzZbS7FtQLN,Edinburgh,3.0,"['Rock', 'Dance/Electronic']"
1AeGZbsGkMvPOTk,The Weeknd: After Hours Til Dawn Tour,2026-08-15,Hip-Hop/Rap,Trap,1AeGZbsGkMvPOTk,London,2.0,['Hip-Hop/Rap']
G5dzZ_F1jCNuR,All Day Indie Day Party,2026-08-15,Other,Other,G5dzZ_F1jCNuR,Leeds,,
1AdbZ_eGkDnCJ9e,The Bluebells & Friends Again,2026-08-15,Rock,Pop,1AdbZ_eGkDnCJ9e,Glasgow,2.0,['Rock']
1AdjZ_6GkRId7CB,STONEBWOY - Venue Premium Tickets,2026-08-15,Reggae,Reggae,1AdjZ_6GkRId7CB,London,2.0,"['Reggae', 'Undefined']"
1AdjZ_6GkRyt4Zi,Stonebwoy,2026-08-15,Reggae,Reggae,1AdjZ_6GkRyt4Zi,London,1.0,['Reggae']
1AgZkCAGkeOn9NV,Hollywood Vampires,2026-08-15,Rock,Pop,1AgZkCAGkeOn9NV,Scarborough,3.0,['Rock']
1AgZkuJGkecw9N-,Holly Johnson,2026-08-15,Rock,Pop,1AgZkuJGkecw9N-,Halifax,4.0,['Rock']
1AzZkufGkeEYSwq,A Celebration of Life with Foy Vance,2026-08-15,Rock,Alternative Rock,1AzZkufGkeEYSwq,Belfast,5.0,"['Rock', 'Undefined', 'R&B', 'Comedy']"
G5dzZ_AxFC-RY,Downloaded - Download Festival tribute,2026-08-15,Rock,Pop,G5dzZ_AxFC-RY,Leicester,,
LvZ18Q-4xPiXZcZZzU6t0,L'ENTOURLOOP,2026-08-15,Reggae,Reggae,LvZ18Q-4xPiXZcZZzU6t0,Brighton,1.0,['Reggae']
LvZ18Q-TyyfahP8Z0KICd,The Black Jeans Sat 15 August 2026 The Jam House Birmingham,2026-08-15,Pop,Pop,LvZ18Q-TyyfahP8Z0KICd,Birmingham,1.0,['Pop']
11u8vNjyFk8vvC,Holly Johnson- Official Ticket and Hotel Bundls,2026-08-15,Rock,Pop,11u8vNjyFk8vvC,Halifax,2.0,['Rock']
1AgZk8gGketm3WN,Hollywood Vampires- Official Ticket and Hotel Bundls,2026-08-15,Rock,Pop,1AgZk8gGketm3WN,Scarborough,2.0,['Rock']
1AdfZbsGkwCIKv4,Ariana Grande - The Eternal Sunshine Tour,2026-08-15,Pop,Pop,1AdfZbsGkwCIKv4,London,1.0,['Pop']
LvZ18Q-v9VOwN88vGlzwc,Hayao Miyazaki's Dreams by Mystery Ensemble,2026-08-15,Classical,Classical/Vocal,LvZ18Q-v9VOwN88vGlzwc,Leeds,1.0,['Classical']
17u8v0G6uMwuIGc,Belle Livingstone's 58th Street Country Club,2026-08-15,Jazz,Jazz,17u8v0G6uMwuIGc,London,1.0,['Jazz']
1adFZ_A39-YZd8v7,CRYPTA,2026-08-15,Metal,Nu-Metal,1adFZ_A39-YZd8v7,London,1.0,['Metal']
G5dzZbMlIYzSn,Guns 2 Roses + Metallica Re-Loaded + Ac/DC Reborn,2026-08-15,Undefined,Undefined,G5dzZbMlIYzSn,Bristol,2.0,['Undefined']
G5vHZ_1hIpA0Y,Leon Majcen,2026-08-15,Folk,Indie Folk,G5vHZ_1hIpA0Y,London,1.0,['Folk']
G5vHZ_F1YmffN,Aaron Lee Tasjan,2026-08-15,Rock,Pop,G5vHZ_F1YmffN,London,1.0,['Rock']
LvZ18Q9EB7-iVWOZyCY_D,The Rock of Ages Experience,2026-08-15,Rock,Rock & Roll,LvZ18Q9EB7-iVWOZyCY_D,Derby,1.0,['Rock']
LvZ18Q_swqx9VJYZlNPqr,Midnite City,2026-08-15,Rock,Hair Metal,LvZ18Q_swqx9VJYZlNPqr,Cardiff,1.0,['Rock']
LvZ18QpTmdr2hsZZ0rsOc,PINK FLOYD Tribute - DARK SIDE OF THE WALL,2026-08-15,Pop,Adult Contemporary,LvZ18QpTmdr2hsZZ0rsOc,Bradford,1.0,['Pop']
1AdOZbUGkR0Uxp_,The Elvis Spectacular,2026-08-15,Rock,Pop,1AdOZbUGkR0Uxp_,Belfast,1.0,['Rock']
1AdfZ_AGkmaQw5p,Michael Starring Ben,2026-08-15,Undefined,Undefined,1AdfZ_AGkmaQw5p,Ramsgate,1.0,['Undefined']
G5vHZ_79JepRM,Randy Houser,2026-08-15,Country,Country,G5vHZ_79JepRM,Manchester,1.0,['Country']
LvZ18QOFfVRYOYOZ0uZTk,King Tut's Summer Nights Presents: Oedipus and The Mama's Boys + The Boxing,2026-08-15,Rock,Pop,LvZ18QOFfVRYOYOZ0uZTk,Glasgow,5.0,"['Rock', 'Alternative', 'Undefined']"
LvZ18QbUTPeuSbYZ04R8o,Ghost UK and VOLBEATen,2026-08-15,Metal,Metal,LvZ18QbUTPeuSbYZ04R8o,Nuneaton,2.0,['Metal']
LvZ18Qf0pQI6XMOZy8Pa2,Moving Pictures - Rush Tribute,2026-08-15,Rock,Pop,LvZ18Qf0pQI6XMOZy8Pa2,Stockton-on-Tees,1.0,['Rock']
LvZ18QpKQpqnPNYZlaobi,Sex Pistols Exposé,2026-08-15,Rock,Punk,LvZ18QpKQpqnPNYZlaobi,Hertford,1.0,['Rock']
LvZ18QrdZUrsFl8Z0lP0z,The Courettes,2026-08-15,Alternative,Indie Pop,LvZ18QrdZUrsFl8Z0lP0z,Leeds,1.0,['Alternative']
1AgZk8MGkesy0Li,ABBA Voyage,2026-08-15,Pop,Pop,1AgZk8MGkesy0Li,London,1.0,['Pop']
1ku8v0uSGAGT_x-,Abba Voyage - VIP Premium Package,2026-08-15,Pop,Pop,1ku8v0uSGAGT_x-,London,1.0,['Pop']
17GOv0G6C9-o8YN,The Chalamets + Churchgate Street + the Clubheads + One Offs,2026-08-15,Rock,Pop,17GOv0G6C9-o8YN,London,,
LvZ18QuXUmlZuZYZ0MtKe,HELLBENT FOREVER - The Ultimate Judas Priest Tribute,2026-08-15,Undefined,Undefined,LvZ18QuXUmlZuZYZ0MtKe,London,1.0,['Undefined']
LvZ18QCy4xVokfZZNgR0t,Celebrate | Funk & Disco Classics,2026-08-15,R&B,Funk,LvZ18QCy4xVokfZZNgR0t,London,1.0,['R&B']
LvZ18QhZFbHR7GYZHbdAN,Guy J [Extended Set],2026-08-15,Dance/Electronic,Dance/Electronic,LvZ18QhZFbHR7GYZHbdAN,London,1.0,['Dance/Electronic']
LvZ18QN8Z9tU7zOv7o9w_,Live Band Karaoke,2026-08-15,Undefined,Undefined,LvZ18QN8Z9tU7zOv7o9w_,London,1.0,['Undefined']
LvZ18QxvlPHsdoOvO-a93,Soul City: House music every Saturday,2026-08-15,Undefined,Undefined,LvZ18QxvlPHsdoOvO-a93,London,2.0,"['Undefined', 'Dance/Electronic']"
LvZ18QOkWqKCFdYZ0oXCD,The Suffield Summer ¡Fiesta!,2026-08-16,Rock,Alternative Rock,LvZ18QOkWqKCFdYZ0oXCD,Norwich,6.0,"['Rock', 'Alternative']"
1AgZk8MGkewkVLV,ABBA Voyage,2026-08-16,Pop,Pop,1AgZk8MGkewkVLV,London,1.0,['Pop']
1ku8v0uSGAuGyxH,Abba Voyage - VIP Premium Package,2026-08-16,Pop,Pop,1ku8v0uSGAuGyxH,London,1.0,['Pop']
16djZbg-gG7yNja,Palace Bowl Presents - Jimmy Eat World Bleed American 25th Anniversary,2026-08-16,Rock,Alternative Rock,16djZbg-gG7yNja,London,5.0,"['Rock', 'Alternative']"
LvZ18QbzaNqicNZZybr31,Michael Bibi extended set on the Thames,2026-08-16,Dance/Electronic,Dance/Electronic,LvZ18QbzaNqicNZZybr31,London,1.0,['Dance/Electronic']
G5vHZ_7wSNdfi,Soulection Experience: 15 Year Anniversary,2026-08-16,R&B,Soul,G5vHZ_7wSNdfi,London,9.0,"['R&B', 'Dance/Electronic', 'Reggae', 'Hip-Hop/Rap']"
LvZ18QxZt9SbaR8vOjjL_,BLUES ALLDAYER Ft BLUE NATION 16 Aug 2026 Performing Live Jam House Bham,2026-08-16,Rugby,Rugby Union,LvZ18QxZt9SbaR8vOjjL_,Birmingham,3.0,"['Rugby', 'Rock']"
1AdjZbMGkw-St70,Nile Rodgers & CHIC,2026-08-16,R&B,R&B,1AdjZbMGkw-St70,Liverpool,2.0,['R&B']
1ANZkGIGkdyJYWq,The Weeknd: After Hours Til Dawn Tour,2026-08-16,Hip-Hop/Rap,Trap,1ANZkGIGkdyJYWq,London,2.0,['Hip-Hop/Rap']
1AdfZbsGkwKqNdB,Ariana Grande - The Eternal Sunshine Tour,2026-08-16,Pop,Pop,1AdfZbsGkwKqNdB,London,1.0,['Pop']
1AgZk8MGkewffOA,ABBA Voyage,2026-08-16,Pop,Pop,1AgZk8MGkewffOA,London,1.0,['Pop']
1AzZkubGkdd-NAS,The Proclaimers,2026-08-16,Rock,Pop,1AzZkubGkdd-NAS,Belfast,2.0,"['Rock', 'Undefined']"
1ku8v0uSGAuQtN7,Abba Voyage - VIP Premium Package,2026-08-16,Pop,Pop,1ku8v0uSGAuQtN7,London,1.0,['Pop']
LvZ18QN1-OjoopZZzbBiB,Meiotempos,2026-08-16,Alternative,Alternative,LvZ18QN1-OjoopZZzbBiB,London,1.0,['Alternative']
1AMZko9GkdJm087,JOJI: SOLARIS,2026-08-16,R&B,R&B,1AMZko9GkdJm087,Manchester,3.0,"['R&B', 'Undefined', 'Alternative']"
LvZ18QOvDtdbYu8vvzEV7,Tanni Browne & One Love Orchestra,2026-08-16,Reggae,Reggae,LvZ18QOvDtdbYu8vvzEV7,London,3.0,['Reggae']
17u8v0G6uMwhz2E,Belle Livingstone's 58th Street Country Club,2026-08-16,Jazz,Jazz,17u8v0G6uMwhz2E,London,1.0,['Jazz']
G5vHZ_F1otxbP,Aaron Lee Tasjan,2026-08-16,Rock,Pop,G5vHZ_F1otxbP,Manchester,1.0,['Rock']
LvZ18Q0nHSxdewYOyN03d,Outlaws & Sinners - Line Dancing - 16/8/26,2026-08-16,Country,Country,LvZ18Q0nHSxdewYOyN03d,Hertford,1.0,['Country']
LvZ18QLI01ZyCJOv1ewA3,Sleep Broken (Sleep Token Tribute),2026-08-16,Metal,Nu-Metal,LvZ18QLI01ZyCJOv1ewA3,Southampton,1.0,['Metal']
1AdfZ_dGkM5bJLk,Jimmy Nail: Stories and Songs,2026-08-16,Pop,Pop,1AdfZ_dGkM5bJLk,Scarborough,1.0,['Pop']
LvZ18Q8CV6kQSEZZ0n4TN,T.Rextasy Unplugged + Special Guest: Acoustic Bowie,2026-08-16,Undefined,Undefined,LvZ18Q8CV6kQSEZZ0n4TN,Lavenham,1.0,['Undefined']
LvZ18QKB8XJ5kg8Z08_GK,The Shires + Guest Support,2026-08-16,Country,Country,LvZ18QKB8XJ5kg8Z08_GK,King's Lynn,1.0,['Country']
LvZ18QQ-w-ln6jZZVfgi0,f54 presents The Bats,2026-08-16,Rock,Pop,LvZ18QQ-w-ln6jZZVfgi0,"Newcastle upon Tyne, NE1 2PQ",1.0,['Rock']
LvZ18Q-D_MHH29OvOAQu1,Lucid: VXYX + Sammy Aberdein,2026-08-16,Dance/Electronic,Dance/Electronic,LvZ18Q-D_MHH29OvOAQu1,Glasgow,2.0,['Dance/Electronic']
1AdjZbMGkwVNnio,Nile Rodgers & CHIC,2026-08-17,R&B,R&B,1AdjZbMGkwVNnio,Liverpool,2.0,['R&B']
16UZkCFjkZA5eFC8,Hollywood Vampires,2026-08-17,Rock,Pop,16UZkCFjkZA5eFC8,Glasgow,1.0,['Rock']
1AdbZbzGkXDbpgi,Venue Premium - Hollywood Vampires,2026-08-17,Community/Civic,Community/Civic,1AdbZbzGkXDbpgi,Glasgow,2.0,"['Undefined', 'Rock']"
1AdFZ_6GkiOr8XP,Aaron Lee Tasjan,2026-08-17,Rock,Pop,1AdFZ_6GkiOr8XP,Glasgow,1.0,['Rock']
G5dzZ_F1Bufj1,Primus,2026-08-17,Rock,Alternative Rock,G5dzZ_F1Bufj1,Manchester,1.0,['Rock']
G5vHZ_G1b5fOH,KELS,2026-08-17,R&B,R&B,G5vHZ_G1b5fOH,Manchester,1.0,['R&B']
LvZ18Q0a031l2zkR0eNH8,Talib Kweli,2026-08-17,Hip-Hop/Rap,Urban,LvZ18Q0a031l2zkR0eNH8,Leeds,1.0,['Hip-Hop/Rap']
LvZ18QQWhDpSErZZiu3u3,High Fade,2026-08-17,Alternative,Alternative Rock,LvZ18QQWhDpSErZZiu3u3,York,1.0,['Alternative']
1AgZk8MGkew-VOf,ABBA Voyage,2026-08-17,Pop,Pop,1AgZk8MGkew-VOf,London,1.0,['Pop']
1ku8v0uSGAuIaNJ,Abba Voyage - VIP Premium Package,2026-08-17,Pop,Pop,1ku8v0uSGAuIaNJ,London,1.0,['Pop']
16eGZbwJ8G7WYPA,The Weeknd: After Hours Til Dawn Tour,2026-08-18,Hip-Hop/Rap,Trap,16eGZbwJ8G7WYPA,London,2.0,['Hip-Hop/Rap']
G5vHZ_52CIga2,Hollywood Vampires,2026-08-18,Rock,Pop,G5vHZ_52CIga2,Manchester,2.0,['Rock']
G5vHZ_dduI0dc,Hollywood Vampires - VIP Packages,2026-08-18,Rock,Pop,G5vHZ_dduI0dc,Manchester,1.0,['Rock']
G5vHZ_eSI301h,Hollywood Vampires - Venue Premium Tickets,2026-08-18,Community/Civic,Community/Civic,G5vHZ_eSI301h,Manchester,2.0,"['Undefined', 'Rock']"
LvZ18Qj8FKDGUo8ZzP_Q4,Zu,2026-08-18,Rock,German Rock,LvZ18Qj8FKDGUo8ZzP_Q4,London,1.0,['Rock']
17uOv0G61mcefe0,Withered Hand,2026-08-18,Folk,Indie Folk,17uOv0G61mcefe0,Edinburgh ,1.0,['Folk']
1AwZkoVGke-gYW0,Hannah Cohen,2026-08-18,Rock,Pop,1AwZkoVGke-gYW0,London,1.0,['Rock']
LvZ18Q02qoEJZkvirY6nq,LOST IN KYIV x VIOLENT MAGIC ORCHESTRA,2026-08-18,Metal,Metal,LvZ18Q02qoEJZkvirY6nq,London,3.0,['Metal']
LvZ18QbE0qeGHFZZyQSRo,The Van Morrison Alumni Band,2026-08-18,Rock,Pop,LvZ18QbE0qeGHFZZyQSRo,London,1.0,['Rock']
17u8v0G65msOJ2O,HERITAGE LIVE: Janet Jackson+Special Guests Wyclef Jean & Soul II Soul,2026-08-19,Pop,Pop,17u8v0G65msOJ2O,Norfolk,4.0,"['Pop', 'Other', 'Hip-Hop/Rap', 'R&B']"
1kFYvN1_GA5d8Jm,The Weeknd: After Hours Til Dawn Tour,2026-08-19,Hip-Hop/Rap,Trap,1kFYvN1_GA5d8Jm,London,2.0,['Hip-Hop/Rap']
1ANZk8EGkdQXZy6,Hollywood Vampires,2026-08-19,Rock,Pop,1ANZk8EGkdQXZy6,Birmingham,2.0,['Rock']
1AdfZbsGkw4dK75,Ariana Grande - The Eternal Sunshine Tour,2026-08-19,Pop,Pop,1AdfZbsGkw4dK75,London,1.0,['Pop']
LvZ18QN2COe6nyZZzKOM8,Louise Golbey - On With The Show,2026-08-19,R&B,Soul,LvZ18QN2COe6nyZZzKOM8,London,1.0,['R&B']
LvZ18QxNAvqWP1YZv6Fvr,"Live Jazz from the Piano Bar at Red Room Studios, Soho",2026-08-19,Jazz,Jazz,LvZ18QxNAvqWP1YZv6Fvr,London,3.0,['Jazz']
17CZv0G61L_mwQF,The Wailers,2026-08-19,Reggae,Reggae,17CZv0G61L_mwQF,Belfast,1.0,['Reggae']
17u8v0G6uMwnFKo,Belle Livingstone's 58th Street Country Club,2026-08-19,Jazz,Jazz,17u8v0G6uMwnFKo,London,1.0,['Jazz']
1AzZk3oGkeiGoUh,Erin Kinsey,2026-08-19,Country,Country,1AzZk3oGkeiGoUh,Belfast,2.0,['Country']
G5dzZ_k3iBVOd,PRIMUS,2026-08-19,Rock,Alternative Rock,G5dzZ_k3iBVOd,London,1.0,['Rock']
LvZ18Qh8yy3FuQ8ZVvAEB,Ana Frango Elétrico,2026-08-19,Alternative,Adult Alternative Pop/Rock,LvZ18Qh8yy3FuQ8ZVvAEB,London,1.0,['Alternative']
LvZ18Qq0i9z9fd8ZMqTWI,Ruts DC,2026-08-19,Rock,Punk,LvZ18Qq0i9z9fd8ZMqTWI,Chester,1.0,['Rock']
LvZ18QqXL_ZAtaOZ0aHCm,MOK Fest - Beinn and Tuirc Festival Gaelic Night,2026-08-19,Folk,Celtic Folk,LvZ18QqXL_ZAtaOZ0aHCm,Campbeltown,3.0,['Folk']
17uOv0G6u6melSj,DJ Spanish Fly,2026-08-19,Hip-Hop/Rap,Trap,17uOv0G6u6melSj,Glasgow,1.0,['Hip-Hop/Rap']
LvZ18QL3T4rHpCYZMEVC6,Digable Planets,2026-08-19,Hip-Hop/Rap,Urban,LvZ18QL3T4rHpCYZMEVC6,London,2.0,"['Hip-Hop/Rap', 'Jazz']"
LvZ18QbmQnWNI18ZwOoe7,Martha Spencer Trio,2026-08-19,Folk,Folk,LvZ18QbmQnWNI18ZwOoe7,"Newcastle upon Tyne, NE1 2PQ",1.0,['Folk']
LvZ18QjAN4Liy4OZ0UGbV,Hannah Cohen,2026-08-19,Rock,Pop,LvZ18QjAN4Liy4OZ0UGbV,Manchester,1.0,['Rock']
LvZ18QqfbP-LBPOZ0eF5H,Golomb,2026-08-19,Alternative,Indie Rock,LvZ18QqfbP-LBPOZ0eF5H,Leeds,2.0,['Alternative']
17GOv0G65Ho8YXN,Ross and the Hailstones + Bity Booker,2026-08-19,Folk,Indie Folk,17GOv0G65Ho8YXN,London,,
LvZ18QNnIvcHXC8vLmP1l,Box Fresh - The Heart Shaped Aces,2026-08-19,Alternative,Indie Rock,LvZ18QNnIvcHXC8vLmP1l,St Albans,1.0,['Alternative']
LvZ18Q0C9EzDQdjpkKdHi,"Live Jazz from the Piano Bar at Red Room Studios, Soho",2026-08-19,Jazz,Jazz,LvZ18Q0C9EzDQdjpkKdHi,London,3.0,['Jazz']
LvZ18QCrNn5gKEOZ0W5d2,The Wonder of Stevie,2026-08-19,Jazz,Jazz,LvZ18QCrNn5gKEOZ0W5d2,London,1.0,['Jazz']
17u8v0G6ur4ptiu,Sandringham Heritage Live Festival - 5 Day Ticket,2026-08-19,Other,Other,17u8v0G6ur4ptiu,Norfolk,6.0,"['Other', 'Pop', 'Rock']"
1AgZkoYGkeUyfF6,HERITAGE LIVE - Lionel Richie Plus Special Guests,2026-08-20,Pop,Pop,1AgZkoYGkeUyfF6,Norfolk,5.0,"['Pop', 'Other', 'Rock', 'Blues', 'R&B']"
1AdfZbVGknR5EUM,Billy Ocean with very special guest Marti Pellow,2026-08-20,R&B,Soul,1AdfZbVGknR5EUM,Colchester,4.0,"['R&B', 'Rock', 'Undefined', 'Dance/Electronic']"
G5vHZ_72SlAlh,Rock N Roll Circus - James,2026-08-20,Rock,Pop,G5vHZ_72SlAlh,Norwich,8.0,"['Rock', 'Alternative', 'Pop']"
G5vHZbUM6i6_F,Trentham Live 2026 - Thursday - the Fratellis,2026-08-20,Rock,Pop,G5vHZbUM6i6_F,Staffordshire,3.0,['Rock']
1AgZku8GkdGn1o9,Billy Ocean- Official Ticket and Hotel Bundls,2026-08-20,R&B,Soul,1AgZku8GkdGn1o9,Colchester,2.0,"['R&B', 'Undefined']"
1AzZkGtGkeyCYN9,Lewis Capaldi,2026-08-20,Rock,Alternative Rock,1AzZkGtGkeyCYN9,Belfast,2.0,"['Alternative', 'Undefined']"
LvZ18Q4BFsy7sCZZ0XL1h,Twisted Firestarter #6- The Official Infest Warm Up Party,2026-08-20,Alternative,Alternative,LvZ18Q4BFsy7sCZZ0XL1h,Manchester,5.0,"['Alternative', 'Rock', 'Metal']"
1AdOZ_dGkmOVvLA,Faithless,2026-08-20,Pop,Electro Pop,1AdOZ_dGkmOVvLA,Belfast,3.0,"['Dance/Electronic', 'Undefined']"
LvZ18Q-jLpAOX8OZJrkMQ,Zahn,2026-08-20,Rock,Psychedelic,LvZ18Q-jLpAOX8OZJrkMQ,London,2.0,"['Rock', 'Alternative']"
1AdfZbsGkw9kKA7,Ariana Grande - The Eternal Sunshine Tour,2026-08-20,Pop,Pop,1AdfZbsGkw9kKA7,London,1.0,['Pop']
LvZ18Q0C4HTwr5AZwuPV2,"Live Jazz from the Piano Bar at Red Room Studios, Soho",2026-08-20,Jazz,Jazz,LvZ18Q0C4HTwr5AZwuPV2,London,3.0,['Jazz']
17u8v0G6uMwzbpn,Belle Livingstone's 58th Street Country Club,2026-08-20,Jazz,Jazz,17u8v0G6uMwzbpn,London,1.0,['Jazz']
1AUZkoKGkdVfG8n,WILCO - A Tour With Wilco,2026-08-20,Rock,Pop,1AUZkoKGkdVfG8n,London,1.0,['Rock']
G5dzZ_1Tp74aH,AFI,2026-08-20,Rock,Alternative Rock,G5dzZ_1Tp74aH,London,1.0,['Rock']
G5dzZ_AlNogeQ,The Living Tombstone,2026-08-20,Pop,Electro Pop,G5dzZ_AlNogeQ,Birmingham,1.0,['Dance/Electronic']
LvZ18Q-h7705_MZZIeUJG,Greg Freeman,2026-08-20,Rock,Pop,LvZ18Q-h7705_MZZIeUJG,Manchester,1.0,['Rock']
LvZ18Q0S-54QsbC2Zr0_t,Havana Música: A Celebration of Cuban Music Tickets,2026-08-20,World,Cuban Jazz,LvZ18Q0S-54QsbC2Zr0_t,London,1.0,['World']
LvZ18QLIEj1Sui8Z0TZjm,Sucker Love (Placebo Tribute),2026-08-20,Rock,Rock,LvZ18QLIEj1Sui8Z0TZjm,Southampton,1.0,['Rock']
LvZ18QO5tJruObYZMgX-a,Peatbog Faeries,2026-08-20,Folk,Folk,LvZ18QO5tJruObYZMgX-a,Morecambe,1.0,['Folk']
LvZ18QQ4VNpWKlYZlwW--,John Scofield Long Days Quartet,2026-08-20,Jazz,Jazz,LvZ18QQ4VNpWKlYZlwW--,London,1.0,['Jazz']
LvZ18QxN7FbzYRYZvNl74,Round 41 - Live Jazz and Fusion Night,2026-08-20,Jazz,Jazz,LvZ18QxN7FbzYRYZvNl74,London,3.0,['Jazz']
LvZ18QKll6zMJ2YZwniAy,Solstice,2026-08-20,Rock,Progressive Rock,LvZ18QKll6zMJ2YZwniAy,York,1.0,['Rock']
LvZ18QOF9yA8TdYZ0tKfz,King Tut's Summer Nights Presents: Human Renegade,2026-08-20,Rock,Pop,LvZ18QOF9yA8TdYZ0tKfz,Glasgow,4.0,"['Rock', 'Alternative']"
1AgZk8MGkewR7OE,ABBA Voyage,2026-08-20,Pop,Pop,1AgZk8MGkewR7OE,London,1.0,['Pop']
1ku8v0uSGAugtND,Abba Voyage - VIP Premium Package,2026-08-20,Pop,Pop,1ku8v0uSGAugtND,London,1.0,['Pop']
17GOv0G6GR3nZPf,Charis Campbell + Saasil + Graceã,2026-08-20,R&B,Soul,17GOv0G6GR3nZPf,London,,
LvZ18Q0C4HTwr5AZwuPVC,"Live Jazz from the Piano Bar at Red Room Studios, Soho",2026-08-20,Jazz,Jazz,LvZ18Q0C4HTwr5AZwuPVC,London,3.0,['Jazz']
LvZ18Qr7FqLZHxOv1M9_w,Simply Dan,2026-08-20,Rock,Rock,LvZ18Qr7FqLZHxOv1M9_w,London,1.0,['Rock']
LvZ18Q4BGuaomWYZl-v2s,CLUB STIGMATA - 20th August w/ Dj’s FRANKIE D + MARK WALKER,2026-08-20,Alternative,Goth,LvZ18Q4BGuaomWYZl-v2s,Manchester,4.0,"['Alternative', 'Metal']"
G5vHZ_k3WXSDV,Rock N Roll Circus - Norwich - 4 Day Weekend Ticket,2026-08-20,Rock,Pop,G5vHZ_k3WXSDV,Norwich,1.0,['Rock']
G5vHZbz2nrbsl,Trentham Live 2026 - 4 Day Festival Pass,2026-08-20,Rock,Pop,G5vHZbz2nrbsl,Staffordshire,5.0,"['Rock', 'Pop']"
17u8v0G6GCyCaWS,HERITAGE LIVE: Christina Aguilera,2026-08-21,Pop,Pop,17u8v0G6GCyCaWS,Norfolk,5.0,"['Pop', 'Other', 'R&B', 'Alternative']"
16wZk7YPFZAGA6Fv,Made In Altandhu,2026-08-21,Rock,Pop,16wZk7YPFZAGA6Fv,Ullapool,,
16djZbM33G7cSem,All Points East - Jorja Smith + Tems,2026-08-21,Rock,Pop,16djZbM33G7cSem,London,3.0,"['Rock', 'R&B']"
1AdjZbgGkD_elwi,Billy Ocean and very special guest Marti Pellow -Darley Park Weekender,2026-08-21,R&B,Soul,1AdjZbgGkD_elwi,Derby,2.0,"['R&B', 'Rock']"
G5vHZbMmKnVqr,Rock N Roll Circus - Norwich - 3 Day Weekend Ticket,2026-08-21,Rock,Pop,G5vHZbMmKnVqr,Norwich,1.0,['Rock']
G5vHZbVxMw6Yi,Rock N Roll Circus - The Streets,2026-08-21,Rock,Pop,G5vHZbVxMw6Yi,Norwich,7.0,"['Rock', 'Hip-Hop/Rap', 'Alternative']"
G5vHZbzXLEwi1,Trentham Live 2026 - Friday - Madness,2026-08-21,Rock,Pop,G5vHZbzXLEwi1,Staffordshire,3.0,['Rock']
G5vHZbSgidxW2,The Cure at Live from Wythenshawe Park,2026-08-21,Rock,Alternative Rock,G5vHZbSgidxW2,Manchester,3.0,['Rock']
1AdbZ_eGkBEWNfU,Edinburgh Summer Sessions - Biffy Clyro,2026-08-21,Rock,Alternative Rock,1AdbZ_eGkBEWNfU,Edinburgh,4.0,"['Rock', 'Alternative']"
1ku8vNOzGACFf7X,Hollywood Vampires,2026-08-21,Rock,Pop,1ku8vNOzGACFf7X,Colchester,3.0,"['Rock', 'Undefined']"
1AgZk8gGkeIu3Ba,Hollywood Vampires - Official Ticket and Hotel Bundls,2026-08-21,Rock,Pop,1AgZk8gGkeIu3Ba,Colchester,2.0,"['Rock', 'Undefined']"
1AdfZbMGkwQsp8U,Nile Rodgers & CHIC,2026-08-21,R&B,R&B,1AdfZbMGkwQsp8U,Margate,3.0,"['R&B', 'Hip-Hop/Rap']"
1AgZku9GkdYohpg,The Wombats,2026-08-21,Rock,Alternative Rock,1AgZku9GkdYohpg,Halifax,3.0,['Rock']
LvZ18QKRgRkS4-ZZlGgET,"The Fratellis | Blackpool, Winter Gardens",2026-08-21,Rock,Alternative Rock,LvZ18QKRgRkS4-ZZlGgET,Blackpool,1.0,['Rock']
LvZ18QxNGBPZeYOZvC6LO,Alfies Soho - Live Jazz and Blues,2026-08-21,Jazz,Jazz,LvZ18QxNGBPZeYOZvC6LO,London,2.0,['Jazz']
LvZ18QxZZccmAsZvOdT29,Detroit Soul Collective Fri 21 August 2026 The Jam House Birmingham,2026-08-21,Pop,Pop,LvZ18QxZZccmAsZvOdT29,Birmingham,1.0,['Pop']
1AgZkuPGkeEkp4c,The Wombats - Official Ticket and Hotel Bundls,2026-08-21,Rock,Alternative Rock,1AgZkuPGkeEkp4c,Halifax,2.0,['Rock']
LvZ18QLwBUhTxSYZMCqYT,Give Me The Night: The Best of George Benson,2026-08-21,Jazz,Soul Jazz,LvZ18QLwBUhTxSYZMCqYT,London,1.0,['Jazz']
LvZ18QNnEPc5WdOZzm-Xy,Mechanical Animal,2026-08-21,Alternative,Alternative Rock,LvZ18QNnEPc5WdOZzm-Xy,Bristol,4.0,"['Alternative', 'Rock']"
LvZ18QxNAv4ZeYOZvC6_o,"Live Jazz from the Piano Bar at Red Room Studios, Soho",2026-08-21,Jazz,Jazz,LvZ18QxNAv4ZeYOZvC6_o,London,3.0,['Jazz']
17u8v0G6uMSkI_G,Belle Livingstone's 58th Street Country Club,2026-08-21,Jazz,Jazz,17u8v0G6uMSkI_G,London,1.0,['Jazz']
G5dzZ_Ax3L3G0,The Harry Styles Tribute Show starring Sean Mac,2026-08-21,Other,Other,G5dzZ_Ax3L3G0,Bristol,1.0,['Other']
G5dzZ_FXItNKF,Ronnie Wood & His Band featuring Imelda May ,2026-08-21,Rock,Pop,G5dzZ_FXItNKF,London,1.0,['Rock']
G5vHZ_AR6zJ00,The Living Tombstone,2026-08-21,Dance/Electronic,Amapiano,G5vHZ_AR6zJ00,Manchester,1.0,['Dance/Electronic']
LvZ18QFuDJiMlFYZ03_bw,Ultimate Coldplay,2026-08-21,Undefined,Undefined,LvZ18QFuDJiMlFYZ03_bw,Southampton,1.0,['Undefined']
LvZ18QLsggfbyM8Z02wjf,"Inspiral Carpets - PJ Molloys, Dunfermline",2026-08-21,Rock,Pop,LvZ18QLsggfbyM8Z02wjf,Dunfermline,1.0,['Rock']
LvZ18QLwpFUB9YYvqpLvj,Friends of The Platform Morecambe Rocks,2026-08-21,Alternative,Indie Rock,LvZ18QLwpFUB9YYvqpLvj,Morecambe,1.0,['Alternative']
LvZ18QN1BVraWR8ZzT11O,Mallory Knox,2026-08-21,Rock,Alternative Rock,LvZ18QN1BVraWR8ZzT11O,London,1.0,['Rock']
LvZ18Qjag0IZTsOvGGl8V,DJ Jazzy Jeff,2026-08-21,Hip-Hop/Rap,Urban,LvZ18Qjag0IZTsOvGGl8V,Manchester,1.0,['Hip-Hop/Rap']
LvZ18QxNe-cEv4YZvc-RK,Soho Spotlight - Friday Live Performance,2026-08-21,Jazz,Jazz,LvZ18QxNe-cEv4YZvc-RK,London,3.0,['Jazz']
LvZ18Q4RjgCay0ZZwPHSb,Gary Stewart Presents Graceland: A 40th Anniversary Celebration,2026-08-21,Country,Country,LvZ18Q4RjgCay0ZZwPHSb,Newcastle Upon Tyne,1.0,['Country']
LvZ18QOF_eS8esOZMUJZd,King Tut's Summer Nights Presents: Lint Bin,2026-08-21,Rock,Pop,LvZ18QOF_eS8esOZMUJZd,Glasgow,5.0,"['Rock', 'Alternative', 'Pop']"
LvZ18QQncMXHvzYZiCXk4,Gogol Bordello,2026-08-21,Rock,Alternative Rock,LvZ18QQncMXHvzYZiCXk4,Norwich ,1.0,['Rock']
LvZ18Qj1Idra6n8vO1tzZ,New Kind Of Cramps,2026-08-21,Metal,Metal,LvZ18Qj1Idra6n8vO1tzZ,Derby,1.0,['Metal']
LvZ18Qo9cuJxRiZZl0HuG,Humanfly,2026-08-21,Rock,Progressive Rock,LvZ18Qo9cuJxRiZZl0HuG,Leeds,1.0,['Rock']
LvZ18QqX00eTyAYZ0OHMi,MOK Fest “Cadenhead’s Festival Ceilidh Night”,2026-08-21,Folk,Celtic Folk,LvZ18QqX00eTyAYZ0OHMi,Argyll,4.0,['Folk']
LvZ18QrrZy1yom8Z0SklS,An Evening With The Magic Numbers,2026-08-21,Rock,Alternative Rock,LvZ18QrrZy1yom8Z0SklS,York,1.0,['Rock']
LvZ18Qx3e7gcKQOvGJ4l7,ELI - 'This Song' Tour,2026-08-21,Alternative,Alternative,LvZ18Qx3e7gcKQOvGJ4l7,Birmingham,1.0,['Alternative']
1AgZk8MGkewH0Oy,ABBA Voyage,2026-08-21,Pop,Pop,1AgZk8MGkewH0Oy,London,1.0,['Pop']
1ku8v0uSGACey0C,Abba Voyage - VIP Premium Package,2026-08-21,Pop,Pop,1ku8v0uSGACey0C,London,1.0,['Pop']
17GOv0G65bAd8X4,Talitha + Eva Brighty + Maya + Ksenia,2026-08-21,Pop,Pop,17GOv0G65bAd8X4,London,,
LvZ18QxNGBPZeYOZvC6L-,Alfies Soho - Live Jazz and Blues,2026-08-21,Jazz,Jazz,LvZ18QxNGBPZeYOZvC6L-,London,2.0,['Jazz']
LvZ18QxNAv4ZeYOZvC6_3,"Live Jazz from the Piano Bar at Red Room Studios, Soho",2026-08-21,Jazz,Jazz,LvZ18QxNAv4ZeYOZvC6_3,London,3.0,['Jazz']
LvZ18QCV6orlET8Zl-CAj,Luther Vandross by FiL Straughan,2026-08-21,R&B,Soul,LvZ18QCV6orlET8Zl-CAj,London,1.0,['R&B']
LvZ18QqyAFuLlCOZMbdFg,Juls: 4 Fridays at Jazz Cafe (Summer Residency – Week 2),2026-08-21,Dance/Electronic,Electro-Jazz,LvZ18QqyAFuLlCOZMbdFg,London,2.0,['Dance/Electronic']
LvZ18QCyGy8SrsOZ0puKd,The Cure Aftershow - Manchester,2026-08-21,Alternative,Alternative,LvZ18QCyGy8SrsOZ0puKd,Manchester,2.0,['Alternative']
1AUZkudGkd-zc-z,Rewind South 2026 - Whopper Campervan/Caravan Tickets,2026-08-21,Rock,Pop,1AUZkudGkd-zc-z,Henley-On-Thames,1.0,['Rock']
1AUZkudGkd9rizq,Rewind South 2026 - Standard Campervan/Caravan Tickets,2026-08-21,Rock,Pop,1AUZkudGkd9rizq,Henley-On-Thames,1.0,['Rock']
1AUZkudGkesfn8n,Rewind South 2026 - Power Hook-Up For Caravans & Campervans,2026-08-21,Rock,Pop,1AUZkudGkesfn8n,Henley-On-Thames,1.0,['Rock']
17u8v0G65CVzdzy,HERITAGE LIVE: Ricky Martin,2026-08-22,Pop,Pop,17u8v0G65CVzdzy,Norfolk,4.0,"['Pop', 'Other', 'Latin']"
16djZ_djfG7zc2k,Kaiser Chiefs Live After Racing - the Premier Enclosure,2026-08-22,Rock,Pop,16djZ_djfG7zc2k,Newmarket,3.0,['Rock']
1kuYv0uYGACfimI,Kaiser Chiefs Live After Racing - Grandstand & Paddock,2026-08-22,Rock,Pop,1kuYv0uYGACfimI,Newmarket,3.0,['Rock']
1AUZkuVGkeybEyJ,Edinburgh Summer Sessions - Heather on the Hill,2026-08-22,Rock,Pop,1AUZkuVGkeybEyJ,Edinburgh,7.0,"['Rock', 'Pop', 'R&B', 'Folk']"
1kuOvN8yGAGQzlP,Rewind South 2026 - Saturday Tickets,2026-08-22,Rock,Pop,1kuOvN8yGAGQzlP,Henley-On-Thames,12.0,"['Rock', 'R&B', 'Pop']"
LvZ18QLliv0yg48ZltqX2,"Afrobeats Brunch by The Fortune Collectives, Pioneered by KoyeSax",2026-08-22,World,Afro-Beat,LvZ18QLliv0yg48ZltqX2,London,1.0,['World']
16dfZbyCaG7YPcx,Soultasia,2026-08-22,R&B,R&B,16dfZbyCaG7YPcx,Bristol,1.0,['R&B']
17u8v0G6uMSfzhT,Belle Livingstone's 58th Street Country Club,2026-08-22,Jazz,Jazz,17u8v0G6uMSfzhT,London,1.0,['Jazz']
G5vHZbUD7CFVz,Rock N Roll Circus - The Kooks,2026-08-22,Rock,Pop,G5vHZbUD7CFVz,Norwich,11.0,"['Rock', 'Alternative']"
LvZ18Q_qCl5thd8Z00e1g,Saturday Soul Lunch | Kings of Soul,2026-08-22,R&B,Soul,LvZ18Q_qCl5thd8Z00e1g,London,2.0,['R&B']
LvZ18QbdtMTDuf8ZyBZZ7,Fac51 The Haçienda at Wollaton Hall,2026-08-22,Rock,Pop,LvZ18QbdtMTDuf8ZyBZZ7,Nottingham,9.0,"['Rock', 'Dance/Electronic']"
1AMZkCFGkdCnzCf,JLS - Darley Park Weekender,2026-08-22,Rock,Pop,1AMZkCFGkdCnzCf,Derby,1.0,['Rock']
1AMZku0GkeVi4w-,All Points East - Lorde,2026-08-22,Rock,Pop,1AMZku0GkeVi4w-,London,11.0,"['Rock', 'Pop', 'Alternative', 'R&B', 'Folk', 'Other']"
1AdOZ_7GkngVscK,CHSQ Stiff Little Fingers Pre Show - FEAT THE OUTCASTS LIVE,2026-08-22,Rock,Pop,1AdOZ_7GkngVscK,Belfast,1.0,['Rock']
1AdfZbgGkwizJJ0,Becky Hill,2026-08-22,Rock,Pop,1AdfZbgGkwizJJ0,Colchester,3.0,"['Rock', 'Undefined', 'Dance/Electronic']"
1AdfZbgGkUJdMHe,Becky Hill- Official Ticket and Hotel Bundls,2026-08-22,Rock,Pop,1AdfZbgGkUJdMHe,Colchester,2.0,"['Rock', 'Undefined']"
1AdjZbgGkB-xIXC,The Prodigy,2026-08-22,Pop,Electro Pop,1AdjZbgGkB-xIXC,Milton Keynes,6.0,"['Dance/Electronic', 'Hip-Hop/Rap', 'Reggae']"
1AgZk8MGkeSaV-v,ABBA Voyage,2026-08-22,Pop,Pop,1AgZk8MGkeSaV-v,London,1.0,['Pop']
1ku8v0uSGAC8_0r,Abba Voyage - VIP Premium Package,2026-08-22,Pop,Pop,1ku8v0uSGAC8_0r,London,1.0,['Pop']
LvZ18Q-QH775_MZZneUCt,DJ Supa D & Pioneer Headline Show,2026-08-22,Dance/Electronic,Club Dance,LvZ18Q-QH775_MZZneUCt,London,2.0,['Dance/Electronic']
LvZ18Q-jFsevtwOZIiPDb,"An Afternoon of Rock V LONDON - Rock & Metal For Over 30s, 3pm-7pm",2026-08-22,Alternative,Adult Alternative Pop/Rock,LvZ18Q-jFsevtwOZIiPDb,London,1.0,['Alternative']
16zZkGy0yZA2eGuC,Calvin Harris,2026-08-22,Pop,Pop,16zZkGy0yZA2eGuC,Belfast,2.0,"['Pop', 'Undefined']"
G5vHZbM5UPyh_,Trentham Live 2026 - Saturday - Five,2026-08-22,Rock,Pop,G5vHZbM5UPyh_,Staffordshire,4.0,"['Rock', 'Pop']"
G5vHZbwE0x-lq,Lewis Capaldi,2026-08-22,Rock,Alternative Rock,G5vHZbwE0x-lq,Manchester,1.0,['Alternative']
LvZ18Q-JrJNtXC8vOIwde,SHRBTCH PRESENTS: DJ LUCK & MC NEAT DAY PARTY,2026-08-22,Dance/Electronic,Club Dance,LvZ18Q-JrJNtXC8vOIwde,London,1.0,['Dance/Electronic']
1AdfZbUGkBx4yDO,"Bastille 
with special guests Orla Gartland
 + Alfie Templeman",2026-08-22,Rock,Pop,1AdfZbUGkBx4yDO,Margate,3.0,"['Rock', 'Alternative']"
1AdOZbVGkT1fxkB,Stiff Little Fingers,2026-08-22,Rock,Pop,1AdOZbVGkT1fxkB,Belfast,2.0,"['Rock', 'Undefined']"
1AdfZbMGkSZ71wL,Nile Rodgers & CHIC,2026-08-22,R&B,R&B,1AdfZbMGkSZ71wL,Scarborough,4.0,"['R&B', 'Rock', 'Hip-Hop/Rap']"
1AgZkCvGkeDz6-X,Hollywood Vampires,2026-08-22,Rock,Pop,1AgZkCvGkeDz6-X,Halifax,3.0,['Rock']
G5dzZ_aLlekuL,Counterfeit Festival,2026-08-22,Hip-Hop/Rap,Trap,G5dzZ_aLlekuL,London,1.0,['Hip-Hop/Rap']
LvZ18QN2Je5-JoYZv_vMG,Alfies Soho - Live Jazz and Blues,2026-08-22,Jazz,Jazz,LvZ18QN2Je5-JoYZv_vMG,London,2.0,['Jazz']
LvZ18QbW8iPONoYZlQmCo,Darkfest 2026,2026-08-22,Alternative,Alternative Rock,LvZ18QbW8iPONoYZlQmCo,Wolverhampton,3.0,"['Alternative', 'Rock', 'Dance/Electronic']"
LvZ18QxZvNggVpZZ0e-JR,DETROIT SOUL COLLECTIVE Sat 22 August 2026 The Jam House Birmingham,2026-08-22,Pop,Pop,LvZ18QxZvNggVpZZ0e-JR,Birmingham,1.0,['Pop']
1AgZk8gGkd6E7mj,Hollywood Vampires- Official Ticket and Hotel Bundls,2026-08-22,Rock,Pop,1AgZk8gGkd6E7mj,Halifax,2.0,['Rock']
1AgZkC7GkeNapJK,Nile Rodgers & CHIC- Official Ticket and Hotel Bundls,2026-08-22,R&B,R&B,1AgZkC7GkeNapJK,Scarborough,2.0,"['R&B', 'Rock']"
LvZ18Q0V4BcBxjmu73khT,The Afrobeats Orchestra,2026-08-22,Dance/Electronic,World Dance,LvZ18Q0V4BcBxjmu73khT,London,1.0,['Dance/Electronic']
LvZ18QO31OuPuNZvL2mni,Rocksteady Reggae with Wayne Hernandez,2026-08-22,Dance/Electronic,Dance/Electronic,LvZ18QO31OuPuNZvL2mni,London,1.0,['Dance/Electronic']
LvZ18QOpKbj0VtOvOhUcY,Hayao Miyazaki's Dreams by Mystery Ensemble,2026-08-22,Classical,Classical/Vocal,LvZ18QOpKbj0VtOvOhUcY,Nottingham,1.0,['Classical']
LvZ18QOpp-ywT48ZzCs0W,Hayao Miyazaki's Dreams by Mystery Ensemble,2026-08-22,Classical,Classical/Vocal,LvZ18QOpp-ywT48ZzCs0W,Swindon,1.0,['Classical']
LvZ18QqWys5rZHOvqXlnG,Jahnavi Harrison,2026-08-22,New Age,Ambient,LvZ18QqWys5rZHOvqXlnG,London,1.0,['New Age']
LvZ18QqXJ80gaQYv1T-G6,MOK Fest - Saturday Traditional Concert,2026-08-22,Folk,Folk,LvZ18QqXJ80gaQYv1T-G6,Campbeltown,2.0,['Folk']
17CZv0G61xSLo9r,Times Like These: Foo Fighter Tribute,2026-08-22,Rock,Punk,17CZv0G61xSLo9r,Belfast,1.0,['Rock']
17u8v0G6uMSNFrs,Belle Livingstone's 58th Street Country Club,2026-08-22,Jazz,Jazz,17u8v0G6uMSNFrs,London,1.0,['Jazz']
1AUZkofGketj4Os,Wilco,2026-08-22,Rock,Pop,1AUZkofGketj4Os,Glasgow,2.0,"['Rock', 'Alternative']"
1AdFZ_dGkS_p8cC,New Kind of Cramps,2026-08-22,Rock,Pop,1AdFZ_dGkS_p8cC,Glasgow,,
G5dzZ_6lnSMkp,The Selecter,2026-08-22,Rock,Pop,G5dzZ_6lnSMkp,Oxford,1.0,['Rock']
G5dzZ_kCaHekV,The Harry Styles Tribute Show starring Sean Mac,2026-08-22,Other,Other,G5dzZ_kCaHekV,Bournemouth,1.0,['Other']
G5dzZbUDSohA6,The Streets,2026-08-22,Hip-Hop/Rap,Trap,G5dzZbUDSohA6,Birmingham,1.0,['Hip-Hop/Rap']
LvZ18Q-uqJlpirOZE5m6_,Tommy Fleming - The Encore Tour,2026-08-22,Folk,Folk,LvZ18Q-uqJlpirOZE5m6_,Belfast,1.0,['Folk']
LvZ18QN1WDh94LOvG0UkK,Mallory Knox,2026-08-22,Rock,Alternative Rock,LvZ18QN1WDh94LOvG0UkK,Manchester,1.0,['Rock']
LvZ18QOdGCwagJZZMt5In,MANTRA - BRING ME THE HORIZON TRIBUTE,2026-08-22,Metal,Metal,LvZ18QOdGCwagJZZMt5In,Bradford,1.0,['Metal']
LvZ18Q_sL_l330ZZy7eYE,THE FLATLINERS + SPECIAL GUESTS A WILHELM SCREAM,2026-08-22,Rock,Pop,LvZ18Q_sL_l330ZZy7eYE,London,2.0,['Rock']
LvZ18Qo-t_z-a0OZwe_gp,Nickelback UK,2026-08-22,Alternative,Alternative,LvZ18Qo-t_z-a0OZwe_gp,Southampton,1.0,['Alternative']
1AdbZ_kGkRxcygz,T-Rextasy,2026-08-22,Undefined,Undefined,1AdbZ_kGkRxcygz,Dunfermline,1.0,['Undefined']
1AwZkuFGkeD_v0m,Hacktivist,2026-08-22,Rock,Pop,1AwZkuFGkeD_v0m,"Newcastle upon Tyne, NE1 2PQ",1.0,['Rock']
G5vHZ_6509zdV,Chicane (Celebrating 30 Years of Chicane!),2026-08-22,Rock,Pop,G5vHZ_6509zdV,London,1.0,['Rock']
LvZ18QLGNCJZbQZZ0bwbm,Henge,2026-08-22,Rock,Electronic,LvZ18QLGNCJZbQZZ0bwbm,Southend-On-Sea,2.0,"['Rock', 'Pop']"
LvZ18QOFQqiFSU8Z02DT7,King Tut's Summer Nights Presents: Eyes of Home,2026-08-22,Rock,Pop,LvZ18QOFQqiFSU8Z02DT7,Glasgow,5.0,"['Rock', 'Alternative']"
LvZ18QbczpSxMvYZliX6w,Hacktivist,2026-08-22,Rock,Pop,LvZ18QbczpSxMvYZliX6w,"Newcastle upon Tyne, NE1 2PQ",1.0,['Rock']
LvZ18Qbl041Gw6YZleGfJ,Special Kinda Madness,2026-08-22,Undefined,Undefined,LvZ18Qbl041Gw6YZleGfJ,Hertford,1.0,['Undefined']
LvZ18QjaJF_a67ZvOgQyp,Led Into Zeppelin,2026-08-22,Rock,Rock,LvZ18QjaJF_a67ZvOgQyp,Newcastle Upon Tyne,1.0,['Rock']
LvZ18Qk1GUGTD8YZlKHEf,Gary Stewart presents Graceland,2026-08-22,Country,Country,LvZ18Qk1GUGTD8YZlKHEf,Leeds,1.0,['Country']
LvZ18QouqkmHTxZZ0lM2L,The Jam'd,2026-08-22,Rock,Pop,LvZ18QouqkmHTxZZ0lM2L,Hemel Hempstead,1.0,['Rock']
LvZ18QrdNslb-TYvqQ2ko,ATA KAK,2026-08-22,Dance/Electronic,Dance/Electronic,LvZ18QrdNslb-TYvqQ2ko,York,1.0,['Dance/Electronic']
1AgZk8MGkeS9f-o,ABBA Voyage,2026-08-22,Pop,Pop,1AgZk8MGkeS9f-o,London,1.0,['Pop']
1ku8v0uSGACra0H,Abba Voyage - VIP Premium Package,2026-08-22,Pop,Pop,1ku8v0uSGACra0H,London,1.0,['Pop']
17GOv0G6C2hLOnW,Femegades + Casual Wednesday + Tba,2026-08-22,Rock,Pop,17GOv0G6C2hLOnW,London,,
LvZ18QN2Je5-JoYZv_vMu,Alfies Soho - Live Jazz and Blues,2026-08-22,Jazz,Jazz,LvZ18QN2Je5-JoYZv_vMu,London,2.0,['Jazz']
LvZ18QqXI8nkAG8v12yQR,MOK Fest - Glen Scotia West Coast Rocks Concert,2026-08-22,World,Celtic/ British Isles,LvZ18QqXI8nkAG8v12yQR,Argyll,3.0,"['World', 'Rock', 'Folk']"
LvZ18QCVPHk4TuYZl6UWj,Bob Marley & the Wailers by Legend,2026-08-22,Undefined,Undefined,LvZ18QCVPHk4TuYZl6UWj,London,1.0,['Undefined']
LvZ18Q0Qd9r5OcXnGwSyl,Toy Tonics Jam (Day & Night Party),2026-08-22,Dance/Electronic,Dance/Electronic,LvZ18Q0Qd9r5OcXnGwSyl,London,1.0,['Dance/Electronic']
LvZ18QN8ZN-ICoOvG9w_a,Live Band Karaoke,2026-08-22,Undefined,Undefined,LvZ18QN8ZN-ICoOvG9w_a,London,1.0,['Undefined']
LvZ18QxvlX5ZgWZvGuCjD,Soul City: House music every Saturday,2026-08-22,Undefined,Undefined,LvZ18QxvlX5ZgWZvGuCjD,London,2.0,"['Undefined', 'Dance/Electronic']"
1AUZkukGkeHhIaA,Rewind South 2026 - Sunday Tickets,2026-08-23,Rock,Pop,1AUZkukGkeHhIaA,Henley-On-Thames,11.0,"['Rock', 'Pop', 'Dance/Electronic']"
1AgZk8MGkeS0V-j,ABBA Voyage,2026-08-23,Pop,Pop,1AgZk8MGkeS0V-j,London,1.0,['Pop']
1ku8v0uSGACl_Pd,Abba Voyage - VIP Premium Package,2026-08-23,Pop,Pop,1ku8v0uSGACl_Pd,London,1.0,['Pop']
G5vHZbUr3FP6T,Rock N Roll Circus - Madness,2026-08-23,Rock,Pop,G5vHZbUr3FP6T,Norwich,8.0,"['Rock', 'Reggae', 'Pop']"
1AMZku0GkdU4trN,All Points East Presents Outbreak - Deftones,2026-08-23,Rock,Pop,1AMZku0GkdU4trN,London,17.0,"['Rock', 'Hip-Hop/Rap', 'Dance/Electronic', 'Undefined', 'Pop', 'Alternative']"
LvZ18QqXnFVgaQYZMT-_p,MOK Fest  - Dalriada Connections Concert,2026-08-23,Folk,Celtic Folk,LvZ18QqXnFVgaQYZMT-_p,Campbeltown,4.0,['Folk']
1AgZkuEGkd_L5Qx,Bastille,2026-08-23,Rock,Pop,1AgZkuEGkd_L5Qx,Colchester,6.0,"['Rock', 'Alternative', 'Undefined']"
1adfZbMJb70Zd8C2,HERITAGE LIVE: Eric Clapton,2026-08-23,Rock,Pop,1adfZbMJb70Zd8C2,Norfolk,5.0,"['Rock', 'Other']"
1AdfZbMGkmlxpmV,Bastille - Official Ticket and Hotel Bundls,2026-08-23,Rock,Pop,1AdfZbMGkmlxpmV,Colchester,2.0,"['Rock', 'Undefined']"
1AdbZbSGkUxFJMP,Edinburgh Summer Sessions - The Cure,2026-08-23,Rock,Alternative Rock,1AdbZbSGkUxFJMP,Edinburgh,5.0,['Rock']
G5vHZbM5zMyOF,Trentham Live 2026 - the Human League,2026-08-23,Rock,Alternative Rock,G5vHZbM5zMyOF,Staffordshire,4.0,['Rock']
1AMZkoYGkenpUtk,Venue Premium Tickets - Sonu Nigam 'Revolution',2026-08-23,World,World,1AMZkoYGkenpUtk,London,2.0,"['World', 'Undefined']"
1AMZkozGkdr5NQ4,Sonu Nigam,2026-08-23,World,World,1AMZkozGkdr5NQ4,London,1.0,['World']
1AdfZ_7GkRLMMR5,Public Service Broadcasting,2026-08-23,Rock,Pop,1AdfZ_7GkRLMMR5,Halifax,3.0,['Rock']
1AdfZbsGkwbIdkS,Ariana Grande - The Eternal Sunshine Tour,2026-08-23,Pop,Pop,1AdfZbsGkwbIdkS,London,1.0,['Pop']
1AgZk8MGkeSwf-n,ABBA Voyage,2026-08-23,Pop,Pop,1AgZk8MGkeSwf-n,London,1.0,['Pop']
1ku8v0uSGACzyP1,Abba Voyage - VIP Premium Package,2026-08-23,Pop,Pop,1ku8v0uSGACzyP1,London,1.0,['Pop']
LvZ18QOHRY7prnZvGE0d7,Neil Jones & Nick Corbin (Album Launch),2026-08-23,Rock,Pop,LvZ18QOHRY7prnZvGE0d7,London,2.0,"['Rock', 'Blues']"
1AdfZ_AGkncg094,Public Service Broadcasting- Official Ticket and Hotel Bundls,2026-08-23,Rock,Pop,1AdfZ_AGkncg094,Halifax,3.0,['Rock']
LvZ18QbbJcwSYcYZwVpt4,New Kind of Cramps,2026-08-23,Metal,Metal,LvZ18QbbJcwSYcYZwVpt4,Newcastle Upon Tyne,1.0,['Metal']
LvZ18Qq0a2XuFXYv1WDho,Current Joys,2026-08-23,Pop,Indie Pop,LvZ18Qq0a2XuFXYv1WDho,Bristol,2.0,['Pop']
LvZ18Qx1NYyvlVOZ0hP55,British Reggae & Dub Legend Dennis Bovell | DJ & PA Set,2026-08-23,Reggae,Reggae,LvZ18Qx1NYyvlVOZ0hP55,London,1.0,['Reggae']
17u8v0G6uMSsb-p,Belle Livingstone's 58th Street Country Club,2026-08-23,Jazz,Jazz,17u8v0G6uMSsb-p,London,1.0,['Jazz']
G5dzZ_AnIxK_D,The Living Tombstone,2026-08-23,Pop,Electro Pop,G5dzZ_AnIxK_D,Glasgow,1.0,['Dance/Electronic']
G5dzZ_ArUnNZy,The Harry Styles Tribute Show starring Sean Mac,2026-08-23,Other,Other,G5dzZ_ArUnNZy,Birmingham,1.0,['Other']
G5vHZ_6egx3i-,Nation of Language,2026-08-23,Rock,Alternative Rock,G5vHZ_6egx3i-,Liverpool,1.0,['Alternative']
G5vHZ_uLg5hS_,GOGOL BORDELLO,2026-08-23,Rock,Alternative Rock,G5vHZ_uLg5hS_,Northampton,1.0,['Rock']
LvZ18Q3-TF_k288vCgB_Y,Solstice,2026-08-23,Rock,Progressive Rock,LvZ18Q3-TF_k288vCgB_Y,Southampton,1.0,['Rock']
LvZ18QLsMXYL1J8Z0fL8w,"Inspiral Carpets - Tunnels, Aberdeen",2026-08-23,Rock,Pop,LvZ18QLsMXYL1J8Z0fL8w,Aberdeen,1.0,['Rock']
1AdbZ_aGkUUUSaQ,Dylan Earl,2026-08-23,Country,Country,1AdbZ_aGkUUUSaQ,Glasgow,1.0,['Country']
LvZ18QOFhJLYOYOZ0uevu,King Tut's Summer Nights Presents: Lonely Daze,2026-08-23,Rock,Pop,LvZ18QOFhJLYOYOZ0uevu,Glasgow,5.0,"['Rock', 'Alternative']"
LvZ18QrAdZDaobYZM9R-t,MOK Fest - Kilkerran Survivors Night,2026-08-23,Folk,Celtic Folk,LvZ18QrAdZDaobYZM9R-t,Argyll,3.0,"['Folk', 'Dance/Electronic']"
LvZ18QCy2xQ5X5YZ0gyaA,The Cure Aftershow - Edinburgh,2026-08-23,Alternative,Goth,LvZ18QCy2xQ5X5YZ0gyaA,Edinburgh ,2.0,['Alternative']
1AUZkuaGkd0gDI_,Edinburgh Summer Sessions - Florence + The Machine,2026-08-24,Rock,Pop,1AUZkuaGkd0gDI_,Edinburgh,4.0,"['Rock', 'Pop']"
1AgZkG0GkdVBfBD,Ariana Grande - The Eternal Sunshine Tour,2026-08-24,Rock,Pop,1AgZkG0GkdVBfBD,London,1.0,['Pop']
1AUZk36GkdYn_Hk,Wednesday,2026-08-24,Rock,Alternative Rock,1AUZk36GkdYn_Hk,Glasgow,2.0,"['Rock', 'Pop']"
1AdOZ_6GkTE-S2c,Babyshambles,2026-08-24,Rock,Pop,1AdOZ_6GkTE-S2c,Belfast,1.0,['Rock']
1kCZv0O9GAGE8wL,Josh Ross,2026-08-24,Country,Country,1kCZv0O9GAGE8wL,Belfast,1.0,['Country']
G5dzZ_6GdiPMF,AFI,2026-08-24,Rock,Alternative Rock,G5dzZ_6GdiPMF,Birmingham,1.0,['Rock']
G5dzZ_khunpx6,Audrey Hobert,2026-08-24,Pop,Pop,G5dzZ_khunpx6,Leeds,1.0,['Pop']
LvZ18Q_Hz0H8AbZZ0e02-,Gogol Bordello,2026-08-24,Rock,Alternative Rock,LvZ18Q_Hz0H8AbZZ0e02-,Southampton,3.0,"['Rock', 'Pop', 'Other']"
LvZ18Q-hSx7IQjZZnZyia,Flock of Dimes,2026-08-24,Rock,Alternative Rock,LvZ18Q-hSx7IQjZZnZyia,Manchester,1.0,['Rock']
LvZ18QOsKlytfl8vOIRhu,Ora Cogan,2026-08-24,Folk,Indie Folk,LvZ18QOsKlytfl8vOIRhu,Manchester,1.0,['Folk']
1AgZk8MGkeST0xF,ABBA Voyage,2026-08-24,Pop,Pop,1AgZk8MGkeST0xF,London,1.0,['Pop']
1ku8v0uSGA2k_P_,Abba Voyage - VIP Premium Package,2026-08-24,Pop,Pop,1ku8v0uSGA2k_P_,London,1.0,['Pop']
15dbZbgkfeAbv,Edinburgh Summer Sessions - Lorde,2026-08-25,Rock,Pop,15dbZbgkfeAbv,Edinburgh,5.0,"['Rock', 'Pop']"
1AdOZ_eGkXoWopZ,Wunderhorse,2026-08-25,Rock,Alternative Rock,1AdOZ_eGkXoWopZ,Belfast,2.0,"['Alternative', 'Undefined']"
LvZ18QbeY3OQemZZ0zHZk,Downcast,2026-08-25,Metal,Metal,LvZ18QbeY3OQemZZ0zHZk,London,2.0,"['Metal', 'Rock']"
17GOv0G65mYS8x0,Clarion,2026-08-25,Rock,Alternative Rock,17GOv0G65mYS8x0,Glasgow,,
17uYv0G659jQdpo,ADÉLA - The Red Bottoms Tour,2026-08-25,Pop,Pop,17uYv0G659jQdpo,London,1.0,['Pop']
1AMZkoPGkdhvpdJ,Yebba,2026-08-25,Rock,Pop,1AMZkoPGkdhvpdJ,Manchester,1.0,['Rock']
1AUZk3FGkelgfxI,Jack White,2026-08-25,Rock,Pop,1AUZk3FGkelgfxI,London,1.0,['Rock']
1AUZk3eGkdNXyNn,Sparks,2026-08-25,Rock,Pop,1AUZk3eGkdNXyNn,York,1.0,['Rock']
1AdbZbSGktV2VjM,GEESE,2026-08-25,Rock,Alternative Rock,1AdbZbSGktV2VjM,Glasgow,1.0,['Alternative']
G5dzZ_6KNMA0d,Kingfishr,2026-08-25,Folk,Indie Folk,G5dzZ_6KNMA0d,Edinburgh,1.0,['Folk']
G5dzZ_AlxEPZQ,The Living Tombstone,2026-08-25,Pop,Electro Pop,G5dzZ_AlxEPZQ,London,1.0,['Dance/Electronic']
G5dzZ_FrKXsTH,Wednesday,2026-08-25,Rock,Alternative Rock,G5dzZ_FrKXsTH,Manchester,2.0,"['Rock', 'Comedy']"
G5dzZ_kQ2mdet,Earl Sweatshirt + MIKE,2026-08-25,Hip-Hop/Rap,Trap,G5dzZ_kQ2mdet,Glasgow,2.0,['Hip-Hop/Rap']
G5vHZ_5S911kA,Violet Grohl,2026-08-25,Rock,Pop,G5vHZ_5S911kA,Manchester,1.0,['Rock']
LvZ18QQDYpaMM9ZZ0IyZG,Faye Webster,2026-08-25,Rock,Alternative Rock,LvZ18QQDYpaMM9ZZ0IyZG,Newcastle Upon Tyne,1.0,['Rock']
LvZ18QbEDm5FAvZZlMG7S,The Van Morrison Alumni Band,2026-08-25,Rock,Pop,LvZ18QbEDm5FAvZZlMG7S,London,1.0,['Rock']
LvZ18QNRrwfYwwrD_wgB8,Frank Sinatra & Friends,2026-08-25,Jazz,Swing,LvZ18QNRrwfYwwrD_wgB8,London,4.0,"['Jazz', 'Undefined']"
1AdOZbUGkmukvrF,IDLES,2026-08-26,Rock,Alternative Rock,1AdOZbUGkmukvrF,Belfast,3.0,"['Rock', 'Undefined']"
1AgZk8VGkd300UP,Turnstile,2026-08-26,Rock,Punk,1AgZk8VGkd300UP,Halifax,3.0,['Rock']
LvZ18Qx55NDhLWOvOffpd,Call To The Void,2026-08-26,Alternative,Alternative,LvZ18Qx55NDhLWOvOffpd,London,3.0,['Alternative']
1AdfZ_AGknUm0TN,Turnstile- Official Ticket and Hotel Bundls,2026-08-26,Rock,Punk,1AdfZ_AGknUm0TN,Halifax,2.0,['Rock']
G5vHZbMEFfIKF,Michael Ball: Glow UK Tour 2026,2026-08-26,Pop,Adult Contemporary,G5vHZbMEFfIKF,Cambridge,1.0,['Pop']
LvZ18QxN57PgMt8ZvJaAQ,Soho Explorer Jazz Sessions from the Piano Bar,2026-08-26,Jazz,Jazz,LvZ18QxN57PgMt8ZvJaAQ,London,2.0,['Jazz']
LvZ18QxNAvqWP1YZv6FvL,"Live Jazz from the Piano Bar at Red Room Studios, Soho",2026-08-26,Jazz,Jazz,LvZ18QxNAvqWP1YZv6FvL,London,3.0,['Jazz']
17GOv0G61kEwZUj,Lamb,2026-08-26,Pop,Electro Pop,17GOv0G61kEwZUj,London,1.0,['Dance/Electronic']
17u8v0G6uMSTzNs,Belle Livingstone's 58th Street Country Club,2026-08-26,Jazz,Jazz,17u8v0G6uMSTzNs,London,1.0,['Jazz']
1AMZkosGkdZdMpq,The Living Tombstone,2026-08-26,Pop,Electro Pop,1AMZkosGkdZdMpq,London,1.0,['Dance/Electronic']
1AUZk3FGkd2lpl1,Jack White,2026-08-26,Rock,Pop,1AUZk3FGkd2lpl1,London,1.0,['Rock']
1AdbZbSGktiFN1F,GEESE,2026-08-26,Rock,Alternative Rock,1AdbZbSGktiFN1F,Glasgow,1.0,['Alternative']
1AwZkoSGkdPSOUr,Afi,2026-08-26,Rock,Alternative Rock,1AwZkoSGkdPSOUr,Glasgow,1.0,['Rock']
G5dzZ_k8_Fbg0,Kingfishr,2026-08-26,Folk,Indie Folk,G5dzZ_k8_Fbg0,Edinburgh,1.0,['Folk']
G5dzZ_kQy2P9a,Audrey Hobert,2026-08-26,Pop,Pop,G5dzZ_kQy2P9a,Liverpool,1.0,['Pop']
G5vHZ_F5t-Fq7,Sparks,2026-08-26,Rock,Pop,G5vHZ_F5t-Fq7,Southend-On-Sea,1.0,['Rock']
G5vHZ_k2sKAwA,Yebba,2026-08-26,Rock,Pop,G5vHZ_k2sKAwA,London,1.0,['Rock']
LvZ18Q3-aYyk288ZwgySC,Omar 'Brighter The Days',2026-08-26,R&B,Soul,LvZ18Q3-aYyk288ZwgySC,Nottingham,1.0,['R&B']
LvZ18QOsfCMI3j8Zzx1pG,Golomb,2026-08-26,Alternative,Indie Rock,LvZ18QOsfCMI3j8Zzx1pG,Manchester,1.0,['Alternative']
LvZ18QhVfOYZpwOZH2vla,Nation of Language,2026-08-26,Alternative,Alternative Rock,LvZ18QhVfOYZpwOZH2vla,Bristol,2.0,['Alternative']
LvZ18QxNdIpneIZZvvpWZ,"Producers Playground: Live Jazzy House, Nu-Soul & Hip Hop",2026-08-26,Jazz,Jazz,LvZ18QxNdIpneIZZvvpWZ,London,3.0,['Jazz']
LvZ18Qxnk0KMk7YZztHjc,Jane Remover,2026-08-26,Alternative,Alternative,LvZ18Qxnk0KMk7YZztHjc,Leeds,1.0,['Alternative']
17CZv0G6GmQ9-E_,Crowe Boys,2026-08-26,Rock,Pop,17CZv0G6GmQ9-E_,Belfast ,1.0,['Rock']
17GOv0G6GwjMYtv,Haley Heynderickx,2026-08-26,Rock,Pop,17GOv0G6GwjMYtv,London,1.0,['Rock']
G5vHZbl9MXfO1,Queen of the Night - A Tribute to Whitney Houston,2026-08-26,Rock,Pop,G5vHZbl9MXfO1,Colne,1.0,['Rock']
LvZ18Q-pKAdcjPYvOthw_,Way Dynamic,2026-08-26,Folk,Alternative Folk,LvZ18Q-pKAdcjPYvOthw_,Manchester,1.0,['Folk']
LvZ18QNsGYdvDrnArZ_K-,BCUC,2026-08-26,World,African,LvZ18QNsGYdvDrnArZ_K-,Sheffield,1.0,['World']
LvZ18QOnWWJBgZ8vGIQ_Z,Violet Grohl,2026-08-26,Rock,Pop,LvZ18QOnWWJBgZ8vGIQ_Z,Glasgow,1.0,['Rock']
LvZ18Q0C9EzDQdjpkKdHc,"Live Jazz from the Piano Bar at Red Room Studios, Soho",2026-08-26,Jazz,Jazz,LvZ18Q0C9EzDQdjpkKdHc,London,3.0,['Jazz']
LvZ18Q2d2JJPnEYZ0EJhp,Le Freak: The Music of Chic & Nile Rodgers,2026-08-26,Dance/Electronic,Disco,LvZ18Q2d2JJPnEYZ0EJhp,London,1.0,['Dance/Electronic']
16dfZbSQ9G7zAB3,Leeds Festival 2026 - Souvenir Ticket,2026-08-26,Undefined,Undefined,16dfZbSQ9G7zAB3,Leeds,1.0,['Undefined']
1AMZkGSGkeByQBS,Reading Festival 2026 - Weekend + Early Entry Camping,2026-08-26,Undefined,Undefined,1AMZkGSGkeByQBS,Reading,1.0,['Undefined']
1AMZkGSGkeJ-Qad,Reading Festival 2026 - Campervan,2026-08-26,Undefined,Undefined,1AMZkGSGkeJ-Qad,Reading,1.0,['Undefined']
1AgZkGUGkeDDa6h,Leeds Festival 2026 - Weekend + Early Entry,2026-08-26,Undefined,Undefined,1AgZkGUGkeDDa6h,Leeds,1.0,['Undefined']
1agZkGU0g49Ze2v,Leeds Festival 2026 - Campervan,2026-08-26,Undefined,Undefined,1agZkGU0g49Ze2v,Leeds,1.0,['Undefined']
1kuYvNGyGACXtSN,Reading Festival 2026 - Souvenir Ticket,2026-08-26,Undefined,Undefined,1kuYvNGyGACXtSN,Reading,1.0,['Undefined']
16dbZ_6e8G7Ix36,McFly,2026-08-27,Pop,Pop,16dbZ_6e8G7Ix36,Glasgow,5.0,"['Pop', 'Undefined', 'Rock']"
1AdfZbUGkROCrKD,Richard Ashcroft,2026-08-27,Rock,Pop,1AdfZbUGkROCrKD,Colchester,4.0,"['Rock', 'Undefined']"
G5vHZ_72zCgTd,Rock N Roll Circus - The Kooks,2026-08-27,Rock,Pop,G5vHZ_72zCgTd,Sheffield,9.0,"['Rock', 'Alternative']"
G5vHZ_ACS2V5C,Rock N Roll Circus - Sheffield - 4 Day Weekend Ticket,2026-08-27,Rock,Pop,G5vHZ_ACS2V5C,Sheffield,1.0,['Rock']
LvZ18QjVILD1KbZZ05o-3,The Human League - Hitchin Live at the Priory,2026-08-27,Rock,Alternative Rock,LvZ18QjVILD1KbZZ05o-3,Hitchin,4.0,"['Rock', 'Pop']"
1AdfZbMGkm29VGi,Richard Ashcroft- Official Ticket and Hotel Bundls,2026-08-27,Rock,Pop,1AdfZbMGkm29VGi,Colchester,4.0,"['Rock', 'Undefined']"
1AUZkupGkdqJDWF,Edinburgh Summer Sessions - Deftones,2026-08-27,Rock,Alternative Rock,1AUZkupGkdqJDWF,Edinburgh,4.0,"['Rock', 'Alternative']"
1AdfZbUGkUQeJZ2,Leeds Festival 2026 - Thursday,2026-08-27,Undefined,Undefined,1AdfZbUGkUQeJZ2,Leeds,4.0,"['Undefined', 'Rock', 'Alternative']"
LvZ18QhRYp68RuYZ0-wYU,The Toasters,2026-08-27,Rock,Pop,LvZ18QhRYp68RuYZ0-wYU,London,1.0,['Rock']
LvZ18QxA7474GmZZ0St9g,DEL CAMINO + Salsa Taster Thu 27th Aug Live at The Jam House Birmingham,2026-08-27,Latin,Latin,LvZ18QxA7474GmZZ0St9g,Birmingham,1.0,['Latin']
1AgZkG0GkdVT0Hn,Ariana Grande - The Eternal Sunshine Tour,2026-08-27,Rock,Pop,1AgZkG0GkdVT0Hn,London,1.0,['Pop']
G5vHZbMECUz0E,Michael Ball: Glow UK Tour 2026,2026-08-27,Pop,Adult Contemporary,G5vHZbMECUz0E,Ipswich,1.0,['Pop']
LvZ18Q0C4HTwr5AZwuPVo,"Live Jazz from the Piano Bar at Red Room Studios, Soho",2026-08-27,Jazz,Jazz,LvZ18Q0C4HTwr5AZwuPVo,London,3.0,['Jazz']
17u8v0G6uMVCFJF,Belle Livingstone's 58th Street Country Club,2026-08-27,Jazz,Jazz,17u8v0G6uMVCFJF,London,1.0,['Jazz']
17uOv0G6ud-fFfX,Royal Blood,2026-08-27,Rock,Pop,17uOv0G6ud-fFfX,Southampton,1.0,['Rock']
1AdFZ_7GkRKcOiD,Ata Kak,2026-08-27,Pop,Electro Pop,1AdFZ_7GkRKcOiD,London,1.0,['Dance/Electronic']
1AdFZ_7GkRfS8cp,Ata Kak - Restaurant,2026-08-27,Pop,Electro Pop,1AdFZ_7GkRfS8cp,London,1.0,['Dance/Electronic']
1AdOZ_6GknDx-m3,White Denim,2026-08-27,Rock,Pop,1AdOZ_6GknDx-m3,Belfast,1.0,['Rock']
1AdOZ_FGkgybOmr,Jalen Ngonda,2026-08-27,R&B,Soul,1AdOZ_FGkgybOmr,Belfast,1.0,['R&B']
G5dzZ_7Scup3n,Bailey Zimmerman: Different Night Same Rodeo Tour 2026,2026-08-27,Country,Country,G5dzZ_7Scup3n,Glasgow,2.0,['Country']
G5dzZ_kpSk7G8,The Courteeners,2026-08-27,Rock,Pop,G5dzZ_kpSk7G8,Leicester,1.0,['Rock']
G5vHZ_6FgI5xH,Noah James,2026-08-27,Folk,Indie Folk,G5vHZ_6FgI5xH,Manchester,1.0,['Folk']
G5vHZ_6TFINgP,Josh Ross,2026-08-27,Country,Country,G5vHZ_6TFINgP,London,2.0,"['Country', 'Folk']"
G5vHZ_eBLz3ov,Red Leather,2026-08-27,Rock,Pop,G5vHZ_eBLz3ov,London,2.0,"['Rock', 'Alternative']"
LvZ18Q9Mw3ZGayYZwoYhZ,ACCEPT - 50 years of metal plus Tailgunner,2026-08-27,Metal,Heavy Metal,LvZ18Q9Mw3ZGayYZwoYhZ,Wolverhampton,2.0,"['Metal', 'Undefined']"
LvZ18QOjvQJILPYZzwU6I,Beatlemania,2026-08-27,Undefined,Undefined,LvZ18QOjvQJILPYZzwU6I,Southampton,1.0,['Undefined']
LvZ18QbcqQC5Hh8ZlQYrW,Gabrielle Live in Liverpool Cathedral,2026-08-27,Pop,Pop,LvZ18QbcqQC5Hh8ZlQYrW,Liverpool,3.0,"['Pop', 'Drama']"
LvZ18QbiD3QW64OZySzDu,KINGS OF THRASH “THE MEGA YEARS” featuring David Ellefson & Jeff Young,2026-08-27,Metal,Thrash & Speed,LvZ18QbiD3QW64OZySzDu,Nuneaton,1.0,['Metal']
LvZ18Qh1hdf3HbYZVwnxQ,NITE,2026-08-27,Pop,Dream Pop,LvZ18Qh1hdf3HbYZVwnxQ,Glasgow,3.0,"['Pop', 'Rock', 'Alternative']"
LvZ18QxN7FbzYRYZvNl7p,Round 41 - Live Jazz and Fusion Night,2026-08-27,Jazz,Jazz,LvZ18QxN7FbzYRYZvNl7p,London,3.0,['Jazz']
17GOv0G6C2iTOl2,Haley Heynderickx,2026-08-27,Rock,Pop,17GOv0G6C2iTOl2,London,1.0,['Rock']
G5vHZbV7EIlyQ,Queen of the Night - A Tribute to Whitney Houston,2026-08-27,Rock,Pop,G5vHZbV7EIlyQ,Merseyside,1.0,['Rock']
LvZ18QOFjroHa5ZvqSUnW,King Tut's Summer Nights Presents: Esther's Wife,2026-08-27,Rock,Pop,LvZ18QOFjroHa5ZvqSUnW,Glasgow,5.0,"['Rock', 'Folk']"
LvZ18Qh5dL6yW6YZHiaDu,This Is The Kit,2026-08-27,Blues,Blues,LvZ18Qh5dL6yW6YZHiaDu,York,1.0,['Blues']
1AgZk8MGkeVu7xx,ABBA Voyage,2026-08-27,Pop,Pop,1AgZk8MGkeVu7xx,London,1.0,['Pop']
1ku8v0uSGA2KyPr,Abba Voyage - VIP Premium Package,2026-08-27,Pop,Pop,1ku8v0uSGA2KyPr,London,1.0,['Pop']
17GOv0G6unxzOtl,Victã²Ria Vilalta + Paula MacÃ­a + Natalia Ungar + Lia Sky,2026-08-27,Folk,Indie Folk,17GOv0G6unxzOtl,London,,
LvZ18Q0C4HTwr5AZwuPV8,"Live Jazz from the Piano Bar at Red Room Studios, Soho",2026-08-27,Jazz,Jazz,LvZ18Q0C4HTwr5AZwuPV8,London,3.0,['Jazz']
15djZbSC3AyoE,Reading Festival 2026 - Weekend Camping,2026-08-27,Undefined,Undefined,15djZbSC3AyoE,Reading,1.0,['Undefined']
16djZbsCpG7W8Dk,Creamfields 2026 - Parking - Weekend Camping,2026-08-27,Undefined,Undefined,16djZbsCpG7W8Dk,Cheshire,1.0,['Undefined']
1AMZkG3GkdPJM7B,Freshfields - Downtown Weekend Pass,2026-08-27,Undefined,Undefined,1AMZkG3GkdPJM7B,Cheshire,1.0,['Undefined']
1AMZkG3GkdbI0BW,Freshfields - Downtown & Arena Weekend Pass,2026-08-27,Undefined,Undefined,1AMZkG3GkdbI0BW,Cheshire,1.0,['Undefined']
1AMZkG3GkewdeRn,Creamfields 2026 - Charge Candy - Weekend Package (4-day hire),2026-08-27,Undefined,Undefined,1AMZkG3GkewdeRn,Cheshire,1.0,['Undefined']
1AdjZbsGkRCIsir,Creamfields 2026 - Souvenir Ticket,2026-08-27,Undefined,Undefined,1AdjZbsGkRCIsir,Cheshire,1.0,['Undefined']
1AdjZbwGkTYSxQk,Dreamfields 2026 - Luxury Cabin (En-Suite) Full Price and Payment Plan,2026-08-27,Undefined,Undefined,1AdjZbwGkTYSxQk,Cheshire,1.0,['Undefined']
1AdjZbwGkTYV3hS,Dreamfields 2026 - Luxury Tipi - Full Price and Payment Plan,2026-08-27,Undefined,Undefined,1AdjZbwGkTYV3hS,Cheshire,1.0,['Undefined']
1AdjZbwGkTYYe9H,Dreamfields 2026 - Classic Bell - Full Price and Payment Plan,2026-08-27,Undefined,Undefined,1AdjZbwGkTYYe9H,Cheshire,1.0,['Undefined']
1AdjZbwGkTYgxjC,Pre-Pitched Tents 2026 - Full Price and Payment Plan,2026-08-27,Undefined,Undefined,1AdjZbwGkTYgxjC,Cheshire,1.0,['Undefined']
1AdjZbwGkTYsx_9,Dreamfields 2026 - Crew Hut - Full Price and Payment Plan,2026-08-27,Undefined,Undefined,1AdjZbwGkTYsx_9,Cheshire,1.0,['Undefined']
1AdjZbwGkTYwx_T,Dreamfields 2026 - Luxury Bell - Full Price and Payment Plan,2026-08-27,Undefined,Undefined,1AdjZbwGkTYwx_T,Cheshire,1.0,['Undefined']
1AdjZbwGkTYzejt,Dreamfields 2026 - Airstream - Full Price and Payment Plan,2026-08-27,Undefined,Undefined,1AdjZbwGkTYzejt,Cheshire,1.0,['Undefined']
1AdjZbwGkXn3ouR,Dreamfields 2026 - Cabin for 2 - Full Price and Payment Plan,2026-08-27,Undefined,Undefined,1AdjZbwGkXn3ouR,Cheshire,1.0,['Undefined']
1AdjZbwGkXnovub,Dreamfields 2026 - Bell House - Full Price and Payment Plan,2026-08-27,Undefined,Undefined,1AdjZbwGkXnovub,Cheshire,1.0,['Undefined']
1AdjZbwGknOS8VE,Creamfields 2026 - Advance Hoodie 2026,2026-08-27,Undefined,Undefined,1AdjZbwGknOS8VE,Cheshire,1.0,['Undefined']
1AgZkGUGkeJa9GF,Leeds Festival 2026 - Weekend,2026-08-27,Undefined,Undefined,1AgZkGUGkeJa9GF,Leeds,1.0,['Undefined']
1kuYvN7tGA1uwuQ,Creamfields 2026 - Lanyard Souvenir,2026-08-27,Undefined,Undefined,1kuYvN7tGA1uwuQ,Cheshire,1.0,['Undefined']
1kuYvN7zGA2hZiV,Freshfields - Arena Weekend Pass,2026-08-27,Undefined,Undefined,1kuYvN7zGA2hZiV,Cheshire,1.0,['Undefined']
1AdjZbVGklbLnsr,Reading Festival 2026 - Friday,2026-08-28,Undefined,Undefined,1AdjZbVGklbLnsr,Reading,32.0,"['Undefined', 'Alternative', 'Pop', 'Hip-Hop/Rap', 'Dance/Electronic', 'Rock']"
1AdfZbVGknSbIFR,Leeds Festival 2026 - Friday,2026-08-28,Undefined,Undefined,1AdfZbVGknSbIFR,Leeds,29.0,"['Undefined', 'Dance/Electronic', 'Rock', 'Pop', 'Hip-Hop/Rap', 'Alternative']"
LvZ18Q3F7DbyKVZvjuCEg,The Long Road 2026,2026-08-28,Country,Classic Country,LvZ18Q3F7DbyKVZvjuCEg,Leicestershire,13.0,"['Country', 'Pop', 'Folk', 'Rock']"
LvZ18QQAEpgHtx8ZwYREz,The Long Road - Friday 2026,2026-08-28,Country,Country,LvZ18QQAEpgHtx8ZwYREz,Leicestershire,7.0,"['Country', 'Folk', 'Rock']"
1AMZkudGkdl-Cnk,"All Points East - Tyler, the Creator",2026-08-28,Rock,Pop,1AMZkudGkdl-Cnk,London,2.0,"['Rock', 'Hip-Hop/Rap']"
LvZ18QjVc4h1KbZZ05oTZ,RUDIM3NTAL - Hitchin Live at the Priory,2026-08-28,Dance/Electronic,Dance/Electronic,LvZ18QjVc4h1KbZZ05oTZ,Hitchin,6.0,"['Dance/Electronic', 'Hip-Hop/Rap', 'Pop']"
1AMZkG3GkdO0gyV,Freshfields - Arena Friday Pass,2026-08-28,Undefined,Undefined,1AMZkG3GkdO0gyV,Cheshire,1.0,['Undefined']
1AMZkGKGke0BvAa,Creamfields 2026 - Friday - Gold Payment Plan,2026-08-28,Undefined,Undefined,1AMZkGKGke0BvAa,Cheshire,42.0,"['Undefined', 'Dance/Electronic', 'Alternative']"
1AMZkGKGke0go7f,Creamfields 2026 - Friday - Standard Payment Plan,2026-08-28,Undefined,Undefined,1AMZkGKGke0go7f,Cheshire,42.0,"['Undefined', 'Dance/Electronic', 'Alternative']"
1AdjZbYGkD2bJJB,Creamfields 2026 - Friday - Standard,2026-08-28,Undefined,Undefined,1AdjZbYGkD2bJJB,Cheshire,42.0,"['Undefined', 'Dance/Electronic', 'Alternative']"
1AdjZbYGkDszJzn,Creamfields 2026 - Friday - Gold,2026-08-28,Undefined,Undefined,1AdjZbYGkDszJzn,Cheshire,42.0,"['Undefined', 'Dance/Electronic', 'Alternative']"
1AUZkobGkdc6tIW,Callum Beattie,2026-08-28,Rock,Pop,1AUZkobGkdc6tIW,Glasgow,5.0,"['Rock', 'Undefined', 'Alternative', 'Folk']"
1AdfZ_eGkBCYx_3,JLS,2026-08-28,Rock,Pop,1AdfZ_eGkBCYx_3,Colchester,4.0,"['Rock', 'Undefined', 'Pop']"
G5vHZbUScotLu,Rock N Roll Circus - The Streets,2026-08-28,Rock,Pop,G5vHZbUScotLu,Sheffield,8.0,"['Rock', 'Hip-Hop/Rap', 'Alternative', 'Pop']"
1AgZkoAGkdml95O,JLS- Official Ticket and Hotel Bundls,2026-08-28,Rock,Pop,1AgZkoAGkdml95O,Colchester,2.0,"['Rock', 'Undefined']"
G5vHZbUlOUbBm,Pulp,2026-08-28,Rock,Pop,G5vHZbUlOUbBm,Manchester,2.0,"['Rock', 'Pop']"
LvZ18QNVohvqVBettFjs1,"The Enemy | Blackpool, Winter Gardens",2026-08-28,Rock,Alternative Rock,LvZ18QNVohvqVBettFjs1,Blackpool,4.0,"['Rock', 'Alternative']"
1AeGZbUGkBCIvFy,Jane McDonald - Living the Dream - Live Lounge Premium Package,2026-08-28,Rock,Pop,1AeGZbUGkBCIvFy,Derby,2.0,"['Rock', 'Undefined']"
1AgZkuVGkd1i9cb,Fatboy Slim,2026-08-28,Dance/Electronic,Amapiano,1AgZkuVGkd1i9cb,Margate,3.0,['Dance/Electronic']
1AdfZbVGkT8399X,Bastille,2026-08-28,Rock,Pop,1AdfZbVGkT8399X,Halifax,3.0,"['Rock', 'Jazz']"
1AeGZbUGkDb-ssA,Jane McDonald - Living The Dream,2026-08-28,Rock,Pop,1AeGZbUGkDb-ssA,Derby,1.0,['Rock']
LvZ18QrXoGDQ158ZPVVtQ,50 Years Of Rough Trade Presents - VIAGRA BOYS,2026-08-28,Rock,Punk,LvZ18QrXoGDQ158ZPVVtQ,Liverpool,1.0,['Rock']
LvZ18QxNGBPZeYOZvC6Lx,Alfies Soho - Live Jazz and Blues,2026-08-28,Jazz,Jazz,LvZ18QxNGBPZeYOZvC6Lx,London,2.0,['Jazz']
1AdfZbMGkROG5rm,Bastille - Official Ticket and Hotel Bundls,2026-08-28,Rock,Pop,1AdfZbMGkROG5rm,Halifax,2.0,['Rock']
1AgZkG0GkdgvgZ0,Ariana Grande - The Eternal Sunshine Tour,2026-08-28,Rock,Pop,1AgZkG0GkdgvgZ0,London,1.0,['Pop']
G5vHZ_kbfwnHT,Earl Sweatshirt & MIKE - Home on the Range Tour 2026,2026-08-28,Hip-Hop/Rap,Trap,G5vHZ_kbfwnHT,Nottingham,2.0,['Hip-Hop/Rap']
LvZ18QLltL0yg48ZltqB8,Ray Gelato and the Giants | Soul Mama Islington,2026-08-28,Jazz,Jazz,LvZ18QLltL0yg48ZltqB8,London,1.0,['Jazz']
LvZ18QOoyo3tpRYv5_3FF,Scordatura 'Led Into Oblivion' Album Release Show,2026-08-28,Metal,Death Metal/Black Metal,LvZ18QOoyo3tpRYv5_3FF,Glasgow,1.0,['Metal']
LvZ18QxNAv4ZeYOZvC6_K,"Live Jazz from the Piano Bar at Red Room Studios, Soho",2026-08-28,Jazz,Jazz,LvZ18QxNAv4ZeYOZvC6_K,London,3.0,['Jazz']
LvZ18QxZYluqXtYvGHnzc,Levitation Orchestra,2026-08-28,Jazz,Jazz,LvZ18QxZYluqXtYvGHnzc,London,1.0,['Jazz']
17u8v0G6uMVjbIi,Belle Livingstone's 58th Street Country Club,2026-08-28,Jazz,Jazz,17u8v0G6uMVjbIi,London,1.0,['Jazz']
1AgZk3FGkeRRUR2,Jack White,2026-08-28,Rock,Pop,1AgZk3FGkeRRUR2,Bristol,1.0,['Rock']
1AwZku6GkdWr-3L,Simple Minded & Deacon Blues,2026-08-28,Undefined,Undefined,1AwZku6GkdWr-3L,Glasgow,2.0,['Undefined']
1ku8v0jNGAuan6l,Noah James,2026-08-28,Folk,Indie Folk,1ku8v0jNGAuan6l,London,1.0,['Folk']
G5dzZ_k7lEBnL,The Harry Styles Tribute Show starring Sean Mac,2026-08-28,Other,Other,G5dzZ_k7lEBnL,Liverpool,1.0,['Other']
G5dzZbshsSoDJ,Gareth Taylor and his Queenies' (formally Bulsara and his Queenies),2026-08-28,Rock,Pop,G5dzZbshsSoDJ,London,1.0,['Rock']
LvZ18QbEpfx1t7YZy94py,Leo Green Presents: The Secret Sax Party,2026-08-28,Jazz,Jazz,LvZ18QbEpfx1t7YZy94py,London,1.0,['Jazz']
LvZ18QbKZKCcWoOZwfR40,Weetwood Mac,2026-08-28,Rock,Rock,LvZ18QbKZKCcWoOZwfR40,Southampton,1.0,['Rock']
LvZ18Qh19onbqZOZiXjgO,NITE,2026-08-28,Pop,Dream Pop,LvZ18Qh19onbqZOZiXjgO,London,3.0,"['Pop', 'Rock', 'Alternative']"
LvZ18QjaziBe68OvO98Q1,James Morrison Live in Liverpool Cathedral,2026-08-28,Rock,Pop,LvZ18QjaziBe68OvO98Q1,Liverpool,1.0,['Rock']
LvZ18QxNe-cEv4YZvc-Rf,Soho Spotlight - Friday Live Performance,2026-08-28,Jazz,Jazz,LvZ18QxNe-cEv4YZvc-Rf,London,3.0,['Jazz']
17uOvxG6GR9bfZu,Queen of the Night - A Tribute to Whitney Houston,2026-08-28,Rock,Pop,17uOvxG6GR9bfZu,York,1.0,['Rock']
1AUZkGkGkdLZoJY,Venue Premium Tickets - Queen of the Night,2026-08-28,Rock,Pop,1AUZkGkGkdLZoJY,York,2.0,"['Rock', 'Undefined']"
1AdfZbMGkn0ePyY,The Glam Rock Show - Get It On!,2026-08-28,Rock,Pop,1AdfZbMGkn0ePyY,Scarborough,,
1kuYv0aSGA1qfkO,Man In The Mirror,2026-08-28,Undefined,Undefined,1kuYv0aSGA1qfkO,Bath,1.0,['Undefined']
LvZ18Q9d9umGneYZY1Ydh,Shadowplay - The Definitive Joy Division Tribute,2026-08-28,Rock,Rock,LvZ18Q9d9umGneYZY1Ydh,Newcastle Upon Tyne,1.0,['Rock']
LvZ18QK5IH7u_OZZlHCiM,GOLOMB,2026-08-28,Alternative,Indie Rock,LvZ18QK5IH7u_OZZlHCiM,London,1.0,['Alternative']
LvZ18QKPmSW3aiOZYLa7N,The Bon Jovi Experience,2026-08-28,Undefined,Undefined,LvZ18QKPmSW3aiOZYLa7N,Nuneaton,1.0,['Undefined']
LvZ18QOFqwvHBs8v1oRZn,King Tut's Summer Nights Presents: Roller Disco Death Party,2026-08-28,Rock,Pop,LvZ18QOFqwvHBs8v1oRZn,Glasgow,5.0,"['Rock', 'Dance/Electronic', 'Alternative']"
LvZ18QbiDbYpx3ZZyuDv9,Last Resort - Nu-Metal Night - 28 August 2026,2026-08-28,Rock,Punk,LvZ18QbiDbYpx3ZZyuDv9,Hertford,1.0,['Rock']
1AgZk8MGkeVQ0xn,ABBA Voyage,2026-08-28,Pop,Pop,1AgZk8MGkeVQ0xn,London,1.0,['Pop']
1ku8v0uSGA2-_Pl,Abba Voyage - VIP Premium Package,2026-08-28,Pop,Pop,1ku8v0uSGA2-_Pl,London,1.0,['Pop']
LvZ18Q0ftuLeh1HEc50E2,"Eddie Prévost, Binker Golding, Olie Brice – trio",2026-08-28,Jazz,Jazz,LvZ18Q0ftuLeh1HEc50E2,London,3.0,['Jazz']
17GOv0G6GCVnOEg,Pontus Peace + Handsome Waitress + Rattlesnake Hum + Donquix Hotel,2026-08-28,Pop,Pop,17GOv0G6GCVnOEg,London,,
LvZ18Q_GxGyI7KOZwplvA,Tyne Maiden - Iron Maiden Tribute,2026-08-28,Metal,Metal,LvZ18Q_GxGyI7KOZwplvA,Stockton-on-Tees,1.0,['Metal']
LvZ18QxNGBPZeYOZvC6LN,Alfies Soho - Live Jazz and Blues,2026-08-28,Jazz,Jazz,LvZ18QxNGBPZeYOZvC6LN,London,2.0,['Jazz']
LvZ18QxNAv4ZeYOZvC6_f,"Live Jazz from the Piano Bar at Red Room Studios, Soho",2026-08-28,Jazz,Jazz,LvZ18QxNAv4ZeYOZvC6_f,London,3.0,['Jazz']
LvZ18QN1bHioopZvObBaB,Ray Keith's Dread Bank Holiday,2026-08-28,Dance/Electronic,Club Dance,LvZ18QN1bHioopZvObBaB,London ,13.0,"['Dance/Electronic', 'Hip-Hop/Rap']"
G5dzZ_G1Axvg9,Nightvision x Disfunktion Presents Natte Visstick,2026-08-28,Pop,Electro Pop,G5dzZ_G1Axvg9,Glasgow,1.0,['Dance/Electronic']
LvZ18QqyAPuLlCOZ0bdoE,Juls: 4 Fridays at Jazz Cafe (Summer Residency – Week 3),2026-08-28,Dance/Electronic,Electro-Jazz,LvZ18QqyAPuLlCOZ0bdoE,London,2.0,['Dance/Electronic']
LvZ18QNAraXaVOYZgHh-m,Channel One Sound System - Carnival Warm Up,2026-08-28,Reggae,Reggae,LvZ18QNAraXaVOYZgHh-m,London,1.0,['Reggae']
LvZ18QjntWFOuGOZ0PovD,Busspepper Presents Bacchanal Friday,2026-08-28,Rock,Alternative Rock,LvZ18QjntWFOuGOZ0PovD,London,1.0,['Rock']
1AMZk8IGkendoOV,Reading Festival 2026 - Friday and Sunday Non-Camping,2026-08-28,Undefined,Undefined,1AMZk8IGkendoOV,Reading,1.0,['Undefined']
1AMZkGKGkeSY-5_,Creamfields 2026 - 3 Day Gold Non Camping (Fri-Sun) - Payment Plan,2026-08-28,Undefined,Undefined,1AMZkGKGkeSY-5_,Cheshire,3.0,"['Undefined', 'Pop', 'Dance/Electronic']"
1AMZkGKGkeSm-56,Creamfields 2026 - 2 Day Gold Non Camping (Fri-Sat) - Payment Plan,2026-08-28,Undefined,Undefined,1AMZkGKGkeSm-56,Cheshire,2.0,"['Undefined', 'Pop']"
1AMZkGKGkewb-1P,Creamfields 2026 - 3 Day Standard Non Camping (Fri-Sun) - Payment Plan,2026-08-28,Undefined,Undefined,1AMZkGKGkewb-1P,Cheshire,3.0,"['Undefined', 'Pop', 'Dance/Electronic']"
1AMZkGKGkewpv1f,Creamfields 2026 - 2 Day Standard Non Camping (Fri-Sat) - Payment Plan,2026-08-28,Undefined,Undefined,1AMZkGKGkewpv1f,Cheshire,3.0,"['Undefined', 'Pop', 'Dance/Electronic']"
1AMZkukGkdMwj6j,"All Points East - Tyler, the Creator - Two Day Event",2026-08-28,Rock,Pop,1AMZkukGkdMwj6j,London,2.0,"['Rock', 'Hip-Hop/Rap']"
1AUZku4Gkes1bPx,Bon Jovi: FOREVER TOUR,2026-08-28,Rock,Pop,1AUZku4Gkes1bPx,Edinburgh,1.0,['Rock']
1AdfZbUGkU7zVvj,Leeds Festival 2026 - Weekend - Arena Only,2026-08-28,Undefined,Undefined,1AdfZbUGkU7zVvj,Leeds,1.0,['Undefined']
1AdfZbUGkUntEOy,Leeds Festival 2026 - Friday & Saturday,2026-08-28,Undefined,Undefined,1AdfZbUGkUntEOy,Leeds,1.0,['Undefined']
1AdjZbUGkM63JHR,Reading Festival 2026 - Friday and Saturday Non-Camping,2026-08-28,Undefined,Undefined,1AdjZbUGkM63JHR,Reading,1.0,['Undefined']
1AdjZbUGkUwUglf,Reading Festival 2026 - Weekend Non-Camping,2026-08-28,Undefined,Undefined,1AdjZbUGkUwUglf,Reading,1.0,['Undefined']
1AdjZbYGkTKAfYh,Creamfields 2026 - 3 Day Gold Non Camping (Friday-Sunday),2026-08-28,Undefined,Undefined,1AdjZbYGkTKAfYh,Cheshire,3.0,"['Undefined', 'Pop', 'Dance/Electronic']"
1AdjZbYGkTKdfme,Creamfields 2026 - 2 Day Gold Non Camping (Friday/Saturday),2026-08-28,Undefined,Undefined,1AdjZbYGkTKdfme,Cheshire,3.0,"['Undefined', 'Pop', 'Dance/Electronic']"
1AdjZbYGkTuD0iq,Creamfields 2026 - 3 Day Standard Non Camping (Friday-Sunday),2026-08-28,Undefined,Undefined,1AdjZbYGkTuD0iq,Cheshire,3.0,"['Undefined', 'Pop', 'Dance/Electronic']"
1AdjZbYGkTuyfls,Creamfields 2026 - 2 Day Standard Non Camping (Friday/Saturday),2026-08-28,Undefined,Undefined,1AdjZbYGkTuyfls,Cheshire,3.0,"['Undefined', 'Pop', 'Dance/Electronic']"
1adjZbsC338ZdG6G,Creamfields 2026 - Parking - Non Camping,2026-08-28,Undefined,Undefined,1adjZbsC338ZdG6G,Cheshire,1.0,['Undefined']
G5vHZ_k3nTNZ1,Rock N Roll Circus - Sheffield - 3 Day Weekend Ticket,2026-08-28,Rock,Pop,G5vHZ_k3nTNZ1,Sheffield,1.0,['Rock']
1kuYvN3KGAu8ixk,Reading Festival 2026 - Saturday,2026-08-29,Undefined,Undefined,1kuYvN3KGAu8ixk,Reading,36.0,"['Undefined', 'Pop', 'Hip-Hop/Rap', 'Alternative', 'Rock', 'Dance/Electronic', 'Folk', 'R&B']"
1AdfZbVGklFrtT2,Leeds Festival 2026 - Saturday,2026-08-29,Undefined,Undefined,1AdfZbVGklFrtT2,Leeds,31.0,"['Undefined', 'Alternative', 'Pop', 'Hip-Hop/Rap', 'Rock', 'R&B', 'Dance/Electronic']"
LvZ18_DxABbRIVOZ-NtdL,The Long Road - Saturday 2026,2026-08-29,Country,Country,LvZ18_DxABbRIVOZ-NtdL,Leicestershire,15.0,"['Country', 'Folk', 'Rock']"
1AdbZ_7GkmImKEf,Aardman In Concert - Venue Premium Tickets,2026-08-29,Classical,Classical/Vocal,1AdbZ_7GkmImKEf,York,2.0,"['Classical', 'Undefined']"
G5vHZ_apbcwE9,DAY FEVER FESTIVAL 2026,2026-08-29,Pop,Electro Pop,G5vHZ_apbcwE9,Nottingham,1.0,['Dance/Electronic']
17u8v0G6uMVnIlD,Belle Livingstone's 58th Street Country Club,2026-08-29,Jazz,Jazz,17u8v0G6uMVnIlD,London,1.0,['Jazz']
G5vHZ_d3PLK2V,Rock N Roll Circus - Wunderhorse,2026-08-29,Rock,Pop,G5vHZ_d3PLK2V,Sheffield,12.0,"['Rock', 'Alternative']"
16gZkusPvZAC7ek5,Fatboy Slim,2026-08-29,Dance/Electronic,Amapiano,16gZkusPvZAC7ek5,Colchester,6.0,"['Dance/Electronic', 'Undefined']"
1AMZkG3Gkd0t97R,Freshfields - Arena Saturday Pass,2026-08-29,Undefined,Undefined,1AMZkG3Gkd0t97R,Cheshire,1.0,['Undefined']
1AMZkGKGke0DoAf,Creamfields 2026 - Saturday - Gold Payment Plan,2026-08-29,Undefined,Undefined,1AMZkGKGke0DoAf,Cheshire,60.0,"['Undefined', 'Pop', 'Dance/Electronic', 'Reggae', 'Rock', 'Hip-Hop/Rap']"
1AMZkGKGke0U-7b,Creamfields 2026 - Saturday - Standard Payment Plan,2026-08-29,Undefined,Undefined,1AMZkGKGke0U-7b,Cheshire,60.0,"['Undefined', 'Pop', 'Dance/Electronic', 'Reggae', 'Rock', 'Hip-Hop/Rap']"
1AMZkudGkdDeA6j,"All Points East - Tyler, the Creator",2026-08-29,Rock,Pop,1AMZkudGkdDeA6j,London,2.0,"['Rock', 'Hip-Hop/Rap']"
1AUZkobGkdVKaXD,Big City 2026,2026-08-29,Undefined,Undefined,1AUZkobGkdVKaXD,Glasgow,11.0,"['Undefined', 'Rock', 'Folk', 'Alternative', 'Pop', 'Other']"
1AdbZ_7GkmImNE9,Aardman In Concert - Venue Premium Tickets,2026-08-29,Classical,Classical/Vocal,1AdbZ_7GkmImNE9,York,2.0,"['Classical', 'Undefined']"
1AdjZbYGkD2_kE6,Creamfields 2026 - Saturday - Standard,2026-08-29,Undefined,Undefined,1AdjZbYGkD2_kE6,Cheshire,60.0,"['Undefined', 'Pop', 'Dance/Electronic', 'Reggae', 'Rock', 'Hip-Hop/Rap']"
1AdjZbYGkDsykzm,Creamfields 2026 - Saturday - Gold,2026-08-29,Undefined,Undefined,1AdjZbYGkDsykzm,Cheshire,60.0,"['Undefined', 'Pop', 'Dance/Electronic', 'Reggae', 'Rock', 'Hip-Hop/Rap']"
LvZ18QjVRQf6vcYvG0nq6,The Libertines - Hitchin Live at the Priory,2026-08-29,Rock,Alternative Rock,LvZ18QjVRQf6vcYvG0nq6,Hitchin,5.0,"['Rock', 'Pop']"
LvZ18Qjms9oYFhOvORyb_,Day Fever Outdoors - Chester,2026-08-29,Dance/Electronic,Dance/Electronic,LvZ18Qjms9oYFhOvORyb_,Chester,1.0,['Dance/Electronic']
1ANZkoVGkdqpoGi,East Midlands Gospel Music Festival 2026,2026-08-29,Religious,Gospel,1ANZkoVGkdqpoGi,Derby,,
1AgZk8MGkeVEVxz,ABBA Voyage,2026-08-29,Pop,Pop,1AgZk8MGkeVEVxz,London,1.0,['Pop']
1ku8v0uSGA2myJA,Abba Voyage - VIP Premium Package,2026-08-29,Pop,Pop,1ku8v0uSGA2myJA,London,1.0,['Pop']
G5dzZ_1mNq34H,Breakin Science + Drumatics Leicester: Summer Outdoor Terrace Party,2026-08-29,Pop,Electro Pop,G5dzZ_1mNq34H,Leicester,1.0,['Dance/Electronic']
G5vHZbVX9kfDH,Courteeners At Live From Wythenshawe Park,2026-08-29,Rock,Pop,G5vHZbVX9kfDH,Manchester,5.0,"['Rock', 'Alternative', 'Pop']"
LvZ18Q0Q7IjUD89T5e-rA,Mood II Swing (Day & Night Party),2026-08-29,Dance/Electronic,Dance/Electronic,LvZ18Q0Q7IjUD89T5e-rA,London,1.0,['Dance/Electronic']
LvZ18QhA_kg7UDOZiNEEu,Day Fever - Glasgow,2026-08-29,Dance/Electronic,Dance/Electronic,LvZ18QhA_kg7UDOZiNEEu,Glasgow,1.0,['Dance/Electronic']
LvZ18Qr9MmrFok8vqA6Z1,Eric Luttrell - Summer Of Love Tour 2026 - Manchester,2026-08-29,Dance/Electronic,Dance/Electronic,LvZ18Qr9MmrFok8vqA6Z1,Manchester,1.0,['Dance/Electronic']
1AUZku8GkexFggP,Edinburgh Summer Sessions - The Prodigy,2026-08-29,Pop,Electro Pop,1AUZku8GkexFggP,Edinburgh,6.0,"['Dance/Electronic', 'Hip-Hop/Rap', 'Reggae', 'Rock']"
1AdfZbMGkm0wJfv,Back to The Seaside,2026-08-29,Other,Other,1AdfZbMGkm0wJfv,Scarborough,,
1adOZ_de8jsZd576,Emerge 2026 - Saturday Day Tickets - Hannah Laing,2026-08-29,Undefined,Undefined,1adOZ_de8jsZd576,Belfast,7.0,"['Undefined', 'Dance/Electronic']"
G5vHZ_eTUbAV4,Scouting for Girls,2026-08-29,Rock,Pop,G5vHZ_eTUbAV4,Doncaster,3.0,['Rock']
LvZ18QqWRUzhccYvqMqD2,"Live from the Folk Park: Gareth, Niamh Noade, Meadhbh Walsh and others",2026-08-29,Country,Country,LvZ18QqWRUzhccYvqMqD2,Omagh,4.0,"['Country', 'Folk', 'Pop']"
1AdfZbMGkmO5Ayd,Fatboy Slim- Official Ticket and Hotel Bundls,2026-08-29,Pop,Electro Pop,1AdfZbMGkmO5Ayd,Colchester,2.0,"['Dance/Electronic', 'Undefined']"
16dOZ_A1kG7BsKl,Wolf Alice,2026-08-29,Rock,Alternative Rock,16dOZ_A1kG7BsKl,Belfast,2.0,"['Rock', 'Undefined']"
1AUZkuyGkd9ozYU,Michael Ball: Glow UK Tour 2026,2026-08-29,Pop,Adult Contemporary,1AUZkuyGkd9ozYU,Oxford,1.0,['Pop']
1AzZk8VGkdVNsWt,The Wolfe Tones,2026-08-29,Folk,Indie Folk,1AzZk8VGkdVNsWt,Belfast,1.0,['Folk']
1AzZk8gGkdOuvUk,Share A Suite - The Wolfe Tones,2026-08-29,Rock,Pop,1AzZk8gGkdOuvUk,Belfast,2.0,"['Rock', 'Folk']"
LvZ18Q-O2DqsXs8ZIV2g6,Cerebral Incubation,2026-08-29,Metal,Death Metal/Black Metal,LvZ18Q-O2DqsXs8ZIV2g6,London,1.0,['Metal']
LvZ18QxNGBN2PM8Zv-dL-,Alfies Soho - Live Jazz and Blues,2026-08-29,Jazz,Jazz,LvZ18QxNGBN2PM8Zv-dL-,London,2.0,['Jazz']
1AUZkugGke-LEFv,Venue Premium - The Waterboys - Fisherman's Blues Revue,2026-08-29,Community/Civic,Community/Civic,1AUZkugGke-LEFv,Glasgow,2.0,"['Undefined', 'Rock']"
1kuOvNjyGA1QU9X,The Waterboys - Fisherman's Blues Revue,2026-08-29,Rock,Alternative Rock,1kuOvNjyGA1QU9X,Glasgow,2.0,"['Rock', 'Country']"
17u8v0G6uMVzzmd,Belle Livingstone's 58th Street Country Club,2026-08-29,Jazz,Jazz,17u8v0G6uMVzzmd,London,1.0,['Jazz']
1AdOZ_eGkDLReAC,The Illegals,2026-08-29,Country,Country,1AdOZ_eGkDLReAC,Belfast,1.0,['Country']
1AwZkCdGkd_yZyr,Shez Raja Ft. Guthrie Govan,2026-08-29,Jazz,Jazz,1AwZkCdGkd_yZyr,London,2.0,"['Jazz', 'Rock']"
1AwZkCdGkdpqZzn,Shez Raja Ft. Guthrie Govan - Restaurant,2026-08-29,Jazz,Jazz Funk,1AwZkCdGkdpqZzn,London,2.0,"['Jazz', 'Rock']"
G5dzZ_171jk_G,Kawehi,2026-08-29,Rock,Alternative Rock,G5dzZ_171jk_G,London,1.0,['Rock']
G5dzZ_Arxo3L7,The Harry Styles Tribute Show starring Sean Mac,2026-08-29,Other,Other,G5dzZ_Arxo3L7,Leicester,1.0,['Other']
G5dzZ_FNFWA-f,Jack White - Live 2026,2026-08-29,Rock,Pop,G5dzZ_FNFWA-f,Newcastle Upon Tyne,1.0,['Rock']
G5dzZbsptLsqt,Gareth Taylor and his Queenies (formally Bulsara and his Queenies),2026-08-29,Rock,Pop,G5dzZbsptLsqt,Birmingham,1.0,['Rock']
G5vHZ_eBjExk8,Red Leather,2026-08-29,Rock,Pop,G5vHZ_eBjExk8,Manchester,2.0,"['Rock', 'Alternative']"
LvZ18Q4RpyriODOZyDj32,The Eminem Experience,2026-08-29,Hip-Hop/Rap,Hip-Hop/Rap,LvZ18Q4RpyriODOZyDj32,Norwich ,1.0,['Hip-Hop/Rap']
LvZ18QNgoSw-wEt8kzJuP,Ruby Fields,2026-08-29,Rock,Pop,LvZ18QNgoSw-wEt8kzJuP,London,3.0,"['Rock', 'Pop', 'Alternative']"
LvZ18QbdQrGMWR8ZwPxvO,Type Of Negative + Pantera A.D.,2026-08-29,Metal,Goth Metal,LvZ18QbdQrGMWR8ZwPxvO,Southampton,3.0,"['Metal', 'Rock']"
LvZ18QrdK4mjhWOZ08i4r,HOTEL CALEDONIA - EAGLES TRIBUTE,2026-08-29,Rock,Rock & Roll,LvZ18QrdK4mjhWOZ08i4r, Bathgate,1.0,['Rock']
1AdjZbUGkBH74cj,Whitney Queen of the Night,2026-08-29,Rock,Pop,1AdjZbUGkBH74cj,Hertford,1.0,['Rock']
1AgZkGNGkdKoSut,Thank ABBA for The Music,2026-08-29,Undefined,Undefined,1AgZkGNGkdKoSut,Whitby,1.0,['Undefined']
1kuYv0jtGAGWNfa,Whitney Queen of the Night,2026-08-29,Rock,Pop,1kuYv0jtGAGWNfa,Brighton,1.0,['Rock']
G5vHZbVEnwISC,Michael Starring Ben,2026-08-29,Undefined,Undefined,G5vHZbVEnwISC,Skegness,1.0,['Undefined']
G5vHZbgXXw9Yb,Jane McDonald - Living The Dream,2026-08-29,Rock,Pop,G5vHZbgXXw9Yb,Blackpool,1.0,['Rock']
LvZ18QOFLv9Qh0OZM_L0O,King Tut's Summer Nights Presents: Sean Choon & the prawn monsoon,2026-08-29,Rock,Pop,LvZ18QOFLv9Qh0OZM_L0O,Glasgow,5.0,"['Rock', 'Pop', 'R&B', 'Undefined']"
LvZ18QQI8u7OsgYZ0unaC,Stanley Dee,2026-08-29,Rock,Rock,LvZ18QQI8u7OsgYZ0unaC,Hertford,1.0,['Rock']
LvZ18QQJoNzvq58ZiCAPq,Dom Martin,2026-08-29,Blues,Acoustic Blues,LvZ18QQJoNzvq58ZiCAPq,Leeds,1.0,['Blues']
LvZ18QxRYn1Xs2YZzPBxj,Hovvdy,2026-08-29,Alternative,Alternative,LvZ18QxRYn1Xs2YZzPBxj,London,1.0,['Alternative']
1AgZk8MGkeVg0Nj,ABBA Voyage,2026-08-29,Pop,Pop,1AgZk8MGkeVg0Nj,London,1.0,['Pop']
1ku8v0uSGA2HaJY,Abba Voyage - VIP Premium Package,2026-08-29,Pop,Pop,1ku8v0uSGA2HaJY,London,1.0,['Pop']
LvZ18QN1a8WGMMOZ0zmWh,Simply Weller,2026-08-29,Pop,Pop Rock,LvZ18QN1a8WGMMOZ0zmWh,Brighton,1.0,['Pop']
LvZ18QxNGBN2PM8Zv-dLx,Alfies Soho - Live Jazz and Blues,2026-08-29,Jazz,Jazz,LvZ18QxNGBN2PM8Zv-dLx,London,2.0,['Jazz']
LvZ18Qf8AZX3zfYZlSAp9,Nirvanah,2026-08-29,Rock,Garage Rock,LvZ18Qf8AZX3zfYZlSAp9,St Albans,1.0,['Rock']
LvZ18QN8ZslwJdOZ0OCtn,Live Band Karaoke,2026-08-29,Undefined,Undefined,LvZ18QN8ZslwJdOZ0OCtn,London,1.0,['Undefined']
LvZ18Qxvi81Dw78Z0I7uS,Soul City: House music every Saturday,2026-08-29,Undefined,Undefined,LvZ18Qxvi81Dw78Z0I7uS,London,2.0,"['Undefined', 'Dance/Electronic']"
1AMZkGKGkeSRo59,Creamfields 2026 - 2 Day Gold Non Camping (Sat-Sun) - Payment Plan,2026-08-29,Undefined,Undefined,1AMZkGKGkeSRo59,Cheshire,3.0,"['Undefined', 'Pop', 'Dance/Electronic']"
1AMZkGKGkew9-1O,Creamfields 2026 - 2 Day Standard Non Camping (Sat-Sun) - Payment Plan,2026-08-29,Undefined,Undefined,1AMZkGKGkew9-1O,Cheshire,3.0,"['Undefined', 'Pop', 'Dance/Electronic']"
1AdfZbUGkMAJaTS,Leeds Festival 2026 - Saturday & Sunday,2026-08-29,Undefined,Undefined,1AdfZbUGkMAJaTS,Leeds,1.0,['Undefined']
1AdjZbUGkM2iE4k,Reading Festival 2026 - Saturday and Sunday Non-Camping,2026-08-29,Undefined,Undefined,1AdjZbUGkM2iE4k,Reading,1.0,['Undefined']
1AdjZbYGkTK7fRn,Creamfields 2026 - 2 Day Gold Non Camping (Saturday/Sunday),2026-08-29,Undefined,Undefined,1AdjZbYGkTK7fRn,Cheshire,3.0,"['Undefined', 'Pop', 'Dance/Electronic']"
1AdjZbYGkTuB0i5,Creamfields 2026 - 2 Day Standard Non Camping (Saturday/Sunday),2026-08-29,Undefined,Undefined,1AdjZbYGkTuB0i5,Cheshire,3.0,"['Undefined', 'Pop', 'Dance/Electronic']"
1AzZkCeGkdR8dk1,Emerge 2026 - Weekend Instalment Tickets,2026-08-29,Undefined,Undefined,1AzZkCeGkdR8dk1,Belfast,16.0,"['Undefined', 'Dance/Electronic']"
1AzZkCeGkdph3Si,Emerge 2026 - Weekend Tickets,2026-08-29,Undefined,Undefined,1AzZkCeGkdph3Si,Belfast,16.0,"['Undefined', 'Dance/Electronic']"
16djZbV0SG7Tjfq,Reading Festival 2026 - Sunday,2026-08-30,Undefined,Undefined,16djZbV0SG7Tjfq,Reading,31.0,"['Undefined', 'Dance/Electronic', 'Rock', 'Pop', 'Hip-Hop/Rap', 'Alternative']"
1AdfZbVGklo21P2,Leeds Festival 2026 - Sunday,2026-08-30,Undefined,Undefined,1AdfZbVGklo21P2,Leeds,32.0,"['Undefined', 'Hip-Hop/Rap', 'Pop', 'Alternative', 'Dance/Electronic', 'Folk', 'R&B', 'Rock']"
LvZ18QQAPUFro1OZyCLIP,The Long Road - Sunday 2026,2026-08-30,Country,Country,LvZ18QQAPUFro1OZyCLIP,Leicestershire,11.0,"['Country', 'Rock', 'Pop', 'Folk']"
1AMZkG4Gkd_UVyz,Freshfields - Arena Sunday Pass,2026-08-30,Undefined,Undefined,1AMZkG4Gkd_UVyz,Cheshire,1.0,['Undefined']
1AMZkGKGke0HoAi,Creamfields 2026 - Sunday - Gold Payment Plan,2026-08-30,Undefined,Undefined,1AMZkGKGke0HoAi,Cheshire,42.0,"['Undefined', 'Dance/Electronic', 'Rock']"
1AMZkGKGke0zs7r,Creamfields 2026 - Sunday - Standard Payment Plan,2026-08-30,Undefined,Undefined,1AMZkGKGke0zs7r,Cheshire,42.0,"['Undefined', 'Dance/Electronic', 'Rock']"
1AdjZbYGkD2_JE4,Creamfields 2026 - Sunday - Standard,2026-08-30,Undefined,Undefined,1AdjZbYGkD2_JE4,Cheshire,42.0,"['Undefined', 'Dance/Electronic', 'Rock']"
1AdjZbYGkDsyUzU,Creamfields 2026 - Sunday - Gold,2026-08-30,Undefined,Undefined,1AdjZbYGkDsyUzU,Cheshire,42.0,"['Undefined', 'Dance/Electronic', 'Rock']"
G5dzZ_73zefzr,Aardman in Concert,2026-08-30,Classical,Classical/Vocal,G5dzZ_73zefzr,Newcastle Upon Tyne,1.0,['Classical']
LvZ18Q82IrM0vkZZlxo0B,"ELECTRIC SUMMER Howard Jones, Heaven 17, Blancmange LIVE IN TAUNTON",2026-08-30,Rock,Pop,LvZ18Q82IrM0vkZZlxo0B,Taunton,9.0,"['Rock', 'Pop', 'Dance/Electronic']"
1AgZk8MGkegeVNV,ABBA Voyage,2026-08-30,Pop,Pop,1AgZk8MGkegeVNV,London,1.0,['Pop']
1agZk8M8eQ_Zeuk,Abba Voyage - VIP Premium Package,2026-08-30,Pop,Pop,1agZk8M8eQ_Zeuk,London,1.0,['Pop']
G5vHZbUUz1psr,Rock N Roll Circus - Richard Ashcroft,2026-08-30,Rock,Pop,G5vHZbUUz1psr,Sheffield,12.0,"['Rock', 'Undefined', 'Pop', 'Alternative']"
1kuYvNqFGACRxgx,All Points East - Twenty One Pilots,2026-08-30,Rock,Pop,1kuYvNqFGACRxgx,London,2.0,['Rock']
LvZ18QjVVTYQYzYZz7HpJ,Ministry of Sound Classical - Hitchin Live at the Priory,2026-08-30,Classical,Classical/Vocal,LvZ18QjVVTYQYzYZz7HpJ,Hitchin,5.0,"['Classical', 'Dance/Electronic', 'Pop']"
G5dzZ_73VS7YR,Aardman in Concert,2026-08-30,Classical,Classical/Vocal,G5dzZ_73VS7YR,Newcastle Upon Tyne,1.0,['Classical']
G5dzZ_a5o30PW,Jungle Gathering,2026-08-30,Rock,Pop,G5dzZ_a5o30PW,Birmingham,,
G5vHZbgIwebV0,The Prodigy at Live from Wythenshawe Park,2026-08-30,Pop,Electro Pop,G5vHZbgIwebV0,Manchester,6.0,"['Dance/Electronic', 'Reggae', 'Hip-Hop/Rap']"
LvZ18QhAOy-h3wYZHJP5b,Summer on the Terrace with Day Fever - Brighton,2026-08-30,Dance/Electronic,Dance/Electronic,LvZ18QhAOy-h3wYZHJP5b,Brighton,1.0,['Dance/Electronic']
LvZ18QhA_Nvh3wYZVJPy5,Day Fever - Newcastle,2026-08-30,Dance/Electronic,Dance/Electronic,LvZ18QhA_Nvh3wYZVJPy5,Newcastle upon Tyne,1.0,['Dance/Electronic']
LvZ18QhAqYkq-FZZVNj7l,Summer on the Terrace with Day Fever - Brighton,2026-08-30,Dance/Electronic,Dance/Electronic,LvZ18QhAqYkq-FZZVNj7l,Brighton,1.0,['Dance/Electronic']
LvZ18Qr9y2x7cpZZ0C5rl,Eric Luttrell - Summer Of Love Tour 2026 - London,2026-08-30,Dance/Electronic,Dance/Electronic,LvZ18Qr9y2x7cpZZ0C5rl,London,1.0,['Dance/Electronic']
1AdbZbUGkM3MF5F,Scissor Sisters,2026-08-30,Rock,Alternative Rock,1AdbZbUGkM3MF5F,Glasgow,2.0,"['Rock', 'Undefined']"
1AzZkCeGkdphxSR,Emerge 2026 - Sunday Day Tickets - blk. ,2026-08-30,Undefined,Undefined,1AzZkCeGkdphxSR,Belfast,11.0,"['Undefined', 'Dance/Electronic']"
G5dzZ_6xfqxqV,Crapsons,2026-08-30,Rock,Punk,G5dzZ_6xfqxqV,Liverpool,1.0,['Alternative']
G5vHZ_eHsuI7k,Ocean Colour Scene,2026-08-30,Rock,Pop,G5vHZ_eHsuI7k,Doncaster,4.0,"['Rock', 'Dance/Electronic']"
16gZk8M8AZAu112d,Abba Voyage - VIP Premium Package,2026-08-30,Pop,Pop,16gZk8M8AZAu112d,London,1.0,['Pop']
1AdOZ_aGkS51-IN,Bryan Kearney - Notorious X,2026-08-30,Pop,Electro Pop,1AdOZ_aGkS51-IN,Belfast,6.0,"['Dance/Electronic', 'Undefined']"
1AgZk8MGkeg8f0G,ABBA Voyage,2026-08-30,Pop,Pop,1AgZk8MGkeg8f0G,London,1.0,['Pop']
LvZ18QO66KyZRvOv1-zWP,"Triple Threat: Preet Singh, Muhsin Yesilada & Richard Blackwood - Birmingha",2026-08-30,Comedy,Comedy,LvZ18QO66KyZRvOv1-zWP,Birmingham,3.0,"['Comedy', 'Hip-Hop/Rap']"
1AgZk8SGkeOIsMh,A$AP Rocky - Don't Be Dumb World Tour,2026-08-30,Hip-Hop/Rap,Trap,1AgZk8SGkeOIsMh,London,1.0,['Hip-Hop/Rap']
1AzZk8UGkdGWoDX,Doghouse Ska Band,2026-08-30,Rock,Pop,1AzZk8UGkdGWoDX,Belfast,1.0,['Rock']
LvZ18QxAfGuSip8Zzs331,JAMES K,2026-08-30,Dance/Electronic,Techno,LvZ18QxAfGuSip8Zzs331,Brighton,1.0,['Dance/Electronic']
17CZv0G61DhGol6,Devin Townsend - Metamorphis Solo Uk & European Tour,2026-08-30,Metal,Nu-Metal,17CZv0G61DhGol6,Belfast,1.0,['Metal']
17u8v0G6uMg6FYf,Belle Livingstone's 58th Street Country Club,2026-08-30,Jazz,Jazz,17u8v0G6uMg6FYf,London,1.0,['Jazz']
17uOv0G6GxiOX5Q,REWIRED CULTURE PRESENTS.,2026-08-30,Hip-Hop/Rap,Trap,17uOv0G6GxiOX5Q,Glasgow,,
G5dzZ_AmxKV06,The Harry Styles Tribute Show starring Sean Mac,2026-08-30,Other,Other,G5dzZ_AmxKV06,London,1.0,['Other']
G5vHZ_6TdOdlq,Josh Ross,2026-08-30,Country,Country,G5vHZ_6TdOdlq,Manchester,2.0,"['Country', 'Folk']"
LvZ18QK5r8eg1GOZw3pQn,G2 Definitive Genesis,2026-08-30,Rock,Rock,LvZ18QK5r8eg1GOZw3pQn,Norwich ,1.0,['Rock']
LvZ18QLSGJtws5YZMG0_d,THE DAMN TRUTH + CROBOT,2026-08-30,Rock,Pop,LvZ18QLSGJtws5YZMG0_d,Bradford,2.0,['Rock']
LvZ18QLUrQm-OCOZ0k9wy,Quo-Incidence,2026-08-30,Rock,Rock,LvZ18QLUrQm-OCOZ0k9wy,Southampton,1.0,['Rock']
LvZ18QNfTdhZ9qYvq4brl,The Space Lady,2026-08-30,Rock,Pop,LvZ18QNfTdhZ9qYvq4brl,Leeds,1.0,['Rock']
LvZ18QbeOZxa_48ZlMp8-,New Kind Of Cramps,2026-08-30,Metal,Metal,LvZ18QbeOZxa_48ZlMp8-,Leeds,1.0,['Metal']
LvZ18Qr6M4jdl1OZMq3sO,Current Joys,2026-08-30,Pop,Indie Pop,LvZ18Qr6M4jdl1OZMq3sO,Manchester,1.0,['Pop']
1AdfZbsGkiAEFny,What's Love Got to do With it? - The Ultimate Tribute to Tina Turner,2026-08-30,Undefined,Undefined,1AdfZbsGkiAEFny,Cardiff,1.0,['Undefined']
1AgZkCaGkdI-Exc,Tony Skingle: Elvis 40 Greatest Hits,2026-08-30,Jazz,Jazz,1AgZkCaGkdI-Exc,Scarborough,1.0,['Jazz']
G5vHZbM013lpY,Michael Ball: Glow UK Tour 2026,2026-08-30,Pop,Adult Contemporary,G5vHZbM013lpY,Birmingham,1.0,['Pop']
G5vHZbUKZ0pIH,Jane McDonald - Living The Dream,2026-08-30,Rock,Pop,G5vHZbUKZ0pIH,Blackpool,1.0,['Rock']
LvZ18Qj7cbeKVhZZz6Ojw,Jaguar Sun,2026-08-30,Pop,Pop,LvZ18Qj7cbeKVhZZz6Ojw,Bristol,1.0,['Pop']
LvZ18QLEpLlfgaYv1npK1,Roni Size (Bank Holiday Special),2026-08-30,Dance/Electronic,Club Dance,LvZ18QLEpLlfgaYv1npK1,London,3.0,['Dance/Electronic']
1AdjZbVGkX2cShY,LIDO Festival - Maribou State,2026-08-31,Undefined,Undefined,1AdjZbVGkX2cShY,London,2.0,"['Undefined', 'Dance/Electronic']"
1AgZk8MGkegqV0r,ABBA Voyage,2026-08-31,Pop,Pop,1AgZk8MGkegqV0r,London,1.0,['Pop']
1agZk8M8ak_Ze28,Abba Voyage - VIP Premium Package,2026-08-31,Pop,Pop,1agZk8M8ak_Ze28,London,1.0,['Pop']
1AdOZbMGkwwieBZ,CMAT,2026-08-31,Pop,Pop,1AdOZbMGkwwieBZ,Belfast,3.0,"['Pop', 'Undefined', 'Rock']"
1AgZkG0GkdVWfDM,Ariana Grande - The Eternal Sunshine Tour,2026-08-31,Rock,Pop,1AgZkG0GkdVWfDM,London,1.0,['Pop']
LvZ18Q0S0LDEXbVCWapWB,Miles Davis' Kind of Blue,2026-08-31,Jazz,Jazz,LvZ18Q0S0LDEXbVCWapWB,London,1.0,['Jazz']
1AdbZ_kGkUWQkGb,Sigur Ros - Performing with the Scottish Chamber Orchestra & Chorus,2026-08-31,Rock,Pop,1AdbZ_kGkUWQkGb,Edinburgh,1.0,['Rock']
1AUZk3eGkdCaI_C,Josh Ross,2026-08-31,Country,Country,1AUZk3eGkdCaI_C,Glasgow,1.0,['Country']
1AUZkowGkdGqgVP,CA7RIEL & Paco Amoroso - FREE SPIRITS WORLD TOUR,2026-08-31,Latin,Latin,1AUZkowGkdGqgVP,Manchester,1.0,['Latin']
1AdbZbzGkRliQxE,The Dead South - Venue Premium Tickets,2026-08-31,Rock,Pop,1AdbZbzGkRliQxE,York,2.0,"['Rock', 'Undefined']"
1AwZk3eGkewfsdE,Josh Ross,2026-08-31,Country,Country,1AwZk3eGkewfsdE,Glasgow,1.0,['Country']
1AwZkoVGkd6yYWM,Noah James,2026-08-31,Country,Country,1AwZkoVGkd6yYWM,Glasgow,,
1AzZk3FGkdosejk,Jack White,2026-08-31,Rock,Pop,1AzZk3FGkdosejk,Belfast,1.0,['Rock']
1adbZbz09PYZd5CA,The Dead South,2026-08-31,Rock,Pop,1adbZbz09PYZd5CA,York,1.0,['Rock']
1kuOv0o9GAuQxki,The Black Keys,2026-08-31,Rock,Alternative Rock,1kuOv0o9GAuQxki,London,1.0,['Rock']
G5dzZ_khSQFyh,Earl Sweatshirt & MIKE - Home on the Range Tour 2026,2026-08-31,Hip-Hop/Rap,Trap,G5dzZ_khSQFyh,London,2.0,['Hip-Hop/Rap']
G5vHZ_5UMSbtO,Syd: Beard Tour,2026-08-31,Hip-Hop/Rap,Trap,G5vHZ_5UMSbtO,Manchester,1.0,['Hip-Hop/Rap']
G5vHZ_5taClWc,YHWH Nailgun,2026-08-31,Rock,Alternative Rock,G5vHZ_5taClWc,Nottingham,1.0,['Alternative']
G5vHZ_kIknJnr,Lily Fitts,2026-08-31,Pop,Electro Pop,G5vHZ_kIknJnr,Bristol,1.0,['Pop']
