id,eventname,startdate,enddate,venue.town,venue.region,cancelled,genre_count,genres,artist_count
41585614,Forbidden Forest 2026,2026-06-04T12:00:00+00:00,2026-06-07T23:00:00+00:00,Grantham,Nottingham,0,4.0,"['House', 'Drum and Bass', 'Techno', 'Tech House']",50.0
41643401,Bulletproof Festival 2026,2026-06-04T17:30:00+00:00,2026-06-06T22:30:00+00:00,London,London,0,,,26.0
41392590,Symphonic Ibiza - At The Beach,2026-06-05T15:00:00+00:00,2026-06-05T22:30:00+00:00,Weston Super-Mare,Bristol,0,,,2.0
41997035,AnExperience Festival,2026-06-05T14:00:00+00:00,2026-06-08T00:00:00+00:00,Huntingdon,Cambridgeshire,0,5.0,"['Dancehall', 'Ska', 'Salsa', 'World Music', 'Jungle']",16.0
40660839,Fields of Éire- Irish Music Festival Liverpool 2026,2026-06-05T16:30:00+00:00,2026-06-06T23:00:00+00:00,Liverpool,Merseyside,0,3.0,"['Acoustic', 'Folk', 'Country/Americana']",
41597036,Could Be Real Tribute Festival 2026 at Harewood House,2026-06-05T15:30:00+00:00,2026-06-05T23:00:00+00:00,Leeds,West Yorkshire,0,5.0,"['Rock', 'Pop', 'Covers Band/Tribute Act', 'Indie Pop', 'Pop Rock']",3.0
41604724,'The House & Garage Orchestra' 10th Anniversary,2026-06-05T17:00:00+00:00,2026-06-05T22:30:00+00:00,Maldon,Essex,0,5.0,"['UK Garage', 'Retro House', 'Old Skool', 'Funky House', '1990s']",9.0
41956352,Mind Expansion Pack 4 at DEYA Brewery,2026-06-05T17:30:00+00:00,2026-06-07T00:00:00+00:00,Cheltenham,Gloucestershire,0,3.0,"['House', 'Acid House', 'Disco']",6.0
42429830,Vai Brasa - Warm Up,2026-06-05T19:00:00+00:00,2026-06-06T00:00:00+00:00,Manchester,Greater Manchester,0,3.0,"['House', 'Tech House', 'Funk']",
41995753,Nottingham's Summer Fiesta 2026 | VAMOS X LA BOMBA | Binks Yard,2026-06-05T16:00:00+00:00,2026-06-05T22:00:00+00:00,Nottingham,Nottingham,0,2.0,"['R&B', 'Latin']",
41785371,Secret Garden Series Hosted By: TBT & The Hobbit,2026-06-05T19:00:00+00:00,2026-06-05T23:00:00+00:00,Southampton,Hants,0,3.0,"['Alternative', 'Emo', 'Pop Punk']",
41606954,Pink Party Fest,2026-06-05T12:00:00+00:00,2026-06-07T11:00:00+00:00,Carlisle,Cumbria,0,,,
41769679,Summer Fest at the Beach Parking,2026-06-05T10:15:00+00:00,2026-06-07T17:00:00+00:00,Weston Super-Mare,Bristol,0,,,
41951379,SHILDONLIVE Friday night 5th June 2026,2026-06-05T17:30:00+00:00,2026-06-05T23:00:00+00:00,Shildon,Durham,0,4.0,"['Old Skool', 'Electro House', 'Retro and Throwbacks', 'Bounce']",2.0
42003438,Lewes Music Festival   - LMF,2026-06-05T12:00:00+00:00,2026-06-07T23:00:00+00:00,Lewes,Brighton and Hove,0,5.0,"['Disco', 'Swing', 'Reggae', 'Country/Americana', 'Dub']",6.0
42467381,Try Fest,2026-06-05T11:00:00+00:00,2026-06-06T23:00:00+00:00,Letchworth ,Hertfordshire,0,5.0,"['UK Garage', 'R&B', 'Pop', 'Covers Band/Tribute Act', 'Electronic']",50.0
42073707,The House and Garage Orchestra - 10th Anniversary,2026-06-05T16:00:00+00:00,2026-06-05T23:30:00+00:00,Maldon,Essex,0,,,
42142025,Symphonic Ibiza Lewisham,2026-06-05T18:00:00+00:00,2026-06-05T22:00:00+00:00,Beckenham,London,1,3.0,"['House', 'Classical', 'EDM']",3.0
42469376,Chestertons Polo in the Park 2026,2026-06-05T12:00:00+00:00,2026-06-07T20:00:00+00:00,London,London,0,,,
42174088,The Golden Age of Brazilian Music - Live @Hampstead Jazz Club,2026-06-05T20:00:00+00:00,2026-06-05T22:00:00+00:00,Hampstead,London,0,4.0,"['Jazz', 'Acoustic', 'Latin', 'World Music']",1.0
41574784,Tunes in the Dunes,2026-06-05T11:00:00+00:00,2026-06-07T23:00:00+00:00,Perranporth,Cornwall,0,3.0,"['Pop', 'Indie', 'Indie Pop']",21.0
41230124,Summer Fest at the Beach,2026-06-06T11:00:00+00:00,2026-06-07T22:30:00+00:00,Weston Super-Mare,Bristol,0,4.0,"['UK Garage', 'Pop', 'Grime', 'Indie Pop']",18.0
41450803,Goodlife Festival 2026,2026-06-06T12:00:00+00:00,2026-06-06T23:00:00+00:00,Leeds,West Yorkshire,0,5.0,"['House', 'Soul', 'Funk', 'Disco', 'Disco House']",17.0
42260090,Wentworth Balloon Festival,2026-06-06T12:00:00+00:00,2026-06-06T22:30:00+00:00,Rotherham,South Yorkshire,0,,,
41093361,Soultasia - Essex 2026,2026-06-06T12:00:00+00:00,2026-06-06T22:00:00+00:00,Maldon,Essex,0,5.0,"['R&B', 'Soul', 'Funk', 'Disco', 'Nu Disco']",10.0
41504754,Clubland Live Plymouth,2026-06-06T14:00:00+00:00,2026-06-06T22:30:00+00:00,Plymouth,Devon,0,4.0,"['Club Classics', 'Cheesy Dance', 'Electronic', 'Hard Dance']",12.0
41382532,The Music Barn Festival 2026,2026-06-06T12:00:00+00:00,2026-06-07T02:00:00+00:00,Kettering ,Northamptonshire,0,5.0,"['House', 'Drum and Bass', 'Hip Hop', 'Ska', 'Reggae']",29.0
42257054,KOMPND World,2026-06-06T15:00:00+00:00,2026-06-06T23:30:00+00:00,Manchester,Greater Manchester,0,5.0,"['R&B', 'Dancehall', 'Hip Hop', 'Afrobeat', 'Amapiano']",4.0
41622295,Stories In The Park 2026,2026-06-06T12:00:00+00:00,2026-06-06T22:30:00+00:00,Reading,Berkshire,0,5.0,"['House', 'Drum and Bass', 'Techno', 'Bassline', 'Bass Music']",8.0
41956157,Frequency Festival 2026 @ Luna Springs Birmingham,2026-06-06T15:00:00+00:00,2026-06-07T00:00:00+00:00,Birmingham,Birmingham,0,3.0,"['UK Garage', 'Bassline', 'Bass Music']",11.0
41617203,Leeds Tattoo Expo 2026,2026-06-06T11:00:00+00:00,2026-06-07T21:00:00+00:00,Leeds,West Yorkshire,0,,,1.0
41472561,Garage Republic Festival 2026 | SteelYard Sheffield,2026-06-06T14:00:00+00:00,2026-06-06T23:00:00+00:00,Sheffield,South Yorkshire,0,2.0,"['UK Garage', 'R&B']",7.0
42172495,Clifton (Nottingham) Family Music Festival,2026-06-06T12:00:00+00:00,2026-06-06T22:00:00+00:00,Clifton,Nottingham,0,5.0,"['Rock', 'Pop', 'Indie', 'Indie Pop', 'Pop Rock']",
41785926,Secret Garden Series Hosts ANDY C 3 HOUR SET,2026-06-06T14:00:00+00:00,2026-06-06T22:00:00+00:00,Southampton,Hants,0,1.0,['Drum and Bass'],2.0
42373741,Taste Of Thailand Music And Food Festival,2026-06-06T10:00:00+00:00,2026-06-07T19:00:00+00:00,Southend-on-Sea,Essex,0,2.0,"['World Music', 'LGBTQ+']",
41643817,R&B Lovers - Saturday 6th June - Freight Island Manchester,2026-06-06T15:00:00+00:00,2026-06-06T23:00:00+00:00,Manchester,Greater Manchester,0,1.0,['R&B'],
41736606,Back to the 80's Summer Outdoor Tribute Festival,2026-06-06T15:00:00+00:00,2026-06-06T22:00:00+00:00,Nottingham,Nottingham,0,1.0,['1980s'],
42083581,Magic of Thailand Festival in Basingstoke,2026-06-06T10:00:00+00:00,2026-06-07T19:00:00+00:00,Basingstoke,Berkshire,0,,,
42335343,Disco Lab x Evoke: Day Trippin W/ Carly Foxx,2026-06-06T15:00:00+00:00,2026-06-07T01:00:00+00:00,Newcastle,Staffordshire,0,4.0,"['House', 'Disco', 'Nu Disco', 'Disco House']",2.0
42162652,Shildonlive Saturday,2026-06-06T11:00:00+00:00,2026-06-06T23:00:00+00:00,Shildon,Durham,0,4.0,"['1960s', 'Country/Americana', 'Brit Pop', 'Indie Pop']",4.0
42331210,Festival Party,2026-06-06T12:00:00+00:00,2026-06-06T23:45:00+00:00,Liverpool,Merseyside,0,,,
41590561,Retro Events present THE BIG RETRO DAY INTO NIGHT RAVE -,2026-06-06T13:00:00+00:00,2026-06-06T23:00:00+00:00,Preston,Lancashire,0,4.0,"['House', 'Retro House', 'Old Skool', 'Club Classics']",
41614084,LOADED : Music Festival,2026-06-06T12:00:00+00:00,2026-06-06T22:00:00+00:00,Leicester,Leicestershire,1,5.0,"['House', 'Indie', 'Ska', 'Alternative', 'Covers Band/Tribute Act']",8.0
42428886,DonnyFest 2026,2026-06-06T11:00:00+00:00,2026-06-06T23:00:00+00:00,Doncaster,South Yorkshire,0,5.0,"['Rock', 'Indie', 'Electro House', 'Acoustic', 'Indie Pop']",18.0
41499194,Country Club - Country Music Festival - Margate,2026-06-06T15:00:00+00:00,2026-06-06T20:00:00+00:00,"Margate, Kent",Kent,0,1.0,['Country/Americana'],
42161493,DUNDEE UNDER festival,2026-06-06T14:00:00+00:00,2026-06-07T01:00:00+00:00,Angus,Tayside,0,4.0,"['Trance', 'Techno', 'Hard House', 'Hardcore/Hardstyle']",
42161965,London Metal Pride 2026,2026-06-06T13:00:00+00:00,2026-06-06T23:00:00+00:00,London,London,0,1.0,['Metal'],2.0
42145317,Summer Outdoor 80s Tribute Festival - Junkyard Norwich,2026-06-06T15:00:00+00:00,2026-06-06T22:00:00+00:00,Norwich,Norfolk,0,1.0,['1980s'],
42352777,Retro Events present THE BIG RETRO DAY INTO NIGHT RAVE,2026-06-06T14:00:00+00:00,2026-06-07T02:00:00+00:00,Preston,Lancashire,0,5.0,"['House', 'Retro House', 'Old Skool', 'Club Classics', '1990s']",7.0
42370355,R&B Indoor / Outdoor Terrace Party - Saturday 6th June,2026-06-06T15:00:00+00:00,2026-06-06T21:00:00+00:00,Liverpool,Merseyside,0,1.0,['R&B'],
42129647,MUNRO Festival,2026-06-06T13:00:00+00:00,2026-06-06T22:00:00+00:00,Stockton-on-Tees,Cleveland,0,3.0,"['Rock', 'Indie', 'Punk']",7.0
41643815,R&B Lovers - Saturday 6th June - SOBAR Southampton,2026-06-06T15:00:00+00:00,2026-06-06T22:00:00+00:00,Southampton,Hants,0,1.0,['R&B'],
42393648,Girls Like R&B x XOYO London - Sat 6th June,2026-06-06T16:00:00+00:00,2026-06-06T22:00:00+00:00,Camberley,Surrey,0,,,
42427543,Bands in the Park,2026-06-06T12:00:00+00:00,2026-06-06T21:00:00+00:00,Burnley,Lancashire,1,4.0,"['Ska', '1980s', '1970s', 'Retro and Throwbacks']",
42265939,Comets Crufts - Dog Festival,2026-06-06T12:00:00+00:00,2026-06-06T18:00:00+00:00,Milton Keynes,Buckinghamshire,1,,,
42140878,Donny Fest,2026-06-06T11:00:00+00:00,2026-06-06T23:00:00+00:00,Doncaster,South Yorkshire,0,2.0,"['Indie Pop', 'Pop Rock']",21.0
42342279,Bouncing Bingo Brunch,2026-06-06T12:30:00+00:00,2026-06-06T16:00:00+00:00,Glasgow,Scotland,0,1.0,['Disco'],
42260801,Festival of Nature,2026-06-06T09:00:00+00:00,2026-06-14T18:00:00+00:00,Bristol,Bristol,0,,,
42174091,The Golden Age of Brazilian Music - Live @Hampstead Jazz Club,2026-06-06T20:00:00+00:00,2026-06-06T21:30:00+00:00,Hampstead,London,0,4.0,"['Jazz', 'Acoustic', 'Latin', 'World Music']",1.0
42097734,"The Queen's Park Food Festival, Glasgow 2026",2026-06-06T10:00:00+00:00,2026-06-07T19:00:00+00:00,Glasgow,Scotland,0,,,
41999791,Cheese and Chilli Festival,2026-06-06T10:00:00+00:00,2026-06-06T17:00:00+00:00,Winchester,Hants,0,,,
42464701,Soultasia,2026-06-06T11:45:00+00:00,2026-06-06T23:45:00+00:00,Billericay,Essex,0,1.0,['Soul'],6.0
42147207,Park Rock Lewisham,2026-06-06T12:00:00+00:00,2026-06-06T22:00:00+00:00,Beckenham,London,1,5.0,"['Rock', 'Pop', 'Covers Band/Tribute Act', 'Emo', 'Brit Pop']",
42249435,Batley Bash,2026-06-06T12:00:00+00:00,2026-06-06T21:00:00+00:00,Batley,West Yorkshire,0,2.0,"['Indie', 'Alternative']",
42323711,RNBLAND - Summer Indoor & Outdoor RnB Day Festival,2026-06-07T15:00:00+00:00,2026-06-07T22:00:00+00:00,Greenwich,London,0,1.0,['R&B'],
42487407,DUNDEE UNDER Festival,2026-06-07T14:00:00+00:00,2026-06-08T00:00:00+00:00,Angus,Tayside,1,,,
42482521,Summer fest at the beach,2026-06-07T11:30:00+00:00,2026-06-07T22:00:00+00:00,Trowbridge,Avon,0,1.0,['Pop'],7.0
42406841,Baby Blue Folk festival,2026-06-07T16:00:00+00:00,2026-06-07T23:00:00+00:00,Manchester,Greater Manchester,0,1.0,['Folk'],1.0
42147223,Sundown Country Festival - Lewisham,2026-06-07T12:00:00+00:00,2026-06-07T20:00:00+00:00,Beckenham,London,1,1.0,['Country/Americana'],
42368840,Music Festival,2026-06-09T19:00:00+00:00,2026-06-14T20:45:00+00:00,Salisbury,Wiltshire,0,,,
42422932,Vodafone at Download Festival,2026-06-10T08:00:00+00:00,2026-06-14T23:00:00+00:00,Derby,Derbyshire,0,5.0,"['House', 'Tech House', 'Pop', 'Indie', 'Rap']",
42405867,Live At Chelsea,2026-06-10T11:00:00+00:00,2026-06-14T23:00:00+00:00,London,London,0,2.0,"['Pop', 'Indie Pop']",8.0
41374342,Download Festival,2026-06-10T10:00:00+00:00,2026-06-14T23:00:00+00:00,Leicestershire ,Derbyshire,0,5.0,"['Rock', 'Metal', 'Alternative', 'Nu Metal', 'Pop Punk']",50.0
42405854,Hampton Court Palace Festival,2026-06-10T11:00:00+00:00,2026-06-20T23:00:00+00:00,Surrey,London,0,5.0,"['Pop', 'Indie', 'Funk', 'Disco', 'Indie Pop']",11.0
41095576,GemFest 2026,2026-06-11T12:00:00+00:00,2026-06-14T23:45:00+00:00,Malmesbury,Wiltshire,0,5.0,"['House', 'UK Garage', 'Drum and Bass', 'Bassline', 'Bass Music']",50.0
42247483,Existance Festival,2026-06-11T14:00:00+00:00,2026-06-14T23:45:00+00:00,Tetbury,Gloucestershire,1,,,50.0
41486980,Gottwood,2026-06-11T11:00:00+00:00,2026-06-14T23:00:00+00:00,Holyhead,Clwyd,0,1.0,['Electronic'],50.0
42260099,Eden Festival,2026-06-11T11:00:00+00:00,2026-06-14T23:00:00+00:00,Lockerbie,Dumfries and Galloway,0,4.0,"['House', 'Indie', 'Soul', 'Folk']",50.0
41436862,Orbit Wellbeing Festival 2026,2026-06-11T12:00:00+00:00,2026-06-14T18:00:00+00:00,Nr Cleobury Mortimer,West Midlands,0,5.0,"['UK Garage', 'Drum and Bass', 'Old Skool', 'Club Classics', 'Disco']",6.0
42098079,Meltdown,2026-06-11T11:00:00+00:00,2026-06-21T23:00:00+00:00,London,London,0,3.0,"['R&B', 'Pop', 'Pop Rock']",13.0
41463078,Moovin Festival 2026,2026-06-12T14:00:00+00:00,2026-06-14T23:30:00+00:00,Stockport,Manchester,0,5.0,"['House', 'Drum and Bass', 'Soul', 'Funk', 'Reggae']",49.0
42091744,WMF 2026 - Our 20th Anniversary,2026-06-12T17:00:00+00:00,2026-06-13T23:00:00+00:00,Witney,Oxon,0,5.0,"['House', 'Rock', 'Drum and Bass', 'Pop', 'Hip Hop']",10.0
41991813,Aitch Live at Abbey Park Leicester 2026,2026-06-12T16:00:00+00:00,2026-06-12T22:00:00+00:00,Leicester,Leicestershire,0,2.0,"['Hip Hop', 'Grime']",1.0
41612687,Could Be Real Tribute Festival 2026 at Hove Lawns,2026-06-12T15:00:00+00:00,2026-06-12T22:30:00+00:00,Brighton,Brighton and Hove,0,5.0,"['Rock', 'Pop', 'Covers Band/Tribute Act', 'Indie Pop', 'Pop Rock']",4.0
42098323,"DVOID: The Straikerz, So Juice, The Smiler & More",2026-06-12T21:00:00+00:00,2026-06-13T04:00:00+00:00,Liverpool,Merseyside,0,2.0,"['Techno', 'Hardcore/Hardstyle']",2.0
41436782,Rhythm Retreat 2026,2026-06-12T19:00:00+00:00,2026-06-15T00:00:00+00:00,Tamworth,Birmingham,0,5.0,"['House', 'UK Garage', 'R&B', 'Hip Hop', 'Afrobeat']",1.0
41468486,Bands in the Barn 2026 - Live Music & Beer Festival + Camping,2026-06-12T17:00:00+00:00,2026-06-13T23:45:00+00:00,Holmfirth,West Yorkshire,0,5.0,"['Rock', 'Pop', 'Blues', 'Ska', 'Soul']",3.0
42488708,Could Be Real Tribute Festival 2026 at Hove Lawns,2026-06-12T15:30:00+00:00,2026-06-12T22:30:00+00:00,HOVE,Brighton and Hove,0,2.0,"['Covers Band/Tribute Act', 'Brit Pop']",
41989082,Wellnergy Festival 2026,2026-06-12T10:00:00+00:00,2026-06-13T21:00:00+00:00,Wimbledon ,London,0,,,
42467077,J.O.K.E.R presents : JOKERFEST,2026-06-12T15:00:00+00:00,2026-06-13T00:00:00+00:00,Liverpool,Merseyside,0,3.0,"['Breaks', 'Drum and Bass', 'Jungle']",3.0
41654374,Belsonic Festival,2026-06-12T11:00:00+00:00,2026-07-01T23:00:00+00:00,Belfast,Northern Ireland,0,5.0,"['Rock', 'Pop', 'Indie', 'Indie Pop', 'Pop Rock']",
42330372,The Zoots performing,2026-06-12T19:30:00+00:00,2026-06-12T23:00:00+00:00,Witney,Oxon,0,,,
41094811,Glorious Day Festival 2026,2026-06-13T13:00:00+00:00,2026-06-13T22:30:00+00:00,Brighton,Brighton and Hove,0,5.0,"['House', 'Soul', 'Funk', 'Disco', 'Soulful House']",8.0
41364340,The Pink Picnic 2026,2026-06-13T13:00:00+00:00,2026-06-13T21:00:00+00:00,Salford,Greater Manchester,0,5.0,"['R&B', 'Pop', 'Disco', 'LGBTQ+', '2010s']",6.0
41342099,The Gathering Festival,2026-06-13T12:00:00+00:00,2026-06-13T23:00:00+00:00,Cleethorpes,South Yorkshire,0,5.0,"['Trance', 'Hard House', 'Prog House', 'Hard Dance', 'Bounce']",25.0
41953368,This Is Bounce UK x Corruption Bounce - The Launch,2026-06-13T18:00:00+00:00,2026-06-14T03:00:00+00:00,Manchester,Greater Manchester,0,3.0,"['Club Classics', 'Hard Dance', 'Bounce']",5.0
41981166,Hybrid Minds : Open Air Birmingham,2026-06-13T15:00:00+00:00,2026-06-13T23:00:00+00:00,Birmingham,Birmingham,0,3.0,"['Drum and Bass', 'Bass Music', 'Jungle']",7.0
42072116,PubLIFE26,2026-06-13T13:00:00+00:00,2026-06-13T22:30:00+00:00,Chadderton,Manchester,0,3.0,"['Club Classics', '1990s', '2000s']",4.0
41778836,WN7 Fest - Leigh Miners,2026-06-13T11:30:00+00:00,2026-06-13T21:30:00+00:00,LEIGH,Manchester,0,,,
41301593,Chesterfield Pride 2026,2026-06-13T13:00:00+00:00,2026-06-13T19:00:00+00:00,Chesterfield,South Yorkshire,0,5.0,"['Pop', '1990s', '2000s', 'Disco House', 'LGBTQ+']",8.0
42321492,Burton Joyce Music Festival (Your ultimate family day out!),2026-06-13T12:00:00+00:00,2026-06-13T22:00:00+00:00,Nottingham,Nottingham,0,5.0,"['Pop', 'Indie', 'Covers Band/Tribute Act', 'Indie Pop', 'Pop Rock']",
42088249,"Morada Open Air w/ Tommy Phillips, Scott Steer & Ellis Garner",2026-06-13T15:00:00+00:00,2026-06-13T23:00:00+00:00,Cambridgeshire ,Cambridgeshire,0,5.0,"['House', 'UK Garage', 'Deep House', 'Tech House', 'Minimal']",2.0
42083583,Magic of Thailand Festival in Nottingham,2026-06-13T10:00:00+00:00,2026-06-14T19:00:00+00:00,Nottingham,Nottingham,0,,,
41652617,Earlham Park Tribute Festival,2026-06-13T12:00:00+00:00,2026-06-14T22:00:00+00:00,Norwich,Norfolk,0,4.0,"['Pop', 'Indie', 'Covers Band/Tribute Act', 'Indie Pop']",9.0
41492988,F.O.M.O multi genre music indoor festival World headquarters,2026-06-13T13:00:00+00:00,2026-06-13T23:00:00+00:00,Newcastle Upon Tyne,Tyne and Wear,0,5.0,"['Trance', 'Old Skool', 'Club Classics', 'Hard Dance', 'Bounce']",8.0
41667603,Makemake Brewing Co. Presents: Far Out Festival,2026-06-13T12:00:00+00:00,2026-06-13T23:00:00+00:00,Portsmouth,Hampshire,0,3.0,"['Rock', 'Indie', 'Pop Rock']",
41988582,Summer Outdoor Garage Festival - Studio 338 London,2026-06-13T14:00:00+00:00,2026-06-13T22:00:00+00:00,London,London,0,1.0,['UK Garage'],
42293250,AMP&DECK All Day Bass Fest PT.2,2026-06-13T12:00:00+00:00,2026-06-14T00:00:00+00:00,Huddersfield,West Yorkshire,0,5.0,"['Drum and Bass', 'Dubstep', 'Bassline', 'Bass Music', 'Dub']",5.0
41735393,Back To The 90s Outdoor Fest - Saturday 13th June - Binks Yard,2026-06-13T14:00:00+00:00,2026-06-13T22:00:00+00:00,Nottingham,Nottingham,0,1.0,['1990s'],
41615419,Impacked 2026,2026-06-13T14:00:00+00:00,2026-06-13T22:00:00+00:00,Bootle,Merseyside,0,2.0,"['Indie', 'Indie Pop']",
42489374,Burton Joyce Music festival Parking,2026-06-13T10:30:00+00:00,2026-06-13T22:00:00+00:00,Nottingham,Nottingham,0,,,
41354755,"Beer, cider, car and car festival",2026-06-13T13:00:00+00:00,2026-06-13T23:30:00+00:00,Old Romney,Kent,0,,,
42260069,Main St Studios festival,2026-06-13T12:00:00+00:00,2026-06-13T21:00:00+00:00,Coatbridge,Strathclyde,0,,,
42079446,Snittlife Festival 2026,2026-06-13T12:30:00+00:00,2026-06-13T23:00:00+00:00,Stratford-upon-Avon,West Midlands,0,5.0,"['Rock', 'Old Skool', 'Indie', 'Brit Pop', 'Pop Rock']",
41124314,CotonFest 2026,2026-06-13T12:00:00+00:00,2026-06-13T23:00:00+00:00,Tamworth,Birmingham,0,4.0,"['Alternative', 'Covers Band/Tribute Act', 'Electronic', 'Indie Pop']",
42370356,Girls Like R&B - Summer Rooftop Party - XOYO Birmingham,2026-06-13T15:00:00+00:00,2026-06-13T21:00:00+00:00,Birmingham,Birmingham,0,1.0,['R&B'],
42083877,70's Day Disco Festival,2026-06-13T12:00:00+00:00,2026-06-13T20:00:00+00:00,Newcastle Upon Tyne,Tyne and Wear,0,1.0,['Disco'],
41579251,Wentfest,2026-06-13T11:00:00+00:00,2026-06-13T22:00:00+00:00,Rotherham,South Yorkshire,0,,,6.0
41997192,Country Roads Fest,2026-06-13T13:00:00+00:00,2026-06-13T20:00:00+00:00,Clacton-on-Sea,Essex,0,4.0,"['Pop', 'Dancehall', 'Acoustic', 'Country/Americana']",
42502488,Glorious Day Festival 2026,2026-06-13T13:00:00+00:00,2026-06-13T22:30:00+00:00,Hove & Brighton,Brighton and Hove,0,5.0,"['House', 'Soul', 'Funk', 'Disco', 'Soulful House']",3.0
42413173,Made in Manchester - Bolton,2026-06-13T11:00:00+00:00,2026-06-14T23:00:00+00:00,Bolton,Manchester,0,4.0,"['Pop', 'Indie', 'Covers Band/Tribute Act', 'Pop Rock']",7.0
41641370,World's Edge Fantasy Fayre,2026-06-13T10:00:00+00:00,2026-06-14T16:00:00+00:00,Braintree,,0,5.0,"['Rock', 'Classical', 'Acoustic', 'Folk', 'LGBTQ+']",
41599135,Ilkley Food & Drink Festival 2026: A Riverside Feast,2026-06-13T10:00:00+00:00,2026-06-14T19:00:00+00:00,Ilkley,West Yorkshire,0,,,
42286389,Food and Drink Festival,2026-06-13T10:00:00+00:00,2026-06-13T17:00:00+00:00,Sudbury,Essex,0,,,
41463629,DJ Spoony presents Garage and R&B Classical,2026-06-14T14:00:00+00:00,2026-06-14T21:30:00+00:00,Leicester,Leicestershire,0,2.0,"['UK Garage', 'R&B']",8.0
42172604,Major League DJz Balcony Mix Block Party,2026-06-14T14:00:00+00:00,2026-06-14T23:00:00+00:00,London,London,0,2.0,"['House', 'Afrobeat']",2.0
42375446,Old Skool Summer BBQ,2026-06-14T12:00:00+00:00,2026-06-14T19:00:00+00:00,Cambridgeshire ,Cambridgeshire,1,5.0,"['Trance', 'Drum and Bass', 'Old Skool', 'Bassline', 'Bass Music']",2.0
42459690,Farmers' Market,2026-06-14T10:00:00+00:00,2026-06-14T14:00:00+00:00,Fareham,Hampshire,0,,,
41596326,Beat-Herder Festival,2026-06-16T11:00:00+00:00,2026-06-19T23:00:00+00:00,"Sawley, Lancashire",Lancashire,0,5.0,"['Breaks', 'Drum and Bass', 'Tech House', 'Dubstep', 'Reggae']",50.0
42151286,3 Lions FREE Fanzone: England vs Croatia,2026-06-17T18:00:00+00:00,2026-06-18T00:00:00+00:00,Liverpool,Merseyside,1,1.0,['Retro and Throwbacks'],
41312834,Loverocks Classic Rock and Blues Festival IX,2026-06-18T17:00:00+00:00,2026-06-20T23:30:00+00:00,Ferndown,Dorset,0,5.0,"['Rock', 'Metal', 'Blues', 'Country/Americana', 'Hard Rock']",12.0
41469740,On the Waterfront presents Paul Weller,2026-06-18T17:00:00+00:00,2026-06-18T23:00:00+00:00,Liverpool,Merseyside,0,5.0,"['Rock', 'Indie', '1980s', '1970s', '1990s']",3.0
41493360,Sonic Rock Solstice 2026,2026-06-18T16:00:00+00:00,2026-06-22T00:30:00+00:00,Bromsgrove ,Birmingham,0,4.0,"['Rock', 'Punk', 'New Wave', 'Progressive Rock']",8.0
41395318,Isle of Wight Festival,2026-06-18T11:00:00+00:00,2026-06-21T23:00:00+00:00,Newport,Gwent,0,4.0,"['Rock', 'Indie', 'Alternative', 'Pop Rock']",44.0
41444063,Beardy Folk Festival,2026-06-18T11:00:00+00:00,2026-06-21T23:00:00+00:00,Nr Ludlow,West Midlands,0,1.0,['Folk'],17.0
42475524,Towerfest Country Music Festival,2026-06-18T11:00:00+00:00,2026-06-21T23:00:00+00:00,Selby,Yorkshire,0,1.0,['Country/Americana'],2.0
41951089,Leicester Balloon Festival,2026-06-19T16:00:00+00:00,2026-06-21T22:30:00+00:00,Leicester,Leicestershire,0,,,
41639316,Could Be Real Tribute Festival 2026 at Walton Hall & Gardens,2026-06-19T15:30:00+00:00,2026-06-19T23:00:00+00:00,Warrington,Cheshire,0,5.0,"['Rock', 'Pop', 'Covers Band/Tribute Act', 'Indie Pop', 'Pop Rock']",3.0
41166481,Silverburn Festival 2026,2026-06-19T17:00:00+00:00,2026-06-20T22:00:00+00:00,Leven,Fife,0,5.0,"['Rock', 'Techno', 'Indie', 'Folk', 'Funk']",29.0
42257570,London Ska and Reggae Festival,2026-06-19T16:00:00+00:00,2026-06-19T22:30:00+00:00,Hainault,London,0,4.0,"['Dancehall', 'Ska', 'Reggae', 'Dub']",5.0
42294632,Sheltonbury Festival,2026-06-19T16:00:00+00:00,2026-06-20T23:00:00+00:00,Pontypridd,South Glamorgan,0,5.0,"['Trance', 'Drum and Bass', 'Hard House', 'Hardcore/Hardstyle', 'Jungle']",1.0
42486898,Scotland World Cup Rave,2026-06-19T18:00:00+00:00,2026-06-20T01:00:00+00:00,Dundee,Tayside,1,1.0,['House'],
41469744,On the Waterfront presents Red Rum Club,2026-06-19T17:00:00+00:00,2026-06-19T23:00:00+00:00,Liverpool,Merseyside,0,2.0,"['Rock', 'Indie']",4.0
42332310,PHASES Casa Nueva X Red Cup,2026-06-19T20:00:00+00:00,2026-06-20T03:00:00+00:00,Nottingham,Nottingham,0,3.0,"['House', 'Deep House', 'Tech House']",
42428531,Campfire Country Music Festival,2026-06-19T15:00:00+00:00,2026-06-19T22:00:00+00:00,Newport,Gwent,0,1.0,['Country/Americana'],
42476249,Linton Festival,2026-06-19T11:00:00+00:00,2026-06-21T23:00:00+00:00,Linton,Hereford and Worcester,0,4.0,"['Rock', 'Indie', 'Blues', 'Alternative']",9.0
42439204,Unearthed Festival 2026,2026-06-19T09:30:00+00:00,2026-06-21T23:45:00+00:00,Solva,West Glamorgan,0,5.0,"['Drum and Bass', 'Hip Hop', 'Folk', 'Reggae', 'Dub']",13.0
41496625,TRNSMT Festival,2026-06-19T11:00:00+00:00,2026-06-21T23:00:00+00:00,Glasgow,Scotland,0,3.0,"['Pop', 'Indie', 'Indie Pop']",50.0
41130014,Daresbury Festival 2026,2026-06-20T12:00:00+00:00,2026-06-20T23:00:00+00:00,Warrington,Cheshire,0,5.0,"['House', 'Retro House', 'Disco', 'Disco House', 'Soulful House']",14.0
41126226,Pepsi MAX presents Parklife Festival 2026,2026-06-20T12:00:00+00:00,2026-06-21T23:00:00+00:00,Manchester,Greater Manchester,0,5.0,"['House', 'Drum and Bass', 'Techno', 'Tech House', 'Hip Hop']",50.0
41991827,SUMMIT Festival // Between The Trees II,2026-06-20T14:00:00+00:00,2026-06-20T23:00:00+00:00,Louth,Lincolnshire,0,5.0,"['House', 'UK Garage', 'Tech House', 'Hard House', 'Funky House']",21.0
41438182,Garage Republic Festival 2026 | Motorpoint Arena,2026-06-20T14:00:00+00:00,2026-06-21T00:00:00+00:00,Nottingham,Nottingham,0,3.0,"['UK Garage', 'R&B', 'Drum and Bass']",7.0
41779133,Electric Hills 2026,2026-06-20T16:00:00+00:00,2026-06-21T01:30:00+00:00,Chinnor,Oxon,0,5.0,"['House', 'Drum and Bass', 'Pop', 'Indie', 'Electro']",5.0
41469747,On The Waterfront presents 10 Years of Cream Classical,2026-06-20T14:00:00+00:00,2026-06-20T23:00:00+00:00,Liverpool,Merseyside,0,1.0,['House'],13.0
42092346,Word of Mouth The Over 30's FESTIVAL Prosecco & Club Classics,2026-06-20T18:00:00+00:00,2026-06-20T22:30:00+00:00,StokeonTrent,Staffordshire,0,3.0,"['House', 'Club Classics', 'Funky House']",1.0
41487463,Festival In The Den,2026-06-20T12:00:00+00:00,2026-06-20T23:00:00+00:00,Leicester,Leicestershire,0,5.0,"['Pop', 'Ska', 'Covers Band/Tribute Act', '1980s', 'Brit Pop']",4.0
41787855,Country Club - Outdoor Country Music Festival - Birmingham,2026-06-20T16:00:00+00:00,2026-06-20T23:00:00+00:00,Birmingham,Birmingham,0,1.0,['Country/Americana'],
41791969,Festival On The Green Wolverhampton - Castlecroft,2026-06-20T12:00:00+00:00,2026-06-20T22:45:00+00:00,Wolverhampton,West Midlands,0,4.0,"['Pop', 'Indie Pop', 'Pop Rock', 'Pop Punk']",
42321735,Mansfield Music Festival 2026  (Your ultimate family day out!),2026-06-20T12:00:00+00:00,2026-06-20T22:00:00+00:00,Mansfield,Nottingham,0,5.0,"['Rock', 'Pop', 'Indie', 'Indie Pop', 'Pop Rock']",
41654536,Phuture Solstice Sessions,2026-06-20T11:00:00+00:00,2026-06-21T00:00:00+00:00,Wallingford,Oxon,0,5.0,"['House', 'Drum and Bass', 'Techno', 'Tech House', 'Old Skool']",8.0
41499195,Country Club - Outdoor Country Music Festival - London,2026-06-20T14:00:00+00:00,2026-06-20T22:00:00+00:00,Canning Town,London,0,1.0,['Country/Americana'],
42081964,Live In The Yard Music Festival | Binks Yard,2026-06-20T13:00:00+00:00,2026-06-20T22:00:00+00:00,Nottingham,Nottingham,0,4.0,"['Rock', 'Pop', 'Indie', 'Alternative']",3.0
41472563,Garage Republic Festival 2026 | Project House Leeds,2026-06-20T12:00:00+00:00,2026-06-20T21:00:00+00:00,Leeds,West Yorkshire,0,2.0,"['UK Garage', 'R&B']",7.0
41499196,Country Club - Country Music Festival - Bristol,2026-06-20T15:00:00+00:00,2026-06-20T22:00:00+00:00,Bristol,Bristol,0,1.0,['Country/Americana'],
41926713,Cookout - Summer Outdoor Open-Air Carnival - Manchester,2026-06-20T15:00:00+00:00,2026-06-20T22:00:00+00:00,Manchester,Greater Manchester,0,3.0,"['Dancehall', 'Reggae', 'Afrobeat']",
42436117,Groovy Stereo Summer Festival,2026-06-20T15:00:00+00:00,2026-06-20T23:30:00+00:00,Burgess Hill,Sussex,0,2.0,"['House', 'Tech House']",
42426843,Tik-Tech VIII,2026-06-20T14:00:00+00:00,2026-06-20T23:00:00+00:00,Lincoln,Lincolnshire,0,3.0,"['Techno', 'Hardcore/Hardstyle', 'Hard Trance']",3.0
42159003,Brooksbottom Live Music at The Boundary,2026-06-20T12:00:00+00:00,2026-06-20T23:45:00+00:00,"Summerseat, Bury",Manchester,0,,,
42278168,State of it Pt.4 Containment Weekender!,2026-06-20T15:00:00+00:00,2026-06-21T22:00:00+00:00,Northampton,Northamptonshire,1,5.0,"['Ska', 'Acoustic', 'Punk', 'Jungle', 'Dub']",4.0
42373797,Taste Of Thailand Music And Food Festival,2026-06-20T10:00:00+00:00,2026-06-21T19:00:00+00:00,Sheffield,South Yorkshire,0,2.0,"['World Music', 'LGBTQ+']",
42166372,Solstice Summerfest 2026!,2026-06-20T16:00:00+00:00,2026-06-21T21:00:00+00:00,Duffield,Derbyshire,0,,,5.0
42400692,ArranFest2026,2026-06-20T18:00:00+00:00,2026-06-21T01:00:00+00:00,Isle Of Arran,Strathclyde,0,5.0,"['Rock', 'Pop', 'Indie', 'Metal', 'Hard Rock']",
42336007,Cross Club Social 2026,2026-06-20T12:00:00+00:00,2026-06-21T00:00:00+00:00,Manchester,Greater Manchester,0,3.0,"['House', 'Pop', 'Disco']",
42489619,Africa Oyé - Offical After Party,2026-06-20T21:00:00+00:00,2026-06-21T03:00:00+00:00,Liverpool,Merseyside,0,5.0,"['House', 'UK Garage', 'Dancehall', 'Afrobeat', 'Amapiano']",
42447901,Summer solstice,2026-06-20T15:00:00+00:00,2026-06-20T22:00:00+00:00,Southport,Lancashire,0,4.0,"['Disco', '1980s', 'Retro and Throwbacks', 'Disco House']",
42342170,RNB MANIA | Motorpoint Arena's R&B Festival!,2026-06-20T14:00:00+00:00,2026-06-21T00:00:00+00:00,Nottingham,Nottingham,0,4.0,"['R&B', 'Hip Hop', '1990s', '2000s']",
41233437,Summer Vibes Edition II,2026-06-20T12:00:00+00:00,2026-06-20T23:30:00+00:00,Houghton-le-Spring,County Durham,1,4.0,"['Pop', 'Club Classics', '2000s', 'Bounce']",
42322847,Summer Of Love UKG & R&B Summer Outdoor Day Party Cardiff,2026-06-20T15:00:00+00:00,2026-06-20T23:00:00+00:00,Cardiff,South Glamorgan,0,5.0,"['UK Garage', 'R&B', 'Rap', 'Hip Hop', 'Bassline']",3.0
42339980,Mr Shaw Reminisce - 8yr Celebration,2026-06-20T16:00:00+00:00,2026-06-20T22:00:00+00:00,Ambergate,Derbyshire,0,5.0,"['House', 'Club Classics', 'Funky House', 'Disco House', 'Soulful House']",
42253096,Outro Festival 2026,2026-06-20T12:00:00+00:00,2026-06-21T05:00:00+00:00,London,London,0,3.0,"['UK Garage', 'Bass Music', 'Jungle']",21.0
42267707,The Nest Garage Republic Festival 2026 | Notts County Ground,2026-06-20T14:00:00+00:00,2026-06-21T00:00:00+00:00,Nottingham,Nottingham,0,4.0,"['UK Garage', 'R&B', 'Drum and Bass', 'Jungle']",7.0
42153604,RnB Mania,2026-06-20T15:00:00+00:00,2026-06-20T21:00:00+00:00,Southampton,Hants,0,1.0,['R&B'],
42428537,BeatMasters Outdoor Music Festival,2026-06-20T12:00:00+00:00,2026-06-20T22:00:00+00:00,Newport,Gwent,1,,,9.0
42432602,Leyland Festival,2026-06-20T11:00:00+00:00,2026-06-20T23:00:00+00:00,Leyland,Lancashire,0,5.0,"['Pop', 'Indie', 'Ska', 'Alternative', 'Electronic']",3.0
41996010,Cheese and Chilli Festival,2026-06-20T10:00:00+00:00,2026-06-21T18:00:00+00:00,England,Hampshire,0,,,
42449902,SaxoFest,2026-06-20T12:00:00+00:00,2026-06-20T16:30:00+00:00,Wallingford,Oxon,0,3.0,"['Rock', 'Pop', 'Funk']",1.0
42458078,Food Festival,2026-06-20T10:00:00+00:00,2026-06-20T15:00:00+00:00,Emsworth,Hampshire,0,,,
42313257,Community Power Festival,2026-06-20T14:00:00+00:00,2026-06-20T22:00:00+00:00,Bootle,Merseyside,0,,,
42404772,SaxoFest,2026-06-20T12:30:00+00:00,2026-06-20T22:00:00+00:00,Wallingford,Oxon,0,5.0,"['Rock', 'Pop', 'Jazz', 'Soul', 'Funk']",1.0
42414802,KTB & Jus' Dance Present- Groovin' In The Garden,2026-06-20T16:00:00+00:00,2026-06-20T23:30:00+00:00,Petersfield,Surrey,0,3.0,"['House', 'Disco House', 'Soulful House']",2.0
42490525,Africa Oye Festival,2026-06-20T11:00:00+00:00,2026-06-21T23:00:00+00:00,Liverpool,Merseyside,0,4.0,"['African', 'World Music', 'Reggae', 'Afrobeat']",5.0
42422321,DogFest in the Countryside,2026-06-20T09:30:00+00:00,2026-06-21T16:30:00+00:00,Cheshire,Cheshire,0,,,
42285021,The George Harrison Project,2026-06-20T19:30:00+00:00,2026-06-20T22:00:00+00:00,Ipswich ,Suffolk,0,,,
42462375,Okinawa Day,2026-06-20T11:00:00+00:00,2026-06-20T17:00:00+00:00,London,London,0,,,
42313782,First Light Festival,2026-06-20T12:00:00+00:00,2026-06-21T17:00:00+00:00,Lowestoft,Norfolk,0,5.0,"['R&B', 'Soul', 'Folk', 'Funk', 'Disco']",2.0
42434926,Beth Nawr? Festival,2026-06-20T11:00:00+00:00,2026-06-21T17:00:00+00:00,Wales,Powys,0,,,
42160682,OVER 30's CLUB - Summer Open Air Festival - Shrewsbury,2026-06-20T15:00:00+00:00,2026-06-20T21:00:00+00:00,Shrewsbury,Shropshire,0,3.0,"['Club Classics', '1990s', '2000s']",
42418759,Killin Music Festival,2026-06-20T11:00:00+00:00,2026-06-21T23:00:00+00:00,Killin,Central,0,4.0,"['Rock', 'Acoustic', 'Folk', 'Alternative']",3.0
42450017,State of it pt.4 Containment weekender warm up!,2026-06-20T15:00:00+00:00,2026-06-21T03:00:00+00:00,Northampton,Northamptonshire,0,5.0,"['Drum and Bass', 'Techno', 'Punk', 'Dub', 'Electro']",2.0
42260824,Road to Nashville Outdoor Festival | Brighton Seafront,2026-06-21T12:00:00+00:00,2026-06-21T22:30:00+00:00,Brighton,Brighton and Hove,0,1.0,['Country/Americana'],
41398404,On The Waterfront Presents Snow Patrol,2026-06-21T17:00:00+00:00,2026-06-21T23:00:00+00:00,Liverpool,Merseyside,0,2.0,"['Rock', 'Indie']",2.0
42158485,Nora En Pure - PURIFIED OPEN AIR [Final Tickets],2026-06-21T13:00:00+00:00,2026-06-21T21:00:00+00:00,London,London,0,2.0,"['House', 'Deep House']",2.0
42474302,Roots Market,2026-06-21T13:00:00+00:00,2026-06-21T22:00:00+00:00,Birmingham,Birmingham,0,2.0,"['Reggae', 'Dub']",
42428544,We Love it Outdoor Tribute Festival Newport- JUNE 2026,2026-06-21T12:00:00+00:00,2026-06-21T22:00:00+00:00,Newport,Gwent,0,,,
42468131,DAY PARTY LDN - Summer Outdoor Day Party Experience,2026-06-21T16:00:00+00:00,2026-06-21T22:00:00+00:00,Canning Town,London,0,,,
42153145,Girly Pop,2026-06-21T12:00:00+00:00,2026-06-21T16:30:00+00:00,Southampton,Hants,0,1.0,['Pop'],
42373781,Bristol Sounds,2026-06-23T11:00:00+00:00,2026-06-28T23:00:00+00:00,Bristol,Bristol,0,3.0,"['Pop', 'Hip Hop', 'Electronic']",11.0
42151288,3 Lions FREE Fanzone: England vs Ghana,2026-06-23T18:00:00+00:00,2026-06-24T00:00:00+00:00,Liverpool,Merseyside,1,1.0,['Retro and Throwbacks'],
42081450,Empire Of The Sun Ask That God Tour,2026-06-24T18:30:00+00:00,2026-06-24T22:30:00+00:00,London,London,0,3.0,"['Rock', 'Pop', 'Indie']",1.0
41668747,Forest Live - Cannock Chase Forest,2026-06-24T11:00:00+00:00,2026-06-28T23:00:00+00:00,,,0,5.0,"['House', 'R&B', 'Pop', 'Indie Pop', 'Pop Rock']",
41970857,Replika Festival 2026,2026-06-25T12:00:00+00:00,2026-06-28T23:00:00+00:00,Walton Upon Trent,Derbyshire,0,5.0,"['Rock', 'Pop', 'Indie', 'Covers Band/Tribute Act', 'Brit Pop']",50.0
41172066,Liverpool Soul Weekender 2026,2026-06-25T18:00:00+00:00,2026-06-29T00:00:00+00:00,Liverpool,Merseyside,0,3.0,"['Soul', 'Funk', 'Disco']",
41585836,Morvala Festival of Arts 2026,2026-06-25T13:00:00+00:00,2026-06-29T11:00:00+00:00,Torpoint,Devon,0,5.0,"['Rock', 'Folk', 'Alternative', 'Pop Rock', 'Progressive Rock']",50.0
41162497,Symphonic Ibiza - KNOWLE - Friday 26th June 2026,2026-06-26T17:00:00+00:00,2026-06-26T22:30:00+00:00,Solihull,Birmingham,0,,,
42138323,"OVERMONO, GIGGS & MORE| Boiler Room: Nottingham at Colwick Park",2026-06-26T15:00:00+00:00,2026-06-26T23:00:00+00:00,Nottingham,Nottingham,0,3.0,"['House', 'Rap', 'Electronic']",9.0
42330638,The Bootleg Beatles | Central Park Brighton Seafront,2026-06-26T18:00:00+00:00,2026-06-26T22:30:00+00:00,Brighton,Brighton and Hove,0,2.0,"['Indie', 'Alternative']",2.0
41321129,Open Arms Fest,2026-06-26T10:00:00+00:00,2026-06-28T12:00:00+00:00,Fordingbridge,Wiltshire,0,5.0,"['House', 'UK Garage', 'Drum and Bass', 'Disco', 'Bassline']",13.0
41355009,Humber View Tribute Festival 2026,2026-06-26T16:30:00+00:00,2026-06-26T22:30:00+00:00,Hull,Humberside,0,4.0,"['Rock', 'Pop', 'Covers Band/Tribute Act', '1980s']",4.0
42323636,"Ibiza Anthems With Judge Jules, Scott Bond & Leonie",2026-06-26T18:00:00+00:00,2026-06-26T22:00:00+00:00,Ilkeston,Derbyshire,0,3.0,"['House', 'Trance', 'Club Classics']",
41377461,Shirley's Summer Sesh Friday,2026-06-26T17:00:00+00:00,2026-06-26T23:00:00+00:00,Ballymoney,Northern Ireland,0,1.0,['Nu Rave'],4.0
41499453,Grass Roots Grazin' 2026,2026-06-26T12:00:00+00:00,2026-06-28T22:30:00+00:00,Salisbury,Wiltshire,0,3.0,"['Indie', 'Folk', 'Punk']",11.0
42456424,Oundle Fringe Festival,2026-06-26T00:00:00+00:00,2026-07-05T17:00:00+00:00,Oundle,Cambridgeshire,0,5.0,"['Rock', 'Jazz', 'Classical', 'Acoustic', 'Folk']",
42141423,Granite City Festival presents Source Festival,2026-06-26T15:00:00+00:00,2026-06-26T23:00:00+00:00,Aberdeen,Grampian,1,1.0,['House'],8.0
41387444,Heartland Festival,2026-06-26T11:00:00+00:00,2026-06-28T23:00:00+00:00,Pitlochry,Tayside,0,2.0,"['Indie', 'Folk']",15.0
42147549,Grass Roots Grazin',2026-06-26T12:00:00+00:00,2026-06-28T22:30:00+00:00,Salisbury,Wiltshire,0,,,
41595240,Reyt Fest,2026-06-26T17:30:00+00:00,2026-06-27T23:30:00+00:00,Rotherham,South Yorkshire,0,5.0,"['Indie', 'Alternative', 'Brit Pop', 'Indie Pop', 'Pop Punk']",17.0
41602012,State Fayre Festival,2026-06-26T11:00:00+00:00,2026-06-28T23:00:00+00:00,Chelmsford,Essex,0,4.0,"['Rock', 'Country/Americana', 'Indie Pop', 'Pop Rock']",20.0
42249429,Expansivefest,2026-06-26T20:00:00+00:00,2026-06-28T16:00:00+00:00,Braunton,Devon,0,5.0,"['House', 'UK Garage', 'Techno', 'Dubstep', 'Jungle']",2.0
41353164,Outbreak Fest,2026-06-26T11:00:00+00:00,2026-06-28T23:00:00+00:00,Manchester,Greater Manchester,0,2.0,"['Rock', 'Metal']",48.0
41129870,Restricted Forest 2026,2026-06-27T13:00:00+00:00,2026-06-27T23:00:00+00:00,Liverpool,Merseyside,0,4.0,"['Trance', 'Old Skool', 'Club Classics', '1990s']",27.0
41476993,"Rum & Reggae Fest| Colwick Park, Nottingham LAST 300 TICKETS",2026-06-27T13:00:00+00:00,2026-06-27T23:00:00+00:00,Nottingham,Nottingham,0,5.0,"['Drum and Bass', 'Dancehall', 'Reggae', 'Jungle', 'Dub']",25.0
41267683,Granite City Festival 2026,2026-06-27T12:00:00+00:00,2026-06-27T23:00:00+00:00,Aberdeen,Grampian,0,3.0,"['House', 'Trance', 'Tech House']",31.0
41162459,Knowle Party In The Park 2026,2026-06-27T11:00:00+00:00,2026-06-27T22:30:00+00:00,Solihull,Birmingham,0,,,3.0
41235747,Cafe Mambo Ibiza Classics in the Park 2026,2026-06-27T14:00:00+00:00,2026-06-27T23:00:00+00:00,Hull,Humberside,0,5.0,"['House', 'Retro House', 'Club Classics', 'Funky House', 'Disco House']",17.0
42088734,Northampton Saints Music Festival 2026,2026-06-27T12:00:00+00:00,2026-06-27T23:45:00+00:00,Northampton,Northamptonshire,0,,,
41998789,Junction 42,2026-06-27T14:00:00+00:00,2026-06-27T22:00:00+00:00,Norwich,Norfolk,0,5.0,"['UK Garage', 'R&B', 'Drum and Bass', 'Old Skool', 'Hip Hop']",24.0
42323624,Ilkeston Music Festival,2026-06-27T12:00:00+00:00,2026-06-27T22:00:00+00:00,Ilkeston,Derbyshire,0,5.0,"['Rock', 'Club Classics', 'Indie', 'Country/Americana', 'Pop Rock']",
42146841,Anyma presents ÆDEN,2026-06-27T15:00:00+00:00,2026-06-27T22:30:00+00:00,London,London,0,,,6.0
42088381,Voodoo Festival 2026,2026-06-27T14:00:00+00:00,2026-06-27T23:00:00+00:00,Chichester,Hampshire,0,4.0,"['Drum and Bass', 'Old Skool', 'Funky House', 'Soulful House']",10.0
42270598,Jungle Cakes Beach Festival Newquay 2026,2026-06-27T12:00:00+00:00,2026-06-28T02:00:00+00:00,Newquay,Cornwall,0,2.0,"['Drum and Bass', 'Jungle']",18.0
41490999,"Rum & Reggae Fest Jungle Takeover 2026| Colwick Park, Nottingham",2026-06-27T13:00:00+00:00,2026-06-27T23:00:00+00:00,Nottingham,Nottingham,0,2.0,"['Reggae', 'Jungle']",18.0
42083714,Warwick Thai Festival,2026-06-27T10:00:00+00:00,2026-06-28T19:00:00+00:00,Warwick,West Midlands,0,,,
42290932,Jungle Cakes Beach Festival - Exmouth,2026-06-27T12:00:00+00:00,2026-06-27T22:00:00+00:00,Exmouth,Devon,0,4.0,"['UK Garage', 'Drum and Bass', 'Bass Music', 'Jungle']",13.0
41626761,"DJ SAMMY & MORE | Love the 90s Festival | Project House, Leeds",2026-06-27T12:00:00+00:00,2026-06-27T21:00:00+00:00,Leeds,West Yorkshire,0,1.0,['1990s'],9.0
42171684,Stringz Fest,2026-06-27T13:00:00+00:00,2026-06-27T22:00:00+00:00,Upminster,London,0,1.0,['House'],4.0
41468310,SoundScape 2026,2026-06-27T12:00:00+00:00,2026-06-27T23:00:00+00:00,Bishop Auckland,Durham,0,4.0,"['Trance', 'Hardcore/Hardstyle', 'Hard Dance', 'Bounce']",
41377463,Shirley's Summer Sesh Saturday,2026-06-27T15:00:00+00:00,2026-06-27T23:00:00+00:00,Ballymoney,Northern Ireland,0,2.0,"['Country/Americana', 'Pop Rock']",5.0
41773335,Front Row Festival,2026-06-27T11:00:00+00:00,2026-06-27T23:30:00+00:00,Bicester,Oxon,0,,,
42487744,Sundown Social Presents- England Vs Panama screening,2026-06-27T22:00:00+00:00,2026-06-28T02:45:00+00:00,Birmingham,Birmingham,0,,,
41643617,Kings Hill Music Festival 2026,2026-06-27T12:00:00+00:00,2026-06-27T21:30:00+00:00,West Malling,Kent,0,5.0,"['Rock', 'Pop', 'Ska', 'Soul', 'Rock & Roll / 1950s']",
42405075,England vs Panama @ BallPoint Sports Bar,2026-06-27T18:30:00+00:00,2026-06-28T01:00:00+00:00,Telford,Shropshire,0,,,
41499199,Country Club - Outdoor Country Music Festival - Birmingham,2026-06-27T16:00:00+00:00,2026-06-27T23:00:00+00:00,Birmingham,Birmingham,1,1.0,['Country/Americana'],
42455588,Novella,2026-06-27T12:00:00+00:00,2026-06-27T18:00:00+00:00,Merthyr Tydfil,South Glamorgan,0,4.0,"['House', 'Tech House', 'Rap', 'Grime']",4.0
41499172,Sheffield Soul Fest,2026-06-27T14:00:00+00:00,2026-06-27T23:00:00+00:00,Sheffield,South Yorkshire,0,3.0,"['Soul', 'Soulful House', 'Northern Soul']",4.0
42093838,Reggae Ondi Farm Festival 2026,2026-06-27T11:00:00+00:00,2026-06-27T23:00:00+00:00,Ripley,Derbyshire,0,1.0,['Reggae'],
42256727,Secret Garden Series Hosted by Summer Solstice,2026-06-27T15:00:00+00:00,2026-06-27T22:00:00+00:00,Southampton,Hants,0,1.0,['UK Garage'],
42443328,Summer Solstice,2026-06-27T14:00:00+00:00,2026-06-27T21:00:00+00:00,Stirling,Central,0,,,
42436105,Summer Outdoor Garage Festival - The Hobbit Southampton,2026-06-27T15:00:00+00:00,2026-06-27T21:00:00+00:00,Southampton,Hants,0,1.0,['UK Garage'],1.0
42263202,London Mahotsav,2026-06-27T11:30:00+00:00,2026-06-28T20:00:00+00:00,Harrow,London,0,,,
42475501,M PRESENTS : Open Air Day Party + Indoor After Party,2026-06-27T15:00:00+00:00,2026-06-28T02:00:00+00:00,Bewdley,West Midlands,0,5.0,"['House', 'UK Garage', 'Deep House', 'Tech House', 'Hard House']",3.0
41170815,Goodlife Festival 2026,2026-06-27T13:00:00+00:00,2026-06-27T23:00:00+00:00,Leeds,West Yorkshire,1,5.0,"['House', 'Soul', 'Funk', 'Disco', 'Disco House']",
42147618,3 Lions FREE Fanzone: WORLD CUP FINAL,2026-06-27T15:00:00+00:00,2026-06-28T00:00:00+00:00,Liverpool,Merseyside,0,1.0,['Retro and Throwbacks'],
42488633,Proms by The Lake,2026-06-27T19:30:00+00:00,2026-06-27T21:30:00+00:00,Camberley,Surrey,0,,,
42498228,British Summer Time,2026-06-27T11:00:00+00:00,2026-07-12T23:00:00+00:00,St Neots,Cambridgeshire,0,3.0,"['Pop', 'Alternative', 'Country/Americana']",34.0
41602006,The Harrogate Food and Drink Festival 2026: A Feast on The Stray,2026-06-27T10:00:00+00:00,2026-06-28T19:00:00+00:00,Harrogate,North Yorkshire,0,,,
42333451,Youth Beatz 2026,2026-06-27T12:00:00+00:00,2026-06-28T22:00:00+00:00,Dumfries,Dumfries and Galloway,0,1.0,['Pop'],6.0
42342044,CLUB 80s,2026-06-27T19:00:00+00:00,2026-06-28T01:00:00+00:00,Glasgow,Scotland,0,1.0,['Disco'],
42420615,51st Festival Riverside Sessions,2026-06-27T00:00:00+00:00,2026-06-27T22:00:00+00:00,Barking,London,0,3.0,"['House', 'Electronic', 'Electro']",26.0
41747373,Rockprest Tribute Festival,2026-06-27T11:00:00+00:00,2026-06-28T23:00:00+00:00,Preston,Lancashire,0,5.0,"['Rock', 'Indie', 'Metal', 'Alternative', 'Emo']",24.0
42246535,Blackbird Festival,2026-06-27T17:00:00+00:00,2026-06-27T23:00:00+00:00,Cardiff,South Glamorgan,0,3.0,"['Rock', 'Alternative', 'Hard Rock']",5.0
42412955,Ella Street Festival 2026,2026-06-27T11:00:00+00:00,2026-06-27T16:00:00+00:00,Hull,Humberside,0,,,
42505137,Blenheim Palace Festival,2026-06-27T11:00:00+00:00,2026-07-04T23:00:00+00:00,Woodstock,Oxon,0,3.0,"['Pop', 'Alternative', 'Electronic']",11.0
42418158,Summer Sounds Festival Wigan 2026,2026-06-27T13:30:00+00:00,2026-06-27T21:30:00+00:00,Wigan,Manchester,0,,,
42246592,SMK Live,2026-06-27T12:00:00+00:00,2026-06-28T23:00:00+00:00,Milton Keynes,Buckinghamshire,0,3.0,"['R&B', 'Pop', 'Electronic']",14.0
42146962,Anyma presents ÆDEN,2026-06-28T15:00:00+00:00,2026-06-28T22:00:00+00:00,London,London,0,,,5.0
42171287,Continental GT Steppers London @ studio 338,2026-06-28T15:00:00+00:00,2026-06-28T23:00:00+00:00,Greenwich,London,0,3.0,"['House', 'Deep House', 'Tech House']",2.0
42323634,Ilkeston Country Music Festival,2026-06-28T12:00:00+00:00,2026-06-28T23:00:00+00:00,Ilkeston,Derbyshire,0,1.0,['Country/Americana'],
42516994,Beehive Ldn Summer Day Party,2026-06-28T14:00:00+00:00,2026-06-28T23:00:00+00:00,Barking,London,1,4.0,"['Deep House', 'Tribal House', 'Tech House', 'Amapiano']",4.0
42565892,England V Dr Congo Family Fanzone,2026-07-01T16:00:00+00:00,2026-07-01T20:00:00+00:00,Middlesbrough,Cleveland,0,,,
41395123,Lytham Festival,2026-07-01T11:00:00+00:00,2026-07-05T23:00:00+00:00,Lancashire,Lancashire,0,3.0,"['Rock', 'Pop', 'Indie']",13.0
41177676,The Brit Fest 2026,2026-07-02T12:00:00+00:00,2026-07-05T23:00:00+00:00,MANCHESTER,Cheshire,0,4.0,"['Pop', 'Indie', 'Brit Pop', 'Indie Pop']",23.0
41471319,Tributes on the Hill 2026,2026-07-02T11:00:00+00:00,2026-07-05T22:00:00+00:00,Frodsham,Cheshire,0,5.0,"['Indie', 'Covers Band/Tribute Act', '1980s', '1990s', 'Pop Rock']",3.0
41572996,Westival 2026,2026-07-02T00:00:00+00:00,2026-07-06T12:00:00+00:00,Tenby,West Glamorgan,0,5.0,"['House', 'UK Garage', 'Drum and Bass', 'Disco', 'Jungle']",25.0
42084724,Kelburn Garden Party,2026-07-02T11:00:00+00:00,2026-07-06T23:00:00+00:00,Largs,Strathclyde,0,,,50.0
42374166,Stendhal Festival,2026-07-02T11:00:00+00:00,2026-07-04T23:00:00+00:00,Limavady,Northern Ireland,0,3.0,"['Indie', 'Folk', 'Indie Pop']",11.0
42415077,Immunity Festival 2026! Crediton,2026-07-02T15:00:00+00:00,2026-07-06T11:45:00+00:00,Crediton,Devon,1,4.0,"['House', 'Trance', 'Hard House', 'Reggae']",3.0
42415515,Minety Music Festival 2026,2026-07-02T12:00:00+00:00,2026-07-05T22:30:00+00:00,Malmesbury,Wiltshire,0,5.0,"['Club Classics', 'Indie', 'Blues', 'Folk', 'Pop Rock']",13.0
42300664,Gate To Southwell Festival,2026-07-02T11:00:00+00:00,2026-07-05T23:00:00+00:00,Newark,Nottingham,0,2.0,"['Acoustic', 'Folk']",14.0
41956332,Swindon Balloon Festival,2026-07-03T16:00:00+00:00,2026-07-04T22:30:00+00:00,Swindon,Wiltshire,0,,,
41997647,Faithless LIVE | Manchester,2026-07-03T17:00:00+00:00,2026-07-03T23:00:00+00:00,Manchester,Greater Manchester,0,2.0,"['House', 'Trance']",3.0
41619018,Above & Beyond | Silverworks Island [Enter via Custom House],2026-07-03T16:00:00+00:00,2026-07-03T22:30:00+00:00,London,London,0,3.0,"['House', 'Trance', 'Electronic']",1.0
42094267,ECLIPSE - Windsor Racecourse,2026-07-03T16:30:00+00:00,2026-07-03T22:30:00+00:00,Windsor,Berkshire,0,3.0,"['UK Garage', 'R&B', 'Soul']",4.0
41580629,Clubland Live at The Abbey Nottingham,2026-07-03T16:00:00+00:00,2026-07-03T23:00:00+00:00,Ravenshead,Nottingham,0,4.0,"['Hardcore/Hardstyle', 'Club Classics', 'Cheesy Dance', 'Hard Dance']",18.0
42138242,Ministry Of Sound Classical - Live at Rochester Castle,2026-07-03T16:00:00+00:00,2026-07-03T22:00:00+00:00,Kent,Kent,0,,,
41663992,The Skegness Reggae & Ska Festival 2026,2026-07-03T16:00:00+00:00,2026-07-05T19:00:00+00:00,Skegness,Cambridgeshire,0,2.0,"['Ska', 'Reggae']",11.0
41580632,Ravers Reunited Live At The Abbey Nottingham,2026-07-03T16:00:00+00:00,2026-07-03T23:00:00+00:00,Ravenshead,Nottingham,0,4.0,"['Hardcore/Hardstyle', 'Club Classics', 'Cheesy Dance', 'Hard Dance']",16.0
41981597,Secret Garden Series Hosted By: Warehouse Events,2026-07-03T18:00:00+00:00,2026-07-03T23:00:00+00:00,Southampton,Hants,0,3.0,"['UK Garage', 'Drum and Bass', 'Bassline']",3.0
41284236,BACK2HOUSE -The House across the Decades Festival Weekender 2026,2026-07-03T11:00:00+00:00,2026-07-05T23:00:00+00:00,Bewdley,West Midlands,0,4.0,"['UK Garage', 'Soul', 'Reggae', 'Jungle']",2.0
41386379,Rivendell Festival 2026,2026-07-03T13:00:00+00:00,2026-07-04T23:45:00+00:00,Workington,Cumbria,0,,,1.0
42005594,East Devon Soul Festival,2026-07-03T19:00:00+00:00,2026-07-04T23:45:00+00:00,Seaton,Devon,0,5.0,"['Drum and Bass', 'Jazz', 'Hip Hop', 'Ska', 'Electronic']",7.0
42517293,The Totally 80s Festival,2026-07-03T16:30:00+00:00,2026-07-03T23:00:00+00:00,Swansea,West Glamorgan,0,1.0,['Pop'],1.0
42352287,AlderFest 2026,2026-07-03T17:00:00+00:00,2026-07-04T23:00:00+00:00,Whitchurch,Shropshire,0,2.0,"['Pop', 'Club Classics']",6.0
41589886,The Kooks Inside In / Inside Out 20th Anniversary,2026-07-03T16:00:00+00:00,2026-07-03T22:00:00+00:00,Bedford,Bedfordshire,0,5.0,"['Indie', 'Punk', '1990s', 'Indie Pop', 'Pop Punk']",1.0
42004208,Camping bookings for Back2house Festival @ Pinewood Retreat,2026-07-03T00:00:00+00:00,2026-07-05T19:30:00+00:00,Bewdley,West Midlands,0,5.0,"['House', 'Disco', 'Reggae', 'Jungle', 'Soulful House']",1.0
42513132,Doonfest,2026-07-03T14:00:00+00:00,2026-07-04T23:00:00+00:00,Dalrymple,Strathclyde,0,4.0,"['Ska', 'Folk', 'Country/Americana', 'Indie Pop']",2.0
42308303,Love Supreme Jazz Festival,2026-07-03T11:00:00+00:00,2026-07-05T23:00:00+00:00,Lewes,Brighton and Hove,0,2.0,"['Jazz', 'Blues']",36.0
41340593,Bradford Literature Festival,2026-07-03T09:00:00+00:00,2026-07-03T22:00:00+00:00,Bradford ,West Yorkshire,0,,,
41769740,WOMAD Glasgow,2026-07-03T11:00:00+00:00,2026-07-04T23:00:00+00:00,Glasgow,Scotland,0,4.0,"['Pop', 'Jazz', 'Folk', 'World Music']",
42085976,Symphonic Ibiza Brighton,2026-07-03T18:00:00+00:00,2026-07-03T22:00:00+00:00,Brighton,Brighton and Hove,1,3.0,"['House', 'Classical', 'EDM']",3.0
42405280,Maverick Festival,2026-07-03T11:00:00+00:00,2026-07-05T23:00:00+00:00,"Woodbridge, Suffolk",Suffolk,0,1.0,['Country/Americana'],5.0
42134400,Todd in the Hole Festival,2026-07-03T13:00:00+00:00,2026-07-05T23:00:00+00:00,Stevenage,Hertfordshire,0,3.0,"['Rock', 'Pop', 'Indie Pop']",12.0
41975667,Shirebrook VW weekender,2026-07-03T12:30:00+00:00,2026-07-05T19:00:00+00:00,Mansfield,Nottingham,1,,,
42491712,AlderFest,2026-07-03T11:00:00+00:00,2026-07-04T23:00:00+00:00,Whitchurch,Shropshire,0,5.0,"['House', 'Pop', 'Cheesy Dance', 'Electronic', '1990s']",7.0
41367452,Roundhay Festival,2026-07-03T11:00:00+00:00,2026-07-04T23:00:00+00:00,Leeds,West Yorkshire,0,1.0,['Pop'],7.0
41353918,Halo Festival,2026-07-04T11:00:00+00:00,2026-07-04T23:00:00+00:00,Ipswich,Suffolk,0,5.0,"['House', 'UK Garage', 'Pop', 'Indie', 'Pop Rock']",16.0
41217328,doof in the Park 2026,2026-07-04T13:00:00+00:00,2026-07-04T23:00:00+00:00,Dundee,Tayside,0,3.0,"['Trance', 'Techno', 'Hard House']",23.0
42141574,Bristol Tattoo Convention 2026 - 10th Anniversary,2026-07-04T11:00:00+00:00,2026-07-05T19:00:00+00:00,Bristol,Bristol,0,4.0,"['Rock', 'Folk', 'Electronic', 'Country/Americana']",4.0
41950621,Clubland & Logic In The Park Swansea,2026-07-04T14:00:00+00:00,2026-07-04T23:00:00+00:00,Swansea,West Glamorgan,0,3.0,"['Hardcore/Hardstyle', 'Club Classics', 'Hard Dance']",20.0
41991581,Craig David Presents TS5 | Manchester,2026-07-04T16:00:00+00:00,2026-07-04T22:30:00+00:00,Manchester,Greater Manchester,0,4.0,"['House', 'UK Garage', 'R&B', 'Pop']",6.0
41199757,Wonderland Festival 2026,2026-07-04T13:00:00+00:00,2026-07-04T23:00:00+00:00,Nottingham,Nottingham,0,5.0,"['House', 'Disco', 'Nu Disco', 'Disco House', 'Soulful House']",13.0
42286814,Rum & Reggae Fest | Central Park Brighton Seafront,2026-07-04T12:00:00+00:00,2026-07-04T22:30:00+00:00,Brighton,Brighton and Hove,0,5.0,"['Covers Band/Tribute Act', 'Dubstep', 'Reggae', 'Bass Music', 'Dub']",16.0
41350846,Celestry 2026,2026-07-04T14:00:00+00:00,2026-07-04T22:30:00+00:00,Windsor,Berkshire,0,1.0,['House'],8.0
41487223,"Rum & Reggae 2026 | SteelYard, Sheffield",2026-07-04T13:00:00+00:00,2026-07-04T23:00:00+00:00,Sheffield,South Yorkshire,0,5.0,"['Dancehall', 'Soul', 'Reggae', 'Bassline', 'Dub']",10.0
42491728,Open Air Festival,2026-07-04T14:00:00+00:00,2026-07-04T23:00:00+00:00,Greenwich,London,0,,,
42273923,Word of Mouth The Over 30's Day Club Open Air Festival,2026-07-04T16:00:00+00:00,2026-07-04T23:00:00+00:00,Birmingham,Birmingham,0,3.0,"['House', 'Club Classics', 'Funky House']",1.0
41935780,Romstock Festival 2026,2026-07-04T12:00:00+00:00,2026-07-04T22:00:00+00:00,Romsley,Birmingham,0,,,
42326268,Summer Shutdown,2026-07-04T16:00:00+00:00,2026-07-04T23:00:00+00:00,Manchester,Greater Manchester,0,3.0,"['House', 'Tribal House', 'Soulful House']",7.0
41978770,Crickfest 2026,2026-07-04T12:00:00+00:00,2026-07-04T22:00:00+00:00,Mold,Cheshire,0,4.0,"['House', 'Rock', 'Pop', 'Indie']",
41911503,DOUGIE POYNTER & MORE | Pop Republic Fest | Binks Yard,2026-07-04T14:00:00+00:00,2026-07-04T22:00:00+00:00,Nottingham,Nottingham,0,3.0,"['Pop', '1990s', '2000s']",3.0
42321634,Wilford Music Festival (Your ultimate family day out!),2026-07-04T12:00:00+00:00,2026-07-04T22:00:00+00:00,Nottingham,Nottingham,0,5.0,"['Pop', 'Indie', 'Covers Band/Tribute Act', 'Indie Pop', 'Pop Rock']",
42098400,ELEV8 : OPEN AIR All Day Festival,2026-07-04T13:00:00+00:00,2026-07-05T01:00:00+00:00,Nuneaton,West Midlands,0,3.0,"['House', 'Tech House', 'Funky House']",
42162188,Love Ibiza Classics,2026-07-04T15:00:00+00:00,2026-07-05T01:00:00+00:00,Rugby,West Midlands,0,4.0,"['House', 'Tech House', 'Disco House', 'Soulful House']",
41386603,Nashville Days 2026 - Leicestershire Country Music Festival,2026-07-04T13:00:00+00:00,2026-07-04T23:00:00+00:00,Leicester,Leicestershire,0,3.0,"['Pop', 'Acoustic', 'Country/Americana']",
41949662,West Fest 26,2026-07-04T14:00:00+00:00,2026-07-04T23:00:00+00:00,Hartlepool,Cleveland,0,,,1.0
41638730,The Cambridge Dance Festival 2026,2026-07-04T12:00:00+00:00,2026-07-04T23:00:00+00:00,Cambridge,Cambridge,0,5.0,"['House', 'UK Garage', 'Drum and Bass', 'Old Skool', 'Jungle']",12.0
41499201,Country Club - Outdoor Country Music Festival - Norwich,2026-07-04T15:00:00+00:00,2026-07-04T22:00:00+00:00,Norwich,Norfolk,0,1.0,['Country/Americana'],
41589773,Labyrinth Open Air: Sasha & John Digweed (6 hour set),2026-07-04T13:00:00+00:00,2026-07-04T22:00:00+00:00,Bedford,Bedfordshire,0,5.0,"['Techno', 'Deep House', 'Tech House', 'Prog House', 'Electronic']",2.0
42436098,Glassonbury,2026-07-04T12:30:00+00:00,2026-07-04T21:00:00+00:00,Maryport,Cumbria,0,,,
42142458,R&B Outdoor Terrace Party - Saturday 4th July - Invisible Wind,2026-07-04T15:00:00+00:00,2026-07-04T22:00:00+00:00,Liverpool,Merseyside,0,1.0,['R&B'],
42560893,First year Rodeos Fest,2026-07-04T12:00:00+00:00,2026-07-04T23:30:00+00:00,Birmingham,Birmingham,0,,,8.0
42282554,First Year Rodeo's Fest,2026-07-04T12:00:00+00:00,2026-07-04T23:30:00+00:00,Birmingham,Birmingham,0,1.0,['Country/Americana'],8.0
42257053,RNB MANIA | Newcastle's R&B Festival,2026-07-04T15:00:00+00:00,2026-07-04T21:00:00+00:00,Newcastle Upon Tyne ,Tyne and Wear,0,4.0,"['R&B', 'Hip Hop', '1990s', '2000s']",
42502439,SOCA Paradise,2026-07-04T16:00:00+00:00,2026-07-04T23:00:00+00:00,Northampton,Northamptonshire,0,1.0,['Dancehall'],
42573667,DAY PARTY BRIXTON - Summer Rooftop Day Party,2026-07-04T18:00:00+00:00,2026-07-04T23:00:00+00:00,London,London,0,,,
42487110,Summer Scream Tattoo Bash After Party!,2026-07-04T20:00:00+00:00,2026-07-05T01:00:00+00:00,Tamworth,Birmingham,0,5.0,"['Breaks', 'Drum and Bass', 'Techno', 'Dubstep', 'Jungle']",3.0
42162760,"Small Town, Big Music '26",2026-07-04T12:00:00+00:00,2026-07-05T01:00:00+00:00,Almondsbury,Bristol,0,4.0,"['Pop', 'Blues', 'Funk', 'Country/Americana']",4.0
41625949,Pagan Fellowship Festival,2026-07-04T09:00:00+00:00,2026-07-04T22:00:00+00:00,Glasgow,Scotland,0,,,
42260058,"Only Bounce ""day & night""",2026-07-04T14:00:00+00:00,2026-07-05T03:00:00+00:00,Bolton,Manchester,0,3.0,"['Old Skool', 'Hard Dance', 'Bounce']",2.0
42364164,R&B With Me - Summer Opening Party,2026-07-04T17:00:00+00:00,2026-07-04T22:00:00+00:00,Canterbury,Kent,0,5.0,"['UK Garage', 'R&B', 'Dancehall', 'Hip Hop', 'Soul']",
41472301,RevsFest,2026-07-04T10:30:00+00:00,2026-07-04T21:00:00+00:00,Paignton,Devon,0,3.0,"['Deep House', 'Acoustic', 'Alternative']",
41499200,Country Club -  Country Music Festival - Brighton,2026-07-04T15:00:00+00:00,2026-07-04T21:00:00+00:00,Brighton,Brighton and Hove,0,1.0,['Country/Americana'],
42410881,Flavours of Yorkshire,2026-07-04T10:00:00+00:00,2026-07-05T17:00:00+00:00,Pickering,Yorkshire,0,,,
42141627,POSHFUNK - Summer Garden Party,2026-07-04T13:00:00+00:00,2026-07-04T23:00:00+00:00,Brentwood,Essex,0,1.0,['House'],
42418077,S.O.J fest,2026-07-04T12:00:00+00:00,2026-07-04T22:00:00+00:00,Derby,Derbyshire,0,,,
41956371,Rulebreakerz & Friendz Fest,2026-07-04T13:00:00+00:00,2026-07-04T23:00:00+00:00,Clacton-on-Sea,Essex,0,2.0,"['House', 'UK Garage']",
42459256,American Chaos 4th July Festival,2026-07-04T16:00:00+00:00,2026-07-05T02:00:00+00:00,Merthyr Tydfil,South Glamorgan,0,,,
42249514,Long Eaton Music Festival,2026-07-04T14:00:00+00:00,2026-07-04T23:00:00+00:00,Nottingham,Nottingham,1,5.0,"['Indie', 'Acoustic', 'Alternative', 'Nu Metal', 'Indie Pop']",5.0
41623391,Paisley Alive Festival 2026,2026-07-04T10:00:00+00:00,2026-07-04T22:00:00+00:00,Paisley,Strathclyde,1,4.0,"['Pop', 'Acoustic', 'Soul', 'Disco House']",10.0
42410706,Soul Festival,2026-07-04T11:00:00+00:00,2026-07-04T12:00:00+00:00,England,Devon,0,,,
42468219,Soul Festival,2026-07-04T11:00:00+00:00,2026-07-04T23:45:00+00:00,England,Devon,0,,,
42263769,Womanifest,2026-07-04T11:00:00+00:00,2026-07-05T23:00:00+00:00,Oakmere,Cheshire,0,,,
41496375,The All American Tribute Fest,2026-07-04T15:00:00+00:00,2026-07-04T23:00:00+00:00,West Midlands,West Midlands,1,1.0,['Country/Americana'],3.0
41340594,Bradford Literature Festival,2026-07-04T09:00:00+00:00,2026-07-04T22:00:00+00:00,Bradford ,West Yorkshire,0,,,
42459260,MIST Presents... THE DEEP END,2026-07-04T14:30:00+00:00,2026-07-04T22:00:00+00:00,Liverpool,Merseyside,1,2.0,"['Alternative', 'Shoegaze']",2.0
42091752,Park Rock Brighton 2026,2026-07-04T12:00:00+00:00,2026-07-04T22:00:00+00:00,Brighton,Brighton and Hove,1,3.0,"['Rock', 'Pop', 'Covers Band/Tribute Act']",
42260781,Guilfest,2026-07-04T11:00:00+00:00,2026-07-05T23:00:00+00:00,Guildford,Surrey,0,3.0,"['Pop', 'Indie Pop', 'Pop Rock']",26.0
42285937,The George Harrison Project,2026-07-04T19:30:00+00:00,2026-07-04T22:00:00+00:00,Leicester,Leicestershire,0,,,
41608035,WAH In The City | Silverworks Island [Enter via Custom House],2026-07-05T12:00:00+00:00,2026-07-05T22:00:00+00:00,London,London,0,4.0,"['Drum and Bass', 'Electronic', 'Bass Music', 'Electro']",26.0
41989084,Electric Heart Manchester,2026-07-05T14:00:00+00:00,2026-07-05T22:30:00+00:00,Manchester,Greater Manchester,0,2.0,"['Indie', 'Indie Pop']",6.0
42412516,Generations Festival,2026-07-05T13:00:00+00:00,2026-07-05T21:00:00+00:00,Windsor,Berkshire,0,,,
42289175,Rob Lamberti presents: George Michael | Central Park Brighton,2026-07-05T19:00:00+00:00,2026-07-05T22:30:00+00:00,Brighton,Brighton and Hove,0,2.0,"['Pop', '1980s']",1.0
42174830,Continental GT Steppers London @ studio 338,2026-07-05T16:00:00+00:00,2026-07-05T23:00:00+00:00,Greenwich,London,0,3.0,"['House', 'Deep House', 'Tech House']",2.0
41601917,Could Be Real Tribute Festival 2026 at Newstead Abbey,2026-07-05T12:00:00+00:00,2026-07-05T21:00:00+00:00,Nottingham,Nottingham,0,4.0,"['Pop', 'Brit Pop', 'Indie Pop', 'Pop Rock']",4.0
42090512,Shirley Social - Sunday 5th July,2026-07-05T10:00:00+00:00,2026-07-05T18:00:00+00:00,Shirley,Birmingham,0,,,
42487057,The Vibe Day Party - Freight Brixton,2026-07-05T16:00:00+00:00,2026-07-05T23:00:00+00:00,London,London,0,,,3.0
41340595,Bradford Literature Festival,2026-07-05T09:00:00+00:00,2026-07-05T22:00:00+00:00,Bradford ,West Yorkshire,0,,,
42436989,South Norwood Community Festival Croydon,2026-07-05T11:00:00+00:00,2026-07-05T19:00:00+00:00,London,London,0,5.0,"['Jazz', 'Funk', 'Alternative', 'Rock & Roll / 1950s', 'Reggae']",
42003459,Sundown Country Festival - Brighton,2026-07-05T12:00:00+00:00,2026-07-05T20:00:00+00:00,Brighton,Brighton and Hove,1,1.0,['Country/Americana'],
41340596,Bradford Literature Festival,2026-07-06T09:00:00+00:00,2026-07-06T22:00:00+00:00,Bradford ,West Yorkshire,0,,,
41340597,Bradford Literature Festival,2026-07-07T09:00:00+00:00,2026-07-07T22:00:00+00:00,Bradford ,West Yorkshire,0,,,
41371758,In the Park Newcastle presents Lewis Capaldi - 8th July,2026-07-08T17:00:00+00:00,2026-07-08T22:00:00+00:00,Newcastle Upon Tyne ,Tyne and Wear,0,3.0,"['Pop', 'Indie', 'Indie Pop']",3.0
41340598,Bradford Literature Festival,2026-07-08T09:00:00+00:00,2026-07-08T22:00:00+00:00,Bradford ,West Yorkshire,0,,,
41236901,2000trees Festival,2026-07-08T12:00:00+00:00,2026-07-11T23:00:00+00:00,Cheltenham,Gloucestershire,0,3.0,"['Rock', 'Indie', 'Alternative']",50.0
41993720,Bredy Reunion,2026-07-09T10:00:00+00:00,2026-07-11T23:45:00+00:00,Bridport,Dorset,0,5.0,"['House', 'Breaks', 'Funky House', 'Hip Hop', 'Bass Music']",9.0
41340599,Bradford Literature Festival,2026-07-09T09:00:00+00:00,2026-07-09T22:00:00+00:00,Bradford ,West Yorkshire,0,,,
42581709,Eskfest,2026-07-09T11:00:00+00:00,2026-07-11T23:00:00+00:00,Eskdale Valley,Cumbria,0,5.0,"['Rock', 'Indie', 'Acoustic', 'Alternative', 'Electronic']",20.0
42310345,Gosport Sunset Festival 2026,2026-07-09T15:30:00+00:00,2026-07-12T23:00:00+00:00,Gosport,Hampshire,0,3.0,"['Pop', 'Alternative', 'Brit Pop']",6.0
42175620,Into the Woods festival 2026,2026-07-10T12:00:00+00:00,2026-07-11T23:45:00+00:00,Monmouthshire,Gwent,0,5.0,"['House', 'UK Garage', 'Tech House', 'Electronic', 'Minimal']",28.0
42404814,90s & 00s Nation Summer Fest,2026-07-10T16:00:00+00:00,2026-07-10T23:00:00+00:00,London,London,0,5.0,"['UK Garage', 'R&B', 'Old Skool', 'Club Classics', 'Jungle']",1.0
42252003,Shut The Funk Up,2026-07-10T12:00:00+00:00,2026-07-12T23:00:00+00:00,COBHAM,London,0,,,11.0
42360926,90s Fest 2026,2026-07-10T17:00:00+00:00,2026-07-12T23:00:00+00:00,Sheffield,South Yorkshire,0,5.0,"['House', 'UK Garage', 'Hard House', 'Old Skool', 'Dancehall']",50.0
42321445,"Hopfest 2026 - Preston Grasshoppers Beer, Gin and Music Festival",2026-07-10T16:00:00+00:00,2026-07-11T23:00:00+00:00,Preston,Lancashire,0,,,
41276278,Rock the Castle - Weekender,2026-07-10T17:30:00+00:00,2026-07-11T22:30:00+00:00,Flint,Cheshire,0,3.0,"['Rock', 'Acoustic', 'Choral']",4.0
41997658,Secret Garden Series with Chicane,2026-07-10T18:00:00+00:00,2026-07-10T23:00:00+00:00,Southampton,Hants,0,2.0,"['Trance', 'Prog House']",1.0
41985149,Sound Factory Festival,2026-07-10T17:00:00+00:00,2026-07-12T02:00:00+00:00,Plymouth,Devon,0,4.0,"['Indie', 'Acoustic', 'Alternative', 'Alternative Pop']",6.0
42292592,Cheadle Carnival Presents Dance Fest!,2026-07-10T17:00:00+00:00,2026-07-10T23:00:00+00:00,Cheadle,Staffordshire,0,4.0,"['House', 'Club Classics', 'Funky House', 'Electronic']",2.0
41906852,District 11,2026-07-10T16:00:00+00:00,2026-07-11T23:45:00+00:00,Alfreton,Derbyshire,0,2.0,"['Hard House', 'Hard Dance']",9.0
41465024,In the Park Newcastle presents Paul Weller,2026-07-10T17:00:00+00:00,2026-07-10T22:00:00+00:00,Newcastle Upon Tyne ,Tyne and Wear,0,,,3.0
42246677,Tiree Music Festival,2026-07-10T11:00:00+00:00,2026-07-12T23:00:00+00:00,Argyle And Bute,Strathclyde,0,5.0,"['Indie', 'Acoustic', 'Folk', 'Alternative', 'Indie Pop']",9.0
41735457,Mario Bakuna Band - Live @Buxton International Festival 2026,2026-07-10T20:00:00+00:00,2026-07-10T21:15:00+00:00,Buxton,Manchester,0,4.0,"['Jazz', 'Acoustic', 'Latin', 'World Music']",1.0
42406828,Freerotation,2026-07-10T11:00:00+00:00,2026-07-12T23:00:00+00:00,Hay-on-Wye,Hereford and Worcester,0,1.0,['Electronic'],38.0
42476311,"Mostly Jazz, Funk and Soul Festival",2026-07-10T11:00:00+00:00,2026-07-12T23:00:00+00:00,Birmingham,Birmingham,0,4.0,"['Jazz', 'Blues', 'Soul', 'Funk']",25.0
41340600,Bradford Literature Festival,2026-07-10T09:00:00+00:00,2026-07-10T22:00:00+00:00,Bradford ,West Yorkshire,0,,,
41228708,Boogietown 2026,2026-07-11T12:00:00+00:00,2026-07-11T22:30:00+00:00,Walton-on-Thames,London,0,3.0,"['Soul', 'Funk', 'Disco']",21.0
41280724,Lost Minds,2026-07-11T11:00:00+00:00,2026-07-11T23:00:00+00:00,Newcastle Upon Tyne ,Tyne and Wear,0,5.0,"['House', 'Trance', 'Techno', 'Hardcore/Hardstyle', 'EDM']",41.0
41574772,Essex Summer Fest,2026-07-11T12:00:00+00:00,2026-07-12T22:30:00+00:00,Hornchurch,London,0,5.0,"['Pop', 'Soul', 'Covers Band/Tribute Act', '1980s', '1970s']",4.0
41946216,Summer Sound Music Festival,2026-07-11T12:00:00+00:00,2026-07-12T18:00:00+00:00,Guisborough,Cleveland,0,5.0,"['Pop', 'Covers Band/Tribute Act', '1980s', '1970s', 'Pop Rock']",1.0
41993057,Fisher 2026 | Silverworks Island,2026-07-11T14:00:00+00:00,2026-07-11T22:30:00+00:00,London,London,0,3.0,"['House', 'Tech House', 'Electronic']",9.0
41131972,Livefields Festival 2026,2026-07-11T12:00:00+00:00,2026-07-11T23:00:00+00:00,Birstall,West Yorkshire,0,5.0,"['House', 'Rock', 'Pop', 'Indie', '1990s']",4.0
41230076,Alsager Music Festival 2026,2026-07-11T12:00:00+00:00,2026-07-11T21:00:00+00:00,Alsager,Staffordshire,0,5.0,"['Rock', 'Techno', 'Acoustic', 'Funk', 'Covers Band/Tribute Act']",
41295434,Hits On The Pitch 2026,2026-07-11T12:00:00+00:00,2026-07-11T23:00:00+00:00,Cheadle Hulme,Manchester,0,,,8.0
41230042,Kaleidoscope Festival 2026,2026-07-11T13:00:00+00:00,2026-07-11T22:30:00+00:00,London,London,0,5.0,"['House', 'Drum and Bass', 'Indie', 'Hip Hop', 'Electronic']",13.0
42084780,"CLAIRE RICHARDS, LOUISE & MORE| Love the 90s Festival |Dreamland",2026-07-11T17:00:00+00:00,2026-07-11T22:30:00+00:00,"Margate, Kent",Kent,0,1.0,['1990s'],7.0
42368848,Derby Music Festival 2026  - A Great Family Day Out!,2026-07-11T12:00:00+00:00,2026-07-11T22:00:00+00:00,Derby,Derbyshire,0,5.0,"['Rock', 'Pop', 'Indie', 'Indie Pop', 'Pop Rock']",
41480076,Road to Nashville Outdoor Festival | Project House | SOLD OUT,2026-07-11T12:00:00+00:00,2026-07-11T21:00:00+00:00,Leeds,West Yorkshire,0,1.0,['Country/Americana'],1.0
42452649,Analog & House Emporium 'SUMMER OUTDOOR ALL DAYER',2026-07-11T14:00:00+00:00,2026-07-11T23:00:00+00:00,Farnham,Surrey,0,5.0,"['House', 'Deep House', 'Tech House', 'Old Skool', 'Minimal Techno']",3.0
42262246,WN30 - Wigan Reunion (30+ Event),2026-07-11T15:00:00+00:00,2026-07-11T22:00:00+00:00,Wigan,Manchester,0,3.0,"['Old Skool', 'Club Classics', 'Bounce']",2.0
42437467,D-Fest 2026,2026-07-11T13:00:00+00:00,2026-07-11T23:45:00+00:00,Killay,West Glamorgan,0,5.0,"['Old Skool', 'Club Classics', 'Indie', 'Acoustic', 'Covers Band/Tribute Act']",5.0
42083585,Southsea Thai Food and Craft Festival,2026-07-11T10:00:00+00:00,2026-07-12T19:00:00+00:00,Portsmouth,Hampshire,0,,,
41638717,Dance at the Billy '26,2026-07-11T13:00:00+00:00,2026-07-11T23:00:00+00:00,BRISTOL,Bristol,0,5.0,"['House', 'UK Garage', 'Drum and Bass', 'Old Skool', 'Jungle']",
42373890,Taste Of Thailand Music And Food Festival,2026-07-11T10:00:00+00:00,2026-07-12T19:00:00+00:00,Runcorn,Cheshire,0,2.0,"['World Music', 'LGBTQ+']",
42459262,Country Nights Country Hoedown 2026. Live Music & Line Dancing,2026-07-11T17:00:00+00:00,2026-07-11T23:45:00+00:00,"Woodbridge, Suffolk",Suffolk,0,3.0,"['Acoustic', 'Covers Band/Tribute Act', 'Country/Americana']",
42139815,Beer & Cider Summer Festival,2026-07-11T14:00:00+00:00,2026-07-11T23:30:00+00:00,Birmingham,Birmingham,0,,,
42485818,SOLACE. Golden Hours Into After Dark // PART TWO,2026-07-11T14:00:00+00:00,2026-07-12T03:00:00+00:00,Luton,Bedfordshire,0,5.0,"['House', 'UK Garage', 'Deep House', 'Tech House', 'Minimal']",2.0
42362072,Shinefest,2026-07-11T15:00:00+00:00,2026-07-11T22:00:00+00:00,Glasgow,Scotland,0,3.0,"['Rock', 'Metal', 'Alternative']",
42296597,Hubble Bubble Sound Bazar Festival,2026-07-11T16:00:00+00:00,2026-07-12T01:00:00+00:00,Manchester,Greater Manchester,0,5.0,"['Acoustic', 'Alternative', 'Electronic', 'World Music', 'Bollywood']",2.0
42582142,Derby Music Festival 2026 - Parking,2026-07-11T10:00:00+00:00,2026-07-11T22:00:00+00:00,Derby,Derbyshire,0,,,
42323767,Inn Fest 2026,2026-07-11T12:00:00+00:00,2026-07-11T22:00:00+00:00,North Thoresby,South Yorkshire,0,,,
42585517,PROJEKT- ENGLAND VS NORWAY FROM 9pm *FREE ENTRY TO PROJEKT AFTER,2026-07-11T21:00:00+00:00,2026-07-12T04:00:00+00:00,Leeds,West Yorkshire,0,,,
42580472,Love Afrobeats & Bashment :: Rooftop Day Party,2026-07-11T16:00:00+00:00,2026-07-11T22:00:00+00:00,London,London,0,5.0,"['R&B', 'Club Classics', 'Dancehall', 'Afrobeat', 'Amapiano']",
42139112,Hartbeat Music Festival VIP Area,2026-07-11T12:00:00+00:00,2026-07-11T21:00:00+00:00,Hertford,Hertfordshire,1,,,
42277231,Moor Fest,2026-07-11T13:00:00+00:00,2026-07-12T01:00:00+00:00,Bradford,West Yorkshire,0,4.0,"['Pop', 'Acoustic', 'Reggae', 'Indie Pop']",
42140881,FixFest,2026-07-11T11:00:00+00:00,2026-07-11T23:00:00+00:00,Northampton,Northamptonshire,0,,,6.0
41748259,Festwich Tribute Festival,2026-07-11T11:00:00+00:00,2026-07-12T23:00:00+00:00,Manchester,Greater Manchester,0,5.0,"['Rock', 'Indie', 'Metal', 'Alternative', 'Emo']",28.0
41340601,Bradford Literature Festival,2026-07-11T09:00:00+00:00,2026-07-11T22:00:00+00:00,Bradford ,West Yorkshire,0,,,
42171066,Tiësto 2026 | Silverworks Island,2026-07-12T15:00:00+00:00,2026-07-12T22:00:00+00:00,London,London,0,5.0,"['Trance', 'Techno', 'Electronic', 'Bass Music', 'EDM']",3.0
42284682,Electric Heart Surrey,2026-07-12T14:00:00+00:00,2026-07-12T22:30:00+00:00,Walton-on-Thames,London,0,2.0,"['Rock', 'Indie']",4.0
42081204,"GirlyPop X K-Pop Festival | Dreamland, Margate",2026-07-12T12:00:00+00:00,2026-07-12T17:00:00+00:00,"Margate, Kent",Kent,0,5.0,"['Pop', 'Themed', 'Covers Band/Tribute Act', 'K-pop', 'Alternative Pop']",1.0
42266757,Allday Indie Summer Outdoor Beach Festival - Brighton,2026-07-12T17:00:00+00:00,2026-07-12T22:00:00+00:00,Brighton,Brighton and Hove,0,3.0,"['Indie', 'Nu Indie', 'Indie Pop']",
41610873,In the Park Newcastle presents Wolf Alice,2026-07-12T17:00:00+00:00,2026-07-12T22:00:00+00:00,Newcastle Upon Tyne ,Tyne and Wear,0,2.0,"['Rock', 'Indie']",2.0
42145569,Angel Fest 26,2026-07-12T12:00:00+00:00,2026-07-13T02:00:00+00:00,Leeds,West Yorkshire,0,1.0,['House'],
41340602,Bradford Literature Festival,2026-07-12T09:00:00+00:00,2026-07-12T22:00:00+00:00,Bradford ,West Yorkshire,0,,,
42289211,On The Beach 2026: Thursday- Fatboy Slim,2026-07-16T14:00:00+00:00,2026-07-16T22:00:00+00:00,Brighton,Brighton and Hove,0,4.0,"['House', 'Tech House', 'Electro House', 'Electronic']",6.0
41379931,HebCelt 2026,2026-07-16T17:00:00+00:00,2026-07-18T23:30:00+00:00,Isle Of Lewis,OUTER HEBRIDES,0,5.0,"['Rock', 'Indie', 'Acoustic', 'Folk', 'World Music']",19.0
41985806,Prog For Peart - The 6th year,2026-07-16T18:30:00+00:00,2026-07-19T02:00:00+00:00,Abingdon,Oxon,0,2.0,"['Rock', 'Progressive Rock']",8.0
42447925,The Wild Gardens Festival,2026-07-16T11:00:00+00:00,2026-07-19T23:00:00+00:00,England,Devon,0,2.0,"['Drum and Bass', 'Electronic']",50.0
42517620,Beat-Herder Festival,2026-07-16T11:00:00+00:00,2026-07-19T23:00:00+00:00,"Sawley, Lancashire",Lancashire,0,5.0,"['Breaks', 'Drum and Bass', 'Tech House', 'Dubstep', 'Reggae']",50.0
42292691,The Searchers and Hollies Experience,2026-07-16T19:30:00+00:00,2026-07-16T22:00:00+00:00,Grantham,Nottingham,0,,,
41471324,On The Beach 2026: Friday - Fatboy Slim,2026-07-17T13:00:00+00:00,2026-07-17T22:30:00+00:00,Brighton,Brighton and Hove,0,2.0,"['House', 'Electronic']",1.0
41262362,Maid of Stone 2026,2026-07-17T13:00:00+00:00,2026-07-19T22:00:00+00:00,"Maidstone, Kent",Kent,0,4.0,"['Rock', 'Metal', 'Blues', 'Progressive Rock']",39.0
41271600,Craic by the Creek 2026,2026-07-17T12:00:00+00:00,2026-07-19T23:45:00+00:00,Stockport,Manchester,0,3.0,"['Pop', 'Folk', 'World Music']",11.0
41287075,Back Doune The Rabbit Hole 2026,2026-07-17T15:00:00+00:00,2026-07-19T23:45:00+00:00,Port Of Menteith,Central,0,5.0,"['Rock', 'Techno', 'Indie', 'Folk', 'Indie Pop']",50.0
41591825,Fields Of Gold Summer Festival 2026,2026-07-17T12:00:00+00:00,2026-07-18T22:00:00+00:00,Ashton-under-Lyne,Manchester,0,4.0,"['Rock', 'Indie', 'Covers Band/Tribute Act', 'Brit Pop']",12.0
42082575,Sunset Groove Festival 2026,2026-07-17T17:00:00+00:00,2026-07-19T22:30:00+00:00,Scunthorpe,South Yorkshire,0,5.0,"['House', 'Deep House', 'Tech House', 'Electronic', 'Minimal']",17.0
41391580,Lost Groove Festival 2026,2026-07-17T16:00:00+00:00,2026-07-19T14:00:00+00:00,Monxton,Wiltshire,0,5.0,"['House', 'UK Garage', 'Drum and Bass', 'Dubstep', 'Bassline']",5.0
42268711,Wytwoods Festival,2026-07-17T15:00:00+00:00,2026-07-19T03:00:00+00:00,Newport,Isle of Wight,0,3.0,"['House', 'Deep House', 'Minimal']",15.0
42428560,Campfire Country Music Festival,2026-07-17T15:00:00+00:00,2026-07-17T22:00:00+00:00,Malmesbury,Wiltshire,1,1.0,['Country/Americana'],
42339843,Foodies Festival 2026 - Winchester,2026-07-17T12:00:00+00:00,2026-07-19T21:00:00+00:00,"Winchester, ",Hants,0,1.0,['Pop'],3.0
41363152,Rock n Ribs Festival,2026-07-17T11:00:00+00:00,2026-07-19T23:00:00+00:00,Shepton Mallet,Avon,0,3.0,"['Rock', 'Rock & Roll / 1950s', 'Country/Americana']",2.0
42436379,Dornoch Music Festival,2026-07-17T11:00:00+00:00,2026-07-18T23:00:00+00:00,Dornoch,Highland,0,4.0,"['Pop', 'Indie', 'Folk', 'Country/Americana']",11.0
41495623,Ventnor Fringe,2026-07-17T09:00:00+00:00,2026-07-26T23:45:00+00:00,Ventnor,Hampshire,0,,,
42406417,Nozstock The Hidden Valley,2026-07-17T11:00:00+00:00,2026-07-18T23:00:00+00:00,Herefordshire,Hereford and Worcester,0,4.0,"['Folk', 'Alternative', 'Electronic', 'Reggae']",27.0
42245980,Christchurch Music Festival,2026-07-17T16:00:00+00:00,2026-07-19T20:00:00+00:00,Christchurch,Dorset,0,5.0,"['Pop', 'Soul', 'Covers Band/Tribute Act', 'Country/Americana', 'K-pop']",14.0
41471330,On The Beach 2026:  Saturday - Fatboy Slim,2026-07-18T13:00:00+00:00,2026-07-18T22:30:00+00:00,Brighton,Brighton and Hove,0,2.0,"['House', 'Electronic']",1.0
41230053,Solihull Summer Fest 2026,2026-07-18T11:00:00+00:00,2026-07-19T22:30:00+00:00,Solihull ,Birmingham,0,3.0,"['UK Garage', 'Pop', '1980s']",13.0
42362070,Bassfest Summer Festival 2026,2026-07-18T11:00:00+00:00,2026-07-19T22:00:00+00:00,Sheffield,South Yorkshire,0,4.0,"['House', 'Drum and Bass', 'Bassline', 'Bass Music']",50.0
41269189,As One in the Park 2026,2026-07-18T12:00:00+00:00,2026-07-18T22:00:00+00:00,London,London,0,,,17.0
42081910,Soul Disco Society,2026-07-18T12:00:00+00:00,2026-07-18T23:00:00+00:00,Lichfield,West Midlands,0,5.0,"['House', 'Tech House', 'Disco', 'Disco House', 'Soulful House']",9.0
41486025,"Rum & Reggae 2026 | The Prospect Building, Bristol",2026-07-18T14:00:00+00:00,2026-07-18T22:00:00+00:00,Bristol,Bristol,0,5.0,"['Dancehall', 'Ska', 'Reggae', 'Orchestral', 'Dub']",9.0
41572921,Priory Live Festival,2026-07-18T12:30:00+00:00,2026-07-18T22:30:00+00:00,"Orpington, Greater L",London,0,3.0,"['Indie', 'Alternative', 'New Wave']",9.0
42368854,Northampton Big Family Day Out,2026-07-18T12:00:00+00:00,2026-07-18T22:00:00+00:00,Northampton,Northamptonshire,0,5.0,"['Rock', 'Pop', 'Indie', 'Indie Pop', 'Pop Rock']",
41988577,Girls Like R&B x Binks Yard Nottingham,2026-07-18T15:00:00+00:00,2026-07-18T22:00:00+00:00,Nottingham,Nottingham,0,1.0,['R&B'],
41948017,"DOUGIE POYNTER & MORE | Pop Republic Fest | SteelYard, Sheffield",2026-07-18T13:00:00+00:00,2026-07-18T23:00:00+00:00,Sheffield,South Yorkshire,0,3.0,"['Pop', '1990s', '2000s']",4.0
42123644,Tribute On The Hill 2026,2026-07-18T13:00:00+00:00,2026-07-18T21:30:00+00:00,West Malling,Kent,0,5.0,"['Rock', 'Pop', 'Indie', 'Ska', 'Rock & Roll / 1950s']",
42321491,AllDay Musicals - Sat 18th July - Freight island - Manchester,2026-07-18T15:00:00+00:00,2026-07-18T21:00:00+00:00,Manchester,Greater Manchester,0,,,
42437482,The Ship Open Air,2026-07-18T14:00:00+00:00,2026-07-18T22:00:00+00:00,Chelmsford,Essex,0,3.0,"['House', 'Deep House', 'Soulful House']",1.0
42495245,Hopskotch Summer Series: Part II,2026-07-18T14:00:00+00:00,2026-07-18T22:30:00+00:00,"Longton, Stoke-on-Tr",Staffordshire,0,3.0,"['House', 'UK Garage', 'Tech House']",2.0
42568033,One Day In The Park [25 Years of Melting Pot],2026-07-18T17:00:00+00:00,2026-07-18T22:30:00+00:00,Glasgow,Scotland,0,5.0,"['House', 'Soul', 'Funk', 'Disco', 'Disco House']",3.0
42322850,Summer Of Love UKG & R&B Summer Outdoor Day Party Cardiff,2026-07-18T15:00:00+00:00,2026-07-18T22:00:00+00:00,Cardiff,South Glamorgan,0,5.0,"['UK Garage', 'R&B', 'Dancehall', 'Hip Hop', 'Jungle']",1.0
42412996,Silverburn Streetfood Festival SSFF,2026-07-18T12:00:00+00:00,2026-07-19T21:30:00+00:00,Leven,Fife,0,2.0,"['Indie', 'Indie Pop']",2.0
42487592,Day Fever Summer Music Event Abercynon RFC,2026-07-18T13:00:00+00:00,2026-07-18T21:00:00+00:00,Mountain Ash,South Glamorgan,0,5.0,"['Old Skool', 'Cheesy Dance', '1980s', '1970s', '1990s']",
42434833,R&B Lovers -  Summer Outdoor Beach Festival - Central Park,2026-07-18T14:00:00+00:00,2026-07-18T22:00:00+00:00,Brighton,Brighton and Hove,0,1.0,['R&B'],
42568049,"House on the Docks with Wiley, SUPA D & many more",2026-07-18T15:00:00+00:00,2026-07-18T23:00:00+00:00,Barking,London,0,5.0,"['Deep House', 'Tribal House', 'Tech House', 'Dancehall', 'Grime']",9.0
42503687,Leeds Pride Festival - Freedom Party,2026-07-18T13:00:00+00:00,2026-07-18T22:00:00+00:00,Leeds,West Yorkshire,0,3.0,"['Pop', 'Covers Band/Tribute Act', 'Disco']",2.0
42487569,Grime Day Festival,2026-07-18T13:00:00+00:00,2026-07-18T20:00:00+00:00,Birmingham,Birmingham,0,5.0,"['UK Garage', 'R&B', 'Dancehall', 'Hip Hop', 'Grime']",
42364818,Daynova,2026-07-18T15:00:00+00:00,2026-07-18T23:00:00+00:00,Barking,London,0,5.0,"['R&B', 'Tribal House', 'Dancehall', 'Afrobeat', 'Amapiano']",23.0
42373651,Taste Of Thailand Music And Food Festival,2026-07-18T10:00:00+00:00,2026-07-19T19:00:00+00:00,Wolverhampton,West Midlands,0,2.0,"['World Music', 'LGBTQ+']",
42428642,BeatMasters Outdoor Music Festival,2026-07-18T12:00:00+00:00,2026-07-18T22:00:00+00:00,Malmesbury,Wiltshire,1,1.0,['House'],
42470232,Mini Traco Fest 2026,2026-07-18T14:00:00+00:00,2026-07-18T19:00:00+00:00,Aldershot,Surrey,0,,,
41965339,Summer Bash 8,2026-07-18T13:00:00+00:00,2026-07-18T23:00:00+00:00,Reading,Berkshire,0,2.0,"['Rock', 'Metal']",2.0
42094295,Wigan St.Cuthberts Music Festival,2026-07-18T11:30:00+00:00,2026-07-18T22:00:00+00:00,Wigan,Manchester,1,2.0,"['Pop', 'Covers Band/Tribute Act']",
42448330,Xcstasy Jouvert Soca Festival 2026,2026-07-18T13:00:00+00:00,2026-07-18T21:00:00+00:00,Morden,London,0,1.0,['Reggae'],1.0
42581924,Baytech at Mambo,2026-07-18T13:00:00+00:00,2026-07-18T21:00:00+00:00,Taunton,Somerset,0,,,
42574341,Festival,2026-07-18T13:00:00+00:00,2026-07-18T22:00:00+00:00,Prudhoe,Tyne and Wear,0,,,
42250968,We Are Wirral,2026-07-18T11:00:00+00:00,2026-07-19T23:00:00+00:00, Birkenhead ,Cheshire,0,5.0,"['Pop', 'Indie', 'Acoustic', 'Alternative', 'Electronic']",12.0
42343793,Family Music Festival,2026-07-18T11:00:00+00:00,2026-07-19T22:00:00+00:00,Birkenhead,Cheshire,0,,,
42313093,Splendour Festival,2026-07-18T11:00:00+00:00,2026-07-19T23:00:00+00:00,Nottingham,Nottingham,0,3.0,"['Rock', 'Indie', 'Alternative']",25.0
42462894,Live Festival,2026-07-18T12:30:00+00:00,2026-07-18T22:30:00+00:00,Orpington,London,0,,,
41995829,Cheese and Chilli Festival,2026-07-18T10:00:00+00:00,2026-07-19T18:00:00+00:00,Guildford,Surrey,0,,,
41471331,On The Beach 2026: Sunday - Fatboy Slim,2026-07-19T13:00:00+00:00,2026-07-19T22:30:00+00:00,Brighton,Brighton and Hove,0,2.0,"['House', 'Electronic']",1.0
42407791,Northampton Country Music Festival,2026-07-19T12:00:00+00:00,2026-07-19T22:00:00+00:00,Northampton,Northamptonshire,0,,,
42428718,We Love it Outdoor Tribute Festival Malmsbury - July 2026,2026-07-19T12:00:00+00:00,2026-07-19T22:00:00+00:00,Malmesbury,Wiltshire,1,,,
42503693,Leeds Pride Festival - Dance Arena,2026-07-19T14:00:00+00:00,2026-07-20T04:00:00+00:00,Leeds,West Yorkshire,0,3.0,"['House', 'Funky House', 'Disco House']",2.0
42489077,Folk By The Oak,2026-07-19T11:00:00+00:00,2026-07-19T23:00:00+00:00,Hatfield,London,0,1.0,['Folk'],8.0
42075475,On The Beach 2026: Madness presents Madrophenia [EXTRA DATE],2026-07-23T15:00:00+00:00,2026-07-23T22:00:00+00:00,Brighton,Brighton and Hove,0,1.0,['Ska'],4.0
42090515,Club Class Luxury Pass at Truck Festival,2026-07-23T08:00:00+00:00,2026-07-26T23:00:00+00:00,Steventon,Oxon,0,2.0,"['Rock', 'Pop']",
42418182,Vodafone at Latitude Festival,2026-07-23T08:00:00+00:00,2026-07-26T23:00:00+00:00,Beccles,Norfolk,0,5.0,"['House', 'Tech House', 'Pop', 'Indie', 'Rap']",
42081950,Chargecandy at Truck Festival,2026-07-23T08:00:00+00:00,2026-07-26T23:00:00+00:00,Steventon,Oxon,0,,,
41408854,Truck Festival,2026-07-23T11:00:00+00:00,2026-07-26T23:00:00+00:00,Abingdon,Oxon,0,4.0,"['Pop', 'Indie', 'Alternative', 'Pop Rock']",50.0
41489037,Rock Oyster Festival,2026-07-23T11:00:00+00:00,2026-07-26T23:00:00+00:00,Wadebridge,Devon,0,3.0,"['House', 'Pop', 'Indie Pop']",15.0
42449918,Campo Sancho,2026-07-23T11:00:00+00:00,2026-07-26T23:00:00+00:00,Stevenage,Hertfordshire,0,2.0,"['House', 'Disco House']",16.0
42158895,Northants Rocks,2026-07-23T11:00:00+00:00,2026-07-26T23:00:00+00:00,Wellingborough,Northamptonshire,0,2.0,"['Rock', 'Metal']",15.0
42286360,The George Harrison Project,2026-07-23T19:30:00+00:00,2026-07-23T22:00:00+00:00,Colne,Lancashire,0,,,
41379927,Latitude Festival,2026-07-23T11:00:00+00:00,2026-07-26T23:00:00+00:00,Beccles,Norfolk,0,3.0,"['Pop', 'Indie Pop', 'Pop Rock']",50.0
41996146,On The Beach 2026: Madness presents Madrophenia,2026-07-24T14:00:00+00:00,2026-07-24T22:30:00+00:00,Brighton,Brighton and Hove,0,1.0,['Ska'],3.0
41029154,Rock The Mote 2026,2026-07-24T17:00:00+00:00,2026-07-26T22:00:00+00:00,"Maidstone, Kent",Kent,0,4.0,"['Rock', 'Pop', 'Metal', 'Pop Rock']",14.0
41965707,Hedex Presents: My Home Is The Rave Festival,2026-07-24T14:00:00+00:00,2026-07-24T22:00:00+00:00,Brentford,Surrey,0,1.0,['Drum and Bass'],39.0
41206755,Offal Fest 2026,2026-07-24T17:00:00+00:00,2026-07-26T23:00:00+00:00,Manchester,Greater Manchester,0,1.0,['Metal'],13.0
41275975,Together Again Festival 2026,2026-07-24T09:00:00+00:00,2026-07-26T23:45:00+00:00,Chester,Cheshire,0,,,50.0
42000451,Doncaster Balloon Festival,2026-07-24T12:00:00+00:00,2026-07-25T22:00:00+00:00,Doncaster,South Yorkshire,0,,,
42097980,Symphonic Ibiza Orchestra | Lichfield Concert,2026-07-24T17:00:00+00:00,2026-07-24T23:00:00+00:00,Lichfield,West Midlands,0,5.0,"['House', 'Trance', 'Club Classics', 'Classical', 'Orchestral']",1.0
41327315,Together Again Festival 2026: Exclusive Offers,2026-07-24T12:00:00+00:00,2026-07-26T23:45:00+00:00,Chester,Cheshire,0,,,
41652578,Beacon Park Tribute Festival 2026,2026-07-24T17:00:00+00:00,2026-07-26T22:00:00+00:00,Lichfield,West Midlands,0,4.0,"['Covers Band/Tribute Act', 'Brit Pop', 'Indie Pop', 'Pop Rock']",10.0
41349473,Beach Fest Skegness 2026,2026-07-24T12:00:00+00:00,2026-07-26T21:00:00+00:00,Skegness,Cambridgeshire,0,5.0,"['Rock', 'Pop', 'Covers Band/Tribute Act', 'Brit Pop', 'K-pop']",1.0
42321525,Peaceful World Festival 2026,2026-07-24T12:00:00+00:00,2026-07-26T23:45:00+00:00,Bridgwater,Somerset,0,,,1.0
41397916,Lazydays Festival 2026,2026-07-24T14:00:00+00:00,2026-07-26T20:00:00+00:00,Southend-on-Sea,Essex,0,5.0,"['R&B', 'Indie', 'Soul', 'Electronic', 'Indie Pop']",41.0
41501491,Crystal Soul Weekender 2026,2026-07-24T14:00:00+00:00,2026-07-26T12:00:00+00:00,Royston,Hertfordshire,0,5.0,"['R&B', 'Soul', 'Funk', 'Reggae', 'Soulful House']",
42292895,Live at Melbourne Hall - Jo Whiley's 90s Anthems,2026-07-24T17:00:00+00:00,2026-07-24T23:00:00+00:00,Derby,Derbyshire,0,5.0,"['Pop', 'Indie', 'Alternative', 'Electronic', 'Indie Pop']",3.0
41451681,Bournemouth Reggae Weekender 2026,2026-07-24T18:00:00+00:00,2026-07-26T22:00:00+00:00,Bournemouth,Dorset,0,4.0,"['Dancehall', 'Reggae', 'Afrobeat', 'Dub']",8.0
41284945,Boho Festival 2026,2026-07-24T15:00:00+00:00,2026-07-27T01:00:00+00:00,Nottingham,Nottingham,0,5.0,"['Soul', 'Funk', 'Covers Band/Tribute Act', 'Disco', 'World Music']",26.0
42492016,Together Again: VIP Voyage Hot Tubs,2026-07-24T12:00:00+00:00,2026-07-26T23:45:00+00:00,Chester,Cheshire,0,,,
41290311,Junction 2,2026-07-24T12:00:00+00:00,2026-07-26T22:00:00+00:00,Brentford,Surrey,1,3.0,"['House', 'Techno', 'Tech House']",
41997756,SeekOut Arts & Music Festival,2026-07-24T13:00:00+00:00,2026-07-26T13:00:00+00:00,Clitheroe,Lancashire,0,5.0,"['Jazz', 'Folk', 'Electronic', 'African', 'World Music']",1.0
42285125,Echo Fest,2026-07-24T16:30:00+00:00,2026-07-26T23:00:00+00:00,Derby,Derbyshire,1,5.0,"['Rock', 'Pop', 'Alternative', 'Covers Band/Tribute Act', 'Brit Pop']",9.0
42461339,The Great Coventry Weekender | 3-Day Ticket,2026-07-24T15:00:00+00:00,2026-07-26T23:00:00+00:00,Coventry,West Midlands,1,4.0,"['Pop', 'Covers Band/Tribute Act', 'Reggae', 'Country/Americana']",
41292492,Hammerdown Festival 2026,2026-07-24T17:30:00+00:00,2026-07-26T22:00:00+00:00,Worthing,Brighton and Hove,0,4.0,"['Rock', 'Metal', 'Nu Metal', 'Hard Rock']",10.0
42580890,Gadabout Festival,2026-07-24T11:00:00+00:00,2026-07-25T23:00:00+00:00,Croglin,Cumbria,0,4.0,"['Pop', 'Folk', 'Alternative', 'Indie Pop']",6.0
41612692,Tramlines,2026-07-24T11:00:00+00:00,2026-07-26T23:00:00+00:00,Sheffield,South Yorkshire,0,4.0,"['Rock', 'Indie', 'Alternative', 'Indie Pop']",34.0
42507383,Chiddfest,2026-07-24T11:00:00+00:00,2026-07-26T23:00:00+00:00,Hailsham,Brighton and Hove,0,5.0,"['Pop', 'Indie', 'Cheesy Dance', 'Covers Band/Tribute Act', 'Electronic']",12.0
42433002,Blue Reef Festival,2026-07-24T11:00:00+00:00,2026-07-25T23:00:00+00:00,Maidstone,Kent,0,3.0,"['Indie', 'Alternative', 'Electronic']",20.0
42341807,Hayrock Tribute Festival,2026-07-24T09:00:00+00:00,2026-07-26T23:00:00+00:00,Merseyside,Cheshire,0,,,
42277760,Deer Shed Festival,2026-07-24T11:00:00+00:00,2026-07-26T23:00:00+00:00,Thirsk,Yorkshire,0,2.0,"['Indie', 'Alternative']",28.0
42277768,GlastonBARRY Juniors Festival,2026-07-24T11:00:00+00:00,2026-07-24T23:00:00+00:00,Barry,South Glamorgan,0,1.0,['Pop'],2.0
42286146,The George Harrison Project,2026-07-24T19:30:00+00:00,2026-07-24T22:00:00+00:00,Lancaster,Lancashire,0,1.0,['Classical'],
41487470,Steelhouse Festival,2026-07-24T11:00:00+00:00,2026-07-26T23:00:00+00:00,Ebbw Vales,Gwent,0,2.0,"['Rock', 'Metal']",14.0
42262601,Landed Festival,2026-07-24T11:00:00+00:00,2026-07-26T23:00:00+00:00,Newbridge On Wye,Powys,0,5.0,"['Rock', 'Indie', 'Punk', 'Reggae', 'Dub']",19.0
42475299,Valhalla Viking Festival,2026-07-24T10:00:00+00:00,2026-07-26T23:45:00+00:00,Basingstoke,Berkshire,0,,,
42287369,KISSTORY On Blackheath 2026,2026-07-25T13:00:00+00:00,2026-07-25T22:00:00+00:00,London,London,0,4.0,"['UK Garage', 'R&B', 'Drum and Bass', 'Old Skool']",20.0
41235414,Debdale Park Sports Club Music Festival,2026-07-25T12:00:00+00:00,2026-07-25T21:30:00+00:00,Mansfield,Nottingham,0,,,
41587912,"OnTheBeach LIVE: The Maccabees, Editors, Miles Kane, Anna Calvi",2026-07-25T13:00:00+00:00,2026-07-25T22:30:00+00:00,Brighton,Brighton and Hove,0,1.0,['Indie'],5.0
41957134,Forsaken Forest Festival BTID Clubland,2026-07-25T13:00:00+00:00,2026-07-25T22:00:00+00:00,Chorley,Lancashire,0,4.0,"['Old Skool', 'Club Classics', 'Hard Dance', 'Bounce']",12.0
41310703,Picnic and Pop Festival,2026-07-25T12:00:00+00:00,2026-07-26T20:00:00+00:00,Aldershot,Surrey,0,3.0,"['Pop', 'Covers Band/Tribute Act', 'Pop Rock']",27.0
41499202,Country Club - Outdoor Country Music Festival - Manchester,2026-07-25T15:00:00+00:00,2026-07-25T22:00:00+00:00,Manchester,Greater Manchester,0,1.0,['Country/Americana'],
42287494,The House & Vocal Disco Festival,2026-07-25T12:00:00+00:00,2026-07-25T23:00:00+00:00,Wilmslow,Manchester,0,5.0,"['House', 'Old Skool', 'Disco', 'Nu Disco', 'Disco House']",
41632022,Back To The 90s - Summer Outdoor Festival - Birmingham,2026-07-25T13:00:00+00:00,2026-07-26T00:00:00+00:00,Birmingham,Birmingham,0,2.0,"['Trance', '1990s']",14.0
41496399,"Rum & Reggae 2026 | Project House, Leeds",2026-07-25T12:00:00+00:00,2026-07-25T21:00:00+00:00,Leeds,West Yorkshire,0,5.0,"['Dancehall', 'Soul', 'Reggae', 'Jungle', 'Dub']",9.0
42368557,Chesterfield Music Festival 2026  - A Great Family Day Out!,2026-07-25T12:00:00+00:00,2026-07-25T22:00:00+00:00,Chesterfield,South Yorkshire,0,5.0,"['Rock', 'Pop', 'Indie', 'Indie Pop', 'Pop Rock']",
42498208,KISSTORY On Blackheath 2026,2026-07-25T13:00:00+00:00,2026-07-25T22:00:00+00:00,London,London,0,4.0,"['UK Garage', 'R&B', 'Drum and Bass', 'Old Skool']",24.0
42343760,RNB MANIA | Wakefield's Outdoor R&B Festival,2026-07-25T15:00:00+00:00,2026-07-25T22:00:00+00:00,Wakefield,West Yorkshire,0,4.0,"['R&B', 'Hip Hop', '1990s', '2000s']",
42282724,Love to be... at House & Vocal Disco Fest,2026-07-25T12:00:00+00:00,2026-07-25T23:00:00+00:00,Wilmslow,Manchester,0,2.0,"['House', 'Disco House']",9.0
42439151,"Rum & Reggae Fest | The Hangar, Norwich",2026-07-25T14:00:00+00:00,2026-07-25T21:00:00+00:00,Norwich,Norfolk,0,5.0,"['Big Band', 'Reggae', 'Bassline', 'Jungle', 'Dub']",3.0
41942942,Fell Out Boy & Black Charade | Revolve Festival | SY Sheff,2026-07-25T14:00:00+00:00,2026-07-25T23:00:00+00:00,Sheffield,South Yorkshire,0,3.0,"['Rock', 'Punk', 'Pop Punk']",4.0
41958148,Suited and Booted 2026,2026-07-25T12:00:00+00:00,2026-07-25T21:30:00+00:00,King's Norton,Birmingham,0,2.0,"['Ska', 'Brit Pop']",
42309473,4Four Bassline - Birmingham Open-Air Rooftop Rave,2026-07-25T16:00:00+00:00,2026-07-25T22:00:00+00:00,Birmingham,Birmingham,0,4.0,"['House', 'UK Garage', 'Bassline', 'Bass Music']",
42071581,"Junction 2 x fabric: Nina Kraviz, Jeff Mills",2026-07-25T14:00:00+00:00,2026-07-25T22:00:00+00:00,Brentford,Surrey,0,1.0,['Techno'],8.0
42569371,Salisbury Live Summer Extravaganza,2026-07-25T14:00:00+00:00,2026-07-25T23:00:00+00:00,Salisbury,Wiltshire,0,,,1.0
42083587,Magic of Thailand Festival in Guildford,2026-07-25T10:00:00+00:00,2026-07-26T19:00:00+00:00,Guildford,Surrey,0,,,
42322146,Summer Outdoor 80s Tribute Festival - Cardiff,2026-07-25T15:00:00+00:00,2026-07-25T22:00:00+00:00,Cardiff,South Glamorgan,0,1.0,['1980s'],
42489556,Tunsfest 2026,2026-07-25T12:00:00+00:00,2026-07-25T23:45:00+00:00,Sutton Coldfield,Birmingham,0,5.0,"['Rock', 'Indie', 'Blues', 'Acoustic', 'Alternative']",
41961188,RNP Fest 2026,2026-07-25T13:00:00+00:00,2026-07-25T21:00:00+00:00,Wolverhampton,West Midlands,0,5.0,"['UK Garage', 'R&B', 'Dancehall', 'Reggae', 'Bassline']",3.0
42359587,RNB MANIA | Hertford's R&B Festival,2026-07-25T15:00:00+00:00,2026-07-25T23:00:00+00:00,Hertford,Hertfordshire,0,4.0,"['R&B', 'Hip Hop', '1990s', '2000s']",
42409168,"AG FEST 2026, London",2026-07-25T12:00:00+00:00,2026-07-25T22:00:00+00:00,London,London,0,5.0,"['UK Garage', 'Dancehall', 'Hip Hop', 'Reggae', 'Grime']",19.0
42353052,Big Rave,2026-07-25T12:00:00+00:00,2026-07-26T00:00:00+00:00,Lincoln,Lincolnshire,0,5.0,"['Drum and Bass', 'Hard House', 'Hard Trance', 'Jungle', 'Electro']",
42542868,Judge Jules @ Daisy Shake - Ibiza Day Rave,2026-07-25T14:00:00+00:00,2026-07-25T23:00:00+00:00,Ripley,Derbyshire,0,5.0,"['House', 'Tech House', 'Old Skool', 'Club Classics', 'Funky House']",2.0
42459086,A Summer Cookout 2026,2026-07-25T12:00:00+00:00,2026-07-26T02:00:00+00:00,Manchester,Greater Manchester,0,,,
42141978,Newcastle Pride Arena 2026,2026-07-25T12:00:00+00:00,2026-07-26T23:00:00+00:00,Newcastle Upon Tyne,Tyne and Wear,0,2.0,"['Pop', 'Electro']",3.0
42467901,"CUE - Together Again Festival w. Gaskin, Robbie Doherty & more",2026-07-25T14:00:00+00:00,2026-07-26T02:00:00+00:00,Chester,Cheshire,0,5.0,"['House', 'UK Garage', 'Deep House', 'Tech House', 'Minimal']",5.0
41355495,The House That Ash Built 2026,2026-07-25T14:00:00+00:00,2026-07-25T23:00:00+00:00,Southampton,Hants,0,1.0,['House'],
42461787,Pawfest,2026-07-25T12:00:00+00:00,2026-07-25T22:00:00+00:00,Pontypridd,South Glamorgan,0,5.0,"['Rock', 'Acoustic', 'Covers Band/Tribute Act', 'Rock & Roll / 1950s', 'Retro and Throwbacks']",
42470104,Ealing Jazz Festival 2026,2026-07-25T13:00:00+00:00,2026-07-26T22:30:00+00:00,London,London,0,5.0,"['House', 'Jazz', 'Acoustic', 'Folk', 'World Music']",10.0
42376362,NØCTILEX Festival,2026-07-25T18:00:00+00:00,2026-07-26T04:00:00+00:00,Manchester,Greater Manchester,0,5.0,"['Trance', 'Techno', 'Hardcore/Hardstyle', 'Hard Dance', 'Bounce']",3.0
42292914,Live at Melbourne Hall - Lightning Seeds,2026-07-25T15:00:00+00:00,2026-07-25T23:00:00+00:00,Derby,Derbyshire,0,5.0,"['Pop', 'Indie', 'Alternative', 'Electronic', 'Indie Pop']",3.0
42435747,ITG Festival,2026-07-25T15:00:00+00:00,2026-07-26T00:00:00+00:00,Whitehaven,Cumbria,0,4.0,"['House', 'Trance', 'UK Garage', 'Hard House']",1.0
41643818,R&B Lovers Outdoor Festival - Sat 25th July - The Buttermarket,2026-07-25T15:00:00+00:00,2026-07-25T22:00:00+00:00,Shrewsbury,Shropshire,0,1.0,['R&B'],
42373992,Taste Of Thailand Music And Food Festival,2026-07-25T10:00:00+00:00,2026-07-26T19:00:00+00:00,Norwich,Norfolk,0,2.0,"['World Music', 'LGBTQ+']",
42289378,The Northern Soul All Festival,2026-07-25T13:00:00+00:00,2026-07-25T23:45:00+00:00,Liverpool,Merseyside,0,2.0,"['Soul', 'Northern Soul']",4.0
41666261,Breakin Science Summer Underground | Jungle Mania | D&B Classics,2026-07-25T14:00:00+00:00,2026-07-25T22:00:00+00:00,Barking,London,1,2.0,"['Drum and Bass', 'Jungle']",
42450963,State of it Pt.4 Containment Weekender!,2026-07-25T15:00:00+00:00,2026-07-26T22:00:00+00:00,Northampton,Northamptonshire,0,5.0,"['Ska', 'Acoustic', 'Punk', 'Jungle', 'Dub']",4.0
42321518,Early Doors at Peggy's 25th July,2026-07-25T12:00:00+00:00,2026-07-25T23:30:00+00:00,Warrington,Cheshire,0,4.0,"['Indie', 'Acoustic', 'Punk', 'Indie Pop']",
41942991,Asylum Uprising metal fest,2026-07-25T15:00:00+00:00,2026-07-25T23:15:00+00:00,Hull,Humberside,0,1.0,['Metal'],1.0
42566361,AfroParkFest 2026,2026-07-25T12:00:00+00:00,2026-07-25T22:00:00+00:00,Milton Keynes,Buckinghamshire,0,5.0,"['Dancehall', 'Reggae', 'Grime', 'Afrobeat', 'Amapiano']",5.0
41964644,The Compasses Festival,2026-07-25T12:00:00+00:00,2026-07-25T23:00:00+00:00,Bedford,Bedfordshire,1,2.0,"['Pop', 'Indie Pop']",2.0
42459704,Big Caribbean Cookout! | The Great Coventry Weekender - DAY 2,2026-07-25T12:00:00+00:00,2026-07-25T23:00:00+00:00,Coventry,West Midlands,1,5.0,"['Covers Band/Tribute Act', 'Reggae', 'Afrobeat', 'Soulful House', 'Amapiano']",2.0
42572792,Rewind (Day Party at Mambo),2026-07-25T15:00:00+00:00,2026-07-25T22:00:00+00:00,Taunton,Somerset,0,,,
41989110,OVER 30's CLUB - Daytime Clubbing - Digital Newcastle,2026-07-25T15:00:00+00:00,2026-07-25T20:00:00+00:00,Newcastle Upon Tyne,Tyne and Wear,0,3.0,"['Pop', '1990s', '2000s']",
42358498,DNB360 & Noise Enforcement -ONE DAY OUTDOOR FESTIVAL Stourbridge,2026-07-25T14:00:00+00:00,2026-07-26T02:00:00+00:00,Lye,West Midlands,0,2.0,"['Drum and Bass', 'Bassline']",2.0
42506654,Alex Fest,2026-07-25T11:00:00+00:00,2026-07-26T23:00:00+00:00,Eastbourne,Brighton and Hove,0,,,
42000259,Pig Fest,2026-07-25T11:00:00+00:00,2026-07-25T19:00:00+00:00,Amersham,Hertfordshire,0,,,
42326278,Scare Taxi play at Alive at the Barn 2026,2026-07-25T18:00:00+00:00,2026-07-25T23:00:00+00:00,"Southwick, Sussex",Brighton and Hove,0,5.0,"['Alternative', 'Punk', 'New Wave', 'Pop Punk', 'Alternative Pop']",3.0
41770191,Tidal Gathering Tribute Festival,2026-07-25T11:00:00+00:00,2026-07-26T23:00:00+00:00,Shoreham By Sea,Brighton and Hove,0,5.0,"['Rock', 'Indie', 'Metal', 'Alternative', 'Emo']",20.0
42572050,Canada Water presents Round The Dock,2026-07-25T10:00:00+00:00,2026-07-26T20:00:00+00:00,London,London,0,,,
42490299,The Sounds of the 80s show with The Zoots,2026-07-25T19:30:00+00:00,2026-07-25T22:00:00+00:00,Didcot,Oxon,0,,,
41948883,GlastonBARRY Tribute Festival,2026-07-25T11:00:00+00:00,2026-07-26T23:00:00+00:00,Barry,South Glamorgan,0,2.0,"['Pop', 'Pop Rock']",1.0
42286409,The George Harrison Project,2026-07-25T19:30:00+00:00,2026-07-25T22:00:00+00:00,Runcorn,Cheshire,0,1.0,['Classical'],
42464859,Suited and Booted Festival,2026-07-25T11:00:00+00:00,2026-07-25T23:00:00+00:00,Birmingham,Birmingham,0,2.0,"['Ska', 'Reggae']",2.0
41948015,Castle Park Live,2026-07-25T11:00:00+00:00,2026-07-25T23:00:00+00:00,Frodsham,Cheshire,0,3.0,"['Pop', 'Indie Pop', 'Pop Rock']",
41937106,On The Beach 2026: Moby,2026-07-26T14:00:00+00:00,2026-07-26T22:30:00+00:00,Brighton,Brighton and Hove,0,5.0,"['House', 'Electro House', 'Electronic', 'Electro Swing', 'Electro']",2.0
42420085,Chesterfield Country Music Festival,2026-07-26T12:00:00+00:00,2026-07-26T22:00:00+00:00,Chesterfield,South Yorkshire,0,1.0,['Country/Americana'],
41436726,Heritage Live: UB40 featuring Ali Campbell,2026-07-26T13:00:00+00:00,2026-07-26T22:30:00+00:00,Reading,Berkshire,0,4.0,"['Rock', 'Drum and Bass', 'Reggae', 'Dub']",7.0
42498076,Next Act Festival,2026-07-26T15:00:00+00:00,2026-07-26T21:00:00+00:00,Preston,Lancashire,0,,,
42292916,Live at Melbourne Hall - The Shires,2026-07-26T14:00:00+00:00,2026-07-26T23:00:00+00:00,Derby,Derbyshire,0,4.0,"['Pop', 'Indie', 'Alternative', 'Country/Americana']",3.0
42476101,Drum Cupboard Takeover Festival IV,2026-07-26T12:30:00+00:00,2026-07-26T20:00:00+00:00,Milton Keynes,Buckinghamshire,0,,,
42435204,RNBLAND - Manchester's Biggest RnB Summer Day Festival (1000 RNB,2026-07-26T16:00:00+00:00,2026-07-26T22:00:00+00:00,Manchester,Greater Manchester,0,2.0,"['R&B', 'Soul']",
42404036,It's Our House LDN: PRESSURE SUMMER DAY PARTY @Nagshall Farm,2026-07-26T12:00:00+00:00,2026-07-26T22:00:00+00:00,Godstone,Sussex,0,3.0,"['Deep House', 'Tech House', 'Soulful House']",15.0
42459711,Coventry Summer Jam | The Great Coventry Weekender - DAY 3,2026-07-26T12:00:00+00:00,2026-07-26T21:30:00+00:00,Coventry,West Midlands,1,4.0,"['Pop', 'Covers Band/Tribute Act', 'Retro and Throwbacks', 'EDM']",
42289230,Family Fields Festival,2026-07-26T12:00:00+00:00,2026-07-26T23:00:00+00:00,Wilmslow,Manchester,1,2.0,"['Pop', 'Dancehall']",
42573450,Roots Market,2026-07-26T14:00:00+00:00,2026-07-26T23:00:00+00:00,Birmingham,Birmingham,0,2.0,"['Reggae', 'Dub']",
42000267,Pig Chill,2026-07-26T11:00:00+00:00,2026-07-26T19:00:00+00:00,Amersham,Hertfordshire,0,,,
42071584,"Junction 2: Adam Beyer, Miss Monique, Indo Warehouse",2026-07-26T14:00:00+00:00,2026-07-26T22:00:00+00:00,Brentford,Surrey,0,2.0,"['House', 'Techno']",5.0
42260839,Petworth Summer Festival - Coffee Concert - Bossa Nova,2026-07-28T12:00:00+00:00,2026-07-28T13:00:00+00:00,Pulborough,Sussex,0,3.0,"['Jazz', 'Latin', 'World Music']",1.0
41235920,Belladrum Tartan Heart Festival 2026,2026-07-30T12:00:00+00:00,2026-08-01T23:00:00+00:00,Near Inverness,Highland,0,5.0,"['Pop', 'Folk', 'Country/Americana', 'Indie Pop', 'Pop Rock']",50.0
42090507,Club Class Luxury Pass at Y Not Festival,2026-07-30T08:00:00+00:00,2026-08-02T23:00:00+00:00,Pikehall Matlock,Derbyshire,0,5.0,"['House', 'Pop', 'Indie', 'Folk', 'Punk']",
42467971,Valley Fest,2026-07-30T09:00:00+00:00,2026-08-02T01:00:00+00:00,Chew Magna,Bristol,0,5.0,"['House', 'Drum and Bass', 'Acoustic', 'Nu Indie', 'Pop Rock']",50.0
42503486,Breakout Festival 2026,2026-07-30T15:00:00+00:00,2026-08-02T23:45:00+00:00,Haverfordwest,West Glamorgan,0,4.0,"['Drum and Bass', 'Tech House', 'Alternative', 'Dub']",7.0
42081941,Chargecandy at Y Not Festival,2026-07-30T08:00:00+00:00,2026-08-02T23:00:00+00:00,Pikehall Matlock,Derbyshire,0,,,
42535351,Chargecandy at Belladrum Tartan Heart,2026-07-30T11:00:00+00:00,2026-08-01T23:00:00+00:00,Near Inverness,Highland,0,,,
41370901,Vodafone at Kendal Calling,2026-07-30T08:00:00+00:00,2026-08-02T23:00:00+00:00,Cumbria,Cumbria,0,5.0,"['House', 'Tech House', 'Pop', 'Indie', 'Rap']",
42423119,Vodafone at Wilderness,2026-07-30T08:00:00+00:00,2026-08-02T23:00:00+00:00,Charlbury,Oxon,0,5.0,"['House', 'Tech House', 'Pop', 'Indie', 'Rap']",
42422950,Vodafone at Camp Bestival,2026-07-30T08:00:00+00:00,2026-08-02T23:00:00+00:00,East Lulworth,Dorset,0,5.0,"['House', 'Tech House', 'Pop', 'Indie', 'Rap']",
42490305,App Fest,2026-07-30T11:00:00+00:00,2026-08-02T23:00:00+00:00,TEWKESBURY,Gloucestershire,0,5.0,"['Rock', 'Pop', 'Indie', 'Alternative', 'Covers Band/Tribute Act']",19.0
41400792,Kendal Calling,2026-07-30T11:00:00+00:00,2026-08-02T23:00:00+00:00,Cumbria,Cumbria,0,4.0,"['Pop', 'Indie', 'Indie Pop', 'Pop Rock']",50.0
42309109,Outcider Festival,2026-07-30T11:00:00+00:00,2026-08-02T23:00:00+00:00,Somerset,Bristol,0,4.0,"['Rock', 'Indie', 'Alternative', 'Punk']",22.0
42449984,Cambridge Rock Festival,2026-07-30T11:00:00+00:00,2026-08-02T23:00:00+00:00,Ely,Cambridge,0,4.0,"['Rock', 'Blues', 'Covers Band/Tribute Act', 'Progressive Rock']",46.0
41295736,Camp Bestival - Dorset,2026-07-30T10:00:00+00:00,2026-08-02T23:00:00+00:00,East Lulworth,Dorset,0,3.0,"['Pop', 'Indie', 'Pop Rock']",44.0
41295732,Wilderness Festival,2026-07-30T10:00:00+00:00,2026-08-02T23:00:00+00:00,Charlbury,Oxon,0,5.0,"['R&B', 'Deep House', 'Tech House', 'Soul', 'Electronic']",23.0
42510718,The Green Gathering,2026-07-30T11:00:00+00:00,2026-08-02T23:00:00+00:00,Monmouthshire,Gwent,0,5.0,"['Acoustic', 'Folk', 'Punk', 'Electronic', 'Reggae']",20.0
41295719,Y Not Festival,2026-07-30T10:00:00+00:00,2026-08-02T23:00:00+00:00,Matlock,Derbyshire,0,3.0,"['Rock', 'Alternative', 'Indie Pop']",35.0
41287147,Reggae Land 2026,2026-07-31T16:00:00+00:00,2026-08-02T22:30:00+00:00,Milton Keynes,Buckinghamshire,0,5.0,"['Dancehall', 'Reggae', 'Jungle', 'Afrobeat', 'Dub']",50.0
42141615,Burna Boy LIVE at The Milton Keynes National Bowl,2026-07-31T16:00:00+00:00,2026-07-31T23:00:00+00:00,Milton Keynes,Buckinghamshire,0,1.0,['Afrobeat'],1.0
41588072,Clubland By The Sea,2026-07-31T15:00:00+00:00,2026-07-31T23:00:00+00:00,Hartlepool,Cleveland,0,5.0,"['Hardcore/Hardstyle', 'Club Classics', 'Cheesy Dance', 'Hard Dance', 'Bounce']",13.0
42098317,The Sound of West End Musicals - Feast Live,2026-07-31T17:30:00+00:00,2026-07-31T22:00:00+00:00,Bristol,Bristol,0,,,
41769989,Supersonic Weekender,2026-07-31T09:00:00+00:00,2026-08-02T23:00:00+00:00,Leicester,Leicestershire,0,4.0,"['Indie', 'Ska', 'Brit Pop', 'Northern Soul']",14.0
42145817,Arbroath Fest,2026-07-31T11:00:00+00:00,2026-08-01T22:00:00+00:00,Arbroath,Tayside,0,5.0,"['Rock', 'Indie', 'Acoustic', 'Punk', 'Indie Pop']",15.0
42071953,Effy & Mall Grab Present: Frangrance,2026-07-31T14:00:00+00:00,2026-07-31T22:00:00+00:00,Brentford,Surrey,0,,,7.0
42503295,Notsilly weekender,2026-07-31T12:00:00+00:00,2026-08-03T12:00:00+00:00,Leicester,Leicestershire,0,5.0,"['Trance', 'Drum and Bass', 'Techno', 'Psy/GoaTrance', 'Bass Music']",8.0
41499638,Hillbilly Hootenanny 2026,2026-07-31T12:00:00+00:00,2026-08-02T22:30:00+00:00,Salisbury,Wiltshire,0,2.0,"['Blues', 'Folk']",6.0
42422028,Mandala Sounds Rituals,2026-07-31T22:00:00+00:00,2026-08-01T05:00:00+00:00,Sheffield,South Yorkshire,0,2.0,"['Trance', 'Psy/GoaTrance']",
42412935,Kawson Sacka Afrobeat Live,2026-07-31T21:00:00+00:00,2026-08-01T02:00:00+00:00,Hastings,Kent,0,,,
42289223,Styal Craft Beer Fest 2026,2026-07-31T15:00:00+00:00,2026-08-01T23:00:00+00:00,Wilmslow,Manchester,1,,,
41928462,Good Vibrations Society,2026-07-31T11:00:00+00:00,2026-08-02T23:00:00+00:00,Nutley,Kent,0,3.0,"['Folk', 'Alternative', 'World Music']",18.0
41928514,Valley Fest,2026-07-31T11:00:00+00:00,2026-08-02T23:00:00+00:00,Bristol,Bristol,0,3.0,"['Pop', 'Folk', 'Indie Pop']",
41783210,Stowaway Festival,2026-07-31T11:00:00+00:00,2026-08-02T23:00:00+00:00,Buckingham,Buckinghamshire,0,1.0,['Electronic'],43.0
42147080,Hillbilly Hootenanny,2026-07-31T12:00:00+00:00,2026-08-02T22:30:00+00:00,Salisbury,Wiltshire,0,,,
42364622,The Moors Muisc Festival,2026-07-31T14:30:00+00:00,2026-08-02T23:00:00+00:00,Kirkbymoorside,Yorkshire,0,,,
42512921,Club Classics Orchestra,2026-07-31T17:00:00+00:00,2026-08-01T11:00:00+00:00,Eastleigh,Hants,0,,,
42077124,The Kooks Inside In / Inside Out 20 year anniversary,2026-07-31T16:00:00+00:00,2026-07-31T23:00:00+00:00,Greenwich,London,0,5.0,"['Indie', 'Nu Indie', 'Brit Pop', 'Indie Pop', 'Pop Rock']",1.0
42292655,The Searchers and Hollies Experience,2026-07-31T19:30:00+00:00,2026-07-31T22:00:00+00:00,Torquay,Devon,0,,,
41927822,Margate Soul Festival,2026-07-31T11:00:00+00:00,2026-08-02T23:00:00+00:00,Margate,Kent,0,1.0,['Soul'],13.0
41486701,RADAR Festival,2026-07-31T11:00:00+00:00,2026-08-02T23:00:00+00:00,Manchester,Greater Manchester,0,4.0,"['Rock', 'Indie', 'Alternative', 'Progressive Rock']",24.0
41287083,Teletech Festival 2026,2026-08-01T13:00:00+00:00,2026-08-02T05:00:00+00:00,Manchester,Greater Manchester,0,5.0,"['Trance', 'Techno', 'Hardcore/Hardstyle', 'Hard Dance', 'Bounce']",50.0
42260835,Hospital30 Block Party,2026-08-01T14:00:00+00:00,2026-08-01T23:00:00+00:00,London,London,0,3.0,"['Drum and Bass', 'Bass Music', 'Jungle']",41.0
41961019,Word of Mouth Prosecco & Club Classics Festival 2026 @ Himley,2026-08-01T12:00:00+00:00,2026-08-01T21:00:00+00:00,Dudley,West Midlands,0,5.0,"['House', 'UK Garage', 'R&B', 'Club Classics', 'Funky House']",1.0
42152486,Brighton Pride - Pride on the Park 2026,2026-08-01T13:00:00+00:00,2026-08-02T23:00:00+00:00,Brighton,Brighton and Hove,0,3.0,"['House', 'Pop', 'Disco House']",21.0
42088536,"Save The Rave: Old Skool Outdoor Festival, Southport 2026",2026-08-01T11:00:00+00:00,2026-08-01T22:00:00+00:00,Southport,Lancashire,0,5.0,"['House', 'Trance', 'Old Skool', 'Club Classics', '1990s']",10.0
42098369,Haçienda Classical Live Orchestra on The Downs - Feast Live,2026-08-01T16:00:00+00:00,2026-08-01T23:00:00+00:00,Bristol,Bristol,0,1.0,['House'],5.0
41643608,Our House Fest 2026,2026-08-01T13:00:00+00:00,2026-08-01T23:00:00+00:00,Wakefield,West Yorkshire,0,5.0,"['House', 'Trance', 'Old Skool', 'Club Classics', 'Funky House']",13.0
42359763,Maravilosa 5th birthday safari open air,2026-08-01T12:00:00+00:00,2026-08-01T23:00:00+00:00,Chelmsford,Essex,0,2.0,"['House', 'Funky House']",
42569195,JUVY Open Air - Sat 1st August @ Berwick Manor Essex,2026-08-01T14:00:00+00:00,2026-08-01T19:00:00+00:00,Rainham,London,0,,,2.0
42420719,Worcester Tribute Festival 2026,2026-08-01T12:00:00+00:00,2026-08-01T21:30:00+00:00,Worcester,Hereford and Worcester,0,,,
41499203,Country Club - Outdoor Country Music Festival - Liverpool,2026-08-01T15:00:00+00:00,2026-08-01T22:00:00+00:00,Liverpool,Merseyside,0,1.0,['Country/Americana'],
42412478,Eterna presents L O S T in the woods,2026-08-01T11:30:00+00:00,2026-08-01T22:00:00+00:00,Derby,Derbyshire,0,3.0,"['Trance', 'Hard House', 'Hard Dance']",
42436593,Brighton Pride - Pride Street Party 2026,2026-08-01T15:00:00+00:00,2026-08-02T21:00:00+00:00,Brighton,Brighton and Hove,0,3.0,"['House', 'Pop', 'LGBTQ+']",3.0
41339842,Newton Music Festival,2026-08-01T16:00:00+00:00,2026-08-01T22:00:00+00:00,Newton Le Willows,Cheshire,0,5.0,"['Pop', 'Indie', 'Alternative', 'Covers Band/Tribute Act', 'Indie Pop']",1.0
42268280,Emily Makis - Outsiders 2.0 Day Party: Bristol,2026-08-01T14:00:00+00:00,2026-08-01T22:00:00+00:00,Bristol,Bristol,0,3.0,"['Drum and Bass', 'Bass Music', 'Jungle']",1.0
42449878,RNB MANIA | Nottingham's R&B Festival!,2026-08-01T15:00:00+00:00,2026-08-01T21:00:00+00:00,Nottingham,Nottingham,0,4.0,"['R&B', 'Hip Hop', '1990s', '2000s']",
42288315,Wax Format Outdoors: Sam Mitcham Vinyl Only All Day Long,2026-08-01T15:00:00+00:00,2026-08-02T02:00:00+00:00,Cheetham Hill,Greater Manchester,0,5.0,"['House', 'Trance', 'Techno', 'Club Classics', 'Prog House']",1.0
42123653,Hillside Festival 2026,2026-08-01T14:00:00+00:00,2026-08-01T23:00:00+00:00,Bolton,Manchester,0,4.0,"['House', 'Techno', 'Tech House', 'Disco']",4.0
42082546,"Beard's Fest 2026 - Bladerunner, prozak, Toby ross, DJ cosworth",2026-08-01T13:00:00+00:00,2026-08-02T03:00:00+00:00,Penzance,Cornwall,0,4.0,"['House', 'UK Garage', 'Disco', 'Jungle']",2.0
42335983,Festival in the Park,2026-08-01T12:00:00+00:00,2026-08-01T21:00:00+00:00,Burnley,Lancashire,0,1.0,['Indie'],
42498077,Analog & Ibiza Sound Fest 'SUMMER GARDEN PARTY',2026-08-01T14:00:00+00:00,2026-08-01T22:00:00+00:00,Welwyn,London,0,4.0,"['House', 'Deep House', 'Tech House', 'Old Skool']",5.0
41991838,Dom Dolla on the Thames,2026-08-01T14:00:00+00:00,2026-08-01T23:00:00+00:00,Greenwich,London,0,3.0,"['House', 'Tech House', 'Electronic']",1.0
42457880,Bassline Oldskool Anthems Sheffield Outdoor Fest,2026-08-01T14:00:00+00:00,2026-08-01T23:00:00+00:00,Sheffield,South Yorkshire,0,4.0,"['UK Garage', 'R&B', 'Old Skool', 'Bassline']",11.0
42260908,A Grand Day Out,2026-08-01T14:00:00+00:00,2026-08-02T01:00:00+00:00,Preston,Lancashire,0,,,2.0
42474751,R&B Lovers - Saturday 1st August - Luna Springs,2026-08-01T15:00:00+00:00,2026-08-02T00:00:00+00:00,Birmingham,Birmingham,0,1.0,['R&B'],
41293768,Cheshire Fest 2026,2026-08-01T12:00:00+00:00,2026-08-01T23:00:00+00:00,Macclesfield,Manchester,1,,,
42083655,Magic of Thailand Festival in Cambridge,2026-08-01T10:00:00+00:00,2026-08-02T19:00:00+00:00,Cambridge,Cambridge,0,,,
42434837,R&B Lovers Summer Open Air Festival - Sat 1st Aug - LDN EAST,2026-08-01T14:00:00+00:00,2026-08-01T22:00:00+00:00,Canning Town,London,0,1.0,['R&B'],
42473057,Ealing Blues Festival 2026,2026-08-01T13:00:00+00:00,2026-08-02T22:30:00+00:00,London,London,0,4.0,"['Blues', 'Ska', 'World Music', 'Reggae']",5.0
42468286,North West music fest 2026 @ Robin Hood,2026-08-01T12:00:00+00:00,2026-08-01T22:00:00+00:00,Leigh,Manchester,0,3.0,"['House', 'Acoustic', 'Brit Pop']",
41998983,Innervisions London,2026-08-01T14:00:00+00:00,2026-08-01T22:00:00+00:00,Brentford,Surrey,0,1.0,['Electronic'],5.0
42262918,Beats Festival,2026-08-01T10:00:00+00:00,2026-08-02T19:00:00+00:00,Bridgnorth,West Midlands,0,5.0,"['Dancehall', 'Acoustic', 'Alternative', 'Brit Pop', 'Indie Pop']",
42436374,Riverside Riddimz Festival,2026-08-01T12:00:00+00:00,2026-08-02T23:45:00+00:00,Upton Upon Severn,Hereford and Worcester,0,5.0,"['Drum and Bass', 'Dubstep', 'Reggae', 'Bassline', 'Jungle']",3.0
42436193,Prologue Presents - The Ibiza Day Party,2026-08-01T15:00:00+00:00,2026-08-02T01:00:00+00:00,Bexleyheath,Kent,0,5.0,"['House', 'Tech House', 'Old Skool', 'Club Classics', '1990s']",1.0
42487601,Styal Craft Beer Fest 2026,2026-08-01T12:00:00+00:00,2026-08-01T23:00:00+00:00,Wilmslow,Manchester,0,,,
41735987,Threshold was Here - The reunion,2026-08-01T12:00:00+00:00,2026-08-02T02:00:00+00:00,Liverpool,Merseyside,0,5.0,"['Acoustic', 'Alternative', 'Burlesque', 'Indie Pop', 'Shoegaze']",
42438760,Country Girls Yard Party,2026-08-01T14:00:00+00:00,2026-08-01T23:00:00+00:00,Preston,Lancashire,0,1.0,['Country/Americana'],
42094081,Greenlands inn Jamaica  independence festival,2026-08-01T14:00:00+00:00,2026-08-01T23:45:00+00:00,Birmingham,Birmingham,0,2.0,"['Ska', 'Reggae']",1.0
42462737,True Pride,2026-08-01T17:00:00+00:00,2026-08-02T02:00:00+00:00,Manchester,Greater Manchester,0,5.0,"['Indie', 'Alternative', 'Electronic', 'Experimental', 'LGBTQ+']",4.0
42564480,Summer Breakout U18,2026-08-01T12:00:00+00:00,2026-08-01T17:00:00+00:00,Bromsgrove,Birmingham,0,,,
42568038,REM Sessions - 1st August,2026-08-01T17:00:00+00:00,2026-08-01T23:00:00+00:00,Derby,Derbyshire,0,5.0,"['House', 'Old Skool', 'Funky House', 'Disco House', 'Soulful House']",
42307853,Campfire Country Club - London Country Music Spring Festival,2026-08-01T15:00:00+00:00,2026-08-01T21:00:00+00:00,London,London,0,4.0,"['Pop', 'Folk', 'Country/Americana', 'Pop Rock']",
42124077,Totally 90s Festival,2026-08-01T12:00:00+00:00,2026-08-02T22:30:00+00:00,St Albans,London,0,1.0,['Retro and Throwbacks'],
42307068,Steel City Dancehall Festival 2026,2026-08-01T15:00:00+00:00,2026-08-01T22:00:00+00:00,Sheffield,South Yorkshire,1,5.0,"['R&B', 'Dancehall', 'Hip Hop', 'Reggae', 'Afrobeat']",5.0
42516776,Country Road Festival,2026-08-01T12:00:00+00:00,2026-08-01T22:30:00+00:00,Eastleigh,Hants,0,,,
42449867,Cambridge Folk Festival,2026-08-01T11:00:00+00:00,2026-08-02T23:00:00+00:00,Cambridge,Cambridge,0,5.0,"['Rock', 'Indie', 'Acoustic', 'Folk', 'Alternative']",15.0
42098376,Becky Hill - Feast Live,2026-08-02T16:00:00+00:00,2026-08-02T21:30:00+00:00,Bristol,Bristol,0,2.0,"['Drum and Bass', 'Pop']",1.0
42071620,"Junction 2: I Hate Models, Charlie Sparks",2026-08-02T14:00:00+00:00,2026-08-02T22:00:00+00:00,Brentford,Surrey,0,1.0,['Techno'],7.0
42162149,Peggy Gou on the Thames,2026-08-02T14:00:00+00:00,2026-08-02T23:00:00+00:00,Greenwich,London,0,2.0,"['Tech House', 'Electronic']",4.0
41326749,Look-A-Like: Outdoor Tribute Festival - Nottingham!,2026-08-02T12:00:00+00:00,2026-08-02T22:00:00+00:00,Nottingham,Nottingham,1,5.0,"['Rock', 'Pop', 'Covers Band/Tribute Act', 'Rock & Roll / 1950s', 'Brit Pop']",
42572061,We are bounce festival,2026-08-02T13:00:00+00:00,2026-08-02T17:00:00+00:00,Houghton Le Spring,County Durham,0,1.0,['Bounce'],3.0
42284684,4Play Presents - Garage & Basslines (Summer Day Party),2026-08-02T15:30:00+00:00,2026-08-02T22:00:00+00:00,Nottingham,Nottingham,0,5.0,"['UK Garage', 'Drum and Bass', 'Bassline', 'Grime', 'Bass Music']",5.0
42532041,Denim Wear Day & Night Party,2026-08-02T14:00:00+00:00,2026-08-03T00:00:00+00:00,Mitcham,Surrey,0,3.0,"['House', 'Tribal House', 'Amapiano']",
42090520,Shirley Social - Country Special - Sunday 2nd August 2026,2026-08-02T10:30:00+00:00,2026-08-02T18:00:00+00:00,Shirley,Birmingham,0,1.0,['Country/Americana'],
42570612,BASHMENT NATION - Jamaican Independence Day Festival,2026-08-02T16:00:00+00:00,2026-08-02T22:00:00+00:00,Greenwich,London,0,2.0,"['Dancehall', 'Reggae']",
42513283,Jerk Jam Summer Sizzla,2026-08-02T12:00:00+00:00,2026-08-02T22:30:00+00:00,Eastleigh,Hants,0,,,
41370908,Vodafone at Boardmasters,2026-08-05T08:00:00+00:00,2026-08-09T23:00:00+00:00,Newquay,Cornwall,0,5.0,"['House', 'Tech House', 'Pop', 'Indie', 'Rap']",
42260788,Lakefest 2026,2026-08-05T15:00:00+00:00,2026-08-10T00:00:00+00:00,Ledbury,Hereford and Worcester,0,5.0,"['Rock', 'Retro House', 'Indie', 'Alternative', 'Brit Pop']",36.0
41592806,Boardmasters Festival,2026-08-05T11:00:00+00:00,2026-08-09T23:00:00+00:00,Newquay,Cornwall,0,3.0,"['Pop', 'Rap', 'Indie Pop']",50.0
41953859,Back 2 Festival 2026 - The 10th Birthday,2026-08-06T12:00:00+00:00,2026-08-09T23:00:00+00:00,Leicester,Leicestershire,0,5.0,"['Pop', '1980s', 'Retro and Throwbacks', '1990s', '2000s']",38.0
42417526,Chargecandy at Bloodstock Festival,2026-08-06T08:00:00+00:00,2026-08-09T23:00:00+00:00,Walton Upon Trent,Derbyshire,0,,,
41923640,Houghton Festival,2026-08-06T11:00:00+00:00,2026-08-09T23:00:00+00:00,Norfolk ,Cambridgeshire,0,3.0,"['House', 'Techno', 'Electronic']",50.0
41923649,Creation Fest,2026-08-06T11:00:00+00:00,2026-08-09T23:00:00+00:00,Wadebridge,Devon,0,,,1.0
41365313,Back 2 Festival,2026-08-06T11:00:00+00:00,2026-08-09T23:00:00+00:00,Leicester,Leicestershire,0,5.0,"['Trance', 'Pop', '1980s', '1990s', '2000s']",12.0
41776014,Firevolt Rock Festival,2026-08-06T11:00:00+00:00,2026-08-09T23:00:00+00:00,Stockport,Manchester,0,2.0,"['Rock', 'Alternative']",21.0
41305196,Bloodstock Open Air,2026-08-06T10:00:00+00:00,2026-08-09T23:00:00+00:00,Walton Upon Trent,Derbyshire,0,3.0,"['Rock', 'Metal', 'Alternative']",47.0
41775739,Rebellion Punk Music Festival,2026-08-06T11:00:00+00:00,2026-08-09T23:00:00+00:00,Blackpool,Lancashire,0,3.0,"['Rock', 'Alternative', 'Punk']",50.0
41574765,Deva Fest,2026-08-06T11:00:00+00:00,2026-08-09T23:00:00+00:00,Malpas,Shropshire,0,3.0,"['Pop', 'Electronic', 'Indie Pop']",33.0
42283395,Diaspora Calling! Festival,2026-08-07T16:00:00+00:00,2026-08-07T23:00:00+00:00,Milton Keynes,Buckinghamshire,0,4.0,"['R&B', 'Hip Hop', 'Soul', 'Reggae']",6.0
41279107,Timescape Festival 2026,2026-08-07T12:00:00+00:00,2026-08-09T23:00:00+00:00,Huntingdon,Cambridgeshire,0,5.0,"['House', 'Trance', 'Techno', 'Psy/GoaTrance', 'Electronic']",33.0
42250041,Secret Island Festival,2026-08-07T19:00:00+00:00,2026-08-09T21:00:00+00:00,East Mersea,Essex,0,4.0,"['House', 'Drum and Bass', 'Acoustic', 'Big Beat']",28.0
41956402,Symphonica #TheIbizaOrchestra Bexleyheath,2026-08-07T18:00:00+00:00,2026-08-07T22:00:00+00:00,Bexleyheath,Kent,0,3.0,"['House', 'EDM', 'Orchestral']",
41297749,"SOULTASIA  - Outdoor Festival, London 2026",2026-08-07T16:00:00+00:00,2026-08-07T23:00:00+00:00,Morden,London,0,4.0,"['R&B', 'Soul', 'Funk', 'Disco']",11.0
41389116,Bristol International Rare Soul Weekender 2026,2026-08-07T16:00:00+00:00,2026-08-09T01:00:00+00:00,Bristol,Bristol,0,,,
42085256,Soultasia Hertfordshire,2026-08-07T16:00:00+00:00,2026-08-07T22:00:00+00:00,Bushey,Hertfordshire,0,2.0,"['Soul', 'Disco']",5.0
42477543,Summer Jams 2026,2026-08-07T16:00:00+00:00,2026-08-07T23:00:00+00:00,Leicester,Leicestershire,0,2.0,"['R&B', 'Soul']",4.0
42339846,Foodies Festival 2026 - Edinburgh,2026-08-07T12:00:00+00:00,2026-08-09T21:00:00+00:00,Edinburgh,Scotland,0,,,3.0
42128187,"LoveHerder ""Getting High on Life"" Festival 2026",2026-08-07T09:00:00+00:00,2026-08-10T16:00:00+00:00,Kendal,Cumbria,0,5.0,"['Tribal House', 'Acoustic', 'Folk', 'Alternative', 'World Music']",3.0
41991866,Jamaican Independence Weekend - 3 Days of Music & Culture,2026-08-07T12:00:00+00:00,2026-08-09T23:30:00+00:00,Leamington Spa,West Midlands,0,4.0,"['Drum and Bass', 'Ska', 'World Music', 'Reggae']",
42568174,Summerstein Fest,2026-08-07T19:30:00+00:00,2026-08-09T17:00:00+00:00,ST ANNES ON SEA,Lancashire,0,,,
42332311,Phases Casa Nueva,2026-08-07T20:00:00+00:00,2026-08-08T03:00:00+00:00,Nottingham,Nottingham,0,3.0,"['House', 'Deep House', 'Tech House']",
42509849,Edinburgh Fringe Festival,2026-08-07T09:00:00+00:00,2026-08-31T23:45:00+00:00,Edinburgh,Scotland,0,4.0,"['Indie', 'Folk', 'Alternative', 'Covers Band/Tribute Act']",
41784221,Kozfest 2026,2026-08-07T12:00:00+00:00,2026-08-09T23:45:00+00:00,Builth Wells,Powys,0,,,10.0
42309332,Farmer Phil's Festival,2026-08-07T11:00:00+00:00,2026-08-09T23:00:00+00:00,Shrewsbury,Shropshire,0,4.0,"['Rock', 'Indie', 'Folk', 'Alternative']",11.0
41461970,No Art Open Air Liverpool - 2026,2026-08-08T12:00:00+00:00,2026-08-08T23:00:00+00:00,Liverpool,Merseyside,0,2.0,"['House', 'Tech House']",7.0
42136171,Electric Paradise,2026-08-08T12:00:00+00:00,2026-08-08T22:30:00+00:00,Milton Keynes,Buckinghamshire,0,5.0,"['House', 'Soul', 'Funk', 'Disco', 'Disco House']",47.0
42156005,The Great Fete,2026-08-08T12:00:00+00:00,2026-08-09T22:00:00+00:00,Hatfield,London,0,5.0,"['House', 'UK Garage', 'Rock', 'Electronic', 'Brit Pop']",25.0
41307582,Garage Nation Outdoor Festival 2026,2026-08-08T13:00:00+00:00,2026-08-08T22:00:00+00:00,Morden,London,0,5.0,"['House', 'UK Garage', 'Drum and Bass', 'Old Skool', 'Jungle']",6.0
42430684,Made In 90s Fest 5th Birthday Feat R&B Icons Xscape & Lil' Mo,2026-08-08T13:00:00+00:00,2026-08-08T22:00:00+00:00,Croydon,Surrey,0,5.0,"['UK Garage', 'R&B', 'Dancehall', 'Hip Hop', 'Afrobeat']",7.0
42286156,"Road to Nashville Outdoor Festival | Tileyard, Wakefield",2026-08-08T12:00:00+00:00,2026-08-08T22:00:00+00:00,Wakefield,West Yorkshire,0,1.0,['Country/Americana'],1.0
41496466,Park Rock Bexleyheath 2026,2026-08-08T12:00:00+00:00,2026-08-08T22:00:00+00:00,Bexleyheath,Kent,0,3.0,"['Rock', 'Pop', 'Covers Band/Tribute Act']",
42266347,Hawkwind: Friends and Relations,2026-08-08T19:00:00+00:00,2026-08-09T23:00:00+00:00,Morecambe,Lancashire,0,1.0,['Alternative'],1.0
41496476,"ARTFUL DODGER, K-KLASS & MORE | Love the 90s Fest | Binks Yard",2026-08-08T14:00:00+00:00,2026-08-08T22:00:00+00:00,Nottingham,Nottingham,0,1.0,['1990s'],7.0
41302276,The Canwell Show,2026-08-08T09:00:00+00:00,2026-08-08T20:00:00+00:00,Canwell,Birmingham,0,,,
41941623,"Road to Nashville Outdoor Festival | Eutopia, Barking",2026-08-08T14:00:00+00:00,2026-08-08T22:00:00+00:00,Barking,London,0,1.0,['Country/Americana'],1.0
42081441,Doncaster Pride 2026,2026-08-08T11:00:00+00:00,2026-08-08T22:00:00+00:00,Doncaster,South Yorkshire,0,5.0,"['Pop', 'Cheesy Dance', 'Hip Hop', 'Covers Band/Tribute Act', 'Alternative Pop']",
42467897,Fox Fest,2026-08-08T15:00:00+00:00,2026-08-08T23:00:00+00:00,Billericay,Essex,0,3.0,"['House', 'Deep House', 'Soulful House']",1.0
41297724,Hive Family Festival 2026,2026-08-08T11:45:00+00:00,2026-08-08T21:00:00+00:00,Southampton,Hants,0,5.0,"['Pop', 'Covers Band/Tribute Act', '2000s', 'Brit Pop', '2010s']",1.0
42359694,Cookout - Open-Air Summer Festival - Ldn East  - London,2026-08-08T15:00:00+00:00,2026-08-08T22:00:00+00:00,Canning Town,London,0,3.0,"['Dancehall', 'Reggae', 'Afrobeat']",
42437186,R&B Lovers - Summer Weekender - Freight Island Manchester,2026-08-08T15:00:00+00:00,2026-08-09T22:00:00+00:00,Manchester,Greater Manchester,0,2.0,"['R&B', 'Hip Hop']",
42136630,Back By Dope Demand Festival,2026-08-08T14:00:00+00:00,2026-08-08T22:00:00+00:00,Manchester,Greater Manchester,0,2.0,"['Old Skool', 'Bounce']",11.0
41991832,Adriatique present X on the Thames,2026-08-08T14:00:00+00:00,2026-08-08T23:00:00+00:00,Greenwich,London,0,1.0,['Electronic'],3.0
42472656,The Gee Cross Summer Festival,2026-08-08T12:00:00+00:00,2026-08-09T16:00:00+00:00,Hyde,Manchester,0,,,
42482491,Long Eaton Music Festival,2026-08-08T11:30:00+00:00,2026-08-08T22:00:00+00:00,Long Eaton,Nottingham,0,,,
42579858,Party In The Park 2026 - Tribute Festival,2026-08-08T15:00:00+00:00,2026-08-08T23:00:00+00:00,Pontefract,West Yorkshire,0,2.0,"['Rock', 'Pop']",
42328330,RNB MANIA | Bristol's R&B Festival,2026-08-08T15:00:00+00:00,2026-08-08T21:00:00+00:00,Bristol,Bristol,0,4.0,"['R&B', 'Hip Hop', '1990s', '2000s']",
42170501,Grange-Fest 2026,2026-08-08T12:30:00+00:00,2026-08-08T23:30:00+00:00,Mablethorpe,Lincolnshire,0,5.0,"['Club Classics', 'Disco', 'Country/Americana', '2000s', 'Brit Pop']",2.0
41735405,Summer 90s Dance Outdoor Daytime Festival Cardiff,2026-08-08T15:00:00+00:00,2026-08-08T22:00:00+00:00,Cardiff,South Glamorgan,0,1.0,['1990s'],
41630701,Minersfest 90s,2026-08-08T12:00:00+00:00,2026-08-08T23:00:00+00:00,Saltburn-by-the-Sea,Cleveland,0,,,4.0
42517706,Leicester Food & Music Festival,2026-08-08T11:00:00+00:00,2026-08-09T22:00:00+00:00,Leicester,Leicestershire,0,5.0,"['Pop', 'Indie', 'Reggae', 'Brit Pop', 'Alternative Pop']",3.0
41499206,Country Club - Country Music Festival - Shrewsbury,2026-08-08T15:00:00+00:00,2026-08-08T22:00:00+00:00,Shrewsbury,Shropshire,0,1.0,['Country/Americana'],
41326750,Save The Rave: Outdoor 90's Festival - Carlisle!,2026-08-08T12:00:00+00:00,2026-08-08T21:00:00+00:00,Carlisle,Cumbria,1,5.0,"['House', 'Trance', 'Acid House', 'Old Skool', 'Club Classics']",
42483044,Example | Live at Cattows Farm,2026-08-08T12:00:00+00:00,2026-08-08T23:00:00+00:00,Leicester,Leicestershire,0,5.0,"['Pop', 'Rap', 'Retro and Throwbacks', 'EDM', '2000s']",1.0
41638729,Reggae at the Billy '26,2026-08-08T14:00:00+00:00,2026-08-08T21:00:00+00:00,BRISTOL,Bristol,0,2.0,"['Dancehall', 'Reggae']",
41736607,Martin Kemp Live DJ set - Back to the 80's - Brighton,2026-08-08T17:00:00+00:00,2026-08-08T22:00:00+00:00,Brighton,Brighton and Hove,0,1.0,['1980s'],1.0
42081929,Party At The Palace,2026-08-08T12:00:00+00:00,2026-08-09T23:00:00+00:00,Linlithgow,Scotland,0,,,26.0
42257580,Brookfest 2026,2026-08-08T13:00:00+00:00,2026-08-08T21:00:00+00:00,St.Helens,Cheshire,0,,,
42541534,The Official South West 64th Jamaican Independence Day,2026-08-08T14:00:00+00:00,2026-08-09T22:00:00+00:00,Bristol,Bristol,0,4.0,"['R&B', 'Dancehall', 'Hip Hop', 'Reggae']",
41647747,Peacock Freakshow 2,2026-08-08T14:00:00+00:00,2026-08-08T23:00:00+00:00,Bridlington,Yorkshire,0,1.0,['Progressive Rock'],2.0
42573183,R&B Lovers - Outdoor Festival Junkyard Norwich,2026-08-08T14:00:00+00:00,2026-08-08T22:00:00+00:00,Norwich,Norfolk,0,1.0,['R&B'],
42000596,Brynfest 2026,2026-08-08T13:00:00+00:00,2026-08-08T22:00:00+00:00,"Brynamman, Ammanford",West Glamorgan,0,,,
42412934,The Poetic Funk Afterparty,2026-08-08T21:00:00+00:00,2026-08-09T02:00:00+00:00,Hastings,Kent,0,,,
42428307,Summer Shellings,2026-08-08T14:00:00+00:00,2026-08-09T01:00:00+00:00,Bromsgrove,Birmingham,0,4.0,"['House', 'UK Garage', 'Drum and Bass', 'Bassline']",
42470341,Day & Night Refugee Fundraiser,2026-08-08T14:00:00+00:00,2026-08-08T23:45:00+00:00,London,London,0,1.0,['World Music'],
42374252,Taste Of Thailand Music And Food Festival,2026-08-08T10:00:00+00:00,2026-08-09T19:00:00+00:00,Bristol,Bristol,1,2.0,"['World Music', 'LGBTQ+']",
42516820,CH3 Presents : Downtown w/ Ozzie Guven,2026-08-08T14:00:00+00:00,2026-08-08T22:30:00+00:00,"Longton, Stoke-on-Tr",Staffordshire,0,3.0,"['House', 'UK Garage', 'Tech House']",3.0
42296596,Hidden Beach Festival: Day 1,2026-08-08T12:00:00+00:00,2026-08-08T22:00:00+00:00,Hastings,Kent,0,5.0,"['Jazz', 'Latin', 'Disco', 'Reggae', 'Afrobeat']",4.0
42476246,The George Harrison Project,2026-08-08T19:30:00+00:00,2026-08-08T22:00:00+00:00,Taunton,Somerset,0,,,
42513145,Music & Cider Festival,2026-08-08T13:00:00+00:00,2026-08-08T23:00:00+00:00,Wareham,Dorset,0,3.0,"['Rock', 'Covers Band/Tribute Act', 'Rock & Roll / 1950s']",
41738423,WV1fest,2026-08-08T11:00:00+00:00,2026-08-09T23:00:00+00:00,Wolverhampton,West Midlands,0,5.0,"['Rock', 'Indie', 'Metal', 'Alternative', 'Emo']",22.0
42321050,New Forest Fairy Festival,2026-08-08T10:00:00+00:00,2026-08-09T18:00:00+00:00,Ringwood,Dorset,0,,,
41652628,Maiden Voyage,2026-08-08T12:00:00+00:00,2026-08-08T23:00:00+00:00,London,London,0,2.0,"['House', 'Techno']",17.0
41980291,Sundown Country Festival - Bexleyheath,2026-08-09T12:00:00+00:00,2026-08-09T20:00:00+00:00,BEXLEYHEATH    ,Kent,0,1.0,['Country/Americana'],
42087923,Eastern Electrics 2026,2026-08-09T12:00:00+00:00,2026-08-09T22:00:00+00:00,London,London,0,2.0,"['House', 'Techno']",24.0
42474949,Garage Nation Generations Festival & Music Nation,2026-08-09T14:00:00+00:00,2026-08-09T22:00:00+00:00,Morden,London,0,5.0,"['House', 'UK Garage', 'Drum and Bass', 'Old Skool', 'Jungle']",1.0
42084732,Anjunadeep Open Air on the Thames,2026-08-09T14:00:00+00:00,2026-08-09T23:00:00+00:00,Greenwich,London,0,2.0,"['Deep House', 'Electronic']",3.0
42414798,London Reggae & Ska Festival - Morden Park,2026-08-09T14:00:00+00:00,2026-08-09T22:00:00+00:00,Morden,London,0,2.0,"['Ska', 'Reggae']",5.0
41326751,Outdoor Country Music Festival - Carlisle!,2026-08-09T12:00:00+00:00,2026-08-09T20:00:00+00:00,Carlisle,Cumbria,1,5.0,"['Rock', 'Acoustic', 'Folk', 'Covers Band/Tribute Act', 'Country/Americana']",
42509659,Summer 90s & 00s R&B Outdoor Festival - London 2026,2026-08-09T13:00:00+00:00,2026-08-09T21:00:00+00:00,London,London,0,2.0,"['R&B', 'Hip Hop']",
42250618,Flashback Fete,2026-08-09T15:00:00+00:00,2026-08-09T21:00:00+00:00,Birmingham,Birmingham,0,5.0,"['R&B', 'Dancehall', 'Themed', 'World Music', 'Afrobeat']",
42546173,AWOL @ Music Nation Festival 2026,2026-08-09T14:00:00+00:00,2026-08-09T22:00:00+00:00,Morden,London,0,5.0,"['House', 'UK Garage', 'Drum and Bass', 'Old Skool', 'Jungle']",1.0
42296601,Love Sensation Festival,2026-08-09T12:00:00+00:00,2026-08-09T21:00:00+00:00,Hastings,Kent,0,5.0,"['House', 'Club Classics', 'Funky House', 'Disco', 'Soulful House']",3.0
42509665,Gin & Juice: Old School Hip-Hop Outdoor Summer Festival,2026-08-09T13:00:00+00:00,2026-08-09T21:00:00+00:00,London,London,0,3.0,"['R&B', 'Rap', 'Hip Hop']",
42458878,Anjunadeep Open Air on the Thames,2026-08-09T14:00:00+00:00,2026-08-09T23:00:00+00:00,London,London,0,1.0,['Deep House'],1.0
42286829,Homegrown Festival,2026-08-11T11:00:00+00:00,2026-08-11T23:00:00+00:00,Brighton,Brighton and Hove,0,1.0,['Alternative'],18.0
41370917,Chargecandy at Boomtown Fair,2026-08-12T08:00:00+00:00,2026-08-16T23:00:00+00:00,Hampshire,Hants,0,5.0,"['Techno', 'Pop', 'Jazz', 'Hip Hop', 'Reggae']",
41408774,Boomtown,2026-08-12T11:00:00+00:00,2026-08-16T23:00:00+00:00,Hampshire,Hants,0,5.0,"['UK Garage', 'Drum and Bass', 'Folk', 'Disco', 'Reggae']",39.0
42414940,Borde Hill Summer Series (weekend tickets),2026-08-13T16:00:00+00:00,2026-08-15T22:30:00+00:00,West Sussex,Sussex,0,5.0,"['House', 'Drum and Bass', 'Pop', 'Soul', 'Indie Pop']",10.0
41770195,Ranch Jam Festival 2026,2026-08-14T09:00:00+00:00,2026-08-16T22:00:00+00:00,Leicester,Leicestershire,0,2.0,"['Acoustic', 'Country/Americana']",24.0
41496301,SOULTASIA Reading,2026-08-14T17:00:00+00:00,2026-08-14T22:30:00+00:00,Reading,Berkshire,0,4.0,"['R&B', 'Soul', 'Funk', 'Disco']",5.0
42326295,MK Weekender,2026-08-14T17:00:00+00:00,2026-08-15T23:00:00+00:00,Milton Keynes,Buckinghamshire,0,5.0,"['House', 'Old Skool', '1980s', 'Indie Pop', 'Orchestral']",23.0
42094278,LPT SEA Access,2026-08-14T17:00:00+00:00,2026-08-16T23:00:00+00:00,BRECHIN,Tayside,0,,,
41956367,Northampton Balloon Festival,2026-08-14T12:00:00+00:00,2026-08-16T22:30:00+00:00,Northampton,Northamptonshire,0,,,
42418173,Beach Fest Bournemouth,2026-08-14T15:00:00+00:00,2026-08-16T19:30:00+00:00,Bournemouth,Dorset,0,,,
41319616,SnugFest 2026 - Fell Foot Wood - Florentenes,2026-08-14T10:00:00+00:00,2026-08-16T11:00:00+00:00,Ulverston,Lancashire,0,5.0,"['Rock', 'Folk', 'Alternative', 'Punk', 'Spoken Word']",
42340063,Wild Within Women's Festival,2026-08-14T12:00:00+00:00,2026-08-16T15:00:00+00:00,Market Rasen,Lincolnshire,0,,,
42344155,WREXFEST 2026 - Early Bird Weekend Pass,2026-08-14T18:00:00+00:00,2026-08-16T03:00:00+00:00,Wrexham,Clwyd,0,4.0,"['Indie', 'Acoustic', 'Alternative', 'Experimental']",3.0
41356975,Marsh Tots,2026-08-14T12:00:00+00:00,2026-08-14T18:00:00+00:00,Old Romney,Kent,0,,,
42449880,Jurassic Fields,2026-08-14T11:00:00+00:00,2026-08-16T23:00:00+00:00,Bridport,Dorset,0,5.0,"['Rock', 'Indie', 'Alternative', 'Indie Pop', 'Pop Rock']",26.0
41780341,Country Calling,2026-08-14T11:00:00+00:00,2026-08-16T23:00:00+00:00,Chelmsford,Essex,0,1.0,['Country/Americana'],29.0
41839372,The Magpies Festival,2026-08-14T11:00:00+00:00,2026-08-15T23:00:00+00:00,York,Yorkshire,0,4.0,"['Folk', 'Swing', 'World Music', 'Country/Americana']",9.0
42412153,Big Weekender,2026-08-14T09:30:00+00:00,2026-08-16T17:30:00+00:00,Reading,Berkshire,0,,,
42084807,Vegan Camp Out,2026-08-14T11:00:00+00:00,2026-08-17T23:00:00+00:00,Newark,Nottingham,0,,,7.0
41923955,Ministry Of Sound Classical At Castle Howard,2026-08-15T14:00:00+00:00,2026-08-15T22:30:00+00:00,York,Yorkshire,0,5.0,"['House', 'Retro House', 'Club Classics', 'Orchestral', 'Soulful House']",6.0
41995756,Coloursfest 25th Anniversary 2026,2026-08-15T12:00:00+00:00,2026-08-16T23:00:00+00:00,Glasgow,Scotland,0,5.0,"['Trance', 'Hardcore/Hardstyle', 'Hard Trance', 'EDM', 'Hard Dance']",25.0
41652732,Norden Cricket Club Festival 2026,2026-08-15T12:00:00+00:00,2026-08-15T21:30:00+00:00,Rochdale,Manchester,0,,,
41371770,In the Park presents Lewis Capaldi,2026-08-15T16:00:00+00:00,2026-08-15T22:00:00+00:00,Liverpool,Merseyside,0,3.0,"['Pop', 'Indie', 'Indie Pop']",2.0
42368863,RNB MANIA | Sheffield's Outdoor Summer Festival,2026-08-15T15:00:00+00:00,2026-08-15T23:00:00+00:00,Sheffield,South Yorkshire,0,4.0,"['R&B', 'Hip Hop', '1990s', '2000s']",
42418168,Déjà vu Garden Party,2026-08-15T14:00:00+00:00,2026-08-15T23:00:00+00:00,Hull,Humberside,0,5.0,"['House', 'Tech House', 'Club Classics', 'Funky House', 'Disco House']",
42323781,SKINNY LIVING - Solid Ground Festival,2026-08-15T13:00:00+00:00,2026-08-15T23:00:00+00:00,Wakefield,West Yorkshire,0,,,1.0
42483677,Wilmslow,2026-08-15T11:30:00+00:00,2026-08-15T22:00:00+00:00,Wilmslow,Manchester,0,,,
42341939,Electric Dreams - By The Sea 15th AUG - South Queensferry,2026-08-15T14:00:00+00:00,2026-08-15T22:00:00+00:00,South Queensferry,Scotland,0,3.0,"['House', 'Techno', 'Disco']",5.0
42426993,BOOZéBRUNCH The Festival Dalkeith Country Park,2026-08-15T12:00:00+00:00,2026-08-15T18:30:00+00:00,Dalkeith ,Scotland,0,4.0,"['Club Classics', 'Disco', 'Nu Disco', 'Disco House']",2.0
42502027,Garage Republic Outdoor Festival 2026 | Binks Yard Nottingham,2026-08-15T14:00:00+00:00,2026-08-15T22:00:00+00:00,Nottingham,Nottingham,0,5.0,"['UK Garage', 'R&B', 'Bass Music', '1990s', '2000s']",8.0
42435117,Evesham Music Festival 2026,2026-08-15T12:00:00+00:00,2026-08-15T21:30:00+00:00,Evesham,Hereford and Worcester,0,,,
42256533,Cafe Mambo Ibiza Classics In The Park Festival,2026-08-15T12:00:00+00:00,2026-08-15T22:00:00+00:00,Reading,Berkshire,0,5.0,"['House', 'Deep House', 'Retro House', 'Tech House', 'Club Classics']",8.0
41468324,Haze Festival - Sat 15th Aug 2026,2026-08-15T14:00:00+00:00,2026-08-15T22:00:00+00:00,Coventry,West Midlands,0,5.0,"['UK Garage', 'R&B', 'Deep House', 'Reggae', 'Amapiano']",3.0
41309912,Sheffield Festival Of Reggae| Network 2026,2026-08-15T13:00:00+00:00,2026-08-16T00:00:00+00:00,Sheffield,South Yorkshire,0,1.0,['Reggae'],8.0
42349793,Out There .,2026-08-15T19:30:00+00:00,2026-08-16T02:00:00+00:00,Clitheroe,Lancashire,0,3.0,"['House', 'Acid House', 'Old Skool']",
42541724,SOLAIRE: Open Air,2026-08-15T14:00:00+00:00,2026-08-15T21:00:00+00:00,Inverness,Highland,0,,,
42409128,OVER 30's CLUB - Summer Open Air Festival - Freight Island,2026-08-15T15:00:00+00:00,2026-08-15T22:00:00+00:00,Manchester,Greater Manchester,0,3.0,"['Pop', '1990s', '2000s']",
42313901,Summer 90s Outdoor Festival - Junkyard Norwich,2026-08-15T15:00:00+00:00,2026-08-15T22:00:00+00:00,Norwich,Norfolk,0,1.0,['1990s'],
42578367,Energy 91 Garden Rave 2,2026-08-15T15:00:00+00:00,2026-08-15T22:00:00+00:00,Stalybridge,Manchester,0,2.0,"['House', 'Old Skool']",
42083708,Magic of Thailand Festival in Brighton,2026-08-15T10:00:00+00:00,2026-08-16T19:00:00+00:00,Brighton,Brighton and Hove,0,,,
42542905,Her Frequency Rooftop Party,2026-08-15T14:00:00+00:00,2026-08-15T22:00:00+00:00,Lincoln,Lincolnshire,0,2.0,"['House', 'Tech House']",
42266756,Allday Indie Indoor Festival - Leeds,2026-08-15T17:00:00+00:00,2026-08-15T22:00:00+00:00,Leeds,West Yorkshire,0,3.0,"['Indie', 'Nu Indie', 'Indie Pop']",
41778294,OrchardFest 2026,2026-08-15T14:00:00+00:00,2026-08-15T22:15:00+00:00,Lydbrook,Gloucestershire,0,2.0,"['Rock', 'Pop']",
42405065,Garden Rave,2026-08-15T12:00:00+00:00,2026-08-15T23:00:00+00:00,Nazeing,London,0,,,
42375013,R&B Lovers - Saturday 15th August - Athena Leicester,2026-08-15T17:00:00+00:00,2026-08-15T23:00:00+00:00,Leicester,Leicestershire,0,1.0,['R&B'],
42375007,R&B Lovers - Saturday 15th August - Mint Warehouse,2026-08-15T15:00:00+00:00,2026-08-15T22:00:00+00:00,Leeds,West Yorkshire,0,1.0,['R&B'],
42375011,R&B Lovers - Saturday 15th August - DEPOT Cardiff,2026-08-15T17:00:00+00:00,2026-08-15T23:00:00+00:00,Cardiff,South Glamorgan,0,1.0,['R&B'],
42323754,Frogfest Liverpool - 2026,2026-08-15T14:00:00+00:00,2026-08-16T02:00:00+00:00,Liverpool,Merseyside,0,4.0,"['Alternative', 'New Wave', 'Synth Pop', 'Alternative Pop']",2.0
41350767,Rock The Marshes,2026-08-15T12:00:00+00:00,2026-08-16T23:00:00+00:00,Old Romney,Kent,0,3.0,"['Rock', 'Drum and Bass', 'Country/Americana']",
42497260,The CourtYard Fest,2026-08-15T10:30:00+00:00,2026-08-15T22:30:00+00:00,Betley,Cheshire,1,1.0,['EDM'],
42516770,ProDog Beach Fest 2026,2026-08-15T09:00:00+00:00,2026-08-16T17:00:00+00:00,Weston-super-Mare,Bristol,0,,,
42585320,Original Culture Festival 2026,2026-08-15T14:00:00+00:00,2026-08-15T22:00:00+00:00,Bedford,Bedfordshire,0,5.0,"['R&B', 'Funky House', 'Dancehall', 'Hip Hop', 'Reggae']",10.0
42581531,GWT Night Market,2026-08-15T17:00:00+00:00,2026-08-15T23:00:00+00:00,Nottingham,Nottingham,0,5.0,"['Ska', 'African', 'Reggae', 'Afrobeat', 'Amapiano']",
42478005,The Searchers and Hollies Experience,2026-08-15T19:30:00+00:00,2026-08-15T22:00:00+00:00,Canterbury,Kent,0,,,
41598846,The Temple Newsam Food Festival 2026: A Summertime Feast,2026-08-15T10:00:00+00:00,2026-08-16T19:00:00+00:00,West Yorkshire,West Yorkshire,0,,,
42092278,Michael Bibi extended set on the Thames,2026-08-16T14:00:00+00:00,2026-08-16T23:00:00+00:00,Greenwich,London,0,3.0,"['House', 'Tech House', 'Electronic']",5.0
42146705,Raver Tots Outdoor Festival Milton Keynes,2026-08-16T12:00:00+00:00,2026-08-16T18:00:00+00:00,Milton Keynes,Buckinghamshire,0,,,11.0
41790311,The Garden @SEA,2026-08-16T12:00:00+00:00,2026-08-16T21:00:00+00:00,BRECHIN,Tayside,0,5.0,"['Alternative', 'Indie Pop', 'Electro', 'LGBTQ+', 'Alternative Pop']",2.0
42146703,Raver Tots Outdoor Festival Reading,2026-08-16T13:00:00+00:00,2026-08-16T18:00:00+00:00,Reading,Berkshire,0,,,11.0
42585447,original Family Festival 2026,2026-08-16T11:00:00+00:00,2026-08-16T19:00:00+00:00,Bedford,Bedfordshire,0,3.0,"['Pop', 'Acoustic', 'Reggae']",1.0
42330364,Sounds of the 60s with The Zoots,2026-08-17T19:30:00+00:00,2026-08-17T22:00:00+00:00,Swanage,Dorset,0,,,
41408986,ArcTanGent,2026-08-19T11:00:00+00:00,2026-08-23T23:00:00+00:00,Bristol,Bristol,0,4.0,"['Rock', 'Metal', 'Alternative', 'Experimental']",50.0
42171678,Himley Live 2026: The K-POP Festival Experience,2026-08-20T16:00:00+00:00,2026-08-20T19:30:00+00:00,Dudley,West Midlands,0,2.0,"['Pop', 'K-pop']",
41780651,Rock N Roll Circus Norwich,2026-08-20T11:00:00+00:00,2026-08-23T23:00:00+00:00,Norwich,Norfolk,0,2.0,"['Indie', 'Indie Pop']",28.0
42450005,110 Above,2026-08-20T11:00:00+00:00,2026-08-22T23:00:00+00:00,Atherstone,,0,4.0,"['Rock', 'Indie', 'Alternative', 'Pop Rock']",25.0
41978642,Sunrise Film Festival,2026-08-20T10:00:00+00:00,2026-08-23T23:00:00+00:00,Lowestoft,Norfolk,0,,,
41970844,Sunrise Film Festival,2026-08-20T10:00:00+00:00,2026-08-23T23:00:00+00:00,Lowestoft,Norfolk,0,,,
42432517,Trentham Live,2026-08-20T11:00:00+00:00,2026-08-23T23:00:00+00:00,"Stone Road, Stoke On",Staffordshire,0,3.0,"['Pop', 'Indie', 'Electronic']",7.0
41813866,We Out Here Festival,2026-08-20T11:00:00+00:00,2026-08-23T23:00:00+00:00,Wimborne,Dorset,0,3.0,"['Indie', 'Hip Hop', 'Electronic']",31.0
41398417,Green Man Festival,2026-08-20T11:00:00+00:00,2026-08-23T23:00:00+00:00,Crickhowell,Gwent,0,3.0,"['Indie', 'Alternative', 'Indie Pop']",50.0
41377765,A New Day Festival 2026,2026-08-21T11:30:00+00:00,2026-08-23T23:00:00+00:00,Faversham,Kent,0,4.0,"['Rock', '1970s', 'Hard Rock', 'Progressive Rock']",28.0
42330684,"Rob Lamberti presents: George Michael | Keel SQ, Sunderland",2026-08-21T19:00:00+00:00,2026-08-21T22:30:00+00:00,City Of Sunderland,Tyne and Wear,0,2.0,"['Pop', '1980s']",1.0
42459555,U Fest - Boxpark Wembley - Friday 21st August,2026-08-21T18:00:00+00:00,2026-08-21T23:00:00+00:00,Wembley,London,0,5.0,"['UK Garage', 'R&B', 'Hip Hop', 'Grime', '1990s']",
41956407,Ibiza Classics Richmond,2026-08-21T18:00:00+00:00,2026-08-21T22:00:00+00:00,Richmond,Surrey,0,3.0,"['House', 'EDM', 'Orchestral']",
42375497,Symphonic Ibiza Orchestra Bristol,2026-08-21T17:00:00+00:00,2026-08-21T22:30:00+00:00,Bristol,Bristol,0,2.0,"['House', 'Funky House']",1.0
41489031,The Darley Park Weekender 2026,2026-08-21T16:00:00+00:00,2026-08-21T23:00:00+00:00,Derby,Derbyshire,0,3.0,"['R&B', 'Pop', 'Soul']",3.0
41499775,Flocksteady Bleats 2026,2026-08-21T12:00:00+00:00,2026-08-23T22:30:00+00:00,Salisbury,Wiltshire,0,3.0,"['Ska', 'Punk', 'Reggae']",6.0
42332312,Phases Casa Nueva X Bunker,2026-08-21T20:00:00+00:00,2026-08-22T03:00:00+00:00,Nottingham,Nottingham,0,3.0,"['House', 'Deep House', 'Tech House']",
42511298,Field Maneuvers,2026-08-21T11:00:00+00:00,2026-08-23T23:00:00+00:00,Norwich,Norfolk,0,4.0,"['House', 'Techno', 'Electronic', 'EDM']",37.0
42434626,One Love Festival,2026-08-21T11:00:00+00:00,2026-08-22T23:00:00+00:00,Lewes,Brighton and Hove,0,1.0,['Reggae'],12.0
41783439,Beautiful Days Festival,2026-08-21T11:00:00+00:00,2026-08-23T23:00:00+00:00,Ottery Saint Mary,Devon,0,3.0,"['Rock', 'Indie', 'Alternative']",50.0
41621201,Tribfest 2026,2026-08-21T12:00:00+00:00,2026-08-23T23:45:00+00:00,Driffield,Yorkshire,0,,,
42146807,Flocksteady Bleats,2026-08-21T12:00:00+00:00,2026-08-23T22:30:00+00:00,Salisbury,Wiltshire,0,1.0,['Reggae'],
42321222,3 Wishes Fairy Festival,2026-08-21T10:00:00+00:00,2026-08-23T23:00:00+00:00,Wells,Avon,0,,,
41381840,FAC51 The Haçienda at Wollaton Hall - Nottingham,2026-08-22T13:00:00+00:00,2026-08-22T23:00:00+00:00,Nottingham,Nottingham,0,5.0,"['House', 'Acid House', 'Soul', 'Disco House', 'Soulful House']",8.0
41498381,Park Rock Richmond 2026,2026-08-22T12:00:00+00:00,2026-08-22T22:00:00+00:00,Richmond,Surrey,0,3.0,"['Rock', 'Pop', 'Covers Band/Tribute Act']",
41478095,Rockore 2026,2026-08-22T11:00:00+00:00,2026-08-22T22:30:00+00:00,Lochgelly,Fife,0,,,5.0
42263225,"CLAIRE RICHARDS, ETERNAL & MORE| Love the 90s Fest |Keel Square",2026-08-22T13:00:00+00:00,2026-08-22T22:30:00+00:00,City Of Sunderland,Tyne and Wear,0,1.0,['1990s'],13.0
42258141,Remember Them Dayz Fest - London - Boxpark Wembley,2026-08-22T18:00:00+00:00,2026-08-22T23:00:00+00:00,Wembley,London,0,5.0,"['Rap', 'Hip Hop', 'Grime', 'Afrobeat', 'Trap']",
41387582,Roe Green Cricket Club festival 2026,2026-08-22T12:00:00+00:00,2026-08-22T21:30:00+00:00,Worsley,Greater Manchester,0,,,
41777820,SOULTASIA - Bristol,2026-08-22T13:00:00+00:00,2026-08-22T22:30:00+00:00,Bristol,Bristol,0,4.0,"['R&B', 'Soul', 'Funk', 'Disco']",4.0
41735474,Himley Live 2026: The Groove Society,2026-08-22T13:30:00+00:00,2026-08-22T22:00:00+00:00,Dudley,West Midlands,0,5.0,"['House', 'Tech House', 'Disco', 'Orchestral', 'Disco House']",2.0
42262258,Banff Castle Rocks,2026-08-22T13:00:00+00:00,2026-08-22T23:00:00+00:00,Banff,Grampian,0,5.0,"['Rock', 'Pop', 'Indie', 'Country/Americana', 'Brit Pop']",4.0
42145793,Purple Disco Machine,2026-08-22T14:30:00+00:00,2026-08-22T22:00:00+00:00,London,London,0,2.0,"['Disco', 'Disco House']",4.0
41943022,Southbound Fest,2026-08-22T12:00:00+00:00,2026-08-23T22:00:00+00:00,Eastbourne,Brighton and Hove,0,5.0,"['House', 'Trance', 'Drum and Bass', 'Old Skool', 'EDM']",8.0
42081986,"NADINE COYLE & MORE | Pop Republic Fest | Freight Island, MCR",2026-08-22T14:00:00+00:00,2026-08-22T22:00:00+00:00,Manchester,Greater Manchester,0,3.0,"['Pop', '1990s', '2000s']",4.0
42521527,"Rum & Reggae | Binks Yard, Nottingham",2026-08-22T14:00:00+00:00,2026-08-22T22:00:00+00:00,Nottingham,Nottingham,0,5.0,"['Themed', 'Covers Band/Tribute Act', 'World Music', 'Reggae', 'Jungle']",
42267769,Paisley Music and Arts Street Festival,2026-08-22T12:00:00+00:00,2026-08-22T21:00:00+00:00,Paisley,Strathclyde,0,,,
42475431,Dubtendo Day Party - London,2026-08-22T13:00:00+00:00,2026-08-22T21:00:00+00:00,Lewisham,London,0,5.0,"['UK Garage', 'Drum and Bass', 'Bassline', 'Bass Music', 'Jungle']",8.0
42161482,Pulloxhill Events 2026 - Ellie Sax Presents Ibiza Anthems Live,2026-08-22T17:00:00+00:00,2026-08-23T00:00:00+00:00,Pulloxhill,Bedfordshire,0,5.0,"['House', 'Trance', 'Club Classics', 'Electro House', 'EDM']",3.0
42293596,Cheshire Fest 2026 | Live at Tatton Park,2026-08-22T12:00:00+00:00,2026-08-22T23:00:00+00:00,Cheshire,Cheshire,0,5.0,"['House', 'Deep House', 'Indie', 'Disco', 'Indie Pop']",11.0
42429795,Hifields 2026,2026-08-22T12:00:00+00:00,2026-08-23T00:00:00+00:00,Cambridge,Cambridge,0,5.0,"['House', 'Techno', 'Tech House', 'Minimal Techno', 'Minimal']",7.0
42254185,Signal Festival 2026,2026-08-22T12:00:00+00:00,2026-08-23T05:00:00+00:00,London,London,0,3.0,"['Drum and Bass', 'Dubstep', 'Jungle']",34.0
41736609,Back to the 80's Summer Tribute Festival with Martin Kemp,2026-08-22T15:00:00+00:00,2026-08-22T22:00:00+00:00,Chelmsford,Essex,0,1.0,['1980s'],1.0
41779593,Boxout Fest 2026 + SPECIAL GUESTS,2026-08-22T15:00:00+00:00,2026-08-23T23:30:00+00:00,Birmingham,Birmingham,0,4.0,"['R&B', 'Dancehall', 'Hip Hop', 'Afrobeat']",6.0
42569009,The Red Lion Garden Party,2026-08-22T12:30:00+00:00,2026-08-22T21:00:00+00:00,Stourbridge,West Midlands,0,3.0,"['Funky House', 'Disco', 'Soulful House']",1.0
42564700,NucleusFEST,2026-08-22T14:00:00+00:00,2026-08-23T20:00:00+00:00,Rochester,Kent,0,4.0,"['House', 'UK Garage', 'Pop', 'Pop Rock']",8.0
42083710,Magic of Thailand Festival in Manchester,2026-08-22T10:00:00+00:00,2026-08-23T19:00:00+00:00,Manchester,Greater Manchester,0,,,
42428345,Steel City Dancehall Festival 2026,2026-08-22T15:00:00+00:00,2026-08-22T22:00:00+00:00,Sheffield,South Yorkshire,0,5.0,"['R&B', 'Dancehall', 'Hip Hop', 'Reggae', 'Afrobeat']",4.0
42508175,4 Corners Day Party,2026-08-22T14:00:00+00:00,2026-08-22T22:00:00+00:00,Barking,London,0,5.0,"['UK Garage', 'R&B', 'Deep House', 'Tribal House', 'Afrobeat']",5.0
42364911,Donkey fest,2026-08-22T13:00:00+00:00,2026-08-23T00:00:00+00:00,Rochdale,Manchester,0,4.0,"['Rock', 'Pop', 'Indie', 'Acoustic']",
42085016,"LOUD and LOADED 2026 - Live Rock, Metal and Beer festival",2026-08-22T13:00:00+00:00,2026-08-22T23:30:00+00:00,Holmfirth,West Yorkshire,0,5.0,"['Rock', 'Metal', 'Grunge', 'Nu Metal', 'Progressive Rock']",1.0
42489601,R&B Lovers - Saturday 22nd August - Allerton Manor,2026-08-22T15:00:00+00:00,2026-08-22T22:00:00+00:00,Liverpool,Merseyside,0,1.0,['R&B'],
41956404,Rulebreakerz & Friendz Fest,2026-08-22T13:00:00+00:00,2026-08-22T23:00:00+00:00,Clacton-on-Sea,Essex,0,2.0,"['House', 'UK Garage']",
42326297,Slug Fest 2026,2026-08-22T15:00:00+00:00,2026-08-23T00:00:00+00:00,Wigan,Manchester,0,3.0,"['Rock', 'Indie', 'Disco']",
41455961,Rhythm & Rays Festival 2026,2026-08-22T12:00:00+00:00,2026-08-22T23:00:00+00:00,Somerset,Avon,1,5.0,"['Rock', 'Pop', 'Metal', 'Acoustic', 'Punk']",7.0
42323639,INJM Fest,2026-08-22T12:00:00+00:00,2026-08-22T22:00:00+00:00,Royston,Hertfordshire,1,3.0,"['Drum and Bass', 'Hard Trance', 'Jungle']",3.0
42443381,Jls Ticket,2026-08-22T04:00:00+00:00,2026-08-22T10:00:00+00:00,Derby,Derbyshire,0,1.0,['Pop'],1.0
42573190,R&B Lovers - Saturday 22nd Aug - Aruba Bournemouth,2026-08-22T17:00:00+00:00,2026-08-22T22:00:00+00:00,Bournemouth,Dorset,0,1.0,['R&B'],
42587393,Vegan Summer Reggae Jam,2026-08-22T10:00:00+00:00,2026-08-22T21:00:00+00:00,Wolverhampton,West Midlands,0,,,
42268249,RNB MANIA | Sunderland's R&B Festival!,2026-08-22T13:00:00+00:00,2026-08-22T22:30:00+00:00,City Of Sunderland,Tyne and Wear,0,3.0,"['R&B', 'Pop', '1990s']",
41490996,All Points East,2026-08-22T11:00:00+00:00,2026-08-30T23:00:00+00:00,London,London,0,4.0,"['Indie', 'Rap', 'Hip Hop', 'Alternative']",37.0
42511203,Hifields Festival,2026-08-22T11:00:00+00:00,2026-08-22T23:00:00+00:00,Cambridge,Cambridge,0,4.0,"['House', 'Techno', 'Electronic', 'EDM']",11.0
41783435,Rewind Festival South,2026-08-22T11:00:00+00:00,2026-08-23T23:00:00+00:00,"Henley-On-Thames, Ox",Berkshire,0,2.0,"['Pop', 'Soul']",19.0
42277222,"GirlyPop Fest | Keel Square, Sunderland",2026-08-23T12:00:00+00:00,2026-08-23T16:30:00+00:00,City Of Sunderland,Tyne and Wear,0,5.0,"['Pop', 'Themed', 'Acoustic', 'Covers Band/Tribute Act', 'Alternative Pop']",1.0
41735471,Himley Live 2026: Boots & Roots Festival,2026-08-23T12:00:00+00:00,2026-08-23T21:00:00+00:00,Dudley,West Midlands,0,1.0,['Country/Americana'],
42003445,Sundown Country Festival - Richmond,2026-08-23T12:00:00+00:00,2026-08-23T20:00:00+00:00,Richmond,Surrey,0,1.0,['Country/Americana'],
42146706,Raver Tots Outdoor Festival Bristol,2026-08-23T12:00:00+00:00,2026-08-23T18:00:00+00:00,Bristol,Bristol,0,,,13.0
42460020,The Prime Rave Chelmsford,2026-08-23T19:00:00+00:00,2026-08-24T02:00:00+00:00,Chelmsford,Essex,0,5.0,"['Trance', 'Drum and Bass', 'Techno', 'Dancehall', 'Afrobeat']",
41988597,Summer Festival in Oving,2026-08-25T11:00:00+00:00,2026-08-25T15:00:00+00:00,Aylesbury,Hertfordshire,0,,,
41652634,Rock en Seine,2026-08-26T11:00:00+00:00,2026-08-30T23:00:00+00:00,Paris,France,0,4.0,"['Rock', 'Indie', 'Alternative', 'Punk']",15.0
42423124,Vodafone at Reading Festival,2026-08-27T08:00:00+00:00,2026-08-30T23:00:00+00:00,Reading,Berkshire,0,5.0,"['House', 'Tech House', 'Pop', 'Indie', 'Rap']",
42423130,Vodafone at Leeds Festival,2026-08-27T08:00:00+00:00,2026-08-30T23:00:00+00:00,Wetherby,West Yorkshire,0,5.0,"['House', 'Tech House', 'Pop', 'Indie', 'Rap']",
41332366,Chargecandy at Creamfields,2026-08-27T08:00:00+00:00,2026-08-30T23:00:00+00:00,Cheshire,Cheshire,0,5.0,"['House', 'Drum and Bass', 'Techno', 'Tech House', 'EDM']",
41623587,Glastonferret 2026,2026-08-27T16:00:00+00:00,2026-08-30T23:45:00+00:00, Preston,Lancashire,0,5.0,"['Rock', 'Indie', 'Alternative', 'Punk', 'Electronic']",
42081946,Chargecandy at Lost Village,2026-08-27T08:00:00+00:00,2026-08-30T23:00:00+00:00,Norton Disney,Lincolnshire,0,,,
42414958,Hitchin Live at the Priory (weekend tickets),2026-08-27T16:00:00+00:00,2026-08-30T22:30:00+00:00,Hitchin,Hertfordshire,0,4.0,"['Drum and Bass', 'Pop', 'Indie', 'Electronic']",12.0
42509013,Robbers Dogs Growler Rally 2026,2026-08-27T12:00:00+00:00,2026-08-30T00:00:00+00:00,"Ellesmere Port, Ches",Cheshire,0,5.0,"['Rock', 'Blues', 'Folk', 'Alternative', 'Northern Soul']",1.0
42449896,Lost Village,2026-08-27T11:00:00+00:00,2026-08-30T23:00:00+00:00,Lincoln,Lincolnshire,0,3.0,"['House', 'Techno', 'Electronic']",50.0
41780094,Greenbelt Festival,2026-08-27T11:00:00+00:00,2026-08-30T23:00:00+00:00,Northamptonshire,Northamptonshire,0,2.0,"['Pop', 'Folk']",21.0
41414028,Reading Festival,2026-08-27T11:00:00+00:00,2026-08-30T23:00:00+00:00,Reading,Berkshire,0,5.0,"['Rock', 'Drum and Bass', 'Pop', 'Indie', 'Rap']",50.0
41636501,Shambala Festival,2026-08-27T11:00:00+00:00,2026-08-30T23:00:00+00:00,Northampton,Northamptonshire,0,3.0,"['Indie', 'Folk', 'Alternative']",48.0
41414023,Leeds Festival,2026-08-27T11:00:00+00:00,2026-08-30T23:00:00+00:00,Wetherby,West Yorkshire,0,5.0,"['Rock', 'Drum and Bass', 'Pop', 'Indie', 'Rap']",50.0
42490513,Sunshine Music Festival,2026-08-27T11:00:00+00:00,2026-08-30T23:00:00+00:00,Upton Upon Severn,Hereford and Worcester,0,5.0,"['Rock', 'Pop', 'Indie', 'Alternative', 'Electronic']",18.0
41994011,Tunes in the Park,2026-08-27T11:00:00+00:00,2026-08-30T23:00:00+00:00,England,Devon,0,4.0,"['Pop', 'Indie', 'Indie Pop', 'Pop Rock']",14.0
41779867,The Long Road,2026-08-27T11:00:00+00:00,2026-08-30T23:00:00+00:00,Leicestershire ,Leicestershire,0,1.0,['Country/Americana'],11.0
42250306,Beermageddon,2026-08-27T11:00:00+00:00,2026-08-30T23:00:00+00:00,Bromsgrove ,Birmingham,0,2.0,"['Metal', 'Hard Rock']",2.0
42000456,Manchester Village Pride 2026,2026-08-28T12:00:00+00:00,2026-09-01T06:00:00+00:00,Manchester,Greater Manchester,0,,,10.0
41309915,Goatfest 2026,2026-08-28T17:00:00+00:00,2026-08-30T23:00:00+00:00,Codicote ,Hertfordshire,0,,,11.0
42092999,"The Bootleg Beatles | Keel Square, Sunderland",2026-08-28T18:00:00+00:00,2026-08-28T22:30:00+00:00,City Of Sunderland,Tyne and Wear,0,2.0,"['Indie', 'Alternative']",2.0
41442630,Preston Summerfest 2026,2026-08-28T14:00:00+00:00,2026-08-31T00:00:00+00:00,Canterbury,Kent,0,5.0,"['House', 'Trance', 'Rock', 'Indie', 'Acoustic']",2.0
42364160,"Chelmsford Summer Series: Sugababes, Annie Mac, Melanie C (DJ)",2026-08-28T15:00:00+00:00,2026-08-28T22:00:00+00:00,Chelmsford,Essex,0,3.0,"['Pop', 'Brit Pop', 'Alternative Pop']",5.0
41363939,Weekend in the Woods,2026-08-28T12:00:00+00:00,2026-08-31T12:00:00+00:00,Podington,Northamptonshire,0,4.0,"['Hard House', 'Hardcore/Hardstyle', 'Old Skool', 'Jungle']",31.0
41970984,Dubs of Rock 2026,2026-08-28T09:00:00+00:00,2026-08-30T23:00:00+00:00,Leicester,Leicestershire,0,5.0,"['Metal', 'Alternative', 'Nu Metal', 'Emo', 'Hard Rock']",28.0
42486620,NBG Garden Party (16-18),2026-08-28T14:00:00+00:00,2026-08-28T22:00:00+00:00,Bristol,Bristol,0,2.0,"['Drum and Bass', 'Jungle']",7.0
41387428,T.H.E Truckers Tunes Ltd @ The Truck Show Barnard Castle,2026-08-28T13:00:00+00:00,2026-08-31T11:30:00+00:00,Barnard Castle,Durham,0,5.0,"['Old Skool', 'Electro House', 'Acoustic', 'Disco', 'Hard Dance']",
42527002,Sunset At The Manor | Pink Floyd Mega Laser Show | Kent,2026-08-28T18:00:00+00:00,2026-08-28T23:00:00+00:00,Herne Bay,Kent,0,,,
42077234,FarmFest 2026,2026-08-28T17:00:00+00:00,2026-08-31T23:00:00+00:00,Rickmansworth,Hertfordshire,0,5.0,"['Rock', 'Indie', 'Alternative', 'Punk', 'Post Rock']",5.0
41021285,The Beat Goes On Presents An Acid Barn Dance,2026-08-28T12:00:00+00:00,2026-08-31T14:00:00+00:00,Batcombe,Avon,1,2.0,"['Techno', 'Hard House']",
42138276,Lost Lake Festival,2026-08-28T12:00:00+00:00,2026-08-30T00:00:00+00:00,Barnstaple,Devon,1,5.0,"['House', 'Drum and Bass', 'Deep House', 'Funky House', 'Soulful House']",
42076891,Crownload 2026,2026-08-28T13:00:00+00:00,2026-08-30T23:45:00+00:00,Merthyr Tydfil,South Glamorgan,0,,,
42457038,Thunderfest,2026-08-28T19:30:00+00:00,2026-08-30T23:00:00+00:00,Bristol,Bristol,0,5.0,"['Rock', 'Indie', 'Acoustic', 'Alternative', 'Punk']",3.0
41907227,Bubz Fest,2026-08-28T10:00:00+00:00,2026-08-28T23:00:00+00:00,Hook,Berkshire,0,,,
42284766,Equinox Festival,2026-08-28T18:00:00+00:00,2026-08-29T03:00:00+00:00,Podington,Northamptonshire,0,4.0,"['Hard House', 'Hardcore/Hardstyle', 'Old Skool', 'Jungle']",10.0
41993843,BeCider Seaside 22,2026-08-28T10:00:00+00:00,2026-08-30T23:45:00+00:00,Bridport,Dorset,0,5.0,"['Rock', 'Soul', 'Funk', 'Alternative', 'Indie Pop']",5.0
42343004,Briggzfest 2026,2026-08-28T12:00:00+00:00,2026-08-30T23:00:00+00:00,Lewes,Brighton and Hove,0,5.0,"['House', 'UK Garage', 'Drum and Bass', 'Disco', 'Bassline']",
41474349,CarFest 2026,2026-08-28T10:00:00+00:00,2026-08-30T23:45:00+00:00,Northampton,Northamptonshire,0,1.0,['Pop Rock'],7.0
41652867,Maui Waui Festival,2026-08-28T11:00:00+00:00,2026-08-30T23:00:00+00:00,Thetford,Suffolk,0,3.0,"['Folk', 'Alternative', 'World Music']",15.0
42413650,Made in Manchester - Stockport,2026-08-28T11:00:00+00:00,2026-08-31T23:00:00+00:00,Stockport,Manchester,0,4.0,"['Rock', 'Pop', 'Covers Band/Tribute Act', 'Pop Rock']",9.0
42158864,Camper Calling,2026-08-28T11:00:00+00:00,2026-08-30T23:00:00+00:00,Alcester,Birmingham,0,4.0,"['Rock', 'Pop', 'Indie Pop', 'Pop Rock']",41.0
42447810,Carfest,2026-08-28T11:00:00+00:00,2026-08-30T23:00:00+00:00,Northampton,Northamptonshire,0,5.0,"['Rock', 'Pop', 'Indie', 'Alternative', 'Electronic']",15.0
42507395,Krankenhaus Festival,2026-08-28T11:00:00+00:00,2026-08-30T23:00:00+00:00,Ravenglass,Cumbria,0,4.0,"['Rock', 'Indie', 'Alternative', 'Electronic']",17.0
41622993,Victorious Festival,2026-08-28T11:00:00+00:00,2026-08-30T23:00:00+00:00,Southsea,Hampshire,0,5.0,"['House', 'Pop', 'Indie', 'Indie Pop', 'Pop Rock']",50.0
41780081,Shrewsbury Folk Festival,2026-08-28T11:00:00+00:00,2026-08-31T23:00:00+00:00,Shrewsbury,Shropshire,0,,,17.0
41599151,The Big Feastival,2026-08-28T11:00:00+00:00,2026-08-30T23:00:00+00:00,Kingham,Oxon,0,5.0,"['House', 'Rock', 'Pop', 'Indie', 'Indie Pop']",28.0
42136641,The Libertines - Hitchin Live at the Priory,2026-08-29T14:00:00+00:00,2026-08-29T22:30:00+00:00,Hitchin,Hertfordshire,0,3.0,"['Rock', 'Indie', 'Punk']",4.0
42155992,Dreamland Jouvert X,2026-08-29T12:00:00+00:00,2026-08-29T20:00:00+00:00,Godstone,Sussex,0,1.0,['World Music'],
42329113,Chelmsford Summer Series 2026: Mcfly,2026-08-29T13:00:00+00:00,2026-08-29T22:00:00+00:00,Chelmsford,Essex,0,4.0,"['Brit Pop', 'Pop Rock', 'Pop Punk', 'Alternative Pop']",4.0
41350919,Noughty 90's Festival Newcastle 2026,2026-08-29T12:00:00+00:00,2026-08-29T22:00:00+00:00,Newcastle Upon Tyne,Tyne and Wear,0,3.0,"['Trance', 'Pop', 'Bounce']",25.0
41333313,Blackpool Cricket Club Festival 2026,2026-08-29T12:00:00+00:00,2026-08-29T21:30:00+00:00,Blackpool,Lancashire,0,,,
41330461,Cheltenham Tribute Festival 2026,2026-08-29T12:00:00+00:00,2026-08-29T22:00:00+00:00,Cheltenham,Gloucestershire,0,,,
42124643,"ARMAND VAN HELDEN, SOSA & MORE | Groovebox Keel SQ Summer Fest",2026-08-29T13:00:00+00:00,2026-08-29T22:30:00+00:00,City Of Sunderland,Tyne and Wear,0,2.0,"['Tech House', 'Disco House']",4.0
42332767,Road to Nashville Outdoor Festival | SteelYard,2026-08-29T14:00:00+00:00,2026-08-29T23:00:00+00:00,Sheffield,South Yorkshire,0,1.0,['Country/Americana'],2.0
41997747,Bournefest 2026,2026-08-29T14:00:00+00:00,2026-08-30T21:30:00+00:00,Eastbourne,Brighton and Hove,0,5.0,"['House', 'UK Garage', 'Old Skool', '1990s', '2000s']",19.0
41499211,Country Club - Outdoor Country Music Festival - Cardiff,2026-08-29T15:00:00+00:00,2026-08-29T22:00:00+00:00,Cardiff,South Glamorgan,0,1.0,['Country/Americana'],
42447238,Nashdown - Country Music Festival,2026-08-29T13:00:00+00:00,2026-08-29T22:30:00+00:00,Lingfield,Sussex,0,1.0,['Country/Americana'],
42422339,"DJ SAMMY & MORE | Love the 90s Fest | Winter Garden, Blackpool",2026-08-29T14:00:00+00:00,2026-08-29T22:30:00+00:00,Blackpool,Lancashire,0,1.0,['1990s'],5.0
42405851,Country Club - Outdoor Country Music Festival - London,2026-08-29T14:00:00+00:00,2026-08-29T22:00:00+00:00,Canning Town,London,0,1.0,['Country/Americana'],
41643819,R&B Lovers - Saturday 29th August - Luna Spring,2026-08-29T15:00:00+00:00,2026-08-30T00:00:00+00:00,Birmingham,Birmingham,0,1.0,['R&B'],
42141620,Summer Outdoor Garage Festival - Wheelers Farm Chelmsford,2026-08-29T14:00:00+00:00,2026-08-29T22:00:00+00:00,Chelmsford,Essex,0,1.0,['UK Garage'],3.0
42322144,Back To The 90s - Summer Outdoor Festival - Manchester,2026-08-29T15:00:00+00:00,2026-08-29T23:00:00+00:00,Manchester,Greater Manchester,0,,,
42459735,Good Vibes Only. 29th & 30th August 2026.,2026-08-29T13:00:00+00:00,2026-08-31T00:30:00+00:00,Cheltenham,Gloucestershire,0,5.0,"['Breaks', 'Drum and Bass', 'Hip Hop', 'Reggae', 'Jungle']",11.0
42470288,90's & 00's Nation presents SED Festival,2026-08-29T14:30:00+00:00,2026-08-29T23:00:00+00:00,Southend-on-Sea,Essex,0,4.0,"['House', 'UK Garage', 'Old Skool', 'Club Classics']",2.0
41350909,Walsall Pride 2026,2026-08-29T11:00:00+00:00,2026-08-29T18:00:00+00:00,Walsall,West Midlands,0,,,11.0
42517248,"Spangled X Rough Tempo -TNA, Nu:Elementz - Azza + Grima, P Money",2026-08-29T14:00:00+00:00,2026-08-29T22:00:00+00:00,Southend-on-Sea,Essex,0,1.0,['Drum and Bass'],4.0
42489513,R&B Lovers - Summer Outdoor Festival - Sat 29th Aug - Bristol,2026-08-29T14:00:00+00:00,2026-08-29T22:00:00+00:00,Bristol,Bristol,0,1.0,['R&B'],
42448226,PURE R&B - Summer Outdoor Day Party Cardiff - August 29th,2026-08-29T15:00:00+00:00,2026-08-29T22:30:00+00:00,Cardiff,South Glamorgan,0,5.0,"['R&B', 'Dancehall', 'Rap', 'Hip Hop', 'Soul']",
41916307,Madisons 90s Festival,2026-08-29T12:00:00+00:00,2026-08-29T23:00:00+00:00,Workington,Cumbria,0,3.0,"['House', 'Retro House', 'Old Skool']",1.0
42000182,Weeley Tribute Festival 2026,2026-08-29T13:00:00+00:00,2026-08-29T22:00:00+00:00,Clacton-on-Sea,Essex,0,,,2.0
41988578,Girls Like R&B x Binks Yard Nottingham,2026-08-29T15:00:00+00:00,2026-08-29T22:00:00+00:00,Nottingham,Nottingham,0,1.0,['R&B'],
41911404,Cosmic Vibration Festival III,2026-08-29T00:00:00+00:00,2026-08-30T23:30:00+00:00,Sheffield,South Yorkshire,0,4.0,"['Metal', 'Punk', 'Death Rock', 'Hard Rock']",5.0
42527003,Sunset At The Manor | Ibiza Classics BBQ | Kent,2026-08-29T17:00:00+00:00,2026-08-29T23:00:00+00:00,Herne Bay,Kent,0,,,
41608621,Live At The Queens Fest,2026-08-29T00:00:00+00:00,2026-08-30T01:00:00+00:00,Bridlington,Yorkshire,0,5.0,"['Rock', 'Indie', 'Acoustic', 'Alternative', 'Experimental']",
42289227,Epidemik in the Woods,2026-08-29T12:00:00+00:00,2026-08-30T03:00:00+00:00,Podington,Northamptonshire,0,4.0,"['Hard House', 'Hardcore/Hardstyle', 'Old Skool', 'Jungle']",14.0
42502807,Rum & Reggae Chester,2026-08-29T11:00:00+00:00,2026-08-29T21:00:00+00:00,Chester,Cheshire,0,2.0,"['Dancehall', 'Reggae']",4.0
42497955,Summer Garage Rooftop Rave - Saturday 29th August - Birmingham,2026-08-29T15:00:00+00:00,2026-08-29T22:00:00+00:00,Birmingham,Birmingham,0,1.0,['UK Garage'],
42570963,Tik-Tech VIIII,2026-08-29T15:00:00+00:00,2026-08-30T03:00:00+00:00,Lincoln,Lincolnshire,0,2.0,"['Techno', 'Hardcore/Hardstyle']",
42569015,Crewe Rocks,2026-08-29T00:00:00+00:00,2026-08-30T01:30:00+00:00,Crewe,Cheshire,0,3.0,"['Rock', 'Indie', 'Electronic']",
42339853,Foodies Festival 2026 - Oxford,2026-08-29T12:00:00+00:00,2026-08-31T21:00:00+00:00,Oxford,Oxon,0,,,3.0
42367639,RNB MANIA | Leeds' Outdoor R&B Festival,2026-08-29T15:00:00+00:00,2026-08-29T21:00:00+00:00,Leeds,West Yorkshire,0,4.0,"['R&B', 'Hip Hop', '1990s', '2000s']",
42472680,HITOP Tv - The Blueprint Rave Festival Experience - DARTFORD,2026-08-29T15:00:00+00:00,2026-08-30T03:00:00+00:00,Dartford,Kent,0,,,1.0
42313386,Forwards - Bristol,2026-08-29T11:00:00+00:00,2026-08-30T23:00:00+00:00,Bristol,Bristol,0,3.0,"['Indie', 'Alternative', 'Indie Pop']",11.0
41778472,Appetite On The Farm,2026-08-29T11:00:00+00:00,2026-08-30T23:00:00+00:00,Brentwood,Essex,0,,,
41573692,Stonedead Festival,2026-08-29T11:00:00+00:00,2026-08-29T23:00:00+00:00,Newark,Nottingham,0,3.0,"['Rock', 'Metal', 'Alternative']",3.0
42477541,The Searchers and Hollies Experience,2026-08-29T19:30:00+00:00,2026-08-29T22:00:00+00:00,Twickenham,Surrey,0,,,
42162753,Roseshire Festival,2026-08-29T11:00:00+00:00,2026-08-30T23:00:00+00:00,Little Irchester,Northamptonshire,0,4.0,"['Pop', 'Indie', 'Indie Pop', 'Pop Rock']",12.0
41598853,The Graves Park Food and Drink Festival 2026: A Summertime Feast,2026-08-29T10:00:00+00:00,2026-08-31T19:00:00+00:00,Sheffield,South Yorkshire,0,,,
42569368,Roseshire Festival,2026-08-29T11:00:00+00:00,2026-08-30T23:00:00+00:00,Wellingborough,Northamptonshire,0,2.0,"['Indie', 'Indie Pop']",12.0
41747918,MKF Festival,2026-08-29T11:00:00+00:00,2026-08-30T23:00:00+00:00,Milton Keynes,Buckinghamshire,0,5.0,"['Rock', 'Indie', 'Metal', 'Alternative', 'Emo']",21.0
42171055,New World 2026 ft. Craig David | Chelmsford Central Park,2026-08-30T13:00:00+00:00,2026-08-30T22:00:00+00:00,Chelmsford,Essex,0,5.0,"['UK Garage', 'R&B', 'Pop', 'Grunge', 'Brit Pop']",9.0
41773595,Road to Nashville Outdoor Festival | Keel Square,2026-08-30T12:00:00+00:00,2026-08-30T22:30:00+00:00,City Of Sunderland,Tyne and Wear,0,1.0,['Country/Americana'],1.0
42577129,KOMPND Carnival,2026-08-30T15:00:00+00:00,2026-08-30T23:00:00+00:00,Salford,Manchester,0,5.0,"['R&B', 'Dancehall', 'Hip Hop', 'Afrobeat', 'Amapiano']",
42270594,Off Grid Festival: Chapter One,2026-08-30T12:00:00+00:00,2026-08-30T23:00:00+00:00,Sutton Coldfield,Birmingham,0,4.0,"['House', 'UK Garage', 'Drum and Bass', 'Electronic']",10.0
41770198,Allday Indie Outdoor Festival - Manchester,2026-08-30T15:00:00+00:00,2026-08-30T22:00:00+00:00,Manchester,Greater Manchester,0,3.0,"['Indie', 'Nu Indie', 'Indie Pop']",
42332669,FAC51 The Haçienda Open Air - Birmingham,2026-08-30T13:00:00+00:00,2026-08-30T23:00:00+00:00,Birmingham,Birmingham,0,5.0,"['House', 'Acid House', 'Soul', 'Disco House', 'Soulful House']",6.0
41939804,Party In Acklam Park,2026-08-30T12:00:00+00:00,2026-08-30T21:30:00+00:00,Middlesbrough,Cleveland,0,4.0,"['Rock', '1990s', '2000s', 'Brit Pop']",5.0
42300670,Monton Soul & Pop festival,2026-08-30T12:00:00+00:00,2026-08-30T21:00:00+00:00,Manchester,Greater Manchester,0,5.0,"['Drum and Bass', 'Pop', 'Soul', 'Disco', 'Big Beat']",4.0
42342274,"DJ SAMMY & MORE | Love the 90s Fest | Prospect Building, Bristol",2026-08-30T13:00:00+00:00,2026-08-30T22:00:00+00:00,Bristol,Bristol,0,1.0,['1990s'],9.0
42329468,RNB MANIA | Lincoln's R&B Festival,2026-08-30T15:00:00+00:00,2026-08-30T22:00:00+00:00,Lincoln,Lincolnshire,0,4.0,"['R&B', 'Hip Hop', '1990s', '2000s']",
42366959,RNB MANIA | Derby's R&B Festival,2026-08-30T16:00:00+00:00,2026-08-30T23:00:00+00:00,Derby,Derbyshire,0,4.0,"['R&B', 'Hip Hop', '1990s', '2000s']",
41643820,R&B Lovers - Sunday 30th August - Wheelers Farm Chelmsford,2026-08-30T15:00:00+00:00,2026-08-30T22:00:00+00:00,Chelmsford,Essex,0,1.0,['R&B'],
41438112,Proper Fest 2026,2026-08-30T11:00:00+00:00,2026-08-30T22:00:00+00:00,Clacton-on-Sea,Essex,0,,,10.0
42314723,iFest 2026 - 10 Year Anniversary,2026-08-30T13:00:00+00:00,2026-08-30T22:00:00+00:00,Crawley,Sussex,0,,,
42470237,Ibiza Terrace Party 2026,2026-08-30T14:00:00+00:00,2026-08-30T22:00:00+00:00,Cleckheaton,West Yorkshire,0,5.0,"['House', 'Deep House', 'Retro House', 'Tech House', 'Funky House']",2.0
42437697,State of Mind - The Launch,2026-08-30T14:00:00+00:00,2026-08-31T02:00:00+00:00,Liverpool,Merseyside,0,4.0,"['House', 'Old Skool', 'Club Classics', 'Funky House']",6.0
42098293,Swingfest 2026,2026-08-30T15:00:00+00:00,2026-08-31T04:00:00+00:00,Hull,Humberside,0,3.0,"['Club Classics', '1990s', '2000s']",
42470297,Mr Shaw Reminisce Bank Holiday August 30th - 2026,2026-08-30T13:00:00+00:00,2026-08-30T23:45:00+00:00,Derby,Derbyshire,0,5.0,"['Old Skool', 'Funky House', '1990s', 'Disco House', 'Soulful House']",
42527004,Sunset At The Manor | 80s Greatest Hits BBQ | Kent,2026-08-30T17:00:00+00:00,2026-08-30T23:00:00+00:00,Herne Bay,Kent,0,,,
42447128,Ibiza Radio 1 Ibiza Festival @ Swigg Swansea,2026-08-30T13:00:00+00:00,2026-08-30T23:45:00+00:00,Swansea,West Glamorgan,0,5.0,"['House', 'Deep House', 'Old Skool', 'Funky House', 'Soulful House']",
42399452,Annual Beatles Convention Day 2026,2026-08-30T11:00:00+00:00,2026-08-30T23:45:00+00:00,Liverpool,Merseyside,0,,,
42284767,Lazy Sunday Festival,2026-08-30T12:00:00+00:00,2026-08-31T03:00:00+00:00,Podington,Northamptonshire,0,4.0,"['Hard House', 'Hardcore/Hardstyle', 'Old Skool', 'Jungle']",11.0
42141586,LegendsLive Festival 2026,2026-08-30T12:00:00+00:00,2026-08-30T22:00:00+00:00,Greenwich,London,1,3.0,"['Rock', 'Pop', 'Indie']",7.0
41464327,Party In Y Parc 2026,2026-08-30T12:00:00+00:00,2026-08-30T22:00:00+00:00,Holyhead,Clwyd,1,,,3.0
41638166,Darlington Trackfest,2026-08-30T12:00:00+00:00,2026-08-30T23:00:00+00:00,Darlington,Durham,1,,,
42542908,Push The Daytime,2026-08-30T14:00:00+00:00,2026-08-30T22:00:00+00:00,York,Yorkshire,0,4.0,"['House', 'Retro House', 'Club Classics', 'Funky House']",
42284776,"KEPLER, LUUK VAN DIJK & MORE |MUZAK & Groovebox Mansfield",2026-08-30T13:00:00+00:00,2026-08-30T23:00:00+00:00,Mansfield,Nottingham,0,5.0,"['House', 'Techno', 'Tech House', 'Disco', 'Minimal']",3.0
41778485,Emerge Music Festival Belfast,2026-08-30T11:00:00+00:00,2026-08-30T23:00:00+00:00,Belfast,Northern Ireland,0,1.0,['Techno'],11.0
42513153,MarkFest VIII,2026-08-30T16:00:00+00:00,2026-08-30T23:45:00+00:00,Mark,Somerset,0,5.0,"['Pop', 'Indie', 'Acoustic', '2000s', 'Indie Pop']",
41499439,Party In Y Parc 2026,2026-08-31T12:00:00+00:00,2026-08-31T23:00:00+00:00,Holyhead,Clwyd,0,,,3.0
42078028,"Family Fest ft. K-Pop Live | Keel Square, Sunderland",2026-08-31T11:00:00+00:00,2026-08-31T20:00:00+00:00,City Of Sunderland,Tyne and Wear,0,5.0,"['Themed', 'World Music', 'K-pop', 'J-pop', 'Alternative Pop']",1.0
42146704,Raver Tots Outdoor Festival Southend,2026-08-31T12:00:00+00:00,2026-08-31T18:00:00+00:00,Southend-on-Sea,Essex,0,,,8.0
42498725,Raver Tots x Garage Nation Festival,2026-08-31T13:00:00+00:00,2026-08-31T18:00:00+00:00,Southend-on-Sea,Essex,0,2.0,"['UK Garage', 'Drum and Bass']",
41466681,LIDO Festival,2026-08-31T11:00:00+00:00,2026-08-31T23:00:00+00:00,London,London,0,3.0,"['R&B', 'Pop', 'Electronic']",5.0
