event_name,venue_name,venue_postcode,start,end
Bredy Reunion,Bredy Farm,DT6 4ND,2026-07-09 10:00:00+00:00,2026-07-11 23:45:00+00:00
Bradford Literature Festival,University Of Bradford,BD7 1DP,2026-07-09 09:00:00+00:00,2026-07-09 22:00:00+00:00
British Summer Time,"The Hyde Park, St Neots",PE19 1AJ,2026-06-27 11:00:00+00:00,2026-07-12 23:00:00+00:00
Eskfest,The Woolpack Inn,CA19 1TH,2026-07-09 11:00:00+00:00,2026-07-11 23:00:00+00:00
2000trees Festival,Upcote Farm,GL54 4bl,2026-07-08 12:00:00+00:00,2026-07-11 23:00:00+00:00
Gosport Sunset Festival 2026,Walpole Park,PO12 1NH,2026-07-09 15:30:00+00:00,2026-07-12 23:00:00+00:00
Into the Woods festival 2026,Piercefield Park,NP16 6BE,2026-07-10 12:00:00+00:00,2026-07-11 23:45:00+00:00
90s & 00s Nation Summer Fest,Harrow Lodge Park,RM12 4PL,2026-07-10 16:00:00+00:00,2026-07-10 23:00:00+00:00
Shut The Funk Up,THE GRANGE,KT113QJ,2026-07-10 12:00:00+00:00,2026-07-12 23:00:00+00:00
90s Fest 2026,Don Valley Bowl,S9 5DP,2026-07-10 17:00:00+00:00,2026-07-12 23:00:00+00:00
"Hopfest 2026 - Preston Grasshoppers Beer, Gin and Music Festival",Preston Grasshoppers Rugby Football Club,PR4 0AP,2026-07-10 16:00:00+00:00,2026-07-11 23:00:00+00:00
Rock the Castle - Weekender,Flint Castle,CH6 5NG,2026-07-10 17:30:00+00:00,2026-07-11 22:30:00+00:00
In the Park Newcastle presents Paul Weller,Exhibition Park,NE2 4PZ,2026-07-10 17:00:00+00:00,2026-07-10 22:00:00+00:00
Secret Garden Series with Chicane,The Hobbit Pub,SO14 0JZ,2026-07-10 18:00:00+00:00,2026-07-10 23:00:00+00:00
Sound Factory Festival,Depo Plymouth,PL1 3LU,2026-07-10 17:00:00+00:00,2026-07-12 02:00:00+00:00
Cheadle Carnival Presents Dance Fest!,Tean Road Recreation Ground,ST10 1LG,2026-07-10 17:00:00+00:00,2026-07-10 23:00:00+00:00
District 11,Babylon Farm,DE55 4NG,2026-07-10 16:00:00+00:00,2026-07-11 23:45:00+00:00
Mario Bakuna Band - Live @Buxton International Festival 2026,Buxton Opera House,SK17 6XN,2026-07-10 20:00:00+00:00,2026-07-10 21:15:00+00:00
Tiree Music Festival,Crossapol,PA77 6UP,2026-07-10 11:00:00+00:00,2026-07-12 23:00:00+00:00
Freerotation,BASKERVILLE HALL,HR3 5LE,2026-07-10 11:00:00+00:00,2026-07-12 23:00:00+00:00
"Mostly Jazz, Funk and Soul Festival",Moseley Park,B13 8DD,2026-07-10 11:00:00+00:00,2026-07-12 23:00:00+00:00
Boogietown 2026,Apps Court Farm,KT12 2EG,2026-07-11 12:00:00+00:00,2026-07-11 22:30:00+00:00
Lost Minds,Exhibition Park,NE2 4PZ,2026-07-11 11:00:00+00:00,2026-07-11 23:00:00+00:00
Essex Summer Fest,Harrow Lodge Park,RM12 4QU,2026-07-11 12:00:00+00:00,2026-07-12 22:30:00+00:00
Fisher 2026 | Silverworks Island,Silverworks Island,E16 2BU,2026-07-11 14:00:00+00:00,2026-07-11 22:30:00+00:00
Summer Sound Music Festival,Guisborough Rugby Club,TS14 7BB,2026-07-11 12:00:00+00:00,2026-07-12 18:00:00+00:00
Livefields Festival 2026,Oakwell Hall Country Park,WF17 9LG,2026-07-11 12:00:00+00:00,2026-07-11 23:00:00+00:00
Hits On The Pitch 2026,Manchester Rugby Club,SK8 7NB,2026-07-11 12:00:00+00:00,2026-07-11 23:00:00+00:00
Alsager Music Festival 2026,Milton Park Alsager,ST7 2ES,2026-07-11 12:00:00+00:00,2026-07-11 21:00:00+00:00
Kaleidoscope Festival 2026,Alexandra Park And Palace,N22 7AY,2026-07-11 13:00:00+00:00,2026-07-11 22:30:00+00:00
"CLAIRE RICHARDS, LOUISE & MORE| Love the 90s Festival |Dreamland",Dreamland,CT9 1XJ,2026-07-11 17:00:00+00:00,2026-07-11 22:30:00+00:00
Derby Music Festival 2026  - A Great Family Day Out!,Elvaston Castle Country Park,DE72 3EP,2026-07-11 12:00:00+00:00,2026-07-11 22:00:00+00:00
Road to Nashville Outdoor Festival | Project House | SOLD OUT,Project House,LS12 2DR,2026-07-11 12:00:00+00:00,2026-07-11 21:00:00+00:00
WN30 - Wigan Reunion (30+ Event),The Dome Wigan,WN2 2DZ,2026-07-11 15:00:00+00:00,2026-07-11 22:00:00+00:00
Analog & House Emporium 'SUMMER OUTDOOR ALL DAYER',The Mulberry Farnham,GU9 8AD,2026-07-11 14:00:00+00:00,2026-07-11 23:00:00+00:00
D-Fest 2026,Dunvant Rugby Football Club,SA2 7RU,2026-07-11 13:00:00+00:00,2026-07-11 23:45:00+00:00
Southsea Thai Food and Craft Festival,Southsea Common Portsmouth PO5 3LR,PO5 3LR,2026-07-11 10:00:00+00:00,2026-07-12 19:00:00+00:00
Dance at the Billy '26,"The King William, Warmley, Bristol, BS30 8BL",BS308SB,2026-07-11 13:00:00+00:00,2026-07-11 23:00:00+00:00
Taste Of Thailand Music And Food Festival,Town Park Runcorn,WA7 6PT,2026-07-11 10:00:00+00:00,2026-07-12 19:00:00+00:00
Beer & Cider Summer Festival,Five Ways Old Edwardians Sports Club,B48 7BD,2026-07-11 14:00:00+00:00,2026-07-11 23:30:00+00:00
Country Nights Country Hoedown 2026. Live Music & Line Dancing,Easton Farm Park,IP13 0EQ,2026-07-11 17:00:00+00:00,2026-07-11 23:45:00+00:00
SOLACE. Golden Hours Into After Dark // PART TWO,The Brewery Tap,LU1 3ET,2026-07-11 14:00:00+00:00,2026-07-12 03:00:00+00:00
Hubble Bubble Sound Bazar Festival,The Yard MCR,M8 8NF,2026-07-11 16:00:00+00:00,2026-07-12 01:00:00+00:00
Shinefest,Nice N Sleazys,G2 3LG,2026-07-11 15:00:00+00:00,2026-07-11 22:00:00+00:00
Derby Music Festival 2026 - Parking,Elvaston Castle Country Park,DE72 3EP,2026-07-11 10:00:00+00:00,2026-07-11 22:00:00+00:00
Inn Fest 2026,"The New Inn, North Thoresby",DN36 5QS,2026-07-11 12:00:00+00:00,2026-07-11 22:00:00+00:00
Love Afrobeats & Bashment :: Rooftop Day Party,Brixton Storeys,SW9 8HH,2026-07-11 16:00:00+00:00,2026-07-11 22:00:00+00:00
Hartbeat Music Festival VIP Area,"Hartham Common, Hertford",SG13 7AH,2026-07-11 12:00:00+00:00,2026-07-11 21:00:00+00:00
Moor Fest,Bradford Moor Golf Club,BD2 4RW,2026-07-11 13:00:00+00:00,2026-07-12 01:00:00+00:00
Festwich Tribute Festival,Heaton Park,M25 0EQ,2026-07-11 11:00:00+00:00,2026-07-12 23:00:00+00:00
FixFest,Delapre Abbey,NN4 8AW,2026-07-11 11:00:00+00:00,2026-07-11 23:00:00+00:00
Tiësto 2026 | Silverworks Island,Silverworks Island,E16 2BU,2026-07-12 15:00:00+00:00,2026-07-12 22:00:00+00:00
Electric Heart Surrey,Apps Court Farm,KT12 2EG,2026-07-12 14:00:00+00:00,2026-07-12 22:30:00+00:00
"GirlyPop X K-Pop Festival | Dreamland, Margate",Dreamland,CT9 1XJ,2026-07-12 12:00:00+00:00,2026-07-12 17:00:00+00:00
Allday Indie Summer Outdoor Beach Festival - Brighton,Central Park Brighton Seafront,BN2 1FY,2026-07-12 17:00:00+00:00,2026-07-12 22:00:00+00:00
In the Park Newcastle presents Wolf Alice,Exhibition Park,NE2 4PZ,2026-07-12 17:00:00+00:00,2026-07-12 22:00:00+00:00
Angel Fest 26,Bar Fibre,LS1 6LY,2026-07-12 12:00:00+00:00,2026-07-13 02:00:00+00:00
On The Beach 2026: Thursday- Fatboy Slim,Brighton Beach,BN2 1TW,2026-07-16 14:00:00+00:00,2026-07-16 22:00:00+00:00
HebCelt 2026,Lews Castle Green,HS2 0XP,2026-07-16 17:00:00+00:00,2026-07-18 23:30:00+00:00
Prog For Peart - The 6th year,The Northcourt Abingdon United,OX14 1PL,2026-07-16 18:30:00+00:00,2026-07-19 02:00:00+00:00
The Wild Gardens Festival,Port Eliot Estate,PL12 5ND,2026-07-16 11:00:00+00:00,2026-07-19 23:00:00+00:00
Beat-Herder Festival,The Beat Herder Festival Ground,BB7 4ls,2026-07-16 11:00:00+00:00,2026-07-19 23:00:00+00:00
The Searchers and Hollies Experience,"Guildhall Arts Centre, UK",NG31 6PZ,2026-07-16 19:30:00+00:00,2026-07-16 22:00:00+00:00
On The Beach 2026: Friday - Fatboy Slim,Brighton Beach,BN2 1TW,2026-07-17 13:00:00+00:00,2026-07-17 22:30:00+00:00
Maid of Stone 2026,Mote Park,ME15 7RN,2026-07-17 13:00:00+00:00,2026-07-19 22:00:00+00:00
Craic by the Creek 2026,Whitebottom Farm,SK6 5JQ,2026-07-17 12:00:00+00:00,2026-07-19 23:45:00+00:00
Back Doune The Rabbit Hole 2026,Cardross Estate,FK8 3JY,2026-07-17 15:00:00+00:00,2026-07-19 23:45:00+00:00
Fields Of Gold Summer Festival 2026,Tameside Stadium,OL7 9HG,2026-07-17 12:00:00+00:00,2026-07-18 22:00:00+00:00
Sunset Groove Festival 2026,Thorpe Meadows,DN17 4BF,2026-07-17 17:00:00+00:00,2026-07-19 22:30:00+00:00
Wytwoods Festival,Robin Hill Advenutre Park,PO30 2NU,2026-07-17 15:00:00+00:00,2026-07-19 03:00:00+00:00
Lost Groove Festival 2026,Lost Groove 2026,SP11 8AT,2026-07-17 16:00:00+00:00,2026-07-19 14:00:00+00:00
Campfire Country Music Festival,Charlton Park,SN16 9RU,2026-07-17 15:00:00+00:00,2026-07-17 22:00:00+00:00
Foodies Festival 2026 - Winchester,"River Park Leisure Centre, Winchester",SO23 7DD,2026-07-17 12:00:00+00:00,2026-07-19 21:00:00+00:00
Rock n Ribs Festival,Bath And West Show Ground,BA4 6QN,2026-07-17 11:00:00+00:00,2026-07-19 23:00:00+00:00
Dornoch Music Festival,The Meadows Field,IV25 3SF,2026-07-17 11:00:00+00:00,2026-07-18 23:00:00+00:00
Ventnor Fringe,Ventnor Exchange,PO38 1SW,2026-07-17 09:00:00+00:00,2026-07-26 23:45:00+00:00
Nozstock The Hidden Valley,Rowden Paddocks,HR7 4LS,2026-07-17 11:00:00+00:00,2026-07-18 23:00:00+00:00
Christchurch Music Festival,Christchurch Quay,BH23 1BZ,2026-07-17 16:00:00+00:00,2026-07-19 20:00:00+00:00
On The Beach 2026:  Saturday - Fatboy Slim,Brighton Beach,BN2 1TW,2026-07-18 13:00:00+00:00,2026-07-18 22:30:00+00:00
Solihull Summer Fest 2026,Tudor Grange Park Solihull,B91 3LU,2026-07-18 11:00:00+00:00,2026-07-19 22:30:00+00:00
Bassfest Summer Festival 2026,Don Valley Bowl,S9 5DP,2026-07-18 11:00:00+00:00,2026-07-19 22:00:00+00:00
As One in the Park 2026, Walpole Park Mattock Lane London W5 5EQ,W5 5EQ,2026-07-18 12:00:00+00:00,2026-07-18 22:00:00+00:00
Soul Disco Society,Beacon Park,WS13 6QZ,2026-07-18 12:00:00+00:00,2026-07-18 23:00:00+00:00
"Rum & Reggae 2026 | The Prospect Building, Bristol",The Prospect Building,BS2 0QD,2026-07-18 14:00:00+00:00,2026-07-18 22:00:00+00:00
Priory Live Festival,Priory Gardens,BR6 0HH,2026-07-18 12:30:00+00:00,2026-07-18 22:30:00+00:00
Northampton Big Family Day Out,Northampton Casuals RUFC,NN4 7AA,2026-07-18 12:00:00+00:00,2026-07-18 22:00:00+00:00
Girls Like R&B x Binks Yard Nottingham,Binks Yard,NG2 3BJ,2026-07-18 15:00:00+00:00,2026-07-18 22:00:00+00:00
"DOUGIE POYNTER & MORE | Pop Republic Fest | SteelYard, Sheffield",SYSheffield (Steel Yard),S3 8AS,2026-07-18 13:00:00+00:00,2026-07-18 23:00:00+00:00
AllDay Musicals - Sat 18th July - Freight island - Manchester,Freight Island,M1 2PZ,2026-07-18 15:00:00+00:00,2026-07-18 21:00:00+00:00
Tribute On The Hill 2026,The Spitfire Pub,ME19 4AU,2026-07-18 13:00:00+00:00,2026-07-18 21:30:00+00:00
The Ship Open Air,The Ship,CM2 8LB,2026-07-18 14:00:00+00:00,2026-07-18 22:00:00+00:00
Hopskotch Summer Series: Part II,Aynsley Mill ,ST3 1HZ,2026-07-18 14:00:00+00:00,2026-07-18 22:30:00+00:00
One Day In The Park [25 Years of Melting Pot],Queen's Park Arena Bandstand,G42 8QR,2026-07-18 17:00:00+00:00,2026-07-18 22:30:00+00:00
Summer Of Love UKG & R&B Summer Outdoor Day Party Cardiff,Lo Lounge,CF10 4GA,2026-07-18 15:00:00+00:00,2026-07-18 22:00:00+00:00
Day Fever Summer Music Event Abercynon RFC,Abercynon Rugby Football Club,CF45 4RU,2026-07-18 13:00:00+00:00,2026-07-18 21:00:00+00:00
R&B Lovers -  Summer Outdoor Beach Festival - Central Park,Central Park,BN2 1FY,2026-07-18 14:00:00+00:00,2026-07-18 22:00:00+00:00
"House on the Docks with Wiley, SUPA D & many more",Eutopia Whs,IG11 0DW,2026-07-18 15:00:00+00:00,2026-07-18 23:00:00+00:00
Leeds Pride Festival - Freedom Party,Leeds Pride Main Stage,Ls1 6LY,2026-07-18 13:00:00+00:00,2026-07-18 22:00:00+00:00
Grime Day Festival,Sector 57,B5 5TR,2026-07-18 13:00:00+00:00,2026-07-18 20:00:00+00:00
Silverburn Streetfood Festival SSFF,Silverburn Park,KY8 5PU,2026-07-18 12:00:00+00:00,2026-07-19 21:30:00+00:00
Taste Of Thailand Music And Food Festival,West Park Wolverhampton,WV1 4PW,2026-07-18 10:00:00+00:00,2026-07-19 19:00:00+00:00
BeatMasters Outdoor Music Festival,Charlton Park,SN16 9RU,2026-07-18 12:00:00+00:00,2026-07-18 22:00:00+00:00
Mini Traco Fest 2026,Aldershot Traction Club,GU11 3NE,2026-07-18 14:00:00+00:00,2026-07-18 19:00:00+00:00
Summer Bash 8,Facebar Reading,RG1 7JE,2026-07-18 13:00:00+00:00,2026-07-18 23:00:00+00:00
Xcstasy Jouvert Soca Festival 2026,Modern Park,SM4 5HE,2026-07-18 13:00:00+00:00,2026-07-18 21:00:00+00:00
Baytech at Mambo,Mambo,TA1 1LN,2026-07-18 13:00:00+00:00,2026-07-18 21:00:00+00:00
Festival,"The Halfway House, England",NE42 6JF,2026-07-18 13:00:00+00:00,2026-07-18 22:00:00+00:00
We Are Wirral,Birkenhead Park,CH41 4HY,2026-07-18 11:00:00+00:00,2026-07-19 23:00:00+00:00
Family Music Festival,We Are Wirral,CH43 4TS,2026-07-18 11:00:00+00:00,2026-07-19 22:00:00+00:00
Splendour Festival,Wollaton Park,NG8 2AE,2026-07-18 11:00:00+00:00,2026-07-19 23:00:00+00:00
Cheese and Chilli Festival,"Shalford Park, Guildford",GU4 8BL,2026-07-18 10:00:00+00:00,2026-07-19 18:00:00+00:00
On The Beach 2026: Sunday - Fatboy Slim,Brighton Beach,BN2 1TW,2026-07-19 13:00:00+00:00,2026-07-19 22:30:00+00:00
Northampton Country Music Festival,Northampton Casuals RUFC,NN4 7AA,2026-07-19 12:00:00+00:00,2026-07-19 22:00:00+00:00
We Love it Outdoor Tribute Festival Malmsbury - July 2026,Charlton Park Estate,SN16 9LL,2026-07-19 12:00:00+00:00,2026-07-19 22:00:00+00:00
Leeds Pride Festival - Dance Arena,Under The Arches,LS1 6LY,2026-07-19 14:00:00+00:00,2026-07-20 04:00:00+00:00
Folk By The Oak,Hatfield House,AL9 5HX,2026-07-19 11:00:00+00:00,2026-07-19 23:00:00+00:00
On The Beach 2026: Madness presents Madrophenia [EXTRA DATE],Brighton Beach,BN2 1TW,2026-07-23 15:00:00+00:00,2026-07-23 22:00:00+00:00
Feast On Bristol 2026,The Downs Bristol,BS9 1FG,2026-07-23 17:00:00+00:00,2026-07-26 19:00:00+00:00
Club Class Luxury Pass at Truck Festival,Hill Farm,OX13 6SW,2026-07-23 08:00:00+00:00,2026-07-26 23:00:00+00:00
Vodafone at Latitude Festival,Henham Park,NR34 8AN,2026-07-23 08:00:00+00:00,2026-07-26 23:00:00+00:00
Truck Festival,"Hill Farm , Steventon Oxfordshire",OX13 6SW,2026-07-23 11:00:00+00:00,2026-07-26 23:00:00+00:00
Rock Oyster Festival,Dinham House ,PL27 6RH,2026-07-23 11:00:00+00:00,2026-07-26 23:00:00+00:00
Campo Sancho,Walkern Hall Walkern Stevenage SG2,SG2 7HZ,2026-07-23 11:00:00+00:00,2026-07-26 23:00:00+00:00
Northants Rocks,Northants Rocks,NN9 5EJ,2026-07-23 11:00:00+00:00,2026-07-26 23:00:00+00:00
The George Harrison Project,The Muni Theatre,BB8 0AE,2026-07-23 19:30:00+00:00,2026-07-23 22:00:00+00:00
Latitude Festival,Henham Park,NR34 8AN,2026-07-23 11:00:00+00:00,2026-07-26 23:00:00+00:00
On The Beach 2026: Madness presents Madrophenia,Brighton Beach,BN2 1TW,2026-07-24 14:00:00+00:00,2026-07-24 22:30:00+00:00
Rock The Mote 2026,Mote Park,ME15 7RN,2026-07-24 17:00:00+00:00,2026-07-26 22:00:00+00:00
Hedex Presents: My Home Is The Rave Festival,Boston Manor Park,TW8 9JX,2026-07-24 14:00:00+00:00,2026-07-24 22:00:00+00:00
Offal Fest 2026,Boundary,M15 6AD,2026-07-24 17:00:00+00:00,2026-07-26 23:00:00+00:00
Together Again Festival 2026,Bolesworth Castle,CH3 9HQ,2026-07-24 09:00:00+00:00,2026-07-26 23:45:00+00:00
Doncaster Balloon Festival,Town Field Doncaster,DN1 2JR,2026-07-24 12:00:00+00:00,2026-07-25 22:00:00+00:00
Symphonic Ibiza Orchestra | Lichfield Concert,Beacon Park Lichfield,WS13 6RA,2026-07-24 17:00:00+00:00,2026-07-24 23:00:00+00:00
Together Again Festival 2026: Exclusive Offers,Bolesworth Castle,CH3 9HQ,2026-07-24 12:00:00+00:00,2026-07-26 23:45:00+00:00
Beacon Park Tribute Festival 2026,Beacon Park Lichfield,WS13 6RA,2026-07-24 17:00:00+00:00,2026-07-26 22:00:00+00:00
Beach Fest Skegness 2026,Skegness Beach,PE25 2UQ,2026-07-24 12:00:00+00:00,2026-07-26 21:00:00+00:00
Peaceful World Festival 2026,The Vegan Castle,TA7 9DH,2026-07-24 12:00:00+00:00,2026-07-26 23:45:00+00:00
Lazydays Festival 2026,Priory Park,SS2 6BN,2026-07-24 14:00:00+00:00,2026-07-26 20:00:00+00:00
Crystal Soul Weekender 2026,Coach House Hotel Flint Cross,SG8 7PN,2026-07-24 14:00:00+00:00,2026-07-26 12:00:00+00:00
Live at Melbourne Hall - Jo Whiley's 90s Anthems,Melbourne Hall,DE73 8EN,2026-07-24 17:00:00+00:00,2026-07-24 23:00:00+00:00
Bournemouth Reggae Weekender 2026,Kings Park Bournemouth BH7 6JF,BH7 6JF,2026-07-24 18:00:00+00:00,2026-07-26 22:00:00+00:00
Boho Festival 2026,Millview Glamping And Events,NG138HT,2026-07-24 15:00:00+00:00,2026-07-27 01:00:00+00:00
SeekOut Arts & Music Festival,Gisburn Forest,BB7 4TS,2026-07-24 13:00:00+00:00,2026-07-26 13:00:00+00:00
Hammerdown Festival 2026,The Factory Live,BN14 8BX,2026-07-24 17:30:00+00:00,2026-07-26 22:00:00+00:00
Gadabout Festival,High Hall Farm,CA49SG,2026-07-24 11:00:00+00:00,2026-07-25 23:00:00+00:00
Tramlines,Hillsborough Park,S6 4HD,2026-07-24 11:00:00+00:00,2026-07-26 23:00:00+00:00
Blue Reef Festival,Loddington Farm Ltd,ME17 4AG,2026-07-24 11:00:00+00:00,2026-07-25 23:00:00+00:00
Hayrock Tribute Festival,Haydock Park Racecourse,WA12 0HQ,2026-07-24 09:00:00+00:00,2026-07-26 23:00:00+00:00
Chiddfest,Nash Street Chiddingly BN27 4AA,BN27 4AA,2026-07-24 11:00:00+00:00,2026-07-26 23:00:00+00:00
Deer Shed Festival,Baldersby Park,YO7 3BZ,2026-07-24 11:00:00+00:00,2026-07-26 23:00:00+00:00
GlastonBARRY Juniors Festival,Romilly Park,CF62 6RN,2026-07-24 11:00:00+00:00,2026-07-24 23:00:00+00:00
The George Harrison Project,Lancaster Grand Theatre,LA1 1NL,2026-07-24 19:30:00+00:00,2026-07-24 22:00:00+00:00
Steelhouse Festival,Hafod Y Dafal,NP13 2ER,2026-07-24 11:00:00+00:00,2026-07-26 23:00:00+00:00
Landed Festival,Landed Festival,LD1 6HF,2026-07-24 11:00:00+00:00,2026-07-26 23:00:00+00:00
Valhalla Viking Festival,"Dummer Down Farm, Basingstoke",RG25 2AR,2026-07-24 10:00:00+00:00,2026-07-26 23:45:00+00:00
KISSTORY On Blackheath 2026,Blackhealth Common,SE10 8QY,2026-07-25 13:00:00+00:00,2026-07-25 22:00:00+00:00
"OnTheBeach LIVE: The Maccabees, Editors, Miles Kane, Anna Calvi",Brighton Beach,BN2 1TW,2026-07-25 13:00:00+00:00,2026-07-25 22:30:00+00:00
Debdale Park Sports Club Music Festival,Debdale Sports And Recreation Club,NG19 7NS,2026-07-25 12:00:00+00:00,2026-07-25 21:30:00+00:00
Forsaken Forest Festival BTID Clubland,Camelot,PR7 5LP,2026-07-25 13:00:00+00:00,2026-07-25 22:00:00+00:00
Picnic and Pop Festival,Manor Park,GU12 4LU,2026-07-25 12:00:00+00:00,2026-07-26 20:00:00+00:00
Country Club - Outdoor Country Music Festival - Manchester,Freight Island,M1 2PZ,2026-07-25 15:00:00+00:00,2026-07-25 22:00:00+00:00
The House & Vocal Disco Festival,Wilmslow Phoenix Sports Club,SK9 4HP,2026-07-25 12:00:00+00:00,2026-07-25 23:00:00+00:00
Back To The 90s - Summer Outdoor Festival - Birmingham,Luna Springs Digbeth ,B9 4AG,2026-07-25 13:00:00+00:00,2026-07-26 00:00:00+00:00
Chesterfield Music Festival 2026  - A Great Family Day Out!,Chesterfield Panthers Rugby Football Club,S41 9BF,2026-07-25 12:00:00+00:00,2026-07-25 22:00:00+00:00
"Rum & Reggae 2026 | Project House, Leeds",Project House,LS12 2DR,2026-07-25 12:00:00+00:00,2026-07-25 21:00:00+00:00
RNB MANIA | Wakefield's Outdoor R&B Festival,Tileyard North,WF1 5FY,2026-07-25 15:00:00+00:00,2026-07-25 22:00:00+00:00
Fell Out Boy & Black Charade | Revolve Festival | SY Sheff,SYSheffield (Steel Yard),S3 8AS,2026-07-25 14:00:00+00:00,2026-07-25 23:00:00+00:00
"Rum & Reggae Fest | The Hangar, Norwich",The Hangar,NR3 1QA,2026-07-25 14:00:00+00:00,2026-07-25 21:00:00+00:00
Suited and Booted 2026,The Hayes Sports Partnership,B389EL,2026-07-25 12:00:00+00:00,2026-07-25 21:30:00+00:00
The House That Ash Built 2026,The Millers Pond,SO19 8FQ,2026-07-25 14:00:00+00:00,2026-07-25 23:00:00+00:00
4Four Bassline - Birmingham Open-Air Rooftop Rave,XOYO,B9 4AG,2026-07-25 16:00:00+00:00,2026-07-25 22:00:00+00:00
Salisbury Live Summer Extravaganza,Victoria Park Salisbury,SP1 3NE,2026-07-25 14:00:00+00:00,2026-07-25 23:00:00+00:00
"Junction 2 x fabric: Nina Kraviz, Jeff Mills",Boston Manor Park,TW8 9JX,2026-07-25 14:00:00+00:00,2026-07-25 22:00:00+00:00
Magic of Thailand Festival in Guildford,Stoke Park Guildford,GU1 1ER,2026-07-25 10:00:00+00:00,2026-07-26 19:00:00+00:00
Tunsfest 2026,The Three Tuns Sutton Coldfield,B72 1XS,2026-07-25 12:00:00+00:00,2026-07-25 23:45:00+00:00
RNP Fest 2026,"Golden Lion, Fallings Park",WV10 0RH,2026-07-25 13:00:00+00:00,2026-07-25 21:00:00+00:00
Summer Outdoor 80s Tribute Festival - Cardiff,Tiger Yard,CF10 4GA,2026-07-25 15:00:00+00:00,2026-07-25 22:00:00+00:00
RNB MANIA | Hertford's R&B Festival,"Dog And Whistle, Hertford",SG14 1AB,2026-07-25 15:00:00+00:00,2026-07-25 23:00:00+00:00
"AG FEST 2026, London",Copthall Playing Fields,NW4 1PS,2026-07-25 12:00:00+00:00,2026-07-25 22:00:00+00:00
Big Rave,Middle World Farms,LN4 1AQ,2026-07-25 12:00:00+00:00,2026-07-26 00:00:00+00:00
Judge Jules @ Daisy Shake - Ibiza Day Rave,The Pear Tree Hotel,DE5 3HR,2026-07-25 14:00:00+00:00,2026-07-25 23:00:00+00:00
A Summer Cookout 2026,The Carlton Club Manchester,M16 8BE,2026-07-25 12:00:00+00:00,2026-07-26 02:00:00+00:00
Newcastle Pride Arena 2026, Times Square Scotswood Road Newcastle Upon Tyne NE1 4E,NE1 4EP,2026-07-25 12:00:00+00:00,2026-07-26 23:00:00+00:00
"CUE - Together Again Festival w. Gaskin, Robbie Doherty & more",Bolesworth Castle,CH3 9HQ,2026-07-25 14:00:00+00:00,2026-07-26 02:00:00+00:00
Ealing Jazz Festival 2026,Walpole Park,W5 5qe,2026-07-25 13:00:00+00:00,2026-07-26 22:30:00+00:00
NØCTILEX Festival,Bee Noir,M3 5EN,2026-07-25 18:00:00+00:00,2026-07-26 04:00:00+00:00
Pawfest,Cf381bh,CF381bh,2026-07-25 12:00:00+00:00,2026-07-25 22:00:00+00:00
Live at Melbourne Hall - Lightning Seeds,Melbourne Hall,DE73 8EN,2026-07-25 15:00:00+00:00,2026-07-25 23:00:00+00:00
ITG Festival,Whitehaven Rugby League Football Club,CA28 9DD,2026-07-25 15:00:00+00:00,2026-07-26 00:00:00+00:00
R&B Lovers Outdoor Festival - Sat 25th July - The Buttermarket,The Buttermarket,SY1 2LF,2026-07-25 15:00:00+00:00,2026-07-25 22:00:00+00:00
Taste Of Thailand Music And Food Festival,Earlham Park  Norwich,NR4 7TQ,2026-07-25 10:00:00+00:00,2026-07-26 19:00:00+00:00
The Northern Soul All Festival,The Bramley Social,L3 0AP,2026-07-25 13:00:00+00:00,2026-07-25 23:45:00+00:00
Breakin Science Summer Underground | Jungle Mania | D&B Classics,Eutopia Warehouse,IG11 0DW,2026-07-25 14:00:00+00:00,2026-07-25 22:00:00+00:00
State of it Pt.4 Containment Weekender!,The Charles Bradlaugh,NN1 3AU,2026-07-25 15:00:00+00:00,2026-07-26 22:00:00+00:00
Early Doors at Peggy's 25th July,Peggy Mccools,WA2 7NW,2026-07-25 12:00:00+00:00,2026-07-25 23:30:00+00:00
AfroParkFest 2026,Middleton Pavillion,MK10 9AD,2026-07-25 12:00:00+00:00,2026-07-25 22:00:00+00:00
Asylum Uprising metal fest,The Asylum Nightclub,HU67RX,2026-07-25 15:00:00+00:00,2026-07-25 23:15:00+00:00
Rewind (Day Party at Mambo),Mambo,TA1 1LN,2026-07-25 15:00:00+00:00,2026-07-25 22:00:00+00:00
OVER 30's CLUB - Daytime Clubbing - Digital Newcastle,Digital Newcastle,NE1 4EP,2026-07-25 15:00:00+00:00,2026-07-25 20:00:00+00:00
DNB360 & Noise Enforcement -ONE DAY OUTDOOR FESTIVAL Stourbridge,Waxey Gordons,DY9 8ER,2026-07-25 14:00:00+00:00,2026-07-26 02:00:00+00:00
Alex Fest,Alexandra Arms,BN22 7SA,2026-07-25 11:00:00+00:00,2026-07-26 23:00:00+00:00
Pig Fest,Kew Little Pigs Farm Ltd,HP7 0HR,2026-07-25 11:00:00+00:00,2026-07-25 19:00:00+00:00
Scare Taxi play at Alive at the Barn 2026,The Barn Theatre,BN42 4TE,2026-07-25 18:00:00+00:00,2026-07-25 23:00:00+00:00
Tidal Gathering Tribute Festival,Adur Recreation Ground,BN43 5LT,2026-07-25 11:00:00+00:00,2026-07-26 23:00:00+00:00
Canada Water presents Round The Dock,Canada Water Culture Space,SE16 7AR,2026-07-25 10:00:00+00:00,2026-07-26 20:00:00+00:00
The Sounds of the 80s show with The Zoots,The Barn,OX11 7AD,2026-07-25 19:30:00+00:00,2026-07-25 22:00:00+00:00
GlastonBARRY Tribute Festival,Romilly Park,CF62 6RN,2026-07-25 11:00:00+00:00,2026-07-26 23:00:00+00:00
The George Harrison Project,The Brindley,WA7 1BG,2026-07-25 19:30:00+00:00,2026-07-25 22:00:00+00:00
Castle Park Live,Castle Park Frodsham WA6,WA6 6SE,2026-07-25 11:00:00+00:00,2026-07-25 23:00:00+00:00
Suited and Booted Festival,Hayes Playing Fields,B38 9EL,2026-07-25 11:00:00+00:00,2026-07-25 23:00:00+00:00
On The Beach 2026: Moby,Brighton Beach,BN2 1TW,2026-07-26 14:00:00+00:00,2026-07-26 22:30:00+00:00
Chesterfield Country Music Festival,Chesterfield Panthers RUFC,S41 9BF,2026-07-26 12:00:00+00:00,2026-07-26 22:00:00+00:00
Heritage Live: UB40 featuring Ali Campbell,Englefield Estate,RG7 5DZ,2026-07-26 13:00:00+00:00,2026-07-26 22:30:00+00:00
Next Act Festival,ARTCH Studios,PR1 8SD,2026-07-26 15:00:00+00:00,2026-07-26 21:00:00+00:00
Live at Melbourne Hall - The Shires,Melbourne Hall,DE73 8EN,2026-07-26 14:00:00+00:00,2026-07-26 23:00:00+00:00
Drum Cupboard Takeover Festival IV,MK11 LIVE MUSIC VENUE,MK11 3LH,2026-07-26 12:30:00+00:00,2026-07-26 20:00:00+00:00
RNBLAND - Manchester's Biggest RnB Summer Day Festival (1000 RNB,Six Trees,M17 1BN,2026-07-26 16:00:00+00:00,2026-07-26 22:00:00+00:00
It's Our House LDN: PRESSURE SUMMER DAY PARTY @Nagshall Farm,Nags Hall Farm,RH9 8DB,2026-07-26 12:00:00+00:00,2026-07-26 22:00:00+00:00
Roots Market,Sector 57,B5 5TR,2026-07-26 14:00:00+00:00,2026-07-26 23:00:00+00:00
Pig Chill,Kew Little Pigs Farm Ltd,HP7 0HR,2026-07-26 11:00:00+00:00,2026-07-26 19:00:00+00:00
"Junction 2: Adam Beyer, Miss Monique, Indo Warehouse",Boston Manor Park,TW8 9JX,2026-07-26 14:00:00+00:00,2026-07-26 22:00:00+00:00
Petworth Summer Festival - Coffee Concert - Bossa Nova,Sofas And Stuff   Fittleworth,RH20 1ER,2026-07-28 12:00:00+00:00,2026-07-28 13:00:00+00:00
Belladrum Tartan Heart Festival 2026,Belladrum Estate,IV4 7BA,2026-07-30 12:00:00+00:00,2026-08-01 23:00:00+00:00
Club Class Luxury Pass at Y Not Festival,Y Not Festival,DE4 2PH,2026-07-30 08:00:00+00:00,2026-08-02 23:00:00+00:00
Valley Fest,The Community Farm,BS40 8SZ,2026-07-30 09:00:00+00:00,2026-08-02 01:00:00+00:00
Breakout Festival 2026,Cox Heath Farm,SA62 5YH,2026-07-30 15:00:00+00:00,2026-08-02 23:45:00+00:00
Chargecandy at Belladrum Tartan Heart,Belladrum Estate,IV4 7BA,2026-07-30 11:00:00+00:00,2026-08-01 23:00:00+00:00
Vodafone at Kendal Calling,Lowther Deer Park,CA10 2DY,2026-07-30 08:00:00+00:00,2026-08-02 23:00:00+00:00
Vodafone at Wilderness,Cornbury Park,OX7 3EH,2026-07-30 08:00:00+00:00,2026-08-02 23:00:00+00:00
Vodafone at Camp Bestival,Lulworth Castle,BH20 5QS,2026-07-30 08:00:00+00:00,2026-08-02 23:00:00+00:00
Kendal Calling,Lowther Deer Park,CA10 2DY,2026-07-30 11:00:00+00:00,2026-08-02 23:00:00+00:00
App Fest,HILLWORTH FARM,GL20 6AX,2026-07-30 11:00:00+00:00,2026-08-02 23:00:00+00:00
Outcider Festival,Fernhill Farm,BS40 6LD,2026-07-30 11:00:00+00:00,2026-08-02 23:00:00+00:00
Cambridge Rock Festival,Ben's Yard,CB7 5TL,2026-07-30 11:00:00+00:00,2026-08-02 23:00:00+00:00
Camp Bestival - Dorset,Lulworth Castle,BH20 5QS,2026-07-30 10:00:00+00:00,2026-08-02 23:00:00+00:00
Wilderness Festival,Cornbury Park,OX7 3EH,2026-07-30 10:00:00+00:00,2026-08-02 23:00:00+00:00
Y Not Festival,Pikehall,DE4 2xx,2026-07-30 10:00:00+00:00,2026-08-02 23:00:00+00:00
The Green Gathering,Piercefield Park,NP16 6BE,2026-07-30 11:00:00+00:00,2026-08-02 23:00:00+00:00
Reggae Land 2026,The National Bowl,MK5 8AA,2026-07-31 16:00:00+00:00,2026-08-02 22:30:00+00:00
Burna Boy LIVE at The Milton Keynes National Bowl,The National Bowl,MK5 8AA,2026-07-31 16:00:00+00:00,2026-07-31 23:00:00+00:00
Clubland By The Sea,Seaton Reach,TS25 1XN,2026-07-31 15:00:00+00:00,2026-07-31 23:00:00+00:00
The Sound of West End Musicals - Feast Live,Clifton Downs,BS91FG,2026-07-31 17:30:00+00:00,2026-07-31 22:00:00+00:00
Supersonic Weekender,Cattows Farm,LE67 2TD,2026-07-31 09:00:00+00:00,2026-08-02 23:00:00+00:00
Arbroath Fest,Inchcape Park,DD11 1PZ,2026-07-31 11:00:00+00:00,2026-08-01 22:00:00+00:00
Effy & Mall Grab Present: Frangrance,Boston Manor Park,TW8 9JX,2026-07-31 14:00:00+00:00,2026-07-31 22:00:00+00:00
Notsilly weekender,"Secret LEICESTERSHIRE Location, LE12",LE12 7BB,2026-07-31 12:00:00+00:00,2026-08-03 12:00:00+00:00
Hillbilly Hootenanny 2026,The Music Baa,SP5 4LP,2026-07-31 12:00:00+00:00,2026-08-02 22:30:00+00:00
Mandala Sounds Rituals,Network Sheffield 14 16 Matilda Street S14qd,S1 4qd,2026-07-31 22:00:00+00:00,2026-08-01 05:00:00+00:00
Kawson Sacka Afrobeat Live,The Printworks Hastings,TN34 1HA,2026-07-31 21:00:00+00:00,2026-08-01 02:00:00+00:00
Styal Craft Beer Fest 2026,Wilmslow Phoenix Sports Club,SK9 4HP,2026-07-31 15:00:00+00:00,2026-08-01 23:00:00+00:00
Good Vibrations Society,Pippingford Park,TN22 3HW,2026-07-31 11:00:00+00:00,2026-08-02 23:00:00+00:00
Stowaway Festival,Blackpit Brewery,MK18 5LJ,2026-07-31 11:00:00+00:00,2026-08-02 23:00:00+00:00
Club Classics Orchestra,Silverlake Stadium,SO50 9HT,2026-07-31 17:00:00+00:00,2026-08-01 11:00:00+00:00
The Moors Muisc Festival,Kirkbymoorside Town Centre,YO62 6DA,2026-07-31 14:30:00+00:00,2026-08-02 23:00:00+00:00
The Kooks Inside In / Inside Out 20 year anniversary,Old Royal Naval College Greenwich,SE10 9NN,2026-07-31 16:00:00+00:00,2026-07-31 23:00:00+00:00
The Searchers and Hollies Experience,Babbacombe Theatre,TQ1 3LU,2026-07-31 19:30:00+00:00,2026-07-31 22:00:00+00:00
Margate Soul Festival,Margate,CT9 1DD,2026-07-31 11:00:00+00:00,2026-08-02 23:00:00+00:00
RADAR Festival,O2 Victoria Warehouse,M17 1AB,2026-07-31 11:00:00+00:00,2026-08-02 23:00:00+00:00
Teletech Festival 2026,Bowlers Exhibition Centre,M17 1SN,2026-08-01 13:00:00+00:00,2026-08-02 05:00:00+00:00
Hospital30 Block Party,Hackney Wick   Multiple Venues,E9 5LN,2026-08-01 14:00:00+00:00,2026-08-01 23:00:00+00:00
Word of Mouth Prosecco & Club Classics Festival 2026 @ Himley,Himley Hall,DY3 4DF,2026-08-01 12:00:00+00:00,2026-08-01 21:00:00+00:00
Brighton Pride - Pride on the Park 2026,Preston Park Preston Road Brighton BN1 6AU,BN1 6AU,2026-08-01 13:00:00+00:00,2026-08-02 23:00:00+00:00
"Save The Rave: Old Skool Outdoor Festival, Southport 2026",Adventure Coast Southport,PR8 1RX,2026-08-01 11:00:00+00:00,2026-08-01 22:00:00+00:00
Haçienda Classical Live Orchestra on The Downs - Feast Live,Clifton Downs,BS91FG,2026-08-01 16:00:00+00:00,2026-08-01 23:00:00+00:00
Our House Fest 2026,Tileyard North Courtyard,WF1 5FY,2026-08-01 13:00:00+00:00,2026-08-01 23:00:00+00:00
Maravilosa 5th birthday safari open air,Widford Lodge Playing Field,CM2 9AN,2026-08-01 12:00:00+00:00,2026-08-01 23:00:00+00:00
JUVY Open Air - Sat 1st August @ Berwick Manor Essex,Berwick Manor Hotel,RM13 9EL,2026-08-01 14:00:00+00:00,2026-08-01 19:00:00+00:00
Worcester Tribute Festival 2026,Worcester Racecourse,WR1 3EH,2026-08-01 12:00:00+00:00,2026-08-01 21:30:00+00:00
Eterna presents L O S T in the woods,Elvaston Castle Country Park,DE72 3EP,2026-08-01 11:30:00+00:00,2026-08-01 22:00:00+00:00
Country Club - Outdoor Country Music Festival - Liverpool,Allerton Manor Golf Club,L18 3JT,2026-08-01 15:00:00+00:00,2026-08-01 22:00:00+00:00
Brighton Pride - Pride Street Party 2026,Marine Parade,BN2 1TA,2026-08-01 15:00:00+00:00,2026-08-02 21:00:00+00:00
Newton Music Festival,Mesnes Park,WA12 9TB,2026-08-01 16:00:00+00:00,2026-08-01 22:00:00+00:00
Emily Makis - Outsiders 2.0 Day Party: Bristol,Pytch Yard,BS4 5EN,2026-08-01 14:00:00+00:00,2026-08-01 22:00:00+00:00
RNB MANIA | Nottingham's R&B Festival!,Nottingham's The Nest (Notts County FC),ng23hu,2026-08-01 15:00:00+00:00,2026-08-01 21:00:00+00:00
Wax Format Outdoors: Sam Mitcham Vinyl Only All Day Long,The Yard Manchester,M8 8NF,2026-08-01 15:00:00+00:00,2026-08-02 02:00:00+00:00
Hillside Festival 2026,Hillside Festival,BL7 0JW,2026-08-01 14:00:00+00:00,2026-08-01 23:00:00+00:00
"Beard's Fest 2026 - Bladerunner, prozak, Toby ross, DJ cosworth",Tremorna Farm,TR19 6NL,2026-08-01 13:00:00+00:00,2026-08-02 03:00:00+00:00
Festival in the Park,Queens Park Burnley,BB10 3AA,2026-08-01 12:00:00+00:00,2026-08-01 21:00:00+00:00
Analog & Ibiza Sound Fest 'SUMMER GARDEN PARTY',The White Horse Gardens,AL6 9ET,2026-08-01 14:00:00+00:00,2026-08-01 22:00:00+00:00
Dom Dolla on the Thames,Old Royal Naval College Greenwich,SE10 9NN,2026-08-01 14:00:00+00:00,2026-08-01 23:00:00+00:00
A Grand Day Out,Chew's Yard,PR1 2HB,2026-08-01 14:00:00+00:00,2026-08-02 01:00:00+00:00
R&B Lovers - Saturday 1st August - Luna Springs,Luna Springs Digbeth ,B9 4AG,2026-08-01 15:00:00+00:00,2026-08-02 00:00:00+00:00
Cheshire Fest 2026,Capesthorne Hall,SK11 9JY,2026-08-01 12:00:00+00:00,2026-08-01 23:00:00+00:00
Bassline Oldskool Anthems Sheffield Outdoor Fest,Network,S1 4QD,2026-08-01 14:00:00+00:00,2026-08-01 23:00:00+00:00
Magic of Thailand Festival in Cambridge,Parkers Piece A603 Cambridge CB1 1NA,CB1 1NA,2026-08-01 10:00:00+00:00,2026-08-02 19:00:00+00:00
R&B Lovers Summer Open Air Festival - Sat 1st Aug - LDN EAST,LDN EAST,E16 4SH,2026-08-01 14:00:00+00:00,2026-08-01 22:00:00+00:00
Ealing Blues Festival 2026,Walpole Park,W5 5qe,2026-08-01 13:00:00+00:00,2026-08-02 22:30:00+00:00
North West music fest 2026 @ Robin Hood,Robin Hood,WN7 3PA,2026-08-01 12:00:00+00:00,2026-08-01 22:00:00+00:00
Innervisions London,Boston Manor Park,TW8 9JX,2026-08-01 14:00:00+00:00,2026-08-01 22:00:00+00:00
Riverside Riddimz Festival,Upton Upon Severn,WR8 0HP,2026-08-01 12:00:00+00:00,2026-08-02 23:45:00+00:00
Prologue Presents - The Ibiza Day Party,Lord Hill,DA6 7QG,2026-08-01 15:00:00+00:00,2026-08-02 01:00:00+00:00
Beats Festival,Bridgnorth Rugby Club,WV15 5AD,2026-08-01 10:00:00+00:00,2026-08-02 19:00:00+00:00
Threshold was Here - The reunion,District ,L1 0BW,2026-08-01 12:00:00+00:00,2026-08-02 02:00:00+00:00
Country Girls Yard Party,The Collecting Yard,PR4 0RN,2026-08-01 14:00:00+00:00,2026-08-01 23:00:00+00:00
Greenlands inn Jamaica  independence festival,The Greenlands Inn,B31 4LF,2026-08-01 14:00:00+00:00,2026-08-01 23:45:00+00:00
True Pride,Hidden @ Downtex Mill,M3 1DZ,2026-08-01 17:00:00+00:00,2026-08-02 02:00:00+00:00
Summer Breakout U18,Catshill Social Club,B61 0JJ,2026-08-01 12:00:00+00:00,2026-08-01 17:00:00+00:00
Zione - FOREST PARTY,Denton Forest,M34 7GR,2026-08-01 17:00:00+00:00,2026-08-01 22:00:00+00:00
REM Sessions - 1st August,Mr Shaws House,DE1 3NQ,2026-08-01 17:00:00+00:00,2026-08-01 23:00:00+00:00
Campfire Country Club - London Country Music Spring Festival,The Steel Yard,EC4R 3UE,2026-08-01 15:00:00+00:00,2026-08-01 21:00:00+00:00
Totally 90s Festival,Oaklands College,AL4 0JA,2026-08-01 12:00:00+00:00,2026-08-02 22:30:00+00:00
Country Road Festival,Silverlake Stadium,SO50 9HT,2026-08-01 12:00:00+00:00,2026-08-01 22:30:00+00:00
Cambridge Folk Festival,Cherry Hinton Hall,CB1 8DW,2026-08-01 11:00:00+00:00,2026-08-02 23:00:00+00:00
Becky Hill - Feast Live,Clifton Downs,BS91FG,2026-08-02 16:00:00+00:00,2026-08-02 21:30:00+00:00
"Junction 2: I Hate Models, Charlie Sparks",Boston Manor Park,TW8 9JX,2026-08-02 14:00:00+00:00,2026-08-02 22:00:00+00:00
Peggy Gou on the Thames,Old Royal Naval College Greenwich,SE10 9NN,2026-08-02 14:00:00+00:00,2026-08-02 23:00:00+00:00
We are bounce festival,The Rainton Arena,DH4 5PH,2026-08-02 13:00:00+00:00,2026-08-02 17:00:00+00:00
4Play Presents - Garage & Basslines (Summer Day Party),Pitcher And Piano,NG1 1HN,2026-08-02 15:30:00+00:00,2026-08-02 22:00:00+00:00
Denim Wear Day & Night Party,The Ravensbury,CR4 4JA,2026-08-02 14:00:00+00:00,2026-08-03 00:00:00+00:00
Shirley Social - Country Special - Sunday 2nd August 2026,Shirley Park,B90 3AL,2026-08-02 10:30:00+00:00,2026-08-02 18:00:00+00:00
BASHMENT NATION - Jamaican Independence Day Festival,Studio 338,SE10 0PF,2026-08-02 16:00:00+00:00,2026-08-02 22:00:00+00:00
Jerk Jam Summer Sizzla,Silverlake Stadium,SO50 9HT,2026-08-02 12:00:00+00:00,2026-08-02 22:30:00+00:00
Vodafone at Boardmasters,Boardmasters ,TR8 4AN,2026-08-05 08:00:00+00:00,2026-08-09 23:00:00+00:00
Lakefest 2026,Eastnor Castle Deer Park,HR8 1RL,2026-08-05 15:00:00+00:00,2026-08-10 00:00:00+00:00
Boardmasters Festival,Watergate Bay Newquay,TR8 4AA,2026-08-05 11:00:00+00:00,2026-08-09 23:00:00+00:00
Back 2 Festival 2026 - The 10th Birthday,Cattows Farm,LE67 2TD,2026-08-06 12:00:00+00:00,2026-08-09 23:00:00+00:00
Chargecandy at Bloodstock Festival,Catton Park,DE12 8LN,2026-08-06 08:00:00+00:00,2026-08-09 23:00:00+00:00
Back 2 Festival,Cattows Farm,LE67 2TD,2026-08-06 11:00:00+00:00,2026-08-09 23:00:00+00:00
Houghton Festival,Houghton Hall,PE31 6UE,2026-08-06 11:00:00+00:00,2026-08-09 23:00:00+00:00
Creation Fest,Royal Cornwall Showground,PL27 7JE,2026-08-06 11:00:00+00:00,2026-08-09 23:00:00+00:00
Firevolt Rock Festival,Whitebottom Farm,SK6 5JQ,2026-08-06 11:00:00+00:00,2026-08-09 23:00:00+00:00
Bloodstock Open Air,Catton Park,DE12 8LN,2026-08-06 10:00:00+00:00,2026-08-09 23:00:00+00:00
Rebellion Punk Music Festival,Winter Gardens Blackpool,FY1 1HL,2026-08-06 11:00:00+00:00,2026-08-09 23:00:00+00:00
Deva Fest,Cholmondeley Castle Estate,SY14 8HD,2026-08-06 11:00:00+00:00,2026-08-09 23:00:00+00:00
Diaspora Calling! Festival,The National Bowl,MK5 8AA,2026-08-07 16:00:00+00:00,2026-08-07 23:00:00+00:00
Timescape Festival 2026,Abbots Ripton Cambridgeshire,PE28 2PH,2026-08-07 12:00:00+00:00,2026-08-09 23:00:00+00:00
Secret Island Festival,"STROOD FIELD, EAST MERSEA ROAD, EAST MERSEA, CO5 8SL",CO58SL,2026-08-07 19:00:00+00:00,2026-08-09 21:00:00+00:00
Symphonica #TheIbizaOrchestra Bexleyheath,Danson Park,DA15 9PW,2026-08-07 18:00:00+00:00,2026-08-07 22:00:00+00:00
"SOULTASIA  - Outdoor Festival, London 2026",Morden Park,SM4 4BU,2026-08-07 16:00:00+00:00,2026-08-07 23:00:00+00:00
Bristol International Rare Soul Weekender 2026,Various Venues,BS5 0DJ,2026-08-07 16:00:00+00:00,2026-08-09 01:00:00+00:00
Soultasia Hertfordshire,Metropolitan Bushey,WD23 2TR,2026-08-07 16:00:00+00:00,2026-08-07 22:00:00+00:00
Summer Jams 2026,Abbey Park,LE4 5AQ,2026-08-07 16:00:00+00:00,2026-08-07 23:00:00+00:00
Foodies Festival 2026 - Edinburgh,Inverleith Park,EH3 5NZ,2026-08-07 12:00:00+00:00,2026-08-09 21:00:00+00:00
"LoveHerder ""Getting High on Life"" Festival 2026","Birkrigg Park, Stainton, Nr Kendal LA8 0DY",LA8 0DY,2026-08-07 09:00:00+00:00,2026-08-10 16:00:00+00:00
Jamaican Independence Weekend - 3 Days of Music & Culture,The Bulldog Pub,CV31 2NX,2026-08-07 12:00:00+00:00,2026-08-09 23:30:00+00:00
Summerstein Fest,INN ON THE PROM HOTEL,FY8 1LU,2026-08-07 19:30:00+00:00,2026-08-09 17:00:00+00:00
Phases Casa Nueva,Calluna Nottingham,NG1 4AA,2026-08-07 20:00:00+00:00,2026-08-08 03:00:00+00:00
Edinburgh Fringe Festival,Various,EH1 2NE,2026-08-07 09:00:00+00:00,2026-08-31 23:45:00+00:00
Kozfest 2026,Penmaenau At Builth Wells,LD2 3RD,2026-08-07 12:00:00+00:00,2026-08-09 23:45:00+00:00
Farmer Phil's Festival,Near Gatten Farm,SY5 0SN,2026-08-07 11:00:00+00:00,2026-08-09 23:00:00+00:00
No Art Open Air Liverpool - 2026,Otterspool Promenade,L17 5AL,2026-08-08 12:00:00+00:00,2026-08-08 23:00:00+00:00
Electric Paradise,The National Bowl,MK5 8AA,2026-08-08 12:00:00+00:00,2026-08-08 22:30:00+00:00
The Great Fete,Hatfield Park,AL9 5HX,2026-08-08 12:00:00+00:00,2026-08-09 22:00:00+00:00
Garage Nation Outdoor Festival 2026,Morden Park,SM4 4BU,2026-08-08 13:00:00+00:00,2026-08-08 22:00:00+00:00
Made In 90s Fest 5th Birthday Feat R&B Icons Xscape & Lil' Mo,Addington Park,CR0 5AR,2026-08-08 13:00:00+00:00,2026-08-08 22:00:00+00:00
"Road to Nashville Outdoor Festival | Tileyard, Wakefield",Tileyard North,WF1 5FY,2026-08-08 12:00:00+00:00,2026-08-08 22:00:00+00:00
Park Rock Bexleyheath 2026,"Danson Park, Bexleyheath",DA6 8HL,2026-08-08 12:00:00+00:00,2026-08-08 22:00:00+00:00
Hawkwind: Friends and Relations,Morecambe Winter Gardens,LA4 4BU,2026-08-08 19:00:00+00:00,2026-08-09 23:00:00+00:00
"ARTFUL DODGER, K-KLASS & MORE | Love the 90s Fest | Binks Yard",Binks Yard,NG2 3BJ,2026-08-08 14:00:00+00:00,2026-08-08 22:00:00+00:00
The Canwell Show,Canwell Showground,B755SL,2026-08-08 09:00:00+00:00,2026-08-08 20:00:00+00:00
Doncaster Pride 2026,Town Field Doncaster,DN1 2JR,2026-08-08 11:00:00+00:00,2026-08-08 22:00:00+00:00
"Road to Nashville Outdoor Festival | Eutopia, Barking",Eutopia Warehouse,IG11 0DW,2026-08-08 14:00:00+00:00,2026-08-08 22:00:00+00:00
Fox Fest,Fox And Hounds,CM11 1PW,2026-08-08 15:00:00+00:00,2026-08-08 23:00:00+00:00
Hive Family Festival 2026,Fairthorne Manor,SO30 2GH,2026-08-08 11:45:00+00:00,2026-08-08 21:00:00+00:00
Cookout - Open-Air Summer Festival - Ldn East  - London,LDN EAST,E16 4SH,2026-08-08 15:00:00+00:00,2026-08-08 22:00:00+00:00
R&B Lovers - Summer Weekender - Freight Island Manchester,Freight Island,M1 2PZ,2026-08-08 15:00:00+00:00,2026-08-09 22:00:00+00:00
Adriatique present X on the Thames,Old Royal Naval College Greenwich,SE10 9NN,2026-08-08 14:00:00+00:00,2026-08-08 23:00:00+00:00
The Gee Cross Summer Festival,Sam Redfern Green,SK14 5RW,2026-08-08 12:00:00+00:00,2026-08-09 16:00:00+00:00
Back By Dope Demand Festival,Six Trees,M17 1BN,2026-08-08 14:00:00+00:00,2026-08-08 22:00:00+00:00
Long Eaton Music Festival,West Park Events Field,NG10 4AA,2026-08-08 11:30:00+00:00,2026-08-08 22:00:00+00:00
Party In The Park 2026 - Tribute Festival,1988 Bar And Kitchen,wf9 5jb,2026-08-08 15:00:00+00:00,2026-08-08 23:00:00+00:00
RNB MANIA | Bristol's R&B Festival,Electric Bristol,BS1 2JY,2026-08-08 15:00:00+00:00,2026-08-08 21:00:00+00:00
Grange-Fest 2026,Grange Leisure Park,LN12 1NE,2026-08-08 12:30:00+00:00,2026-08-08 23:30:00+00:00
Summer 90s Dance Outdoor Daytime Festival Cardiff,Tiger Yard,CF10 4GA,2026-08-08 15:00:00+00:00,2026-08-08 22:00:00+00:00
Minersfest 90s,North Skelton Football Field ,TS12 2DA,2026-08-08 12:00:00+00:00,2026-08-08 23:00:00+00:00
Country Club - Country Music Festival - Shrewsbury,The Buttermarket,SY1 2LF,2026-08-08 15:00:00+00:00,2026-08-08 22:00:00+00:00
Leicester Food & Music Festival,Abbey Park,LE4 5AQ,2026-08-08 11:00:00+00:00,2026-08-09 22:00:00+00:00
Example | Live at Cattows Farm,Cattows Farm,LE67 2TD,2026-08-08 12:00:00+00:00,2026-08-08 23:00:00+00:00
Reggae at the Billy '26,"The King William, Warmley, Bristol, BS30 8BL",BS308SB,2026-08-08 14:00:00+00:00,2026-08-08 21:00:00+00:00
Martin Kemp Live DJ set - Back to the 80's - Brighton,Pryzm Brighton,BN1 2RE,2026-08-08 17:00:00+00:00,2026-08-08 22:00:00+00:00
Party At The Palace,Linlithgow Peel (Palace),EH49 7AL,2026-08-08 12:00:00+00:00,2026-08-09 23:00:00+00:00
Brookfest 2026,Blackbrook Rugby Club ,WA11 9BB,2026-08-08 13:00:00+00:00,2026-08-08 21:00:00+00:00
The Official South West 64th Jamaican Independence Day,Lakota,BS2 8QN,2026-08-08 14:00:00+00:00,2026-08-09 22:00:00+00:00
Peacock Freakshow 2,Harbour Tavern,YO15 2SH,2026-08-08 14:00:00+00:00,2026-08-08 23:00:00+00:00
R&B Lovers - Outdoor Festival Junkyard Norwich,Junkyard,NR3 1QA,2026-08-08 14:00:00+00:00,2026-08-08 22:00:00+00:00
Brynfest 2026,Maes Elwyn Playing Fields,SA18 1AH,2026-08-08 13:00:00+00:00,2026-08-08 22:00:00+00:00
The Poetic Funk Afterparty,The Printworks Hastings,TN34 1HA,2026-08-08 21:00:00+00:00,2026-08-09 02:00:00+00:00
Summer Shellings,Fornos,B60 3DR,2026-08-08 14:00:00+00:00,2026-08-09 01:00:00+00:00
Day & Night Refugee Fundraiser,Fox And Firkin,SE13 6JZ,2026-08-08 14:00:00+00:00,2026-08-08 23:45:00+00:00
CH3 Presents : Downtown w/ Ozzie Guven,Aynsley Mill ,ST3 1HZ,2026-08-08 14:00:00+00:00,2026-08-08 22:30:00+00:00
Hidden Beach Festival: Day 1,The Oval (Hastings),TN34 1EU,2026-08-08 12:00:00+00:00,2026-08-08 22:00:00+00:00
The George Harrison Project,"Brewhouse Theatre And Arts Centre, UK",TA1 1JL,2026-08-08 19:30:00+00:00,2026-08-08 22:00:00+00:00
Music & Cider Festival,Wool Royal British Legion,BH20 6DJ,2026-08-08 13:00:00+00:00,2026-08-08 23:00:00+00:00
WV1fest,West Park Wolverhampton,WV1 4PW,2026-08-08 11:00:00+00:00,2026-08-09 23:00:00+00:00
New Forest Fairy Festival,Burley Village,BH24 4AB,2026-08-08 10:00:00+00:00,2026-08-09 18:00:00+00:00
Maiden Voyage,BURGESS PARK,SE5 0AL,2026-08-08 12:00:00+00:00,2026-08-08 23:00:00+00:00
Sundown Country Festival - Bexleyheath,BEXLEYHEATH    Danson Park Lakeside Close DA15 9PW,DA15 9PW,2026-08-09 12:00:00+00:00,2026-08-09 20:00:00+00:00
Eastern Electrics 2026,BURGESS PARK,SE5 0AL,2026-08-09 12:00:00+00:00,2026-08-09 22:00:00+00:00
Garage Nation Generations Festival & Music Nation,Morden Park,SM4 4BU,2026-08-09 14:00:00+00:00,2026-08-09 22:00:00+00:00
Anjunadeep Open Air on the Thames,Old Royal Naval College Greenwich,SE10 9NN,2026-08-09 14:00:00+00:00,2026-08-09 23:00:00+00:00
Summer 90s & 00s R&B Outdoor Festival - London 2026,The Cause London,E16 1YZ,2026-08-09 13:00:00+00:00,2026-08-09 21:00:00+00:00
Flashback Fete,Mama Roux's Birmingham,B9 4AG,2026-08-09 15:00:00+00:00,2026-08-09 21:00:00+00:00
Love Sensation Festival,The Oval (Hastings),TN34 1EU,2026-08-09 12:00:00+00:00,2026-08-09 21:00:00+00:00
Anjunadeep Open Air on the Thames,Anjunadeep Open Air On The Thames,SE10 9LL,2026-08-09 14:00:00+00:00,2026-08-09 23:00:00+00:00
Homegrown Festival,The Hope And Ruin,BN1 3WA,2026-08-11 11:00:00+00:00,2026-08-11 23:00:00+00:00
Chargecandy at Boomtown Fair,Matterley Estate,SO21 1HW,2026-08-12 08:00:00+00:00,2026-08-16 23:00:00+00:00
Boomtown,Matterley Estate,SO21 1HW,2026-08-12 11:00:00+00:00,2026-08-16 23:00:00+00:00
Borde Hill Summer Series (weekend tickets),Borde Hill Parkland,RH16 1XP,2026-08-13 16:00:00+00:00,2026-08-15 22:30:00+00:00
Ranch Jam Festival 2026,Cattows Farm,LE67 2TD,2026-08-14 09:00:00+00:00,2026-08-16 22:00:00+00:00
SOULTASIA Reading,Prospect Park,RG30 2ND,2026-08-14 17:00:00+00:00,2026-08-14 22:30:00+00:00
MK Weekender,Campbell Park Avebury Blvd Milton Keynes MK9 3FT ,MK9 3FT,2026-08-14 17:00:00+00:00,2026-08-15 23:00:00+00:00
LPT SEA Access,Brechin Castle Showground,DD9 6TJ,2026-08-14 17:00:00+00:00,2026-08-16 23:00:00+00:00
Northampton Balloon Festival,Northampton Balloon Festival Northampton Racecourse,NN1 4LG,2026-08-14 12:00:00+00:00,2026-08-16 22:30:00+00:00
Beach Fest Bournemouth,Bournemouth Beach,BH5 1BN,2026-08-14 15:00:00+00:00,2026-08-16 19:30:00+00:00
SnugFest 2026 - Fell Foot Wood - Florentenes,Fell Foot Wood Newby Bridge Ulverston LA12 8NN,LA12 8NN,2026-08-14 10:00:00+00:00,2026-08-16 11:00:00+00:00
Marsh Tots,Farm Field,TN299SL,2026-08-14 12:00:00+00:00,2026-08-14 18:00:00+00:00
Wild Within Women's Festival,Silver Forest,LN7 6HL,2026-08-14 12:00:00+00:00,2026-08-16 15:00:00+00:00
WREXFEST 2026 - Early Bird Weekend Pass,Wrexham City Centre Various Venues,LL13 8BB,2026-08-14 18:00:00+00:00,2026-08-16 03:00:00+00:00
Jurassic Fields,West Bay Fields,DT6 4DN,2026-08-14 11:00:00+00:00,2026-08-16 23:00:00+00:00
Country Calling,Hylands Estate Chelmsford,CM2 8WQ,2026-08-14 11:00:00+00:00,2026-08-16 23:00:00+00:00
The Magpies Festival,"Sutton Park, York",YO61 1DP,2026-08-14 11:00:00+00:00,2026-08-15 23:00:00+00:00
Big Weekender,Wellington Country Park.,RG7 1SP,2026-08-14 09:30:00+00:00,2026-08-16 17:30:00+00:00
Vegan Camp Out,Walesby Forest Adventure Activity Centre,NG22 9NG,2026-08-14 11:00:00+00:00,2026-08-17 23:00:00+00:00
Ministry Of Sound Classical At Castle Howard,Castle Howard York,YO60 7DJ,2026-08-15 14:00:00+00:00,2026-08-15 22:30:00+00:00
Coloursfest 25th Anniversary 2026,BRAEHEAD WATERFRONT,G51 4BN,2026-08-15 12:00:00+00:00,2026-08-16 23:00:00+00:00
Norden Cricket Club Festival 2026,Norden Cricket Club,OL12 7SD,2026-08-15 12:00:00+00:00,2026-08-15 21:30:00+00:00
In the Park presents Lewis Capaldi,Sefton Park,L17 1AP,2026-08-15 16:00:00+00:00,2026-08-15 22:00:00+00:00
RNB MANIA | Sheffield's Outdoor Summer Festival,SYSheffield (Steel Yard),S3 8AS,2026-08-15 15:00:00+00:00,2026-08-15 23:00:00+00:00
Déjà vu Garden Party,The Country Park,HU13 0HB,2026-08-15 14:00:00+00:00,2026-08-15 23:00:00+00:00
SKINNY LIVING - Solid Ground Festival,Tileyard North Courtyard,WF1 5FY,2026-08-15 13:00:00+00:00,2026-08-15 23:00:00+00:00
Electric Dreams - By The Sea 15th AUG - South Queensferry,Outboard By Scotts,EH30 9RD,2026-08-15 14:00:00+00:00,2026-08-15 22:00:00+00:00
BOOZéBRUNCH The Festival Dalkeith Country Park,Dalkeith Country Park ,EH22 1ST,2026-08-15 12:00:00+00:00,2026-08-15 18:30:00+00:00
Wilmslow,Wilmslow Rugby Club,SK9 5PZ,2026-08-15 11:30:00+00:00,2026-08-15 22:00:00+00:00
Garage Republic Outdoor Festival 2026 | Binks Yard Nottingham,Binks Yard,NG2 3BJ,2026-08-15 14:00:00+00:00,2026-08-15 22:00:00+00:00
Evesham Music Festival 2026,Badsey Community And Sports Club,WR11 7EU,2026-08-15 12:00:00+00:00,2026-08-15 21:30:00+00:00
Cafe Mambo Ibiza Classics In The Park Festival,Prospect Park,RG30 2ND,2026-08-15 12:00:00+00:00,2026-08-15 22:00:00+00:00
Haze Festival - Sat 15th Aug 2026,Coventry Cathedral Ruins,CV1 5AB,2026-08-15 14:00:00+00:00,2026-08-15 22:00:00+00:00
Out There .,Gisburn Forest,BB7 4TS,2026-08-15 19:30:00+00:00,2026-08-16 02:00:00+00:00
Sheffield Festival Of Reggae| Network 2026,Network   Sheffield,S1 4QD,2026-08-15 13:00:00+00:00,2026-08-16 00:00:00+00:00
SOLAIRE: Open Air,Lochardil House Hotel,IV2 4LF,2026-08-15 14:00:00+00:00,2026-08-15 21:00:00+00:00
OVER 30's CLUB - Summer Open Air Festival - Freight Island,Freight Island,M1 2PZ,2026-08-15 15:00:00+00:00,2026-08-15 22:00:00+00:00
Summer 90s Outdoor Festival - Junkyard Norwich,Junkyard Market,NR3 1QA,2026-08-15 15:00:00+00:00,2026-08-15 22:00:00+00:00
Energy 91 Garden Rave 2,Reindeer Inn,SK15 3DW,2026-08-15 15:00:00+00:00,2026-08-15 22:00:00+00:00
Magic of Thailand Festival in Brighton,Preston Park Preston Road Brighton BN1 6AU,BN1 6AU,2026-08-15 10:00:00+00:00,2026-08-16 19:00:00+00:00
Her Frequency Rooftop Party,Home Lincoln,LN1 1UF,2026-08-15 14:00:00+00:00,2026-08-15 22:00:00+00:00
Allday Indie Indoor Festival - Leeds,O2 Academy Leeds,LS2 3AW,2026-08-15 17:00:00+00:00,2026-08-15 22:00:00+00:00
OrchardFest 2026,The Orchard Trust Day Service,gl179pd,2026-08-15 14:00:00+00:00,2026-08-15 22:15:00+00:00
Garden Rave,Coach House,EN9 2BE,2026-08-15 12:00:00+00:00,2026-08-15 23:00:00+00:00
R&B Lovers - Saturday 15th August - Athena Leicester,Athena,LE1 1QD,2026-08-15 17:00:00+00:00,2026-08-15 23:00:00+00:00
R&B Lovers - Saturday 15th August - Mint Warehouse,Mint Warehouse,LS11 9UD,2026-08-15 15:00:00+00:00,2026-08-15 22:00:00+00:00
R&B Lovers - Saturday 15th August - DEPOT Cardiff,Depot,CF10 5DF,2026-08-15 17:00:00+00:00,2026-08-15 23:00:00+00:00
Frogfest Liverpool - 2026,District ,L1 0BW,2026-08-15 14:00:00+00:00,2026-08-16 02:00:00+00:00
The CourtYard Fest,Betley Court Farm,CW3 9BH,2026-08-15 10:30:00+00:00,2026-08-15 22:30:00+00:00
Rock The Marshes,Farm Field,TN299SL,2026-08-15 12:00:00+00:00,2026-08-16 23:00:00+00:00
ProDog Beach Fest 2026,Weston Super Mare Beach Lawns,BS23 1AT,2026-08-15 09:00:00+00:00,2026-08-16 17:00:00+00:00
Original Culture Festival 2026,Priory Country Park Barkers Lane Bedford MK41,MK41 9DJ,2026-08-15 14:00:00+00:00,2026-08-15 22:00:00+00:00
GWT Night Market,Forest Recreation Ground Gregory Blvd NG7 6LB,NG7 6LB,2026-08-15 17:00:00+00:00,2026-08-15 23:00:00+00:00
The Searchers and Hollies Experience,University Of Kent.,CT2 7NB,2026-08-15 19:30:00+00:00,2026-08-15 22:00:00+00:00
The Temple Newsam Food Festival 2026: A Summertime Feast,Temple Newsam Park,LS15 0AD,2026-08-15 10:00:00+00:00,2026-08-16 19:00:00+00:00
Michael Bibi extended set on the Thames,Old Royal Naval College Greenwich,SE10 9NN,2026-08-16 14:00:00+00:00,2026-08-16 23:00:00+00:00
Raver Tots Outdoor Festival Milton Keynes,Campbell Park Milton Keynes MK9,MK9 4AD,2026-08-16 12:00:00+00:00,2026-08-16 18:00:00+00:00
The Garden @SEA,Brechin Castle Showground,DD9 6TJ,2026-08-16 12:00:00+00:00,2026-08-16 21:00:00+00:00
Raver Tots Outdoor Festival Reading,Prospect Park Reading,RG30 2ND,2026-08-16 13:00:00+00:00,2026-08-16 18:00:00+00:00
original Family Festival 2026,Priory Country Park Barkers Lane Bedford MK41,MK41 9DJ,2026-08-16 11:00:00+00:00,2026-08-16 19:00:00+00:00
Sounds of the 60s with The Zoots,The Mowlem,BH19 1DD,2026-08-17 19:30:00+00:00,2026-08-17 22:00:00+00:00
ArcTanGent,Fernhill Farm,BS40 6LD,2026-08-19 11:00:00+00:00,2026-08-23 23:00:00+00:00
Himley Live 2026: The K-POP Festival Experience,Himley Hall,DY3 4DF,2026-08-20 16:00:00+00:00,2026-08-20 19:30:00+00:00
Rock N Roll Circus Norwich,Earlham Park,NR4 7TQ,2026-08-20 11:00:00+00:00,2026-08-23 23:00:00+00:00
110 Above,Gopsall Hall Farm,CV9 3QJ,2026-08-20 11:00:00+00:00,2026-08-22 23:00:00+00:00
Sunrise Film Festival,Marina Theatre,NR32 1HH,2026-08-20 10:00:00+00:00,2026-08-23 23:00:00+00:00
Trentham Live,Trentham Gardens ,ST4 8JG,2026-08-20 11:00:00+00:00,2026-08-23 23:00:00+00:00
We Out Here Festival,"Wimborne St Giles, Dorset",BH21 5NA,2026-08-20 11:00:00+00:00,2026-08-23 23:00:00+00:00
Green Man Festival,Bannau Brycheiniog National Park,NP81LP,2026-08-20 11:00:00+00:00,2026-08-23 23:00:00+00:00
A New Day Festival 2026,Mt Ephraim Gardens Hernhill Faversham Kent,ME13 9TX,2026-08-21 11:30:00+00:00,2026-08-23 23:00:00+00:00
"Rob Lamberti presents: George Michael | Keel SQ, Sunderland",Keel Square,SR1 3DZ,2026-08-21 19:00:00+00:00,2026-08-21 22:30:00+00:00
U Fest - Boxpark Wembley - Friday 21st August,Boxpark Wembley,HA9 0JT,2026-08-21 18:00:00+00:00,2026-08-21 23:00:00+00:00
Ibiza Classics Richmond,Old Deer Park,TW9 2SL,2026-08-21 18:00:00+00:00,2026-08-21 22:00:00+00:00
Symphonic Ibiza Orchestra Bristol,Bristol Amphitheatre And Waterfront Square,BS1 5LL,2026-08-21 17:00:00+00:00,2026-08-21 22:30:00+00:00
The Darley Park Weekender 2026,Darley Park,DE22 1EN,2026-08-21 16:00:00+00:00,2026-08-21 23:00:00+00:00
Flocksteady Bleats 2026,The Music Baa,SP5 4LP,2026-08-21 12:00:00+00:00,2026-08-23 22:30:00+00:00
Phases Casa Nueva X Bunker,Calluna Nottingham,NG1 4AA,2026-08-21 20:00:00+00:00,2026-08-22 03:00:00+00:00
One Love Festival,Bentley Estate,BN8 5AF,2026-08-21 11:00:00+00:00,2026-08-22 23:00:00+00:00
Beautiful Days Festival,Escot Park,EX11 1LU,2026-08-21 11:00:00+00:00,2026-08-23 23:00:00+00:00
Field Maneuvers,SECRET LOCATION NORWICH,NR31DD,2026-08-21 11:00:00+00:00,2026-08-23 23:00:00+00:00
Tribfest 2026,Sledmere House,YO25 3XG,2026-08-21 12:00:00+00:00,2026-08-23 23:45:00+00:00
3 Wishes Fairy Festival,Garslade Farm,BA5 1RX,2026-08-21 10:00:00+00:00,2026-08-23 23:00:00+00:00
FAC51 The Haçienda at Wollaton Hall - Nottingham,Wollaton Hall,NG8 2AE,2026-08-22 13:00:00+00:00,2026-08-22 23:00:00+00:00
Park Rock Richmond 2026,"Old Deer Park, Richmond",TW9 2SL,2026-08-22 12:00:00+00:00,2026-08-22 22:00:00+00:00
Rockore 2026,Lochore Meadows Country Park,KY5 8BA,2026-08-22 11:00:00+00:00,2026-08-22 22:30:00+00:00
"CLAIRE RICHARDS, ETERNAL & MORE| Love the 90s Fest |Keel Square",Keel Square,SR1 3DZ,2026-08-22 13:00:00+00:00,2026-08-22 22:30:00+00:00
Remember Them Dayz Fest - London - Boxpark Wembley,Boxpark Wembley,HA9 0JT,2026-08-22 18:00:00+00:00,2026-08-22 23:00:00+00:00
Roe Green Cricket Club festival 2026,ROE GREEN CRICKET CLUB,M282QW,2026-08-22 12:00:00+00:00,2026-08-22 21:30:00+00:00
SOULTASIA - Bristol,Bristol Amphitheatre,BS1 5LL,2026-08-22 13:00:00+00:00,2026-08-22 22:30:00+00:00
Himley Live 2026: The Groove Society,Himley Hall,DY3 4DF,2026-08-22 13:30:00+00:00,2026-08-22 22:00:00+00:00
Banff Castle Rocks,Banff Castle,AB45 1DL,2026-08-22 13:00:00+00:00,2026-08-22 23:00:00+00:00
Purple Disco Machine,Magazine Open Air,SE10 0JH,2026-08-22 14:30:00+00:00,2026-08-22 22:00:00+00:00
Southbound Fest,Princes Park Eastbourne,bn227ll,2026-08-22 12:00:00+00:00,2026-08-23 22:00:00+00:00
"NADINE COYLE & MORE | Pop Republic Fest | Freight Island, MCR",Freight Island,M1 2PZ,2026-08-22 14:00:00+00:00,2026-08-22 22:00:00+00:00
"Rum & Reggae | Binks Yard, Nottingham",Binks Yard,NG2 3BJ,2026-08-22 14:00:00+00:00,2026-08-22 22:00:00+00:00
Paisley Music and Arts Street Festival,"Shuttle Street, Paisley",PA1 1YD,2026-08-22 12:00:00+00:00,2026-08-22 21:00:00+00:00
Dubtendo Day Party - London,The Fox And Firkin,SE13 6JZ,2026-08-22 13:00:00+00:00,2026-08-22 21:00:00+00:00
Pulloxhill Events 2026 - Ellie Sax Presents Ibiza Anthems Live,The Cross Keys Paddock,MK45 5HB,2026-08-22 17:00:00+00:00,2026-08-23 00:00:00+00:00
Cheshire Fest 2026 | Live at Tatton Park,Tatton Park,WA16 6QN,2026-08-22 12:00:00+00:00,2026-08-22 23:00:00+00:00
Hifields 2026,Dullingham Polo Club,CB8 9UT,2026-08-22 12:00:00+00:00,2026-08-23 00:00:00+00:00
Signal Festival 2026,The Cause London,E16 1YZ,2026-08-22 12:00:00+00:00,2026-08-23 05:00:00+00:00
Back to the 80's Summer Tribute Festival with Martin Kemp,Wheelers Farm ,CM3 3LZ,2026-08-22 15:00:00+00:00,2026-08-22 22:00:00+00:00
Boxout Fest 2026 + SPECIAL GUESTS,Luna Springs Digbeth ,B9 4AG,2026-08-22 15:00:00+00:00,2026-08-23 23:30:00+00:00
Magic of Thailand Festival in Manchester,Platt Fields Park Platt Lane Manchester M14 5NF,M14 5NF,2026-08-22 10:00:00+00:00,2026-08-23 19:00:00+00:00
The Red Lion Garden Party,The Red Lion Inn,DY7 5DU,2026-08-22 12:30:00+00:00,2026-08-22 21:00:00+00:00
NucleusFEST,Nucleus Winery At Fort Borstal,ME1 3NN,2026-08-22 14:00:00+00:00,2026-08-23 20:00:00+00:00
Steel City Dancehall Festival 2026,Caribbean Sports Club,S35 9WN,2026-08-22 15:00:00+00:00,2026-08-22 22:00:00+00:00
Donkey fest,Ol12 9tb,OL12 9TB,2026-08-22 13:00:00+00:00,2026-08-23 00:00:00+00:00
"LOUD and LOADED 2026 - Live Rock, Metal and Beer festival","Coddy's Farm, Holmfirth",HD9 2TH,2026-08-22 13:00:00+00:00,2026-08-22 23:30:00+00:00
4 Corners Day Party,Eutopia Warehouse,IG11 0DW,2026-08-22 14:00:00+00:00,2026-08-22 22:00:00+00:00
R&B Lovers - Saturday 22nd August - Allerton Manor,Allerton Manor Golf Club,L18 3JT,2026-08-22 15:00:00+00:00,2026-08-22 22:00:00+00:00
Rulebreakerz & Friendz Fest,Brace Of Pistols Clacton On Sea,CO16 8DU,2026-08-22 13:00:00+00:00,2026-08-22 23:00:00+00:00
Slug Fest 2026,VENUE TBA WIGAN CENTER,WN1 1DY,2026-08-22 15:00:00+00:00,2026-08-23 00:00:00+00:00
INJM Fest,Eternit Sport And Social Club,SG8 5RL,2026-08-22 12:00:00+00:00,2026-08-22 22:00:00+00:00
Jls Ticket,Virtual Event Derby,DE1 0AQ,2026-08-22 04:00:00+00:00,2026-08-22 10:00:00+00:00
R&B Lovers - Saturday 22nd Aug - Aruba Bournemouth,Aruba Bar And Restaurant,BH2 5AA,2026-08-22 17:00:00+00:00,2026-08-22 22:00:00+00:00
All Points East,"Victoria Park, London",E9 7DD,2026-08-22 11:00:00+00:00,2026-08-30 23:00:00+00:00
Hifields Festival,Dullingham Polo Club,CB8 9UT,2026-08-22 11:00:00+00:00,2026-08-22 23:00:00+00:00
Rewind Festival South,Temple Island Meadows,RG9 3DB,2026-08-22 11:00:00+00:00,2026-08-23 23:00:00+00:00
"GirlyPop Fest | Keel Square, Sunderland",Keel Square,SR1 3DZ,2026-08-23 12:00:00+00:00,2026-08-23 16:30:00+00:00
Himley Live 2026: Boots & Roots Festival,Himley Hall,DY3 4DF,2026-08-23 12:00:00+00:00,2026-08-23 21:00:00+00:00
Sundown Country Festival - Richmond,Old Deer Park,TW9 2SL,2026-08-23 12:00:00+00:00,2026-08-23 20:00:00+00:00
Raver Tots Outdoor Festival Bristol,Bristol Amphitheatre,BS1 5LL,2026-08-23 12:00:00+00:00,2026-08-23 18:00:00+00:00
The Prime Rave Chelmsford,Bar And Beyond,CM2 0HR,2026-08-23 19:00:00+00:00,2026-08-24 02:00:00+00:00
Summer Festival in Oving,Oving Village Hall,HP22 4HD,2026-08-25 11:00:00+00:00,2026-08-25 15:00:00+00:00
Rock en Seine,Domaine De Saint Cloud,FR,2026-08-26 11:00:00+00:00,2026-08-30 23:00:00+00:00
Vodafone at Reading Festival,Richfield Avenue Festival Site,RG1 8EQ,2026-08-27 08:00:00+00:00,2026-08-30 23:00:00+00:00
Vodafone at Leeds Festival,Bramham Park,LS23 6ND,2026-08-27 08:00:00+00:00,2026-08-30 23:00:00+00:00
Chargecandy at Creamfields,Creamfields,WA4 4AG,2026-08-27 08:00:00+00:00,2026-08-30 23:00:00+00:00
Glastonferret 2026,The Ferret,PR1 2XQ,2026-08-27 16:00:00+00:00,2026-08-30 23:45:00+00:00
Chargecandy at Lost Village,Norton Lodge,LN6 9JR,2026-08-27 08:00:00+00:00,2026-08-30 23:00:00+00:00
Hitchin Live at the Priory (weekend tickets),Hitchin Priory,SG5 2DL,2026-08-27 16:00:00+00:00,2026-08-30 22:30:00+00:00
Robbers Dogs Growler Rally 2026,The Whitby Club,CH65 6QF,2026-08-27 12:00:00+00:00,2026-08-30 00:00:00+00:00
Lost Village,Lost Village,LN6 9QG,2026-08-27 11:00:00+00:00,2026-08-30 23:00:00+00:00
Greenbelt Festival,Boughton House,NN16 9UP,2026-08-27 11:00:00+00:00,2026-08-30 23:00:00+00:00
Reading Festival,Little John's Farm,RG30 1AB,2026-08-27 11:00:00+00:00,2026-08-30 23:00:00+00:00
Leeds Festival,Bramham Park,LS23 6ND,2026-08-27 11:00:00+00:00,2026-08-30 23:00:00+00:00
Shambala Festival,Kelmarsh Hall,NN6 9LY,2026-08-27 11:00:00+00:00,2026-08-30 23:00:00+00:00
Sunshine Music Festival,Fish Meadow Upton Upon Severn,WR8 0PB,2026-08-27 11:00:00+00:00,2026-08-30 23:00:00+00:00
Tunes in the Park,Port Eliot Estate,PL12 5ND,2026-08-27 11:00:00+00:00,2026-08-30 23:00:00+00:00
The Long Road,Stanford Hall ,LE17 6DH,2026-08-27 11:00:00+00:00,2026-08-30 23:00:00+00:00
Beermageddon,Stoke Prior Sports  And  Country Club,B60 4AL,2026-08-27 11:00:00+00:00,2026-08-30 23:00:00+00:00
Manchester Village Pride 2026,Manchester Gay Village,M1 3EZ,2026-08-28 12:00:00+00:00,2026-09-01 06:00:00+00:00
Goatfest 2026,The Great Field Bury Lane Codicote SG4 8XY,SG4 8XY,2026-08-28 17:00:00+00:00,2026-08-30 23:00:00+00:00
"The Bootleg Beatles | Keel Square, Sunderland",Keel Square,SR1 3DZ,2026-08-28 18:00:00+00:00,2026-08-28 22:30:00+00:00
Preston Summerfest 2026,CT3 1HB,CT3 1HB,2026-08-28 14:00:00+00:00,2026-08-31 00:00:00+00:00
"Chelmsford Summer Series: Sugababes, Annie Mac, Melanie C (DJ)",Chelmsford Central Park,CM2 0RW,2026-08-28 15:00:00+00:00,2026-08-28 22:00:00+00:00
Dubs of Rock 2026,Cattows Farm,LE67 2TD,2026-08-28 09:00:00+00:00,2026-08-30 23:00:00+00:00
Weekend in the Woods,Wold Farm Festival Field ,NN29 7XA,2026-08-28 12:00:00+00:00,2026-08-31 12:00:00+00:00
NBG Garden Party (16-18),The Trinity Centre,BS2 0NW,2026-08-28 14:00:00+00:00,2026-08-28 22:00:00+00:00
T.H.E Truckers Tunes Ltd @ The Truck Show Barnard Castle,Streatlam Event Field,DL12 8RQ,2026-08-28 13:00:00+00:00,2026-08-31 11:30:00+00:00
Sunset At The Manor | Pink Floyd Mega Laser Show | Kent,Strode Park House,CT6 7NE,2026-08-28 18:00:00+00:00,2026-08-28 23:00:00+00:00
FarmFest 2026,WD39XJ,WD3 9XJ,2026-08-28 17:00:00+00:00,2026-08-31 23:00:00+00:00
The Beat Goes On Presents An Acid Barn Dance,Penny Square Barn,BA4 6AG,2026-08-28 12:00:00+00:00,2026-08-31 14:00:00+00:00
Lost Lake Festival,The Venue At Coxleigh,EX31 4EX,2026-08-28 12:00:00+00:00,2026-08-30 00:00:00+00:00
Crownload 2026,Clwb Crown,CF48 1BA,2026-08-28 13:00:00+00:00,2026-08-30 23:45:00+00:00
Thunderfest,The Thunderbolt,BS4 3ED,2026-08-28 19:30:00+00:00,2026-08-30 23:00:00+00:00
Bubz Fest,Wintney Barn,RG27 8SH,2026-08-28 10:00:00+00:00,2026-08-28 23:00:00+00:00
Equinox Festival,Wold Farm Festival Field ,NN29 7XA,2026-08-28 18:00:00+00:00,2026-08-29 03:00:00+00:00
BeCider Seaside 22,Bredy Farm,DT6 4ND,2026-08-28 10:00:00+00:00,2026-08-30 23:45:00+00:00
Briggzfest 2026,Ham Farm,BN8 5SB,2026-08-28 12:00:00+00:00,2026-08-30 23:00:00+00:00
CarFest 2026,Silverstone Circuit,NN12 8TN,2026-08-28 10:00:00+00:00,2026-08-30 23:45:00+00:00
Maui Waui Festival,Elveden Hall Estate,IP24 3TA,2026-08-28 11:00:00+00:00,2026-08-30 23:00:00+00:00
Camper Calling,Ragley Hall Park And Gardens,B49 5NH,2026-08-28 11:00:00+00:00,2026-08-30 23:00:00+00:00
Made in Manchester - Stockport,Waterside Farm,SK63LQ,2026-08-28 11:00:00+00:00,2026-08-31 23:00:00+00:00
Victorious Festival,Southsea Seafront,PO5 3PG,2026-08-28 11:00:00+00:00,2026-08-30 23:00:00+00:00
Carfest,Silverstone Circuit,NN12 8TN,2026-08-28 11:00:00+00:00,2026-08-30 23:00:00+00:00
Krankenhaus Festival,Muncaster Castle,CA18 1RQ,2026-08-28 11:00:00+00:00,2026-08-30 23:00:00+00:00
Shrewsbury Folk Festival,"West Midlands Showground, Shrewsbury",SY2 6JY,2026-08-28 11:00:00+00:00,2026-08-31 23:00:00+00:00
The Big Feastival,Alex James Farm,OX7 6UJ,2026-08-28 11:00:00+00:00,2026-08-30 23:00:00+00:00
The Libertines - Hitchin Live at the Priory,Hitchin Priory,SG5 2DL,2026-08-29 14:00:00+00:00,2026-08-29 22:30:00+00:00
Dreamland Jouvert X,"Court Farm, Oxted Road, Godstone, Surrey, RH9 8DB",RH9 8DB,2026-08-29 12:00:00+00:00,2026-08-29 20:00:00+00:00
Chelmsford Summer Series 2026: Mcfly,Chelmsford Central Park,CM2 0RW,2026-08-29 13:00:00+00:00,2026-08-29 22:00:00+00:00
Noughty 90's Festival Newcastle 2026,Leazes Park ,NE2 4BJ,2026-08-29 12:00:00+00:00,2026-08-29 22:00:00+00:00
Blackpool Cricket Club Festival 2026,Blackpool Cricket Club ,FY3 9EQ,2026-08-29 12:00:00+00:00,2026-08-29 21:30:00+00:00
Cheltenham Tribute Festival 2026,Cheltenham Racecourse,GL50 4SH,2026-08-29 12:00:00+00:00,2026-08-29 22:00:00+00:00
"ARMAND VAN HELDEN, SOSA & MORE | Groovebox Keel SQ Summer Fest",Keel Square,SR1 3DZ,2026-08-29 13:00:00+00:00,2026-08-29 22:30:00+00:00
Bournefest 2026,Western Lawns Eastbourne,BN21 4EH,2026-08-29 14:00:00+00:00,2026-08-30 21:30:00+00:00
Road to Nashville Outdoor Festival | SteelYard,SYSheffield (Steel Yard),S3 8AS,2026-08-29 14:00:00+00:00,2026-08-29 23:00:00+00:00
Country Club - Outdoor Country Music Festival - Cardiff,Tiger Yard,CF10 4GA,2026-08-29 15:00:00+00:00,2026-08-29 22:00:00+00:00
Nashdown - Country Music Festival,Lingfield Park Racecourse,RH7 6PQ,2026-08-29 13:00:00+00:00,2026-08-29 22:30:00+00:00
"DJ SAMMY & MORE | Love the 90s Fest | Winter Garden, Blackpool",Winter Gardens Blackpool,FY1 1HL,2026-08-29 14:00:00+00:00,2026-08-29 22:30:00+00:00
Country Club - Outdoor Country Music Festival - London,LDN EAST,E16 4SH,2026-08-29 14:00:00+00:00,2026-08-29 22:00:00+00:00
Summer Outdoor Garage Festival - Wheelers Farm Chelmsford,Wheelers Farm ,CM3 3LZ,2026-08-29 14:00:00+00:00,2026-08-29 22:00:00+00:00
R&B Lovers - Saturday 29th August - Luna Spring,Luna Springs Digbeth ,B9 4AG,2026-08-29 15:00:00+00:00,2026-08-30 00:00:00+00:00
Back To The 90s - Summer Outdoor Festival - Manchester,Freight Island,M1 2PZ,2026-08-29 15:00:00+00:00,2026-08-29 23:00:00+00:00
Good Vibes Only. 29th & 30th August 2026.,Cheltenham RFC Newlands Park ,GL52 3PE,2026-08-29 13:00:00+00:00,2026-08-31 00:30:00+00:00
90's & 00's Nation presents SED Festival,Garon Park,SS2 4FA,2026-08-29 14:30:00+00:00,2026-08-29 23:00:00+00:00
Walsall Pride 2026,Walsall Arboretum Extension,WS12QB,2026-08-29 11:00:00+00:00,2026-08-29 18:00:00+00:00
R&B Lovers - Summer Outdoor Festival - Sat 29th Aug - Bristol,The Prospect Building,BS2 0QD,2026-08-29 14:00:00+00:00,2026-08-29 22:00:00+00:00
PURE R&B - Summer Outdoor Day Party Cardiff - August 29th,Lo Lounge Cardiff Bay,CF10 4GA,2026-08-29 15:00:00+00:00,2026-08-29 22:30:00+00:00
Madisons 90s Festival,Rivendell,CA14 1SZ,2026-08-29 12:00:00+00:00,2026-08-29 23:00:00+00:00
"Spangled X Rough Tempo -TNA, Nu:Elementz - Azza + Grima, P Money",Blackbox Brewery,SS2 6UN,2026-08-29 14:00:00+00:00,2026-08-29 22:00:00+00:00
Weeley Tribute Festival 2026,Weeley Carboot Site,CO16 9AG,2026-08-29 13:00:00+00:00,2026-08-29 22:00:00+00:00
Cosmic Vibration Festival III,Sidney And Matilda,S1 4RH,2026-08-29 00:00:00+00:00,2026-08-30 23:30:00+00:00
Sunset At The Manor | Ibiza Classics BBQ | Kent,Strode Park House,CT6 7NE,2026-08-29 17:00:00+00:00,2026-08-29 23:00:00+00:00
Live At The Queens Fest,Queens Bar And Coffee House,YO16 4PN,2026-08-29 00:00:00+00:00,2026-08-30 01:00:00+00:00
Epidemik in the Woods,Wold Farm Festival Field ,NN29 7XA,2026-08-29 12:00:00+00:00,2026-08-30 03:00:00+00:00
Rum & Reggae Chester,Chester Racecourse,CH1 2LY,2026-08-29 11:00:00+00:00,2026-08-29 21:00:00+00:00
Summer Garage Rooftop Rave - Saturday 29th August - Birmingham,XOYO Rooftop,B9 4AG,2026-08-29 15:00:00+00:00,2026-08-29 22:00:00+00:00
Tik-Tech VIIII,Glory Holes,LN2 1AL,2026-08-29 15:00:00+00:00,2026-08-30 03:00:00+00:00
Crewe Rocks,The Arena Crewe,CW2 7BL,2026-08-29 00:00:00+00:00,2026-08-30 01:30:00+00:00
Foodies Festival 2026 - Oxford,Oxford South Parks,OX4 1NT,2026-08-29 12:00:00+00:00,2026-08-31 21:00:00+00:00
RNB MANIA | Leeds' Outdoor R&B Festival,Project House,LS12 2DR,2026-08-29 15:00:00+00:00,2026-08-29 21:00:00+00:00
HITOP Tv - The Blueprint Rave Festival Experience - DARTFORD,Red Bar And Cadiz,DA1 2DT,2026-08-29 15:00:00+00:00,2026-08-30 03:00:00+00:00
Appetite On The Farm,Kelvedon Hall,CM14 5TN,2026-08-29 11:00:00+00:00,2026-08-30 23:00:00+00:00
Forwards - Bristol,Durdham Downs,BS9 1FG,2026-08-29 11:00:00+00:00,2026-08-30 23:00:00+00:00
Stonedead Festival,Newark Showground,NG24 2NY,2026-08-29 11:00:00+00:00,2026-08-29 23:00:00+00:00
The Searchers and Hollies Experience,The Exchange Twickenham,TW1 1BE,2026-08-29 19:30:00+00:00,2026-08-29 22:00:00+00:00
Roseshire Festival,Cheshire House Estate,NN82DH,2026-08-29 11:00:00+00:00,2026-08-30 23:00:00+00:00
The Graves Park Food and Drink Festival 2026: A Summertime Feast,Graves Park,S8 8LL,2026-08-29 10:00:00+00:00,2026-08-31 19:00:00+00:00
MKF Festival,"Campbell Park, Milton Keynes",MK9 3hr,2026-08-29 11:00:00+00:00,2026-08-30 23:00:00+00:00
Roseshire Festival,Chester House Estate,NN8 2DH,2026-08-29 11:00:00+00:00,2026-08-30 23:00:00+00:00
New World 2026 ft. Craig David | Chelmsford Central Park,Chelmsford Central Park,CM2 0RW,2026-08-30 13:00:00+00:00,2026-08-30 22:00:00+00:00
Road to Nashville Outdoor Festival | Keel Square,Keel Square,SR1 3DZ,2026-08-30 12:00:00+00:00,2026-08-30 22:30:00+00:00
KOMPND Carnival,Untitled Studio,M50 1BB,2026-08-30 15:00:00+00:00,2026-08-30 23:00:00+00:00
Off Grid Festival: Chapter One,The Royal Town Of Sutton Coldfield,B75 5SA,2026-08-30 12:00:00+00:00,2026-08-30 23:00:00+00:00
Allday Indie Outdoor Festival - Manchester,Freight Island,M1 2PZ,2026-08-30 15:00:00+00:00,2026-08-30 22:00:00+00:00
FAC51 The Haçienda Open Air - Birmingham,Luna Springs Digbeth ,B9 4AG,2026-08-30 13:00:00+00:00,2026-08-30 23:00:00+00:00
Party In Acklam Park,Middlesbrough Rugby And Cricket Club,TS5 7SL,2026-08-30 12:00:00+00:00,2026-08-30 21:30:00+00:00
Monton Soul & Pop festival,Monton Cricket Sports Club,M30 9EH,2026-08-30 12:00:00+00:00,2026-08-30 21:00:00+00:00
"DJ SAMMY & MORE | Love the 90s Fest | Prospect Building, Bristol",The Prospect Building,BS2 0QD,2026-08-30 13:00:00+00:00,2026-08-30 22:00:00+00:00
RNB MANIA | Lincoln's R&B Festival,STACK Lincoln,LN5 7AA,2026-08-30 15:00:00+00:00,2026-08-30 22:00:00+00:00
RNB MANIA | Derby's R&B Festival,Ultra Warehouse,DE21 6HA,2026-08-30 16:00:00+00:00,2026-08-30 23:00:00+00:00
R&B Lovers - Sunday 30th August - Wheelers Farm Chelmsford,Wheelers Farm ,CM3 3LZ,2026-08-30 15:00:00+00:00,2026-08-30 22:00:00+00:00
Proper Fest 2026,Weeley Car Boot,CO16 9AG,2026-08-30 11:00:00+00:00,2026-08-30 22:00:00+00:00
iFest 2026 - 10 Year Anniversary,Ifield Cricket Club,RH11 0HL,2026-08-30 13:00:00+00:00,2026-08-30 22:00:00+00:00
Ibiza Terrace Party 2026,George's Bistro And Bar,BD19 3RA,2026-08-30 14:00:00+00:00,2026-08-30 22:00:00+00:00
State of Mind - The Launch,Wav Garden,L3 7DH,2026-08-30 14:00:00+00:00,2026-08-31 02:00:00+00:00
Mr Shaw Reminisce Bank Holiday August 30th - 2026,"The Old Blacksmith's Yard, Sadler Gate, Derby",DE1 3PD,2026-08-30 13:00:00+00:00,2026-08-30 23:45:00+00:00
Sunset At The Manor | 80s Greatest Hits BBQ | Kent,Strode Park House,CT6 7NE,2026-08-30 17:00:00+00:00,2026-08-30 23:00:00+00:00
Ibiza Radio 1 Ibiza Festival @ Swigg Swansea,The Swigg Swansea,Sa1 3rd,2026-08-30 13:00:00+00:00,2026-08-30 23:45:00+00:00
Swingfest 2026,Hu9 Club,HU9 1AS,2026-08-30 15:00:00+00:00,2026-08-31 04:00:00+00:00
Annual Beatles Convention Day 2026,The Adelphie Hotel,L3 5UL,2026-08-30 11:00:00+00:00,2026-08-30 23:45:00+00:00
Lazy Sunday Festival,Wold Farm Festival Field ,NN29 7XA,2026-08-30 12:00:00+00:00,2026-08-31 03:00:00+00:00
Party In Y Parc 2026,Y Parc   Holyhead,ll651bg,2026-08-30 12:00:00+00:00,2026-08-30 22:00:00+00:00
Push The Daytime,Brew York Craft Brewery And Tap Room,YO1 9TT,2026-08-30 14:00:00+00:00,2026-08-30 22:00:00+00:00
"KEPLER, LUUK VAN DIJK & MORE |MUZAK & Groovebox Mansfield",The Swan Mansfield,NG18 1AE,2026-08-30 13:00:00+00:00,2026-08-30 23:00:00+00:00
Emerge Music Festival Belfast,Boucher Road Playing Fields,BT12 6EU,2026-08-30 11:00:00+00:00,2026-08-30 23:00:00+00:00
MarkFest VIII,White Horse Inn,TA9 4LT,2026-08-30 16:00:00+00:00,2026-08-30 23:45:00+00:00
"Family Fest ft. K-Pop Live | Keel Square, Sunderland",Keel Square,SR1 3DZ,2026-08-31 11:00:00+00:00,2026-08-31 20:00:00+00:00
Raver Tots Outdoor Festival Southend,Garon Park   Southend On Sea,SS2 4FA,2026-08-31 12:00:00+00:00,2026-08-31 18:00:00+00:00
Raver Tots x Garage Nation Festival,Garon Park   Southend On Sea,SS2 4FA,2026-08-31 13:00:00+00:00,2026-08-31 18:00:00+00:00
LIDO Festival,"Victoria Park, London",E9 7DD,2026-08-31 11:00:00+00:00,2026-08-31 23:00:00+00:00
Lindisfarne Festival 2026,"Beal Farm, Northumberland, TD15 2PB",TD15 2PB,2026-09-03 11:00:00+00:00,2026-09-06 04:00:00+00:00
Music Worldwide Drum Camp,Hulver Farm,NR35 1NF,2026-09-03 14:00:00+00:00,2026-09-07 00:00:00+00:00
Burn It Down Festival 2026,The Foundry Torquay,TQ1 1ED,2026-09-03 15:00:00+00:00,2026-09-05 23:00:00+00:00
Existance Festival,Existance Festival,GL8 8RT,2026-09-03 14:00:00+00:00,2026-09-06 23:45:00+00:00
Lindisfarne Volunteers 2026,Beal Farm ,TD15 2PB,2026-09-03 15:00:00+00:00,2026-09-06 04:00:00+00:00
The Searchers and Hollies Experience,The Tivoli Theatre Wimborne,BH21 1LT,2026-09-03 19:30:00+00:00,2026-09-03 22:00:00+00:00
End of the Road Festival,Larmer Tree Gardens,SP5 5PT,2026-09-03 11:00:00+00:00,2026-09-06 23:00:00+00:00
Big London Tattoo Show,ExCel London,E16 1XL,2026-09-04 17:00:00+00:00,2026-09-06 19:00:00+00:00
Fields Of Gold Festival 2026,Tameside Stadium,OL7 9HG,2026-09-04 12:00:00+00:00,2026-09-05 22:00:00+00:00
CLAIRE RICHARDS & MORE| Love the 90s&00s Fest|Nottingham Castle,Nottingham Castle,NG1 6EL,2026-09-04 18:00:00+00:00,2026-09-04 22:00:00+00:00
Campfire Country Music Festival,East Park Hull,HU8 8LR,2026-09-04 15:00:00+00:00,2026-09-04 22:00:00+00:00
Undercover Festival,Rodney Parade Stadium,NP19 0UU,2026-09-04 14:00:00+00:00,2026-09-04 23:00:00+00:00
The British Country Music Festival,Winter Gardens Blackpool,FY1 1HL,2026-09-04 15:00:00+00:00,2026-09-06 18:00:00+00:00
Rock N Roll Circus Festival Sheffield,Don Valley Bowl,S9 5DP,2026-09-04 11:00:00+00:00,2026-09-06 23:00:00+00:00
Edge Fest,Lilliardsedge Holiday Park,TD8 6TZ,2026-09-04 11:00:00+00:00,2026-09-06 23:00:00+00:00
Fantasy Forest Libertalia,Hatfield House   Hatfield,AL9 5HX,2026-09-04 16:00:00+00:00,2026-09-06 19:00:00+00:00
Sound City Festival,Forest Row,RH185ey,2026-09-04 11:00:00+00:00,2026-09-06 23:00:00+00:00
Moseley Folk & Arts Festival,Moseley Park,B13 8DD,2026-09-04 11:00:00+00:00,2026-09-06 23:00:00+00:00
SOULTOWN - Festival 2026,Croydon Road Recreation Ground,BR3 3PR,2026-09-05 12:00:00+00:00,2026-09-05 23:00:00+00:00
Love to be... festival 2026,The Stray,HG2 8JR,2026-09-05 12:00:00+00:00,2026-09-05 23:00:00+00:00
Clubland Live On The Beach,Weston Super Mare Beach,BS23 1AL,2026-09-05 14:30:00+00:00,2026-09-05 22:30:00+00:00
Aden Music Festival 2026,"Aden Country Park, Mintlaw",AB42 5FQ,2026-09-05 11:00:00+00:00,2026-09-05 23:00:00+00:00
Opulence,Lumley Castle,DH3 4NX,2026-09-05 13:00:00+00:00,2026-09-05 22:30:00+00:00
Westhoughton Cricket Club Festival 2026,Westhoughton Cricket Club,BL5 2GG,2026-09-05 12:00:00+00:00,2026-09-05 21:30:00+00:00
The Bootleg Beatles ft. Live Orchestra | Nottingham Castle,Nottingham Castle,NG1 6EL,2026-09-05 18:00:00+00:00,2026-09-05 22:00:00+00:00
Live In Inverurie,Garioch Indoor Bowling Centre,AB51 4FR,2026-09-05 13:00:00+00:00,2026-09-05 23:00:00+00:00
"Summer Underground - Breakin Science, Jungle Mania, D&B Classics",Eutopia Warehouse,IG11 0DW,2026-09-05 14:00:00+00:00,2026-09-05 22:00:00+00:00
FOMO Fest 2026,Food Museum,IP14 1SL,2026-09-05 11:00:00+00:00,2026-09-05 22:00:00+00:00
Country Club - Outdoor Country Music Festival - Nottingham,Binks Yard,NG2 3BJ,2026-09-05 15:00:00+00:00,2026-09-05 22:00:00+00:00
Jazz on Wick 2026,Various Venues Hackney Wick,E9 5EF,2026-09-05 12:00:00+00:00,2026-09-05 22:30:00+00:00
House OF Eira - Castle Take-over Part II,Gwrych Castle Preservation Trust Ltd,LL22 8ET,2026-09-05 12:00:00+00:00,2026-09-05 22:00:00+00:00
Bootle Country Music Festival,Lock And Quay,L20 4AH,2026-09-05 14:00:00+00:00,2026-09-05 22:00:00+00:00
Garage Nation & House Nation Brick Lane Festival,93 Feet East,E1 6QL,2026-09-05 15:00:00+00:00,2026-09-05 23:00:00+00:00
Casa,Rodney Parade,NP19 0UU,2026-09-05 12:00:00+00:00,2026-09-05 23:00:00+00:00
Allday Indie - Open Air Outdoor Indie Festival - Cardiff,Tiger Yard,CF10 4GA,2026-09-05 15:00:00+00:00,2026-09-05 22:00:00+00:00
U Fest - Birmingham - XOYO - Saturday 5th September,XOYO,B9 4AG,2026-09-05 17:00:00+00:00,2026-09-05 23:00:00+00:00
Magic of Thailand Festival in London,"Ealing Common, Uxbridge Road, London W5 3HN",W5 3HN,2026-09-05 10:00:00+00:00,2026-09-06 19:00:00+00:00
Hella Rock Festival,HMV EMPIRE COVENTRY,CV1 1LF,2026-09-05 12:00:00+00:00,2026-09-05 23:45:00+00:00
Summer Outdoor Garage Festival - Studio 338 London,Studio 338,SE10 0PF,2026-09-05 14:00:00+00:00,2026-09-05 22:00:00+00:00
R&B Lovers - Saturday 5th September - Horizon Brighton,Horizon,BN1 1NB,2026-09-05 15:00:00+00:00,2026-09-05 21:00:00+00:00
MoultStone Festival,NN6 0AB,NN6 0AB,2026-09-05 12:00:00+00:00,2026-09-05 22:30:00+00:00
BeatMasters Outdoor Music Festival,East Park Hull,HU8 8LR,2026-09-05 12:00:00+00:00,2026-09-05 22:00:00+00:00
BEDFORD STREET RUM & REGGAE FESTIVAl,Bedford Street,CV32 5DY,2026-09-05 13:00:00+00:00,2026-09-05 22:30:00+00:00
Essential Saturday's,Boston Brothers @ DN31 Grimsby,DN31 1DG,2026-09-05 14:00:00+00:00,2026-09-05 22:00:00+00:00
Street Eat N Beats Festival 2026,"Central Park, Chelmsford",Cm2 0RW,2026-09-05 12:00:00+00:00,2026-09-05 22:30:00+00:00
Remember Them Dayz Fest - Birmingham - XOYO,XOYO,B9 4AG,2026-09-05 18:00:00+00:00,2026-09-05 23:00:00+00:00
Traco Charity Beer Festival,Aldershot Traction Club,GU11 3NE,2026-09-05 00:00:00+00:00,2026-09-05 21:00:00+00:00
Oracle-Club Vega,Club Vega,HU9 1BY,2026-09-05 21:00:00+00:00,2026-09-06 03:00:00+00:00
Manchester Psych Festival,Various Venues Around Manchester,M1 5QR,2026-09-05 12:00:00+00:00,2026-09-05 23:30:00+00:00
The George Harrison Project,The Civic   Brierley HIl.,DY5 3DA,2026-09-05 19:30:00+00:00,2026-09-05 22:00:00+00:00
We Are Family Festival 2026,Croydon Road Recreation Ground,BR3 3PR,2026-09-06 12:00:00+00:00,2026-09-06 20:00:00+00:00
Martin Kemp's Back to the 80s DJ Set | Nottingham Castle,Nottingham Castle,NG1 6EL,2026-09-06 17:30:00+00:00,2026-09-06 22:00:00+00:00
Shirley Social - Sunday 6th September,Shirley Park,B90 3AL,2026-09-06 10:00:00+00:00,2026-09-06 18:00:00+00:00
We Love it Outdoor Tribute Festival Hull September- 2026,East Park Hull,HU8 8LR,2026-09-06 12:00:00+00:00,2026-09-06 22:00:00+00:00
Willenhall Lock Stock,Willenhall Memorial Park,WV13 2PW,2026-09-06 11:00:00+00:00,2026-09-06 21:00:00+00:00
Edinburgh Psych Fest,Various Venues Across Edinburgh,EH1 1AB,2026-09-06 11:00:00+00:00,2026-09-06 23:00:00+00:00
Mucky Weekender Festival 2026,Vicarage Farm,SO21 3BL,2026-09-10 14:00:00+00:00,2026-09-13 02:00:00+00:00
Onboard the Craft 2026,Stoke Prior Sports  And  Country Club,B60 4AL,2026-09-10 16:00:00+00:00,2026-09-13 01:00:00+00:00
Retrospective Festival 2026,Sherdley Park,WA9 5DE,2026-09-11 17:00:00+00:00,2026-09-11 23:00:00+00:00
Save The Rave X Future Headliners,Royal Cornwall Showground,PL27 7JE,2026-09-11 11:00:00+00:00,2026-09-11 22:00:00+00:00
The Big Retreat Festival,Abbots Ripton,PE28 2PH,2026-09-11 09:00:00+00:00,2026-09-13 23:00:00+00:00
FeastyFest 2026,"Cheam Park, Sutton, Surrey, SM3 8BP",SM3 8BP,2026-09-12 11:00:00+00:00,2026-09-13 20:30:00+00:00
FLY Festival Edinburgh 2026,Ross Bandstand,EH2 3AA,2026-09-12 13:00:00+00:00,2026-09-13 22:00:00+00:00
RUN All Day 2026,Sawmills,BS5 0TN,2026-09-12 13:00:00+00:00,2026-09-12 22:00:00+00:00
Heyside Cricket Club Festival 2026,Heyside Cricket Club,OL2 6ND,2026-09-12 12:00:00+00:00,2026-09-12 21:30:00+00:00
Run Away presents OUT RUN FESTIVAL,Kent County Showground,ME14 3JF,2026-09-12 12:00:00+00:00,2026-09-12 22:30:00+00:00
"Save The Rave: Old Skool Outdoor Festival, Cornwall 2026",Royal Cornwall Showground,PL27 7JE,2026-09-12 12:00:00+00:00,2026-09-12 22:00:00+00:00
Betley Boogie Farm 2026!,Betley Court Farm,CW3 9BH,2026-09-12 14:00:00+00:00,2026-09-12 22:30:00+00:00
Country on the Castle - Tonbridge,Tonbridge Castle,TN9 1BG,2026-09-12 14:00:00+00:00,2026-09-12 22:00:00+00:00
Isle Of Wight Dance Weekender - Summer Closing Party,Robin Hill Advenutre Park,PO30 2NU,2026-09-12 12:00:00+00:00,2026-09-12 23:45:00+00:00
Allday Indie Outdoor Festival - Birmingham,Luna Springs Digbeth ,B9 4AG,2026-09-12 15:00:00+00:00,2026-09-12 22:00:00+00:00
Reminisce Festival 2026,Sherdley Park,WA9 5DE,2026-09-12 12:00:00+00:00,2026-09-12 23:00:00+00:00
Road to Nashville Indoor Rodeo Show | MECA,Meca Swindon,SN1 1PR,2026-09-12 14:00:00+00:00,2026-09-12 22:00:00+00:00
"RNB MANIA | Birmingham, Under The Arches | R&B Fest",LAB11,B5 5NL,2026-09-12 15:00:00+00:00,2026-09-12 23:00:00+00:00
The Garage Garden at Halleys Comet,Halleys Comet,MK13 7AW,2026-09-12 13:00:00+00:00,2026-09-12 23:45:00+00:00
Country Club -  Country Music Terrace Party- Bournemouth,Aruba Bar And Restaurant,BH2 5AA,2026-09-12 15:00:00+00:00,2026-09-12 22:00:00+00:00
"Rhinestone Fest: London, September 12th",Between The Bridges,SE1 8XX,2026-09-12 17:00:00+00:00,2026-09-12 23:00:00+00:00
Other Worlds Festival,The Hobbit,SO14 0JZ,2026-09-12 15:30:00+00:00,2026-09-12 23:30:00+00:00
OVER 30's CLUB - Daytime Open Air Festival - Nottingham,Binks Yard,NG2 3BJ,2026-09-12 15:00:00+00:00,2026-09-12 22:00:00+00:00
WildStyle Radio Festival,Higginson Park ,SL7 2AE,2026-09-12 11:00:00+00:00,2026-09-12 23:00:00+00:00
Next Wave,Bootleg Social ,FY1 3AQ,2026-09-12 15:00:00+00:00,2026-09-12 23:00:00+00:00
FOMO Multi Genre Music Festival,The Rainton Arena,DH4 5PH,2026-09-12 12:00:00+00:00,2026-09-12 23:00:00+00:00
Girls Like R&B - Summer Open-Air Festival - Sat 12th September,LDN EAST,E16 4SH,2026-09-12 15:00:00+00:00,2026-09-12 22:00:00+00:00
Sonic Boom,Market Place Burton On Trent DE14 1HA.,DE14 1HA,2026-09-12 11:00:00+00:00,2026-09-12 23:00:00+00:00
Waterworks Festival,Gunnersbury Park,W3 8LQ,2026-09-12 10:00:00+00:00,2026-09-12 23:00:00+00:00
DogFest on the Farm,Harewood House,LS17 9LG,2026-09-12 09:30:00+00:00,2026-09-13 16:30:00+00:00
Down At The Abbey,Reading Abbey Ruins,RG1 3HW,2026-09-12 11:00:00+00:00,2026-09-13 23:00:00+00:00
Allo Allo Weekend,"Moore Place Hotel, BW Signature Collection, UK",MK17 8DW,2026-09-12 14:00:00+00:00,2026-09-13 11:00:00+00:00
Raver Tots Outdoor Festival Hertfordshire,Berkhamsted Cricket Club,HP4 1HE,2026-09-13 13:00:00+00:00,2026-09-13 18:00:00+00:00
We Love it Outdoor Tribute Festival Malmsbury - September 2026,Charlton Park Estate,SN16 9LL,2026-09-13 12:00:00+00:00,2026-09-13 22:00:00+00:00
One More Jam 2026,Eutopia Whs,IG11 0DW,2026-09-13 14:00:00+00:00,2026-09-13 22:00:00+00:00
Equinox Festival 2026,Scholey Park,LN4 4PD,2026-09-17 12:00:00+00:00,2026-09-21 23:00:00+00:00
Morecambe Poetry Festival 2026 18th to 20th September,Morecambe Winter Gardens,LA4 4BU,2026-09-18 19:00:00+00:00,2026-09-20 23:00:00+00:00
Staithes Country Music Weekender,Staithes Athletic Club,TS13 5AY,2026-09-18 13:00:00+00:00,2026-09-19 23:45:00+00:00
Sounds of the 60s,"Verwood Hub, UK",BH31 7QE,2026-09-18 19:30:00+00:00,2026-09-18 22:00:00+00:00
Bats in the Attic 2026,Alhambra Live,LA4 4EU,2026-09-18 18:30:00+00:00,2026-09-20 02:00:00+00:00
Complete Stone Roses Live In The Big Top,Queens Park Recreation,G42 8QR,2026-09-19 13:00:00+00:00,2026-09-19 23:00:00+00:00
Leigh Cricket club Festival 2026,Leigh Cricket Club,WN7 3LH,2026-09-19 12:00:00+00:00,2026-09-19 21:30:00+00:00
The History of Jungle - CARDIFF,Depot,CF10 5DF,2026-09-19 14:00:00+00:00,2026-09-19 23:00:00+00:00
Trancecoda & Groovebox pres. Shine Open Air with Paul van Dyk,Binks Yard,NG2 3BJ,2026-09-19 14:00:00+00:00,2026-09-19 22:00:00+00:00
Send it 100! @ Pitt St. Skatepark,Pitt St Skatepark,PO1 4AY,2026-09-19 11:00:00+00:00,2026-09-20 23:00:00+00:00
Colne Cricket Club Music Festival 2026,Colne Cricket Club,BB8 0RF,2026-09-19 12:00:00+00:00,2026-09-19 20:00:00+00:00
Sex Pistols Exposé/ Lizzie & The Banshees/ Clashed/ Damned Ruts,Leeds Irish Centre,LS9 9NT,2026-09-19 17:00:00+00:00,2026-09-20 01:00:00+00:00
LEGACY outdoors summer closing party,Eutopia,IG11 0DW,2026-09-19 14:00:00+00:00,2026-09-19 23:00:00+00:00
Back To The 90s Festival - Saturday 19th Sept - O2 Academy,O2 Academy Bournemouth,BH1 4BH,2026-09-19 19:00:00+00:00,2026-09-20 00:00:00+00:00
Soultrane Festival,Mandela Hall,BT7 1NF,2026-09-19 19:00:00+00:00,2026-09-20 00:00:00+00:00
Cookout - Rooftop Festival - Birmingham - XOYO,XOYO Rooftop,B9 4AG,2026-09-19 16:00:00+00:00,2026-09-19 22:00:00+00:00
Allo Allo Weekend,Mercure Gloucester Bowden Hall Hotel,GL4 8ED,2026-09-19 14:00:00+00:00,2026-09-20 11:00:00+00:00
Garristonbury 26,The Garrison Barnsley,S70 2HZ,2026-09-20 14:00:00+00:00,2026-09-20 22:30:00+00:00
Liverpool Independent Freshers Fair 2026,Einstein Bier Haus,L1 4AN,2026-09-22 11:00:00+00:00,2026-09-22 17:00:00+00:00
Deepdale Festival,Deepdale Camping And Rooms,PE31 8DD,2026-09-24 17:00:00+00:00,2026-09-27 22:30:00+00:00
St George's Hall Beer Festival,St George's Hall,L1 1JJ,2026-09-24 16:00:00+00:00,2026-09-27 18:00:00+00:00
Unfussy Festival: Morgan Seatree,Gateshead International Stadium,NE10 0EF,2026-09-25 15:00:00+00:00,2026-09-25 23:00:00+00:00
Origins Festival,Hereford Racecourse Roman Road Hereford HR4 9QU,HR4 9QU,2026-09-25 18:00:00+00:00,2026-09-26 23:30:00+00:00
Nottingham's Summer Fiesta 2026 | VAMOS X LA BOMBA | Binks Yard,Binks Yard,NG2 3BJ,2026-09-25 16:00:00+00:00,2026-09-25 22:00:00+00:00
"Beyond Boundaries w/ Max Dean, Hybrid Minds, MK, Wilkinson +more",Stanmer Park,BN1 9SE,2026-09-26 12:00:00+00:00,2026-09-26 22:00:00+00:00
Second Speed Accelerate Festival 2026,Gateshead International Stadium,NE10 0EF,2026-09-26 13:00:00+00:00,2026-09-26 23:00:00+00:00
Ramsbottom Cricket Club Festival 2026,Ramsbottom Cricket Club,BL0 0AT,2026-09-26 12:00:00+00:00,2026-09-26 21:30:00+00:00
Road to Nashville Indoor Rodeo Show | LAB11,LAB11,B5 5NL,2026-09-26 14:00:00+00:00,2026-09-26 22:00:00+00:00
MCR ROCKS Family Festival 2026,Clifton Cricket Club,M27 6NB,2026-09-26 00:00:00+00:00,2026-09-26 22:00:00+00:00
RNB MANIA | Newcastle's R&B Festival,NX Newcastle,NE1 1SW,2026-09-26 15:00:00+00:00,2026-09-26 21:00:00+00:00
"Oktoberfest | SWG3, Glasgow",SWG3,G3 8QG,2026-09-26 12:00:00+00:00,2026-09-26 22:30:00+00:00
Allday Indie Indoor Festival - Margate,Dreamland,CT9 1XJ,2026-09-26 15:00:00+00:00,2026-09-26 20:00:00+00:00
RNB MANIA | Southampton's R&B Festival,EngineRooms,SO15 1GZ,2026-09-26 15:00:00+00:00,2026-09-26 21:00:00+00:00
R&B Rooftop Party - Saturday 26th September - Freight Brixton,Freight Brixton,SW9 8JH,2026-09-26 17:00:00+00:00,2026-09-26 23:00:00+00:00
Founded On The Beach - Brighton,Horizon,BN1 1NB,2026-09-26 15:00:00+00:00,2026-09-26 22:00:00+00:00
Homobloc 2026,Depot Mayfield,M1 2PY,2026-09-26 17:00:00+00:00,2026-09-27 04:00:00+00:00
Float Along Festival,"Various Venues, Sheffield",S2 2BT,2026-09-26 11:00:00+00:00,2026-09-26 23:00:00+00:00
Clubland Live Weekender 2026,Winter Gardens,FY1 1HL,2026-10-02 18:00:00+00:00,2026-10-04 00:00:00+00:00
Woodland Dance Project - Edinburgh 2026,Vogrie Country Park,EH23 4NU,2026-10-03 12:00:00+00:00,2026-10-03 23:00:00+00:00
"Oktoberfest | LiveHouse, Dundee | SATURDAY",Live House Dundee,DD1 4EH,2026-10-03 12:00:00+00:00,2026-10-03 21:00:00+00:00
Country Club - Country Festival - Xoyo - Birmingham,XOYO,B9 4AG,2026-10-03 17:00:00+00:00,2026-10-03 23:00:00+00:00
RAISE YOUR HORN FESTIVAL Saturday 03/10/26,The Assembly Leamington,CV31 3NF,2026-10-03 15:30:00+00:00,2026-10-03 23:00:00+00:00
Cheshire Guitar Show,Crewe Alexandra  Crewe CW2 6EB,CW2 6EB,2026-10-04 10:00:00+00:00,2026-10-04 15:00:00+00:00
Beyond The Music 2026,Media City UK,M50 2eq,2026-10-07 09:00:00+00:00,2026-10-09 23:45:00+00:00
The Searchers and Hollies Experience,Artrix,B60 1GN,2026-10-08 19:30:00+00:00,2026-10-08 22:00:00+00:00
SOS Weekender 2026,Last Drop Village Hotel and Spa,BL7 9PZ,2026-10-09 15:00:00+00:00,2026-10-11 03:00:00+00:00
GLUESNORT: The Friday Night,The Cab   Newport,NP20 4AB,2026-10-09 19:30:00+00:00,2026-10-09 23:00:00+00:00
Oktoberfest on the Common - Friday 9th Oct 2026,Clapham Common,SW4 9AT,2026-10-09 17:00:00+00:00,2026-10-09 23:00:00+00:00
The Searchers and Hollies Experience,The Terry O'Toole Theatre,LN6 9AX,2026-10-09 19:30:00+00:00,2026-10-09 22:00:00+00:00
Sounds of the 60s with The Zoots,Cornerstone Arts Centre,OX11 7NE,2026-10-09 19:30:00+00:00,2026-10-09 22:00:00+00:00
"Girls Night Out | Freight Island, Manchester",Freight Island,M1 2PZ,2026-10-10 14:00:00+00:00,2026-10-10 22:00:00+00:00
"Oktoberfest | Ultra Warehouse, Derby",Ultra Warehouse,DE21 6HA,2026-10-10 13:00:00+00:00,2026-10-10 23:00:00+00:00
GLUESNORT: The Saturday,LePub,NP20 1fw,2026-10-10 14:00:00+00:00,2026-10-10 23:00:00+00:00
Tigerfest 2026 Saturday/Sunday Combo,The Rigger,ST5 1BT,2026-10-10 16:00:00+00:00,2026-10-11 20:00:00+00:00
Tigerfest 2026,The Rigger Venue,ST5 1BT,2026-10-10 16:00:00+00:00,2026-10-10 23:00:00+00:00
Oktoberfest on the Common - Evening session - Sat 10th Oct 2026,Clapham Common,SW4 9AT,2026-10-10 18:00:00+00:00,2026-10-10 23:00:00+00:00
Oktoberfest on the Common - Day session - Saturday 10th Oct 2026,Clapham Common,SW4 9AT,2026-10-10 11:00:00+00:00,2026-10-10 16:00:00+00:00
The George Harrison Project,The Seagull Theatre ,NR33 0JH,2026-10-10 19:30:00+00:00,2026-10-10 22:00:00+00:00
Allday Indie Indoor Festival - Liverpool,Camp And Furnace,L1 0BY,2026-10-10 16:00:00+00:00,2026-10-10 21:00:00+00:00
Tigerfest 2026 Sunday Acoustic Wind Down,The Artisan Tap,ST4 6AF,2026-10-11 15:30:00+00:00,2026-10-11 20:00:00+00:00
Goth City Festival 2026,Leeds City Centre,LS1 4AF,2026-10-12 19:30:00+00:00,2026-10-18 02:00:00+00:00
The Golden Age of Brazilian Music - Live @The Blakehay Theatre,The Blakehay Theatre,BS2 1JZ,2026-10-13 19:30:00+00:00,2026-10-13 21:00:00+00:00
The Searchers and Hollies Experience,Norden Farm Centre For The Arts.,SL6 4PF,2026-10-14 19:30:00+00:00,2026-10-14 22:00:00+00:00
The Searchers and Hollies Experience,"The Landmark Theatre, UK",EX34 9BZ,2026-10-15 19:30:00+00:00,2026-10-15 22:00:00+00:00
Sŵn Festival,Cardiff City Centre,CF1 2hq,2026-10-15 11:00:00+00:00,2026-10-17 23:00:00+00:00
"Oktoberfest | Binks Yard, Nottingham",Binks Yard,NG2 3BJ,2026-10-16 17:30:00+00:00,2026-10-17 22:00:00+00:00
"Future Days w/ Working Men's Club, Ulrika Spacek & more",The Crossing Digbeth,B5 5SU,2026-10-16 19:00:00+00:00,2026-10-16 23:30:00+00:00
Oktoberfest on the Common - Friday 16th Oct 2026,Clapham Common,SW4 9AT,2026-10-16 17:00:00+00:00,2026-10-16 23:00:00+00:00
Sounds of the 60s with The Zoots,The Beehive,EX14 1LZ,2026-10-16 19:30:00+00:00,2026-10-16 22:00:00+00:00
"Future Days w/ Adult DVD, Gans, Pebbledash, Personal Trainer +",The Crossing Digbeth,B5 5SU,2026-10-17 15:00:00+00:00,2026-10-17 23:30:00+00:00
"Oktoberfest | Boxpark, Liverpool",Boxpark Liverpool,L8 5XJ,2026-10-17 12:00:00+00:00,2026-10-17 22:00:00+00:00
Oktoberfest on the Common - Day session - Saturday 17th Oct 2026,Clapham Common,SW4 9AT,2026-10-17 11:00:00+00:00,2026-10-17 16:00:00+00:00
Oktoberfest on the Common - Evening session - Sat 17th Oct 2026,Clapham Common,SW4 9AT,2026-10-17 18:00:00+00:00,2026-10-17 23:00:00+00:00
Allday Indie Indoor Festival - London,Boxpark Wembley,HA9 0JT,2026-10-17 17:00:00+00:00,2026-10-17 22:00:00+00:00
Sounds of the 60s,Cheltenham Playhouse Theatre,GL53 7HG,2026-10-17 19:30:00+00:00,2026-10-17 22:00:00+00:00
Circu5 at Summer's End Festival,Chepstow Drill Hall,NP16 5HJ,2026-10-18 12:00:00+00:00,2026-10-18 22:30:00+00:00
Rock am River 2026,The New Continental,PR1 8JP,2026-10-23 17:15:00+00:00,2026-10-24 22:15:00+00:00
Oktoberfest on the Common - Friday 23rd Oct 2026,Clapham Common,SW4 9AT,2026-10-23 17:00:00+00:00,2026-10-23 23:00:00+00:00
Mutations Festival,"Multiple Venues, Brighton",BN1 1NJ,2026-10-23 11:00:00+00:00,2026-10-24 23:00:00+00:00
Inverness Goes Large!,Inverness Leisure Centre,IV3 5SS,2026-10-24 15:00:00+00:00,2026-10-24 23:00:00+00:00
"Oktoberfest | Keele SU, Stoke | SATURDAY",Keele SU (Keele University Students' Union),ST5 5BJ,2026-10-24 15:00:00+00:00,2026-10-25 00:30:00+00:00
Oktoberfest on the Common - Evening session - Sat 24th Oct 2026,Clapham Common,SW4 9AT,2026-10-24 18:00:00+00:00,2026-10-24 23:00:00+00:00
Oktoberfest on the Common - Day session - Saturday 24th Oct 2026,Clapham Common,SW4 9AT,2026-10-24 11:00:00+00:00,2026-10-24 16:00:00+00:00
Margate Rock Festival,Dreamland,CT9 1XJ,2026-10-24 11:00:00+00:00,2026-10-24 23:00:00+00:00
Sounds of the 70s,The Spring Arts And Heritage Centre,PO9 1BS,2026-10-29 20:00:00+00:00,2026-10-29 22:00:00+00:00
Second Speed Accelerate: VIEZE ASBAK  (ALL DAY LONG),Gateshead International Stadium,NE10 0EF,2026-10-30 16:30:00+00:00,2026-10-30 23:00:00+00:00
FearFest 2026,Sheffield TBA (Venue Announced Soon),S60 1DD,2026-10-30 17:00:00+00:00,2026-10-31 02:00:00+00:00
Revenant IV - Whitby Goth Weekend (WGW) - Autumn,Royal Hotel Whitby,YO21 3HA,2026-10-30 18:00:00+00:00,2026-11-01 23:45:00+00:00
Tomorrow's Ghosts Festival,Whitby Pavilion,YO21 3EN,2026-10-30 11:00:00+00:00,2026-10-31 23:00:00+00:00
Run Away Halloween 2026 - Chelmsford Racecourse Essex,Chelmsford Racecourse,CM3 1QP,2026-10-31 12:00:00+00:00,2026-10-31 22:30:00+00:00
Ben Hemsley & Ewan McVicar Halloween Day -  Newcastle,Gateshead Stadium,NE10 0EF,2026-10-31 13:30:00+00:00,2026-10-31 23:00:00+00:00
Sidewinder Halloween Festival 2026,Bowlers Exhibition Centre,M17 1SN,2026-10-31 16:00:00+00:00,2026-11-01 04:00:00+00:00
Zombie Fest 9 - East Anglia's Biggest Indoor Halloween Festival,"Cambridge Junction, England",CB1 7GX,2026-10-31 15:00:00+00:00,2026-10-31 23:00:00+00:00
Deaf Rave Festival 2026 - Daytime,Rich Mix,E1 6LA,2026-10-31 11:00:00+00:00,2026-10-31 17:00:00+00:00
Sex Pistols Exposé/Lizzie & The Banshees/Clashed/We'll be Damned,The Hairy Dog,DE1 1HT,2026-10-31 17:00:00+00:00,2026-10-31 23:45:00+00:00
ScareFest 2026 - Silent Disco,Hangar 34,L1 0BS,2026-10-31 16:00:00+00:00,2026-10-31 22:00:00+00:00
Rabidfest,The Bullingdon,OX4 1UE,2026-10-31 11:00:00+00:00,2026-11-01 23:00:00+00:00
Pitchfork Music Festival London,"Multiple Venues, London",SW18 2DY,2026-11-02 11:00:00+00:00,2026-11-08 23:00:00+00:00
Hard Rock Hell,Vauxhall Holiday Park,NR30 1TB,2026-11-04 11:00:00+00:00,2026-11-08 23:00:00+00:00
We Call it Dance Weekender,Butlins,PE25 1NJ,2026-11-06 14:00:00+00:00,2026-11-09 10:00:00+00:00
"Whitby Blues, Rhythm & Rock Festival",Whitby Pavilion,YO21 3EN,2026-11-06 11:00:00+00:00,2026-11-08 23:00:00+00:00
All Back To Minehead,Butlins Resort,TA24 5SH,2026-11-06 11:00:00+00:00,2026-11-09 23:00:00+00:00
Damnation 2026,BEC Arena,M17 1SN,2026-11-07 11:00:00+00:00,2026-11-08 23:45:00+00:00
Exchange Takeover,Exchange Bristol,BS2 0EJ,2026-11-07 12:30:00+00:00,2026-11-07 22:00:00+00:00
Reading Rising 2026,The FaceBar,RG1 7JE,2026-11-07 12:00:00+00:00,2026-11-08 23:00:00+00:00
Shiiine On Weekender - Minehead,Butlins Minehead Resort,TA24 5SH,2026-11-13 11:00:00+00:00,2026-11-15 23:00:00+00:00
EFG London Jazz Festival,Southbank Centre,SE1 8XX,2026-11-18 11:00:00+00:00,2026-11-22 23:00:00+00:00
Loud & Clear,Multiple Venues,L1 4BE,2026-11-21 15:00:00+00:00,2026-11-21 23:00:00+00:00
RNB MANIA | Brighton's R&B Festival,Quarters Brighton,BN1 1NB,2026-11-21 15:00:00+00:00,2026-11-21 21:00:00+00:00
Lincs Fest,The Engine Shed,LN6 7TS,2026-11-27 18:00:00+00:00,2026-11-27 23:00:00+00:00
Novacaine Festival 2026,Corporation Sheffield,S1 4JU,2026-11-28 13:00:00+00:00,2026-11-28 23:00:00+00:00
The George Harrison Project,"The Mill Arts Centre, Banbury",OX16 5QE,2026-11-28 19:30:00+00:00,2026-11-28 22:00:00+00:00
The George Harrison Project,The Exchange ,TW1 1BE,2026-11-29 18:00:00+00:00,2026-11-29 20:30:00+00:00
Strictly Bangerz Indoor Winter Festival,SWG3,G3 8QG,2026-12-04 21:00:00+00:00,2026-12-05 03:00:00+00:00
Sounds of the 70s,The Regent Christchurch,BH23 1AS,2026-12-04 19:30:00+00:00,2026-12-04 22:00:00+00:00
Bloodstock Winter Gathering,KK's Steel Mill,WV2 4DU,2026-12-05 11:00:00+00:00,2026-12-05 23:00:00+00:00
The Ho Ho Hoedown 2026 - Country Christmas Festival,Norbreck Castle Hotel,FY2 9AA,2026-12-11 14:45:00+00:00,2026-12-13 04:00:00+00:00
"VIOLENT NIGHT - The Bread Shed, Manchester",The Bread Shed,M1 7HL,2026-12-12 12:00:00+00:00,2026-12-13 22:30:00+00:00
Christmas Brunch Festival,BALLIN' Maidstone,ME14 1SD,2026-12-12 11:30:00+00:00,2026-12-12 15:00:00+00:00
The George Harrison Project,The Stag Plaza,TN13 1ZZ,2026-12-12 19:30:00+00:00,2026-12-12 22:00:00+00:00
The Christmas Tree Murder Mystery,ARTA,G1 1PA,2026-12-13 19:00:00+00:00,2026-12-13 22:30:00+00:00
Moon Festival 2026 [New Year's Eve],Sawmills,BS5 0TN,2026-12-31 18:00:00+00:00,2027-01-01 03:00:00+00:00
The George Harrison Project,"Millfield Theatre, UK",N18 1PJ,2027-01-16 19:30:00+00:00,2027-01-16 22:00:00+00:00
The George Harrison Project,Guildhall Arts Centre,NG31 6PZ,2027-01-22 19:30:00+00:00,2027-01-22 22:00:00+00:00
OUTLOUD! Festival - Manchester,The Deaf Institute,M1 7HE,2027-01-23 14:30:00+00:00,2027-01-23 22:00:00+00:00
Rock the Gardens,Winter Gardens Blackpool,FY1 1HL,2027-01-29 11:00:00+00:00,2027-01-30 23:00:00+00:00
The George Harrison Project,The Deco,NN1 4AE,2027-01-30 19:30:00+00:00,2027-01-30 22:00:00+00:00
Sounds of the 60s,The Lights,SP10 1AH,2027-02-12 19:30:00+00:00,2027-02-12 22:00:00+00:00
60's & 70's Music Weekender,Shorefield Caravan Park,SO41 0LH,2027-03-05 18:30:00+00:00,2027-03-07 23:00:00+00:00
Southport Weekender,Butlins Bognor Regis Resort,PO21 1JJ,2027-03-05 11:00:00+00:00,2027-03-07 23:00:00+00:00
Hospitality Weekender 2027,Butlins Bognor Regis Resort,PO21 1JJ,2027-03-12 14:00:00+00:00,2027-03-15 10:00:00+00:00
Country to Country - Manchester,Manchester AO Arena,M1 1AD,2027-03-12 11:00:00+00:00,2027-03-14 23:00:00+00:00
Country to Country - Glasgow,OVO Hydro,G3 8YW,2027-03-12 11:00:00+00:00,2027-03-14 23:00:00+00:00
Country to Country - London,The O2,SE10 0DX,2027-03-12 11:00:00+00:00,2027-03-14 23:00:00+00:00
Manchester Punk Festival,"Multiple Venues, Northern Quarter",M4 1HP,2027-03-26 11:00:00+00:00,2027-03-28 23:00:00+00:00
Stockton Callilng,ARC Stockton Arts Centre,TS18 1LL,2027-03-27 11:00:00+00:00,2027-03-27 23:00:00+00:00
Scarborough Punk Festival,Scarborough Spa,YO11 2HD,2027-04-03 11:00:00+00:00,2027-04-04 23:00:00+00:00
This Feeling By The Sea,Bridlington Spa,YO15 3JH,2027-04-09 15:00:00+00:00,2027-04-10 23:00:00+00:00
Jack up the 60s,"Shanklin Theatre, UK",PO37 6AJ,2027-04-17 19:30:00+00:00,2027-04-17 22:00:00+00:00
Bonfest 2027,Bonfest Festival Site Kirriemuir DD8 5PU,DD8 5PU,2027-04-30 11:00:00+00:00,2027-05-02 23:00:00+00:00
Live in Loch Goil 2027,Lochgoilhead Village Hall,PA24 8AQ,2027-04-30 17:00:00+00:00,2027-05-02 22:30:00+00:00
Blackpool Young Farmers DIY AGM 2027,Olympia Winter Gardens,FY1 1HL,2027-04-30 12:00:00+00:00,2027-05-02 22:00:00+00:00
Shuffley Daze Music Festival,Three Pools,NP7 8NL,2027-04-30 11:00:00+00:00,2027-05-03 13:00:00+00:00
Teddy Rocks Festival,Charisworth Farm Cottage,DT11 9AL,2027-04-30 11:00:00+00:00,2027-05-02 23:00:00+00:00
Mint Festival 2027,Newsam Green Farm,LS15 9AD,2027-05-01 10:00:00+00:00,2027-05-02 22:00:00+00:00
Manchester Forever,Bowlers Exhibition Centre,M17 1SN,2027-05-01 14:00:00+00:00,2027-05-01 23:45:00+00:00
BACK IN TIME Festival 2027,ESHER RUGBY CLUB,KT12 3PF,2027-05-01 12:00:00+00:00,2027-05-01 22:00:00+00:00
Brixton Disco Festival 2027,Multiple Venues Brixton,SW2 1EF,2027-05-01 14:00:00+00:00,2027-05-02 02:00:00+00:00
Pavilion Festival 2027,Low Green Ayr,KA7 1DR,2027-05-01 12:00:00+00:00,2027-05-01 22:30:00+00:00
Wanderlust Festival Southhampton,Multi Venue Southampton,SO14 1JX,2027-05-01 11:00:00+00:00,2027-05-02 23:00:00+00:00
Groovebox In The Park 2027,Venue TBA,NG8 2AE,2027-05-02 13:00:00+00:00,2027-05-02 23:00:00+00:00
The Great Escape,Brighton Dome And Various Venues,BN1 1UE,2027-05-12 11:00:00+00:00,2027-05-15 23:00:00+00:00
One Drop Reggae & Ska Festival,The Country Park,HU13 0HB,2027-05-21 16:00:00+00:00,2027-05-22 23:00:00+00:00
Manchester Jazz Festival,First Street Bar And Kitchen,M15 4RP,2027-05-21 11:00:00+00:00,2027-05-30 23:00:00+00:00
Cafe Mambo Ibiza Classics at Coombe Abbey 2027,Coombe Abbey ,CV3 2AB,2027-05-22 13:00:00+00:00,2027-05-22 23:00:00+00:00
Bearded Theory,Catton Hall,DE12 8LN,2027-05-26 11:00:00+00:00,2027-05-30 23:00:00+00:00
Buckle & Boots Country Festival,Whitebottom Farm,SK6 5JQ,2027-05-27 11:00:00+00:00,2027-05-30 23:00:00+00:00
Hay Festival,Dairy Meadows,HR3 5PJ,2027-05-27 11:00:00+00:00,2027-06-06 23:00:00+00:00
Ascendancy Festival,Thornborough Events,B38 9EH,2027-05-27 11:00:00+00:00,2027-05-31 23:00:00+00:00
Buckle & Boots Country Festival,Etherow Country Park,SK6 5JD,2027-05-27 11:00:00+00:00,2027-05-30 23:00:00+00:00
Call Of The Wild Festival,Lincolnshire Showground,LN2 2NA,2027-05-27 11:00:00+00:00,2027-05-30 23:00:00+00:00
In It Together 2027,Old Park Farm Margam In Port Talbot,SA13 2TG,2027-05-28 12:00:00+00:00,2027-05-30 23:45:00+00:00
Coalesce Festival 2027,Three Pools,NP7 8NL,2027-05-28 13:00:00+00:00,2027-05-31 02:00:00+00:00
The Beat Goes On.... 2027,Oxwick Farm,BS37 6PA,2027-05-28 12:00:00+00:00,2027-05-31 12:00:00+00:00
TN90's Festival Tonbridge 2027,Tonbridge Race Course,TN9 1HR,2027-05-28 16:00:00+00:00,2027-05-31 19:00:00+00:00
Country In The Country 2027 - ELY,Ely Secret Venue (TBA),CB7 4BB,2027-05-28 17:00:00+00:00,2027-05-28 23:00:00+00:00
Little Fields Festival: 2027,Secret Venue Wales,NP7 8NL,2027-05-28 08:30:00+00:00,2027-05-31 03:00:00+00:00
Meadow Fest,"Rangers Lodge, Cornbury Park,",OX7 3HL,2027-05-28 14:30:00+00:00,2027-05-30 23:00:00+00:00
The Big Retreat Festival,The Big Retreat Wales,SA68 0PW,2027-05-28 11:00:00+00:00,2027-05-31 23:00:00+00:00
Shindig Festival,Charlton Park Estate,SN16 9LL,2027-05-28 11:00:00+00:00,2027-05-30 23:00:00+00:00
Bournemouth7s Festival,Bournemouth University Sports Campus,BH23 6BL,2027-05-28 11:00:00+00:00,2027-05-30 23:00:00+00:00
Meadow Fest,The Big Park,HP7 0PL,2027-05-28 11:00:00+00:00,2027-05-30 23:00:00+00:00
Run Away Festival 2027 - Bank Hol Sat 29 & Sun 30 May - Essex,Chelmsford Racecourse,CM3 1QP,2027-05-29 12:00:00+00:00,2027-05-30 22:30:00+00:00
The Gathering 2027,Inverness Northern Meeting Park,IV3 5NN,2027-05-29 11:30:00+00:00,2027-05-29 22:30:00+00:00
The Invasion: 5.0 - A New Dawn,***Secret Location***,B1 1AA,2027-05-29 13:00:00+00:00,2027-05-29 23:00:00+00:00
The Essex Ska & Reggae Festival 2027,Harlow Rugby Club,CM20 3FD,2027-05-29 14:00:00+00:00,2027-05-29 23:30:00+00:00
Vernon Carus Britpop Weekender 2027,Vernon Carus Sports Club,PR1 9SN,2027-05-29 17:00:00+00:00,2027-05-30 23:00:00+00:00
Field Day,Brockwell Park   London,SE24 0NG,2027-05-29 11:00:00+00:00,2027-05-29 23:00:00+00:00
Benisoul  Blackpool  Comedy Carpet 2027,The Blackpool Tower,FY1 4BJ,2027-05-29 12:00:00+00:00,2027-05-30 18:00:00+00:00
Dot To Dot Festival,Bristol And Nottingham (Multiple Venues),BS1 5NA,2027-05-29 11:00:00+00:00,2027-05-30 23:00:00+00:00
Godskitchen XXX : Birmingham,The Digbeth Triangle,B9 4AG,2027-05-30 14:00:00+00:00,2027-05-31 04:00:00+00:00
Groove is in the Park 2027,Harlow Rugby Club,CM20 3FD,2027-05-30 14:00:00+00:00,2027-05-30 22:30:00+00:00
Land Beyond Festival 2027,East Brighton Park,BN2 5PB,2027-05-30 12:00:00+00:00,2027-05-30 22:00:00+00:00
Ely Fest - Family Festival 2027,Ely Secret Venue (TBA),CB7 4BB,2027-05-30 12:00:00+00:00,2027-05-30 18:00:00+00:00
Country Club - Outdoor Country Music Festival 2027 - Chelmsford,Wheelers Farm ,CM3 3LZ,2027-05-30 14:00:00+00:00,2027-05-30 22:00:00+00:00
"Love the 90s Festival 2027|Elvaston Castle, Derby",Elvaston Castle Country Park,DE72 3EP,2027-05-30 13:00:00+00:00,2027-05-30 23:00:00+00:00
City Splash 2027,Brockwell Park,SE24 0NG,2027-05-31 12:00:00+00:00,2027-05-31 22:00:00+00:00
Wychwood Festival,Cheltenham Racecourse,GL50 4SH,2027-06-04 11:00:00+00:00,2027-06-06 23:00:00+00:00
Glorious Day Festival 2027,Hove Lawns,BN3 2PE,2027-06-05 13:00:00+00:00,2027-06-05 22:30:00+00:00
Terminal V Festival 2027,Outdoor Industrial Location TBA,G1 3SJ,2027-06-05 12:00:00+00:00,2027-06-06 22:30:00+00:00
LOADED : Music Festival,Ratby Sports Club,LE6 0LE,2027-06-05 12:00:00+00:00,2027-06-05 22:00:00+00:00
Stories In The Park 2027,Palmer Park,RG1 3PE,2027-06-05 12:00:00+00:00,2027-06-05 22:30:00+00:00
Road to Nashville Outdoor Festival 2027 | Elvaston Castle,Elvaston Castle Country Park,DE72 3EP,2027-06-05 13:00:00+00:00,2027-06-05 23:00:00+00:00
Download Festival,Raceway Fields And Forest Donington Park,DE74 2RP,2027-06-09 11:00:00+00:00,2027-06-13 23:00:00+00:00
WMF 2027 - Our 21st Birthday,The Leys Recreational Park,OX28 4AR,2027-06-11 17:00:00+00:00,2027-06-12 23:00:00+00:00
Goodlife Festival 2027,Harewood House,LS17 9LG,2027-06-12 12:00:00+00:00,2027-06-12 23:00:00+00:00
Summer Fest at the Beach 2027,Weston Super Mare Beach,BS23 1AL,2027-06-12 11:00:00+00:00,2027-06-13 22:00:00+00:00
Makemake Brewing Co. Presents: Far Out Festival,Pitt St Indoor Skatepark,PO1 4AY,2027-06-12 12:00:00+00:00,2027-06-12 23:00:00+00:00
Earlham Park Tribute Festival 2027,Earlham Park,NR4 7TQ,2027-06-12 12:00:00+00:00,2027-06-12 23:00:00+00:00
"Rum & Reggae Fest 2027| Elvaston Castle, Derby",Elvaston Castle Country Park,DE72 3EP,2027-06-12 13:00:00+00:00,2027-06-12 23:00:00+00:00
GemFest 2027,Charlton Park Estate,SN16 9LL,2027-06-17 12:00:00+00:00,2027-06-21 00:00:00+00:00
Loverocks Classic Rock and Blues Festival X,St Leonards Farm Caravan And Camping Park,BH22 0AQ,2027-06-17 17:00:00+00:00,2027-06-19 23:30:00+00:00
Towerfest Country Music Festival,Drax Sports And Social Club,YO8 8PJ,2027-06-17 11:00:00+00:00,2027-06-20 23:00:00+00:00
Isle of Wight Festival,Seaclose Park,PO30 1UD,2027-06-17 11:00:00+00:00,2027-06-20 23:00:00+00:00
Silverburn Festival 2027,Silverburn Park,KY8 5PU,2027-06-18 17:00:00+00:00,2027-06-19 23:00:00+00:00
Daresbury Festival 2027,Walton Hall And Gardens ,WA4 6SN,2027-06-19 12:00:00+00:00,2027-06-19 23:00:00+00:00
Killin Music Festival,McLaren Hall,FK21 8TN,2027-06-19 11:00:00+00:00,2027-06-20 23:00:00+00:00
Leyland Festival,Worden Park,PR25 1DJ,2027-06-19 11:00:00+00:00,2027-06-19 23:00:00+00:00
Glastonbury,Worthy Farm Pilton,BA4 4BY,2027-06-23 11:00:00+00:00,2027-06-27 23:00:00+00:00
Liverpool Soul Weekender 2027,Various Liverpool Venues,L1 1AA,2027-06-24 18:00:00+00:00,2027-06-28 01:00:00+00:00
Symphonic Ibiza - KNOWLE - Friday 25th June 2027,Knowle Park Longdon Road,B93 9HT,2027-06-25 17:30:00+00:00,2027-06-25 22:30:00+00:00
Heartland Festival,Pitlochry Recreation Ground,PH16 5DZ,2027-06-25 11:00:00+00:00,2027-06-27 23:00:00+00:00
Restricted Forest 2027,Orrell Hill Woods,L38 5DA,2027-06-26 13:00:00+00:00,2027-06-26 23:00:00+00:00
Knowle Party In The Park 2027,Knowle Park Longdon Road,B93 9HT,2027-06-26 11:00:00+00:00,2027-06-26 22:30:00+00:00
Granite City Festival 2027,Hazelhead Park,AB15 1AA,2027-06-26 12:00:00+00:00,2027-06-26 23:00:00+00:00
Chichester's Biggest Ever Summer House Music Festival,Crouchers Orchards,PO20 7EH,2027-06-26 14:00:00+00:00,2027-06-26 22:00:00+00:00
Lytham Festival,Lytham Green,FY8 5LB,2027-06-30 11:00:00+00:00,2027-07-04 23:00:00+00:00
ECLIPSE - Windsor Racecourse,Windsor Racecourse,SL4 5jj,2027-07-02 16:00:00+00:00,2027-07-02 22:30:00+00:00
Love Supreme Jazz Festival,Glynde Place,BN8 6SX,2027-07-02 11:00:00+00:00,2027-07-04 23:00:00+00:00
Morley Music Festival 2027,Morley Rugby Club,LS27 0JJ,2027-07-03 12:00:00+00:00,2027-07-03 21:30:00+00:00
doof in the Park 2027,Location TBA,DD1 3AD,2027-07-03 13:00:00+00:00,2027-07-03 23:00:00+00:00
Celestry 2027,Royal Windsor Racecourse,SL4 5JJ,2027-07-03 13:00:00+00:00,2027-07-03 22:30:00+00:00
Livefields Festival 2027,Oakwell Hall Country Park,WF17 9LG,2027-07-10 12:00:00+00:00,2027-07-10 23:00:00+00:00
The Brit Fest 2027,Ashley Hall Showground Altrincham WA14 3QA,WA14 3QA,2027-07-15 18:00:00+00:00,2027-07-18 23:00:00+00:00
Show Of Hands,Gilcombe Farm,BA10 0QE,2027-07-16 08:00:00+00:00,2027-07-19 04:00:00+00:00
Noisy Weekender 2027,Archive Liverpool,L8 5XJ,2027-07-16 15:00:00+00:00,2027-07-18 22:00:00+00:00
Nat20:27,NAEC Stoneleigh,CV8 2LZ,2027-07-23 12:00:00+00:00,2027-07-26 13:00:00+00:00
Street Eat N Beats Festival 2027,"Central Park, Chelmsford",Cm2 0RW,2027-09-11 12:00:00+00:00,2027-09-11 22:30:00+00:00
Sounds of the 60s,"Princes Theatre, Clacton On Sea, Essex",CO15 1SE,2027-09-11 19:30:00+00:00,2027-09-11 22:00:00+00:00
Sounds of the 60s,"The Mill Arts Centre, Banbury",OX16 5QE,2027-09-17 19:30:00+00:00,2027-09-17 22:00:00+00:00
Sounds of the 60s,Theatre Royal Winchester,SO23 8SB,2027-10-17 19:30:00+00:00,2027-10-17 22:00:00+00:00
Strange Day + Strange Manchester after party,Grafton Arms,M13 9WU,2027-11-27 17:00:00+00:00,2027-11-28 02:00:00+00:00
Indie Fest,O2 Academy Islington,N1 0PS,2026-09-04 17:00:00+00:00,2026-09-04 00:00:00+00:00
Trail West Fest 2026,Galvanizers Yard SWG3 ,G3 8QG,2026-08-15 13:00:00+00:00,2026-08-15 00:00:00+00:00
Shred Fest @ Engine Rooms,EngineRooms Southampton,SO151GZ,2027-02-15 19:00:00+00:00,2027-02-15 00:00:00+00:00
Country Fest - Country Anthems Live,O2 Institute2 Birmingham,B5 6DY,2027-01-30 18:00:00+00:00,2027-01-30 00:00:00+00:00
Quest fest 2026,KK's Steel Mill,WV2 4DU,2026-10-10 13:00:00+00:00,2026-10-10 22:00:00+00:00
Capital Death Fest,New Cross Inn,SE14 6AS,2026-11-21 13:00:00+00:00,2026-11-21 17:00:00+00:00
Emo Fest - the Greatest Emo Tribute Night,The Limelight 1,BT2 8HD,2026-12-11 18:00:00+00:00,2026-12-11 00:00:00+00:00
MOK Fest - Saturday Traditional Concert,"Heritage Centre, Campbeltown",PA28 6JU,2026-08-22 17:30:00+00:00,2026-08-22 22:00:00+00:00
MOK Fest  - Dalriada Connections Concert,"Heritage Centre, Campbeltown",PA28 6JU,2026-08-23 12:30:00+00:00,2026-08-23 16:30:00+00:00
MOK Fest - Kilkerran Survivors Night,"Victoria Hall, Campbeltown",PA28 6EG,2026-08-23 18:30:00+00:00,2026-08-24 00:30:00+00:00
Smash The Fash Fest 2027,Walthamstow Trades Hall,E17 4RQ,2027-02-26 14:00:00+00:00,2027-02-26 18:00:00+00:00
Manchester Psych Fest 2026 - O2 Ritz & O2 Apollo,O2 Ritz Manchester,M1 5NQ,2026-09-05 11:00:00+00:00,2026-09-05 00:00:00+00:00
MOK Fest “Cadenhead’s Festival Ceilidh Night”,"Victoria Hall, Campbeltown",PA28 6EG,2026-08-21 18:30:00+00:00,2026-08-21 22:00:00+00:00
MOK Fest - Beinn and Tuirc Festival Gaelic Night,Argyll Arms Hotel,PA28 6AB,2026-08-19 18:00:00+00:00,2026-08-19 21:30:00+00:00
MOK Fest - Glen Scotia West Coast Rocks Concert,"Victoria Hall, Campbeltown",PA28 6EG,2026-08-22 19:30:00+00:00,2026-08-23 00:00:00+00:00
Reading Festival 2026 - Friday,Richfield Avenue,RG1 8EQ,2026-08-28 08:30:00+00:00,2026-08-28 00:00:00+00:00
Leeds Festival 2026 - Saturday,Bramham Park,LS23 6ND,2026-08-29 10:00:00+00:00,2026-08-29 00:00:00+00:00
Latitude Festival 2026 - Saturday Day Ticket,Henham Park,NR34 8AN,2026-07-25 09:00:00+00:00,2026-07-25 00:00:00+00:00
Mahrajan Festival,Crystal Palace Bowl,SE19 2GA,2026-08-01 12:00:00+00:00,2026-08-01 00:00:00+00:00
Counterfeit Festival,O2 Forum Kentish Town,NW5 1JY,2026-08-22 17:00:00+00:00,2026-08-22 00:00:00+00:00
Sandringham Heritage Live Festival - 5 Day Ticket,Sandringham Estate,PE35 6EN,2026-08-19 00:00:00+00:00,2026-08-19 00:00:00+00:00
Leeds Festival 2026 - Friday,Bramham Park,LS23 6ND,2026-08-28 10:00:00+00:00,2026-08-28 00:00:00+00:00
Reading Festival 2026 - Sunday,Richfield Avenue,RG1 8EQ,2026-08-30 08:30:00+00:00,2026-08-30 00:00:00+00:00
Reading Festival 2026 - Saturday,Richfield Avenue,RG1 8EQ,2026-08-29 08:30:00+00:00,2026-08-29 00:00:00+00:00
INDIEPALOOZA FESTIVAL,KK's Steel Mill,WV2 4DU,2026-07-31 17:00:00+00:00,2026-07-31 22:00:00+00:00
Uprising Festival,KK's Steel Mill,WV2 4DU,2027-04-10 11:30:00+00:00,2027-04-10 22:00:00+00:00
Re-Sound Festival,The Brook,SO17 3SD,2026-07-25 13:00:00+00:00,2026-07-25 00:00:00+00:00
Rong Indoor Festival,O2 Victoria Warehouse Manchester,M17 1AB,2026-10-03 13:00:00+00:00,2026-10-03 00:00:00+00:00
Neighbourhood Festival 2026,Various Manchester Venues ,M2 5QR,2026-10-17 11:00:00+00:00,2026-10-17 00:00:00+00:00
Splendour Festival 2026 - Weekend Tickets,Wollaton Park,NG8 2AE,2026-07-18 00:00:00+00:00,2026-07-18 00:00:00+00:00
Radar Festival 2026 - Weekend,O2 Victoria Warehouse Manchester,M17 1AB,2026-07-31 00:00:00+00:00,2026-07-31 00:00:00+00:00
Leeds Festival 2026 - Sunday,Bramham Park,LS23 6ND,2026-08-30 10:00:00+00:00,2026-08-30 00:00:00+00:00
Leeds Festival 2026 - Thursday,Bramham Park,LS23 6ND,2026-08-27 16:00:00+00:00,2026-08-27 00:00:00+00:00
LIDO Festival - Maribou State,Victoria Park London,E3 5TB,2026-08-31 13:00:00+00:00,2026-08-31 00:00:00+00:00
Belladrum Festival 2026 - Weekend Tickets,Belladrum Estate,IV4 7BA,2026-07-30 00:00:00+00:00,2026-07-30 00:00:00+00:00
Downloaded - Download Festival tribute,O2 Academy Leicester,LE1 7RH,2026-08-15 17:00:00+00:00,2026-08-15 00:00:00+00:00
Leeds Festival 2026 - Weekend,Bramham Park,LS23 6ND,2026-08-27 00:00:00+00:00,2026-08-27 00:00:00+00:00
DAY FEVER FESTIVAL 2026,The Arboretum,NG7 4HF,2026-08-29 11:00:00+00:00,2026-08-29 00:00:00+00:00
Evergrey,The Brook,SO17 3SD,2026-11-25 19:00:00+00:00,2026-11-25 00:00:00+00:00
Evergrey,G2,G2 3LW,2026-12-01 18:30:00+00:00,2026-12-01 00:00:00+00:00
Scarborough Punk Festival Weekend,Scarborough Spa Grand Hall,YO11 2HD,2027-04-03 00:00:00+00:00,2027-04-03 00:00:00+00:00
The Great Escape Festival 2027,Various Brighton Venues,BN1 1EE,2027-05-12 00:00:00+00:00,2027-05-12 00:00:00+00:00
Discovery Festival 2027 - Friday,Central Park Plymouth,PL2 3DF,2027-06-11 15:00:00+00:00,2027-06-11 00:00:00+00:00
Discovery Festival 2027 - Saturday,Central Park Plymouth,PL2 3DF,2027-06-12 11:00:00+00:00,2027-06-12 00:00:00+00:00
Discovery Festival 2027 - Sunday,Central Park Plymouth,PL2 3DF,2027-06-13 11:00:00+00:00,2027-06-13 00:00:00+00:00
4 Day Festival Pass,Powderham Castle,EX6 8JQ,2027-06-24 00:00:00+00:00,2027-06-24 00:00:00+00:00
Discovery Festival 2027 - Friday,SLESSOR GARDENS,DD1 1AR,2027-07-23 15:00:00+00:00,2027-07-23 00:00:00+00:00
Discovery Festival - Friday & Saturday,SLESSOR GARDENS,DD1 1AR,2027-07-23 00:00:00+00:00,2027-07-23 00:00:00+00:00
Discovery Festival 2027 - Sunday,Darlington Arena,DL2 1DL,2027-08-08 13:30:00+00:00,2027-08-08 00:00:00+00:00
Splendour Festival 2026 Sunday Day Tickets,Wollaton Park,NG8 2AE,2026-07-19 10:30:00+00:00,2026-07-19 00:00:00+00:00
Efg Jazz Festival - Samara Joy,Royal Festival Hall,SE1 8XX,2026-11-22 19:30:00+00:00,2026-11-22 00:00:00+00:00
Mouth of the Tyne Festival presents James,Tynemouth Priory and Castle,NE30 4BZ,2026-07-12 17:00:00+00:00,2026-07-12 00:00:00+00:00
Splendour Festival 2026 Saturday Day Tickets,Wollaton Park,NG8 2AE,2026-07-18 10:30:00+00:00,2026-07-18 00:00:00+00:00
Latitude Festival 2026: Lanyard & Programme,Henham Park,NR34 8AN,2026-07-23 00:00:00+00:00,2026-07-23 00:00:00+00:00
Belladrum Festival 2026 - Thursday Day Tickets,Belladrum Estate,IV4 7BA,2026-07-30 11:00:00+00:00,2026-07-30 00:00:00+00:00
Belladrum Festival 2026 - Friday Day Tickets,Belladrum Estate,IV4 7BA,2026-07-31 11:00:00+00:00,2026-07-31 00:00:00+00:00
Belladrum Festival 2026 - Saturday Day Tickets,Belladrum Estate,IV4 7BA,2026-08-01 11:00:00+00:00,2026-08-01 00:00:00+00:00
Leeds Festival 2026 - Souvenir Ticket,Bramham Park,LS23 6ND,2026-08-26 00:00:00+00:00,2026-08-26 00:00:00+00:00
Reading Festival 2026 - Weekend Camping,Richfield Avenue,RG1 8EQ,2026-08-27 00:00:00+00:00,2026-08-27 00:00:00+00:00
Leeds Festival 2026 - Friday & Saturday,Bramham Park,LS23 6ND,2026-08-28 00:00:00+00:00,2026-08-28 00:00:00+00:00
Leeds Festival 2026 - Saturday & Sunday,Bramham Park,LS23 6ND,2026-08-29 00:00:00+00:00,2026-08-29 00:00:00+00:00
Back To The 90s Festival,O2 Academy Bournemouth,BH1 4BH,2026-09-19 18:00:00+00:00,2026-09-19 00:00:00+00:00
Scarborough Jazz Festival 2026 Weekend,Scarborough Spa Grand Hall,YO11 2HD,2026-09-25 00:00:00+00:00,2026-09-25 00:00:00+00:00
EMO FESTIVAL COMES TO OXFORD!,O2 Academy Oxford,OX4 1UE,2026-12-04 18:00:00+00:00,2026-12-04 00:00:00+00:00
Scarborough Punk Festival - Saturday Day,Scarborough Spa Grand Hall,YO11 2HD,2027-04-03 11:30:00+00:00,2027-04-03 00:00:00+00:00
Scarborough Punk Festival - Sunday Day,Scarborough Spa Grand Hall,YO11 2HD,2027-04-04 11:30:00+00:00,2027-04-04 00:00:00+00:00
Latitude Festival 2026 - Sunday Day Ticket,Henham Park,NR34 8AN,2026-07-26 09:00:00+00:00,2026-07-26 00:00:00+00:00
Discovery Festival 2027 - Friday & Sunday,Central Park Plymouth,PL2 3DF,2027-06-11 00:00:00+00:00,2027-06-11 00:00:00+00:00
Discovery Festival 2027 - Saturday & Sunday,Central Park Plymouth,PL2 3DF,2027-06-12 00:00:00+00:00,2027-06-12 00:00:00+00:00
Discovery Festival 2027 - Saturday & Sunday,SLESSOR GARDENS,DD1 1AR,2027-07-24 00:00:00+00:00,2027-07-24 00:00:00+00:00
Discovery Festival 2027 - Saturday & Sunday,Darlington Arena,DL2 1DL,2027-08-07 00:00:00+00:00,2027-08-07 00:00:00+00:00
Pitchfork Festival London: Tortoise,Hackney Church ,E5 0PD,2026-11-04 19:00:00+00:00,2026-11-04 22:45:00+00:00
EVERGREY,Underworld,NW1 0NE,2026-11-27 18:00:00+00:00,2026-11-27 22:00:00+00:00
Terminal V Festival 2027,"Secret Location, Glasgow",XX0 0XX,2027-06-05 11:00:00+00:00,2027-06-06 21:30:00+00:00
Latitude Festival 2026 - Friday Day Ticket,Henham Park,NR34 8AN,2026-07-24 09:00:00+00:00,2026-07-24 00:00:00+00:00
Belladrum Festival 2026 - Friday & Saturday Ticket,Belladrum Estate,IV4 7BA,2026-07-31 00:00:00+00:00,2026-07-31 00:00:00+00:00
Reading Festival 2026 - Weekend Non-Camping,Richfield Avenue,RG1 8EQ,2026-08-28 00:00:00+00:00,2026-08-28 00:00:00+00:00
East Midlands Gospel Music Festival 2026,"Vaillant Live, Derby",DE11LA,2026-08-29 14:00:00+00:00,2026-08-29 00:00:00+00:00
Whitby 60s Festival - Friday Evening,Whitby Pavilion Northern Lights Suite,YO21 3EN,2026-09-18 17:30:00+00:00,2026-09-18 00:00:00+00:00
Whitby 60s Festival - Full Weekend,Whitby Pavilion Northern Lights Suite,YO21 3EN,2026-09-18 00:00:00+00:00,2026-09-18 00:00:00+00:00
The Big Indie Festival comes to Manchester!,O2 Ritz Manchester,M1 5NQ,2026-09-18 18:00:00+00:00,2026-09-18 00:00:00+00:00
Whitby 60s Festival - Saturday Afternoon,Whitby Pavilion Northern Lights Suite,YO21 3EN,2026-09-19 11:00:00+00:00,2026-09-19 00:00:00+00:00
Whitby 60s Festival - Sunday Evening,Whitby Pavilion Northern Lights Suite,YO21 3EN,2026-09-20 17:30:00+00:00,2026-09-20 00:00:00+00:00
Scarborough Jazz Festival 2026 Friday Day,Scarborough Spa Grand Hall,YO11 2HD,2026-09-25 10:30:00+00:00,2026-09-25 00:00:00+00:00
Scarborough Jazz Festival 2026 Saturday Day,Scarborough Spa Grand Hall,YO11 2HD,2026-09-26 10:30:00+00:00,2026-09-26 00:00:00+00:00
Scarborough Jazz Festival 2026 Sunday Day,Scarborough Spa Grand Hall,YO11 2HD,2026-09-27 11:30:00+00:00,2026-09-27 00:00:00+00:00
Lytham Festival 2027 - 5 Day Pass,Lytham Green,FY8 5LB,2027-06-30 00:00:00+00:00,2027-06-30 00:00:00+00:00
Discovery Festival 2027 - 80s Calling!,SLESSOR GARDENS,DD1 1AR,2027-07-24 11:00:00+00:00,2027-07-24 00:00:00+00:00
"Discovery Festival 2027 - Friday, Saturday & Sunday",SLESSOR GARDENS,DD1 1AR,2027-07-25 11:00:00+00:00,2027-07-25 00:00:00+00:00
Discovery Festival 2027 - 80's Calling!,Darlington Arena,DL2 1DL,2027-08-07 11:00:00+00:00,2027-08-07 00:00:00+00:00
Maid of Stone Festival 2026,Mote Park,ME15 7SU,2026-07-17 12:00:00+00:00,2026-07-19 21:00:00+00:00
Solent Area Prog Festival - Saturday Tickets,Southampton 1865,SO14 3AR,2026-08-01 12:30:00+00:00,2026-08-01 22:00:00+00:00
Solent Area Prog Festival - Weekend Tickets,Southampton 1865,SO14 3AR,2026-08-01 12:30:00+00:00,2026-08-02 22:00:00+00:00
Solent Area Prog Festival - Sunday Tickets,Southampton 1865,SO14 3AR,2026-08-02 12:30:00+00:00,2026-08-02 22:00:00+00:00
Motocultor Festival Across Europe Tour 2027,KK's Steel Mill,WV2 4DU,2027-01-13 18:00:00+00:00,2027-01-13 23:00:00+00:00
Trentham Live 2026 - 4 Day Festival Pass,The Trentham Estate,ST4 8JG,2026-08-20 00:00:00+00:00,2026-08-20 00:00:00+00:00
Reading Festival 2026 - Weekend + Early Entry Camping,Richfield Avenue,RG1 8EQ,2026-08-26 00:00:00+00:00,2026-08-26 00:00:00+00:00
Reading Festival 2026 - Saturday and Sunday Non-Camping,Richfield Avenue,RG1 8EQ,2026-08-29 00:00:00+00:00,2026-08-29 00:00:00+00:00
Scarborough Jazz Festival 2026 Fri Session 2,Scarborough Spa Grand Hall,YO11 2HD,2026-09-25 17:00:00+00:00,2026-09-25 00:00:00+00:00
Scarborough Jazz Festival 2026 Sat Session 2,Scarborough Spa Grand Hall,YO11 2HD,2026-09-26 17:00:00+00:00,2026-09-26 00:00:00+00:00
Scarborough Jazz Festival 2026 Sun Session 2,Scarborough Spa Grand Hall,YO11 2HD,2026-09-27 18:00:00+00:00,2026-09-27 00:00:00+00:00
Whitby Blues Rhythm and Rock Festival Weekend,Whitby Pavilion Northern Lights Suite,YO21 3EN,2026-11-06 00:00:00+00:00,2026-11-06 00:00:00+00:00
Whitby Blues Rhythm and Rock Festival (Saturday),Whitby Pavilion Northern Lights Suite,YO21 3EN,2026-11-07 14:00:00+00:00,2026-11-07 00:00:00+00:00
Whitby Blues Rhythm and Rock Festival (Sunday),Whitby Pavilion Northern Lights Suite,YO21 3EN,2026-11-08 14:00:00+00:00,2026-11-08 00:00:00+00:00
Isle of Wight Festival 2027 - Weekend Ticket,Isle of Wight Festival,PO30 2QS,2027-06-17 00:00:00+00:00,2027-06-17 00:00:00+00:00
RNB MANIA | Bristol's R&B Festival,Electric Bristol,BS12JY,2026-08-08 14:00:00+00:00,2026-08-08 20:00:00+00:00
Cafe Mambo Ibiza In The Park Festival Reading,Prospect Park Reading,RG30 2ND,2026-08-15 11:00:00+00:00,2026-08-16 21:30:00+00:00
TowerRok Festival - Cannock 2026 - Featuring TOSELAND,The Station,WS11 1WS,2026-09-19 13:00:00+00:00,2026-09-19 22:30:00+00:00
The Great Escape Festival 2027 - Delegate Pass,Various Brighton Venues,BN1 1EE,2027-05-12 15:00:00+00:00,2027-05-15 18:00:00+00:00
Inbetween Days: A New All Day Indoor Festival,Electric Ballroom Camden,NW1 8QP,2027-01-08 15:00:00+00:00,2027-01-08 23:00:00+00:00
"Leeds Blues, Rhythm & Rock Festival 2027",Brudenell Social Club,LS6 1NY,2027-02-28 14:00:00+00:00,2027-02-28 23:00:00+00:00
Audi Presents Wilderness Festival 2026 - 2 Day Event (Fri/Sat),Cornbury Park,OX7 3EH,2026-07-31 00:00:00+00:00,2026-07-31 00:00:00+00:00
Audi Presents Wilderness Festival 2026 - 2 Day Event (Sat/Sun),Cornbury Park,OX7 3EH,2026-08-01 00:00:00+00:00,2026-08-01 00:00:00+00:00
Smoke and Fire Festival Maldon 2026: The 10th Anniversary Edition,"Promenade Park, Maldon",CM9 5JQ,2026-08-15 10:00:00+00:00,2026-08-16 17:30:00+00:00
"Glasgow Blues Rhythm & Rock Festival Feat Willie & the Bandits, Demi M",Oran Mor,G12 8QX,2026-11-15 14:00:00+00:00,2026-11-15 00:00:00+00:00
Blackburn King George's Hall - Indiepalooza - the UK's BEST Indie Festival,King George's Hall,BB2 1AA,2027-02-13 18:00:00+00:00,2027-02-13 23:00:00+00:00
"Funky Dory Festival 7.0 | Soul, Disco, Soulful House & Party Classics",Ashfields Carriage & Polo Club,CM61JU,2026-08-15 11:00:00+00:00,2026-08-15 21:00:00+00:00
2 Day (Sat + Sun) - Wireless 2026,Finsbury Park,N4 2DH,2026-07-11 00:00:00+00:00,2026-07-11 00:00:00+00:00
Souvenir Ticket - Wireless 2026,Finsbury Park,N4 2DH,2026-07-10 00:00:00+00:00,2026-07-10 00:00:00+00:00
Rewind South 2026 - Whopper Campervan/Caravan Tickets,Temple Island Meadows,RG9 3DB,2026-08-21 00:00:00+00:00,2026-08-21 00:00:00+00:00
ChippStock 2027,Blackwells Chipperfield,WD4 9BS,2027-05-30 11:30:00+00:00,2027-05-30 20:30:00+00:00
Sunday Day - Wireless 2026,Finsbury Park,N4 2DH,2026-07-12 11:00:00+00:00,2026-07-12 00:00:00+00:00
Audi presents Wilderness 2026 - PayPal+ presents The Reset Lounge,Cornbury Park,OX7 3EH,2026-07-30 00:00:00+00:00,2026-07-30 00:00:00+00:00
Audi Presents Wilderness 2026 - Friday Day,Cornbury Park,OX7 3EH,2026-07-31 11:00:00+00:00,2026-07-31 00:00:00+00:00
Audi Presents Wilderness 2026 - Saturday Day,Cornbury Park,OX7 3EH,2026-08-01 11:00:00+00:00,2026-08-01 00:00:00+00:00
Audi Presents Wilderness 2026 - Sunday Day,Cornbury Park,OX7 3EH,2026-08-02 11:00:00+00:00,2026-08-02 00:00:00+00:00
Tomorrows Ghosts Festival: 2026 Halloween Gathering - Weekend Ticket,Whitby Pavilion Northern Lights Suite,YO21 3EN,2026-10-30 00:00:00+00:00,2026-10-30 00:00:00+00:00
Tomorrow's Ghosts Festival: 2026 Halloween Gathering - Friday Ticket,Whitby Pavilion Northern Lights Suite,YO21 3EN,2026-10-30 19:00:00+00:00,2026-10-30 00:00:00+00:00
Tomorrows Ghosts Festival: 2026 Halloween Gathering - Saturday Ticket,Whitby Pavilion Northern Lights Suite,YO21 3EN,2026-10-31 19:00:00+00:00,2026-10-31 00:00:00+00:00
Dementia Aware Festivities Coventry 2026,The Arches,CV1 3JQ,2026-12-19 15:00:00+00:00,2026-12-19 23:30:00+00:00
State Fayre 2027 - Campervan Pass,Hylands Park Chelmsford,CM2 8WQ,2027-06-17 00:00:00+00:00,2027-06-17 00:00:00+00:00
State Fayre 2027 - Weekend Non-Camping,Hylands Park Chelmsford,CM2 8WQ,2027-06-18 00:00:00+00:00,2027-06-18 00:00:00+00:00
Download 2027 - 5/3 Night Mini Moshers,Donington Park,DE74 2RP,2027-06-09 00:00:00+00:00,2027-06-09 00:00:00+00:00
Download 2027 - Weekend Arena,Donington Park,DE74 2RP,2027-06-11 00:00:00+00:00,2027-06-11 00:00:00+00:00
The Latitude Lounge 2026,Henham Park,NR34 8AN,2026-07-24 00:00:00+00:00,2026-07-24 00:00:00+00:00
Soultasia,Prospect Park Reading,RG30 2ND,2026-08-14 16:00:00+00:00,2026-08-14 00:00:00+00:00
January Blues: DR. FEELGOOD + EDDIE & THE HOT,229,W1W 5PN,2027-01-21 19:00:00+00:00,2027-01-21 23:00:00+00:00
January Blues Festival: TEN YEARS AFTER,229,W1W 5PN,2027-01-22 19:00:00+00:00,2027-01-22 23:00:00+00:00
Igorrr,O2 Institute Birmingham,B5 6DY,2026-11-10 18:30:00+00:00,2026-11-10 00:00:00+00:00
Igorrr,Galvanizers SWG3,G3 8QG,2026-11-11 18:30:00+00:00,2026-11-11 00:00:00+00:00
The Electric Swing Circus,Platform,LA4 4DB,2026-10-10 18:00:00+00:00,2026-10-10 22:00:00+00:00
"Live Jazz from the Piano Bar at Red Room Studios, Soho",Piano Bar Soho,W1D7NB,2026-07-16 19:30:00+00:00,2026-07-16 21:00:00+00:00
Soho Sports Night - World Cup Special,Jack Solomons Club,W1D7NF,2026-07-14 18:00:00+00:00,2026-07-14 22:00:00+00:00
Round 41 - Live Jazz and Fusion Night,Jack Solomons Club,W1D7NF,2026-07-16 18:00:00+00:00,2026-07-16 21:15:00+00:00
Soho Spotlight - Friday Live Performance,Jack Solomons Club,W1D7NF,2026-07-17 18:00:00+00:00,2026-07-17 21:15:00+00:00
"Producers Playground: Live Jazzy House, Nu-Soul & Hip Hop",Jack Solomons Club,W1D7NF,2026-08-26 18:00:00+00:00,2026-08-26 21:15:00+00:00
RADAR Festival: Saturday - Skindred + Northlane + Protest The Hero,O2 Victoria Warehouse Manchester,M17 1AB,2026-08-01 11:00:00+00:00,2026-08-01 00:00:00+00:00
Rewind South 2026 - Sunday Tickets,Temple Island Meadows,RG9 3DB,2026-08-23 11:00:00+00:00,2026-08-23 00:00:00+00:00
RADAR Festival: Sunday - Animals As Leaders + The Pineapple Thief,O2 Victoria Warehouse Manchester,M17 1AB,2026-08-02 11:00:00+00:00,2026-08-02 00:00:00+00:00
Big City 2026,Queen's Park Recreation Ground,G42 8QR,2026-08-29 13:00:00+00:00,2026-08-29 00:00:00+00:00
RADAR Festival: Friday - Thy Art Is Murder + Volumes + SikTh,O2 Victoria Warehouse Manchester,M17 1AB,2026-07-31 11:00:00+00:00,2026-07-31 00:00:00+00:00
manifest,OVO Arena Wembley,HA90AA,2026-10-16 00:00:00+00:00,2026-10-16 00:00:00+00:00
Bellowhead,Royal Festival Hall,SE1 8XX,2026-11-27 19:00:00+00:00,2026-11-27 00:00:00+00:00
The Long Road 2026,Stanford Hall,LE17 6DH,2026-08-28 10:00:00+00:00,2026-08-30 08:00:00+00:00
Freshfields - Downtown Weekend Pass,Daresbury,WA4 5LP,2026-08-27 00:00:00+00:00,2026-08-27 00:00:00+00:00
Freshfields - Arena Friday Pass,Daresbury,WA4 5LP,2026-08-28 14:00:00+00:00,2026-08-28 00:00:00+00:00
Freshfields - Arena Saturday Pass,Daresbury,WA4 5LP,2026-08-29 13:00:00+00:00,2026-08-29 00:00:00+00:00
Freshfields - Arena Sunday Pass,Daresbury,WA4 5LP,2026-08-30 11:00:00+00:00,2026-08-30 00:00:00+00:00
American Express Presents BST Hyde Park - Lewis Capaldi,Hyde Park,W2 2UH,2026-07-12 13:00:00+00:00,2026-07-12 00:00:00+00:00
Creamfields 2026 - Parking - Non Camping,Daresbury,WA4 5LP,2026-08-28 00:00:00+00:00,2026-08-28 00:00:00+00:00
Parklife 2027 - Weekend Backstage,Heaton Park,M250EQ,2027-07-10 00:00:00+00:00,2027-07-10 00:00:00+00:00
Amex Presents BST Hyde Park - Lewis Capaldi - Ultimate Bar Packages,Hyde Park,W2 2UH,2026-07-12 12:00:00+00:00,2026-07-12 00:00:00+00:00
Michael Starring Ben,Festival Theatre,WR14 3HB,2027-03-27 19:30:00+00:00,2027-03-27 00:00:00+00:00
Breaking Borders 2026 - Souvenir Ticket,"Various Venues, Malta",EC1M 4JN,2026-09-02 00:00:00+00:00,2026-09-02 00:00:00+00:00
The Yacht Rock Experience,Festival Theatre,WR14 3HB,2026-11-06 19:30:00+00:00,2026-11-06 00:00:00+00:00
Chicane (Celebrating 30 Years of Chicane!),Royal Festival Hall,SE1 8XX,2026-08-22 18:30:00+00:00,2026-08-22 00:00:00+00:00
Camp Bestival 2026 - Hospitality BYO,Lulworth Castle,BH20 5QS,2026-07-30 00:00:00+00:00,2026-07-30 00:00:00+00:00
Freedom Street Europe 2026 Souvenir Ticket,"Various Venues, Malta",EC1M 4JN,2026-09-10 00:00:00+00:00,2026-09-10 00:00:00+00:00
manifest - Venue Premium Tickets,OVO Arena Wembley,HA90AA,2026-10-16 17:30:00+00:00,2026-10-16 00:00:00+00:00
Camp Bestival 2026 - Outward Adventures - Thursday,Lulworth Castle,BH20 5QS,2026-07-30 11:00:00+00:00,2026-07-30 00:00:00+00:00
Camp Bestival 2026 - Outward Adventures - Friday,Lulworth Castle,BH20 5QS,2026-07-31 11:00:00+00:00,2026-07-31 00:00:00+00:00
Camp Bestival 2026 - Outward Adventures - Saturday,Lulworth Castle,BH20 5QS,2026-08-01 11:00:00+00:00,2026-08-01 00:00:00+00:00
Camp Bestival 2026 - Outward Adventures - Sunday,Lulworth Castle,BH20 5QS,2026-08-02 11:00:00+00:00,2026-08-02 00:00:00+00:00
Creamfields 2026 - 2 Day Gold Non Camping (Saturday/Sunday),Daresbury,WA4 5LP,2026-08-29 00:00:00+00:00,2026-08-29 00:00:00+00:00
Queen of the Night - A Tribute to Whitney Houston,Festival Theatre,WR14 3HB,2027-02-07 19:30:00+00:00,2027-02-07 00:00:00+00:00
Billy Corgan - A Night of Mellon Collie and Infinite Sadness,Royal Festival Hall,SE1 8XX,2026-09-01 18:30:00+00:00,2026-09-01 00:00:00+00:00
Freedom Street Europe 2026 3 Day,"Various Venues, Malta",EC1M 4JN,2026-09-11 00:00:00+00:00,2026-09-11 00:00:00+00:00
Lewis Capaldi - Official Premium Ticket and Hotel Experiences,Hyde Park,W2 2UH,2026-07-12 13:01:00+00:00,2026-07-12 00:00:00+00:00
The 30+ Club ft Ultrabeat (Ian Redman & MC Cover),O2 Academy Glasgow,G5 9NT,2026-11-21 17:00:00+00:00,2026-11-21 00:00:00+00:00
The Long Road - Saturday 2026,Stanford Hall,LE17 6DH,2026-08-29 10:00:00+00:00,2026-08-29 22:00:00+00:00
Emerge 2026 - Saturday Day Tickets - Hannah Laing,Boucher Playing Fields,BT126HR,2026-08-29 15:00:00+00:00,2026-08-29 00:00:00+00:00
Rewind South 2026 - Saturday Tickets,Temple Island Meadows,RG9 3DB,2026-08-22 11:00:00+00:00,2026-08-22 00:00:00+00:00
What's Love Got to do With it? - The Ultimate Tribute to Tina Turner,Festival Theatre,WR14 3HB,2027-09-12 18:30:00+00:00,2027-09-12 00:00:00+00:00
Emerge 2026 - Sunday Day Tickets - blk. ,Boucher Playing Fields,BT126HR,2026-08-30 15:00:00+00:00,2026-08-30 00:00:00+00:00
Soultown In Concert,The O2,SE10 0DX,2027-04-10 16:30:00+00:00,2027-04-10 00:00:00+00:00
Breaking Borders 2026 - 4 Day Ticket,"Various Venues, Malta",EC1M 4JN,2026-09-03 00:00:00+00:00,2026-09-03 00:00:00+00:00
Breaking Borders 2026 - 3 Day Ticket,"Various Venues, Malta",EC1M 4JN,2026-09-04 00:00:00+00:00,2026-09-04 00:00:00+00:00
Emerge 2026 - Weekend Instalment Tickets,Boucher Playing Fields,BT126HR,2026-08-29 00:00:00+00:00,2026-08-29 00:00:00+00:00
Live Nation Presents: Roots Picnic | Sat 08 + Sun 09 Aug '26,Crystal Palace Bowl,SE19 2GA,2026-08-08 00:00:00+00:00,2026-08-08 00:00:00+00:00
Camp Bestival 2026 - Saturday Day,Lulworth Castle,BH20 5QS,2026-08-01 07:30:00+00:00,2026-08-01 00:00:00+00:00
Camp Bestival 2026 - Sunday Day,Lulworth Castle,BH20 5QS,2026-08-02 07:30:00+00:00,2026-08-02 00:00:00+00:00
Camp Bestival 2026 - Friday Day,Lulworth Castle,BH20 5QS,2026-07-31 07:30:00+00:00,2026-07-31 00:00:00+00:00
Worried About Henry,Depot Mayfield,M12 6HR,2026-10-09 19:00:00+00:00,2026-10-09 00:00:00+00:00
January Blues Festival: KING KING,229,W1W 5PN,2027-01-16 19:00:00+00:00,2027-01-16 23:00:00+00:00
January Blues Festival: ERIC BIBB,Union Chapel,N1 2XD,2027-01-23 19:00:00+00:00,2027-01-23 23:00:00+00:00
London Reggae & Food Festival: Jamaican Independence Special,Riverside East,E202AD,2026-08-08 14:00:00+00:00,2026-08-08 21:00:00+00:00
"Brighton - Chalk - Indiepalooza - ""the UK's BEST Indie Festival""","Chalk, Brighton",BN1 1NJ,2026-09-11 16:00:00+00:00,2026-09-11 21:00:00+00:00
"Leeds - Beckett - Indiepalooza - ""the UK's BEST Indie Festival""",Leeds Beckett Students' Union,LS13HE,2026-10-02 17:00:00+00:00,2026-10-02 22:00:00+00:00
"Bridlington Spa - Indiepalooza - ""the UK's BEST Indie Festival""",Bridlington Spa Centre,YO15 3JH,2026-10-10 16:00:00+00:00,2026-10-10 22:00:00+00:00
"Northampton - Roadmender - Indiepalooza - ""the UK's BEST Indie Festival""",Roadmender,NN1 3AH,2026-10-16 16:30:00+00:00,2026-10-16 22:00:00+00:00
"Torquay - Arena - Indiepalooza - ""the UK's BEST Indie Festival""",Arena Torquay,TQ11DZ,2026-11-07 18:00:00+00:00,2026-11-07 23:00:00+00:00
"Clapham Grand - Indiepalooza - ""the UK's BEST Indie Festival""",Clapham Grand,SW11 1TT,2026-11-27 18:00:00+00:00,2026-11-27 23:00:00+00:00
"Sheffield - Foundry - Indiepalooza - ""the UK's BEST Indie Festival""","Foundry, Sheffield",S102TG,2026-12-12 17:30:00+00:00,2026-12-12 22:30:00+00:00
"Hull - Asylum - Indiepalooza - ""the UK's BEST Indie Festival""",Asylum Hull University Union,HU6 7RX,2026-12-19 18:00:00+00:00,2026-12-19 23:00:00+00:00
"Boston - Gliderdrome - Indiepalooza - ""the UK's BEST Indie Festival""",Boston Gliderdrome,PE21 6HN,2027-04-24 16:00:00+00:00,2027-04-24 22:00:00+00:00
"Cardiff - Depot - Indiepalooza - ""the UK's BEST Indie Festival""",Depot Cardiff,CF10 5DF,2027-05-08 16:00:00+00:00,2027-05-08 22:00:00+00:00
"Lincoln - Engine Shed - Indiepalooza - ""the UK's BEST Indie Festival""",Engine Shed,LN6 7TS,2026-08-01 16:00:00+00:00,2026-08-01 21:00:00+00:00
"Keele - Student Union - Indiepalooza - ""the UK's BEST Indie Festival""",Keele Students Union,ST5 5BJ,2026-10-03 17:00:00+00:00,2026-10-03 22:00:00+00:00
"Colchester - Charter Hall - Indiepalooza - ""the UK's BEST Indie Festival""",Charter Hall,C01 1YH,2026-10-17 17:00:00+00:00,2026-10-17 22:00:00+00:00
"Sunderland - The Point - Indiepalooza - ""the UK's BEST Indie Festival""",The Point,SR1 3HY,2026-10-31 18:00:00+00:00,2026-10-31 23:00:00+00:00
"Southampton - The 1865 - Indiepalooza - ""the UK's BEST Indie Festival""",Southampton 1865,SO14 3AR,2026-11-06 18:00:00+00:00,2026-11-06 23:00:00+00:00
"Liverpool - Camp & Furnace - Indiepalooza - ""the UK's BEST Indie Festival""",Camp and Furnace,L1 0BY,2026-11-14 18:00:00+00:00,2026-11-14 23:00:00+00:00
"Nottingham - The Level - Indiepalooza - ""the UK's BEST Indie Festival""","Nottingham, The Level",NG14GH,2026-12-05 18:00:00+00:00,2026-12-05 22:00:00+00:00
"Aberdeen - Beach Ballroom - Indiepalooza - ""the UK's BEST Indie Festival""",Beach Ballroom,AB24 5NR,2027-02-20 17:00:00+00:00,2027-02-20 23:00:00+00:00
"Glasgow Barrowland Ballroom - Indiepalooza - ""the UK's BEST Indie Festival""",Barrowland Ballroom,G4 0TT,2027-02-27 18:00:00+00:00,2027-02-27 23:00:00+00:00
"NORWICH - LCR UAE - Indiepalooza - ""the UK's BEST Indie Festival""","The Nick Rayns LCR, UEA",NR47TJ,2027-03-20 17:00:00+00:00,2027-03-20 23:00:00+00:00
"Huddersfield Smile Bar - Indiepalooza - ""the UK's BEST Indie Festival""",Smile Bar & Venue,HD13AQ,2027-04-23 17:00:00+00:00,2027-04-23 22:00:00+00:00
"Manchester - New Century - Indiepalooza - ""the UK's BEST Indie Festival""",Manchester New Century Hall,M44AH,2027-05-29 16:00:00+00:00,2027-05-29 22:00:00+00:00
"Camden - Electric Ballroom - Indiepalooza - ""the UK's BEST Indie Festival""",Electric Ballroom Camden,NW1 8QP,2027-06-19 16:00:00+00:00,2027-06-19 22:00:00+00:00
"Newcastle - 02 City Hall - Indiepalooza - ""the UK's BEST Indie Festival""",O2 City Hall Newcastle,NE1 8SF,2026-09-19 16:00:00+00:00,2026-09-19 22:00:00+00:00
Inner Circle - Open Air Show,Fox and Firkin,SE13 6JZ,2026-07-31 16:00:00+00:00,2026-07-31 20:00:00+00:00
Anjunadeep Open Air on the Thames,Old Royal Naval College,SE10 9LW,2026-08-09 13:00:00+00:00,2026-08-09 22:00:00+00:00
Soul City Day & Night Party (Open Air),Jazz Cafe,NW17PG,2026-07-25 14:00:00+00:00,2026-07-26 02:00:00+00:00
Teddy Swims- Official Ticket and Hotel Bundls,Scarborough Open Air Theatre,YO12 6PF,2026-07-22 17:01:00+00:00,2026-07-22 00:00:00+00:00
Teddy Swims,Scarborough Open Air Theatre,YO12 6PF,2026-07-22 17:00:00+00:00,2026-07-22 00:00:00+00:00
James Taylor & His All-Star Band,Scarborough Open Air Theatre,YO12 6PF,2026-07-25 17:00:00+00:00,2026-07-25 00:00:00+00:00
James Taylor- Official Ticket and Hotel Bundls,Scarborough Open Air Theatre,YO12 6PF,2026-07-25 17:01:00+00:00,2026-07-25 00:00:00+00:00
Cmat- Official Ticket and Hotel Bundls,Scarborough Open Air Theatre,YO12 6PF,2026-07-18 17:01:00+00:00,2026-07-18 00:00:00+00:00
The Streets- Official Ticket and Hotel Bundls,Scarborough Open Air Theatre,YO12 6PF,2026-08-01 17:01:00+00:00,2026-08-01 00:00:00+00:00
Nile Rodgers & CHIC- Official Ticket and Hotel Bundls,Scarborough Open Air Theatre,YO12 6PF,2026-08-22 17:01:00+00:00,2026-08-22 00:00:00+00:00
Tom Jones- Official Ticket and Hotel Bundls,Scarborough Open Air Theatre,YO12 6PF,2026-07-26 17:01:00+00:00,2026-07-26 00:00:00+00:00
Hollywood Vampires- Official Ticket and Hotel Bundls,Scarborough Open Air Theatre,YO12 6PF,2026-08-15 17:01:00+00:00,2026-08-15 00:00:00+00:00
Scissor Sisters- Official Ticket and Hotel Bundls,Scarborough Open Air Theatre,YO12 6PF,2026-08-08 17:01:00+00:00,2026-08-08 00:00:00+00:00
Holly Johnson - Official Ticket and Hotel Bundls,Scarborough Open Air Theatre,YO12 6PF,2026-08-14 17:01:00+00:00,2026-08-14 00:00:00+00:00
Hollywood Vampires,Scarborough Open Air Theatre,YO12 6PF,2026-08-15 17:00:00+00:00,2026-08-15 00:00:00+00:00
Tom Jones,Scarborough Open Air Theatre,YO12 6PF,2026-07-26 17:00:00+00:00,2026-07-26 00:00:00+00:00
CMAT,Scarborough Open Air Theatre,YO12 6PF,2026-07-18 17:00:00+00:00,2026-07-18 00:00:00+00:00
Alex James' Britpop Classical- Official Ticket and Hotel Bundls,Scarborough Open Air Theatre,YO12 6PF,2026-07-17 17:01:00+00:00,2026-07-17 00:00:00+00:00
The Streets,Scarborough Open Air Theatre,YO12 6PF,2026-08-01 17:00:00+00:00,2026-08-01 00:00:00+00:00
Scissor Sisters,Scarborough Open Air Theatre,YO12 6PF,2026-08-08 17:00:00+00:00,2026-08-08 00:00:00+00:00
Holly Johnson,Scarborough Open Air Theatre,YO12 6PF,2026-08-14 17:00:00+00:00,2026-08-14 00:00:00+00:00
Nile Rodgers & CHIC,Scarborough Open Air Theatre,YO12 6PF,2026-08-22 17:00:00+00:00,2026-08-22 00:00:00+00:00
Alex James' Britpop Classical,Scarborough Open Air Theatre,YO12 6PF,2026-07-17 17:00:00+00:00,2026-07-17 00:00:00+00:00
Sex Pistols- Official Ticket and Hotel Bundls,Scarborough Open Air Theatre,YO12 6PF,2026-08-02 17:01:00+00:00,2026-08-02 00:00:00+00:00
SEX PISTOLS FT. FRANK CARTER,Scarborough Open Air Theatre,YO12 6PF,2026-08-02 17:00:00+00:00,2026-08-02 00:00:00+00:00
Soulection Experience: 15 Year Anniversary,"Magazine Open-Air, London",SE100JH,2026-08-16 13:30:00+00:00,2026-08-16 00:00:00+00:00
