id,listingid,isSBT,uniquelistingidentifier,hascollapsedresults,countcollapsedresults,EventCode,eventname,cancelled,cancellationDate,cancellationType,cancellationReason,rescheduledDate,venue,imageurl,largeimageurl,xlargeimageurl,xlargeimageurlWebP,link,date,startdate,enddate,description,openingtimes,minage,imgoing,goingtos,goingtocount,tickets,ticketpricing,entryprice,eventvisibility,ticketUrl,hotSeller,festivalId,festival,rep,headerHex,currency,artists,genres,healthAndSafety
42252003,2225668,False,2225668,False,0,FEST,Shut The Funk Up,0,,,,,"{'id': 138248, 'name': 'THE GRANGE', 'address': 'THE GRANGE', 'town': 'COBHAM', 'postcode_lookup': 'Kingston-Upon-Thames', 'postcode': 'KT113QJ', 'region': 'London', 'country': 'GB', 'phone': '', 'latitude': 51.3041621, 'longitude': -0.3822739, 'type': 'Other', 'rating': 0, 'reviewCount': 0, 'distance': 28631.90179950153}",https://d31fr2pwly4c4s.cloudfront.net/e/b/4/2225668_68c3a7c7_shut-the-funk-up_th.jpg,https://d31fr2pwly4c4s.cloudfront.net/e/b/4/2225668_68c3a7c7_shut-the-funk-up.jpg,https://d31fr2pwly4c4s.cloudfront.net/e/b/4/2225668_68c3a7c7_shut-the-funk-up_1024.jpg,https://d31fr2pwly4c4s.cloudfront.net/e/b/4/2225668_68c3a7c7_shut-the-funk-up_1024.webp,https://www.skiddle.com/festivals/shut-the-funk-up/,2026-07-10,2026-07-10T12:00:00+00:00,2026-07-12T23:00:00+00:00,"An intimate boutique festival in glorious Surry surroundings, premium drinks, food and accommodation with the world's finest DJ's.","{'doorsopen': '12:00', 'doorsclose': '23:00', 'lastentry': ''}",,,0,0,True,"{'minPrice': 225, 'maxPrice': 635}",,public,,False,3035.0,"{'id': 3035, 'name': 'Shut The Funk Up', 'earliestStartDate': None}",{'enabled': False},#282838,GBP,"[{'artistid': '123506962', 'name': 'Inja', 'image': 'https://d1mdxzfl9p8pzo.cloudfront.net/2/123506962_1_1024.jpg', 'spotifyartisturl': 'spotify:artist:4jl7rqDfdaWDHD0RdP7ndM'}, {'artistid': '123588621', 'name': 'Jitwam', 'image': 'https://d1plawd8huk6hh.cloudfront.net/assets/default400.png', 'spotifyartisturl': 'spotify:artist:3yg8VEfEzpr8T9NkiEsycS'}, {'artistid': '123487178', 'name': 'Gordon Mac ', 'image': 'https://d1mdxzfl9p8pzo.cloudfront.net/8/123487178_267.jpg', 'spotifyartisturl': None}, {'artistid': '123493362', 'name': 'Aroop Roy', 'image': 'https://d1mdxzfl9p8pzo.cloudfront.net/2/123493362_267.jpg', 'spotifyartisturl': 'spotify:artist:13ZcbaFfAsWtq989FqCXVQ'}, {'artistid': '123496788', 'name': 'Melvo Baptiste', 'image': 'https://d1mdxzfl9p8pzo.cloudfront.net/8/123496788_1_1024.jpg', 'spotifyartisturl': 'spotify:artist:1QpOH83Mq6hEUPnLudxPw6'}, {'artistid': '123526234', 'name': 'Neil Pierce', 'image': 'https://d1mdxzfl9p8pzo.cloudfront.net/4/123526234_1_1024.jpg', 'spotifyartisturl': 'spotify:artist:4kzzUjtdcnnCtpKBjsJKPI'}, {'artistid': '123542892', 'name': 'Charlie Dark', 'image': 'https://d1mdxzfl9p8pzo.cloudfront.net/2/123542892_1024.jpg', 'spotifyartisturl': 'spotify:artist:06ZAqCcUw014f7DhMb4e0h'}, {'artistid': '123550101', 'name': 'Supertanker', 'image': 'https://d1mdxzfl9p8pzo.cloudfront.net/1/123550101_2_1024.jpg', 'spotifyartisturl': 'spotify:artist:3hkULG6NS2GYGNJoMtXUWD'}, {'artistid': '123570548', 'name': 'Natasha Diggs', 'image': 'https://d1mdxzfl9p8pzo.cloudfront.net/8/123570548_1_1024.jpg', 'spotifyartisturl': 'spotify:artist:2m5r0rqzJizPbYL7b3ZwM8'}, {'artistid': '123582329', 'name': 'Darren Jay', 'image': 'https://d1mdxzfl9p8pzo.cloudfront.net/9/123582329_1_1024.jpg', 'spotifyartisturl': 'spotify:artist:35ASZFOuZbZzE9cREhnQIP'}, {'artistid': '123619140', 'name': 'Megatronic', 'image': 'https://d1mdxzfl9p8pzo.cloudfront.net/0/123619140_1_1024.jpg', 'spotifyartisturl': 'spotify:artist:3aU6ncVBmlnA8TtCXDwJKZ'}]",[],[]
41574772,2145358,False,2145358,False,0,FEST,Essex Summer Fest,0,,,,,"{'id': 116408, 'name': 'Harrow Lodge Park', 'address': 'Hornchurch', 'town': 'Hornchurch', 'postcode_lookup': 'Romford', 'postcode': 'RM12 4QU', 'region': 'London', 'country': 'GB', 'phone': '', 'latitude': 51.5557438, 'longitude': 0.198226, 'type': 'Other', 'rating': 4, 'reviewCount': 15, 'distance': 23207.766734385306}",https://d31fr2pwly4c4s.cloudfront.net/8/e/3/2145358_748e72ce_essex-summer-fest_th.jpg,https://d31fr2pwly4c4s.cloudfront.net/8/e/3/2145358_748e72ce_essex-summer-fest.jpg,https://d31fr2pwly4c4s.cloudfront.net/8/e/3/2145358_748e72ce_essex-summer-fest_1024.jpg,https://d31fr2pwly4c4s.cloudfront.net/8/e/3/2145358_748e72ce_essex-summer-fest_1024.webp,https://www.skiddle.com/festivals/summer-tribute-festival/,2026-07-11,2026-07-11T12:00:00+00:00,2026-07-12T22:30:00+00:00,"A fantastic 2 day event featuring 70s/80s legends Odyssey and Heatwave, supported by a range of amazing tributes, family themed shows and attractions!","{'doorsopen': '12:00', 'doorsclose': '22:30', 'lastentry': ''}",,,0,0,True,"{'minPrice': 0, 'maxPrice': 35}",,public,,True,2884.0,"{'id': 2884, 'name': 'Essex Summer Fest', 'earliestStartDate': None}",{'enabled': False},#0888d8,GBP,"[{'artistid': '123555347', 'name': 'Heatwave', 'image': 'https://d1plawd8huk6hh.cloudfront.net/assets/default400.png', 'spotifyartisturl': 'spotify:artist:6D7h7R79IZjqJC2GM2wzyY'}, {'artistid': '123522764', 'name': 'Odyssey', 'image': 'https://d1mdxzfl9p8pzo.cloudfront.net/4/123522764_1_1024.jpg', 'spotifyartisturl': 'spotify:artist:5b4SvpTqll0LSqJWPpXya5'}, {'artistid': '123543875', 'name': 'Ska N Mash', 'image': 'https://d1mdxzfl9p8pzo.cloudfront.net/5/123543875_1_1024.jpg', 'spotifyartisturl': None}, {'artistid': '123615029', 'name': 'The Best Tribute Acts', 'image': 'https://d1mdxzfl9p8pzo.cloudfront.net/9/123615029_2_1024.jpg', 'spotifyartisturl': None}]","[{'genreid': '20', 'name': 'Pop'}, {'genreid': '43', 'name': 'Soul'}, {'genreid': '48', 'name': 'Covers Band/Tribute Act'}, {'genreid': '62', 'name': '1980s'}, {'genreid': '64', 'name': '1970s'}]",[]
42284682,2234407,False,2234407,False,0,FEST,Electric Heart Surrey,0,,,,,"{'id': 83698, 'name': 'Apps Court Farm', 'address': 'Hurst Road', 'town': 'Walton-on-Thames', 'postcode_lookup': 'Kingston-Upon-Thames', 'postcode': 'KT12 2EG', 'region': 'London', 'country': 'GB', 'phone': '01932 244 822', 'latitude': 51.401763, 'longitude': -0.398555, 'type': 'Outdoors', 'rating': 4, 'reviewCount': 3198, 'distance': 22099.12424351748}",https://d31fr2pwly4c4s.cloudfront.net/d/5/9/2234407_fe5cabd3_electric-heart-surrey_th.jpg,https://d31fr2pwly4c4s.cloudfront.net/d/5/9/2234407_fe5cabd3_electric-heart-surrey.jpg,https://d31fr2pwly4c4s.cloudfront.net/d/5/9/2234407_fe5cabd3_electric-heart-surrey_1024.jpg,https://d31fr2pwly4c4s.cloudfront.net/d/5/9/2234407_fe5cabd3_electric-heart-surrey_1024.webp,https://www.skiddle.com/festivals/electric-heart-surrey/,2026-07-12,2026-07-12T14:00:00+00:00,2026-07-12T22:30:00+00:00,"Electric Heart Festival lands in Surrey on Sunday 12th July 2026, bringing a brand-new indie festival for one unforgettable summer day.","{'doorsopen': '14:00', 'doorsclose': '22:30', 'lastentry': '17:00'}",18,,0,0,True,"{'minPrice': 5, 'maxPrice': 80}",,public,,True,3039.0,"{'id': 3039, 'name': 'Electric Heart Surrey', 'earliestStartDate': None}",{'enabled': False},#f8d8c8,GBP,"[{'artistid': '766672', 'name': 'The Coral', 'image': 'https://d1mdxzfl9p8pzo.cloudfront.net/2/766672_1_1024.jpg', 'spotifyartisturl': 'spotify:artist:6OiHleP2bHM18dXq4aZQWt'}, {'artistid': '123512292', 'name': 'Supergrass', 'image': 'https://d1mdxzfl9p8pzo.cloudfront.net/2/123512292_267.jpg', 'spotifyartisturl': 'spotify:artist:0sHeX8oQ6o7xic3wMf4NBU'}, {'artistid': '123457929', 'name': 'Happy Mondays', 'image': 'https://d1mdxzfl9p8pzo.cloudfront.net/9/123457929_3_267.jpg', 'spotifyartisturl': 'spotify:artist:339DNkQkuhHKEcHw6oK8f0'}, {'artistid': '123499576', 'name': 'Sleeper', 'image': 'https://d1mdxzfl9p8pzo.cloudfront.net/6/123499576_267.jpg', 'spotifyartisturl': 'spotify:artist:0NbfEPYRgMczimdfM3skmH'}]","[{'genreid': '5', 'name': 'Rock'}, {'genreid': '26', 'name': 'Indie'}]",[]
42171066,2221325,False,2221325,False,0,FEST,Tiësto 2026 | Silverworks Island (Entrance via Custom House),0,,,,,"{'id': 115013, 'name': 'Silverworks Island', 'address': 'Silvertown Square, Royal Victoria Dock -  (please use Custom House Entrance )', 'town': 'London', 'postcode_lookup': 'London', 'postcode': 'E16 2BU', 'region': 'London', 'country': 'GB', 'phone': '', 'latitude': 51.504667, 'longitude': 0.0364741, 'type': 'Outdoors', 'rating': 4, 'reviewCount': 1063, 'distance': 11386.48034654837}",https://d31fr2pwly4c4s.cloudfront.net/e/d/0/2221325_9890db78_tiesto-2026-silverworks-island_th.jpg,https://d31fr2pwly4c4s.cloudfront.net/e/d/0/2221325_9890db78_tiesto-2026-silverworks-island.jpg,https://d31fr2pwly4c4s.cloudfront.net/e/d/0/2221325_9890db78_tiesto-2026-silverworks-island_1024.jpg,https://d31fr2pwly4c4s.cloudfront.net/e/d/0/2221325_9890db78_tiesto-2026-silverworks-island_1024.webp,https://www.skiddle.com/whats-on/London/Silverworks-Island/Tisto-2026--Silverworks-Island-Entrance-via-Custom-House/42171066/,2026-07-12,2026-07-12T15:00:00+00:00,2026-07-12T22:00:00+00:00,"Tiësto returns to London for his first open air performance in eight years, with a headline festival at Silverworks Island with a landmark sunset set.","{'doorsopen': '15:00', 'doorsclose': '22:00', 'lastentry': '18:00'}",18,,0,0,True,"{'minPrice': 51, 'maxPrice': 152}",,public,,True,,,{'enabled': False},#e8d8d8,GBP,"[{'artistid': '123456827', 'name': 'Tiësto', 'image': 'https://d1mdxzfl9p8pzo.cloudfront.net/7/123456827_267.jpg', 'spotifyartisturl': 'spotify:artist:3fPvknuN5gjixDVEZn03R3'}, {'artistid': '123571812', 'name': 'Massano', 'image': 'https://d1mdxzfl9p8pzo.cloudfront.net/2/123571812_1_1024.jpg', 'spotifyartisturl': 'spotify:artist:6htWLP8aiuf19FYMA4VQAZ'}, {'artistid': '123598600', 'name': 'PEGASSI', 'image': 'https://d1mdxzfl9p8pzo.cloudfront.net/0/123598600_1_1024.jpg', 'spotifyartisturl': 'spotify:artist:2A4uiWrfuBpVFugyvxAt4c'}]","[{'genreid': '2', 'name': 'Trance'}, {'genreid': '9', 'name': 'Techno'}, {'genreid': '61', 'name': 'Electronic'}, {'genreid': '78', 'name': 'Bass Music'}, {'genreid': '79', 'name': 'EDM'}]",[]
41269189,2076160,False,2076160,False,0,FEST,As One in the Park 2026,0,,,,,"{'id': 117315, 'name': ' Walpole Park Mattock Lane London W5 5EQ', 'address': ' Walpole Park, Mattock Lane London, W5 5EQ', 'town': 'London', 'postcode_lookup': 'London', 'postcode': 'W5 5EQ', 'region': 'London', 'country': 'GB', 'phone': '', 'latitude': 51.5109067, 'longitude': -0.3071147, 'type': 'Outdoors', 'rating': 4, 'reviewCount': 922, 'distance': 12403.59628821608}",https://d31fr2pwly4c4s.cloudfront.net/6/2/1/2076160_c296c1db_as-one-in-the-park-2026_th.jpg,https://d31fr2pwly4c4s.cloudfront.net/6/2/1/2076160_c296c1db_as-one-in-the-park-2026.jpg,https://d31fr2pwly4c4s.cloudfront.net/6/2/1/2076160_c296c1db_as-one-in-the-park-2026_1024.jpg,https://d31fr2pwly4c4s.cloudfront.net/6/2/1/2076160_c296c1db_as-one-in-the-park-2026_1024.webp,https://www.skiddle.com/festivals/as-one-in-the-park/,2026-07-18,2026-07-18T12:00:00+00:00,2026-07-18T22:00:00+00:00,London's LGBTQ+ Festival returns...,"{'doorsopen': '12:00', 'doorsclose': '22:00', 'lastentry': '21:00'}",18,,0,0,True,"{'minPrice': 0, 'maxPrice': 60}",,public,,True,2581.0,"{'id': 2581, 'name': 'As One in the Park ', 'earliestStartDate': None}","{'enabled': True, 'eligible': True, 'minCommission': 2, 'maxCommission': 7}",#28a8f8,GBP,"[{'artistid': '123460834', 'name': 'Todd Terry', 'image': 'https://d1mdxzfl9p8pzo.cloudfront.net/4/123460834_1_1024.jpg', 'spotifyartisturl': 'spotify:artist:3dE92yGWcrboP1kC5SWyqu'}, {'artistid': '123551406', 'name': 'Gok Wan', 'image': 'https://d1mdxzfl9p8pzo.cloudfront.net/6/123551406_1_1024.jpg', 'spotifyartisturl': 'spotify:artist:6QZpNKFFfeDnT0mC2yxszE'}, {'artistid': '123597489', 'name': 'Anne Louise', 'image': 'https://d1mdxzfl9p8pzo.cloudfront.net/9/123597489_f4ef3063_1024.jpg', 'spotifyartisturl': 'spotify:artist:6lTGKVOQgWwyEo24373ciw'}, {'artistid': '123615161', 'name': 'Tom Barcys', 'image': 'https://d1mdxzfl9p8pzo.cloudfront.net/1/123615161_1_1024.jpg', 'spotifyartisturl': 'spotify:artist:7uS2df52oc2v0R1lF9Imd5'}, {'artistid': '123615158', 'name': 'Nick McCluskey', 'image': 'https://d1mdxzfl9p8pzo.cloudfront.net/8/123615158_1_1024.jpg', 'spotifyartisturl': None}, {'artistid': '123615149', 'name': 'Callum Parr', 'image': 'https://d1mdxzfl9p8pzo.cloudfront.net/9/123615149_1_1024.jpg', 'spotifyartisturl': None}, {'artistid': '123615147', 'name': 'Tiara Skye', 'image': 'https://d1mdxzfl9p8pzo.cloudfront.net/7/123615147_1_1024.jpg', 'spotifyartisturl': None}, {'artistid': '123615141', 'name': 'Filipe Guerra', 'image': 'https://d1mdxzfl9p8pzo.cloudfront.net/1/123615141_1_1024.jpg', 'spotifyartisturl': 'spotify:artist:3R2KwUrWGyRCizQzFA9F1K'}, {'artistid': '123609938', 'name': 'Bradley Skeng', 'image': 'https://d1mdxzfl9p8pzo.cloudfront.net/8/123609938_1_1024.jpg', 'spotifyartisturl': 'spotify:artist:2JhgvsFh76jT5xDS0sSfz3'}, {'artistid': '123599822', 'name': 'Liam Chaplin', 'image': 'https://d1mdxzfl9p8pzo.cloudfront.net/2/123599822_1_1024.jpg', 'spotifyartisturl': None}, {'artistid': '123599812', 'name': 'Arnaldo Novais', 'image': 'https://d1mdxzfl9p8pzo.cloudfront.net/2/123599812_1_1024.jpg', 'spotifyartisturl': None}, {'artistid': '123576303', 'name': 'Mas Que Nada Brothers', 'image': 'https://d1mdxzfl9p8pzo.cloudfront.net/3/123576303_1_1024.jpg', 'spotifyartisturl': 'spotify:artist:3OqXRs7ndYP9YEvzgEYwqW'}, {'artistid': '123569223', 'name': 'Amy LaQeefa', 'image': 'https://d1mdxzfl9p8pzo.cloudfront.net/3/123569223_1_1024.jpg', 'spotifyartisturl': None}, {'artistid': '123552656', 'name': 'Jonjo Jury', 'image': 'https://d1mdxzfl9p8pzo.cloudfront.net/6/123552656_1_1024.jpg', 'spotifyartisturl': 'spotify:artist:1GekhhDjqyLbwyn5yC4B3B'}, {'artistid': '123548977', 'name': 'Zach Burns', 'image': 'https://d1mdxzfl9p8pzo.cloudfront.net/7/123548977_1_1024.jpg', 'spotifyartisturl': 'spotify:artist:2wSR9cOBTlMTb9kWWRv4cT'}, {'artistid': '123523024', 'name': 'Fat Tony', 'image': 'https://d1mdxzfl9p8pzo.cloudfront.net/4/123523024_1_1024.jpg', 'spotifyartisturl': None}, {'artistid': '123508198', 'name': 'Tony English', 'image': 'https://d1mdxzfl9p8pzo.cloudfront.net/8/123508198_1_1024.jpg', 'spotifyartisturl': 'spotify:artist:6l1IckHK2iqx69JG4W17Pi'}]",[],[]
42462894,2273484,False,2273484,False,0,FEST,Live Festival,0,,,,,"{'id': 109786, 'name': 'Priory Gardens', 'address': 'Church Hill', 'town': 'Orpington', 'postcode_lookup': 'Bromley', 'postcode': 'BR6 0HH', 'region': 'London', 'country': 'GB', 'phone': '', 'latitude': 51.380182, 'longitude': 0.106132, 'type': 'Outdoors', 'rating': 0, 'reviewCount': 0, 'distance': 21497.944634667056}",https://d31fr2pwly4c4s.cloudfront.net/7/e/d/2273484_d75f3c4a_live-festival_th.jpg,https://d31fr2pwly4c4s.cloudfront.net/7/e/d/2273484_d75f3c4a_live-festival.jpg,https://d31fr2pwly4c4s.cloudfront.net/7/e/d/2273484_d75f3c4a_live-festival_1024.jpg,https://d31fr2pwly4c4s.cloudfront.net/7/e/d/2273484_d75f3c4a_live-festival_1024.webp,https://www.skiddle.com/whats-on/Bromley/Priory-Gardens/Live-Festival/42462894/,2026-07-18,2026-07-18T12:30:00+00:00,2026-07-18T22:30:00+00:00,Professor Green headlines this years Priory Live the family friendly music festival with a great family zone including wellness and a silent disco,"{'doorsopen': '12:30', 'doorsclose': '22:30', 'lastentry': ''}",,,0,0,False,"{'minPrice': 0, 'maxPrice': 60}",GBP 0.00 - GBP 65.00,public,,False,,,{'enabled': False},#784858,GBP,[],[],[]
41572921,2145056,False,2145056,False,0,FEST,Priory Live Festival,0,,,,,"{'id': 109783, 'name': 'Priory Gardens', 'address': 'Church Hill', 'town': 'Orpington, Greater L', 'postcode_lookup': 'Bromley', 'postcode': 'BR6 0HH', 'region': 'London', 'country': 'GB', 'phone': '', 'latitude': 51.380182, 'longitude': 0.106132, 'type': 'Outdoors', 'rating': 0, 'reviewCount': 0, 'distance': 21497.944634667056}",https://d31fr2pwly4c4s.cloudfront.net/f/8/e/2145056_a3ef0f1f_priory-live-festival_th.jpg,https://d31fr2pwly4c4s.cloudfront.net/f/8/e/2145056_a3ef0f1f_priory-live-festival.jpg,https://d31fr2pwly4c4s.cloudfront.net/f/8/e/2145056_a3ef0f1f_priory-live-festival_1024.jpg,https://d31fr2pwly4c4s.cloudfront.net/f/8/e/2145056_a3ef0f1f_priory-live-festival_1024.webp,https://www.skiddle.com/festivals/priory-live-festival/,2026-07-18,2026-07-18T12:30:00+00:00,2026-07-18T22:30:00+00:00,"Original grassroots music festival in Orpington south east London with top headliners and the best emerging artists, djs, amazing foodies and Wellness","{'doorsopen': '12:30', 'doorsclose': '22:30', 'lastentry': '20:00'}",,,0,0,True,"{'minPrice': 0, 'maxPrice': 138}",,public,,True,2996.0,"{'id': 2996, 'name': 'Priory Live Festival', 'earliestStartDate': None}",{'enabled': False},#080808,GBP,"[{'artistid': '123461650', 'name': 'Professor Green', 'image': 'https://d1mdxzfl9p8pzo.cloudfront.net/0/123461650_1_267.jpg', 'spotifyartisturl': 'spotify:artist:0oJM3iJjMdzgsd4z5VHQvw'}, {'artistid': '123569228', 'name': 'MAZE', 'image': 'https://d1plawd8huk6hh.cloudfront.net/assets/default400.png', 'spotifyartisturl': 'spotify:artist:3DvdryKH4O95ZnsUZJKXpt'}, {'artistid': '123515962', 'name': 'Republica', 'image': 'https://d1mdxzfl9p8pzo.cloudfront.net/2/123515962_267.jpg', 'spotifyartisturl': 'spotify:artist:06YQ6XwCdPUn8rAXV70gge'}, {'artistid': '123458128', 'name': 'Heartless Crew', 'image': 'https://d1mdxzfl9p8pzo.cloudfront.net/8/123458128_267.jpg', 'spotifyartisturl': 'spotify:artist:4TFwgJ0aP8Jr6rz9ZaIjkV'}, {'artistid': '123464452', 'name': 'Afrikan Boy', 'image': 'https://d1mdxzfl9p8pzo.cloudfront.net/2/123464452_267.jpg', 'spotifyartisturl': 'spotify:artist:7IYwVupkZuGBcG3CPBzsC5'}, {'artistid': '123561632', 'name': 'Conrad Vingoe', 'image': 'https://d1plawd8huk6hh.cloudfront.net/assets/default400.png', 'spotifyartisturl': 'spotify:artist:34N71MI95qaXx3kO9r5hNq'}, {'artistid': '123599119', 'name': 'Redrum', 'image': 'https://d1mdxzfl9p8pzo.cloudfront.net/9/123599119_d5264083_1024.jpg', 'spotifyartisturl': 'spotify:artist:236DhyobPkXENxBehTBHtd'}, {'artistid': '123610544', 'name': 'Sweet P', 'image': 'https://d1mdxzfl9p8pzo.cloudfront.net/4/123610544_f726ca39_1024.jpg', 'spotifyartisturl': 'spotify:artist:0BFtfMd8LGyJ8QjjatHmwN'}, {'artistid': '123612980', 'name': 'scratchcard', 'image': 'https://d1plawd8huk6hh.cloudfront.net/assets/default400.png', 'spotifyartisturl': 'spotify:artist:1N0Oogwgzx7CoYyu8abEy9'}]","[{'genreid': '26', 'name': 'Indie'}, {'genreid': '46', 'name': 'Alternative'}, {'genreid': '96', 'name': 'New Wave'}]",[]
42448330,2270452,False,2270452,False,0,FEST,Xcstasy Jouvert Soca Festival 2026,0,,,,,"{'id': 139596, 'name': 'Modern Park', 'address': 'Morden Park', 'town': 'Morden', 'postcode_lookup': 'Sutton', 'postcode': 'SM4 5HE', 'region': 'London', 'country': 'GB', 'phone': '', 'latitude': 51.394884, 'longitude': -0.2049515, 'type': 'Outdoors', 'rating': 0, 'reviewCount': 0, 'distance': 13559.273435464313}",https://d1plawd8huk6hh.cloudfront.net/assets/default400.png,https://d1plawd8huk6hh.cloudfront.net/assets/default400.png,https://d1plawd8huk6hh.cloudfront.net/assets/default400.png,False,https://www.skiddle.com/whats-on/Sutton/Modern-Park/Xcstasy-Jouvert-Soca-Festival-2026/42448330/,2026-07-18,2026-07-18T13:00:00+00:00,2026-07-18T21:00:00+00:00,Saturday 18 July we're back outside for the wildest Paint Powder Water Jouvert in the city. Pure madness. Pure chaos. Pure XCSTASY.,"{'doorsopen': '13:00', 'doorsclose': '21:00', 'lastentry': '17:00'}",18,,0,0,True,"{'minPrice': 70, 'maxPrice': 70}",,public,,False,,,{'enabled': False},#686868,GBP,"[{'artistid': '123603985', 'name': 'DJ Majikal', 'image': 'https://d1mdxzfl9p8pzo.cloudfront.net/5/123603985_80208d0d_1024.jpg', 'spotifyartisturl': None}]","[{'genreid': '68', 'name': 'Reggae'}]",[]
42364818,2252444,False,2252444,False,0,FEST,Daynova,0,,,,,"{'id': 133359, 'name': 'Eutopia', 'address': '42A River Road', 'town': 'Barking', 'postcode_lookup': 'Ilford', 'postcode': 'IG11 0DW', 'region': 'London', 'country': 'GB', 'phone': '', 'latitude': 51.5204397, 'longitude': 0.0963664, 'type': 'Nightclub', 'rating': 0, 'reviewCount': 0, 'distance': 15597.83681988737}",https://d31fr2pwly4c4s.cloudfront.net/9/9/e/2252444_c43caff0_daynova_th.jpg,https://d31fr2pwly4c4s.cloudfront.net/9/9/e/2252444_c43caff0_daynova.jpg,https://d31fr2pwly4c4s.cloudfront.net/9/9/e/2252444_c43caff0_daynova_1024.jpg,https://d31fr2pwly4c4s.cloudfront.net/9/9/e/2252444_c43caff0_daynova_1024.webp,https://www.skiddle.com/whats-on/Ilford/Eutopia/Daynova/42364818/,2026-07-18,2026-07-18T15:00:00+00:00,2026-07-18T23:00:00+00:00,"4000 RAVERS - 40 DJs/MCs - 4 ARENAS

Get ready for a high-energy day party with nothing but vibes, great music and the UK's leading Deejays.","{'doorsopen': '15:00', 'doorsclose': '23:00', 'lastentry': '19:00'}",21,,0,0,True,"{'minPrice': 15, 'maxPrice': 35}",,public,,False,,,{'enabled': False},#080808,GBP,"[{'artistid': '123459214', 'name': 'Wiley', 'image': 'https://d1mdxzfl9p8pzo.cloudfront.net/4/123459214_1_1024.jpg', 'spotifyartisturl': 'spotify:artist:7k9T7lZlHjRAM1bb0r9Rm3'}, {'artistid': '123497936', 'name': 'Ragga Twins', 'image': 'https://d1mdxzfl9p8pzo.cloudfront.net/6/123497936_1_1024.jpg', 'spotifyartisturl': 'spotify:artist:41vebFiEyxaRwT7rNmRLpq'}, {'artistid': '123527116', 'name': 'Dj Supa D', 'image': 'https://d1mdxzfl9p8pzo.cloudfront.net/6/123527116_267.jpg', 'spotifyartisturl': 'spotify:artist:0y84aioPoEjBOzm24Iranq'}, {'artistid': '123547572', 'name': 'MC Shabba D', 'image': 'https://d1mdxzfl9p8pzo.cloudfront.net/2/123547572_1_1024.jpg', 'spotifyartisturl': 'spotify:artist:3mNLI3NXEFH2CoYFDRN2vr'}, {'artistid': '123458363', 'name': 'Grooverider', 'image': 'https://d1mdxzfl9p8pzo.cloudfront.net/3/123458363_267.jpg', 'spotifyartisturl': 'spotify:artist:65g8RO3JqCUTigI7YR3dAw'}, {'artistid': '123599181', 'name': 'Devious D', 'image': 'https://d1mdxzfl9p8pzo.cloudfront.net/1/123599181_1_1024.jpg', 'spotifyartisturl': 'spotify:artist:1plunPGjeo9X2f18vTScon'}, {'artistid': '123598172', 'name': 'DJ WIGMAN', 'image': 'https://d1mdxzfl9p8pzo.cloudfront.net/2/123598172_93e976be_1024.jpg', 'spotifyartisturl': None}, {'artistid': '123598169', 'name': 'MAK 10', 'image': 'https://d1mdxzfl9p8pzo.cloudfront.net/9/123598169_df05f422_1024.jpg', 'spotifyartisturl': 'spotify:artist:7b99UWPONneDHPNUmOppM9'}, {'artistid': '123582365', 'name': 'M-Beat', 'image': 'https://d1plawd8huk6hh.cloudfront.net/assets/default400.png', 'spotifyartisturl': 'spotify:artist:42tN6kVgx34E0Oqk2nef4g'}, {'artistid': '123578559', 'name': 'MC Det', 'image': 'https://d1mdxzfl9p8pzo.cloudfront.net/9/123578559_1_1024.jpg', 'spotifyartisturl': 'spotify:artist:0Bs4WZF4Emmh56AX46sXmJ'}, {'artistid': '123574305', 'name': 'MC Spidey G', 'image': 'https://d1mdxzfl9p8pzo.cloudfront.net/5/123574305_1_1024.jpg', 'spotifyartisturl': None}, {'artistid': '123565079', 'name': 'DJ Ron', 'image': 'https://d1mdxzfl9p8pzo.cloudfront.net/9/123565079_1_1024.jpg', 'spotifyartisturl': 'spotify:artist:4uoDNd45i2U7yJoYu84Lgp'}, {'artistid': '123565077', 'name': 'MC Fearless', 'image': 'https://d1mdxzfl9p8pzo.cloudfront.net/7/123565077_1_1024.jpg', 'spotifyartisturl': 'spotify:artist:3fUEoPDtbh0OKVFlg1Mheh'}, {'artistid': '123561898', 'name': 'Funky Dee', 'image': 'https://d1plawd8huk6hh.cloudfront.net/assets/default400.png', 'spotifyartisturl': 'spotify:artist:4hzlCYExpUNcY6r0jFG3Pv'}, {'artistid': '123557317', 'name': 'Allan Brando', 'image': 'https://d1mdxzfl9p8pzo.cloudfront.net/7/123557317_2_1024.jpg', 'spotifyartisturl': None}, {'artistid': '123555202', 'name': 'Rampage Sound', 'image': 'https://d1mdxzfl9p8pzo.cloudfront.net/2/123555202_2_1024.jpg', 'spotifyartisturl': 'spotify:artist:3m2S9RCMeeeVxF6Z5H9OMi'}, {'artistid': '123554772', 'name': 'DJ Brockie', 'image': 'https://d1mdxzfl9p8pzo.cloudfront.net/2/123554772_1_1024.jpg', 'spotifyartisturl': 'spotify:artist:7BSQlRwokSuRQUeBtS4b59'}, {'artistid': '123540495', 'name': 'Big Business HQ', 'image': 'https://d1mdxzfl9p8pzo.cloudfront.net/5/123540495_1_1024.jpg', 'spotifyartisturl': None}, {'artistid': '123532118', 'name': 'MC Moose', 'image': 'https://d1mdxzfl9p8pzo.cloudfront.net/8/123532118_267.jpg', 'spotifyartisturl': 'spotify:artist:0xKEnflICsX9GtyjQdkv1O'}, {'artistid': '123527988', 'name': 'Shenin Amara', 'image': 'https://d1plawd8huk6hh.cloudfront.net/assets/default400.png', 'spotifyartisturl': 'spotify:artist:7weywzBaVltFXM4ChKbxXJ'}, {'artistid': '123524380', 'name': 'Sir DJ Corey', 'image': 'https://d1mdxzfl9p8pzo.cloudfront.net/0/123524380_1_1024.jpg', 'spotifyartisturl': None}, {'artistid': '123524344', 'name': 'DJ Ace', 'image': 'https://d1mdxzfl9p8pzo.cloudfront.net/4/123524344_2_1024.jpg', 'spotifyartisturl': 'spotify:artist:7tj6AabAWOhGXHgGAggfGg'}, {'artistid': '123486130', 'name': 'Jumping Jack Frost', 'image': 'https://d1mdxzfl9p8pzo.cloudfront.net/0/123486130_1_1024.jpg', 'spotifyartisturl': 'spotify:artist:3kqd6xEHvPGeKjn3Rhgzzr'}]","[{'genreid': '4', 'name': 'R&B'}, {'genreid': '13', 'name': 'Tribal House'}, {'genreid': '24', 'name': 'Dancehall'}, {'genreid': '95', 'name': 'Afrobeat'}, {'genreid': '110', 'name': 'Amapiano'}]",[]
42489077,2281464,False,2281464,False,0,FEST,Folk By The Oak,0,,,,,"{'id': 52028, 'name': 'Hatfield House', 'address': 'The House Office, Great North Rd, Hertfordshire', 'town': 'Hatfield', 'postcode_lookup': 'St-Albans', 'postcode': 'AL9 5HX', 'region': 'London', 'country': 'GB', 'phone': '01707 287010', 'latitude': 51.760437, 'longitude': -0.209286, 'type': 'Outdoors', 'rating': 3, 'reviewCount': 5, 'distance': 28733.93763556408}",https://d31fr2pwly4c4s.cloudfront.net/9/7/a/2281464_fba4f752_folk-by-the-oak_th.jpg,https://d31fr2pwly4c4s.cloudfront.net/9/7/a/2281464_fba4f752_folk-by-the-oak.jpg,https://d31fr2pwly4c4s.cloudfront.net/9/7/a/2281464_fba4f752_folk-by-the-oak_1024.jpg,https://d31fr2pwly4c4s.cloudfront.net/9/7/a/2281464_fba4f752_folk-by-the-oak_1024.webp,https://www.skiddle.com/festivals/Folk-by-The-Oak/,2026-07-19,2026-07-19T11:00:00+00:00,2026-07-19T23:00:00+00:00,"Folk by the Oak is just outside London, but feels a million miles away.","{'doorsopen': '11:00', 'doorsclose': '23:00', 'lastentry': ''}",,,0,0,False,"{'minPrice': 15, 'maxPrice': 35}",0,public,,False,682.0,"{'id': 682, 'name': 'Folk by the Oak Festival', 'earliestStartDate': None}",{'enabled': False},#f8f8f8,GBP,"[{'artistid': '123568137', 'name': 'Black Country, New Road', 'image': 'https://d1mdxzfl9p8pzo.cloudfront.net/7/123568137_1_1024.jpg', 'spotifyartisturl': 'spotify:artist:3PP6ghmOlDl2jaKaH0avUN'}, {'artistid': '123483040', 'name': 'Seasick Steve', 'image': 'https://d1mdxzfl9p8pzo.cloudfront.net/0/123483040_1_1024.jpg', 'spotifyartisturl': 'spotify:artist:6OVkHZQP8QoBYqr1ejCGDv'}, {'artistid': '123594548', 'name': 'Valtos', 'image': 'https://d1mdxzfl9p8pzo.cloudfront.net/8/123594548_1_1024.jpg', 'spotifyartisturl': 'spotify:artist:6gh1HzdxwTgfznOANixjNQ'}, {'artistid': '123551079', 'name': 'TALISK', 'image': 'https://d1mdxzfl9p8pzo.cloudfront.net/9/123551079_2_1024.jpg', 'spotifyartisturl': 'spotify:artist:1khU7sW2d95qMTDnyDfzBT'}, {'artistid': '123498450', 'name': 'Olivia Chaney', 'image': 'https://d1mdxzfl9p8pzo.cloudfront.net/0/123498450_267.jpg', 'spotifyartisturl': 'spotify:artist:0IRzm0TuehkXRBVKNzSX7e'}, {'artistid': '123524050', 'name': 'Adriano Adewale', 'image': 'https://d1mdxzfl9p8pzo.cloudfront.net/0/123524050_1_1024.jpg', 'spotifyartisturl': 'spotify:artist:6iWmUI9ZcY8ed1GTsetdVL'}, {'artistid': '123555193', 'name': 'Iona Lane', 'image': 'https://d1mdxzfl9p8pzo.cloudfront.net/3/123555193_1_1024.jpg', 'spotifyartisturl': 'spotify:artist:3wM9Cbca1XLW8w0uVhfkmT'}, {'artistid': '123564686', 'name': 'Jessie Reid', 'image': 'https://d1mdxzfl9p8pzo.cloudfront.net/6/123564686_1_1024.jpg', 'spotifyartisturl': 'spotify:artist:5KjGwF0TkKmKSC42Mtq2VV'}]","[{'genreid': '44', 'name': 'Folk'}]",[]
41290311,2083422,False,2083422,False,0,FEST,Junction 2,1,2026-01-29 11:19:52,cancelled,Automatic cancellation: All future dates in the event series have been cancelled,,"{'id': 32480, 'name': 'Boston Manor Park', 'address': 'Boston Manor Road', 'town': 'Brentford', 'postcode_lookup': 'Twickenham', 'postcode': 'TW8 9JX', 'region': 'Surrey', 'country': 'GB', 'phone': '0208 992 1626', 'latitude': 51.490177, 'longitude': -0.319722, 'type': 'Outdoors', 'rating': 4, 'reviewCount': 128, 'distance': 13402.70348086992}",https://d31fr2pwly4c4s.cloudfront.net/5/4/d/2083422_68766322_junction-2_th.jpg,https://d31fr2pwly4c4s.cloudfront.net/5/4/d/2083422_68766322_junction-2.jpg,https://d31fr2pwly4c4s.cloudfront.net/5/4/d/2083422_68766322_junction-2_1024.jpg,https://d31fr2pwly4c4s.cloudfront.net/5/4/d/2083422_68766322_junction-2_1024.webp,https://www.skiddle.com/festivals/junction-2/,2026-07-24,2026-07-24T12:00:00+00:00,2026-07-26T22:00:00+00:00,"Don't miss 10 years of J2
We return to Boston Manor Park for Londons best Techno festival","{'doorsopen': '12:00', 'doorsclose': '22:00', 'lastentry': '18:00'}",18,,0,0,False,"{'minPrice': 41.25, 'maxPrice': 41.25}",,public,,False,1166.0,"{'id': 1166, 'name': 'Junction 2 Festival', 'earliestStartDate': None}",{'enabled': False},#080818,GBP,[],"[{'genreid': '1', 'name': 'House'}, {'genreid': '9', 'name': 'Techno'}, {'genreid': '14', 'name': 'Tech House'}]",[]
41965707,2192213,False,2192213,False,0,FEST,Hedex Presents: My Home Is The Rave Festival,0,,,,,"{'id': 32480, 'name': 'Boston Manor Park', 'address': 'Boston Manor Road', 'town': 'Brentford', 'postcode_lookup': 'Twickenham', 'postcode': 'TW8 9JX', 'region': 'Surrey', 'country': 'GB', 'phone': '0208 992 1626', 'latitude': 51.490177, 'longitude': -0.319722, 'type': 'Outdoors', 'rating': 4, 'reviewCount': 128, 'distance': 13402.70348086992}",https://d31fr2pwly4c4s.cloudfront.net/5/a/c/2192213_319c0f67_hedex-presents-my-home-is-the-rave-festival_th.jpg,https://d31fr2pwly4c4s.cloudfront.net/5/a/c/2192213_319c0f67_hedex-presents-my-home-is-the-rave-festival.jpg,https://d31fr2pwly4c4s.cloudfront.net/5/a/c/2192213_319c0f67_hedex-presents-my-home-is-the-rave-festival_1024.jpg,https://d31fr2pwly4c4s.cloudfront.net/5/a/c/2192213_319c0f67_hedex-presents-my-home-is-the-rave-festival_1024.webp,https://www.skiddle.com/whats-on/Twickenham/Boston-Manor-Park/Hedex-Presents-My-Home-Is-The-Rave-Festival/41965707/,2026-07-24,2026-07-24T14:00:00+00:00,2026-07-24T22:00:00+00:00,MHITR Festival. 40+ Artists. Multiple Stages. London. First Time Ever. Boston Manor Park. MHITR. This is going to be insane!,"{'doorsopen': '14:00', 'doorsclose': '22:00', 'lastentry': '20:00'}",18,,0,0,True,"{'minPrice': 42.63, 'maxPrice': 61.25}",,public,,True,,,{'enabled': False},#080808,GBP,"[{'artistid': '123543418', 'name': 'A.M.C', 'image': 'https://d1mdxzfl9p8pzo.cloudfront.net/8/123543418_1_1024.jpg', 'spotifyartisturl': 'spotify:artist:5DygptUY6coQHpmgFfISzQ'}, {'artistid': '123548086', 'name': 'Hedex', 'image': 'https://d1mdxzfl9p8pzo.cloudfront.net/6/123548086_1_1024.jpg', 'spotifyartisturl': 'spotify:artist:22I9QWygJ2IfxR855VsA3t'}, {'artistid': '123570205', 'name': 'Gray', 'image': 'https://d1mdxzfl9p8pzo.cloudfront.net/5/123570205_1_1024.jpg', 'spotifyartisturl': 'spotify:artist:3kPEBSt7qgVoRZSbIXMr7W'}, {'artistid': '123460344', 'name': 'Eksman', 'image': 'https://d1mdxzfl9p8pzo.cloudfront.net/4/123460344_267.jpg', 'spotifyartisturl': 'spotify:artist:2654RQ9MP4lxi0PLQY3ig7'}, {'artistid': '123578800', 'name': 'A Little Sound', 'image': 'https://d1mdxzfl9p8pzo.cloudfront.net/0/123578800_1_1024.jpg', 'spotifyartisturl': 'spotify:artist:1Jv2F8VFJsSr2XKte0vpbQ'}, {'artistid': '123500468', 'name': 'Serum', 'image': 'https://d1mdxzfl9p8pzo.cloudfront.net/8/123500468_267.jpg', 'spotifyartisturl': 'spotify:artist:1OeYjH80o59axC1PYRV97m'}, {'artistid': '123519014', 'name': 'BassLayerz', 'image': 'https://d1mdxzfl9p8pzo.cloudfront.net/4/123519014_1_1024.jpg', 'spotifyartisturl': 'spotify:artist:3jBkpEV3zrHLO6r2iKZeew'}, {'artistid': '123533142', 'name': 'TURNO', 'image': 'https://d1mdxzfl9p8pzo.cloudfront.net/2/123533142_2_1024.jpg', 'spotifyartisturl': 'spotify:artist:1TVDml0EOLsjUxBCFzqWes'}, {'artistid': '123573333', 'name': 'Crossy', 'image': 'https://d1plawd8huk6hh.cloudfront.net/assets/default400.png', 'spotifyartisturl': 'spotify:artist:4gAWlNtMIGaE4VhzbNq7hc'}, {'artistid': '123502606', 'name': 'Aries', 'image': 'https://d1mdxzfl9p8pzo.cloudfront.net/6/123502606_1_1024.jpg', 'spotifyartisturl': 'spotify:artist:2DhDWuXRLdMpGJKZzTuxPo'}, {'artistid': '123500980', 'name': 'Majistrate', 'image': 'https://d1mdxzfl9p8pzo.cloudfront.net/0/123500980_267.jpg', 'spotifyartisturl': 'spotify:artist:7Kmqpu1E2yI5ijuB1dcNTg'}, {'artistid': '123542335', 'name': 'Voltage', 'image': 'https://d1mdxzfl9p8pzo.cloudfront.net/5/123542335_1024.jpg', 'spotifyartisturl': 'spotify:artist:5Pexua3J92rqhQvEqTcRKP'}, {'artistid': '123573520', 'name': 'Amplify', 'image': 'https://d1plawd8huk6hh.cloudfront.net/assets/default400.png', 'spotifyartisturl': 'spotify:artist:64EuuwyWuF2bYlwwrLyN1n'}, {'artistid': '123610712', 'name': 'Grima X Azza', 'image': 'https://d1mdxzfl9p8pzo.cloudfront.net/2/123610712_6c552ef0_1024.jpg', 'spotifyartisturl': 'spotify:artist:0B7mOOI1XegN3bz45dbD0R'}, {'artistid': '123599855', 'name': 'MC Spyda', 'image': 'https://d1mdxzfl9p8pzo.cloudfront.net/5/123599855_d4ca939c_1024.jpg', 'spotifyartisturl': 'spotify:artist:2b4CwhkY6rAscPhxXVxDJl'}, {'artistid': '123486124', 'name': 'Sub Zero', 'image': 'https://d1mdxzfl9p8pzo.cloudfront.net/4/123486124_267.jpg', 'spotifyartisturl': 'spotify:artist:3kMQ0Gx56mVysMT3fqyneR'}, {'artistid': '123500982', 'name': 'Logan D', 'image': 'https://d1mdxzfl9p8pzo.cloudfront.net/2/123500982_1_267.jpg', 'spotifyartisturl': 'spotify:artist:1p2Bj8h0k83W4M7RY8rUvA'}, {'artistid': '123570583', 'name': 'SKANTIA', 'image': 'https://d1mdxzfl9p8pzo.cloudfront.net/3/123570583_1_1024.jpg', 'spotifyartisturl': 'spotify:artist:0FZS1HlJfonbMpQGzTrh0M'}, {'artistid': '123585450', 'name': 'Selecta J-Man', 'image': 'https://d1mdxzfl9p8pzo.cloudfront.net/0/123585450_1_1024.jpg', 'spotifyartisturl': 'spotify:artist:25UCJWhCAOcXmm7i4hLyNP'}, {'artistid': '123602648', 'name': 'Rendah', 'image': 'https://d1mdxzfl9p8pzo.cloudfront.net/8/123602648_93295940_1024.jpg', 'spotifyartisturl': 'spotify:artist:2DD20dIAwiGrP8DFKoFGdX'}, {'artistid': '123569553', 'name': 'Disrupta', 'image': 'https://d1mdxzfl9p8pzo.cloudfront.net/3/123569553_1_1024.jpg', 'spotifyartisturl': 'spotify:artist:6VJ0MDdr6OO6ih2TKP5g2G'}, {'artistid': '123557864', 'name': 'Born on Road', 'image': 'https://d1mdxzfl9p8pzo.cloudfront.net/4/123557864_1_1024.jpg', 'spotifyartisturl': 'spotify:artist:7HEalvJ7jjJXVRTy3dSI5z'}, {'artistid': '123549176', 'name': 'Upgrade', 'image': 'https://d1mdxzfl9p8pzo.cloudfront.net/6/123549176_2_1024.jpg', 'spotifyartisturl': 'spotify:artist:1j95lMtVC9QwnVbifoVy60'}, {'artistid': '123528310', 'name': 'Carasel MC', 'image': 'https://d1mdxzfl9p8pzo.cloudfront.net/0/123528310_1_1024.jpg', 'spotifyartisturl': None}, {'artistid': '123496636', 'name': 'IC3', 'image': 'https://d1mdxzfl9p8pzo.cloudfront.net/6/123496636_4_1024.jpg', 'spotifyartisturl': 'spotify:artist:1D0WJaI63nUtlWKsCm0ymu'}, {'artistid': '123498472', 'name': 'PROFILE', 'image': 'https://d1mdxzfl9p8pzo.cloudfront.net/2/123498472_267.jpg', 'spotifyartisturl': 'spotify:artist:1fdHw2Jg74ybePLV4IV33L'}, {'artistid': '123598452', 'name': 'FMS DNB', 'image': 'https://d1mdxzfl9p8pzo.cloudfront.net/2/123598452_1_1024.jpg', 'spotifyartisturl': 'spotify:artist:24t7V3l2GahWEr1QV47HSc?si=QRK6'}, {'artistid': '123595558', 'name': 'Nersha', 'image': 'https://d1mdxzfl9p8pzo.cloudfront.net/8/123595558_1_1024.jpg', 'spotifyartisturl': 'spotify:artist:2qffW795q2r1MuUmeduoaN'}, {'artistid': '123580817', 'name': 'Slipz', 'image': 'https://d1mdxzfl9p8pzo.cloudfront.net/7/123580817_7b8f3c3e_1024.jpg', 'spotifyartisturl': 'spotify:artist:3hqvu8FKfYOg5xytMKjXFO'}, {'artistid': '123574976', 'name': 'Kendrick D&B', 'image': 'https://d1mdxzfl9p8pzo.cloudfront.net/6/123574976_1_1024.jpg', 'spotifyartisturl': 'spotify:artist:70mqJs2YSPZndK6UuHh4PO'}, {'artistid': '123574908', 'name': 'Anaïs', 'image': 'https://d1plawd8huk6hh.cloudfront.net/assets/default400.png', 'spotifyartisturl': 'spotify:artist:6o96xU0mXSSthZ01IGtn6k'}, {'artistid': '123501038', 'name': 'Elsie', 'image': 'https://d1mdxzfl9p8pzo.cloudfront.net/8/123501038_3_1024.jpg', 'spotifyartisturl': 'spotify:artist:12d75zJJzGShNBCrKDzeKS'}, {'artistid': '123553488', 'name': 'Kelvin 373', 'image': 'https://d1mdxzfl9p8pzo.cloudfront.net/8/123553488_1_1024.jpg', 'spotifyartisturl': 'spotify:artist:2dfy5XzFykgcuyOaUhMlrD'}, {'artistid': '123572643', 'name': 'T-Lex', 'image': 'https://d1plawd8huk6hh.cloudfront.net/assets/default400.png', 'spotifyartisturl': 'spotify:artist:3diWJAdGxsO9OT4cRe0khL'}, {'artistid': '123571632', 'name': 'POSK', 'image': 'https://d1mdxzfl9p8pzo.cloudfront.net/2/123571632_1_1024.jpg', 'spotifyartisturl': 'spotify:artist:0Se9VSGYSzcS0QmxztSJxe'}, {'artistid': '123570451', 'name': 'Latte', 'image': 'https://d1mdxzfl9p8pzo.cloudfront.net/1/123570451_1_1024.jpg', 'spotifyartisturl': 'spotify:artist:63RlEaEuJxvoGSoO7nBQK3'}, {'artistid': '123568785', 'name': 'Atmos', 'image': 'https://d1plawd8huk6hh.cloudfront.net/assets/default400.png', 'spotifyartisturl': 'spotify:artist:6pqvOCqzJlsUWlVjeHBw0v'}, {'artistid': '123556682', 'name': 'T>I', 'image': 'https://d1mdxzfl9p8pzo.cloudfront.net/2/123556682_1_1024.jpg', 'spotifyartisturl': 'spotify:artist:0MDSr2KF63ydZmcqIvSPR3'}, {'artistid': '123556319', 'name': 'DREPS', 'image': 'https://d1mdxzfl9p8pzo.cloudfront.net/9/123556319_1_1024.jpg', 'spotifyartisturl': 'spotify:artist:0hBSt9EaV3JxjI2mjF0Nd2'}]","[{'genreid': '8', 'name': 'Drum and Bass'}]",[]
42572050,2299339,False,2299339,False,0,FEST,Canada Water presents Round The Dock,0,,,,,"{'id': 51110, 'name': 'Canada Water Culture Space', 'address': 'Canada Water Library, 21 Surrey Quays Road,', 'town': 'London', 'postcode_lookup': 'London', 'postcode': 'SE16 7AR', 'region': 'London', 'country': 'GB', 'phone': '02086924446', 'latitude': 51.497844, 'longitude': -0.04886, 'type': 'Theatre', 'rating': 0, 'reviewCount': 0, 'distance': 5571.629721439552}",https://d31fr2pwly4c4s.cloudfront.net/2/7/6/2299339_01ecb8a0_canada-water-presents-round-the-dock_th.jpg,https://d31fr2pwly4c4s.cloudfront.net/2/7/6/2299339_01ecb8a0_canada-water-presents-round-the-dock.jpg,https://d31fr2pwly4c4s.cloudfront.net/2/7/6/2299339_01ecb8a0_canada-water-presents-round-the-dock_1024.jpg,https://d31fr2pwly4c4s.cloudfront.net/2/7/6/2299339_01ecb8a0_canada-water-presents-round-the-dock_1024.webp,https://www.skiddle.com/whats-on/London/Canada-Water-Culture-Space/Canada-Water-presents-Round-The-Dock/42572050/,2026-07-25,2026-07-25T10:00:00+00:00,2026-07-26T20:00:00+00:00,"Six weeks of FREE music, markets, entertainment and culture by the water","{'doorsopen': '10:00', 'doorsclose': '20:00', 'lastentry': '20:00'}",,,0,0,False,"{'minPrice': 42.63, 'maxPrice': 61.25}",0,public,,False,,,{'enabled': False},#080818,GBP,[],[],[]
42409168,2260726,False,2260726,False,0,FEST,"AG FEST 2026, London",0,,,,,"{'id': 109075, 'name': 'Copthall Playing Fields', 'address': 'Champions Way, Page St', 'town': 'London', 'postcode_lookup': 'London', 'postcode': 'NW4 1PS', 'region': 'London', 'country': 'GB', 'phone': '', 'latitude': 51.599861, 'longitude': -0.225653, 'type': 'live', 'rating': 4, 'reviewCount': 573, 'distance': 12337.129849377658}",https://d31fr2pwly4c4s.cloudfront.net/7/0/e/2260726_1375ca36_ag-fest-2026-london_th.jpg,https://d31fr2pwly4c4s.cloudfront.net/7/0/e/2260726_1375ca36_ag-fest-2026-london.jpg,https://d31fr2pwly4c4s.cloudfront.net/7/0/e/2260726_1375ca36_ag-fest-2026-london_1024.jpg,https://d31fr2pwly4c4s.cloudfront.net/7/0/e/2260726_1375ca36_ag-fest-2026-london_1024.webp,https://www.skiddle.com/whats-on/London/Copthall-Playing-Fields/AG-FEST-2026-London/42409168/,2026-07-25,2026-07-25T12:00:00+00:00,2026-07-25T22:00:00+00:00,"AG Fest is DJ AG’s new outside festival. Two stages, for all ages, all music genres, food, family fun, and real community vibes.","{'doorsopen': '12:00', 'doorsclose': '22:00', 'lastentry': '18:00'}",2,,0,0,True,"{'minPrice': 5, 'maxPrice': 110}",,public,,False,,,{'enabled': False},#08c8f8,GBP,"[{'artistid': '123461554', 'name': 'JME', 'image': 'https://d1mdxzfl9p8pzo.cloudfront.net/4/123461554_267.jpg', 'spotifyartisturl': 'spotify:artist:4IZLJdhHCqAvT4pjn8TLH5'}, {'artistid': '123472878', 'name': 'Devlin', 'image': 'https://d1mdxzfl9p8pzo.cloudfront.net/8/123472878_267.jpg', 'spotifyartisturl': 'spotify:artist:7Ks3elJhSP20mD04lgiA68'}, {'artistid': '123553333', 'name': 'NOT3S', 'image': 'https://d1mdxzfl9p8pzo.cloudfront.net/3/123553333_1_1024.jpg', 'spotifyartisturl': 'spotify:artist:40NRiKuuhj1pgGYppptlBO'}, {'artistid': '123501056', 'name': 'Maxi Priest', 'image': 'https://d1plawd8huk6hh.cloudfront.net/assets/default400.png', 'spotifyartisturl': 'spotify:artist:3aTuTR5Nf6pVW3837q2ZL7'}, {'artistid': '123467470', 'name': 'D Double E', 'image': 'https://d1mdxzfl9p8pzo.cloudfront.net/0/123467470_1_1024.jpg', 'spotifyartisturl': 'spotify:artist:6bwkMlweHsBCpI2a0C5nnN'}, {'artistid': '123603490', 'name': 'Daniel Bedingfield', 'image': 'https://d1plawd8huk6hh.cloudfront.net/assets/default400.png', 'spotifyartisturl': 'spotify:artist:11hIqBsGRPztdjBHCSLClX'}, {'artistid': '123500708', 'name': 'Donaeo', 'image': 'https://d1mdxzfl9p8pzo.cloudfront.net/8/123500708_267.jpg', 'spotifyartisturl': 'spotify:artist:3xcx9CcYTM4M1890B8o9Bp'}, {'artistid': '123516902', 'name': 'Kenny Thomas', 'image': 'https://d1mdxzfl9p8pzo.cloudfront.net/2/123516902_267.jpg', 'spotifyartisturl': 'spotify:artist:5fYju5a87cW9osqsxH0JwB'}, {'artistid': '123523098', 'name': 'Lady Leshurr', 'image': 'https://d1mdxzfl9p8pzo.cloudfront.net/8/123523098_267.jpg', 'spotifyartisturl': 'spotify:artist:1Bk2KyFVMN5PeyVyDIiLqF'}, {'artistid': '123502298', 'name': 'Alison Hinds', 'image': 'https://d1mdxzfl9p8pzo.cloudfront.net/8/123502298_267.jpg', 'spotifyartisturl': 'spotify:artist:4FdhiagLyTmvDqAVUxsQ57'}, {'artistid': '123534328', 'name': 'Kathy Sledge', 'image': 'https://d1mdxzfl9p8pzo.cloudfront.net/8/123534328_267.jpg', 'spotifyartisturl': 'spotify:artist:1uSgUZ6BhPQycUUc6Wo30K'}, {'artistid': '123542458', 'name': 'Kyla', 'image': 'https://d1mdxzfl9p8pzo.cloudfront.net/8/123542458_2_1024.jpg', 'spotifyartisturl': 'spotify:artist:2i6zkLCRqT8Jn0gnigXPe7'}, {'artistid': '123550054', 'name': 'MC Viper', 'image': 'https://d1plawd8huk6hh.cloudfront.net/assets/default400.png', 'spotifyartisturl': 'spotify:artist:5TW6tsPChJF8dcnUziaPlh'}, {'artistid': '123487596', 'name': 'DJ Ironik', 'image': 'https://d1mdxzfl9p8pzo.cloudfront.net/6/123487596_1_1024.jpg', 'spotifyartisturl': 'spotify:artist:3rRhi47aouOTnm5F1p82zn'}, {'artistid': '123555751', 'name': 'Triniboi Joocie', 'image': 'https://d1mdxzfl9p8pzo.cloudfront.net/1/123555751_1_1024.jpg', 'spotifyartisturl': 'spotify:artist:7DjHO7cJNhHO5xTaXwgi7w'}, {'artistid': '123559767', 'name': 'Baby Cham', 'image': 'https://d1plawd8huk6hh.cloudfront.net/assets/default400.png', 'spotifyartisturl': 'spotify:artist:4vVZKfFyzVf0CSLSM4mkcd'}, {'artistid': '123575777', 'name': 'MALIKA', 'image': 'https://d1plawd8huk6hh.cloudfront.net/assets/default400.png', 'spotifyartisturl': 'spotify:artist:4oCDlRaa8yRpe4keBeoVjb'}, {'artistid': '123602132', 'name': ""D'Yani"", 'image': 'https://d1mdxzfl9p8pzo.cloudfront.net/2/123602132_2b609b8e_1024.jpg', 'spotifyartisturl': 'spotify:artist:7ycmQw6HBjzk7tjzN6Mtfm'}, {'artistid': '123484200', 'name': 'Princess Nyah', 'image': 'https://d1mdxzfl9p8pzo.cloudfront.net/0/123484200_267.jpg', 'spotifyartisturl': 'spotify:artist:0hqvQutG576D21W1yxkSsh'}]","[{'genreid': '3', 'name': 'UK Garage'}, {'genreid': '24', 'name': 'Dancehall'}, {'genreid': '39', 'name': 'Hip Hop'}, {'genreid': '68', 'name': 'Reggae'}, {'genreid': '70', 'name': 'Grime'}]",[]
42287369,2235205,False,2235205,False,0,FEST,KISSTORY On Blackheath 2026,0,,,,,"{'id': 138460, 'name': 'Blackhealth Common', 'address': 'London', 'town': 'London', 'postcode_lookup': 'London', 'postcode': 'SE10 8QY', 'region': 'London', 'country': 'GB', 'phone': '', 'latitude': 51.471376, 'longitude': -0.0029119, 'type': 'Outdoors', 'rating': 0, 'reviewCount': 0, 'distance': 9523.614504284891}",https://d31fr2pwly4c4s.cloudfront.net/d/b/a/2235205_3f20a2a8_kisstory-on-blackheath-2026_th.jpg,https://d31fr2pwly4c4s.cloudfront.net/d/b/a/2235205_3f20a2a8_kisstory-on-blackheath-2026.jpg,https://d31fr2pwly4c4s.cloudfront.net/d/b/a/2235205_3f20a2a8_kisstory-on-blackheath-2026_1024.jpg,https://d31fr2pwly4c4s.cloudfront.net/d/b/a/2235205_3f20a2a8_kisstory-on-blackheath-2026_1024.webp,https://www.skiddle.com/festivals/kisstoryfestival/,2026-07-25,2026-07-25T13:00:00+00:00,2026-07-25T22:00:00+00:00,"The biggest Old Skool & Anthems party returns to Blackheath - legendary acts, DJs, and summer vibes all day long.","{'doorsopen': '13:00', 'doorsclose': '22:00', 'lastentry': '18:00'}",18,,0,0,True,"{'minPrice': 31.66, 'maxPrice': 95}",,public,,True,1524.0,"{'id': 1524, 'name': 'KISSTORY on Blackheath ', 'earliestStartDate': None}",{'enabled': False},#580888,GBP,"[{'artistid': '123502222', 'name': 'Joel Corry', 'image': 'https://d1mdxzfl9p8pzo.cloudfront.net/2/123502222_2_1024.jpg', 'spotifyartisturl': 'spotify:artist:6DgP9otnZw5z6daOntINxp'}, {'artistid': '123461052', 'name': 'DJ Luck & MC Neat', 'image': 'https://d1mdxzfl9p8pzo.cloudfront.net/2/123461052_3_1024.jpg', 'spotifyartisturl': 'spotify:artist:4MflsXABg2VC9Powgd7JCF'}, {'artistid': '123460834', 'name': 'Todd Terry', 'image': 'https://d1mdxzfl9p8pzo.cloudfront.net/4/123460834_1_1024.jpg', 'spotifyartisturl': 'spotify:artist:3dE92yGWcrboP1kC5SWyqu'}, {'artistid': '123517002', 'name': 'SWEET FEMALE ATTITUDE', 'image': 'https://d1mdxzfl9p8pzo.cloudfront.net/2/123517002_1_1024.jpg', 'spotifyartisturl': 'spotify:artist:1054JdBVMCPm9VpvkUcOYX'}, {'artistid': '123534274', 'name': 'Oxide & Neutrino', 'image': 'https://d1mdxzfl9p8pzo.cloudfront.net/4/123534274_1_1024.jpg', 'spotifyartisturl': 'spotify:artist:0uhNYfjHJyAmHh2xNZ4vqf'}, {'artistid': '123533308', 'name': 'Majestic', 'image': 'https://d1mdxzfl9p8pzo.cloudfront.net/8/123533308_2_1024.jpg', 'spotifyartisturl': 'spotify:artist:6QMABvTzixnxzsLYyhqRxI'}, {'artistid': '123513138', 'name': 'DJ LUCK AND MC NEAT', 'image': 'https://d1mdxzfl9p8pzo.cloudfront.net/8/123513138_1_267.jpg', 'spotifyartisturl': 'spotify:artist:4MflsXABg2VC9Powgd7JCF'}, {'artistid': '123460111', 'name': 'Ms Dynamite', 'image': 'https://d1mdxzfl9p8pzo.cloudfront.net/1/123460111_267.jpg', 'spotifyartisturl': 'spotify:artist:42qLC3FgtazA9AvaIoiP62'}, {'artistid': '123488142', 'name': 'Baby D', 'image': 'https://d1mdxzfl9p8pzo.cloudfront.net/2/123488142_267.jpg', 'spotifyartisturl': 'spotify:artist:33ZOI0WTjYkLh5WuwucLhc'}, {'artistid': '123499334', 'name': 'Wideboys', 'image': 'https://d1mdxzfl9p8pzo.cloudfront.net/4/123499334_267.jpg', 'spotifyartisturl': 'spotify:artist:2fLCjXwadBsnYmn05uxFpi'}, {'artistid': '123517570', 'name': 'Alison Limerick', 'image': 'https://d1mdxzfl9p8pzo.cloudfront.net/0/123517570_267.jpg', 'spotifyartisturl': 'spotify:artist:0ELXBCSsRl2m92MgnOsA69'}, {'artistid': '123554182', 'name': 'Damage', 'image': 'https://d1mdxzfl9p8pzo.cloudfront.net/2/123554182_1_1024.jpg', 'spotifyartisturl': 'spotify:artist:6Pwy6Wat9hp8g83y6gih5g'}, {'artistid': '123496894', 'name': 'Kele Le Roc', 'image': 'https://d1mdxzfl9p8pzo.cloudfront.net/4/123496894_1_1024.jpg', 'spotifyartisturl': 'spotify:artist:6147A0TM1JrrEkin51nwnD'}, {'artistid': '123497490', 'name': 'Elisabeth Troy', 'image': 'https://d1mdxzfl9p8pzo.cloudfront.net/0/123497490_267.jpg', 'spotifyartisturl': 'spotify:artist:2PWJP6HKlECQurewX1uGuT'}, {'artistid': '123500472', 'name': 'DJ Pioneer', 'image': 'https://d1mdxzfl9p8pzo.cloudfront.net/2/123500472_267.jpg', 'spotifyartisturl': 'spotify:artist:1xReU0l2uJ5gyEwlL1XK0r'}, {'artistid': '123519314', 'name': 'DJ Pioneer KISS FM', 'image': 'https://d1mdxzfl9p8pzo.cloudfront.net/4/123519314_2_1024.jpg', 'spotifyartisturl': None}, {'artistid': '123524344', 'name': 'DJ Ace', 'image': 'https://d1mdxzfl9p8pzo.cloudfront.net/4/123524344_2_1024.jpg', 'spotifyartisturl': 'spotify:artist:7tj6AabAWOhGXHgGAggfGg'}, {'artistid': '123537538', 'name': 'Marvin Humes', 'image': 'https://d1mdxzfl9p8pzo.cloudfront.net/8/123537538_267.jpg', 'spotifyartisturl': 'spotify:artist:5S4Aw94BUuvnKBKOUmsUBn'}, {'artistid': '123551155', 'name': 'DJ Pioneer (KISS FM)', 'image': 'https://d1mdxzfl9p8pzo.cloudfront.net/5/123551155_1_1024.jpg', 'spotifyartisturl': None}, {'artistid': '123558253', 'name': 'Dj Nay Nay', 'image': 'https://d1mdxzfl9p8pzo.cloudfront.net/3/123558253_2_1024.jpg', 'spotifyartisturl': 'spotify:artist:7rQP87Iniu4YJ1Edbgj5To'}]","[{'genreid': '3', 'name': 'UK Garage'}, {'genreid': '4', 'name': 'R&B'}, {'genreid': '8', 'name': 'Drum and Bass'}, {'genreid': '19', 'name': 'Old Skool'}]",[]
42498208,2283726,False,2283726,False,0,FEST,KISSTORY On Blackheath 2026,0,,,,,"{'id': 51574, 'name': 'Blackheath Common', 'address': 'London', 'town': 'London', 'postcode_lookup': 'London', 'postcode': 'SE10 8QY', 'region': 'London', 'country': 'GB', 'phone': 'n/a', 'latitude': 51.4693156, 'longitude': 0.0049086, 'type': 'Other', 'rating': 3, 'reviewCount': 943, 'distance': 10111.519368238765}",https://d31fr2pwly4c4s.cloudfront.net/e/5/1/2283726_be76d226_kisstory-on-blackheath-2026_th.jpg,https://d31fr2pwly4c4s.cloudfront.net/e/5/1/2283726_be76d226_kisstory-on-blackheath-2026.jpg,https://d31fr2pwly4c4s.cloudfront.net/e/5/1/2283726_be76d226_kisstory-on-blackheath-2026_1024.jpg,https://d31fr2pwly4c4s.cloudfront.net/e/5/1/2283726_be76d226_kisstory-on-blackheath-2026_1024.webp,https://www.skiddle.com/festivals/kisstoryfestival/,2026-07-25,2026-07-25T13:00:00+00:00,2026-07-25T22:00:00+00:00,"The biggest Old Skool & Anthems party returns to Blackheath - legendary acts, DJs, and summer vibes all day long.","{'doorsopen': '13:00', 'doorsclose': '22:00', 'lastentry': '18:00'}",18,,0,0,True,"{'minPrice': 31.66, 'maxPrice': 95}",,public,,False,1524.0,"{'id': 1524, 'name': 'KISSTORY on Blackheath ', 'earliestStartDate': None}",{'enabled': False},#580888,GBP,"[{'artistid': '123502222', 'name': 'Joel Corry', 'image': 'https://d1mdxzfl9p8pzo.cloudfront.net/2/123502222_2_1024.jpg', 'spotifyartisturl': 'spotify:artist:6DgP9otnZw5z6daOntINxp'}, {'artistid': '123461052', 'name': 'DJ Luck & MC Neat', 'image': 'https://d1mdxzfl9p8pzo.cloudfront.net/2/123461052_3_1024.jpg', 'spotifyartisturl': 'spotify:artist:4MflsXABg2VC9Powgd7JCF'}, {'artistid': '123460834', 'name': 'Todd Terry', 'image': 'https://d1mdxzfl9p8pzo.cloudfront.net/4/123460834_1_1024.jpg', 'spotifyartisturl': 'spotify:artist:3dE92yGWcrboP1kC5SWyqu'}, {'artistid': '123517002', 'name': 'SWEET FEMALE ATTITUDE', 'image': 'https://d1mdxzfl9p8pzo.cloudfront.net/2/123517002_1_1024.jpg', 'spotifyartisturl': 'spotify:artist:1054JdBVMCPm9VpvkUcOYX'}, {'artistid': '123534274', 'name': 'Oxide & Neutrino', 'image': 'https://d1mdxzfl9p8pzo.cloudfront.net/4/123534274_1_1024.jpg', 'spotifyartisturl': 'spotify:artist:0uhNYfjHJyAmHh2xNZ4vqf'}, {'artistid': '123533308', 'name': 'Majestic', 'image': 'https://d1mdxzfl9p8pzo.cloudfront.net/8/123533308_2_1024.jpg', 'spotifyartisturl': 'spotify:artist:6QMABvTzixnxzsLYyhqRxI'}, {'artistid': '123513138', 'name': 'DJ LUCK AND MC NEAT', 'image': 'https://d1mdxzfl9p8pzo.cloudfront.net/8/123513138_1_267.jpg', 'spotifyartisturl': 'spotify:artist:4MflsXABg2VC9Powgd7JCF'}, {'artistid': '123460111', 'name': 'Ms Dynamite', 'image': 'https://d1mdxzfl9p8pzo.cloudfront.net/1/123460111_267.jpg', 'spotifyartisturl': 'spotify:artist:42qLC3FgtazA9AvaIoiP62'}, {'artistid': '123488142', 'name': 'Baby D', 'image': 'https://d1mdxzfl9p8pzo.cloudfront.net/2/123488142_267.jpg', 'spotifyartisturl': 'spotify:artist:33ZOI0WTjYkLh5WuwucLhc'}, {'artistid': '123499334', 'name': 'Wideboys', 'image': 'https://d1mdxzfl9p8pzo.cloudfront.net/4/123499334_267.jpg', 'spotifyartisturl': 'spotify:artist:2fLCjXwadBsnYmn05uxFpi'}, {'artistid': '123517570', 'name': 'Alison Limerick', 'image': 'https://d1mdxzfl9p8pzo.cloudfront.net/0/123517570_267.jpg', 'spotifyartisturl': 'spotify:artist:0ELXBCSsRl2m92MgnOsA69'}, {'artistid': '123554182', 'name': 'Damage', 'image': 'https://d1mdxzfl9p8pzo.cloudfront.net/2/123554182_1_1024.jpg', 'spotifyartisturl': 'spotify:artist:6Pwy6Wat9hp8g83y6gih5g'}, {'artistid': '123496894', 'name': 'Kele Le Roc', 'image': 'https://d1mdxzfl9p8pzo.cloudfront.net/4/123496894_1_1024.jpg', 'spotifyartisturl': 'spotify:artist:6147A0TM1JrrEkin51nwnD'}, {'artistid': '123500472', 'name': 'DJ Pioneer', 'image': 'https://d1mdxzfl9p8pzo.cloudfront.net/2/123500472_267.jpg', 'spotifyartisturl': 'spotify:artist:1xReU0l2uJ5gyEwlL1XK0r'}, {'artistid': '123497490', 'name': 'Elisabeth Troy', 'image': 'https://d1mdxzfl9p8pzo.cloudfront.net/0/123497490_267.jpg', 'spotifyartisturl': 'spotify:artist:2PWJP6HKlECQurewX1uGuT'}, {'artistid': '123519314', 'name': 'DJ Pioneer KISS FM', 'image': 'https://d1mdxzfl9p8pzo.cloudfront.net/4/123519314_2_1024.jpg', 'spotifyartisturl': None}, {'artistid': '123524344', 'name': 'DJ Ace', 'image': 'https://d1mdxzfl9p8pzo.cloudfront.net/4/123524344_2_1024.jpg', 'spotifyartisturl': 'spotify:artist:7tj6AabAWOhGXHgGAggfGg'}, {'artistid': '123529056', 'name': 'DJ Silk', 'image': 'https://d1mdxzfl9p8pzo.cloudfront.net/6/123529056_2_1024.jpg', 'spotifyartisturl': 'spotify:artist:39bCBkpX3ir1Zy732IpxHF'}, {'artistid': '123529564', 'name': 'Lisa Maffia', 'image': 'https://d1mdxzfl9p8pzo.cloudfront.net/4/123529564_267.jpg', 'spotifyartisturl': 'spotify:artist:2tiBXBk9svXUlNxP52KA6V'}, {'artistid': '123496984', 'name': 'Scott Garcia', 'image': 'https://d1mdxzfl9p8pzo.cloudfront.net/4/123496984_267.jpg', 'spotifyartisturl': 'spotify:artist:4pmXP4rg8C8WmWtoCWdC9b'}, {'artistid': '123537538', 'name': 'Marvin Humes', 'image': 'https://d1mdxzfl9p8pzo.cloudfront.net/8/123537538_267.jpg', 'spotifyartisturl': 'spotify:artist:5S4Aw94BUuvnKBKOUmsUBn'}, {'artistid': '123542768', 'name': 'MC ROMEO', 'image': 'https://d1mdxzfl9p8pzo.cloudfront.net/8/123542768_1024.jpg', 'spotifyartisturl': 'spotify:artist:4sP00Zl9N7tSTYONzNSlDG'}, {'artistid': '123551155', 'name': 'DJ Pioneer (KISS FM)', 'image': 'https://d1mdxzfl9p8pzo.cloudfront.net/5/123551155_1_1024.jpg', 'spotifyartisturl': None}, {'artistid': '123567798', 'name': 'Nick Bright', 'image': 'https://d1mdxzfl9p8pzo.cloudfront.net/8/123567798_1_1024.jpg', 'spotifyartisturl': 'spotify:artist:7KW6WWAeLNWOFD0WyGayDs'}]","[{'genreid': '3', 'name': 'UK Garage'}, {'genreid': '4', 'name': 'R&B'}, {'genreid': '8', 'name': 'Drum and Bass'}, {'genreid': '19', 'name': 'Old Skool'}]",[]
42470104,2275162,False,2275162,False,0,FEST,Ealing Jazz Festival 2026,0,,,,,"{'id': 32892, 'name': 'Walpole Park', 'address': 'Walpole Park, Ealing, London W5 5EQ ', 'town': 'London', 'postcode_lookup': 'London', 'postcode': 'W5 5qe', 'region': 'London', 'country': 'GB', 'phone': '000 0000 0000', 'latitude': 51.5065318, 'longitude': -0.3018157, 'type': 'Outdoors', 'rating': 0, 'reviewCount': 0, 'distance': 12029.947042003892}",https://d31fr2pwly4c4s.cloudfront.net/a/3/b/2275162_a00903ff_ealing-jazz-festival-2026_th.jpg,https://d31fr2pwly4c4s.cloudfront.net/a/3/b/2275162_a00903ff_ealing-jazz-festival-2026.jpg,https://d31fr2pwly4c4s.cloudfront.net/a/3/b/2275162_a00903ff_ealing-jazz-festival-2026_1024.jpg,https://d31fr2pwly4c4s.cloudfront.net/a/3/b/2275162_a00903ff_ealing-jazz-festival-2026_1024.webp,https://www.skiddle.com/whats-on/London/Walpole-Park/Ealing-Jazz-Festival-2026/42470104/,2026-07-25,2026-07-25T13:00:00+00:00,2026-07-26T22:30:00+00:00,"The 2026 Ealing Jazz Festival celebrates both heritage and evolution, building on a legacy in Walpole Park that stretches back to 1984.","{'doorsopen': '13:00', 'doorsclose': '22:30', 'lastentry': '21:00'}",,,0,0,True,"{'minPrice': 12.5, 'maxPrice': 24.75}",,public,,False,,,{'enabled': False},#e84898,GBP,"[{'artistid': '123490380', 'name': 'Bukky Leo', 'image': 'https://d1mdxzfl9p8pzo.cloudfront.net/0/123490380_267.jpg', 'spotifyartisturl': 'spotify:artist:46R3jKPfDAOycynkHsK6Aq'}, {'artistid': '123497550', 'name': 'Florence Joelle', 'image': 'https://d1mdxzfl9p8pzo.cloudfront.net/0/123497550_1_267.jpg', 'spotifyartisturl': 'spotify:artist:1i94Y21FkjB26895QxGBcM'}, {'artistid': '123502264', 'name': 'Soothsayers', 'image': 'https://d1mdxzfl9p8pzo.cloudfront.net/4/123502264_267.jpg', 'spotifyartisturl': 'spotify:artist:4iJspDSUsyFWGNada2wdVx'}, {'artistid': '123516010', 'name': 'London Afrobeat Collective', 'image': 'https://d1mdxzfl9p8pzo.cloudfront.net/0/123516010_267.jpg', 'spotifyartisturl': 'spotify:artist:1P1MZXlpOUdjWiiyZrLddU'}, {'artistid': '123540124', 'name': 'Grupo Lokito', 'image': 'https://d1mdxzfl9p8pzo.cloudfront.net/4/123540124_267.jpg', 'spotifyartisturl': 'spotify:artist:5VZjrKzhVfStb1QbnBqYRE'}, {'artistid': '123562758', 'name': 'Nick Corbin', 'image': 'https://d1mdxzfl9p8pzo.cloudfront.net/8/123562758_1_1024.jpg', 'spotifyartisturl': 'spotify:artist:7DGzcNoNqaCLgCLhldp2jg'}, {'artistid': '123570879', 'name': 'The Filthy Six', 'image': 'https://d1mdxzfl9p8pzo.cloudfront.net/9/123570879_1_1024.jpg', 'spotifyartisturl': 'spotify:artist:1AiQK5vJEjhf6pFcWs5nWp'}, {'artistid': '123575283', 'name': 'Rachael Cohen', 'image': 'https://d1mdxzfl9p8pzo.cloudfront.net/3/123575283_1_1024.jpg', 'spotifyartisturl': 'spotify:artist:4N9nHYzmhguguvmA9B1koS'}, {'artistid': '123605311', 'name': 'Mark Kavuma', 'image': 'https://d1plawd8huk6hh.cloudfront.net/assets/default400.png', 'spotifyartisturl': 'spotify:artist:2hk65UpBmplNbPOayzIJqP'}, {'artistid': '123613247', 'name': 'the Moonlight Sirens', 'image': 'https://d1plawd8huk6hh.cloudfront.net/assets/default400.png', 'spotifyartisturl': None}]","[{'genreid': '1', 'name': 'House'}, {'genreid': '25', 'name': 'Jazz'}, {'genreid': '42', 'name': 'Acoustic'}, {'genreid': '44', 'name': 'Folk'}, {'genreid': '67', 'name': 'World Music'}]",[]
42071581,2201502,False,2201502,False,0,FEST,"Junction 2 x fabric: Nina Kraviz, Jeff Mills",0,,,,,"{'id': 32480, 'name': 'Boston Manor Park', 'address': 'Boston Manor Road', 'town': 'Brentford', 'postcode_lookup': 'Twickenham', 'postcode': 'TW8 9JX', 'region': 'Surrey', 'country': 'GB', 'phone': '0208 992 1626', 'latitude': 51.490177, 'longitude': -0.319722, 'type': 'Outdoors', 'rating': 4, 'reviewCount': 128, 'distance': 13402.70348086992}",https://d31fr2pwly4c4s.cloudfront.net/7/3/2/2201502_1acc3a28_junction-2-x-fabric-nina-kraviz-jeff-mills_th.jpg,https://d31fr2pwly4c4s.cloudfront.net/7/3/2/2201502_1acc3a28_junction-2-x-fabric-nina-kraviz-jeff-mills.jpg,https://d31fr2pwly4c4s.cloudfront.net/7/3/2/2201502_1acc3a28_junction-2-x-fabric-nina-kraviz-jeff-mills_1024.jpg,https://d31fr2pwly4c4s.cloudfront.net/7/3/2/2201502_1acc3a28_junction-2-x-fabric-nina-kraviz-jeff-mills_1024.webp,https://www.skiddle.com/whats-on/Twickenham/Boston-Manor-Park/Junction-2-x-fabric-Nina-Kraviz-Jeff-Mills/42071581/,2026-07-25,2026-07-25T14:00:00+00:00,2026-07-25T22:00:00+00:00,Junction 2 and fabric partner up for an unforgettable show.,"{'doorsopen': '14:00', 'doorsclose': '22:00', 'lastentry': '18:00'}",18,,0,0,True,"{'minPrice': 43, 'maxPrice': 66.25}",,public,,False,,,{'enabled': False},#080808,GBP,"[{'artistid': '123499386', 'name': 'Nina Kraviz', 'image': 'https://d1mdxzfl9p8pzo.cloudfront.net/6/123499386_2_1024.jpg', 'spotifyartisturl': 'spotify:artist:1oZmFNkGAT93yD1xX4vTRE'}, {'artistid': '123485590', 'name': 'Marcel Dettmann', 'image': 'https://d1mdxzfl9p8pzo.cloudfront.net/0/123485590_1_267.jpg', 'spotifyartisturl': 'spotify:artist:1sxHp39RqBEE01pgVqsdyP'}, {'artistid': '123486990', 'name': 'Jeff Mills', 'image': 'https://d1mdxzfl9p8pzo.cloudfront.net/0/123486990_267.jpg', 'spotifyartisturl': 'spotify:artist:1TqcTSown8g3Txdq3zNazR'}, {'artistid': '123493536', 'name': 'DJ Hell', 'image': 'https://d1mdxzfl9p8pzo.cloudfront.net/6/123493536_267.jpg', 'spotifyartisturl': 'spotify:artist:4WgFczZafuUFBvsCuSK44C'}, {'artistid': '123519736', 'name': 'Nicolas Lutz', 'image': 'https://d1mdxzfl9p8pzo.cloudfront.net/6/123519736_267.jpg', 'spotifyartisturl': None}, {'artistid': '123559249', 'name': 'Anna Wall', 'image': 'https://d1mdxzfl9p8pzo.cloudfront.net/9/123559249_1_1024.jpg', 'spotifyartisturl': 'spotify:artist:7d4zAhzgOZdpFLnekFZgPO'}, {'artistid': '123561797', 'name': 'GiGi FM', 'image': 'https://d1mdxzfl9p8pzo.cloudfront.net/7/123561797_1_1024.jpg', 'spotifyartisturl': 'spotify:artist:2I64l1qh83iqkQ3cLRGcPi'}, {'artistid': '123586160', 'name': 'Gabrielle Kwarteng', 'image': 'https://d1mdxzfl9p8pzo.cloudfront.net/0/123586160_1_1024.jpg', 'spotifyartisturl': None}]","[{'genreid': '9', 'name': 'Techno'}]",[]
41666261,2167876,False,2167876,False,0,FEST,Breakin Science Summer Underground | Jungle Mania | D&B Classics,1,2026-02-26 11:46:26,rescheduled,Date has had to be rescheduled and line up is being announced for event,2026-09-05,"{'id': 133360, 'name': 'Eutopia Warehouse', 'address': '42A River Road', 'town': 'Barking', 'postcode_lookup': 'Ilford', 'postcode': 'IG11 0DW', 'region': 'London', 'country': 'GB', 'phone': '', 'latitude': 51.5204, 'longitude': 0.0964, 'type': 'Nightclub', 'rating': 3, 'reviewCount': 218, 'distance': 15599.736613846364}",https://d31fr2pwly4c4s.cloudfront.net/4/1/9/2167876_f7be8f5e_breakin-science-summer-underground-jungle-mania-d-b-classics_th.jpg,https://d31fr2pwly4c4s.cloudfront.net/4/1/9/2167876_f7be8f5e_breakin-science-summer-underground-jungle-mania-d-b-classics.jpg,https://d31fr2pwly4c4s.cloudfront.net/4/1/9/2167876_f7be8f5e_breakin-science-summer-underground-jungle-mania-d-b-classics_1024.jpg,https://d31fr2pwly4c4s.cloudfront.net/4/1/9/2167876_f7be8f5e_breakin-science-summer-underground-jungle-mania-d-b-classics_1024.webp,https://www.skiddle.com/whats-on/Ilford/Eutopia-Warehouse/Breakin-Science-Summer-Underground-Jungle-Mania--DB-Classics/42147217/,2026-07-25,2026-07-25T14:00:00+00:00,2026-07-25T22:00:00+00:00,"Eutopia WHS is the destination for London's biggest celebration of underground D&B + Jungle, with 1 massive Outdoor yard + 3 Warehouse Arenas!","{'doorsopen': '14:00', 'doorsclose': '22:00', 'lastentry': '19:00'}",18,,0,0,False,"{'minPrice': 0, 'maxPrice': 0}",,public,,False,,,{'enabled': False},#f8f8f8,GBP,[],"[{'genreid': '8', 'name': 'Drum and Bass'}, {'genreid': '80', 'name': 'Jungle'}]",[]
42404036,2258972,False,2258972,False,0,FEST,It's Our House LDN: PRESSURE SUMMER DAY PARTY @Nagshall Farm,0,,,,,"{'id': 130598, 'name': 'Nags Hall Farm', 'address': 'Nagshall', 'town': 'Godstone', 'postcode_lookup': 'RedHill', 'postcode': 'RH9 8DB', 'region': 'Sussex', 'country': 'GB', 'phone': '', 'latitude': 51.2487692, 'longitude': -0.0478044, 'type': 'Nightclub', 'rating': 4, 'reviewCount': 2, 'distance': 29248.491446256812}",https://d31fr2pwly4c4s.cloudfront.net/d/5/c/2258972_74dfa0e5_it-s-our-house-ldn-pressure-summer-day-party-nagshall-farm_th.jpg,https://d31fr2pwly4c4s.cloudfront.net/d/5/c/2258972_74dfa0e5_it-s-our-house-ldn-pressure-summer-day-party-nagshall-farm.jpg,https://d31fr2pwly4c4s.cloudfront.net/d/5/c/2258972_74dfa0e5_it-s-our-house-ldn-pressure-summer-day-party-nagshall-farm_1024.jpg,https://d31fr2pwly4c4s.cloudfront.net/d/5/c/2258972_74dfa0e5_it-s-our-house-ldn-pressure-summer-day-party-nagshall-farm_1024.webp,https://www.skiddle.com/whats-on/RedHill/Nags-Hall-Farm/Its-Our-House-LDN-PRESSURE-SUMMER-DAY-PARTY-Nagshall-Farm/42404036/,2026-07-26,2026-07-26T12:00:00+00:00,2026-07-26T22:00:00+00:00,"t's Our House LDN Presents: PRESSURE A new day party experience built for the underground. Expect nothing but deep, rolling grooves and high energy","{'doorsopen': '12:00', 'doorsclose': '22:00', 'lastentry': '19:00'}",18,,0,0,True,"{'minPrice': 20, 'maxPrice': 25}",,public,,False,,,{'enabled': False},#f8f8f8,GBP,"[{'artistid': '123498018', 'name': 'Mark Radford', 'image': 'https://d1mdxzfl9p8pzo.cloudfront.net/8/123498018_1_1024.jpg', 'spotifyartisturl': 'spotify:artist:26ZHikcy6I1xD7dSZr8z88'}, {'artistid': '123545020', 'name': 'Masterstepz', 'image': 'https://d1mdxzfl9p8pzo.cloudfront.net/0/123545020_1024.jpg', 'spotifyartisturl': 'spotify:artist:0PzA7Rpt21GZplV4FosHe7'}, {'artistid': '123567846', 'name': 'ALTO', 'image': 'https://d1mdxzfl9p8pzo.cloudfront.net/6/123567846_4_1024.jpg', 'spotifyartisturl': 'spotify:artist:5nErCU6sD2vuZWR7qOFUjB'}, {'artistid': '123573732', 'name': 'Saf MFD', 'image': 'https://d1plawd8huk6hh.cloudfront.net/assets/default400.png', 'spotifyartisturl': None}, {'artistid': '123579172', 'name': 'Scotti Dee', 'image': 'https://d1mdxzfl9p8pzo.cloudfront.net/2/123579172_1_1024.jpg', 'spotifyartisturl': 'spotify:artist:07UnmA48SWTKJCC5t5ns7W'}, {'artistid': '123586150', 'name': 'Tommy D', 'image': 'https://d1mdxzfl9p8pzo.cloudfront.net/0/123586150_68ccfb46_1024.jpg', 'spotifyartisturl': 'spotify:artist:3Z4upWAYNbhzajBxPMsLJS'}, {'artistid': '123586487', 'name': 'Beezo', 'image': 'https://d1mdxzfl9p8pzo.cloudfront.net/7/123586487_1_1024.jpg', 'spotifyartisturl': 'spotify:artist:1qeER9Xog9cn9LLqQSpCby'}, {'artistid': '123590000', 'name': 'fidi black mfd', 'image': 'https://d1mdxzfl9p8pzo.cloudfront.net/0/123590000_93239389_1024.jpg', 'spotifyartisturl': None}, {'artistid': '123592317', 'name': 'DJ Lucy Crane', 'image': 'https://d1mdxzfl9p8pzo.cloudfront.net/7/123592317_0931bf18_1024.jpg', 'spotifyartisturl': None}, {'artistid': '123602421', 'name': 'Dreecy mfd', 'image': 'https://d1mdxzfl9p8pzo.cloudfront.net/1/123602421_d2ed64b7_1024.jpg', 'spotifyartisturl': 'spotify:artist:1v2zw6dxOKRUaWV3dRAoC8'}, {'artistid': '123606973', 'name': 'Darkmanzulu', 'image': 'https://d1mdxzfl9p8pzo.cloudfront.net/3/123606973_6f35cbfb_1024.jpg', 'spotifyartisturl': None}, {'artistid': '123608293', 'name': 'James Cooper (UK)', 'image': 'https://d1mdxzfl9p8pzo.cloudfront.net/3/123608293_5cd711dd_1024.jpg', 'spotifyartisturl': None}, {'artistid': '123609674', 'name': 'smoke ngb', 'image': 'https://d1mdxzfl9p8pzo.cloudfront.net/4/123609674_de0863f6_1024.jpg', 'spotifyartisturl': None}, {'artistid': '123611948', 'name': 'MFD Entertainment', 'image': 'https://d1mdxzfl9p8pzo.cloudfront.net/8/123611948_22e26b3c_1024.jpg', 'spotifyartisturl': None}, {'artistid': '123613252', 'name': 'Georgiee', 'image': 'https://d1plawd8huk6hh.cloudfront.net/assets/default400.png', 'spotifyartisturl': None}]","[{'genreid': '10', 'name': 'Deep House'}, {'genreid': '14', 'name': 'Tech House'}, {'genreid': '108', 'name': 'Soulful House'}]",[]
42071584,2201505,False,2201505,False,0,FEST,"Junction 2: Adam Beyer, Miss Monique, Indo Warehouse",0,,,,,"{'id': 32480, 'name': 'Boston Manor Park', 'address': 'Boston Manor Road', 'town': 'Brentford', 'postcode_lookup': 'Twickenham', 'postcode': 'TW8 9JX', 'region': 'Surrey', 'country': 'GB', 'phone': '0208 992 1626', 'latitude': 51.490177, 'longitude': -0.319722, 'type': 'Outdoors', 'rating': 4, 'reviewCount': 128, 'distance': 13402.70348086992}",https://d31fr2pwly4c4s.cloudfront.net/7/0/7/2201505_423f6ca8_junction-2-adam-beyer-miss-monique-indo-warehouse_th.jpg,https://d31fr2pwly4c4s.cloudfront.net/7/0/7/2201505_423f6ca8_junction-2-adam-beyer-miss-monique-indo-warehouse.jpg,https://d31fr2pwly4c4s.cloudfront.net/7/0/7/2201505_423f6ca8_junction-2-adam-beyer-miss-monique-indo-warehouse_1024.jpg,https://d31fr2pwly4c4s.cloudfront.net/7/0/7/2201505_423f6ca8_junction-2-adam-beyer-miss-monique-indo-warehouse_1024.webp,https://www.skiddle.com/whats-on/Twickenham/Boston-Manor-Park/Junction-2-Adam-Beyer-Miss-Monique-Indo-Warehouse/42071584/,2026-07-26,2026-07-26T14:00:00+00:00,2026-07-26T22:00:00+00:00,Experience the best of J2.,"{'doorsopen': '14:00', 'doorsclose': '22:00', 'lastentry': '18:00'}",18,,0,0,True,"{'minPrice': 51.25, 'maxPrice': 66.25}",,public,,False,,,{'enabled': False},#181818,GBP,"[{'artistid': '123458743', 'name': 'Adam Beyer', 'image': 'https://d1mdxzfl9p8pzo.cloudfront.net/3/123458743_1_267.jpg', 'spotifyartisturl': 'spotify:artist:1btv9qmIpbp7q1ixCYNdHu'}, {'artistid': '123566957', 'name': 'Franky Wah', 'image': 'https://d1mdxzfl9p8pzo.cloudfront.net/7/123566957_1_1024.jpg', 'spotifyartisturl': 'spotify:artist:3IG3Ub4ra8AuSxCFDVkVco'}, {'artistid': '123581597', 'name': 'Carina Lawrence', 'image': 'https://d1mdxzfl9p8pzo.cloudfront.net/7/123581597_1_1024.jpg', 'spotifyartisturl': 'spotify:artist:51tCJiHaRSXbIPvDr8T5Mx'}, {'artistid': '123586637', 'name': 'Mia Aurora', 'image': 'https://d1mdxzfl9p8pzo.cloudfront.net/7/123586637_1_1024.jpg', 'spotifyartisturl': None}, {'artistid': '123611246', 'name': 'Julia Linkogel', 'image': 'https://d1mdxzfl9p8pzo.cloudfront.net/6/123611246_f9d25b1e_1024.jpg', 'spotifyartisturl': 'spotify:artist:38rI1IBVAY3puy9ld9rhVC'}]","[{'genreid': '1', 'name': 'House'}, {'genreid': '9', 'name': 'Techno'}]",[]
42071953,2201700,False,2201700,False,0,FEST,Effy & Mall Grab Present: Frangrance,0,,,,,"{'id': 32480, 'name': 'Boston Manor Park', 'address': 'Boston Manor Road', 'town': 'Brentford', 'postcode_lookup': 'Twickenham', 'postcode': 'TW8 9JX', 'region': 'Surrey', 'country': 'GB', 'phone': '0208 992 1626', 'latitude': 51.490177, 'longitude': -0.319722, 'type': 'Outdoors', 'rating': 4, 'reviewCount': 128, 'distance': 13402.70348086992}",https://d31fr2pwly4c4s.cloudfront.net/c/5/0/2201700_e2a8df71_effy-mall-grab-present-frangrance_th.jpg,https://d31fr2pwly4c4s.cloudfront.net/c/5/0/2201700_e2a8df71_effy-mall-grab-present-frangrance.jpg,https://d31fr2pwly4c4s.cloudfront.net/c/5/0/2201700_e2a8df71_effy-mall-grab-present-frangrance_1024.jpg,https://d31fr2pwly4c4s.cloudfront.net/c/5/0/2201700_e2a8df71_effy-mall-grab-present-frangrance_1024.webp,https://www.skiddle.com/whats-on/Twickenham/Boston-Manor-Park/Effy--Mall-Grab-Present-Frangrance/42071953/,2026-07-31,2026-07-31T14:00:00+00:00,2026-07-31T22:00:00+00:00,Mall Grab and Effy are taking to the decks this July to present Fragrance. Don't miss out on this massively anticipated set.,"{'doorsopen': '14:00', 'doorsclose': '22:00', 'lastentry': '18:00'}",18,,0,0,True,"{'minPrice': 36.75, 'maxPrice': 61.25}",,public,,False,,,{'enabled': False},#f8b8e8,GBP,"[{'artistid': '123549741', 'name': 'Mall Grab', 'image': 'https://d1mdxzfl9p8pzo.cloudfront.net/1/123549741_1_1024.jpg', 'spotifyartisturl': 'spotify:artist:7yF6JnFPDzgml2Ytkyl5D7'}, {'artistid': '123532356', 'name': 'Special Request', 'image': 'https://d1mdxzfl9p8pzo.cloudfront.net/6/123532356_267.jpg', 'spotifyartisturl': 'spotify:artist:59xdAObFYuaKO2phzzz07H'}, {'artistid': '123570015', 'name': 'Effy', 'image': 'https://d1mdxzfl9p8pzo.cloudfront.net/5/123570015_1_1024.jpg', 'spotifyartisturl': 'spotify:artist:19SX00qkAvpVQroAka9GI0'}, {'artistid': '123538212', 'name': 'Sully', 'image': 'https://d1mdxzfl9p8pzo.cloudfront.net/2/123538212_2_1024.jpg', 'spotifyartisturl': 'spotify:artist:6ryGFEDvM7703b889hPUFZ'}, {'artistid': '123461733', 'name': 'Benga', 'image': 'https://d1mdxzfl9p8pzo.cloudfront.net/3/123461733_1_267.jpg', 'spotifyartisturl': 'spotify:artist:6lyYDuLxgcxPLH5RjUPH5p'}, {'artistid': '123470235', 'name': 'DJ Storm', 'image': 'https://d1mdxzfl9p8pzo.cloudfront.net/5/123470235_3_1024.jpg', 'spotifyartisturl': 'spotify:artist:3mzXGakYVstSUthIFFBzRu'}, {'artistid': '123573866', 'name': 'Tarzsa', 'image': 'https://d1mdxzfl9p8pzo.cloudfront.net/6/123573866_1_1024.jpg', 'spotifyartisturl': None}]",[],[]
42077124,2202400,False,2202400,False,0,FEST,The Kooks Inside In / Inside Out 20 year anniversary,0,,,,,"{'id': 41980, 'name': 'Old Royal Naval College Greenwich', 'address': 'Old Royal Naval College, 2 Cutty Sark Gardens, Greenwich, London ', 'town': 'Greenwich', 'postcode_lookup': 'London', 'postcode': 'SE10 9NN', 'region': 'London', 'country': 'GB', 'phone': ' 020 8269 479', 'latitude': 51.4827098, 'longitude': -0.0085177, 'type': 'Gallery', 'rating': 0, 'reviewCount': 0, 'distance': 8701.369562739064}",https://d1plawd8huk6hh.cloudfront.net/assets/default400.png,https://d1plawd8huk6hh.cloudfront.net/assets/default400.png,https://d1plawd8huk6hh.cloudfront.net/assets/default400.png,False,https://www.skiddle.com/whats-on/London/Old-Royal-Naval-College-Greenwich/The-Kooks-Inside-In--Inside-Out-20-year-anniversary/42077124/,2026-07-31,2026-07-31T16:00:00+00:00,2026-07-31T23:00:00+00:00,"20 years of The Kooks' Inside In / Inside Out and to celebrate, London had to be extra special.","{'doorsopen': '16:00', 'doorsclose': '23:00', 'lastentry': '19:00'}",18,,0,0,False,"{'minPrice': 36.75, 'maxPrice': 61.25}",GBP,public,,False,,,{'enabled': False},#d8d8d8,GBP,"[{'artistid': '123492306', 'name': 'The Kooks', 'image': 'https://d1mdxzfl9p8pzo.cloudfront.net/6/123492306_267.jpg', 'spotifyartisturl': 'spotify:artist:1GLtl8uqKmnyCWxHmw9tL4'}]","[{'genreid': '26', 'name': 'Indie'}, {'genreid': '86', 'name': 'Nu Indie'}, {'genreid': '93', 'name': 'Brit Pop'}, {'genreid': '98', 'name': 'Indie Pop'}, {'genreid': '107', 'name': 'Pop Rock'}]",[]
42124077,2210378,False,2210378,False,0,FEST,Totally 90s Festival,0,,,,,"{'id': 137690, 'name': 'Oaklands College', 'address': 'Hatfield Road', 'town': 'St Albans', 'postcode_lookup': 'St-Albans', 'postcode': 'AL4 0JA', 'region': 'London', 'country': 'GB', 'phone': '', 'latitude': 51.7549989, 'longitude': -0.2882959, 'type': 'Other', 'rating': 0, 'reviewCount': 0, 'distance': 29712.92189674144}",https://d31fr2pwly4c4s.cloudfront.net/8/a/b/2210378_2e94c6d1_totally-90s-festival_th.jpg,https://d31fr2pwly4c4s.cloudfront.net/8/a/b/2210378_2e94c6d1_totally-90s-festival.jpg,https://d31fr2pwly4c4s.cloudfront.net/8/a/b/2210378_2e94c6d1_totally-90s-festival_1024.jpg,https://d31fr2pwly4c4s.cloudfront.net/8/a/b/2210378_2e94c6d1_totally-90s-festival_1024.webp,https://www.skiddle.com/whats-on/St-Albans/Oaklands-College/Totally-90s-Festival/42124077/,2026-08-01,2026-08-01T12:00:00+00:00,2026-08-02T22:30:00+00:00,"Transport yourself back to the 90s with Totally 90s Festival! The best of 90s music, retro gaming, gladiator jousting, game shows and so much more!","{'doorsopen': '12:00', 'doorsclose': '22:30', 'lastentry': '19:00'}",,,0,0,False,"{'minPrice': 36.75, 'maxPrice': 61.25}",General Admission: GBP 23.00,public,,False,,,{'enabled': False},#989858,GBP,[],"[{'genreid': '76', 'name': 'Retro and Throwbacks'}]",[]
42473057,2276332,False,2276332,False,0,FEST,Ealing Blues Festival 2026,0,,,,,"{'id': 32892, 'name': 'Walpole Park', 'address': 'Walpole Park, Ealing, London W5 5EQ ', 'town': 'London', 'postcode_lookup': 'London', 'postcode': 'W5 5qe', 'region': 'London', 'country': 'GB', 'phone': '000 0000 0000', 'latitude': 51.5065318, 'longitude': -0.3018157, 'type': 'Outdoors', 'rating': 0, 'reviewCount': 0, 'distance': 12029.947042003892}",https://d31fr2pwly4c4s.cloudfront.net/9/c/f/2276332_905a3cff_ealing-blues-festival-2026_th.jpg,https://d31fr2pwly4c4s.cloudfront.net/9/c/f/2276332_905a3cff_ealing-blues-festival-2026.jpg,https://d31fr2pwly4c4s.cloudfront.net/9/c/f/2276332_905a3cff_ealing-blues-festival-2026_1024.jpg,https://d31fr2pwly4c4s.cloudfront.net/9/c/f/2276332_905a3cff_ealing-blues-festival-2026_1024.webp,https://www.skiddle.com/whats-on/London/Walpole-Park/Ealing-Blues-Festival-2026/42473057/,2026-08-01,2026-08-01T13:00:00+00:00,2026-08-02T22:30:00+00:00,Dive into the soul of music at the Ealing Blues Festival with incredible performances from legendary blues artists and emerging talent.,"{'doorsopen': '13:00', 'doorsclose': '22:30', 'lastentry': '21:00'}",,,0,0,True,"{'minPrice': 12.5, 'maxPrice': 24.75}",,public,,False,,,{'enabled': False},#08a8b8,GBP,"[{'artistid': '123562267', 'name': 'Robert Finley', 'image': 'https://d1mdxzfl9p8pzo.cloudfront.net/7/123562267_1_1024.jpg', 'spotifyartisturl': 'spotify:artist:29mRqqZ15WaYjEsKNzcRkv'}, {'artistid': '123537447', 'name': 'MISTY IN ROOTS', 'image': 'https://d1mdxzfl9p8pzo.cloudfront.net/7/123537447_267.jpg', 'spotifyartisturl': 'spotify:artist:0LG78C5Mu1X0GpyqrjiTJd'}, {'artistid': '123483956', 'name': 'Bob Log III ', 'image': 'https://d1mdxzfl9p8pzo.cloudfront.net/6/123483956_267.jpg', 'spotifyartisturl': 'spotify:artist:0xK5OqvQKGC1nNtl2pIbwX'}, {'artistid': '123505258', 'name': 'Jerry Dammers', 'image': 'https://d1mdxzfl9p8pzo.cloudfront.net/8/123505258_1_1024.jpg', 'spotifyartisturl': 'spotify:artist:22MoomJbwW0IA6hpf7YiSg'}, {'artistid': '123558110', 'name': 'Kyla Brox', 'image': 'https://d1mdxzfl9p8pzo.cloudfront.net/0/123558110_1_1024.jpg', 'spotifyartisturl': 'spotify:artist:2PhZS7xGMEpgT6xdNgrm42'}]","[{'genreid': '40', 'name': 'Blues'}, {'genreid': '41', 'name': 'Ska'}, {'genreid': '67', 'name': 'World Music'}, {'genreid': '68', 'name': 'Reggae'}]",[]
42260835,2228816,False,2228816,False,0,FEST,Hospital30 Block Party,0,,,,,"{'id': 138303, 'name': 'Hackney Wick   Multiple Venues', 'address': 'Hackney Bridge', 'town': 'London', 'postcode_lookup': 'London', 'postcode': 'E9 5LN', 'region': 'London', 'country': 'GB', 'phone': '', 'latitude': 51.5443248, 'longitude': -0.022772, 'type': 'Other', 'rating': 4, 'reviewCount': 6, 'distance': 8379.813245972517}",https://d31fr2pwly4c4s.cloudfront.net/d/c/0/2228816_a0b8a104_hospital30-block-party_th.jpg,https://d31fr2pwly4c4s.cloudfront.net/d/c/0/2228816_a0b8a104_hospital30-block-party.jpg,https://d31fr2pwly4c4s.cloudfront.net/d/c/0/2228816_a0b8a104_hospital30-block-party_1024.jpg,https://d31fr2pwly4c4s.cloudfront.net/d/c/0/2228816_a0b8a104_hospital30-block-party_1024.webp,https://www.skiddle.com/whats-on/London/Hackney-Wick---Multiple-Venues/Hospital30-Block-Party/42260835/,2026-08-01,2026-08-01T14:00:00+00:00,2026-08-01T23:00:00+00:00,Tickets sold out. Re:sell now live. | Hospital Records celebrates 30 years x Hospitality with a multi-stage Summer Drum & Bass Block Party in London.,"{'doorsopen': '14:00', 'doorsclose': '23:00', 'lastentry': '20:00'}",18,,0,0,True,"{'minPrice': 40, 'maxPrice': 40}",,public,,False,,,{'enabled': False},#f898d8,GBP,"[{'artistid': '123483896', 'name': 'P Money', 'image': 'https://d1mdxzfl9p8pzo.cloudfront.net/6/123483896_267.jpg', 'spotifyartisturl': 'spotify:artist:6WjX4pepHwXa85B9KMk0PY'}, {'artistid': '123457671', 'name': 'High Contrast', 'image': 'https://d1mdxzfl9p8pzo.cloudfront.net/1/123457671_1_1024.jpg', 'spotifyartisturl': 'spotify:artist:0bxHci3JIhhKA53n8rH3tT'}, {'artistid': '123567479', 'name': 'Pola & Bryson', 'image': 'https://d1mdxzfl9p8pzo.cloudfront.net/9/123567479_2_1024.jpg', 'spotifyartisturl': 'spotify:artist:79PzyYqAyunWsVH4tY4vpr'}, {'artistid': '123461497', 'name': 'DJ Marky', 'image': 'https://d1mdxzfl9p8pzo.cloudfront.net/7/123461497_267.jpg', 'spotifyartisturl': 'spotify:artist:1rd51IrbtX9DqoU0Zxu4TV'}, {'artistid': '123484322', 'name': 'London Elektricity', 'image': 'https://d1mdxzfl9p8pzo.cloudfront.net/2/123484322_267.jpg', 'spotifyartisturl': 'spotify:artist:4CbuwI3bEF7gQOwpxBKtal'}, {'artistid': '123513998', 'name': 'Flava D', 'image': 'https://d1mdxzfl9p8pzo.cloudfront.net/8/123513998_2_1024.jpg', 'spotifyartisturl': 'spotify:artist:682SntJ7VKoFfssPfDAmDZ'}, {'artistid': '123470304', 'name': 'black sun empire', 'image': 'https://d1mdxzfl9p8pzo.cloudfront.net/4/123470304_267.jpg', 'spotifyartisturl': 'spotify:artist:3PAXvY08KxX5HmCsmKw4x8'}, {'artistid': '123527360', 'name': 'MC GQ', 'image': 'https://d1mdxzfl9p8pzo.cloudfront.net/0/123527360_1_1024.jpg', 'spotifyartisturl': 'spotify:artist:5TPHXAqLtiWJi5EkTtLxoi'}, {'artistid': '123563675', 'name': 'Fred V', 'image': 'https://d1plawd8huk6hh.cloudfront.net/assets/default400.png', 'spotifyartisturl': 'spotify:artist:0k3dnuEr9LghUE4jxS0PT4'}, {'artistid': '123495700', 'name': 'Nu:tone', 'image': 'https://d1mdxzfl9p8pzo.cloudfront.net/0/123495700_267.jpg', 'spotifyartisturl': 'spotify:artist:7pDBRy9uWy1zq5b0uXIABQ'}, {'artistid': '123493720', 'name': 'AYAH MARAR', 'image': 'https://d1mdxzfl9p8pzo.cloudfront.net/0/123493720_267.jpg', 'spotifyartisturl': 'spotify:artist:4xQ2BGOBUXgjxO2PAhrIyS'}, {'artistid': '123524292', 'name': 'Makoto', 'image': 'https://d1mdxzfl9p8pzo.cloudfront.net/2/123524292_267.jpg', 'spotifyartisturl': 'spotify:artist:4CBavfYzjrTvV7xCIq6WQu'}, {'artistid': '123563678', 'name': 'Whiney', 'image': 'https://d1plawd8huk6hh.cloudfront.net/assets/default400.png', 'spotifyartisturl': 'spotify:artist:4YTBo7qadslqj8V8FMRuqK'}, {'artistid': '123481988', 'name': 'Dynamite MC', 'image': 'https://d1mdxzfl9p8pzo.cloudfront.net/8/123481988_267.jpg', 'spotifyartisturl': 'spotify:artist:5RBFw1UkHw2NBsZFtheDEl'}, {'artistid': '123563676', 'name': 'Degs', 'image': 'https://d1mdxzfl9p8pzo.cloudfront.net/6/123563676_1_1024.jpg', 'spotifyartisturl': 'spotify:artist:7gYMOxGbwZZgvaOc6z5VJG'}, {'artistid': '123547678', 'name': 'Kimyan Law', 'image': 'https://d1plawd8huk6hh.cloudfront.net/assets/default400.png', 'spotifyartisturl': 'spotify:artist:4qstV1aoIFSc0eP8imUZQA'}, {'artistid': '123545509', 'name': 'Urbandawn', 'image': 'https://d1plawd8huk6hh.cloudfront.net/assets/default400.png', 'spotifyartisturl': 'spotify:artist:4Kjl91bg9I6TuhrEC0NQgX'}, {'artistid': '123557443', 'name': 'QZB', 'image': 'https://d1mdxzfl9p8pzo.cloudfront.net/3/123557443_1_1024.jpg', 'spotifyartisturl': 'spotify:artist:2bM99ltifHeWqA8pxQ5RdG'}, {'artistid': '123546587', 'name': 'PVC', 'image': 'https://d1mdxzfl9p8pzo.cloudfront.net/7/123546587_1_1024.jpg', 'spotifyartisturl': 'spotify:artist:5dTizFXqnASxn0MiY4Bhcj'}, {'artistid': '123584948', 'name': 'Dub Athlete', 'image': 'https://d1mdxzfl9p8pzo.cloudfront.net/8/123584948_1_1024.jpg', 'spotifyartisturl': None}, {'artistid': '123577581', 'name': 'Enta', 'image': 'https://d1mdxzfl9p8pzo.cloudfront.net/1/123577581_9f053a46_1024.jpg', 'spotifyartisturl': 'spotify:artist:5x1wAbzncgiqGl1Skav63K'}, {'artistid': '123578801', 'name': 'imo-Lu', 'image': 'https://d1mdxzfl9p8pzo.cloudfront.net/1/123578801_1_1024.jpg', 'spotifyartisturl': 'spotify:artist:5H13I6EsiXG7ZuZcqE6Ihg'}, {'artistid': '123580514', 'name': 'STAY-C', 'image': 'https://d1plawd8huk6hh.cloudfront.net/assets/default400.png', 'spotifyartisturl': 'spotify:artist:2PMhYl8WSc0QVDHzrdKOzy'}, {'artistid': '123580620', 'name': 'Winslow', 'image': 'https://d1mdxzfl9p8pzo.cloudfront.net/0/123580620_f1fdbc7b_1024.jpg', 'spotifyartisturl': 'spotify:artist:6e00AaBHe3JcoWOsyj12KI'}, {'artistid': '123583432', 'name': 'Minor Forms', 'image': 'https://d1mdxzfl9p8pzo.cloudfront.net/2/123583432_b55d48a1_1024.jpg', 'spotifyartisturl': 'spotify:artist:03WJUnAnoOKVXqRhYTy0H0'}, {'artistid': '123456980', 'name': 'SP:MC', 'image': 'https://d1mdxzfl9p8pzo.cloudfront.net/0/123456980_267.jpg', 'spotifyartisturl': 'spotify:artist:1YLeUsNujSB7Fp1tnCWZi2'}, {'artistid': '123536634', 'name': 'Stray', 'image': 'https://d1mdxzfl9p8pzo.cloudfront.net/4/123536634_267.jpg', 'spotifyartisturl': 'spotify:artist:7DF6NrPDuqT69SYiqtWWcW'}, {'artistid': '123533338', 'name': 'Hugh Hardie', 'image': 'https://d1mdxzfl9p8pzo.cloudfront.net/8/123533338_267.jpg', 'spotifyartisturl': 'spotify:artist:0ZlH3VG6iAeC1KVzNz6rqW'}, {'artistid': '123532922', 'name': 'Hoax', 'image': 'https://d1mdxzfl9p8pzo.cloudfront.net/2/123532922_1_1024.jpg', 'spotifyartisturl': 'spotify:artist:0Q6tMUatndpU8U0ZpFkfqO'}, {'artistid': '123528310', 'name': 'Carasel MC', 'image': 'https://d1mdxzfl9p8pzo.cloudfront.net/0/123528310_1_1024.jpg', 'spotifyartisturl': None}, {'artistid': '123523508', 'name': 'InsideInfo', 'image': 'https://d1mdxzfl9p8pzo.cloudfront.net/8/123523508_267.jpg', 'spotifyartisturl': 'spotify:artist:4HVopeHcb4aGTBsfIRrRcQ'}, {'artistid': '123515844', 'name': 'Arkaik', 'image': 'https://d1mdxzfl9p8pzo.cloudfront.net/4/123515844_1_1024.jpg', 'spotifyartisturl': 'spotify:artist:3tq17VMW2Mm5GVBsJY177M'}, {'artistid': '123509704', 'name': 'Matrix', 'image': 'https://d1mdxzfl9p8pzo.cloudfront.net/4/123509704_267.jpg', 'spotifyartisturl': 'spotify:artist:1HxzLy3xmo2yu77YUnAXgF'}, {'artistid': '123506236', 'name': 'Amoss', 'image': 'https://d1mdxzfl9p8pzo.cloudfront.net/6/123506236_267.jpg', 'spotifyartisturl': 'spotify:artist:4dQKaBHBXpgWvb9iS2K0Gt'}, {'artistid': '123504568', 'name': 'Mantmast', 'image': 'https://d1mdxzfl9p8pzo.cloudfront.net/8/123504568_1_1024.jpg', 'spotifyartisturl': 'spotify:artist:0o6QRvUye1KuL0x6pJ9zah'}, {'artistid': '123504338', 'name': 'Randomer', 'image': 'https://d1mdxzfl9p8pzo.cloudfront.net/8/123504338_1_1024.jpg', 'spotifyartisturl': 'spotify:artist:7K0WJzyqUNRhraNcsvJp1h'}, {'artistid': '123502832', 'name': 'Ryme Tyme', 'image': 'https://d1mdxzfl9p8pzo.cloudfront.net/2/123502832_267.jpg', 'spotifyartisturl': 'spotify:artist:5js3dJbGre4OGnwGCi8xoN'}, {'artistid': '123488114', 'name': 'CALYX', 'image': 'https://d1mdxzfl9p8pzo.cloudfront.net/4/123488114_267.jpg', 'spotifyartisturl': 'spotify:artist:21Jj10ilqD3LqxZn5rD6V5'}, {'artistid': '123481990', 'name': 'Jakes', 'image': 'https://d1mdxzfl9p8pzo.cloudfront.net/0/123481990_1_1024.jpg', 'spotifyartisturl': 'spotify:artist:2tEg1Ert1kIHmm55ayDUy7'}, {'artistid': '123481980', 'name': 'Dj Die', 'image': 'https://d1mdxzfl9p8pzo.cloudfront.net/0/123481980_267.jpg', 'spotifyartisturl': 'spotify:artist:3kekxNoUNHgl8dXW3yjC8a'}, {'artistid': '123468664', 'name': 'WOOKIE ', 'image': 'https://d1mdxzfl9p8pzo.cloudfront.net/4/123468664_1_267.jpg', 'spotifyartisturl': 'spotify:artist:4MswQnojZK1oRaxNsACqjv'}]","[{'genreid': '8', 'name': 'Drum and Bass'}, {'genreid': '78', 'name': 'Bass Music'}, {'genreid': '80', 'name': 'Jungle'}]",[]
41991838,2197330,False,2197330,False,0,FEST,Dom Dolla on the Thames,0,,,,,"{'id': 41980, 'name': 'Old Royal Naval College Greenwich', 'address': 'Old Royal Naval College, 2 Cutty Sark Gardens, Greenwich, London ', 'town': 'Greenwich', 'postcode_lookup': 'London', 'postcode': 'SE10 9NN', 'region': 'London', 'country': 'GB', 'phone': ' 020 8269 479', 'latitude': 51.4827098, 'longitude': -0.0085177, 'type': 'Gallery', 'rating': 0, 'reviewCount': 0, 'distance': 8701.369562739064}",https://d1plawd8huk6hh.cloudfront.net/assets/default400.png,https://d1plawd8huk6hh.cloudfront.net/assets/default400.png,https://d1plawd8huk6hh.cloudfront.net/assets/default400.png,False,https://www.skiddle.com/whats-on/London/Old-Royal-Naval-College-Greenwich/Dom-Dolla-on-the-Thames/41991838/,2026-08-01,2026-08-01T14:00:00+00:00,2026-08-01T23:00:00+00:00,"Dom Dolla summer 2026 is looking extra spicy on the Thames, as he curates the Old Royal Naval College, UNESCO Site on August 1st.","{'doorsopen': '14:00', 'doorsclose': '23:00', 'lastentry': '20:00'}",18,,0,0,True,"{'minPrice': 68, 'maxPrice': 200.5}",,public,,False,,,{'enabled': False},#082888,GBP,"[{'artistid': '123571161', 'name': 'Dom Dolla', 'image': 'https://d1mdxzfl9p8pzo.cloudfront.net/1/123571161_1_1024.jpg', 'spotifyartisturl': 'spotify:artist:205i7E8fNVfojowcQSfK9m'}]","[{'genreid': '1', 'name': 'House'}, {'genreid': '14', 'name': 'Tech House'}, {'genreid': '61', 'name': 'Electronic'}]",[]
42434837,2267095,False,2267095,False,0,FEST,R&B Lovers Summer Open Air Festival - Sat 1st Aug - LDN EAST,0,,,,,"{'id': 109726, 'name': 'LDN EAST', 'address': '30 Bidder St', 'town': 'Canning Town', 'postcode_lookup': 'London', 'postcode': 'E16 4SH', 'region': 'London', 'country': 'GB', 'phone': '', 'latitude': 51.5190133, 'longitude': 0.0037307, 'type': 'Nightclub', 'rating': 4, 'reviewCount': 1078, 'distance': 9213.217964289111}",https://d31fr2pwly4c4s.cloudfront.net/8/0/2/2267095_b6478a46_r-b-lovers-summer-open-air-festival-sat-1st-aug-ldn-east_th.jpg,https://d31fr2pwly4c4s.cloudfront.net/8/0/2/2267095_b6478a46_r-b-lovers-summer-open-air-festival-sat-1st-aug-ldn-east.jpg,https://d31fr2pwly4c4s.cloudfront.net/8/0/2/2267095_b6478a46_r-b-lovers-summer-open-air-festival-sat-1st-aug-ldn-east_1024.jpg,https://d31fr2pwly4c4s.cloudfront.net/8/0/2/2267095_b6478a46_r-b-lovers-summer-open-air-festival-sat-1st-aug-ldn-east_1024.webp,https://www.skiddle.com/whats-on/London/LDN-EAST/RB-Lovers-Summer-Open-Air-Festival---Sat-1st-Aug---LDN-EAST/42434837/,2026-08-01,2026-08-01T14:00:00+00:00,2026-08-01T22:00:00+00:00,"London! Get ready for a massive Summer Outdoor 90s & 00s R&B Festival, after numerous sell out events we are back for our annual August summer show.","{'doorsopen': '14:00', 'doorsclose': '22:00', 'lastentry': '18:15'}",18,,0,0,True,"{'minPrice': 30, 'maxPrice': 40}",,public,,False,,,{'enabled': False},#58d8f8,GBP,[],"[{'genreid': '4', 'name': 'R&B'}]",[]
41998983,2199338,False,2199338,False,0,FEST,Innervisions London,0,,,,,"{'id': 32480, 'name': 'Boston Manor Park', 'address': 'Boston Manor Road', 'town': 'Brentford', 'postcode_lookup': 'Twickenham', 'postcode': 'TW8 9JX', 'region': 'Surrey', 'country': 'GB', 'phone': '0208 992 1626', 'latitude': 51.490177, 'longitude': -0.319722, 'type': 'Outdoors', 'rating': 4, 'reviewCount': 128, 'distance': 13402.70348086992}",https://d31fr2pwly4c4s.cloudfront.net/7/9/7/2199338_c050e3df_innervisions-london_th.jpg,https://d31fr2pwly4c4s.cloudfront.net/7/9/7/2199338_c050e3df_innervisions-london.jpg,https://d31fr2pwly4c4s.cloudfront.net/7/9/7/2199338_c050e3df_innervisions-london_1024.jpg,https://d31fr2pwly4c4s.cloudfront.net/7/9/7/2199338_c050e3df_innervisions-london_1024.webp,https://www.skiddle.com/whats-on/Twickenham/Boston-Manor-Park/Innervisions-London/41998983/,2026-08-01,2026-08-01T14:00:00+00:00,2026-08-01T22:00:00+00:00,"As part of The Bridge series, Innervisions returns to London for a one-off open-air at Boston Manor Park on August 1st.","{'doorsopen': '14:00', 'doorsclose': '22:00', 'lastentry': '18:00'}",18,,0,0,True,"{'minPrice': 41.25, 'maxPrice': 126.75}",,public,,False,,,{'enabled': False},#080808,GBP,"[{'artistid': '123529294', 'name': 'RY X', 'image': 'https://d1mdxzfl9p8pzo.cloudfront.net/4/123529294_1_1024.jpg', 'spotifyartisturl': 'spotify:artist:2KjAo6wVc9d2WcxdxSArpV'}, {'artistid': '123519650', 'name': 'Ame', 'image': 'https://d1mdxzfl9p8pzo.cloudfront.net/0/123519650_1_267.jpg', 'spotifyartisturl': 'spotify:artist:5muFO8VqYRCRW13EkvX564'}, {'artistid': '123543560', 'name': 'Jimi Jules', 'image': 'https://d1mdxzfl9p8pzo.cloudfront.net/0/123543560_1_1024.jpg', 'spotifyartisturl': 'spotify:artist:6RsLLSkSTcL4YrvgRcBTQd'}, {'artistid': '123517386', 'name': 'Dixon', 'image': 'https://d1mdxzfl9p8pzo.cloudfront.net/6/123517386_267.jpg', 'spotifyartisturl': 'spotify:artist:3wc57nV2fGEoM8x4xPK1O9'}, {'artistid': '123581855', 'name': 'Sama Abdulhadi', 'image': 'https://d1mdxzfl9p8pzo.cloudfront.net/5/123581855_1_1024.jpg', 'spotifyartisturl': 'spotify:artist:6aDuXoEw6Kn8QIjFZafAmm'}]","[{'genreid': '61', 'name': 'Electronic'}]",[]
42569195,2298424,False,2298424,False,0,FEST,JUVY Open Air - Sat 1st August @ Berwick Manor Essex,0,,,,,"{'id': 87135, 'name': 'Berwick Manor Hotel', 'address': 'Berwick Pond Road', 'town': 'Rainham', 'postcode_lookup': 'Romford', 'postcode': 'RM13 9EL', 'region': 'London', 'country': 'GB', 'phone': '', 'latitude': 51.527534, 'longitude': 0.225457, 'type': 'Hotel', 'rating': 4, 'reviewCount': 84, 'distance': 24563.543556686087}",https://d31fr2pwly4c4s.cloudfront.net/7/b/1/2298424_19eb33aa_juvy-open-air-sat-1st-august-berwick-manor-essex_th.jpg,https://d31fr2pwly4c4s.cloudfront.net/7/b/1/2298424_19eb33aa_juvy-open-air-sat-1st-august-berwick-manor-essex.jpg,https://d31fr2pwly4c4s.cloudfront.net/7/b/1/2298424_19eb33aa_juvy-open-air-sat-1st-august-berwick-manor-essex_1024.jpg,https://d31fr2pwly4c4s.cloudfront.net/7/b/1/2298424_19eb33aa_juvy-open-air-sat-1st-august-berwick-manor-essex_1024.webp,https://www.skiddle.com/whats-on/Romford/Berwick-Manor-Hotel/JUVY-Open-Air---Sat-1st-August--Berwick-Manor-Essex/42569195/,2026-08-01,2026-08-01T14:00:00+00:00,2026-08-01T19:00:00+00:00,"Scroll down and press SET A REMINDER to get access to tickets on Sunday 5th July at 6.30pm

Due to the demand , all tiers will sell out INSTANTLY.","{'doorsopen': '14:00', 'doorsclose': '19:00', 'lastentry': '17:00'}",,,0,0,True,"{'minPrice': 5, 'maxPrice': 32.5}",,public,,True,,,{'enabled': False},#080808,GBP,"[{'artistid': '123612646', 'name': 'Harvey Verdi', 'image': 'https://d1mdxzfl9p8pzo.cloudfront.net/6/123612646_1_1024.jpg', 'spotifyartisturl': None}, {'artistid': '123612721', 'name': 'Maxwell (UK)', 'image': 'https://d1mdxzfl9p8pzo.cloudfront.net/1/123612721_1_1024.jpg', 'spotifyartisturl': None}]",[],[]
42307853,2238981,False,2238981,False,0,FEST,Campfire Country Club - London Country Music Spring Festival,0,,,,,"{'id': 59255, 'name': 'The Steel Yard', 'address': '13-16 Allhallows Ln', 'town': 'London', 'postcode_lookup': 'London', 'postcode': 'EC4R 3UE', 'region': 'London', 'country': 'GB', 'phone': '', 'latitude': 51.5109703, 'longitude': -0.0904974, 'type': 'Nightclub', 'rating': 4, 'reviewCount': 1621, 'distance': 2632.712576584775}",https://d31fr2pwly4c4s.cloudfront.net/a/d/5/2238981_1a29d2fc_campfire-country-club-london-country-music-spring-festival_th.jpg,https://d31fr2pwly4c4s.cloudfront.net/a/d/5/2238981_1a29d2fc_campfire-country-club-london-country-music-spring-festival.jpg,https://d31fr2pwly4c4s.cloudfront.net/a/d/5/2238981_1a29d2fc_campfire-country-club-london-country-music-spring-festival_1024.jpg,https://d31fr2pwly4c4s.cloudfront.net/a/d/5/2238981_1a29d2fc_campfire-country-club-london-country-music-spring-festival_1024.webp,https://www.skiddle.com/whats-on/London/The-Steel-Yard/Campfire-Country-Club---London-Country-Music-Spring-Festival/42307853/,2026-08-01,2026-08-01T15:00:00+00:00,2026-08-01T21:00:00+00:00,"After a huge first event, Campfire Country Club is back for round two and this one's bigger, louder and even more wild.","{'doorsopen': '15:00', 'doorsclose': '21:00', 'lastentry': '17:00'}",18,,0,0,True,"{'minPrice': 0, 'maxPrice': 0}",,public,,False,,,{'enabled': False},#f8f8f8,GBP,[],"[{'genreid': '20', 'name': 'Pop'}, {'genreid': '44', 'name': 'Folk'}, {'genreid': '71', 'name': 'Country/Americana'}, {'genreid': '107', 'name': 'Pop Rock'}]",[]
42436193,2267679,False,2267679,False,0,FEST,Prologue Presents - The Ibiza Day Party,0,,,,,"{'id': 133333, 'name': 'Lord Hill', 'address': '40 Watling Street', 'town': 'Bexleyheath', 'postcode_lookup': 'Dartford', 'postcode': 'DA6 7QG', 'region': 'Kent', 'country': 'GB', 'phone': '', 'latitude': 51.455094, 'longitude': 0.154755, 'type': 'bar', 'rating': 4, 'reviewCount': 22, 'distance': 20413.51675650958}",https://d31fr2pwly4c4s.cloudfront.net/b/4/8/2267679_dd8570bd_prologue-presents-the-ibiza-day-party_th.jpg,https://d31fr2pwly4c4s.cloudfront.net/b/4/8/2267679_dd8570bd_prologue-presents-the-ibiza-day-party.jpg,https://d31fr2pwly4c4s.cloudfront.net/b/4/8/2267679_dd8570bd_prologue-presents-the-ibiza-day-party_1024.jpg,https://d31fr2pwly4c4s.cloudfront.net/b/4/8/2267679_dd8570bd_prologue-presents-the-ibiza-day-party_1024.webp,https://www.skiddle.com/whats-on/Dartford/Lord-Hill/Prologue-Presents---The-Ibiza-Day-Party/42436193/,2026-08-01,2026-08-01T15:00:00+00:00,2026-08-02T01:00:00+00:00,"Playing the best of old Skool House, House & Club Classics","{'doorsopen': '15:00', 'doorsclose': '01:00', 'lastentry': '21:00'}",18,,0,0,True,"{'minPrice': 5, 'maxPrice': 10}",,public,,False,,,{'enabled': False},#080808,GBP,"[{'artistid': '123545834', 'name': 'Andy Manston', 'image': 'https://d1mdxzfl9p8pzo.cloudfront.net/4/123545834_2_1024.jpg', 'spotifyartisturl': 'spotify:artist:1ZNPtQ07TU9dXh8jsmieG9'}]","[{'genreid': '1', 'name': 'House'}, {'genreid': '14', 'name': 'Tech House'}, {'genreid': '19', 'name': 'Old Skool'}, {'genreid': '21', 'name': 'Club Classics'}, {'genreid': '82', 'name': '1990s'}]",[]
42162149,2219881,False,2219881,False,0,FEST,Peggy Gou on the Thames,0,,,,,"{'id': 41980, 'name': 'Old Royal Naval College Greenwich', 'address': 'Old Royal Naval College, 2 Cutty Sark Gardens, Greenwich, London ', 'town': 'Greenwich', 'postcode_lookup': 'London', 'postcode': 'SE10 9NN', 'region': 'London', 'country': 'GB', 'phone': ' 020 8269 479', 'latitude': 51.4827098, 'longitude': -0.0085177, 'type': 'Gallery', 'rating': 0, 'reviewCount': 0, 'distance': 8701.369562739064}",https://d31fr2pwly4c4s.cloudfront.net/d/8/5/2219881_435584e1_peggy-gou-on-the-thames_th.jpg,https://d31fr2pwly4c4s.cloudfront.net/d/8/5/2219881_435584e1_peggy-gou-on-the-thames.jpg,https://d31fr2pwly4c4s.cloudfront.net/d/8/5/2219881_435584e1_peggy-gou-on-the-thames_1024.jpg,https://d31fr2pwly4c4s.cloudfront.net/d/8/5/2219881_435584e1_peggy-gou-on-the-thames_1024.webp,https://www.skiddle.com/whats-on/London/Old-Royal-Naval-College-Greenwich/Peggy-Gou-on-the-Thames/42162149/,2026-08-02,2026-08-02T14:00:00+00:00,2026-08-02T23:00:00+00:00,Peggy Gou is set to light up London's glorious Old Royal Naval College this August 2nd.,"{'doorsopen': '14:00', 'doorsclose': '23:00', 'lastentry': '20:00'}",18,,0,0,True,"{'minPrice': 150.39, 'maxPrice': 200}",,public,,False,,,{'enabled': False},#080808,GBP,"[{'artistid': '123565823', 'name': 'Prospa', 'image': 'https://d1mdxzfl9p8pzo.cloudfront.net/3/123565823_1_1024.jpg', 'spotifyartisturl': 'spotify:artist:6HabM2PUM519iIxervGWSb'}, {'artistid': '123551749', 'name': 'Peggy Gou', 'image': 'https://d1mdxzfl9p8pzo.cloudfront.net/9/123551749_1_1024.jpg', 'spotifyartisturl': 'spotify:artist:2mLA48B366zkELXYx7hcDN'}, {'artistid': '123561895', 'name': 'MPH', 'image': 'https://d1plawd8huk6hh.cloudfront.net/assets/default400.png', 'spotifyartisturl': 'spotify:artist:62SCu33InHVq97VaWw3eof'}, {'artistid': '123561506', 'name': 'Kelly Lee Owens', 'image': 'https://d1plawd8huk6hh.cloudfront.net/assets/default400.png', 'spotifyartisturl': 'spotify:artist:5eitAUlYmlha3LLWg7aBn5'}]","[{'genreid': '14', 'name': 'Tech House'}, {'genreid': '61', 'name': 'Electronic'}]",[]
42532041,2292712,False,2292712,False,0,FEST,Denim Wear Day & Night Party,0,,,,,"{'id': 88296, 'name': 'The Ravensbury', 'address': 'Croydon Road', 'town': 'Mitcham', 'postcode_lookup': 'Croydon', 'postcode': 'CR4 4JA', 'region': 'Surrey', 'country': 'GB', 'phone': '', 'latitude': 51.3976536, 'longitude': -0.1578838, 'type': 'Nightclub', 'rating': 4, 'reviewCount': 3, 'distance': 12333.853318062898}",https://d31fr2pwly4c4s.cloudfront.net/7/1/9/2292712_ef8613b7_denim-wear-day-night-party_th.jpg,https://d31fr2pwly4c4s.cloudfront.net/7/1/9/2292712_ef8613b7_denim-wear-day-night-party.jpg,https://d31fr2pwly4c4s.cloudfront.net/7/1/9/2292712_ef8613b7_denim-wear-day-night-party_1024.jpg,https://d31fr2pwly4c4s.cloudfront.net/7/1/9/2292712_ef8613b7_denim-wear-day-night-party_1024.webp,https://www.skiddle.com/whats-on/Croydon/The-Ravensbury/Denim-Wear-Day--Night-Party/42532041/,2026-08-02,2026-08-02T14:00:00+00:00,2026-08-03T00:00:00+00:00,"Prestige Project teams up with Home boys promotion  
                                    present 
DENIM WEAR PARTY","{'doorsopen': '14:00', 'doorsclose': '00:00', 'lastentry': '19:00'}",20,,0,0,True,"{'minPrice': 15, 'maxPrice': 15}",,public,,False,,,{'enabled': False},#f8f8f8,GBP,[],"[{'genreid': '1', 'name': 'House'}, {'genreid': '13', 'name': 'Tribal House'}, {'genreid': '110', 'name': 'Amapiano'}]",[]
42071620,2201514,False,2201514,False,0,FEST,"Junction 2: Azyr, I Hate Models, Charlie Sparks",0,,,,,"{'id': 32480, 'name': 'Boston Manor Park', 'address': 'Boston Manor Road', 'town': 'Brentford', 'postcode_lookup': 'Twickenham', 'postcode': 'TW8 9JX', 'region': 'Surrey', 'country': 'GB', 'phone': '0208 992 1626', 'latitude': 51.490177, 'longitude': -0.319722, 'type': 'Outdoors', 'rating': 4, 'reviewCount': 128, 'distance': 13402.70348086992}",https://d31fr2pwly4c4s.cloudfront.net/c/4/c/2201514_0fe151cd_junction-2-azyr-i-hate-models-charlie-sparks_th.jpg,https://d31fr2pwly4c4s.cloudfront.net/c/4/c/2201514_0fe151cd_junction-2-azyr-i-hate-models-charlie-sparks.jpg,https://d31fr2pwly4c4s.cloudfront.net/c/4/c/2201514_0fe151cd_junction-2-azyr-i-hate-models-charlie-sparks_1024.jpg,https://d31fr2pwly4c4s.cloudfront.net/c/4/c/2201514_0fe151cd_junction-2-azyr-i-hate-models-charlie-sparks_1024.webp,https://www.skiddle.com/whats-on/Twickenham/Boston-Manor-Park/Junction-2-Azyr-I-Hate-Models-Charlie-Sparks/42071620/,2026-08-02,2026-08-02T14:00:00+00:00,2026-08-02T22:00:00+00:00,"Experience Junction 2 at its best with I Hate Models, Carlie Sparks and much much more...","{'doorsopen': '14:00', 'doorsclose': '22:00', 'lastentry': '18:00'}",18,,0,0,True,"{'minPrice': 41.25, 'maxPrice': 66.25}",,public,,False,,,{'enabled': False},#181818,GBP,"[{'artistid': '123590752', 'name': 'Funk Tribu', 'image': 'https://d1plawd8huk6hh.cloudfront.net/assets/default400.png', 'spotifyartisturl': 'spotify:artist:1vK8NnrPlBlF34LaiFX1SK'}, {'artistid': '123552209', 'name': 'I Hate Models', 'image': 'https://d1plawd8huk6hh.cloudfront.net/assets/default400.png', 'spotifyartisturl': 'spotify:artist:0KqSULB80ft2H3aFg6kJmN'}, {'artistid': '123576368', 'name': 'Azyr', 'image': 'https://d1mdxzfl9p8pzo.cloudfront.net/8/123576368_1_1024.jpg', 'spotifyartisturl': 'spotify:artist:1Ujj9Jh1Z4tDJ4j6qGRml8'}, {'artistid': '123606298', 'name': 'LAMMER', 'image': 'https://d1mdxzfl9p8pzo.cloudfront.net/8/123606298_1_1024.jpg', 'spotifyartisturl': 'spotify:artist:5XCMynHbftLKbZ0Mp6iHdc'}, {'artistid': '123573525', 'name': 'Charlie Sparks', 'image': 'https://d1mdxzfl9p8pzo.cloudfront.net/5/123573525_1_1024.jpg', 'spotifyartisturl': 'spotify:artist:7kQ8qtzeTjPpwrrPkZ6EFF'}, {'artistid': '123576265', 'name': 'Leo Pol', 'image': 'https://d1mdxzfl9p8pzo.cloudfront.net/5/123576265_1_1024.jpg', 'spotifyartisturl': 'spotify:artist:2PBE0KQEqT34oYjjFyI9Mz'}, {'artistid': '123577277', 'name': 'Ammara', 'image': 'https://d1plawd8huk6hh.cloudfront.net/assets/default400.png', 'spotifyartisturl': 'spotify:artist:7GqNimUoiYFht4cYL0cT0I'}, {'artistid': '123595119', 'name': 'Caravel', 'image': 'https://d1mdxzfl9p8pzo.cloudfront.net/9/123595119_58a8ea1d_1024.jpg', 'spotifyartisturl': 'spotify:artist:5od72ceH2aN3pS4hcHNzRy'}]","[{'genreid': '9', 'name': 'Techno'}]",[]
42570612,2298996,False,2298996,False,0,FEST,BASHMENT NATION - Jamaican Independence Day Festival,0,,,,,"{'id': 38150, 'name': 'Studio 338', 'address': '338 Boord Street', 'town': 'Greenwich', 'postcode_lookup': 'London', 'postcode': 'SE10 0PF', 'region': 'London', 'country': 'GB', 'phone': '0333 444 4338', 'latitude': 51.495343, 'longitude': 0.004709, 'type': 'Nightclub', 'rating': 3, 'reviewCount': 2824, 'distance': 9276.952484984062}",https://d31fr2pwly4c4s.cloudfront.net/4/6/3/2298996_87237664_BASHMENT-NATION---Jamaican-Independence-Day-Festival_th.jpg,https://d31fr2pwly4c4s.cloudfront.net/4/6/3/2298996_87237664_BASHMENT-NATION---Jamaican-Independence-Day-Festival.jpg,https://d31fr2pwly4c4s.cloudfront.net/4/6/3/2298996_87237664_BASHMENT-NATION---Jamaican-Independence-Day-Festival_1024.jpg,https://d31fr2pwly4c4s.cloudfront.net/4/6/3/2298996_87237664_BASHMENT-NATION---Jamaican-Independence-Day-Festival_1024.webp,https://www.skiddle.com/whats-on/London/Studio-338/BASHMENT-NATION---Jamaican-Independence-Day-Festival/42570612/,2026-08-02,2026-08-02T16:00:00+00:00,2026-08-02T22:00:00+00:00,THIS IS SIMPLY THE BIGGEST DANCEHALL FESTIVAL EVER CELEBRATING JAMAICAN INDEPENDENCE,"{'doorsopen': '16:00', 'doorsclose': '22:00', 'lastentry': '19:00'}",18,,0,0,True,"{'minPrice': 12.5, 'maxPrice': 20}",,public,,False,,,{'enabled': False},#281828,GBP,[],"[{'genreid': '24', 'name': 'Dancehall'}, {'genreid': '68', 'name': 'Reggae'}]",[]
41297749,2086552,False,2086552,False,0,FEST,"SOULTASIA  - Outdoor Festival, London 2026",0,,,,,"{'id': 66562, 'name': 'Morden Park', 'address': 'London Road', 'town': 'Morden', 'postcode_lookup': 'Sutton', 'postcode': 'SM4 4BU', 'region': 'London', 'country': 'GB', 'phone': '', 'latitude': 51.3951, 'longitude': -0.204588, 'type': 'Outdoors', 'rating': 4, 'reviewCount': 793, 'distance': 13527.285984033015}",https://d31fr2pwly4c4s.cloudfront.net/8/3/f/2086552_f54b7ad6_soultasia-london-2026_th.jpg,https://d31fr2pwly4c4s.cloudfront.net/8/3/f/2086552_f54b7ad6_soultasia-london-2026.jpg,https://d31fr2pwly4c4s.cloudfront.net/8/3/f/2086552_f54b7ad6_soultasia-london-2026_1024.jpg,https://d31fr2pwly4c4s.cloudfront.net/8/3/f/2086552_f54b7ad6_soultasia-london-2026_1024.webp,https://www.skiddle.com/festivals/soultasia-london-festival-edition/,2026-08-07,2026-08-07T16:00:00+00:00,2026-08-07T23:00:00+00:00,"Returning to Morden Park ,London for a star studded line up of some of the best ever Soul , Disco and RnB artists","{'doorsopen': '16:00', 'doorsclose': '23:00', 'lastentry': '20:00'}",,,0,0,True,"{'minPrice': 4.95, 'maxPrice': 25.41}",,public,,False,2569.0,"{'id': 2569, 'name': 'Soultasia London 2026', 'earliestStartDate': None}",{'enabled': False},#f8f8f8,GBP,"[{'artistid': '123552433', 'name': 'Loose Ends', 'image': 'https://d1mdxzfl9p8pzo.cloudfront.net/3/123552433_2_1024.jpg', 'spotifyartisturl': 'spotify:artist:4q3lWHEW55hoLJNzZskFVo'}, {'artistid': '123516902', 'name': 'Kenny Thomas', 'image': 'https://d1mdxzfl9p8pzo.cloudfront.net/2/123516902_267.jpg', 'spotifyartisturl': 'spotify:artist:5fYju5a87cW9osqsxH0JwB'}, {'artistid': '123530434', 'name': 'Janet Kay', 'image': 'https://d1mdxzfl9p8pzo.cloudfront.net/4/123530434_267.jpg', 'spotifyartisturl': 'spotify:artist:4D6CqTx48E5t6aL411Gl3F'}, {'artistid': '123573458', 'name': 'Another Level', 'image': 'https://d1plawd8huk6hh.cloudfront.net/assets/default400.png', 'spotifyartisturl': 'spotify:artist:3kcqSqWEss8JZtHBE5IJzZ'}, {'artistid': '123560316', 'name': 'Sybil', 'image': 'https://d1mdxzfl9p8pzo.cloudfront.net/6/123560316_1_1024.jpg', 'spotifyartisturl': 'spotify:artist:1EbIfIjVcauDatNO4vagL1'}, {'artistid': '123524356', 'name': 'Shortee Blitz', 'image': 'https://d1mdxzfl9p8pzo.cloudfront.net/6/123524356_1_1024.jpg', 'spotifyartisturl': 'spotify:artist:6uMuGWVuhyEB2N9MJMVxZ6'}, {'artistid': '123526274', 'name': 'China Black', 'image': 'https://d1mdxzfl9p8pzo.cloudfront.net/4/123526274_267.jpg', 'spotifyartisturl': 'spotify:artist:0FUK4HMK3TUViRcmrXKxlp'}, {'artistid': '123537166', 'name': 'Wayne Marshall', 'image': 'https://d1mdxzfl9p8pzo.cloudfront.net/6/123537166_267.jpg', 'spotifyartisturl': 'spotify:artist:4qvKg2A1w7qKvmXbrugChB'}, {'artistid': '123559625', 'name': 'Harry Cambridge', 'image': 'https://d1mdxzfl9p8pzo.cloudfront.net/5/123559625_35da6af6_1024.jpg', 'spotifyartisturl': 'spotify:artist:72oPafCidHgaZyGYCYSTHq'}, {'artistid': '123563515', 'name': 'Dan Hills', 'image': 'https://d1mdxzfl9p8pzo.cloudfront.net/5/123563515_1_1024.jpg', 'spotifyartisturl': 'spotify:artist:0lliepjWdz3kKchEvd5hWo'}, {'artistid': '123592619', 'name': 'entertainment family', 'image': 'https://d1mdxzfl9p8pzo.cloudfront.net/9/123592619_6853f2c8_1024.jpg', 'spotifyartisturl': None}]","[{'genreid': '4', 'name': 'R&B'}, {'genreid': '43', 'name': 'Soul'}, {'genreid': '45', 'name': 'Funk'}, {'genreid': '57', 'name': 'Disco'}]",[]
42085256,2205807,False,2205807,False,0,FEST,Soultasia Hertfordshire,0,,,,,"{'id': 133768, 'name': 'Metropolitan Bushey', 'address': 'Aldenham Road', 'town': 'Bushey', 'postcode_lookup': 'Watford', 'postcode': 'WD23 2TR', 'region': 'Hertfordshire', 'country': 'GB', 'phone': '', 'latitude': 51.6595365, 'longitude': -0.3658329, 'type': 'live', 'rating': 4, 'reviewCount': 5, 'distance': 23616.155565764646}",https://d31fr2pwly4c4s.cloudfront.net/d/d/7/2205807_1db3f4a4_soultasia-hertfordshire_th.jpg,https://d31fr2pwly4c4s.cloudfront.net/d/d/7/2205807_1db3f4a4_soultasia-hertfordshire.jpg,https://d31fr2pwly4c4s.cloudfront.net/d/d/7/2205807_1db3f4a4_soultasia-hertfordshire_1024.jpg,https://d31fr2pwly4c4s.cloudfront.net/d/d/7/2205807_1db3f4a4_soultasia-hertfordshire_1024.webp,https://www.skiddle.com/whats-on/Watford/Metropolitan-Bushey/Soultasia-Hertfordshire/42085256/,2026-08-07,2026-08-07T16:00:00+00:00,2026-08-07T22:00:00+00:00,"Get ready for Hertfordshire's biggest soul music celebration, as Soultasia returns in 2026 for an unforgettable summer festival.","{'doorsopen': '16:00', 'doorsclose': '22:00', 'lastentry': ''}",18,,0,0,True,"{'minPrice': 25, 'maxPrice': 34}",,public,,False,,,{'enabled': False},#f8f8f8,GBP,"[{'artistid': '123555347', 'name': 'Heatwave', 'image': 'https://d1plawd8huk6hh.cloudfront.net/assets/default400.png', 'spotifyartisturl': 'spotify:artist:6D7h7R79IZjqJC2GM2wzyY'}, {'artistid': '123523682', 'name': 'Jocelyn Brown', 'image': 'https://d1mdxzfl9p8pzo.cloudfront.net/2/123523682_267.jpg', 'spotifyartisturl': 'spotify:artist:2ga5ADaBpljQ3YrCh99ZMq'}, {'artistid': '123516902', 'name': 'Kenny Thomas', 'image': 'https://d1mdxzfl9p8pzo.cloudfront.net/2/123516902_267.jpg', 'spotifyartisturl': 'spotify:artist:5fYju5a87cW9osqsxH0JwB'}, {'artistid': '123495578', 'name': 'Jaki Graham', 'image': 'https://d1mdxzfl9p8pzo.cloudfront.net/8/123495578_267.jpg', 'spotifyartisturl': 'spotify:artist:4i50i5M5whfhk1zFEfo36O'}, {'artistid': '123559625', 'name': 'Harry Cambridge', 'image': 'https://d1mdxzfl9p8pzo.cloudfront.net/5/123559625_35da6af6_1024.jpg', 'spotifyartisturl': 'spotify:artist:72oPafCidHgaZyGYCYSTHq'}]","[{'genreid': '43', 'name': 'Soul'}, {'genreid': '57', 'name': 'Disco'}]",[]
41956402,2189574,False,2189574,False,0,FEST,Symphonica #TheIbizaOrchestra Bexleyheath,0,,,,,"{'id': 56624, 'name': 'Danson Park', 'address': '51 Danson Rd, Bexleyheath, Kent, DA15 9PW', 'town': 'Bexleyheath', 'postcode_lookup': 'Dartford', 'postcode': 'DA15 9PW', 'region': 'Kent', 'country': 'GB', 'phone': '020 8303 7777', 'latitude': 51.450962, 'longitude': 0.114145, 'type': 'Outdoors', 'rating': 3, 'reviewCount': 2006, 'distance': 17889.406835323916}",https://d31fr2pwly4c4s.cloudfront.net/8/2/a/2189574_8719e363_symphonica-theibizaorchestra-bexleyheath_th.jpg,https://d31fr2pwly4c4s.cloudfront.net/8/2/a/2189574_8719e363_symphonica-theibizaorchestra-bexleyheath.jpg,https://d31fr2pwly4c4s.cloudfront.net/8/2/a/2189574_8719e363_symphonica-theibizaorchestra-bexleyheath_1024.jpg,https://d31fr2pwly4c4s.cloudfront.net/8/2/a/2189574_8719e363_symphonica-theibizaorchestra-bexleyheath_1024.webp,https://www.skiddle.com/whats-on/Dartford/Danson-Park/Symphonica-TheIbizaOrchestra-Bexleyheath/41956402/,2026-08-07,2026-08-07T18:00:00+00:00,2026-08-07T22:00:00+00:00,Prepare to dance under the stars as the amazing Symphonica #TheIbizaOrchestra comes to Danson Park with a huge new playlist for 2026!,"{'doorsopen': '18:00', 'doorsclose': '22:00', 'lastentry': '20:30'}",14,,0,0,True,"{'minPrice': 6, 'maxPrice': 40}",,public,,False,,,{'enabled': False},#f8f8f8,GBP,[],"[{'genreid': '1', 'name': 'House'}, {'genreid': '79', 'name': 'EDM'}, {'genreid': '100', 'name': 'Orchestral'}]",[]
41652628,2164368,False,2164368,False,0,FEST,Maiden Voyage,0,,,,,"{'id': 6317, 'name': 'BURGESS PARK', 'address': 'Albany Road', 'town': 'London', 'postcode_lookup': 'London', 'postcode': 'SE5 0AL', 'region': 'London', 'country': 'GB', 'phone': '020 7525 2000', 'latitude': 51.4832499, 'longitude': -0.0821175, 'type': 'Outdoors', 'rating': 3, 'reviewCount': 3, 'distance': 4130.803787038205}",https://d31fr2pwly4c4s.cloudfront.net/5/5/c/2164368_8832e197_maiden-voyage_th.jpg,https://d31fr2pwly4c4s.cloudfront.net/5/5/c/2164368_8832e197_maiden-voyage.jpg,https://d31fr2pwly4c4s.cloudfront.net/5/5/c/2164368_8832e197_maiden-voyage_1024.jpg,https://d31fr2pwly4c4s.cloudfront.net/5/5/c/2164368_8832e197_maiden-voyage_1024.webp,https://www.skiddle.com/festivals/maiden-voyage/,2026-08-08,2026-08-08T12:00:00+00:00,2026-08-08T23:00:00+00:00,Maiden Voyage Festival returns.,"{'doorsopen': '12:00', 'doorsclose': '23:00', 'lastentry': ''}",18,,0,0,False,"{'minPrice': 6, 'maxPrice': 40}",0,public,,False,1910.0,"{'id': 1910, 'name': 'Maiden Voyage ', 'earliestStartDate': None}",{'enabled': False},#080808,GBP,"[{'artistid': '123564522', 'name': 'Yaeji', 'image': 'https://d1mdxzfl9p8pzo.cloudfront.net/2/123564522_1_1024.jpg', 'spotifyartisturl': 'spotify:artist:2RqrWplViWHSGLzlhmDcbt'}, {'artistid': '123577160', 'name': 'Skin On Skin', 'image': 'https://d1plawd8huk6hh.cloudfront.net/assets/default400.png', 'spotifyartisturl': 'spotify:artist:5mnxMXIM6BNhVVTXnBatKa'}, {'artistid': '123585035', 'name': 'DJ HEARTSTRING', 'image': 'https://d1mdxzfl9p8pzo.cloudfront.net/5/123585035_1_1024.jpg', 'spotifyartisturl': 'spotify:artist:5tcwaJBUyEdxQxvieuQxU7'}, {'artistid': '123556801', 'name': 'HAAi', 'image': 'https://d1mdxzfl9p8pzo.cloudfront.net/1/123556801_1_1024.jpg', 'spotifyartisturl': 'spotify:artist:0pkLgeB9j465x1QB2kRoy4'}, {'artistid': '123577985', 'name': 'Confidence Man', 'image': 'https://d1mdxzfl9p8pzo.cloudfront.net/5/123577985_1_1024.jpg', 'spotifyartisturl': 'spotify:artist:0RwXnFrEoI8tltFvYpJgP6'}, {'artistid': '123574496', 'name': 'DJ Gigola', 'image': 'https://d1mdxzfl9p8pzo.cloudfront.net/6/123574496_1_1024.jpg', 'spotifyartisturl': 'spotify:artist:7feJmqQ32fTIPKBmPXwHXf'}, {'artistid': '123531920', 'name': 'Helena Hauff', 'image': 'https://d1mdxzfl9p8pzo.cloudfront.net/0/123531920_1_1024.jpg', 'spotifyartisturl': 'spotify:artist:1JcefSOP7bcWEluL0iEIaN'}, {'artistid': '123576266', 'name': 'LSDXOXO', 'image': 'https://d1plawd8huk6hh.cloudfront.net/assets/default400.png', 'spotifyartisturl': 'spotify:artist:2M2blWl1LBN2UoxlJdaug2'}, {'artistid': '123585357', 'name': 'Taylah Elaine', 'image': 'https://d1mdxzfl9p8pzo.cloudfront.net/7/123585357_95021852_1024.jpg', 'spotifyartisturl': None}, {'artistid': '123523280', 'name': 'HOWL', 'image': 'https://d1mdxzfl9p8pzo.cloudfront.net/0/123523280_267.jpg', 'spotifyartisturl': 'spotify:artist:1BjWpt8YxEGAR8Wx59yBtw'}, {'artistid': '123577525', 'name': 'James Newmarch', 'image': 'https://d1mdxzfl9p8pzo.cloudfront.net/5/123577525_1_1024.jpg', 'spotifyartisturl': None}, {'artistid': '123571367', 'name': 'Pxssy Palace', 'image': 'https://d1mdxzfl9p8pzo.cloudfront.net/7/123571367_1_1024.jpg', 'spotifyartisturl': None}, {'artistid': '123566175', 'name': 'D. TIffany', 'image': 'https://d1mdxzfl9p8pzo.cloudfront.net/5/123566175_1_1024.jpg', 'spotifyartisturl': 'spotify:artist:2LMaARRMktW5O2umBFaQUu'}, {'artistid': '123565232', 'name': 'SHERELLE', 'image': 'https://d1mdxzfl9p8pzo.cloudfront.net/2/123565232_2_1024.jpg', 'spotifyartisturl': 'spotify:artist:1nnjeceW8b8Pi2kUkhj0d3'}, {'artistid': '123562739', 'name': 'Voicedrone', 'image': 'https://d1mdxzfl9p8pzo.cloudfront.net/9/123562739_1_1024.jpg', 'spotifyartisturl': 'spotify:artist:18QmGVLkFhuBQ2ypxCOPMN'}, {'artistid': '123557019', 'name': 'Alcatraz', 'image': 'https://d1mdxzfl9p8pzo.cloudfront.net/9/123557019_1_1024.jpg', 'spotifyartisturl': 'spotify:artist:1DzlI9QRMifzIq8BkPdaUo'}, {'artistid': '123532190', 'name': 'Job Jobse', 'image': 'https://d1mdxzfl9p8pzo.cloudfront.net/0/123532190_1_1024.jpg', 'spotifyartisturl': None}]","[{'genreid': '1', 'name': 'House'}, {'genreid': '9', 'name': 'Techno'}]",[]
41496466,2141581,False,2141581,False,0,FEST,Park Rock Bexleyheath 2026,0,,,,,"{'id': 126576, 'name': 'Danson Park, Bexleyheath', 'address': '51 Danson Road', 'town': 'Bexleyheath', 'postcode_lookup': 'Dartford', 'postcode': 'DA6 8HL', 'region': 'Kent', 'country': 'GB', 'phone': '', 'latitude': 51.4551228, 'longitude': 0.1175883, 'type': 'Nightclub', 'rating': 3, 'reviewCount': 310, 'distance': 17958.484543220486}",https://d31fr2pwly4c4s.cloudfront.net/0/f/0/2141581_b3c1d384_park-rock-bexleyheath-2026_th.jpg,https://d31fr2pwly4c4s.cloudfront.net/0/f/0/2141581_b3c1d384_park-rock-bexleyheath-2026.jpg,https://d31fr2pwly4c4s.cloudfront.net/0/f/0/2141581_b3c1d384_park-rock-bexleyheath-2026_1024.jpg,https://d31fr2pwly4c4s.cloudfront.net/0/f/0/2141581_b3c1d384_park-rock-bexleyheath-2026_1024.webp,https://www.skiddle.com/whats-on/Dartford/Danson-Park%2C-Bexleyheath/Park-Rock-Bexleyheath-2026/41496466/,2026-08-08,2026-08-08T12:00:00+00:00,2026-08-08T22:00:00+00:00,Returning to Bexleyheath for it's third year; Park Rock 2026 brings two stages packed with the UK's top tributes to Danson Park.,"{'doorsopen': '12:00', 'doorsclose': '22:00', 'lastentry': '20:00'}",,,0,0,True,"{'minPrice': 0, 'maxPrice': 40}",,public,,False,,,{'enabled': False},#080808,GBP,[],"[{'genreid': '5', 'name': 'Rock'}, {'genreid': '20', 'name': 'Pop'}, {'genreid': '48', 'name': 'Covers Band/Tribute Act'}]",[]
42156005,2217697,False,2217697,False,0,FEST,The Great Fete,0,,,,,"{'id': 99704, 'name': 'Hatfield Park', 'address': 'Hatfield', 'town': 'Hatfield', 'postcode_lookup': 'St-Albans', 'postcode': 'AL9 5HX', 'region': 'London', 'country': 'GB', 'phone': '', 'latitude': 51.7606769, 'longitude': -0.2145923, 'type': 'Nightclub', 'rating': 0, 'reviewCount': 0, 'distance': 28833.77060696283}",https://d31fr2pwly4c4s.cloudfront.net/9/6/a/2217697_2cbc420b_the-great-fete_th.jpg,https://d31fr2pwly4c4s.cloudfront.net/9/6/a/2217697_2cbc420b_the-great-fete.jpg,https://d31fr2pwly4c4s.cloudfront.net/9/6/a/2217697_2cbc420b_the-great-fete_1024.jpg,https://d31fr2pwly4c4s.cloudfront.net/9/6/a/2217697_2cbc420b_the-great-fete_1024.webp,https://www.skiddle.com/festivals/the-great-fete/,2026-08-08,2026-08-08T12:00:00+00:00,2026-08-09T22:00:00+00:00,The Great Fete... A new festival for Hertfordshire,"{'doorsopen': '12:00', 'doorsclose': '22:00', 'lastentry': '17:00'}",,,0,0,True,"{'minPrice': 12.5, 'maxPrice': 150}",,public,,True,3012.0,"{'id': 3012, 'name': 'The Great Fete', 'earliestStartDate': None}",{'enabled': False},#f8f8e8,GBP,"[{'artistid': '123456865', 'name': 'Faithless', 'image': 'https://d1mdxzfl9p8pzo.cloudfront.net/5/123456865_267.jpg', 'spotifyartisturl': 'spotify:artist:5T4UKHhr4HGIC0VzdZQtAE'}, {'artistid': '123482676', 'name': 'SIGMA', 'image': 'https://d1mdxzfl9p8pzo.cloudfront.net/6/123482676_267.jpg', 'spotifyartisturl': 'spotify:artist:01pKrlgPJhm5dB4lneYAqS'}, {'artistid': '123461052', 'name': 'DJ Luck & MC Neat', 'image': 'https://d1mdxzfl9p8pzo.cloudfront.net/2/123461052_3_1024.jpg', 'spotifyartisturl': 'spotify:artist:4MflsXABg2VC9Powgd7JCF'}, {'artistid': '901377', 'name': 'Dizzee Rascal', 'image': 'https://d1mdxzfl9p8pzo.cloudfront.net/7/901377_1_1024.jpg', 'spotifyartisturl': 'spotify:artist:0gusqTJKxtU1UTmNRMHZcv'}, {'artistid': '123459604', 'name': 'The Hoosiers', 'image': 'https://d1mdxzfl9p8pzo.cloudfront.net/4/123459604_267.jpg', 'spotifyartisturl': 'spotify:artist:4LlDtNr8qFwhrT8eL2wzH4'}, {'artistid': '123534274', 'name': 'Oxide & Neutrino', 'image': 'https://d1mdxzfl9p8pzo.cloudfront.net/4/123534274_1_1024.jpg', 'spotifyartisturl': 'spotify:artist:0uhNYfjHJyAmHh2xNZ4vqf'}, {'artistid': '123533308', 'name': 'Majestic', 'image': 'https://d1mdxzfl9p8pzo.cloudfront.net/8/123533308_2_1024.jpg', 'spotifyartisturl': 'spotify:artist:6QMABvTzixnxzsLYyhqRxI'}, {'artistid': '795929', 'name': 'Feeder', 'image': 'https://d1mdxzfl9p8pzo.cloudfront.net/9/795929_1_1024.jpg', 'spotifyartisturl': 'spotify:artist:0ZZr6Y49NZWRJc0uCwqpMR'}, {'artistid': '750020', 'name': 'Ocean Colour Scene', 'image': 'https://d1mdxzfl9p8pzo.cloudfront.net/0/750020_267.jpg', 'spotifyartisturl': 'spotify:artist:5vIOGcdmx1eIkq3ZtuS12U'}, {'artistid': '123502414', 'name': 'Inner City', 'image': 'https://d1mdxzfl9p8pzo.cloudfront.net/4/123502414_1_1024.jpg', 'spotifyartisturl': 'spotify:artist:0vUJ3QLN3MlRfjOc2LjGWp'}, {'artistid': '123507552', 'name': 'Kenny Dope', 'image': 'https://d1mdxzfl9p8pzo.cloudfront.net/2/123507552_267.jpg', 'spotifyartisturl': 'spotify:artist:1TrfxjXu8quyDw05p2bacX'}, {'artistid': '123466271', 'name': 'Graeme Park', 'image': 'https://d1mdxzfl9p8pzo.cloudfront.net/1/123466271_5_1024.jpg', 'spotifyartisturl': 'spotify:artist:4jAzD7q9emMPB7jUdnhlzk'}, {'artistid': '123496894', 'name': 'Kele Le Roc', 'image': 'https://d1mdxzfl9p8pzo.cloudfront.net/4/123496894_1_1024.jpg', 'spotifyartisturl': 'spotify:artist:6147A0TM1JrrEkin51nwnD'}, {'artistid': '123534854', 'name': 'DJ Spoony', 'image': 'https://d1mdxzfl9p8pzo.cloudfront.net/4/123534854_2_1024.jpg', 'spotifyartisturl': 'spotify:artist:6tDESlsE9MXHHGHASpXukv'}, {'artistid': '123573745', 'name': 'Bongo Ben', 'image': 'https://d1mdxzfl9p8pzo.cloudfront.net/5/123573745_1_1024.jpg', 'spotifyartisturl': 'spotify:artist:0v73ouLb3VJalqks8clq3x'}, {'artistid': '123545834', 'name': 'Andy Manston', 'image': 'https://d1mdxzfl9p8pzo.cloudfront.net/4/123545834_2_1024.jpg', 'spotifyartisturl': 'spotify:artist:1ZNPtQ07TU9dXh8jsmieG9'}, {'artistid': '123569350', 'name': 'Danny Clockwork', 'image': 'https://d1mdxzfl9p8pzo.cloudfront.net/0/123569350_2_1024.jpg', 'spotifyartisturl': None}, {'artistid': '123529564', 'name': 'Lisa Maffia', 'image': 'https://d1mdxzfl9p8pzo.cloudfront.net/4/123529564_267.jpg', 'spotifyartisturl': 'spotify:artist:2tiBXBk9svXUlNxP52KA6V'}, {'artistid': '123519994', 'name': 'Alex P', 'image': 'https://d1mdxzfl9p8pzo.cloudfront.net/4/123519994_2_1024.jpg', 'spotifyartisturl': 'spotify:artist:0NeFbtYdW3KNchTsZA95su'}, {'artistid': '123501188', 'name': 'Romeo', 'image': 'https://d1mdxzfl9p8pzo.cloudfront.net/8/123501188_1_1024.jpg', 'spotifyartisturl': 'spotify:artist:0QNydoO1XxBG1GUm4vjDeM'}, {'artistid': '123488260', 'name': 'Lisa Loud', 'image': 'https://d1mdxzfl9p8pzo.cloudfront.net/0/123488260_267.jpg', 'spotifyartisturl': None}, {'artistid': '123481978', 'name': 'Craig Charles', 'image': 'https://d1mdxzfl9p8pzo.cloudfront.net/8/123481978_2_1024.jpg', 'spotifyartisturl': 'spotify:artist:3Cjg6YVStRJOV1gyAY7Df2'}, {'artistid': '123459603', 'name': 'Derrick Carter', 'image': 'https://d1mdxzfl9p8pzo.cloudfront.net/3/123459603_1_1024.jpg', 'spotifyartisturl': 'spotify:artist:3XwBizyFmbCCUFcdcsvMmm'}, {'artistid': '123457156', 'name': 'Norman Jay', 'image': 'https://d1mdxzfl9p8pzo.cloudfront.net/6/123457156_2_1024.jpg', 'spotifyartisturl': 'spotify:artist:0UTbeMH3r0QJB50wYA4VTE'}, {'artistid': '123457128', 'name': 'Brandon Block', 'image': 'https://d1mdxzfl9p8pzo.cloudfront.net/8/123457128_267.jpg', 'spotifyartisturl': 'spotify:artist:1Siy4pAIGJ8AtH3NrZvBoD'}]","[{'genreid': '1', 'name': 'House'}, {'genreid': '3', 'name': 'UK Garage'}, {'genreid': '5', 'name': 'Rock'}, {'genreid': '61', 'name': 'Electronic'}, {'genreid': '93', 'name': 'Brit Pop'}]",[]
41307582,2090339,False,2090339,False,0,FEST,Garage Nation Outdoor Festival 2026,0,,,,,"{'id': 66562, 'name': 'Morden Park', 'address': 'London Road', 'town': 'Morden', 'postcode_lookup': 'Sutton', 'postcode': 'SM4 4BU', 'region': 'London', 'country': 'GB', 'phone': '', 'latitude': 51.3951, 'longitude': -0.204588, 'type': 'Outdoors', 'rating': 4, 'reviewCount': 793, 'distance': 13527.285984033015}",https://d31fr2pwly4c4s.cloudfront.net/5/0/7/2090339_87722134_Garage-Nation-Outdoor-Festival-2026_th.jpg,https://d31fr2pwly4c4s.cloudfront.net/5/0/7/2090339_87722134_Garage-Nation-Outdoor-Festival-2026.jpg,https://d31fr2pwly4c4s.cloudfront.net/5/0/7/2090339_87722134_Garage-Nation-Outdoor-Festival-2026_1024.jpg,https://d31fr2pwly4c4s.cloudfront.net/5/0/7/2090339_87722134_Garage-Nation-Outdoor-Festival-2026_1024.webp,https://www.skiddle.com/festivals/garagenation/,2026-08-08,2026-08-08T13:00:00+00:00,2026-08-08T22:00:00+00:00,Garage Nation Outdoor Festival 2026 - secure your tickets now!,"{'doorsopen': '13:00', 'doorsclose': '22:00', 'lastentry': '17:30'}",18,,0,0,True,"{'minPrice': 8.82, 'maxPrice': 54.27}",,public,,True,690.0,"{'id': 690, 'name': 'Garage Nation Outdoor Festival', 'earliestStartDate': None}",{'enabled': False},#f8f8f8,GBP,"[{'artistid': '123488786', 'name': 'Artful Dodger', 'image': 'https://d1mdxzfl9p8pzo.cloudfront.net/6/123488786_2_1024.jpg', 'spotifyartisturl': 'spotify:artist:4L8MIM7AXmq6jb0tRix4JT'}, {'artistid': '123534274', 'name': 'Oxide & Neutrino', 'image': 'https://d1mdxzfl9p8pzo.cloudfront.net/4/123534274_1_1024.jpg', 'spotifyartisturl': 'spotify:artist:0uhNYfjHJyAmHh2xNZ4vqf'}, {'artistid': '123513138', 'name': 'DJ LUCK AND MC NEAT', 'image': 'https://d1mdxzfl9p8pzo.cloudfront.net/8/123513138_1_267.jpg', 'spotifyartisturl': 'spotify:artist:4MflsXABg2VC9Powgd7JCF'}, {'artistid': '123458128', 'name': 'Heartless Crew', 'image': 'https://d1mdxzfl9p8pzo.cloudfront.net/8/123458128_267.jpg', 'spotifyartisturl': 'spotify:artist:4TFwgJ0aP8Jr6rz9ZaIjkV'}, {'artistid': '123507876', 'name': 'Pied Piper', 'image': 'https://d1mdxzfl9p8pzo.cloudfront.net/6/123507876_1_1024.jpg', 'spotifyartisturl': 'spotify:artist:6vZpcSp1PzRV1wZPRlv6cz'}, {'artistid': '123544667', 'name': 'Dj Cartier', 'image': 'https://d1mdxzfl9p8pzo.cloudfront.net/7/123544667_1_1024.jpg', 'spotifyartisturl': 'spotify:artist:4u57ca2vzuMmZpUQjlPIXK'}]","[{'genreid': '1', 'name': 'House'}, {'genreid': '3', 'name': 'UK Garage'}, {'genreid': '8', 'name': 'Drum and Bass'}, {'genreid': '19', 'name': 'Old Skool'}, {'genreid': '80', 'name': 'Jungle'}]",[]
42430684,2266329,False,2266329,False,0,FEST,Made In 90s Fest 5th Birthday Feat R&B Icons Xscape & Lil' Mo,0,,,,,"{'id': 111982, 'name': 'Addington Park', 'address': '3 Kent Gate Way', 'town': 'Croydon', 'postcode_lookup': 'Croydon', 'postcode': 'CR0 5AR', 'region': 'Surrey', 'country': 'GB', 'phone': '', 'latitude': 51.3563854, 'longitude': -0.0368672, 'type': 'Outdoors', 'rating': 3, 'reviewCount': 30, 'distance': 17899.59816739488}",https://d31fr2pwly4c4s.cloudfront.net/2/c/a/2266329_176e03e8_made-in-90s-fest-5th-anniversary-feat-r-b-icons-xscape-lil-mo_th.jpg,https://d31fr2pwly4c4s.cloudfront.net/2/c/a/2266329_176e03e8_made-in-90s-fest-5th-anniversary-feat-r-b-icons-xscape-lil-mo.jpg,https://d31fr2pwly4c4s.cloudfront.net/2/c/a/2266329_176e03e8_made-in-90s-fest-5th-anniversary-feat-r-b-icons-xscape-lil-mo_1024.jpg,https://d31fr2pwly4c4s.cloudfront.net/2/c/a/2266329_176e03e8_made-in-90s-fest-5th-anniversary-feat-r-b-icons-xscape-lil-mo_1024.webp,https://www.skiddle.com/whats-on/Croydon/Addington-Park/Made-In-90s-Fest-5th-Birthday-Feat-RB-Icons-Xscape--Lil-Mo/42430684/,2026-08-08,2026-08-08T13:00:00+00:00,2026-08-08T22:00:00+00:00,"Join us and 7,500+ people for our 5th Birthday and this year will be our biggest one yet with R&B ICONS gracing our stage in XSCAPE & LIL' MO, ANGEL","{'doorsopen': '13:00', 'doorsclose': '22:00', 'lastentry': '18:30'}",21,,0,622,True,"{'minPrice': 15, 'maxPrice': 195}",,public,,True,,,{'enabled': False},#080808,GBP,"[{'artistid': '123537963', 'name': 'Lil Mo', 'image': 'https://d1mdxzfl9p8pzo.cloudfront.net/3/123537963_267.jpg', 'spotifyartisturl': 'spotify:artist:5wBDD4FNJvob5fAGkAIQ92'}, {'artistid': '123527116', 'name': 'Dj Supa D', 'image': 'https://d1mdxzfl9p8pzo.cloudfront.net/6/123527116_267.jpg', 'spotifyartisturl': 'spotify:artist:0y84aioPoEjBOzm24Iranq'}, {'artistid': '123518616', 'name': 'Angel', 'image': 'https://d1mdxzfl9p8pzo.cloudfront.net/6/123518616_2_1024.jpg', 'spotifyartisturl': 'spotify:artist:6RIJu05yhEIYskbVgxmk3R'}, {'artistid': '123524344', 'name': 'DJ Ace', 'image': 'https://d1mdxzfl9p8pzo.cloudfront.net/4/123524344_2_1024.jpg', 'spotifyartisturl': 'spotify:artist:7tj6AabAWOhGXHgGAggfGg'}, {'artistid': '123529056', 'name': 'DJ Silk', 'image': 'https://d1mdxzfl9p8pzo.cloudfront.net/6/123529056_2_1024.jpg', 'spotifyartisturl': 'spotify:artist:39bCBkpX3ir1Zy732IpxHF'}, {'artistid': '123540495', 'name': 'Big Business HQ', 'image': 'https://d1mdxzfl9p8pzo.cloudfront.net/5/123540495_1_1024.jpg', 'spotifyartisturl': None}, {'artistid': '123605633', 'name': 'Gal flex sound', 'image': 'https://d1mdxzfl9p8pzo.cloudfront.net/3/123605633_1_1024.jpg', 'spotifyartisturl': None}]","[{'genreid': '3', 'name': 'UK Garage'}, {'genreid': '4', 'name': 'R&B'}, {'genreid': '24', 'name': 'Dancehall'}, {'genreid': '39', 'name': 'Hip Hop'}, {'genreid': '95', 'name': 'Afrobeat'}]",[]
41991832,2197324,False,2197324,False,0,FEST,Adriatique present X on the Thames,0,,,,,"{'id': 41980, 'name': 'Old Royal Naval College Greenwich', 'address': 'Old Royal Naval College, 2 Cutty Sark Gardens, Greenwich, London ', 'town': 'Greenwich', 'postcode_lookup': 'London', 'postcode': 'SE10 9NN', 'region': 'London', 'country': 'GB', 'phone': ' 020 8269 479', 'latitude': 51.4827098, 'longitude': -0.0085177, 'type': 'Gallery', 'rating': 0, 'reviewCount': 0, 'distance': 8701.369562739064}",https://d31fr2pwly4c4s.cloudfront.net/4/3/0/2197324_f828086e_adriatique-present-x-on-the-thames_th.jpg,https://d31fr2pwly4c4s.cloudfront.net/4/3/0/2197324_f828086e_adriatique-present-x-on-the-thames.jpg,https://d31fr2pwly4c4s.cloudfront.net/4/3/0/2197324_f828086e_adriatique-present-x-on-the-thames_1024.jpg,https://d31fr2pwly4c4s.cloudfront.net/4/3/0/2197324_f828086e_adriatique-present-x-on-the-thames_1024.webp,https://www.skiddle.com/whats-on/London/Old-Royal-Naval-College-Greenwich/Adriatique-present-X-on-the-Thames/41991832/,2026-08-08,2026-08-08T14:00:00+00:00,2026-08-08T23:00:00+00:00,"Adriatique present X at the Old Royal Naval College, UNESCO Site for their only London show of 2026 ft.","{'doorsopen': '14:00', 'doorsclose': '23:00', 'lastentry': '20:00'}",18,,0,0,True,"{'minPrice': 55.03, 'maxPrice': 251.33}",,public,,False,,,{'enabled': False},#f8f8f8,GBP,"[{'artistid': '123548399', 'name': 'ADRIATIQUE', 'image': 'https://d1mdxzfl9p8pzo.cloudfront.net/9/123548399_1_1024.jpg', 'spotifyartisturl': 'spotify:artist:02DWGcShQivFepRvGJ7xhB'}, {'artistid': '123565062', 'name': 'Tsha', 'image': 'https://d1mdxzfl9p8pzo.cloudfront.net/2/123565062_1_1024.jpg', 'spotifyartisturl': 'spotify:artist:2kLa7JZu4Ijdz1Gle2khZh'}, {'artistid': '123558408', 'name': 'Nick Castle', 'image': 'https://d1mdxzfl9p8pzo.cloudfront.net/8/123558408_1_1024.jpg', 'spotifyartisturl': 'spotify:artist:2Rz2EBmxVjwjzDfCgAdGoH'}]","[{'genreid': '61', 'name': 'Electronic'}]",[]
42470341,2275341,False,2275341,False,0,FEST,Day & Night Refugee Fundraiser,0,,,,,"{'id': 74802, 'name': 'Fox And Firkin', 'address': '316 Lewisham High Street', 'town': 'London', 'postcode_lookup': 'London', 'postcode': 'SE13 6JZ', 'region': 'London', 'country': 'GB', 'phone': '', 'latitude': 51.4572096, 'longitude': -0.0140039, 'type': 'bar', 'rating': 4, 'reviewCount': 44, 'distance': 9641.937305507015}",https://d31fr2pwly4c4s.cloudfront.net/2/7/a/2275341_dd4c6f5a_day-night-refugee-fundraiser_th.jpg,https://d31fr2pwly4c4s.cloudfront.net/2/7/a/2275341_dd4c6f5a_day-night-refugee-fundraiser.jpg,https://d31fr2pwly4c4s.cloudfront.net/2/7/a/2275341_dd4c6f5a_day-night-refugee-fundraiser_1024.jpg,https://d31fr2pwly4c4s.cloudfront.net/2/7/a/2275341_dd4c6f5a_day-night-refugee-fundraiser_1024.webp,https://www.skiddle.com/whats-on/London/Fox-And-Firkin/Day--Night-Refugee-Fundraiser/42470341/,2026-08-08,2026-08-08T14:00:00+00:00,2026-08-08T23:45:00+00:00,Skull Rub X High Hats X Felt Sound System,"{'doorsopen': '14:00', 'doorsclose': '23:45', 'lastentry': ''}",18,,0,0,True,"{'minPrice': 17, 'maxPrice': 22}",,public,,False,,,{'enabled': False},#9898a8,GBP,[],"[{'genreid': '67', 'name': 'World Music'}]",[]
41941623,2185887,False,2185887,False,0,FEST,"Road to Nashville Outdoor Festival | Eutopia, Barking",0,,,,,"{'id': 133360, 'name': 'Eutopia Warehouse', 'address': '42A River Road', 'town': 'Barking', 'postcode_lookup': 'Ilford', 'postcode': 'IG11 0DW', 'region': 'London', 'country': 'GB', 'phone': '', 'latitude': 51.5204, 'longitude': 0.0964, 'type': 'Nightclub', 'rating': 3, 'reviewCount': 218, 'distance': 15599.736613846364}",https://d31fr2pwly4c4s.cloudfront.net/3/7/9/2185887_783cb33f_road-to-nashville-outdoor-festival-eutopia-warehouse_th.jpg,https://d31fr2pwly4c4s.cloudfront.net/3/7/9/2185887_783cb33f_road-to-nashville-outdoor-festival-eutopia-warehouse.jpg,https://d31fr2pwly4c4s.cloudfront.net/3/7/9/2185887_783cb33f_road-to-nashville-outdoor-festival-eutopia-warehouse_1024.jpg,https://d31fr2pwly4c4s.cloudfront.net/3/7/9/2185887_783cb33f_road-to-nashville-outdoor-festival-eutopia-warehouse_1024.webp,https://www.skiddle.com/festivals/road-to-nashville-barking/,2026-08-08,2026-08-08T14:00:00+00:00,2026-08-08T22:00:00+00:00,"After a string of sold-out shows across the UK, The Road to Nashville is bringing its country magic to Eutopia Warehouse in Barking!","{'doorsopen': '14:00', 'doorsclose': '22:00', 'lastentry': '17:00'}",18,,0,0,True,"{'minPrice': 15, 'maxPrice': 50}",,public,,False,3162.0,"{'id': 3162, 'name': 'Road to Nashville Outdoor Festival - Barking', 'earliestStartDate': None}",{'enabled': False},#283848,GBP,"[{'artistid': '123615029', 'name': 'The Best Tribute Acts', 'image': 'https://d1mdxzfl9p8pzo.cloudfront.net/9/123615029_2_1024.jpg', 'spotifyartisturl': None}]","[{'genreid': '71', 'name': 'Country/Americana'}]",[]
42359694,2250922,False,2250922,False,0,FEST,Cookout - Open-Air Summer Festival - Ldn East  - London,0,,,,,"{'id': 109726, 'name': 'LDN EAST', 'address': '30 Bidder St', 'town': 'Canning Town', 'postcode_lookup': 'London', 'postcode': 'E16 4SH', 'region': 'London', 'country': 'GB', 'phone': '', 'latitude': 51.5190133, 'longitude': 0.0037307, 'type': 'Nightclub', 'rating': 4, 'reviewCount': 1078, 'distance': 9213.217964289111}",https://d31fr2pwly4c4s.cloudfront.net/f/8/6/2250922_c014e686_cookout-open-air-summer-festival-xoyo-london_th.jpg,https://d31fr2pwly4c4s.cloudfront.net/f/8/6/2250922_c014e686_cookout-open-air-summer-festival-xoyo-london.jpg,https://d31fr2pwly4c4s.cloudfront.net/f/8/6/2250922_c014e686_cookout-open-air-summer-festival-xoyo-london_1024.jpg,https://d31fr2pwly4c4s.cloudfront.net/f/8/6/2250922_c014e686_cookout-open-air-summer-festival-xoyo-london_1024.webp,https://www.skiddle.com/whats-on/London/LDN-EAST/Cookout---Open-Air-Summer-Festival---Ldn-East----London/42359694/,2026-08-08,2026-08-08T15:00:00+00:00,2026-08-08T22:00:00+00:00,"Join us as we come to London East by huge demand with a Open Air Show! Expect big tunes, production & Good Vibes Only at Ldns Best Outdoor Venue.","{'doorsopen': '15:00', 'doorsclose': '22:00', 'lastentry': '18:00'}",18,,0,0,True,"{'minPrice': 15, 'maxPrice': 30}",,public,,False,,,{'enabled': False},#080808,GBP,[],"[{'genreid': '24', 'name': 'Dancehall'}, {'genreid': '68', 'name': 'Reggae'}, {'genreid': '95', 'name': 'Afrobeat'}]",[]
42087923,2206252,False,2206252,False,0,FEST,Eastern Electrics 2026,0,,,,,"{'id': 6317, 'name': 'BURGESS PARK', 'address': 'Albany Road', 'town': 'London', 'postcode_lookup': 'London', 'postcode': 'SE5 0AL', 'region': 'London', 'country': 'GB', 'phone': '020 7525 2000', 'latitude': 51.4832499, 'longitude': -0.0821175, 'type': 'Outdoors', 'rating': 3, 'reviewCount': 3, 'distance': 4130.803787038205}",https://d31fr2pwly4c4s.cloudfront.net/2/e/2/2206252_6728d7c9_eastern-electrics-2026_th.jpg,https://d31fr2pwly4c4s.cloudfront.net/2/e/2/2206252_6728d7c9_eastern-electrics-2026.jpg,https://d31fr2pwly4c4s.cloudfront.net/2/e/2/2206252_6728d7c9_eastern-electrics-2026_1024.jpg,https://d31fr2pwly4c4s.cloudfront.net/2/e/2/2206252_6728d7c9_eastern-electrics-2026_1024.webp,https://www.skiddle.com/whats-on/London/BURGESS-PARK/Eastern-Electrics-2026/42087923/,2026-08-09,2026-08-09T12:00:00+00:00,2026-08-09T22:00:00+00:00,"EASTERN ELECTRICS IS BACK.
The wait is finally over.

Four stages. A fully stacked lineup. All day long.","{'doorsopen': '12:00', 'doorsclose': '22:00', 'lastentry': '18:00'}",18,,0,0,True,"{'minPrice': 45, 'maxPrice': 85}",,public,,False,,,{'enabled': False},#f8f8f8,GBP,"[{'artistid': '123503872', 'name': 'Notion', 'image': 'https://d1mdxzfl9p8pzo.cloudfront.net/2/123503872_1_1024.jpg', 'spotifyartisturl': 'spotify:artist:1uRVM0wBdtyEuU582EeKJM?si=aznx'}, {'artistid': '807300', 'name': 'Groove Armada', 'image': 'https://d1mdxzfl9p8pzo.cloudfront.net/0/807300_267.jpg', 'spotifyartisturl': 'spotify:artist:67tgMwUfnmqzYsNAtnP6YJ'}, {'artistid': '123589893', 'name': 'Jazzy', 'image': 'https://d1mdxzfl9p8pzo.cloudfront.net/3/123589893_2_1024.jpg', 'spotifyartisturl': 'spotify:artist:7zAAwgV5Wqmvpb4GzvlRkP'}, {'artistid': '123591467', 'name': 'Mau P', 'image': 'https://d1mdxzfl9p8pzo.cloudfront.net/7/123591467_1_1024.jpg', 'spotifyartisturl': 'spotify:artist:0w1sbtZVQoK6GzV4A4OkCv'}, {'artistid': '123579308', 'name': 'Obskur', 'image': 'https://d1mdxzfl9p8pzo.cloudfront.net/8/123579308_1_1024.jpg', 'spotifyartisturl': 'spotify:artist:29MTNlaVntQaQiDyj8KGwx'}, {'artistid': '123588280', 'name': 'Morgan Seatree', 'image': 'https://d1mdxzfl9p8pzo.cloudfront.net/0/123588280_5fd96da1_1024.jpg', 'spotifyartisturl': 'spotify:artist:0GInfEJXl2kGPhSsVqEqXh'}, {'artistid': '123520148', 'name': 'Patrick Topping', 'image': 'https://d1mdxzfl9p8pzo.cloudfront.net/8/123520148_3_1024.jpg', 'spotifyartisturl': 'spotify:artist:7yRimuQSC5Ks3T2Ts0iyZa'}, {'artistid': '123459389', 'name': 'Skream', 'image': 'https://d1mdxzfl9p8pzo.cloudfront.net/9/123459389_8_1024.jpg', 'spotifyartisturl': 'spotify:artist:2jbP92oFLWqPqogflK1wlW'}, {'artistid': '123519600', 'name': 'Joseph Capriati', 'image': 'https://d1mdxzfl9p8pzo.cloudfront.net/0/123519600_267.jpg', 'spotifyartisturl': 'spotify:artist:7onsqSWPufMm5ZnUCECDpf'}, {'artistid': '123456866', 'name': 'The Martinez Brothers', 'image': 'https://d1mdxzfl9p8pzo.cloudfront.net/6/123456866_267.jpg', 'spotifyartisturl': 'spotify:artist:7B1LLuCQk13H4Mb6CFBftU'}, {'artistid': '123588118', 'name': 'Jamback', 'image': 'https://d1plawd8huk6hh.cloudfront.net/assets/default400.png', 'spotifyartisturl': 'spotify:artist:7n5VjDNd00Hy0ZDEGn0erB'}, {'artistid': '123563753', 'name': 'Danielle', 'image': 'https://d1mdxzfl9p8pzo.cloudfront.net/3/123563753_1_1024.jpg', 'spotifyartisturl': 'spotify:artist:3BNhPTiKBExlE45mYeC9YY'}, {'artistid': '123550533', 'name': 'Dennis Cruz', 'image': 'https://d1mdxzfl9p8pzo.cloudfront.net/3/123550533_1_1024.jpg', 'spotifyartisturl': 'spotify:artist:27mWOSZjlpmtoqsRjRwQyu'}, {'artistid': '123518976', 'name': 'East End Dubs', 'image': 'https://d1mdxzfl9p8pzo.cloudfront.net/6/123518976_2_267.jpg', 'spotifyartisturl': 'spotify:artist:5nw8Cj9x9XXKDuuNhl5mF7'}, {'artistid': '123592642', 'name': 'Jack Marlow', 'image': 'https://d1mdxzfl9p8pzo.cloudfront.net/2/123592642_df3dd306_1024.jpg', 'spotifyartisturl': 'spotify:artist:5qIDbjJ9VyV3eogXzEA6H3'}, {'artistid': '123545412', 'name': 'Locklead', 'image': 'https://d1mdxzfl9p8pzo.cloudfront.net/2/123545412_1_1024.jpg', 'spotifyartisturl': 'spotify:artist:14X4Rn0s4EuGtizL0l8IIw'}, {'artistid': '123601378', 'name': 'Marsolo', 'image': 'https://d1mdxzfl9p8pzo.cloudfront.net/8/123601378_a8e8514c_1024.jpg', 'spotifyartisturl': 'spotify:artist:19KqOfazpv8bU6RrVJpLcV'}, {'artistid': '123512516', 'name': 'Mella Dee', 'image': 'https://d1mdxzfl9p8pzo.cloudfront.net/6/123512516_1_1024.jpg', 'spotifyartisturl': 'spotify:artist:2iT8KIetokMHRjhj8dJuNn'}, {'artistid': '123557854', 'name': 'La La', 'image': 'https://d1mdxzfl9p8pzo.cloudfront.net/4/123557854_1_1024.jpg', 'spotifyartisturl': None}, {'artistid': '123573663', 'name': 'Reeshy', 'image': 'https://d1mdxzfl9p8pzo.cloudfront.net/3/123573663_1_1024.jpg', 'spotifyartisturl': 'spotify:artist:1oGxrUyw0K8HiPvZHBvF0d'}, {'artistid': '123579309', 'name': 'Hayley Zalassi', 'image': 'https://d1mdxzfl9p8pzo.cloudfront.net/9/123579309_1_1024.jpg', 'spotifyartisturl': 'spotify:artist:6CkWYOPGB6vgMNjXAYRfav'}, {'artistid': '123584876', 'name': 'BENJI KING', 'image': 'https://d1mdxzfl9p8pzo.cloudfront.net/6/123584876_1_1024.jpg', 'spotifyartisturl': 'spotify:artist:69dGGOSrNdmU9cUdsRlEzE'}, {'artistid': '123585313', 'name': 'Ella Knight', 'image': 'https://d1mdxzfl9p8pzo.cloudfront.net/3/123585313_1_1024.jpg', 'spotifyartisturl': 'spotify:artist:3XUsPTJ2XyaMij5wXsghDI'}, {'artistid': '123459614', 'name': 'Zed Bias', 'image': 'https://d1mdxzfl9p8pzo.cloudfront.net/4/123459614_2_1024.jpg', 'spotifyartisturl': 'spotify:artist:1XZzbCZRuj6eOdRxQcmiD7'}]","[{'genreid': '1', 'name': 'House'}, {'genreid': '9', 'name': 'Techno'}]",[]
41980291,2194632,False,2194632,False,0,FEST,Sundown Country Festival - Bexleyheath,0,,,,,"{'id': 44506, 'name': 'BEXLEYHEATH    Danson Park Lakeside Close DA15 9PW', 'address': 'BEXLEYHEATH    Danson Park Lakeside Close, DA15 9PW', 'town': 'BEXLEYHEATH    ', 'postcode_lookup': 'Dartford', 'postcode': 'DA15 9PW', 'region': 'Kent', 'country': 'GB', 'phone': '07729 444395', 'latitude': 51.4500744, 'longitude': 0.1177376, 'type': 'Outdoors', 'rating': 0, 'reviewCount': 0, 'distance': 18157.158043962947}",https://d31fr2pwly4c4s.cloudfront.net/3/b/7/2194632_8383b626_sundown-country-festival-bexleyheath_th.jpg,https://d31fr2pwly4c4s.cloudfront.net/3/b/7/2194632_8383b626_sundown-country-festival-bexleyheath.jpg,https://d31fr2pwly4c4s.cloudfront.net/3/b/7/2194632_8383b626_sundown-country-festival-bexleyheath_1024.jpg,https://d31fr2pwly4c4s.cloudfront.net/3/b/7/2194632_8383b626_sundown-country-festival-bexleyheath_1024.webp,https://www.skiddle.com/whats-on/Dartford/BEXLEYHEATH----Danson-Park-Lakeside-Close-DA15-9PW/Sundown-Country-Festival---Bexleyheath/41980291/,2026-08-09,2026-08-09T12:00:00+00:00,2026-08-09T20:00:00+00:00,"Nashville is coming to Danson Park on 9th August!
Get ready for Sundown Country Festival, a brand new show from the creators of the Park Rock series!","{'doorsopen': '12:00', 'doorsclose': '20:00', 'lastentry': '18:00'}",,,0,0,True,"{'minPrice': 0, 'maxPrice': 40}",,public,,False,,,{'enabled': False},#f8e8d8,GBP,[],"[{'genreid': '71', 'name': 'Country/Americana'}]",[]
42509659,2286774,False,2286774,False,0,FEST,Summer 90s & 00s R&B Outdoor Festival - London 2026,0,,,,,"{'id': 85934, 'name': 'The Cause London', 'address': 'Silver Building, 60 Dock Road', 'town': 'London', 'postcode_lookup': 'London', 'postcode': 'E16 1YZ', 'region': 'London', 'country': 'GB', 'phone': '', 'latitude': 51.5899546, 'longitude': -0.0621544, 'type': 'Nightclub', 'rating': 4, 'reviewCount': 716, 'distance': 10286.62868922308}",https://d31fr2pwly4c4s.cloudfront.net/9/7/c/2286774_9e2dd3b2_summer-90s-00s-r-b-outdoor-festival-london-2026_th.jpg,https://d31fr2pwly4c4s.cloudfront.net/9/7/c/2286774_9e2dd3b2_summer-90s-00s-r-b-outdoor-festival-london-2026.jpg,https://d31fr2pwly4c4s.cloudfront.net/9/7/c/2286774_9e2dd3b2_summer-90s-00s-r-b-outdoor-festival-london-2026_1024.jpg,https://d31fr2pwly4c4s.cloudfront.net/9/7/c/2286774_9e2dd3b2_summer-90s-00s-r-b-outdoor-festival-london-2026_1024.webp,https://www.skiddle.com/whats-on/London/The-Cause-London/Summer-90s--00s-RB-Outdoor-Festival---London-2026/42509659/,2026-08-09,2026-08-09T13:00:00+00:00,2026-08-09T21:00:00+00:00,"Join us as we host the biggest celebration of old school R&B this Summer at the Cause, a fantastic outdoor courtyard with over 3000 R&B Lovers!","{'doorsopen': '13:00', 'doorsclose': '21:00', 'lastentry': '19:00'}",18,,0,0,True,"{'minPrice': 15, 'maxPrice': 30}",,public,,False,,,{'enabled': False},#080808,GBP,[],"[{'genreid': '4', 'name': 'R&B'}, {'genreid': '39', 'name': 'Hip Hop'}]",[]
42509665,2286780,False,2286780,False,0,FEST,Gin & Juice: Old School Hip-Hop Outdoor Summer Festival,0,,,,,"{'id': 85934, 'name': 'The Cause London', 'address': 'Silver Building, 60 Dock Road', 'town': 'London', 'postcode_lookup': 'London', 'postcode': 'E16 1YZ', 'region': 'London', 'country': 'GB', 'phone': '', 'latitude': 51.5899546, 'longitude': -0.0621544, 'type': 'Nightclub', 'rating': 4, 'reviewCount': 716, 'distance': 10286.62868922308}",https://d31fr2pwly4c4s.cloudfront.net/b/c/c/2286780_27413404_Gin---Juice--Old-School-Hip-Hop-Outdoor-Summer-Festival_th.jpg,https://d31fr2pwly4c4s.cloudfront.net/b/c/c/2286780_27413404_Gin---Juice--Old-School-Hip-Hop-Outdoor-Summer-Festival.jpg,https://d31fr2pwly4c4s.cloudfront.net/b/c/c/2286780_27413404_Gin---Juice--Old-School-Hip-Hop-Outdoor-Summer-Festival_1024.jpg,https://d31fr2pwly4c4s.cloudfront.net/b/c/c/2286780_27413404_Gin---Juice--Old-School-Hip-Hop-Outdoor-Summer-Festival_1024.webp,https://www.skiddle.com/whats-on/London/The-Cause-London/Gin--Juice-Old-School-Hip-Hop-Outdoor-Summer-Festival/42509665/,2026-08-09,2026-08-09T13:00:00+00:00,2026-08-09T21:00:00+00:00,Gin & Juice hosts our biggest ever festival to truly celebrate our 4th birthday! Over 4000 people join us for a legendary day party!,"{'doorsopen': '13:00', 'doorsclose': '21:00', 'lastentry': '19:00'}",18,,0,0,True,"{'minPrice': 15, 'maxPrice': 30}",,public,,False,,,{'enabled': False},#080808,GBP,[],"[{'genreid': '4', 'name': 'R&B'}, {'genreid': '36', 'name': 'Rap'}, {'genreid': '39', 'name': 'Hip Hop'}]",[]
42084732,2205428,False,2205428,False,0,FEST,Anjunadeep Open Air on the Thames,0,,,,,"{'id': 41980, 'name': 'Old Royal Naval College Greenwich', 'address': 'Old Royal Naval College, 2 Cutty Sark Gardens, Greenwich, London ', 'town': 'Greenwich', 'postcode_lookup': 'London', 'postcode': 'SE10 9NN', 'region': 'London', 'country': 'GB', 'phone': ' 020 8269 479', 'latitude': 51.4827098, 'longitude': -0.0085177, 'type': 'Gallery', 'rating': 0, 'reviewCount': 0, 'distance': 8701.369562739064}",https://d1plawd8huk6hh.cloudfront.net/assets/default400.png,https://d1plawd8huk6hh.cloudfront.net/assets/default400.png,https://d1plawd8huk6hh.cloudfront.net/assets/default400.png,False,https://www.skiddle.com/whats-on/London/Old-Royal-Naval-College-Greenwich/Anjunadeep-Open-Air-on-the-Thames/42084732/,2026-08-09,2026-08-09T14:00:00+00:00,2026-08-09T23:00:00+00:00,"Following last summer's momentous sold-out edition, Anjunadeep Open Air returns to the stunning Old Royal Naval College on Sunday, August 9.","{'doorsopen': '14:00', 'doorsclose': '23:00', 'lastentry': '19:00'}",18,,0,0,True,"{'minPrice': 62.5, 'maxPrice': 225.32}",,public,,False,,,{'enabled': False},#e878c8,GBP,"[{'artistid': '123494870', 'name': 'Jody Wisternoff', 'image': 'https://d1mdxzfl9p8pzo.cloudfront.net/0/123494870_267.jpg', 'spotifyartisturl': 'spotify:artist:5gTVJRQmuS88nOhhdHqErL'}, {'artistid': '123544368', 'name': 'Dosem', 'image': 'https://d1mdxzfl9p8pzo.cloudfront.net/8/123544368_1024.jpg', 'spotifyartisturl': 'spotify:artist:0zmnkCTbAxYsZAMIqXEzfS'}, {'artistid': '123612244', 'name': 'Ezequiel Arias', 'image': 'https://d1plawd8huk6hh.cloudfront.net/assets/default400.png', 'spotifyartisturl': 'spotify:artist:6GyqhF3pwKcbo3U3Ncm8TJ'}]","[{'genreid': '10', 'name': 'Deep House'}, {'genreid': '61', 'name': 'Electronic'}]",[]
42458878,2272015,False,2272015,False,0,FEST,Anjunadeep Open Air on the Thames,0,,,,,"{'id': 139642, 'name': 'Anjunadeep Open Air On The Thames', 'address': 'Old Royal Naval College', 'town': 'London', 'postcode_lookup': 'London', 'postcode': 'SE10 9LL', 'region': 'London', 'country': 'GB', 'phone': '', 'latitude': 51.4827142, 'longitude': -0.0066964, 'type': 'Outdoors', 'rating': 0, 'reviewCount': 0, 'distance': 8821.165382562322}",https://d1plawd8huk6hh.cloudfront.net/assets/default400.png,https://d1plawd8huk6hh.cloudfront.net/assets/default400.png,https://d1plawd8huk6hh.cloudfront.net/assets/default400.png,False,https://www.skiddle.com/whats-on/London/Anjunadeep-Open-Air-On-The-Thames/Anjunadeep-Open-Air-on-the-Thames/42458878/,2026-08-09,2026-08-09T14:00:00+00:00,2026-08-09T23:00:00+00:00,Anjunadeep on Thames at Old Naval College in Greenwich in 9 August,"{'doorsopen': '14:00', 'doorsclose': '23:00', 'lastentry': '15:00'}",,,0,0,True,"{'minPrice': 95, 'maxPrice': 95}",,public,,False,,,{'enabled': False},#d81828,GBP,"[{'artistid': '123622251', 'name': 'Anjunadeep', 'image': 'https://d1mdxzfl9p8pzo.cloudfront.net/1/123622251_eb83c41c_1024.jpg', 'spotifyartisturl': 'spotify:artist:1goY4yaRANzadE03kmlUeq'}]","[{'genreid': '10', 'name': 'Deep House'}]",[]
42474949,2276940,False,2276940,False,0,FEST,Garage Nation Generations Festival & Music Nation,0,,,,,"{'id': 66562, 'name': 'Morden Park', 'address': 'London Road', 'town': 'Morden', 'postcode_lookup': 'Sutton', 'postcode': 'SM4 4BU', 'region': 'London', 'country': 'GB', 'phone': '', 'latitude': 51.3951, 'longitude': -0.204588, 'type': 'Outdoors', 'rating': 4, 'reviewCount': 793, 'distance': 13527.285984033015}",https://d31fr2pwly4c4s.cloudfront.net/e/2/4/2276940_28734351_Garage-Nation-Generations-Festival---Music-Nation_th.jpg,https://d31fr2pwly4c4s.cloudfront.net/e/2/4/2276940_28734351_Garage-Nation-Generations-Festival---Music-Nation.jpg,https://d31fr2pwly4c4s.cloudfront.net/e/2/4/2276940_28734351_Garage-Nation-Generations-Festival---Music-Nation_1024.jpg,https://d31fr2pwly4c4s.cloudfront.net/e/2/4/2276940_28734351_Garage-Nation-Generations-Festival---Music-Nation_1024.webp,https://www.skiddle.com/whats-on/Sutton/Morden-Park/Garage-Nation-Generations-Festival--Music-Nation/42474949/,2026-08-09,2026-08-09T14:00:00+00:00,2026-08-09T22:00:00+00:00,Raving for all the family! - Sunday 9th August at Morden Park,"{'doorsopen': '14:00', 'doorsclose': '22:00', 'lastentry': '18:00'}",,,0,0,True,"{'minPrice': 7.91, 'maxPrice': 17.91}",5-40,public,,True,,,{'enabled': False},#f8f8f8,GBP,"[{'artistid': '123488786', 'name': 'Artful Dodger', 'image': 'https://d1mdxzfl9p8pzo.cloudfront.net/6/123488786_2_1024.jpg', 'spotifyartisturl': 'spotify:artist:4L8MIM7AXmq6jb0tRix4JT'}]","[{'genreid': '1', 'name': 'House'}, {'genreid': '3', 'name': 'UK Garage'}, {'genreid': '8', 'name': 'Drum and Bass'}, {'genreid': '19', 'name': 'Old Skool'}, {'genreid': '80', 'name': 'Jungle'}]",[]
42546173,2295139,False,2295139,False,0,FEST,AWOL @ Music Nation Festival 2026,0,,,,,"{'id': 66562, 'name': 'Morden Park', 'address': 'London Road', 'town': 'Morden', 'postcode_lookup': 'Sutton', 'postcode': 'SM4 4BU', 'region': 'London', 'country': 'GB', 'phone': '', 'latitude': 51.3951, 'longitude': -0.204588, 'type': 'Outdoors', 'rating': 4, 'reviewCount': 793, 'distance': 13527.285984033015}",https://d31fr2pwly4c4s.cloudfront.net/f/d/1/2295139_88662509_AWOL---Music-Nation-Festival-2026_th.jpg,https://d31fr2pwly4c4s.cloudfront.net/f/d/1/2295139_88662509_AWOL---Music-Nation-Festival-2026.jpg,https://d31fr2pwly4c4s.cloudfront.net/f/d/1/2295139_88662509_AWOL---Music-Nation-Festival-2026_1024.jpg,https://d31fr2pwly4c4s.cloudfront.net/f/d/1/2295139_88662509_AWOL---Music-Nation-Festival-2026_1024.webp,https://www.skiddle.com/whats-on/Sutton/Morden-Park/AWOL--Music-Nation-Festival-2026/42546173/,2026-08-09,2026-08-09T14:00:00+00:00,2026-08-09T22:00:00+00:00,Music Nation Outdoor Festival 2026 - secure your tickets now!,"{'doorsopen': '14:00', 'doorsclose': '22:00', 'lastentry': '18:00'}",,,0,0,True,"{'minPrice': 7.91, 'maxPrice': 17.91}",25,public,,False,,,{'enabled': False},#f8f8f8,GBP,"[{'artistid': '123488786', 'name': 'Artful Dodger', 'image': 'https://d1mdxzfl9p8pzo.cloudfront.net/6/123488786_2_1024.jpg', 'spotifyartisturl': 'spotify:artist:4L8MIM7AXmq6jb0tRix4JT'}]","[{'genreid': '1', 'name': 'House'}, {'genreid': '3', 'name': 'UK Garage'}, {'genreid': '8', 'name': 'Drum and Bass'}, {'genreid': '19', 'name': 'Old Skool'}, {'genreid': '80', 'name': 'Jungle'}]",[]
42414798,2261775,False,2261775,False,0,FEST,London Reggae & Ska Festival - Morden Park,0,,,,,"{'id': 66562, 'name': 'Morden Park', 'address': 'London Road', 'town': 'Morden', 'postcode_lookup': 'Sutton', 'postcode': 'SM4 4BU', 'region': 'London', 'country': 'GB', 'phone': '', 'latitude': 51.3951, 'longitude': -0.204588, 'type': 'Outdoors', 'rating': 4, 'reviewCount': 793, 'distance': 13527.285984033015}",https://d31fr2pwly4c4s.cloudfront.net/8/3/4/2261775_80ccd537_london-reggae-ska-festival-morden-park_th.jpg,https://d31fr2pwly4c4s.cloudfront.net/8/3/4/2261775_80ccd537_london-reggae-ska-festival-morden-park.jpg,https://d31fr2pwly4c4s.cloudfront.net/8/3/4/2261775_80ccd537_london-reggae-ska-festival-morden-park_1024.jpg,https://d31fr2pwly4c4s.cloudfront.net/8/3/4/2261775_80ccd537_london-reggae-ska-festival-morden-park_1024.webp,https://www.skiddle.com/whats-on/Sutton/Morden-Park/London-Reggae--Ska-Festival---Morden-Park/42414798/,2026-08-09,2026-08-09T14:00:00+00:00,2026-08-09T22:00:00+00:00,The London Ska & Reggae Festival in South London! Celebrating the absolute best Ska and Reggae featuring the scenes biggest artists,"{'doorsopen': '14:00', 'doorsclose': '22:00', 'lastentry': ''}",,,0,0,True,"{'minPrice': 4.95, 'maxPrice': 18.14}",,public,,False,,,{'enabled': False},#f8f8f8,GBP,"[{'artistid': '123517902', 'name': 'Musical Youth', 'image': 'https://d1mdxzfl9p8pzo.cloudfront.net/2/123517902_267.jpg', 'spotifyartisturl': 'spotify:artist:2CuzDPkRD6BJBvdWqCrt2I'}, {'artistid': '950800', 'name': 'The Dualers', 'image': 'https://d1mdxzfl9p8pzo.cloudfront.net/0/950800_4_1024.jpg', 'spotifyartisturl': 'spotify:artist:3mpYrpGfdXHOZTiXB2x6GP'}, {'artistid': '123537044', 'name': 'Special Kinda Madness', 'image': 'https://d1plawd8huk6hh.cloudfront.net/assets/default400.png', 'spotifyartisturl': None}, {'artistid': '123543875', 'name': 'Ska N Mash', 'image': 'https://d1mdxzfl9p8pzo.cloudfront.net/5/123543875_1_1024.jpg', 'spotifyartisturl': None}, {'artistid': '123560938', 'name': 'The Marley Experience', 'image': 'https://d1mdxzfl9p8pzo.cloudfront.net/8/123560938_2_1024.jpg', 'spotifyartisturl': None}]","[{'genreid': '41', 'name': 'Ska'}, {'genreid': '68', 'name': 'Reggae'}]",[]
42405065,2259335,False,2259335,False,0,FEST,Garden Rave,0,,,,,"{'id': 131660, 'name': 'Coach House', 'address': 'St Leonards Road', 'town': 'Nazeing', 'postcode_lookup': 'Enfield', 'postcode': 'EN9 2BE', 'region': 'London', 'country': 'GB', 'phone': '', 'latitude': 51.7198369, 'longitude': 0.0147057, 'type': 'Outdoors', 'rating': 5, 'reviewCount': 6, 'distance': 25635.737535629276}",https://d1plawd8huk6hh.cloudfront.net/assets/default400.png,https://d1plawd8huk6hh.cloudfront.net/assets/default400.png,https://d1plawd8huk6hh.cloudfront.net/assets/default400.png,False,https://www.skiddle.com/whats-on/Enfield/Coach-House/Garden-Rave/42405065/,2026-08-15,2026-08-15T12:00:00+00:00,2026-08-15T23:00:00+00:00,We are a small event for good friends and family,"{'doorsopen': '12:00', 'doorsclose': '23:00', 'lastentry': '20:00'}",18,,0,0,True,"{'minPrice': 25, 'maxPrice': 25}",,public,,False,,,{'enabled': False},,GBP,[],[],[]
42092278,2207756,False,2207756,False,0,FEST,Michael Bibi extended set on the Thames,0,,,,,"{'id': 41980, 'name': 'Old Royal Naval College Greenwich', 'address': 'Old Royal Naval College, 2 Cutty Sark Gardens, Greenwich, London ', 'town': 'Greenwich', 'postcode_lookup': 'London', 'postcode': 'SE10 9NN', 'region': 'London', 'country': 'GB', 'phone': ' 020 8269 479', 'latitude': 51.4827098, 'longitude': -0.0085177, 'type': 'Gallery', 'rating': 0, 'reviewCount': 0, 'distance': 8701.369562739064}",https://d31fr2pwly4c4s.cloudfront.net/9/9/0/2207756_e68bef71_michael-bibi-extended-set-on-the-thames_th.jpg,https://d31fr2pwly4c4s.cloudfront.net/9/9/0/2207756_e68bef71_michael-bibi-extended-set-on-the-thames.jpg,https://d31fr2pwly4c4s.cloudfront.net/9/9/0/2207756_e68bef71_michael-bibi-extended-set-on-the-thames_1024.jpg,https://d31fr2pwly4c4s.cloudfront.net/9/9/0/2207756_e68bef71_michael-bibi-extended-set-on-the-thames_1024.webp,https://www.skiddle.com/whats-on/London/Old-Royal-Naval-College-Greenwich/Michael-Bibi-extended-set-on-the-Thames/42092278/,2026-08-16,2026-08-16T14:00:00+00:00,2026-08-16T23:00:00+00:00,Hot off the press...Michael Bibi lands on the Thames for one day only on August 16th.,"{'doorsopen': '14:00', 'doorsclose': '23:00', 'lastentry': '19:00'}",18,,0,0,True,"{'minPrice': 60.23, 'maxPrice': 200}",,public,,True,,,{'enabled': False},#584858,GBP,"[{'artistid': '123531140', 'name': 'Franky Rizardo', 'image': 'https://d1mdxzfl9p8pzo.cloudfront.net/0/123531140_2_1024.jpg', 'spotifyartisturl': 'spotify:artist:2UgphhGSlC9QWgaZWUOCkl'}, {'artistid': '123540987', 'name': 'Michael Bibi', 'image': 'https://d1mdxzfl9p8pzo.cloudfront.net/7/123540987_1_1024.jpg', 'spotifyartisturl': 'spotify:artist:4cvdQRyHmkSQSakUrW2oxv'}, {'artistid': '123600269', 'name': 'Locky', 'image': 'https://d1mdxzfl9p8pzo.cloudfront.net/9/123600269_be8139be_1024.jpg', 'spotifyartisturl': 'spotify:artist:5ZwpRQ2GBK8tsd6x45Ngwa'}, {'artistid': '123483384', 'name': 'Seth Troxler', 'image': 'https://d1mdxzfl9p8pzo.cloudfront.net/4/123483384_2_267.jpg', 'spotifyartisturl': 'spotify:artist:3JkLFcTej6tdwZoQT6Nx4B'}, {'artistid': '123496528', 'name': 'Delilah', 'image': 'https://d1mdxzfl9p8pzo.cloudfront.net/8/123496528_267.jpg', 'spotifyartisturl': 'spotify:artist:6J1pbNXDK0BTTMCvaO5xPv'}]","[{'genreid': '1', 'name': 'House'}, {'genreid': '14', 'name': 'Tech House'}, {'genreid': '61', 'name': 'Electronic'}]",[]
42459555,2272243,False,2272243,False,0,FEST,U Fest - Boxpark Wembley - Friday 21st August,0,,,,,"{'id': 108047, 'name': 'Boxpark Wembley', 'address': '18 Olympic Way', 'town': 'Wembley', 'postcode_lookup': 'Harrow', 'postcode': 'HA9 0JT', 'region': 'London', 'country': 'GB', 'phone': '', 'latitude': 51.5605176, 'longitude': -0.2803926, 'type': 'live', 'rating': 3, 'reviewCount': 372, 'distance': 12104.686275657701}",https://d31fr2pwly4c4s.cloudfront.net/5/9/6/2272243_da4b9896_u-fest-boxpark-wembley-friday-21st-august_th.jpg,https://d31fr2pwly4c4s.cloudfront.net/5/9/6/2272243_da4b9896_u-fest-boxpark-wembley-friday-21st-august.jpg,https://d31fr2pwly4c4s.cloudfront.net/5/9/6/2272243_da4b9896_u-fest-boxpark-wembley-friday-21st-august_1024.jpg,https://d31fr2pwly4c4s.cloudfront.net/5/9/6/2272243_da4b9896_u-fest-boxpark-wembley-friday-21st-august_1024.webp,https://www.skiddle.com/whats-on/Harrow/Boxpark-Wembley/U-Fest---Boxpark-Wembley---Friday-21st-August/42459555/,2026-08-21,2026-08-21T18:00:00+00:00,2026-08-21T23:00:00+00:00,You asked we Delivered... Step back into the golden era of Channel U as U Fest lands at BOXPARK Wembley on Friday 21st August!,"{'doorsopen': '18:00', 'doorsclose': '23:00', 'lastentry': '21:00'}",25,,0,0,True,"{'minPrice': 12.5, 'maxPrice': 45}",,public,,False,,,{'enabled': False},#080808,GBP,[],"[{'genreid': '3', 'name': 'UK Garage'}, {'genreid': '4', 'name': 'R&B'}, {'genreid': '39', 'name': 'Hip Hop'}, {'genreid': '70', 'name': 'Grime'}, {'genreid': '82', 'name': '1990s'}]",[]
41956407,2189579,False,2189579,False,0,FEST,Ibiza Classics Richmond,0,,,,,"{'id': 49684, 'name': 'Old Deer Park', 'address': 'Old Deer Park, Twickenham Road', 'town': 'Richmond', 'postcode_lookup': 'Twickenham', 'postcode': 'TW9 2SL', 'region': 'Surrey', 'country': 'GB', 'phone': '', 'latitude': 51.464456, 'longitude': -0.309108, 'type': 'Outdoors', 'rating': 4, 'reviewCount': 240, 'distance': 13402.951394922904}",https://d31fr2pwly4c4s.cloudfront.net/4/7/c/2189579_bd336267_symphonic-ibiza-richmond_th.jpg,https://d31fr2pwly4c4s.cloudfront.net/4/7/c/2189579_bd336267_symphonic-ibiza-richmond.jpg,https://d31fr2pwly4c4s.cloudfront.net/4/7/c/2189579_bd336267_symphonic-ibiza-richmond_1024.jpg,https://d31fr2pwly4c4s.cloudfront.net/4/7/c/2189579_bd336267_symphonic-ibiza-richmond_1024.webp,https://www.skiddle.com/whats-on/Twickenham/Old-Deer-Park/Ibiza-Classics-Richmond/41956407/,2026-08-21,2026-08-21T18:00:00+00:00,2026-08-21T22:00:00+00:00,Prepare to dance under the stars as Ibiza Classics comes to Old Deer Park with a huge new playlist for 2026!,"{'doorsopen': '18:00', 'doorsclose': '22:00', 'lastentry': '20:30'}",14,,0,0,True,"{'minPrice': 20, 'maxPrice': 40}",,public,,False,,,{'enabled': False},#c83858,GBP,[],"[{'genreid': '1', 'name': 'House'}, {'genreid': '79', 'name': 'EDM'}, {'genreid': '100', 'name': 'Orchestral'}]",[]
41490996,2140347,False,2140347,False,0,FEST,All Points East,0,,,,,"{'id': 111639, 'name': 'Victoria Park, London', 'address': 'Victoria Park', 'town': 'London', 'postcode_lookup': 'London', 'postcode': 'E9 7DD', 'region': 'London', 'country': 'GB', 'phone': '07527031223', 'latitude': 51.5361215, 'longitude': -0.0390938, 'type': 'Outdoors', 'rating': 0, 'reviewCount': 0, 'distance': 6951.490029377209}",https://d31fr2pwly4c4s.cloudfront.net/d/8/8/2140347_91999596_all-points-east_th.jpg,https://d31fr2pwly4c4s.cloudfront.net/d/8/8/2140347_91999596_all-points-east.jpg,https://d31fr2pwly4c4s.cloudfront.net/d/8/8/2140347_91999596_all-points-east_1024.jpg,https://d31fr2pwly4c4s.cloudfront.net/d/8/8/2140347_91999596_all-points-east_1024.webp,https://www.skiddle.com/festivals/all-points-east/,2026-08-22,2026-08-22T11:00:00+00:00,2026-08-30T23:00:00+00:00,All Points East is a music festival held over two weekends once a year in Victoria Park.,"{'doorsopen': '11:00', 'doorsclose': '23:00', 'lastentry': ''}",16,,0,0,False,"{'minPrice': 20, 'maxPrice': 40}",0,public,,False,1446.0,"{'id': 1446, 'name': 'All Points East ', 'earliestStartDate': None}",{'enabled': False},#f8f8f8,GBP,"[{'artistid': '123553187', 'name': 'Zara Larsson', 'image': 'https://d1mdxzfl9p8pzo.cloudfront.net/7/123553187_1_1024.jpg', 'spotifyartisturl': 'spotify:artist:1Xylc3o4UrD53lo9CvFvVg'}, {'artistid': '123557504', 'name': 'Twenty One Pilots', 'image': 'https://d1mdxzfl9p8pzo.cloudfront.net/4/123557504_1_1024.jpg', 'spotifyartisturl': 'spotify:artist:3YQKmKGau1PzlVlkL1iodx'}, {'artistid': '123544945', 'name': 'Lorde', 'image': 'https://d1mdxzfl9p8pzo.cloudfront.net/5/123544945_1024.jpg', 'spotifyartisturl': 'spotify:artist:163tK9Wjr9P9DmM0AVK7lm'}, {'artistid': '123511660', 'name': 'Tyler, the Creator', 'image': 'https://d1mdxzfl9p8pzo.cloudfront.net/0/123511660_267.jpg', 'spotifyartisturl': 'spotify:artist:4V8LLVI7PbaPR0K2TGSxFF'}, {'artistid': '777416', 'name': 'Deftones', 'image': 'https://d1mdxzfl9p8pzo.cloudfront.net/6/777416_267.jpg', 'spotifyartisturl': 'spotify:artist:6Ghvu1VvMGScGpOUJBAHNH'}, {'artistid': '123612725', 'name': 'Daniel Caesar', 'image': 'https://d1mdxzfl9p8pzo.cloudfront.net/5/123612725_1_1024.jpg', 'spotifyartisturl': 'spotify:artist:20wkVLutqVOYrc0kxFs7rA'}, {'artistid': '123604471', 'name': 'Djo', 'image': 'https://d1mdxzfl9p8pzo.cloudfront.net/1/123604471_1_1024.jpg', 'spotifyartisturl': 'spotify:artist:5p9HO3XC5P3BLxJs5Mtrhm'}, {'artistid': '123581669', 'name': 'PinkPantheress', 'image': 'https://d1mdxzfl9p8pzo.cloudfront.net/9/123581669_1_1024.jpg', 'spotifyartisturl': 'spotify:artist:78rUTD7y6Cy67W1RVzYs7t'}, {'artistid': '123566435', 'name': 'Turnstile', 'image': 'https://d1mdxzfl9p8pzo.cloudfront.net/5/123566435_1_1024.jpg', 'spotifyartisturl': 'spotify:artist:2qnpHrOzdmOo1S4ox3j17x'}, {'artistid': '123553194', 'name': 'Rex Orange County', 'image': 'https://d1mdxzfl9p8pzo.cloudfront.net/4/123553194_1_1024.jpg', 'spotifyartisturl': 'spotify:artist:7pbDxGE6nQSZVfiFdq9lOL'}, {'artistid': '123584255', 'name': 'Ravyn Lenae', 'image': 'https://d1mdxzfl9p8pzo.cloudfront.net/5/123584255_1_1024.jpg', 'spotifyartisturl': 'spotify:artist:5RTLRtXjbXI2lSXc6jxlAz'}, {'artistid': '123584156', 'name': 'Baby Keem', 'image': 'https://d1mdxzfl9p8pzo.cloudfront.net/6/123584156_1_1024.jpg', 'spotifyartisturl': 'spotify:artist:5SXuuuRpukkTvsLuUknva1'}, {'artistid': '123563777', 'name': 'Faye Webster', 'image': 'https://d1plawd8huk6hh.cloudfront.net/assets/default400.png', 'spotifyartisturl': 'spotify:artist:5szilpXHcwOqnyKLqGco5j'}, {'artistid': '123571765', 'name': 'Ren', 'image': 'https://d1plawd8huk6hh.cloudfront.net/assets/default400.png', 'spotifyartisturl': 'spotify:artist:0Repe2EiNjaFAFIukrroUM'}, {'artistid': '123483014', 'name': 'Interpol', 'image': 'https://d1mdxzfl9p8pzo.cloudfront.net/4/123483014_267.jpg', 'spotifyartisturl': 'spotify:artist:3WaJSfKnzc65VDgmj2zU8B'}, {'artistid': '123542421', 'name': 'Vince Staples', 'image': 'https://d1mdxzfl9p8pzo.cloudfront.net/1/123542421_1024.jpg', 'spotifyartisturl': 'spotify:artist:68kEuyFKyqrdQQLLsmiatm'}, {'artistid': '123564524', 'name': 'JPEGmafia', 'image': 'https://d1mdxzfl9p8pzo.cloudfront.net/4/123564524_1_1024.jpg', 'spotifyartisturl': 'spotify:artist:6yJ6QQ3Y5l0s0tn7b0arrO'}, {'artistid': '123511282', 'name': 'AFI', 'image': 'https://d1mdxzfl9p8pzo.cloudfront.net/2/123511282_267.jpg', 'spotifyartisturl': 'spotify:artist:19I4tYiChJoxEO5EuviXpz'}, {'artistid': '123591557', 'name': 'Amyl And The Sniffers', 'image': 'https://d1mdxzfl9p8pzo.cloudfront.net/7/123591557_1_1024.jpg', 'spotifyartisturl': 'spotify:artist:3NqV2DJoAWsjl787bWaHW7'}, {'artistid': '123571414', 'name': 'Wunderhorse', 'image': 'https://d1mdxzfl9p8pzo.cloudfront.net/4/123571414_1_1024.jpg', 'spotifyartisturl': 'spotify:artist:41pd7r1XBRsvdxY3vHEgib'}, {'artistid': '123547424', 'name': 'Idles', 'image': 'https://d1mdxzfl9p8pzo.cloudfront.net/4/123547424_1_1024.jpg', 'spotifyartisturl': 'spotify:artist:75mafsNqNE1WSEVxIKuY5C'}, {'artistid': '123494182', 'name': 'Ghostface Killah', 'image': 'https://d1mdxzfl9p8pzo.cloudfront.net/2/123494182_1_1024.jpg', 'spotifyartisturl': 'spotify:artist:6FD0unjzGQhX3b6eMccMJe'}, {'artistid': '123538641', 'name': 'Danny Brown', 'image': 'https://d1mdxzfl9p8pzo.cloudfront.net/1/123538641_1_267.jpg', 'spotifyartisturl': 'spotify:artist:7aA592KWirLsnfb5ulGWvU'}, {'artistid': '123552362', 'name': 'Basement', 'image': 'https://d1mdxzfl9p8pzo.cloudfront.net/2/123552362_1_1024.jpg', 'spotifyartisturl': 'spotify:artist:4DUQBYAyOTZotSEdKhaf6c'}, {'artistid': '123563522', 'name': 'PVRIS', 'image': 'https://d1mdxzfl9p8pzo.cloudfront.net/2/123563522_1_1024.jpg', 'spotifyartisturl': 'spotify:artist:6oFs3qk4VepIVFdoD4jmsy'}, {'artistid': '123554281', 'name': 'Mannequin Pussy', 'image': 'https://d1mdxzfl9p8pzo.cloudfront.net/1/123554281_1_1024.jpg', 'spotifyartisturl': 'spotify:artist:33yje3hgpNfdXpqdJQcrt9'}, {'artistid': '123560056', 'name': 'Ecca Vandal', 'image': 'https://d1mdxzfl9p8pzo.cloudfront.net/6/123560056_1_1024.jpg', 'spotifyartisturl': 'spotify:artist:0NhKCHTPG7Sz62S3zxV1Cf'}, {'artistid': '123545017', 'name': 'NOVA TWINS', 'image': 'https://d1mdxzfl9p8pzo.cloudfront.net/7/123545017_1_1024.jpg', 'spotifyartisturl': 'spotify:artist:7I95CM75shzCjHuTzrepjM'}, {'artistid': '123568736', 'name': 'Hot Milk', 'image': 'https://d1mdxzfl9p8pzo.cloudfront.net/6/123568736_1_1024.jpg', 'spotifyartisturl': 'spotify:artist:1koutXdSFq2PHqtxSWj9tK'}, {'artistid': '123583671', 'name': 'Show Me The Body', 'image': 'https://d1mdxzfl9p8pzo.cloudfront.net/1/123583671_1_1024.jpg', 'spotifyartisturl': 'spotify:artist:5jh7sgXW2njALiIh0aPXjB'}, {'artistid': '123570801', 'name': 'Erika de Casier', 'image': 'https://d1mdxzfl9p8pzo.cloudfront.net/1/123570801_1_1024.jpg', 'spotifyartisturl': 'spotify:artist:1nIJEqPyIj5qutlgWNmQB0'}, {'artistid': '123470296', 'name': 'salem', 'image': 'https://d1mdxzfl9p8pzo.cloudfront.net/6/123470296_267.jpg', 'spotifyartisturl': 'spotify:artist:09CJcG6ndtL82D8x9VxaeT'}, {'artistid': '123569393', 'name': 'Kid Kapichi', 'image': 'https://d1mdxzfl9p8pzo.cloudfront.net/3/123569393_1_1024.jpg', 'spotifyartisturl': 'spotify:artist:2iwVdN0Geaw5Sn2Abeh9fB'}, {'artistid': '123579433', 'name': 'Dead Pony', 'image': 'https://d1mdxzfl9p8pzo.cloudfront.net/3/123579433_1_1024.jpg', 'spotifyartisturl': 'spotify:artist:3lGO6uBIzoFyU6OoGMER1B'}, {'artistid': '123479716', 'name': 'Blawan', 'image': 'https://d1mdxzfl9p8pzo.cloudfront.net/6/123479716_1_1024.jpg', 'spotifyartisturl': 'spotify:artist:64kN9EkSTHYhda2FupL0KI'}, {'artistid': '123572916', 'name': 'The Meffs', 'image': 'https://d1mdxzfl9p8pzo.cloudfront.net/6/123572916_1_1024.jpg', 'spotifyartisturl': 'spotify:artist:0PY1X64i2EWLucPpunaJRy'}, {'artistid': '123503832', 'name': 'Wisp', 'image': 'https://d1mdxzfl9p8pzo.cloudfront.net/2/123503832_267.jpg', 'spotifyartisturl': 'spotify:artist:7CNHvKYhPh69iIKxWkxs5S'}]","[{'genreid': '26', 'name': 'Indie'}, {'genreid': '36', 'name': 'Rap'}, {'genreid': '39', 'name': 'Hip Hop'}, {'genreid': '46', 'name': 'Alternative'}]",[]
42254185,2226131,False,2226131,False,0,FEST,Signal Festival 2026,0,,,,,"{'id': 85934, 'name': 'The Cause London', 'address': 'Silver Building, 60 Dock Road', 'town': 'London', 'postcode_lookup': 'London', 'postcode': 'E16 1YZ', 'region': 'London', 'country': 'GB', 'phone': '', 'latitude': 51.5899546, 'longitude': -0.0621544, 'type': 'Nightclub', 'rating': 4, 'reviewCount': 716, 'distance': 10286.62868922308}",https://d31fr2pwly4c4s.cloudfront.net/c/7/f/2226131_e826885c_signal-festival-2026_th.jpg,https://d31fr2pwly4c4s.cloudfront.net/c/7/f/2226131_e826885c_signal-festival-2026.jpg,https://d31fr2pwly4c4s.cloudfront.net/c/7/f/2226131_e826885c_signal-festival-2026_1024.jpg,https://d31fr2pwly4c4s.cloudfront.net/c/7/f/2226131_e826885c_signal-festival-2026_1024.webp,https://www.skiddle.com/whats-on/London/The-Cause-London/Signal-Festival-2026/42254185/,2026-08-22,2026-08-22T12:00:00+00:00,2026-08-23T05:00:00+00:00,"The REAL DnB All-Stars are back.
100% serious DnB, jungle, liquid, dubstep and everything in-between","{'doorsopen': '12:00', 'doorsclose': '05:00', 'lastentry': ''}",18,,0,0,True,"{'minPrice': 36, 'maxPrice': 41.5}",,public,,False,,,{'enabled': False},#080808,GBP,"[{'artistid': '123459377', 'name': 'Goldie', 'image': 'https://d1mdxzfl9p8pzo.cloudfront.net/7/123459377_1_1024.jpg', 'spotifyartisturl': 'spotify:artist:2SYqJ3uDLLXZNyZdLKBy4M'}, {'artistid': '123485620', 'name': 'Dillinja', 'image': 'https://d1mdxzfl9p8pzo.cloudfront.net/0/123485620_267.jpg', 'spotifyartisturl': 'spotify:artist:5CDTMeaU6dnv24n6e4uAtk'}, {'artistid': '123557218', 'name': 'Benny L', 'image': 'https://d1mdxzfl9p8pzo.cloudfront.net/8/123557218_1_1024.jpg', 'spotifyartisturl': 'spotify:artist:5l4uVbRaFx2kxzudLXO2H0'}, {'artistid': '123527360', 'name': 'MC GQ', 'image': 'https://d1mdxzfl9p8pzo.cloudfront.net/0/123527360_1_1024.jpg', 'spotifyartisturl': 'spotify:artist:5TPHXAqLtiWJi5EkTtLxoi'}, {'artistid': '123505616', 'name': 'LSB', 'image': 'https://d1mdxzfl9p8pzo.cloudfront.net/6/123505616_267.jpg', 'spotifyartisturl': 'spotify:artist:7M5ogsZnEm96Va8wLKvftN'}, {'artistid': '123481986', 'name': 'Break', 'image': 'https://d1mdxzfl9p8pzo.cloudfront.net/6/123481986_267.jpg', 'spotifyartisturl': 'spotify:artist:7FtCGMC0pcHPlrZWmYe9XM'}, {'artistid': '123469949', 'name': 'Doc Scott', 'image': 'https://d1mdxzfl9p8pzo.cloudfront.net/9/123469949_267.jpg', 'spotifyartisturl': 'spotify:artist:1cuov4jcw3lXOvCANG7Kg4'}, {'artistid': '123605300', 'name': 'Takuya Nakamura', 'image': 'https://d1plawd8huk6hh.cloudfront.net/assets/default400.png', 'spotifyartisturl': 'spotify:artist:2dsG3u5vUZSGpQGEsq1unH'}, {'artistid': '123457810', 'name': 'Joker', 'image': 'https://d1mdxzfl9p8pzo.cloudfront.net/0/123457810_267.jpg', 'spotifyartisturl': 'spotify:artist:6S5jf5noKu0JJjLLVUCZqP'}, {'artistid': '123521642', 'name': 'Photek', 'image': 'https://d1mdxzfl9p8pzo.cloudfront.net/2/123521642_267.jpg', 'spotifyartisturl': 'spotify:artist:3hXDMlrPegHRO0zUvBsRSI'}, {'artistid': '123522274', 'name': 'Halogenix', 'image': 'https://d1mdxzfl9p8pzo.cloudfront.net/4/123522274_267.jpg', 'spotifyartisturl': 'spotify:artist:24eQxPRLv3UMwEIo6mawVW'}, {'artistid': '123465530', 'name': 'Lenzman', 'image': 'https://d1mdxzfl9p8pzo.cloudfront.net/0/123465530_1_1024.jpg', 'spotifyartisturl': 'spotify:artist:4IKdJSimREJMIKDfvYvJHF'}, {'artistid': '123537855', 'name': 'Skeptical', 'image': 'https://d1mdxzfl9p8pzo.cloudfront.net/5/123537855_1_267.jpg', 'spotifyartisturl': 'spotify:artist:28ee6rnxMl8AqwcroPfivP'}, {'artistid': '123552435', 'name': 'GLXY', 'image': 'https://d1mdxzfl9p8pzo.cloudfront.net/5/123552435_1_1024.jpg', 'spotifyartisturl': 'spotify:artist:1U8nnmbuPk1EpoO7MVgIeT'}, {'artistid': '123549275', 'name': 'Deep Medi', 'image': 'https://d1plawd8huk6hh.cloudfront.net/assets/default400.png', 'spotifyartisturl': None}, {'artistid': '123611327', 'name': 'JAZ IMSKY', 'image': 'https://d1mdxzfl9p8pzo.cloudfront.net/7/123611327_4ba439f4_1024.jpg', 'spotifyartisturl': 'spotify:artist:5hlBsobnEA8nf6TLKguZPp'}, {'artistid': '123457473', 'name': 'Loefah', 'image': 'https://d1mdxzfl9p8pzo.cloudfront.net/3/123457473_267.jpg', 'spotifyartisturl': 'spotify:artist:1ICQEDALtLouPV8yEaJXVb'}, {'artistid': '123602581', 'name': 'SGT Pokes', 'image': 'https://d1mdxzfl9p8pzo.cloudfront.net/1/123602581_182429e3_1024.jpg', 'spotifyartisturl': 'spotify:artist:2mdpTpHF9cGaSSrtoLwIZr'}, {'artistid': '123581406', 'name': 'Chinese Daughter', 'image': 'https://d1mdxzfl9p8pzo.cloudfront.net/6/123581406_1_1024.jpg', 'spotifyartisturl': None}, {'artistid': '123574363', 'name': 'Exit Records', 'image': 'https://d1mdxzfl9p8pzo.cloudfront.net/3/123574363_1_1024.jpg', 'spotifyartisturl': 'spotify:artist:77bDysKpzVTwGoecRYYO0P'}, {'artistid': '123573710', 'name': 'T-Man', 'image': 'https://d1plawd8huk6hh.cloudfront.net/assets/default400.png', 'spotifyartisturl': 'spotify:artist:5p0SkCjy1OmhoXPSM5dvW2'}, {'artistid': '123569616', 'name': 'Workforce', 'image': 'https://d1plawd8huk6hh.cloudfront.net/assets/default400.png', 'spotifyartisturl': 'spotify:artist:2im0IjdcMRFwGxc5R4Jj82'}, {'artistid': '123559339', 'name': 'DJ Flight', 'image': 'https://d1plawd8huk6hh.cloudfront.net/assets/default400.png', 'spotifyartisturl': 'spotify:artist:00qyk69Hanrbmj8VNgjVsk'}, {'artistid': '123459614', 'name': 'Zed Bias', 'image': 'https://d1mdxzfl9p8pzo.cloudfront.net/4/123459614_2_1024.jpg', 'spotifyartisturl': 'spotify:artist:1XZzbCZRuj6eOdRxQcmiD7'}, {'artistid': '123555355', 'name': 'Forest Drive West', 'image': 'https://d1plawd8huk6hh.cloudfront.net/assets/default400.png', 'spotifyartisturl': 'spotify:artist:0K1lHu1BP65Z1DErnljxUw'}, {'artistid': '123552436', 'name': 'SATL', 'image': 'https://d1mdxzfl9p8pzo.cloudfront.net/6/123552436_1_1024.jpg', 'spotifyartisturl': 'spotify:artist:6OwnHoDYszPivlUgbApZbR'}, {'artistid': '123483138', 'name': 'dBridge', 'image': 'https://d1mdxzfl9p8pzo.cloudfront.net/8/123483138_1_267.jpg', 'spotifyartisturl': 'spotify:artist:4G1BTcGLvvsItegHSvBH0y'}, {'artistid': '123549127', 'name': 'Blackeye MC', 'image': 'https://d1mdxzfl9p8pzo.cloudfront.net/7/123549127_2_1024.jpg', 'spotifyartisturl': None}, {'artistid': '123542718', 'name': 'Mantra (Rupture)', 'image': 'https://d1mdxzfl9p8pzo.cloudfront.net/8/123542718_1_1024.jpg', 'spotifyartisturl': None}, {'artistid': '123508380', 'name': 'Coki', 'image': 'https://d1mdxzfl9p8pzo.cloudfront.net/0/123508380_267.jpg', 'spotifyartisturl': 'spotify:artist:4WvwRJA3YhUn5J2caHXoAG'}, {'artistid': '123470235', 'name': 'DJ Storm', 'image': 'https://d1mdxzfl9p8pzo.cloudfront.net/5/123470235_3_1024.jpg', 'spotifyartisturl': 'spotify:artist:3mzXGakYVstSUthIFFBzRu'}, {'artistid': '123498156', 'name': 'Ant TC1', 'image': 'https://d1mdxzfl9p8pzo.cloudfront.net/6/123498156_267.jpg', 'spotifyartisturl': 'spotify:artist:3N5C3PzwsIt54G47AD176A'}, {'artistid': '123496902', 'name': 'Fabio & Grooverider', 'image': 'https://d1mdxzfl9p8pzo.cloudfront.net/2/123496902_2_1024.jpg', 'spotifyartisturl': 'spotify:artist:6HVahqpzJy8qbw3AYcSenJ'}, {'artistid': '123496650', 'name': 'Zero T', 'image': 'https://d1mdxzfl9p8pzo.cloudfront.net/0/123496650_267.jpg', 'spotifyartisturl': 'spotify:artist:5PKeA9LeUfSjUhy1ja1lsg'}]","[{'genreid': '8', 'name': 'Drum and Bass'}, {'genreid': '65', 'name': 'Dubstep'}, {'genreid': '80', 'name': 'Jungle'}]",[]
41498381,2141959,False,2141959,False,0,FEST,Park Rock Richmond 2026,0,,,,,"{'id': 132750, 'name': 'Old Deer Park, Richmond', 'address': 'Old Deer Park', 'town': 'Richmond', 'postcode_lookup': 'Twickenham', 'postcode': 'TW9 2SL', 'region': 'Surrey', 'country': 'GB', 'phone': '', 'latitude': 51.46540039, 'longitude': -0.30953698, 'type': 'Outdoors', 'rating': 0, 'reviewCount': 0, 'distance': 13393.998157619813}",https://d31fr2pwly4c4s.cloudfront.net/0/7/b/2141959_c227421b_park-rock-richmond-2026_th.jpg,https://d31fr2pwly4c4s.cloudfront.net/0/7/b/2141959_c227421b_park-rock-richmond-2026.jpg,https://d31fr2pwly4c4s.cloudfront.net/0/7/b/2141959_c227421b_park-rock-richmond-2026_1024.jpg,https://d31fr2pwly4c4s.cloudfront.net/0/7/b/2141959_c227421b_park-rock-richmond-2026_1024.webp,https://www.skiddle.com/whats-on/Twickenham/Old-Deer-Park%2C-Richmond/Park-Rock-Richmond-2026/41498381/,2026-08-22,2026-08-22T12:00:00+00:00,2026-08-22T22:00:00+00:00,Returning to Old Deer Park; Park Rock 2026 brings two stages packed with the UK's top tributes to Richmond.,"{'doorsopen': '12:00', 'doorsclose': '22:00', 'lastentry': '20:00'}",,,0,0,True,"{'minPrice': 0, 'maxPrice': 40}",,public,,True,,,{'enabled': False},#f8d808,GBP,[],"[{'genreid': '5', 'name': 'Rock'}, {'genreid': '20', 'name': 'Pop'}, {'genreid': '48', 'name': 'Covers Band/Tribute Act'}]",[]
42475431,2277204,False,2277204,False,0,FEST,Dubtendo Day Party - London,0,,,,,"{'id': 130545, 'name': 'The Fox And Firkin', 'address': '316 Lewisham High St, Lewisham, London SE13 6JZ', 'town': 'Lewisham', 'postcode_lookup': 'London', 'postcode': 'SE13 6JZ', 'region': 'London', 'country': 'GB', 'phone': '07734805817', 'latitude': 51.4568908, 'longitude': -0.0142768, 'type': 'Nightclub', 'rating': 4, 'reviewCount': 8, 'distance': 9646.92966504775}",https://d31fr2pwly4c4s.cloudfront.net/4/7/f/2277204_8cab6386_dubtendo-day-party-london_th.jpg,https://d31fr2pwly4c4s.cloudfront.net/4/7/f/2277204_8cab6386_dubtendo-day-party-london.jpg,https://d31fr2pwly4c4s.cloudfront.net/4/7/f/2277204_8cab6386_dubtendo-day-party-london_1024.jpg,https://d31fr2pwly4c4s.cloudfront.net/4/7/f/2277204_8cab6386_dubtendo-day-party-london_1024.webp,https://www.skiddle.com/whats-on/London/The-Fox-And-Firkin/Dubtendo-Day-Party---London/42475431/,2026-08-22,2026-08-22T13:00:00+00:00,2026-08-22T21:00:00+00:00,The ultimate raving & gaming experience returns to London's Fox & Firkin on Saturday the 22nd of August for a day & night event.,"{'doorsopen': '13:00', 'doorsclose': '21:00', 'lastentry': '17:00'}",18,,0,0,True,"{'minPrice': 10, 'maxPrice': 20}",,public,,False,,,{'enabled': False},#f8f8f8,GBP,"[{'artistid': '123508702', 'name': 'General Levy', 'image': 'https://d1mdxzfl9p8pzo.cloudfront.net/2/123508702_1_1024.jpg', 'spotifyartisturl': 'spotify:artist:2bHgAaZ7qbGbMMXwAQm48I'}, {'artistid': '123520728', 'name': 'Mandidextrous', 'image': 'https://d1plawd8huk6hh.cloudfront.net/assets/default400.png', 'spotifyartisturl': 'spotify:artist:0oVDzp5DK2caqb6FuL2mhp'}, {'artistid': '123502606', 'name': 'Aries', 'image': 'https://d1mdxzfl9p8pzo.cloudfront.net/6/123502606_1_1024.jpg', 'spotifyartisturl': 'spotify:artist:2DhDWuXRLdMpGJKZzTuxPo'}, {'artistid': '123585450', 'name': 'Selecta J-Man', 'image': 'https://d1mdxzfl9p8pzo.cloudfront.net/0/123585450_1_1024.jpg', 'spotifyartisturl': 'spotify:artist:25UCJWhCAOcXmm7i4hLyNP'}, {'artistid': '123579275', 'name': 'Maddy V', 'image': 'https://d1mdxzfl9p8pzo.cloudfront.net/5/123579275_1_1024.jpg', 'spotifyartisturl': 'spotify:artist:1tAWq58cdlu0aaOjTV3wul'}, {'artistid': '123573246', 'name': 'Selecta J Man', 'image': 'https://d1plawd8huk6hh.cloudfront.net/assets/default400.png', 'spotifyartisturl': None}, {'artistid': '123592807', 'name': 'Lobsta B', 'image': 'https://d1mdxzfl9p8pzo.cloudfront.net/7/123592807_37fc6f15_1024.jpg', 'spotifyartisturl': 'spotify:artist:6gAvRc5sWUauSE9aHb2msB'}, {'artistid': '123592808', 'name': ""DJ Can't Say No"", 'image': 'https://d1mdxzfl9p8pzo.cloudfront.net/8/123592808_2cf80ac2_1024.jpg', 'spotifyartisturl': 'spotify:artist:1oUruncVZhS46kARKDoqWl'}]","[{'genreid': '3', 'name': 'UK Garage'}, {'genreid': '8', 'name': 'Drum and Bass'}, {'genreid': '69', 'name': 'Bassline'}, {'genreid': '78', 'name': 'Bass Music'}, {'genreid': '80', 'name': 'Jungle'}]",[]
42508175,2286378,False,2286378,False,0,FEST,4 Corners Day Party,0,,,,,"{'id': 133360, 'name': 'Eutopia Warehouse', 'address': '42A River Road', 'town': 'Barking', 'postcode_lookup': 'Ilford', 'postcode': 'IG11 0DW', 'region': 'London', 'country': 'GB', 'phone': '', 'latitude': 51.5204, 'longitude': 0.0964, 'type': 'Nightclub', 'rating': 3, 'reviewCount': 218, 'distance': 15599.736613846364}",https://d31fr2pwly4c4s.cloudfront.net/5/a/a/2286378_0355ba57_4-corners-day-party_th.jpg,https://d31fr2pwly4c4s.cloudfront.net/5/a/a/2286378_0355ba57_4-corners-day-party.jpg,https://d31fr2pwly4c4s.cloudfront.net/5/a/a/2286378_0355ba57_4-corners-day-party_1024.jpg,https://d31fr2pwly4c4s.cloudfront.net/5/a/a/2286378_0355ba57_4-corners-day-party_1024.webp,https://www.skiddle.com/whats-on/Ilford/Eutopia-Warehouse/4-Corners-Day-Party/42508175/,2026-08-22,2026-08-22T14:00:00+00:00,2026-08-22T22:00:00+00:00,THE MIGHTY 4 CORNERS TAKE OVER THE EUTOPIA WEAR HOUSE  IN EAST LONDON FOR A DAY PARTY FOR 2000+,"{'doorsopen': '14:00', 'doorsclose': '22:00', 'lastentry': '18:00'}",18,,0,0,True,"{'minPrice': 10, 'maxPrice': 120}",,public,,False,,,{'enabled': False},#083848,GBP,"[{'artistid': '123486130', 'name': 'Jumping Jack Frost', 'image': 'https://d1mdxzfl9p8pzo.cloudfront.net/0/123486130_1_1024.jpg', 'spotifyartisturl': 'spotify:artist:3kqd6xEHvPGeKjn3Rhgzzr'}, {'artistid': '123495282', 'name': 'Marcus Nasty', 'image': 'https://d1mdxzfl9p8pzo.cloudfront.net/2/123495282_1_1024.jpg', 'spotifyartisturl': 'spotify:artist:0Dv9OdDT8JdHwC3mYr5TYq'}, {'artistid': '123574305', 'name': 'MC Spidey G', 'image': 'https://d1mdxzfl9p8pzo.cloudfront.net/5/123574305_1_1024.jpg', 'spotifyartisturl': None}, {'artistid': '123598171', 'name': 'FRISKY DJ', 'image': 'https://d1mdxzfl9p8pzo.cloudfront.net/1/123598171_c0811022_1024.jpg', 'spotifyartisturl': None}, {'artistid': '123598172', 'name': 'DJ WIGMAN', 'image': 'https://d1mdxzfl9p8pzo.cloudfront.net/2/123598172_93e976be_1024.jpg', 'spotifyartisturl': None}]","[{'genreid': '3', 'name': 'UK Garage'}, {'genreid': '4', 'name': 'R&B'}, {'genreid': '10', 'name': 'Deep House'}, {'genreid': '13', 'name': 'Tribal House'}, {'genreid': '95', 'name': 'Afrobeat'}]",[]
42145793,2215287,False,2215287,False,0,FEST,Purple Disco Machine,0,,,,,"{'id': 137504, 'name': 'Magazine Open Air', 'address': '11 Ordnance Crescent', 'town': 'London', 'postcode_lookup': 'London', 'postcode': 'SE10 0JH', 'region': 'London', 'country': 'GB', 'phone': '', 'latitude': 51.501112, 'longitude': -0.0013038, 'type': 'Outdoors', 'rating': 0, 'reviewCount': 0, 'distance': 8793.607643339865}",https://d31fr2pwly4c4s.cloudfront.net/a/4/c/2215287_14efcedd_purple-disco-machine_th.jpg,https://d31fr2pwly4c4s.cloudfront.net/a/4/c/2215287_14efcedd_purple-disco-machine.jpg,https://d31fr2pwly4c4s.cloudfront.net/a/4/c/2215287_14efcedd_purple-disco-machine_1024.jpg,https://d31fr2pwly4c4s.cloudfront.net/a/4/c/2215287_14efcedd_purple-disco-machine_1024.webp,https://www.skiddle.com/whats-on/London/Magazine-Open-Air/Purple-Disco-Machine/42145793/,2026-08-22,2026-08-22T14:30:00+00:00,2026-08-22T22:00:00+00:00,Purple Disco Machine returns to London for all-day outdoor showcase.,"{'doorsopen': '14:30', 'doorsclose': '22:00', 'lastentry': '18:30'}",18,,0,0,True,"{'minPrice': 51.95, 'maxPrice': 126.95}",,public,,False,,,{'enabled': False},#e8e8e8,GBP,"[{'artistid': '123539933', 'name': 'Purple Disco Machine', 'image': 'https://d1mdxzfl9p8pzo.cloudfront.net/3/123539933_1_267.jpg', 'spotifyartisturl': 'spotify:artist:2WBJQGf1bT1kxuoqziH5g4'}, {'artistid': '123511904', 'name': 'Flight Facilities', 'image': 'https://d1mdxzfl9p8pzo.cloudfront.net/4/123511904_267.jpg', 'spotifyartisturl': 'spotify:artist:1lc8mnyGrCLtPhCoWjRxjM'}, {'artistid': '123551485', 'name': 'Jayda G', 'image': 'https://d1mdxzfl9p8pzo.cloudfront.net/5/123551485_1_1024.jpg', 'spotifyartisturl': 'spotify:artist:3NKVm2Jedcf6ibJr6pMUVx'}, {'artistid': '123586469', 'name': 'Kirollus', 'image': 'https://d1plawd8huk6hh.cloudfront.net/assets/default400.png', 'spotifyartisturl': None}]","[{'genreid': '57', 'name': 'Disco'}, {'genreid': '102', 'name': 'Disco House'}]",[]
42258141,2227720,False,2227720,False,0,FEST,Remember Them Dayz Fest - London - Boxpark Wembley,0,,,,,"{'id': 108047, 'name': 'Boxpark Wembley', 'address': '18 Olympic Way', 'town': 'Wembley', 'postcode_lookup': 'Harrow', 'postcode': 'HA9 0JT', 'region': 'London', 'country': 'GB', 'phone': '', 'latitude': 51.5605176, 'longitude': -0.2803926, 'type': 'live', 'rating': 3, 'reviewCount': 372, 'distance': 12104.686275657701}",https://d31fr2pwly4c4s.cloudfront.net/f/b/c/2227720_2f8ac849_remember-them-dayz-fest-boxpark-wembley_th.jpg,https://d31fr2pwly4c4s.cloudfront.net/f/b/c/2227720_2f8ac849_remember-them-dayz-fest-boxpark-wembley.jpg,https://d31fr2pwly4c4s.cloudfront.net/f/b/c/2227720_2f8ac849_remember-them-dayz-fest-boxpark-wembley_1024.jpg,https://d31fr2pwly4c4s.cloudfront.net/f/b/c/2227720_2f8ac849_remember-them-dayz-fest-boxpark-wembley_1024.webp,https://www.skiddle.com/whats-on/Harrow/Boxpark-Wembley/Remember-Them-Dayz-Fest---London---Boxpark-Wembley/42258141/,2026-08-22,2026-08-22T18:00:00+00:00,2026-08-22T23:00:00+00:00,"REMEMBER THEM DAYZ - A Celebration of UK 2015 - 2019 Music, Headline artist TBA","{'doorsopen': '18:00', 'doorsclose': '23:00', 'lastentry': '20:30'}",18,,0,0,True,"{'minPrice': 17.5, 'maxPrice': 60}",,public,,False,,,{'enabled': False},#080808,GBP,[],"[{'genreid': '36', 'name': 'Rap'}, {'genreid': '39', 'name': 'Hip Hop'}, {'genreid': '70', 'name': 'Grime'}, {'genreid': '95', 'name': 'Afrobeat'}, {'genreid': '101', 'name': 'Trap'}]",[]
42003445,2200382,False,2200382,False,0,FEST,Sundown Country Festival - Richmond,0,,,,,"{'id': 49684, 'name': 'Old Deer Park', 'address': 'Old Deer Park, Twickenham Road', 'town': 'Richmond', 'postcode_lookup': 'Twickenham', 'postcode': 'TW9 2SL', 'region': 'Surrey', 'country': 'GB', 'phone': '', 'latitude': 51.464456, 'longitude': -0.309108, 'type': 'Outdoors', 'rating': 4, 'reviewCount': 240, 'distance': 13402.951394922904}",https://d31fr2pwly4c4s.cloudfront.net/f/d/5/2200382_86b3215f_sundown-country-festival-richmond_th.jpg,https://d31fr2pwly4c4s.cloudfront.net/f/d/5/2200382_86b3215f_sundown-country-festival-richmond.jpg,https://d31fr2pwly4c4s.cloudfront.net/f/d/5/2200382_86b3215f_sundown-country-festival-richmond_1024.jpg,https://d31fr2pwly4c4s.cloudfront.net/f/d/5/2200382_86b3215f_sundown-country-festival-richmond_1024.webp,https://www.skiddle.com/whats-on/Twickenham/Old-Deer-Park/Sundown-Country-Festival---Richmond/42003445/,2026-08-23,2026-08-23T12:00:00+00:00,2026-08-23T20:00:00+00:00,"Nashville is coming to Old Deer Park on 23rd August!

Get ready for Sundown Country Festival, a brand new show from the creators of Park Rock series!","{'doorsopen': '12:00', 'doorsclose': '20:00', 'lastentry': '18:00'}",,,0,0,True,"{'minPrice': 10, 'maxPrice': 40}",,public,,False,,,{'enabled': False},#382818,GBP,[],"[{'genreid': '71', 'name': 'Country/Americana'}]",[]
42077234,2202462,False,2202462,False,0,FEST,FarmFest 2026,0,,,,,"{'id': 132013, 'name': 'WD39XJ', 'address': 'Lynsters Farm', 'town': 'Rickmansworth', 'postcode_lookup': 'Watford', 'postcode': 'WD3 9XJ', 'region': 'Hertfordshire', 'country': 'GB', 'phone': '07983477819', 'latitude': 51.6171363, 'longitude': -0.5063266, 'type': 'live', 'rating': 4, 'reviewCount': 4, 'distance': 28877.66847020369}",https://d31fr2pwly4c4s.cloudfront.net/4/8/f/2202462_86c90db7_farmfest-2026_th.jpg,https://d31fr2pwly4c4s.cloudfront.net/4/8/f/2202462_86c90db7_farmfest-2026.jpg,https://d31fr2pwly4c4s.cloudfront.net/4/8/f/2202462_86c90db7_farmfest-2026_1024.jpg,https://d31fr2pwly4c4s.cloudfront.net/4/8/f/2202462_86c90db7_farmfest-2026_1024.webp,https://www.skiddle.com/whats-on/Watford/WD39XJ/FarmFest-2026/42077234/,2026-08-28,2026-08-28T17:00:00+00:00,2026-08-31T23:00:00+00:00,"FarmFest is 4 day Indie, Alt, Post-Punk Music Festival, supporting Asylum Seeking women and children. with London based very talented un-signed bands.","{'doorsopen': '17:00', 'doorsclose': '23:00', 'lastentry': ''}",,,0,0,True,"{'minPrice': 0, 'maxPrice': 70}",,public,,False,,,{'enabled': False},#f8f8e8,GBP,"[{'artistid': '123518480', 'name': 'Misty Miller', 'image': 'https://d1mdxzfl9p8pzo.cloudfront.net/0/123518480_267.jpg', 'spotifyartisturl': 'spotify:artist:2O4XS2arv9HMIKQUfl8LKU'}, {'artistid': '123573603', 'name': 'Tummyache', 'image': 'https://d1mdxzfl9p8pzo.cloudfront.net/3/123573603_1_1024.jpg', 'spotifyartisturl': 'spotify:artist:2iGQR8gH9aKFtCxOsPGFYx'}, {'artistid': '123576820', 'name': 'Pynch', 'image': 'https://d1mdxzfl9p8pzo.cloudfront.net/0/123576820_b16d3826_1024.jpg', 'spotifyartisturl': 'spotify:artist:6R1b13BgmP15f21dQZpFz9'}, {'artistid': '123577306', 'name': 'AQUALINE', 'image': 'https://d1mdxzfl9p8pzo.cloudfront.net/6/123577306_1_1024.jpg', 'spotifyartisturl': 'spotify:artist:4Iqegr9oOQYejGiVFPldFZ'}, {'artistid': '123597325', 'name': 'Explode The TV', 'image': 'https://d1mdxzfl9p8pzo.cloudfront.net/5/123597325_8bf0ad34_1024.jpg', 'spotifyartisturl': 'spotify:artist:7yHF38ncchYbblKaFaOFKr'}]","[{'genreid': '5', 'name': 'Rock'}, {'genreid': '26', 'name': 'Indie'}, {'genreid': '46', 'name': 'Alternative'}, {'genreid': '53', 'name': 'Punk'}, {'genreid': '89', 'name': 'Post Rock'}]",[]
42155992,2217684,False,2217684,False,0,FEST,Dreamland Jouvert X,0,,,,,"{'id': 137916, 'name': 'Court Farm, Oxted Road, Godstone, Surrey, RH9 8DB', 'address': 'Nagshall Farm', 'town': 'Godstone', 'postcode_lookup': 'RedHill', 'postcode': 'RH9 8DB', 'region': 'Sussex', 'country': 'GB', 'phone': '', 'latitude': 51.2487692, 'longitude': -0.0478044, 'type': 'Outdoors', 'rating': 0, 'reviewCount': 0, 'distance': 29248.491446256812}",https://d31fr2pwly4c4s.cloudfront.net/6/e/8/2217684_e6d56d8d_dreamland-jouvert-x_th.jpg,https://d31fr2pwly4c4s.cloudfront.net/6/e/8/2217684_e6d56d8d_dreamland-jouvert-x.jpg,https://d31fr2pwly4c4s.cloudfront.net/6/e/8/2217684_e6d56d8d_dreamland-jouvert-x_1024.jpg,https://d31fr2pwly4c4s.cloudfront.net/6/e/8/2217684_e6d56d8d_dreamland-jouvert-x_1024.webp,https://www.skiddle.com/festivals/dreamland-jouvert/,2026-08-29,2026-08-29T12:00:00+00:00,2026-08-29T20:00:00+00:00,"Dreamland Jouvert X - The Blueprint.

Get ready to immerse yourself in a vibrant celebration of life, culture and freedom.","{'doorsopen': '12:00', 'doorsclose': '20:00', 'lastentry': '17:00'}",20,,0,0,True,"{'minPrice': 12, 'maxPrice': 175}",,public,,True,2932.0,"{'id': 2932, 'name': 'Dreamland Jouvert X', 'earliestStartDate': None}",{'enabled': False},#0878f8,GBP,[],"[{'genreid': '67', 'name': 'World Music'}]",[]
42405851,2259725,False,2259725,False,0,FEST,Country Club - Outdoor Country Music Festival - London,0,,,,,"{'id': 109726, 'name': 'LDN EAST', 'address': '30 Bidder St', 'town': 'Canning Town', 'postcode_lookup': 'London', 'postcode': 'E16 4SH', 'region': 'London', 'country': 'GB', 'phone': '', 'latitude': 51.5190133, 'longitude': 0.0037307, 'type': 'Nightclub', 'rating': 4, 'reviewCount': 1078, 'distance': 9213.217964289111}",https://d31fr2pwly4c4s.cloudfront.net/1/0/5/2259725_e2c60653_country-club-outdoor-country-music-festival-london_th.jpg,https://d31fr2pwly4c4s.cloudfront.net/1/0/5/2259725_e2c60653_country-club-outdoor-country-music-festival-london.jpg,https://d31fr2pwly4c4s.cloudfront.net/1/0/5/2259725_e2c60653_country-club-outdoor-country-music-festival-london_1024.jpg,https://d31fr2pwly4c4s.cloudfront.net/1/0/5/2259725_e2c60653_country-club-outdoor-country-music-festival-london_1024.webp,https://www.skiddle.com/whats-on/London/LDN-EAST/Country-Club---Outdoor-Country-Music-Festival---London/42405851/,2026-08-29,2026-08-29T14:00:00+00:00,2026-08-29T22:00:00+00:00,Saddle up cowboys & cowgirls. Country club OUTDOOR OPEN AIR day party is riding back into LONDON in August 2026!,"{'doorsopen': '14:00', 'doorsclose': '22:00', 'lastentry': '18:00'}",18,,0,0,True,"{'minPrice': 12, 'maxPrice': 55}",,public,,True,,,{'enabled': False},#f8f8f8,GBP,[],"[{'genreid': '71', 'name': 'Country/Americana'}]",[]
42472680,2276215,False,2276215,False,0,FEST,HITOP Tv - The Blueprint Rave Festival Experience - DARTFORD,0,,,,,"{'id': 136944, 'name': 'Red Bar And Cadiz', 'address': '70 Spital Street', 'town': 'Dartford', 'postcode_lookup': 'Dartford', 'postcode': 'DA1 2DT', 'region': 'Kent', 'country': 'GB', 'phone': '01322222226', 'latitude': 51.4449892, 'longitude': 0.213363, 'type': 'bar', 'rating': 0, 'reviewCount': 0, 'distance': 24626.764646315773}",https://d31fr2pwly4c4s.cloudfront.net/c/8/a/2276215_bd2974b2_hitop-tv-the-blueprint-rave-festival-experience-dartford_th.jpg,https://d31fr2pwly4c4s.cloudfront.net/c/8/a/2276215_bd2974b2_hitop-tv-the-blueprint-rave-festival-experience-dartford.jpg,https://d31fr2pwly4c4s.cloudfront.net/c/8/a/2276215_bd2974b2_hitop-tv-the-blueprint-rave-festival-experience-dartford_1024.jpg,https://d31fr2pwly4c4s.cloudfront.net/c/8/a/2276215_bd2974b2_hitop-tv-the-blueprint-rave-festival-experience-dartford_1024.webp,https://www.skiddle.com/whats-on/Dartford/Red-Bar-And-Cadiz/HITOP-Tv---The-Blueprint-Rave-Festival-Experience---DARTFORD/42472680/,2026-08-29,2026-08-29T15:00:00+00:00,2026-08-30T03:00:00+00:00,"After our Amazing Last HITOP Tv Blueprint at the Red Bar in Dartford at the start of Summer, we are excited to announce we are back for Round 2!!!","{'doorsopen': '15:00', 'doorsclose': '03:00', 'lastentry': '02:45'}",18,,0,0,True,"{'minPrice': 5, 'maxPrice': 5}",,public,,False,,,{'enabled': False},#080838,GBP,"[{'artistid': '123472224', 'name': 'Harry Shotta', 'image': 'https://d1mdxzfl9p8pzo.cloudfront.net/4/123472224_1_1024.jpg', 'spotifyartisturl': 'spotify:artist:1KDOjuXZPd8XA3YBakakMb'}]",[],[]
42477541,2277727,False,2277727,False,0,FEST,The Searchers and Hollies Experience,0,,,,,"{'id': 130389, 'name': 'The Exchange Twickenham', 'address': '75 London Road', 'town': 'Twickenham', 'postcode_lookup': 'Twickenham', 'postcode': 'TW1 1BE', 'region': 'Surrey', 'country': 'GB', 'phone': '020 8240 2399', 'latitude': 51.4500182, 'longitude': -0.3313235, 'type': 'Theatre', 'rating': 0, 'reviewCount': 0, 'distance': 15440.693604513866}",https://d31fr2pwly4c4s.cloudfront.net/a/1/f/2277727_b9796858_the-searchers-and-hollies-experience_th.jpg,https://d31fr2pwly4c4s.cloudfront.net/a/1/f/2277727_b9796858_the-searchers-and-hollies-experience.jpg,https://d31fr2pwly4c4s.cloudfront.net/a/1/f/2277727_b9796858_the-searchers-and-hollies-experience_1024.jpg,https://d31fr2pwly4c4s.cloudfront.net/a/1/f/2277727_b9796858_the-searchers-and-hollies-experience_1024.webp,https://www.skiddle.com/whats-on/Twickenham/The-Exchange-Twickenham/The-Searchers-and-Hollies-Experience/42477541/,2026-08-29,2026-08-29T19:30:00+00:00,2026-08-29T22:00:00+00:00,A hit-filled tribute to two pop legends!,"{'doorsopen': '19:30', 'doorsclose': '22:00', 'lastentry': ''}",,,0,0,False,"{'minPrice': 5, 'maxPrice': 5}",General Admission: GBP 20.00,public,,False,,,{'enabled': False},#080808,GBP,[],[],[]
42141586,2214488,False,2214488,False,0,FEST,LegendsLive Festival 2026,1,2026-04-30 13:00:36,cancelled,Automatic cancellation: All future dates in the event series have been cancelled,,"{'id': 38150, 'name': 'Studio 338', 'address': '338 Boord Street', 'town': 'Greenwich', 'postcode_lookup': 'London', 'postcode': 'SE10 0PF', 'region': 'London', 'country': 'GB', 'phone': '0333 444 4338', 'latitude': 51.495343, 'longitude': 0.004709, 'type': 'Nightclub', 'rating': 3, 'reviewCount': 2824, 'distance': 9276.952484984062}",https://d31fr2pwly4c4s.cloudfront.net/5/f/b/2214488_3d21dcb8_legendslive-festival-2026_th.jpg,https://d31fr2pwly4c4s.cloudfront.net/5/f/b/2214488_3d21dcb8_legendslive-festival-2026.jpg,https://d31fr2pwly4c4s.cloudfront.net/5/f/b/2214488_3d21dcb8_legendslive-festival-2026_1024.jpg,https://d31fr2pwly4c4s.cloudfront.net/5/f/b/2214488_3d21dcb8_legendslive-festival-2026_1024.webp,https://www.skiddle.com/festivals/legendslive-festival/,2026-08-30,2026-08-30T12:00:00+00:00,2026-08-30T22:00:00+00:00,"The UK's biggest open air tribute festival arrives in London. 3 stages, 8 iconic acts, 4,000 fans celebrating the legends this August Bank Holiday.","{'doorsopen': '12:00', 'doorsclose': '22:00', 'lastentry': '18:00'}",18,,0,0,False,"{'minPrice': 20, 'maxPrice': 27.5}",,public,,False,3046.0,"{'id': 3046, 'name': 'LegendsLive Festival ', 'earliestStartDate': None}",{'enabled': False},#68a8d8,GBP,"[{'artistid': '123497374', 'name': 'Total Stone Roses', 'image': 'https://d1mdxzfl9p8pzo.cloudfront.net/4/123497374_1_1024.jpg', 'spotifyartisturl': None}, {'artistid': '123513348', 'name': 'Oasish', 'image': 'https://d1mdxzfl9p8pzo.cloudfront.net/8/123513348_267.jpg', 'spotifyartisturl': None}, {'artistid': '123535656', 'name': 'Coldplace', 'image': 'https://d1mdxzfl9p8pzo.cloudfront.net/6/123535656_267.jpg', 'spotifyartisturl': None}, {'artistid': '123543764', 'name': 'Ben Thompson Elvis Tribute Artist', 'image': 'https://d1mdxzfl9p8pzo.cloudfront.net/4/123543764_3_1024.jpg', 'spotifyartisturl': None}, {'artistid': '123579113', 'name': 'Nirvana Tribute', 'image': 'https://d1mdxzfl9p8pzo.cloudfront.net/3/123579113_1_1024.jpg', 'spotifyartisturl': None}, {'artistid': '123584958', 'name': 'David boakes', 'image': 'https://d1mdxzfl9p8pzo.cloudfront.net/8/123584958_9870122c_1024.jpg', 'spotifyartisturl': None}, {'artistid': '123608885', 'name': 'Absolute Amy', 'image': 'https://d1mdxzfl9p8pzo.cloudfront.net/5/123608885_1c23173e_1024.jpg', 'spotifyartisturl': None}]","[{'genreid': '5', 'name': 'Rock'}, {'genreid': '20', 'name': 'Pop'}, {'genreid': '26', 'name': 'Indie'}]",[]
41466681,2133465,False,2133465,False,0,FEST,LIDO Festival,0,,,,,"{'id': 111639, 'name': 'Victoria Park, London', 'address': 'Victoria Park', 'town': 'London', 'postcode_lookup': 'London', 'postcode': 'E9 7DD', 'region': 'London', 'country': 'GB', 'phone': '07527031223', 'latitude': 51.5361215, 'longitude': -0.0390938, 'type': 'Outdoors', 'rating': 0, 'reviewCount': 0, 'distance': 6951.490029377209}",https://d31fr2pwly4c4s.cloudfront.net/8/1/e/2133465_35f5f46c_lido-festival_th.jpg,https://d31fr2pwly4c4s.cloudfront.net/8/1/e/2133465_35f5f46c_lido-festival.jpg,https://d31fr2pwly4c4s.cloudfront.net/8/1/e/2133465_35f5f46c_lido-festival_1024.jpg,https://d31fr2pwly4c4s.cloudfront.net/8/1/e/2133465_35f5f46c_lido-festival_1024.webp,https://www.skiddle.com/festivals/lido/,2026-08-31,2026-08-31T11:00:00+00:00,2026-08-31T23:00:00+00:00,One of the UK's hottest new festivals returns from their Brat summer to put on another amazing show!,"{'doorsopen': '11:00', 'doorsclose': '23:00', 'lastentry': ''}",,,0,0,False,"{'minPrice': 20, 'maxPrice': 27.5}",0,public,,False,2789.0,"{'id': 2789, 'name': 'LIDO Festival', 'earliestStartDate': None}",{'enabled': False},#3808f8,GBP,"[{'artistid': '123463261', 'name': 'Kelis', 'image': 'https://d1mdxzfl9p8pzo.cloudfront.net/1/123463261_1_267.jpg', 'spotifyartisturl': 'spotify:artist:0IF46mUS8NXjgHabxk2MCM'}, {'artistid': '123514392', 'name': 'Maribou State', 'image': 'https://d1mdxzfl9p8pzo.cloudfront.net/2/123514392_1_1024.jpg', 'spotifyartisturl': 'spotify:artist:7zrkALJ9ayRjzysp4QYoEg'}, {'artistid': '123558187', 'name': 'Folamour', 'image': 'https://d1mdxzfl9p8pzo.cloudfront.net/7/123558187_1_1024.jpg', 'spotifyartisturl': 'spotify:artist:6pJY5At9SiMpAOBrw9YosS'}, {'artistid': '123516780', 'name': 'Moodymann', 'image': 'https://d1mdxzfl9p8pzo.cloudfront.net/0/123516780_267.jpg', 'spotifyartisturl': 'spotify:artist:6pohviZSNRueSX7uNu63ZX'}, {'artistid': '123460806', 'name': 'Theo Parrish', 'image': 'https://d1mdxzfl9p8pzo.cloudfront.net/6/123460806_267.jpg', 'spotifyartisturl': 'spotify:artist:3qMRvSHJpaRjGDkIeNMoGz'}]","[{'genreid': '4', 'name': 'R&B'}, {'genreid': '20', 'name': 'Pop'}, {'genreid': '61', 'name': 'Electronic'}]",[]
42321322,2241533,False,2241533,False,0,FEST,Fantasy Forest Libertalia,0,,,,,"{'id': 138655, 'name': 'Hatfield House   Hatfield', 'address': 'Hatfield', 'town': 'Hatfield', 'postcode_lookup': 'St-Albans', 'postcode': 'AL9 5HX', 'region': 'London', 'country': 'GB', 'phone': '', 'latitude': 51.7606481, 'longitude': -0.2092386, 'type': 'Other', 'rating': 0, 'reviewCount': 0, 'distance': 28756.318198766396}",https://d31fr2pwly4c4s.cloudfront.net/1/1/5/2241533_9b6918b6_fantasy-forest-libertalia_th.jpg,https://d31fr2pwly4c4s.cloudfront.net/1/1/5/2241533_9b6918b6_fantasy-forest-libertalia.jpg,https://d31fr2pwly4c4s.cloudfront.net/1/1/5/2241533_9b6918b6_fantasy-forest-libertalia_1024.jpg,https://d31fr2pwly4c4s.cloudfront.net/1/1/5/2241533_9b6918b6_fantasy-forest-libertalia_1024.webp,https://www.skiddle.com/whats-on/St-Albans/Hatfield-House---Hatfield/Fantasy-Forest-Libertalia/42321322/,2026-09-04,2026-09-04T16:00:00+00:00,2026-09-06T19:00:00+00:00,"Fantasy Forest, a unique festival celebrating the popular fantasy genre","{'doorsopen': '16:00', 'doorsclose': '19:00', 'lastentry': ''}",16,,0,0,False,"{'minPrice': 20, 'maxPrice': 27.5}",GBP 9.95 - GBP 89.95,public,,False,,,{'enabled': False},#a8c8c8,GBP,[],"[{'genreid': '44', 'name': 'Folk'}]",[]
41382596,2113846,False,2113846,False,0,FEST,Big London Tattoo Show,0,,,,,"{'id': 5730, 'name': 'ExCel London', 'address': 'One Western Gateway, Royal Victoria Dock', 'town': 'London', 'postcode_lookup': 'London', 'postcode': 'E16 1XL', 'region': 'London', 'country': 'GB', 'phone': '020 7069 5000', 'latitude': 51.508099, 'longitude': 0.026479, 'type': 'Other', 'rating': 4, 'reviewCount': 777, 'distance': 10692.044055333865}",https://d31fr2pwly4c4s.cloudfront.net/3/3/3/2113846_29b87aac_big-london-tattoo-show_th.jpg,https://d31fr2pwly4c4s.cloudfront.net/3/3/3/2113846_29b87aac_big-london-tattoo-show.jpg,https://d31fr2pwly4c4s.cloudfront.net/3/3/3/2113846_29b87aac_big-london-tattoo-show_1024.jpg,https://d31fr2pwly4c4s.cloudfront.net/3/3/3/2113846_29b87aac_big-london-tattoo-show_1024.webp,https://www.skiddle.com/festivals/big-london-tattoo-show/,2026-09-04,2026-09-04T17:00:00+00:00,2026-09-06T19:00:00+00:00,"The Big London Tattoo Show features 500 of the very best tattoo artists, tons of entertainment, free fairground rides, art galleries and markets","{'doorsopen': '17:00', 'doorsclose': '19:00', 'lastentry': ''}",,,0,0,True,"{'minPrice': 20, 'maxPrice': 80}",,public,,True,2617.0,"{'id': 2617, 'name': 'Big London Tattoo Show', 'earliestStartDate': None}",{'enabled': False},#080808,GBP,[],"[{'genreid': '46', 'name': 'Alternative'}]",[]
42083712,2205012,False,2205012,False,0,FEST,Magic of Thailand Festival in London,0,,,,,"{'id': 121863, 'name': 'Ealing Common, Uxbridge Road, London W5 3HN', 'address': 'Ealing Common, Uxbridge Road,', 'town': 'London', 'postcode_lookup': 'London', 'postcode': 'W5 3HN', 'region': 'London', 'country': 'GB', 'phone': '', 'latitude': 51.51061949, 'longitude': -0.29324905, 'type': 'Outdoors', 'rating': 4, 'reviewCount': 121, 'distance': 11443.501722268753}",https://d31fr2pwly4c4s.cloudfront.net/8/2/3/2205012_18044566_Magic-of-Thailand-Festival-in-London_th.jpg,https://d31fr2pwly4c4s.cloudfront.net/8/2/3/2205012_18044566_Magic-of-Thailand-Festival-in-London.jpg,https://d31fr2pwly4c4s.cloudfront.net/8/2/3/2205012_18044566_Magic-of-Thailand-Festival-in-London_1024.jpg,https://d31fr2pwly4c4s.cloudfront.net/8/2/3/2205012_18044566_Magic-of-Thailand-Festival-in-London_1024.webp,https://www.skiddle.com/whats-on/London/Ealing-Common%2C-Uxbridge-Road%2C-London-W5-3HN/Magic-of-Thailand-Festival-in-London/42083712/,2026-09-05,2026-09-05T10:00:00+00:00,2026-09-06T19:00:00+00:00,A two day Thai Festival to experience the taste of Thailand this summer at Ealing Common is brought to you by Magic of Thailand.,"{'doorsopen': '10:00', 'doorsclose': '19:00', 'lastentry': ''}",,,0,0,True,"{'minPrice': 0, 'maxPrice': 6}",,public,,False,,,{'enabled': False},#f8f8f8,GBP,[],[],[]
41477458,2136755,False,2136755,False,0,FEST,Jazz on Wick 2026,0,,,,,"{'id': 86335, 'name': 'Various Venues Hackney Wick', 'address': 'Hackney Wick', 'town': 'London', 'postcode_lookup': 'London', 'postcode': 'E9 5EF', 'region': 'London', 'country': 'GB', 'phone': '', 'latitude': 51.550124, 'longitude': -0.023495, 'type': 'live', 'rating': 3, 'reviewCount': 23, 'distance': 8675.094798440166}",https://d31fr2pwly4c4s.cloudfront.net/a/b/4/2136755_76077e36_jazz-on-wick-2026_th.jpg,https://d31fr2pwly4c4s.cloudfront.net/a/b/4/2136755_76077e36_jazz-on-wick-2026.jpg,https://d31fr2pwly4c4s.cloudfront.net/a/b/4/2136755_76077e36_jazz-on-wick-2026_1024.jpg,https://d31fr2pwly4c4s.cloudfront.net/a/b/4/2136755_76077e36_jazz-on-wick-2026_1024.webp,https://www.skiddle.com/whats-on/London/Various-Venues-Hackney-Wick/Jazz-on-Wick-2026/41477458/,2026-09-05,2026-09-05T12:00:00+00:00,2026-09-05T22:30:00+00:00,"A day-to-night, cross-genre celebration from the minds behind Colour Factory, Orii Community and Voices Radio.","{'doorsopen': '12:00', 'doorsclose': '22:30', 'lastentry': ''}",,,0,0,True,"{'minPrice': 20, 'maxPrice': 50}",,public,,False,,,{'enabled': False},#f8f8f8,GBP,[],"[{'genreid': '1', 'name': 'House'}, {'genreid': '4', 'name': 'R&B'}, {'genreid': '25', 'name': 'Jazz'}, {'genreid': '43', 'name': 'Soul'}, {'genreid': '45', 'name': 'Funk'}]",[]
41306333,2089861,False,2089861,False,0,FEST,SOULTOWN - Festival 2026,0,,,,,"{'id': 86650, 'name': 'Croydon Road Recreation Ground', 'address': '319 Croydon Road', 'town': 'Beckenham', 'postcode_lookup': 'Bromley', 'postcode': 'BR3 3PR', 'region': 'London', 'country': 'GB', 'phone': '07961053756', 'latitude': 51.4027531, 'longitude': -0.0315857, 'type': 'Outdoors', 'rating': 3, 'reviewCount': 1243, 'distance': 13378.974176099582}",https://d31fr2pwly4c4s.cloudfront.net/e/7/c/2089861_445481b7_soul-town-festival-2026_th.jpg,https://d31fr2pwly4c4s.cloudfront.net/e/7/c/2089861_445481b7_soul-town-festival-2026.jpg,https://d31fr2pwly4c4s.cloudfront.net/e/7/c/2089861_445481b7_soul-town-festival-2026_1024.jpg,https://d31fr2pwly4c4s.cloudfront.net/e/7/c/2089861_445481b7_soul-town-festival-2026_1024.webp,https://www.skiddle.com/festivals/soultown-festival/,2026-09-05,2026-09-05T12:00:00+00:00,2026-09-05T23:00:00+00:00,"Bringing together the biggest Soul, Motown, Disco, Funk & House acts from across the globe on Saturday 5th September 2026!","{'doorsopen': '12:00', 'doorsclose': '23:00', 'lastentry': '18:00'}",18,,0,0,True,"{'minPrice': 61.5, 'maxPrice': 200}",,public,,True,1900.0,"{'id': 1900, 'name': 'Soul Town Festival', 'earliestStartDate': None}",{'enabled': False},#f8f8f8,GBP,"[{'artistid': '123517002', 'name': 'SWEET FEMALE ATTITUDE', 'image': 'https://d1mdxzfl9p8pzo.cloudfront.net/2/123517002_1_1024.jpg', 'spotifyartisturl': 'spotify:artist:1054JdBVMCPm9VpvkUcOYX'}, {'artistid': '123518694', 'name': 'Wet Wet Wet', 'image': 'https://d1mdxzfl9p8pzo.cloudfront.net/4/123518694_267.jpg', 'spotifyartisturl': 'spotify:artist:2u0gw0uCWBMiqV7h0N8kai'}, {'artistid': '123522764', 'name': 'Odyssey', 'image': 'https://d1mdxzfl9p8pzo.cloudfront.net/4/123522764_1_1024.jpg', 'spotifyartisturl': 'spotify:artist:5b4SvpTqll0LSqJWPpXya5'}, {'artistid': '123588509', 'name': 'Eternal', 'image': 'https://d1mdxzfl9p8pzo.cloudfront.net/9/123588509_1_1024.jpg', 'spotifyartisturl': 'spotify:artist:7zYGAXxAaq15C9eM29M8Fj'}, {'artistid': '123516902', 'name': 'Kenny Thomas', 'image': 'https://d1mdxzfl9p8pzo.cloudfront.net/2/123516902_267.jpg', 'spotifyartisturl': 'spotify:artist:5fYju5a87cW9osqsxH0JwB'}, {'artistid': '123527334', 'name': 'Tough Love', 'image': 'https://d1mdxzfl9p8pzo.cloudfront.net/4/123527334_2_1024.jpg', 'spotifyartisturl': 'spotify:artist:16KSSLMXOdKQ2MHt9bOHTG'}, {'artistid': '123541895', 'name': 'The Sugar Hill Gang', 'image': 'https://d1mdxzfl9p8pzo.cloudfront.net/5/123541895_1_1024.jpg', 'spotifyartisturl': 'spotify:artist:5pkmbSkO4LAwBRzIVVAdXE'}]","[{'genreid': '43', 'name': 'Soul'}, {'genreid': '45', 'name': 'Funk'}, {'genreid': '57', 'name': 'Disco'}]",[]
42434843,2267100,False,2267100,False,0,FEST,Summer Outdoor Garage Festival - Studio 338 London,0,,,,,"{'id': 38150, 'name': 'Studio 338', 'address': '338 Boord Street', 'town': 'Greenwich', 'postcode_lookup': 'London', 'postcode': 'SE10 0PF', 'region': 'London', 'country': 'GB', 'phone': '0333 444 4338', 'latitude': 51.495343, 'longitude': 0.004709, 'type': 'Nightclub', 'rating': 3, 'reviewCount': 2824, 'distance': 9276.952484984062}",https://d31fr2pwly4c4s.cloudfront.net/7/a/f/2267100_70754f51_summer-outdoor-garage-festival-studio-338-london_th.jpg,https://d31fr2pwly4c4s.cloudfront.net/7/a/f/2267100_70754f51_summer-outdoor-garage-festival-studio-338-london.jpg,https://d31fr2pwly4c4s.cloudfront.net/7/a/f/2267100_70754f51_summer-outdoor-garage-festival-studio-338-london_1024.jpg,https://d31fr2pwly4c4s.cloudfront.net/7/a/f/2267100_70754f51_summer-outdoor-garage-festival-studio-338-london_1024.webp,https://www.skiddle.com/whats-on/London/Studio-338/Summer-Outdoor-Garage-Festival---Studio-338-London/42434843/,2026-09-05,2026-09-05T14:00:00+00:00,2026-09-05T22:00:00+00:00,"London! We are back for another HUGE Summer Outdoor Garage Festival coming this September 2026! If you love your garage anthems, you'll love this!","{'doorsopen': '14:00', 'doorsclose': '22:00', 'lastentry': '18:30'}",18,,0,0,True,"{'minPrice': 20, 'maxPrice': 25}",,public,,False,,,{'enabled': False},#f8f8f8,GBP,"[{'artistid': '123461052', 'name': 'DJ Luck & MC Neat', 'image': 'https://d1mdxzfl9p8pzo.cloudfront.net/2/123461052_3_1024.jpg', 'spotifyartisturl': 'spotify:artist:4MflsXABg2VC9Powgd7JCF'}]","[{'genreid': '3', 'name': 'UK Garage'}]",[]
42147217,2215909,False,2215909,False,0,FEST,"Summer Underground - Breakin Science, Jungle Mania, D&B Classics",0,,,,,"{'id': 133360, 'name': 'Eutopia Warehouse', 'address': '42A River Road', 'town': 'Barking', 'postcode_lookup': 'Ilford', 'postcode': 'IG11 0DW', 'region': 'London', 'country': 'GB', 'phone': '', 'latitude': 51.5204, 'longitude': 0.0964, 'type': 'Nightclub', 'rating': 3, 'reviewCount': 218, 'distance': 15599.736613846364}",https://d31fr2pwly4c4s.cloudfront.net/2/0/3/2215909_98620367_Breakin-Science-Summer-Underground---Jungle-Mania---D-B-Classics_th.jpg,https://d31fr2pwly4c4s.cloudfront.net/2/0/3/2215909_98620367_Breakin-Science-Summer-Underground---Jungle-Mania---D-B-Classics.jpg,https://d31fr2pwly4c4s.cloudfront.net/2/0/3/2215909_98620367_Breakin-Science-Summer-Underground---Jungle-Mania---D-B-Classics_1024.jpg,https://d31fr2pwly4c4s.cloudfront.net/2/0/3/2215909_98620367_Breakin-Science-Summer-Underground---Jungle-Mania---D-B-Classics_1024.webp,https://www.skiddle.com/festivals/summer-underground/,2026-09-05,2026-09-05T14:00:00+00:00,2026-09-05T22:00:00+00:00,"Eutopia WHS is the destination for London's biggest celebration of underground D&B + Jungle, with an Outdoor Courtyard stage  + 3 Warehouse Arenas!","{'doorsopen': '14:00', 'doorsclose': '22:00', 'lastentry': '19:00'}",18,,0,0,True,"{'minPrice': 22.5, 'maxPrice': 45}",,public,,False,3113.0,"{'id': 3113, 'name': 'Summer Underground - Breakin Science, Jungle Mania, D&B Classics', 'earliestStartDate': None}","{'enabled': True, 'eligible': True, 'minCommission': 2, 'maxCommission': 2}",#f8e8d8,GBP,"[{'artistid': '123508702', 'name': 'General Levy', 'image': 'https://d1mdxzfl9p8pzo.cloudfront.net/2/123508702_1_1024.jpg', 'spotifyartisturl': 'spotify:artist:2bHgAaZ7qbGbMMXwAQm48I'}, {'artistid': '123472224', 'name': 'Harry Shotta', 'image': 'https://d1mdxzfl9p8pzo.cloudfront.net/4/123472224_1_1024.jpg', 'spotifyartisturl': 'spotify:artist:1KDOjuXZPd8XA3YBakakMb'}, {'artistid': '123468515', 'name': 'Nicky Blackmarket', 'image': 'https://d1mdxzfl9p8pzo.cloudfront.net/5/123468515_267.jpg', 'spotifyartisturl': 'spotify:artist:6mkmQWYJRNw07qnQGI2bIN'}, {'artistid': '123497936', 'name': 'Ragga Twins', 'image': 'https://d1mdxzfl9p8pzo.cloudfront.net/6/123497936_1_1024.jpg', 'spotifyartisturl': 'spotify:artist:41vebFiEyxaRwT7rNmRLpq'}, {'artistid': '123458047', 'name': 'DJ Hype', 'image': 'https://d1mdxzfl9p8pzo.cloudfront.net/7/123458047_267.jpg', 'spotifyartisturl': 'spotify:artist:2MnM5JbezlOuVYlfx61Qc6'}, {'artistid': '123460344', 'name': 'Eksman', 'image': 'https://d1mdxzfl9p8pzo.cloudfront.net/4/123460344_267.jpg', 'spotifyartisturl': 'spotify:artist:2654RQ9MP4lxi0PLQY3ig7'}, {'artistid': '123485620', 'name': 'Dillinja', 'image': 'https://d1mdxzfl9p8pzo.cloudfront.net/0/123485620_267.jpg', 'spotifyartisturl': 'spotify:artist:5CDTMeaU6dnv24n6e4uAtk'}, {'artistid': '123547572', 'name': 'MC Shabba D', 'image': 'https://d1mdxzfl9p8pzo.cloudfront.net/2/123547572_1_1024.jpg', 'spotifyartisturl': 'spotify:artist:3mNLI3NXEFH2CoYFDRN2vr'}, {'artistid': '123557218', 'name': 'Benny L', 'image': 'https://d1mdxzfl9p8pzo.cloudfront.net/8/123557218_1_1024.jpg', 'spotifyartisturl': 'spotify:artist:5l4uVbRaFx2kxzudLXO2H0'}, {'artistid': '123527360', 'name': 'MC GQ', 'image': 'https://d1mdxzfl9p8pzo.cloudfront.net/0/123527360_1_1024.jpg', 'spotifyartisturl': 'spotify:artist:5TPHXAqLtiWJi5EkTtLxoi'}, {'artistid': '123500980', 'name': 'Majistrate', 'image': 'https://d1mdxzfl9p8pzo.cloudfront.net/0/123500980_267.jpg', 'spotifyartisturl': 'spotify:artist:7Kmqpu1E2yI5ijuB1dcNTg'}, {'artistid': '123573520', 'name': 'Amplify', 'image': 'https://d1plawd8huk6hh.cloudfront.net/assets/default400.png', 'spotifyartisturl': 'spotify:artist:64EuuwyWuF2bYlwwrLyN1n'}, {'artistid': '123610712', 'name': 'Grima X Azza', 'image': 'https://d1mdxzfl9p8pzo.cloudfront.net/2/123610712_6c552ef0_1024.jpg', 'spotifyartisturl': 'spotify:artist:0B7mOOI1XegN3bz45dbD0R'}, {'artistid': '123486124', 'name': 'Sub Zero', 'image': 'https://d1mdxzfl9p8pzo.cloudfront.net/4/123486124_267.jpg', 'spotifyartisturl': 'spotify:artist:3kMQ0Gx56mVysMT3fqyneR'}, {'artistid': '123501862', 'name': 'Bladerunner', 'image': 'https://d1mdxzfl9p8pzo.cloudfront.net/2/123501862_267.jpg', 'spotifyartisturl': 'spotify:artist:4yvREhViCsrwclRdBAdlOl'}, {'artistid': '123500982', 'name': 'Logan D', 'image': 'https://d1mdxzfl9p8pzo.cloudfront.net/2/123500982_1_267.jpg', 'spotifyartisturl': 'spotify:artist:1p2Bj8h0k83W4M7RY8rUvA'}, {'artistid': '123602648', 'name': 'Rendah', 'image': 'https://d1mdxzfl9p8pzo.cloudfront.net/8/123602648_93295940_1024.jpg', 'spotifyartisturl': 'spotify:artist:2DD20dIAwiGrP8DFKoFGdX'}, {'artistid': '123505954', 'name': 'DJ Rap', 'image': 'https://d1plawd8huk6hh.cloudfront.net/assets/default400.png', 'spotifyartisturl': 'spotify:artist:68AFCxLSHARThf2XIYwY46'}, {'artistid': '123491896', 'name': 'DJ Hazard', 'image': 'https://d1mdxzfl9p8pzo.cloudfront.net/6/123491896_2_1024.jpg', 'spotifyartisturl': 'spotify:artist:04rhebO91K6xoiXE0XuDkh'}, {'artistid': '123498798', 'name': 'TC', 'image': 'https://d1mdxzfl9p8pzo.cloudfront.net/8/123498798_267.jpg', 'spotifyartisturl': 'spotify:artist:6b1Reb7bhjdXtkR7wUYW61'}, {'artistid': '123513922', 'name': 'DJ Micky Finn', 'image': 'https://d1mdxzfl9p8pzo.cloudfront.net/2/123513922_267.jpg', 'spotifyartisturl': 'spotify:artist:56L8IWLGA2CN4K09ZCt4Fx'}, {'artistid': '123577872', 'name': 'MC AD', 'image': 'https://d1mdxzfl9p8pzo.cloudfront.net/2/123577872_1_1024.jpg', 'spotifyartisturl': 'spotify:artist:68J81ksW7olO79OG1RFCP1'}, {'artistid': '123569496', 'name': 'Nick The Lot', 'image': 'https://d1mdxzfl9p8pzo.cloudfront.net/6/123569496_1_1024.jpg', 'spotifyartisturl': 'spotify:artist:4rEgHenQTS1Q9svV9qIoYO'}, {'artistid': '123570168', 'name': 'Crystal Clear', 'image': 'https://d1mdxzfl9p8pzo.cloudfront.net/8/123570168_2_1024.jpg', 'spotifyartisturl': 'spotify:artist:53ipO8pzwmNyVjur6NOqyw'}, {'artistid': '123572502', 'name': 'TNA', 'image': 'https://d1mdxzfl9p8pzo.cloudfront.net/2/123572502_3_1024.jpg', 'spotifyartisturl': 'spotify:artist:2dNetNAoqi547lS4Cu0m6x'}, {'artistid': '123572643', 'name': 'T-Lex', 'image': 'https://d1plawd8huk6hh.cloudfront.net/assets/default400.png', 'spotifyartisturl': 'spotify:artist:3diWJAdGxsO9OT4cRe0khL'}, {'artistid': '123595558', 'name': 'Nersha', 'image': 'https://d1mdxzfl9p8pzo.cloudfront.net/8/123595558_1_1024.jpg', 'spotifyartisturl': 'spotify:artist:2qffW795q2r1MuUmeduoaN'}, {'artistid': '123574615', 'name': 'B-LINE', 'image': 'https://d1mdxzfl9p8pzo.cloudfront.net/5/123574615_1_1024.jpg', 'spotifyartisturl': 'spotify:artist:5w8CwLahrRAQxsLfFparQs'}, {'artistid': '123574976', 'name': 'Kendrick D&B', 'image': 'https://d1mdxzfl9p8pzo.cloudfront.net/6/123574976_1_1024.jpg', 'spotifyartisturl': 'spotify:artist:70mqJs2YSPZndK6UuHh4PO'}, {'artistid': '123592589', 'name': 'J Bookey', 'image': 'https://d1mdxzfl9p8pzo.cloudfront.net/9/123592589_cbc5fc0c_1024.jpg', 'spotifyartisturl': 'spotify:artist:2fnWn2arMNwYLP2OURItc2'}, {'artistid': '123574991', 'name': 'Kara', 'image': 'https://d1plawd8huk6hh.cloudfront.net/assets/default400.png', 'spotifyartisturl': 'spotify:artist:3BirXmy3kNcWZZkbpjeP2C'}, {'artistid': '123583964', 'name': 'TINY K', 'image': 'https://d1mdxzfl9p8pzo.cloudfront.net/4/123583964_1_1024.jpg', 'spotifyartisturl': 'spotify:artist:3x56Z1CQCcVS4uwvr0gDUg'}, {'artistid': '123588010', 'name': 'ISOMETRIK', 'image': 'https://d1mdxzfl9p8pzo.cloudfront.net/0/123588010_1_1024.jpg', 'spotifyartisturl': 'spotify:artist:0pnYVHnPczkOfsy9SZNwv4'}, {'artistid': '123578559', 'name': 'MC Det', 'image': 'https://d1mdxzfl9p8pzo.cloudfront.net/9/123578559_1_1024.jpg', 'spotifyartisturl': 'spotify:artist:0Bs4WZF4Emmh56AX46sXmJ'}, {'artistid': '123580818', 'name': 'MC Kombo', 'image': 'https://d1mdxzfl9p8pzo.cloudfront.net/8/123580818_1_1024.jpg', 'spotifyartisturl': 'spotify:artist:69K6vOkgIvXaGsiwpucEAh'}, {'artistid': '123582148', 'name': 'MC Enamie', 'image': 'https://d1mdxzfl9p8pzo.cloudfront.net/8/123582148_2_1024.jpg', 'spotifyartisturl': 'spotify:artist:5v6UWjk7NrakKZ8Tjq95Gg'}, {'artistid': '123588006', 'name': 'Burntboi', 'image': 'https://d1mdxzfl9p8pzo.cloudfront.net/6/123588006_1dc1abba_1024.jpg', 'spotifyartisturl': 'spotify:artist:7uYfrw47yzKgW22BtAPOQv'}, {'artistid': '123582299', 'name': 'Anton', 'image': 'https://d1plawd8huk6hh.cloudfront.net/assets/default400.png', 'spotifyartisturl': 'spotify:artist:7crM3nBmCpsIrBUOCpo6jA'}, {'artistid': '123556184', 'name': 'Shimon', 'image': 'https://d1mdxzfl9p8pzo.cloudfront.net/4/123556184_1_1024.jpg', 'spotifyartisturl': 'spotify:artist:23DzvutdyC9J2ZXlovvLE9'}, {'artistid': '123583961', 'name': 'Herbzie', 'image': 'https://d1mdxzfl9p8pzo.cloudfront.net/1/123583961_1_1024.jpg', 'spotifyartisturl': None}, {'artistid': '123534206', 'name': 'Jumpin Jack Frost', 'image': 'https://d1mdxzfl9p8pzo.cloudfront.net/6/123534206_1_1024.jpg', 'spotifyartisturl': 'spotify:artist:4ATb2sOmVCBIURq5P3Fkn8'}, {'artistid': '123459140', 'name': 'moving fusion', 'image': 'https://d1mdxzfl9p8pzo.cloudfront.net/0/123459140_267.jpg', 'spotifyartisturl': 'spotify:artist:4S2udpRV9DTZ2PimP7VzL0'}, {'artistid': '123470455', 'name': 'Funsta', 'image': 'https://d1mdxzfl9p8pzo.cloudfront.net/5/123470455_267.jpg', 'spotifyartisturl': 'spotify:artist:5M4bYHpx1oPSyGhn0Iy97a'}, {'artistid': '123492696', 'name': 'Mampi Swift', 'image': 'https://d1mdxzfl9p8pzo.cloudfront.net/6/123492696_267.jpg', 'spotifyartisturl': 'spotify:artist:470XJa6gVffDrBraHtrr2z'}, {'artistid': '123497934', 'name': 'Uncle Dugs', 'image': 'https://d1mdxzfl9p8pzo.cloudfront.net/4/123497934_1_1024.jpg', 'spotifyartisturl': 'spotify:artist:78j0gKH6pYk55dLqiW9C8U'}, {'artistid': '123498472', 'name': 'PROFILE', 'image': 'https://d1mdxzfl9p8pzo.cloudfront.net/2/123498472_267.jpg', 'spotifyartisturl': 'spotify:artist:1fdHw2Jg74ybePLV4IV33L'}, {'artistid': '123498588', 'name': 'D*Minds', 'image': 'https://d1mdxzfl9p8pzo.cloudfront.net/8/123498588_267.jpg', 'spotifyartisturl': 'spotify:artist:6hlQVaiKiA8Y9K12cTQPrF'}, {'artistid': '123502740', 'name': 'Evil B', 'image': 'https://d1mdxzfl9p8pzo.cloudfront.net/0/123502740_1_267.jpg', 'spotifyartisturl': 'spotify:artist:2L3WGIez4zjKjfdiZkmvcd'}, {'artistid': '123503958', 'name': 'DJ Inter', 'image': 'https://d1mdxzfl9p8pzo.cloudfront.net/8/123503958_1_1024.jpg', 'spotifyartisturl': 'spotify:artist:5AmOYWGXk8Ggd1ArzMT77t'}, {'artistid': '123507084', 'name': 'Deefa MC', 'image': 'https://d1mdxzfl9p8pzo.cloudfront.net/4/123507084_1_1024.jpg', 'spotifyartisturl': 'spotify:artist:7lsA71tur3R1hEvJkBlV9A'}]","[{'genreid': '8', 'name': 'Drum and Bass'}, {'genreid': '80', 'name': 'Jungle'}]",[]
42512513,2288055,False,2288055,False,0,FEST,Garage Nation & House Nation Brick Lane Festival,0,,,,,"{'id': 1430, 'name': '93 Feet East', 'address': '150 Brick Lane', 'town': 'London', 'postcode_lookup': 'London', 'postcode': 'E1 6QL', 'region': 'London', 'country': 'GB', 'phone': '020 7770 6006', 'latitude': 51.521452, 'longitude': -0.071711, 'type': 'Nightclub', 'rating': 4, 'reviewCount': 975, 'distance': 4213.609136900858}",https://d31fr2pwly4c4s.cloudfront.net/0/b/7/2288055_42049149_Garage-Nation---House-Nation-Brick-Lane-Festival_th.jpg,https://d31fr2pwly4c4s.cloudfront.net/0/b/7/2288055_42049149_Garage-Nation---House-Nation-Brick-Lane-Festival.jpg,https://d31fr2pwly4c4s.cloudfront.net/0/b/7/2288055_42049149_Garage-Nation---House-Nation-Brick-Lane-Festival_1024.jpg,https://d31fr2pwly4c4s.cloudfront.net/0/b/7/2288055_42049149_Garage-Nation---House-Nation-Brick-Lane-Festival_1024.webp,https://www.skiddle.com/whats-on/London/93-Feet-East/Garage-Nation--House-Nation-Brick-Lane-Festival/42512513/,2026-09-05,2026-09-05T15:00:00+00:00,2026-09-05T23:00:00+00:00,Garage Nation & House Nation Brick Lane East London Festival!,"{'doorsopen': '15:00', 'doorsclose': '23:00', 'lastentry': '19:00'}",18,,0,0,True,"{'minPrice': 6, 'maxPrice': 16.09}",,public,,False,,,{'enabled': False},#f8f8f8,GBP,[],[],[]
41364357,2108132,False,2108132,False,0,FEST,We Are Family Festival 2026,0,,,,,"{'id': 86650, 'name': 'Croydon Road Recreation Ground', 'address': '319 Croydon Road', 'town': 'Beckenham', 'postcode_lookup': 'Bromley', 'postcode': 'BR3 3PR', 'region': 'London', 'country': 'GB', 'phone': '07961053756', 'latitude': 51.4027531, 'longitude': -0.0315857, 'type': 'Outdoors', 'rating': 3, 'reviewCount': 1243, 'distance': 13378.974176099582}",https://d31fr2pwly4c4s.cloudfront.net/6/9/a/2108132_26485507_We-Are-Family-Festival-2026_th.jpg,https://d31fr2pwly4c4s.cloudfront.net/6/9/a/2108132_26485507_We-Are-Family-Festival-2026.jpg,https://d31fr2pwly4c4s.cloudfront.net/6/9/a/2108132_26485507_We-Are-Family-Festival-2026_1024.jpg,https://d31fr2pwly4c4s.cloudfront.net/6/9/a/2108132_26485507_We-Are-Family-Festival-2026_1024.webp,https://www.skiddle.com/festivals/we-are-family-festival/,2026-09-06,2026-09-06T12:00:00+00:00,2026-09-06T20:00:00+00:00,"The UKs BIGGEST All INCLUSIVE festival for kids, Free Rides and Attractions, Bottomless Soft Drinks and Hourly Themed Parades","{'doorsopen': '12:00', 'doorsclose': '20:00', 'lastentry': '17:00'}",,,0,0,True,"{'minPrice': 22.5, 'maxPrice': 35}",,public,,True,2934.0,"{'id': 2934, 'name': 'We Are Family Festival', 'earliestStartDate': None}",{'enabled': False},#281888,GBP,"[{'artistid': '123491124', 'name': 'Toploader', 'image': 'https://d1mdxzfl9p8pzo.cloudfront.net/4/123491124_267.jpg', 'spotifyartisturl': 'spotify:artist:6xeFne1rkxMhKSW3ipvkdV'}]",[],[]
42340530,2247002,False,2247002,False,0,FEST,Kings Langley Beer & Fizz Festival 2026,1,2026-06-13 09:02:06,cancelled,Automatic cancellation: All future dates in the event series have been cancelled,,"{'id': 106049, 'name': 'All Saints Church', 'address': 'Church Lane', 'town': 'Kings Langley', 'postcode_lookup': 'Watford', 'postcode': 'WD4 8JS', 'region': 'Hertfordshire', 'country': 'GB', 'phone': '', 'latitude': 51.711007, 'longitude': -0.448142, 'type': 'Other', 'rating': 0, 'reviewCount': 0, 'distance': 31675.25822162733}",https://d31fr2pwly4c4s.cloudfront.net/0/2/8/2247002_ede3b68a_kings-langley-beer-fizz-festival-2026_th.jpg,https://d31fr2pwly4c4s.cloudfront.net/0/2/8/2247002_ede3b68a_kings-langley-beer-fizz-festival-2026.jpg,https://d31fr2pwly4c4s.cloudfront.net/0/2/8/2247002_ede3b68a_kings-langley-beer-fizz-festival-2026_1024.jpg,https://d31fr2pwly4c4s.cloudfront.net/0/2/8/2247002_ede3b68a_kings-langley-beer-fizz-festival-2026_1024.webp,https://www.skiddle.com/whats-on/Watford/All-Saints-Church/Kings-Langley-Beer--Fizz-Festival-2026/42340530/,2026-09-11,2026-09-11T16:00:00+00:00,2026-09-13T19:00:00+00:00,"Join us for the fifth annual Kings Langley Beer & Fizz Festival - 30+ ales and craft beers, great music, and fantastic food!","{'doorsopen': '16:00', 'doorsclose': '19:00', 'lastentry': ''}",,,0,0,False,"{'minPrice': 1, 'maxPrice': 20}",,public,,False,,,{'enabled': False},#281818,GBP,[],"[{'genreid': '20', 'name': 'Pop'}, {'genreid': '42', 'name': 'Acoustic'}]",[]
41377188,2111467,False,2111467,False,0,FEST,Waterworks Festival,0,,,,,"{'id': 3558, 'name': 'Gunnersbury Park', 'address': 'Gunnersbury Park Ealing', 'town': 'London', 'postcode_lookup': 'London', 'postcode': 'W3 8LQ', 'region': 'London', 'country': 'GB', 'phone': '0207 801 0077', 'latitude': 51.49949, 'longitude': -0.286325, 'type': 'Outdoors', 'rating': 4, 'reviewCount': 1317, 'distance': 10990.338987065028}",https://d31fr2pwly4c4s.cloudfront.net/3/2/c/2111467_9104dd3b_waterworks-festival_th.jpg,https://d31fr2pwly4c4s.cloudfront.net/3/2/c/2111467_9104dd3b_waterworks-festival.jpg,https://d31fr2pwly4c4s.cloudfront.net/3/2/c/2111467_9104dd3b_waterworks-festival_1024.jpg,https://d31fr2pwly4c4s.cloudfront.net/3/2/c/2111467_9104dd3b_waterworks-festival_1024.webp,https://www.skiddle.com/festivals/Waterworks/,2026-09-12,2026-09-12T10:00:00+00:00,2026-09-12T23:00:00+00:00,Independent dance music festival held in London.,"{'doorsopen': '10:00', 'doorsclose': '23:00', 'lastentry': ''}",18,,0,0,False,"{'minPrice': 1, 'maxPrice': 20}",0,public,,False,2039.0,"{'id': 2039, 'name': 'Waterworks Festival', 'earliestStartDate': None}",{'enabled': False},#084898,GBP,[],[],[]
41364708,2108345,False,2108345,False,0,FEST,FeastyFest 2026,0,,,,,"{'id': 134897, 'name': 'Cheam Park, Sutton, Surrey, SM3 8BP', 'address': 'Cheam Park', 'town': 'Sutton', 'postcode_lookup': 'Sutton', 'postcode': 'SM3 8BP', 'region': 'London', 'country': 'GB', 'phone': '', 'latitude': 51.359064, 'longitude': -0.2205996, 'type': 'Other', 'rating': 0, 'reviewCount': 0, 'distance': 17657.87769842238}",https://d31fr2pwly4c4s.cloudfront.net/c/4/5/2108345_18602377_FeastyFest-2027_th.jpg,https://d31fr2pwly4c4s.cloudfront.net/c/4/5/2108345_18602377_FeastyFest-2027.jpg,https://d31fr2pwly4c4s.cloudfront.net/c/4/5/2108345_18602377_FeastyFest-2027_1024.jpg,https://d31fr2pwly4c4s.cloudfront.net/c/4/5/2108345_18602377_FeastyFest-2027_1024.webp,https://www.skiddle.com/festivals/feastyfest/,2026-09-12,2026-09-12T11:00:00+00:00,2026-09-13T20:30:00+00:00,FeastyFest 2026 Sat 12 and Sun 13 Sept. Family festival of food drink and music for all ages voted one of the UKs safest family events,"{'doorsopen': '11:00', 'doorsclose': '20:30', 'lastentry': '21:00'}",,,0,0,True,"{'minPrice': 0.55, 'maxPrice': 200}",,public,,False,2217.0,"{'id': 2217, 'name': 'FeastyFest', 'earliestStartDate': None}",{'enabled': False},#d83888,GBP,"[{'artistid': '123497536', 'name': 'The Dunwells', 'image': 'https://d1mdxzfl9p8pzo.cloudfront.net/6/123497536_267.jpg', 'spotifyartisturl': 'spotify:artist:7D0V1JYNXvhpxHDoP3zu0x'}, {'artistid': '123517488', 'name': 'Legend - A Bob Marley Tribute', 'image': 'https://d1mdxzfl9p8pzo.cloudfront.net/8/123517488_2_1024.jpg', 'spotifyartisturl': None}, {'artistid': '123548566', 'name': 'The House & Garage Orchestra', 'image': 'https://d1mdxzfl9p8pzo.cloudfront.net/6/123548566_1_1024.jpg', 'spotifyartisturl': 'spotify:artist:6zWa7SWfjXbxoRn7hOxtuL'}, {'artistid': '123552078', 'name': 'Complete Madness', 'image': 'https://d1mdxzfl9p8pzo.cloudfront.net/8/123552078_1_1024.jpg', 'spotifyartisturl': None}, {'artistid': '123573310', 'name': 'Ellie Sax', 'image': 'https://d1mdxzfl9p8pzo.cloudfront.net/0/123573310_1_1024.jpg', 'spotifyartisturl': 'spotify:artist:29F0PD42gPA2kL7wHWzgAN'}, {'artistid': '123579740', 'name': 'Beatles Dub Club', 'image': 'https://d1plawd8huk6hh.cloudfront.net/assets/default400.png', 'spotifyartisturl': None}, {'artistid': '123606814', 'name': 'Dj Bezi', 'image': 'https://d1mdxzfl9p8pzo.cloudfront.net/4/123606814_9f3d550f_1024.jpg', 'spotifyartisturl': None}, {'artistid': '123616263', 'name': 'Vicky Jackson As Pink', 'image': 'https://d1mdxzfl9p8pzo.cloudfront.net/3/123616263_1_1024.jpg', 'spotifyartisturl': None}]","[{'genreid': '3', 'name': 'UK Garage'}, {'genreid': '20', 'name': 'Pop'}, {'genreid': '26', 'name': 'Indie'}, {'genreid': '68', 'name': 'Reggae'}]",[]
42579857,2300793,False,2300793,False,0,FEST,Girls Like R&B - Summer Open-Air Festival - Sat 12th September,0,,,,,"{'id': 109726, 'name': 'LDN EAST', 'address': '30 Bidder St', 'town': 'Canning Town', 'postcode_lookup': 'London', 'postcode': 'E16 4SH', 'region': 'London', 'country': 'GB', 'phone': '', 'latitude': 51.5190133, 'longitude': 0.0037307, 'type': 'Nightclub', 'rating': 4, 'reviewCount': 1078, 'distance': 9213.217964289111}",https://d31fr2pwly4c4s.cloudfront.net/5/5/d/2300793_a7aa977f_girls-like-r-b-summer-open-air-festival-sat-12th-september_th.jpg,https://d31fr2pwly4c4s.cloudfront.net/5/5/d/2300793_a7aa977f_girls-like-r-b-summer-open-air-festival-sat-12th-september.jpg,https://d31fr2pwly4c4s.cloudfront.net/5/5/d/2300793_a7aa977f_girls-like-r-b-summer-open-air-festival-sat-12th-september_1024.jpg,https://d31fr2pwly4c4s.cloudfront.net/5/5/d/2300793_a7aa977f_girls-like-r-b-summer-open-air-festival-sat-12th-september_1024.webp,https://www.skiddle.com/whats-on/London/LDN-EAST/Girls-Like-RB---Summer-Open-Air-Festival---Sat-12th-September/42579857/,2026-09-12,2026-09-12T15:00:00+00:00,2026-09-12T22:00:00+00:00,"LONDON GIRLS, THIS IS YOUR LAST SUMMER LINK-UP 

The UK's FIRST all-female R&B festival returns to London for our biggest and final open-air party","{'doorsopen': '15:00', 'doorsclose': '22:00', 'lastentry': '19:00'}",18,,0,0,True,"{'minPrice': 18, 'maxPrice': 28}",,public,,False,,,{'enabled': False},#88c8f8,GBP,[],"[{'genreid': '4', 'name': 'R&B'}]",[]
42530300,2292445,False,2292445,False,0,FEST,"Rhinestone Fest: London, September 12th",0,,,,,"{'id': 104980, 'name': 'Between The Bridges', 'address': 'Jubilee Gardens, Queens Walk', 'town': 'London', 'postcode_lookup': 'London', 'postcode': 'SE1 8XX', 'region': 'London', 'country': 'GB', 'phone': '', 'latitude': 51.504813, 'longitude': -0.117548, 'type': 'Outdoors', 'rating': 4, 'reviewCount': 64, 'distance': 763.1782870806937}",https://d31fr2pwly4c4s.cloudfront.net/4/5/2/2292445_72b2c2cf_rhinestone-fest-london-september-12th_th.jpg,https://d31fr2pwly4c4s.cloudfront.net/4/5/2/2292445_72b2c2cf_rhinestone-fest-london-september-12th.jpg,https://d31fr2pwly4c4s.cloudfront.net/4/5/2/2292445_72b2c2cf_rhinestone-fest-london-september-12th_1024.jpg,https://d31fr2pwly4c4s.cloudfront.net/4/5/2/2292445_72b2c2cf_rhinestone-fest-london-september-12th_1024.webp,https://www.skiddle.com/whats-on/London/Between-The-Bridges/Rhinestone-Fest-London-September-12th/42530300/,2026-09-12,2026-09-12T17:00:00+00:00,2026-09-12T23:00:00+00:00,"London, due to popular demand, we're bringing y'all Rhinestone Fest back this year! See y'all back on that dancefloor ! Yeehaw!","{'doorsopen': '17:00', 'doorsclose': '23:00', 'lastentry': '22:00'}",18,,0,0,True,"{'minPrice': 20, 'maxPrice': 22}",,public,,False,,,{'enabled': False},#d80808,GBP,[],"[{'genreid': '71', 'name': 'Country/Americana'}]",[]
42421132,2263764,False,2263764,False,0,FEST,One More Jam 2026,0,,,,,"{'id': 137632, 'name': 'Eutopia Whs', 'address': '42 River Road', 'town': 'Barking', 'postcode_lookup': 'Ilford', 'postcode': 'IG11 0DW', 'region': 'London', 'country': 'GB', 'phone': '', 'latitude': 51.5204397, 'longitude': 0.0963664, 'type': 'Other', 'rating': 0, 'reviewCount': 0, 'distance': 15597.83681988737}",https://d31fr2pwly4c4s.cloudfront.net/7/e/8/2263764_393020f9_one-more-jam-2026_th.jpg,https://d31fr2pwly4c4s.cloudfront.net/7/e/8/2263764_393020f9_one-more-jam-2026.jpg,https://d31fr2pwly4c4s.cloudfront.net/7/e/8/2263764_393020f9_one-more-jam-2026_1024.jpg,https://d31fr2pwly4c4s.cloudfront.net/7/e/8/2263764_393020f9_one-more-jam-2026_1024.webp,https://www.skiddle.com/whats-on/Ilford/Eutopia-Whs/One-More-Jam-2026/42421132/,2026-09-13,2026-09-13T14:00:00+00:00,2026-09-13T22:00:00+00:00,The UK's Biggest After Carnival Jam!,"{'doorsopen': '14:00', 'doorsclose': '22:00', 'lastentry': '18:00'}",21,,0,0,True,"{'minPrice': 20, 'maxPrice': 45}",,public,,False,,,{'enabled': False},#181818,GBP,[],"[{'genreid': '24', 'name': 'Dancehall'}, {'genreid': '68', 'name': 'Reggae'}]",[]
42533758,2293693,False,2293693,False,0,FEST,LEGACY outdoors summer closing party,0,,,,,"{'id': 133359, 'name': 'Eutopia', 'address': '42A River Road', 'town': 'Barking', 'postcode_lookup': 'Ilford', 'postcode': 'IG11 0DW', 'region': 'London', 'country': 'GB', 'phone': '', 'latitude': 51.5204397, 'longitude': 0.0963664, 'type': 'Nightclub', 'rating': 0, 'reviewCount': 0, 'distance': 15597.83681988737}",https://d1plawd8huk6hh.cloudfront.net/assets/default400.png,https://d1plawd8huk6hh.cloudfront.net/assets/default400.png,https://d1plawd8huk6hh.cloudfront.net/assets/default400.png,False,https://www.skiddle.com/whats-on/Ilford/Eutopia/LEGACY-outdoors-summer-closing-party/42533758/,2026-09-19,2026-09-19T14:00:00+00:00,2026-09-19T23:00:00+00:00,We are outside and inside for our summer closing party with 3 arenas and over 40 Djs with your favourite Live PA's and Mc's,"{'doorsopen': '14:00', 'doorsclose': '23:00', 'lastentry': '20:00'}",30,,0,0,True,"{'minPrice': 8, 'maxPrice': 8}",,public,,False,,,{'enabled': False},#0898c8,GBP,[],"[{'genreid': '3', 'name': 'UK Garage'}, {'genreid': '10', 'name': 'Deep House'}, {'genreid': '13', 'name': 'Tribal House'}, {'genreid': '22', 'name': 'Funky House'}, {'genreid': '108', 'name': 'Soulful House'}]",[]
42573198,2299710,False,2299710,False,0,FEST,R&B Rooftop Party - Saturday 26th September - Freight Brixton,0,,,,,"{'id': 135716, 'name': 'Freight Brixton', 'address': '20 Popes Road', 'town': 'London', 'postcode_lookup': 'London', 'postcode': 'SW9 8JH', 'region': 'London', 'country': 'GB', 'phone': '', 'latitude': 51.4629424, 'longitude': -0.1125395, 'type': 'Outdoors', 'rating': 3, 'reviewCount': 75, 'distance': 5014.593932204511}",https://d31fr2pwly4c4s.cloudfront.net/d/4/7/2299710_b80e9a4e_r-b-rooftop-party-saturday-26th-september-freight-brixton_th.jpg,https://d31fr2pwly4c4s.cloudfront.net/d/4/7/2299710_b80e9a4e_r-b-rooftop-party-saturday-26th-september-freight-brixton.jpg,https://d31fr2pwly4c4s.cloudfront.net/d/4/7/2299710_b80e9a4e_r-b-rooftop-party-saturday-26th-september-freight-brixton_1024.jpg,https://d31fr2pwly4c4s.cloudfront.net/d/4/7/2299710_b80e9a4e_r-b-rooftop-party-saturday-26th-september-freight-brixton_1024.webp,https://www.skiddle.com/whats-on/London/Freight-Brixton/RB-Rooftop-Party---Saturday-26th-September---Freight-Brixton/42573198/,2026-09-26,2026-09-26T17:00:00+00:00,2026-09-26T23:00:00+00:00,"R&B LOVERS SUMMER ROOFTOP PARTY

This summer, we're taking over one of London's biggest rooftop venues for an unforgettable day of Old School R&B","{'doorsopen': '17:00', 'doorsclose': '23:00', 'lastentry': '20:00'}",18,,0,0,True,"{'minPrice': 24, 'maxPrice': 30}",,public,,False,,,{'enabled': False},#9888f8,GBP,[],"[{'genreid': '4', 'name': 'R&B'}]",[]
42579920,2300842,False,2300842,False,0,FEST,Oktoberfest on the Common - Friday 9th Oct 2026,0,,,,,"{'id': 923, 'name': 'Clapham Common', 'address': 'Clapham Common West Side', 'town': 'London', 'postcode_lookup': 'London', 'postcode': 'SW4 9AT', 'region': 'London', 'country': 'GB', 'phone': '', 'latitude': 51.457543, 'longitude': -0.152942, 'type': 'Outdoors', 'rating': 3, 'reviewCount': 467, 'distance': 5764.225930854711}",https://d31fr2pwly4c4s.cloudfront.net/c/d/4/2300842_00be12ed_oktoberfest-on-the-common-friday-9th-oct-2026_th.jpg,https://d31fr2pwly4c4s.cloudfront.net/c/d/4/2300842_00be12ed_oktoberfest-on-the-common-friday-9th-oct-2026.jpg,https://d31fr2pwly4c4s.cloudfront.net/c/d/4/2300842_00be12ed_oktoberfest-on-the-common-friday-9th-oct-2026_1024.jpg,https://d31fr2pwly4c4s.cloudfront.net/c/d/4/2300842_00be12ed_oktoberfest-on-the-common-friday-9th-oct-2026_1024.webp,https://www.skiddle.com/whats-on/London/Clapham-Common/Oktoberfest-on-the-Common---Friday-9th-Oct-2026/42579920/,2026-10-09,2026-10-09T17:00:00+00:00,2026-10-09T23:00:00+00:00,"The UK's largest Oktoberfest is returning to Clapham Common. Expect Funfair Rides, Steins, Live Brass Bands, Dancing, Bavarian Games + much more!","{'doorsopen': '17:00', 'doorsclose': '23:00', 'lastentry': '21:00'}",18,,0,0,True,"{'minPrice': 0, 'maxPrice': 0}",0,public,,False,,,{'enabled': False},#b81828,GBP,[],"[{'genreid': '20', 'name': 'Pop'}, {'genreid': '57', 'name': 'Disco'}, {'genreid': '76', 'name': 'Retro and Throwbacks'}, {'genreid': '94', 'name': 'Big Beat'}]",[]
42579926,2300847,False,2300847,False,0,FEST,Oktoberfest on the Common - Day session - Saturday 10th Oct 2026,0,,,,,"{'id': 923, 'name': 'Clapham Common', 'address': 'Clapham Common West Side', 'town': 'London', 'postcode_lookup': 'London', 'postcode': 'SW4 9AT', 'region': 'London', 'country': 'GB', 'phone': '', 'latitude': 51.457543, 'longitude': -0.152942, 'type': 'Outdoors', 'rating': 3, 'reviewCount': 467, 'distance': 5764.225930854711}",https://d31fr2pwly4c4s.cloudfront.net/d/2/e/2300847_4a5ba58a_oktoberfest-on-the-common-day-session-saturday-10th-oct-2026_th.jpg,https://d31fr2pwly4c4s.cloudfront.net/d/2/e/2300847_4a5ba58a_oktoberfest-on-the-common-day-session-saturday-10th-oct-2026.jpg,https://d31fr2pwly4c4s.cloudfront.net/d/2/e/2300847_4a5ba58a_oktoberfest-on-the-common-day-session-saturday-10th-oct-2026_1024.jpg,https://d31fr2pwly4c4s.cloudfront.net/d/2/e/2300847_4a5ba58a_oktoberfest-on-the-common-day-session-saturday-10th-oct-2026_1024.webp,https://www.skiddle.com/whats-on/London/Clapham-Common/Oktoberfest-on-the-Common---Day-session---Saturday-10th-Oct-2026/42579926/,2026-10-10,2026-10-10T11:00:00+00:00,2026-10-10T16:00:00+00:00,"The UK's largest Oktoberfest is returning to Clapham Common. Expect Funfair Rides, Steins, Live Brass Bands, Dancing, Bavarian Games + much more!","{'doorsopen': '11:00', 'doorsclose': '16:00', 'lastentry': '14:00'}",18,,0,0,True,"{'minPrice': 0, 'maxPrice': 0}",0,public,,False,,,{'enabled': False},#b81828,GBP,[],"[{'genreid': '20', 'name': 'Pop'}, {'genreid': '57', 'name': 'Disco'}, {'genreid': '76', 'name': 'Retro and Throwbacks'}, {'genreid': '94', 'name': 'Big Beat'}]",[]
42579912,2300834,False,2300834,False,0,FEST,Oktoberfest on the Common - Evening session - Sat 10th Oct 2026,0,,,,,"{'id': 923, 'name': 'Clapham Common', 'address': 'Clapham Common West Side', 'town': 'London', 'postcode_lookup': 'London', 'postcode': 'SW4 9AT', 'region': 'London', 'country': 'GB', 'phone': '', 'latitude': 51.457543, 'longitude': -0.152942, 'type': 'Outdoors', 'rating': 3, 'reviewCount': 467, 'distance': 5764.225930854711}",https://d31fr2pwly4c4s.cloudfront.net/8/4/c/2300834_da37e4ab_oktoberfest-on-the-common-friday-9th-october-2026_th.jpg,https://d31fr2pwly4c4s.cloudfront.net/8/4/c/2300834_da37e4ab_oktoberfest-on-the-common-friday-9th-october-2026.jpg,https://d31fr2pwly4c4s.cloudfront.net/8/4/c/2300834_da37e4ab_oktoberfest-on-the-common-friday-9th-october-2026_1024.jpg,https://d31fr2pwly4c4s.cloudfront.net/8/4/c/2300834_da37e4ab_oktoberfest-on-the-common-friday-9th-october-2026_1024.webp,https://www.skiddle.com/whats-on/London/Clapham-Common/Oktoberfest-on-the-Common---Evening-session---Sat-10th-Oct-2026/42579912/,2026-10-10,2026-10-10T18:00:00+00:00,2026-10-10T23:00:00+00:00,"The UK's largest Oktoberfest is returning to Clapham Common. Expect Funfair Rides, Steins, Live Brass Bands, Dancing, Bavarian Games + much more!","{'doorsopen': '18:00', 'doorsclose': '23:00', 'lastentry': '21:00'}",18,,0,0,True,"{'minPrice': 0, 'maxPrice': 0}",,public,,True,,,{'enabled': False},#b81828,GBP,[],"[{'genreid': '20', 'name': 'Pop'}, {'genreid': '57', 'name': 'Disco'}, {'genreid': '76', 'name': 'Retro and Throwbacks'}, {'genreid': '94', 'name': 'Big Beat'}]",[]
42579921,2300843,False,2300843,False,0,FEST,Oktoberfest on the Common - Friday 16th Oct 2026,0,,,,,"{'id': 923, 'name': 'Clapham Common', 'address': 'Clapham Common West Side', 'town': 'London', 'postcode_lookup': 'London', 'postcode': 'SW4 9AT', 'region': 'London', 'country': 'GB', 'phone': '', 'latitude': 51.457543, 'longitude': -0.152942, 'type': 'Outdoors', 'rating': 3, 'reviewCount': 467, 'distance': 5764.225930854711}",https://d31fr2pwly4c4s.cloudfront.net/f/d/6/2300843_01ca00f9_oktoberfest-on-the-common-friday-16th-oct-2026_th.jpg,https://d31fr2pwly4c4s.cloudfront.net/f/d/6/2300843_01ca00f9_oktoberfest-on-the-common-friday-16th-oct-2026.jpg,https://d31fr2pwly4c4s.cloudfront.net/f/d/6/2300843_01ca00f9_oktoberfest-on-the-common-friday-16th-oct-2026_1024.jpg,https://d31fr2pwly4c4s.cloudfront.net/f/d/6/2300843_01ca00f9_oktoberfest-on-the-common-friday-16th-oct-2026_1024.webp,https://www.skiddle.com/whats-on/London/Clapham-Common/Oktoberfest-on-the-Common---Friday-16th-Oct-2026/42579921/,2026-10-16,2026-10-16T17:00:00+00:00,2026-10-16T23:00:00+00:00,"The UK's largest Oktoberfest is returning to Clapham Common. Expect Funfair Rides, Steins, Live Brass Bands, Dancing, Bavarian Games + much more!","{'doorsopen': '17:00', 'doorsclose': '23:00', 'lastentry': '21:00'}",18,,0,0,True,"{'minPrice': 0, 'maxPrice': 0}",0,public,,False,,,{'enabled': False},#180808,GBP,[],"[{'genreid': '20', 'name': 'Pop'}, {'genreid': '57', 'name': 'Disco'}, {'genreid': '76', 'name': 'Retro and Throwbacks'}, {'genreid': '94', 'name': 'Big Beat'}]",[]
42579927,2300848,False,2300848,False,0,FEST,Oktoberfest on the Common - Day session - Saturday 17th Oct 2026,0,,,,,"{'id': 923, 'name': 'Clapham Common', 'address': 'Clapham Common West Side', 'town': 'London', 'postcode_lookup': 'London', 'postcode': 'SW4 9AT', 'region': 'London', 'country': 'GB', 'phone': '', 'latitude': 51.457543, 'longitude': -0.152942, 'type': 'Outdoors', 'rating': 3, 'reviewCount': 467, 'distance': 5764.225930854711}",https://d31fr2pwly4c4s.cloudfront.net/9/0/0/2300848_25334f8d_oktoberfest-on-the-common-day-session-saturday-17th-oct-2026_th.jpg,https://d31fr2pwly4c4s.cloudfront.net/9/0/0/2300848_25334f8d_oktoberfest-on-the-common-day-session-saturday-17th-oct-2026.jpg,https://d31fr2pwly4c4s.cloudfront.net/9/0/0/2300848_25334f8d_oktoberfest-on-the-common-day-session-saturday-17th-oct-2026_1024.jpg,https://d31fr2pwly4c4s.cloudfront.net/9/0/0/2300848_25334f8d_oktoberfest-on-the-common-day-session-saturday-17th-oct-2026_1024.webp,https://www.skiddle.com/whats-on/London/Clapham-Common/Oktoberfest-on-the-Common---Day-session---Saturday-17th-Oct-2026/42579927/,2026-10-17,2026-10-17T11:00:00+00:00,2026-10-17T16:00:00+00:00,"The UK's largest Oktoberfest is returning to Clapham Common. Expect Funfair Rides, Steins, Live Brass Bands, Dancing, Bavarian Games + much more!","{'doorsopen': '11:00', 'doorsclose': '16:00', 'lastentry': '14:00'}",18,,0,0,True,"{'minPrice': 0, 'maxPrice': 0}",0,public,,False,,,{'enabled': False},#080808,GBP,[],"[{'genreid': '20', 'name': 'Pop'}, {'genreid': '57', 'name': 'Disco'}, {'genreid': '76', 'name': 'Retro and Throwbacks'}, {'genreid': '94', 'name': 'Big Beat'}]",[]
42266759,2231250,False,2231250,False,0,FEST,Allday Indie Indoor Festival - London,0,,,,,"{'id': 108047, 'name': 'Boxpark Wembley', 'address': '18 Olympic Way', 'town': 'Wembley', 'postcode_lookup': 'Harrow', 'postcode': 'HA9 0JT', 'region': 'London', 'country': 'GB', 'phone': '', 'latitude': 51.5605176, 'longitude': -0.2803926, 'type': 'live', 'rating': 3, 'reviewCount': 372, 'distance': 12104.686275657701}",https://d31fr2pwly4c4s.cloudfront.net/b/d/e/2231250_e6248fc2_allday-indie-indoor-festival-london_th.jpg,https://d31fr2pwly4c4s.cloudfront.net/b/d/e/2231250_e6248fc2_allday-indie-indoor-festival-london.jpg,https://d31fr2pwly4c4s.cloudfront.net/b/d/e/2231250_e6248fc2_allday-indie-indoor-festival-london_1024.jpg,https://d31fr2pwly4c4s.cloudfront.net/b/d/e/2231250_e6248fc2_allday-indie-indoor-festival-london_1024.webp,https://www.skiddle.com/whats-on/Harrow/Boxpark-Wembley/Allday-Indie-Indoor-Festival---London/42266759/,2026-10-17,2026-10-17T17:00:00+00:00,2026-10-17T22:00:00+00:00,"AllDay Indie Indoor Festival - Boxpark Wembley
A massive allday throwback party celebrating the sound of your youth.","{'doorsopen': '17:00', 'doorsclose': '22:00', 'lastentry': '19:30'}",18,,0,0,True,"{'minPrice': 0, 'maxPrice': 0}",,public,,False,,,{'enabled': False},#58c8e8,GBP,[],"[{'genreid': '26', 'name': 'Indie'}, {'genreid': '86', 'name': 'Nu Indie'}, {'genreid': '98', 'name': 'Indie Pop'}]",[]
42579915,2300837,False,2300837,False,0,FEST,Oktoberfest on the Common - Evening session - Sat 17th Oct 2026,0,,,,,"{'id': 923, 'name': 'Clapham Common', 'address': 'Clapham Common West Side', 'town': 'London', 'postcode_lookup': 'London', 'postcode': 'SW4 9AT', 'region': 'London', 'country': 'GB', 'phone': '', 'latitude': 51.457543, 'longitude': -0.152942, 'type': 'Outdoors', 'rating': 3, 'reviewCount': 467, 'distance': 5764.225930854711}",https://d31fr2pwly4c4s.cloudfront.net/a/3/e/2300837_5aa55f66_oktoberfest-on-the-common-evening-session-sat-17th-oct-2026_th.jpg,https://d31fr2pwly4c4s.cloudfront.net/a/3/e/2300837_5aa55f66_oktoberfest-on-the-common-evening-session-sat-17th-oct-2026.jpg,https://d31fr2pwly4c4s.cloudfront.net/a/3/e/2300837_5aa55f66_oktoberfest-on-the-common-evening-session-sat-17th-oct-2026_1024.jpg,https://d31fr2pwly4c4s.cloudfront.net/a/3/e/2300837_5aa55f66_oktoberfest-on-the-common-evening-session-sat-17th-oct-2026_1024.webp,https://www.skiddle.com/whats-on/London/Clapham-Common/Oktoberfest-on-the-Common---Evening-session---Sat-17th-Oct-2026/42579915/,2026-10-17,2026-10-17T18:00:00+00:00,2026-10-17T23:00:00+00:00,"The UK's largest Oktoberfest is returning to Clapham Common. Expect Funfair Rides, Steins, Live Brass Bands, Dancing, Bavarian Games + much more!","{'doorsopen': '18:00', 'doorsclose': '23:00', 'lastentry': '21:00'}",18,,0,0,True,"{'minPrice': 0, 'maxPrice': 0}",0,public,,True,,,{'enabled': False},#b81828,GBP,[],"[{'genreid': '20', 'name': 'Pop'}, {'genreid': '57', 'name': 'Disco'}, {'genreid': '76', 'name': 'Retro and Throwbacks'}, {'genreid': '94', 'name': 'Big Beat'}]",[]
41466873,2133532,False,2133532,False,0,FEST,Keep it Country Festival 2026 (SOUTH),1,2026-02-04 10:02:54,cancelled,Automatic cancellation: All future dates in the event series have been cancelled,,"{'id': 58721, 'name': 'Indigo At The O2', 'address': 'The O2, Peninsula Square, Greenwich', 'town': 'London', 'postcode_lookup': 'London', 'postcode': 'SE10 0ES', 'region': 'London', 'country': 'GB', 'phone': '020 8463 2000', 'latitude': 51.502332, 'longitude': 0.004974, 'type': 'live', 'rating': 4, 'reviewCount': 716, 'distance': 9218.216335456402}",https://d31fr2pwly4c4s.cloudfront.net/f/2/2/2133532_428fb763_keep-it-country-festival-2026-south-_th.jpg,https://d31fr2pwly4c4s.cloudfront.net/f/2/2/2133532_428fb763_keep-it-country-festival-2026-south-.jpg,https://d31fr2pwly4c4s.cloudfront.net/f/2/2/2133532_428fb763_keep-it-country-festival-2026-south-_1024.jpg,https://d31fr2pwly4c4s.cloudfront.net/f/2/2/2133532_428fb763_keep-it-country-festival-2026-south-_1024.webp,https://www.skiddle.com/whats-on/London/Indigo-At-The-O2/Keep-it-Country-Festival-2026-SOUTH/41466873/,2026-10-23,2026-10-23T14:00:00+00:00,2026-10-23T23:00:00+00:00,"KEEP IT COUNTRY FESTIVAL 2026

The UKs best indoor country music festival is back in 2026 and on sale now!","{'doorsopen': '14:00', 'doorsclose': '23:00', 'lastentry': '19:30'}",14,,0,0,False,"{'minPrice': 39.5, 'maxPrice': 65}",,public,,False,,,{'enabled': False},#281808,GBP,[],"[{'genreid': '71', 'name': 'Country/Americana'}]",[]
42579922,2300844,False,2300844,False,0,FEST,Oktoberfest on the Common - Friday 23rd Oct 2026,0,,,,,"{'id': 923, 'name': 'Clapham Common', 'address': 'Clapham Common West Side', 'town': 'London', 'postcode_lookup': 'London', 'postcode': 'SW4 9AT', 'region': 'London', 'country': 'GB', 'phone': '', 'latitude': 51.457543, 'longitude': -0.152942, 'type': 'Outdoors', 'rating': 3, 'reviewCount': 467, 'distance': 5764.225930854711}",https://d31fr2pwly4c4s.cloudfront.net/5/1/0/2300844_3c04d5b0_oktoberfest-on-the-common-friday-23rd-oct-2026_th.jpg,https://d31fr2pwly4c4s.cloudfront.net/5/1/0/2300844_3c04d5b0_oktoberfest-on-the-common-friday-23rd-oct-2026.jpg,https://d31fr2pwly4c4s.cloudfront.net/5/1/0/2300844_3c04d5b0_oktoberfest-on-the-common-friday-23rd-oct-2026_1024.jpg,https://d31fr2pwly4c4s.cloudfront.net/5/1/0/2300844_3c04d5b0_oktoberfest-on-the-common-friday-23rd-oct-2026_1024.webp,https://www.skiddle.com/whats-on/London/Clapham-Common/Oktoberfest-on-the-Common---Friday-23rd-Oct-2026/42579922/,2026-10-23,2026-10-23T17:00:00+00:00,2026-10-23T23:00:00+00:00,"The UK's largest Oktoberfest is returning to Clapham Common. Expect Funfair Rides, Steins, Live Brass Bands, Dancing, Bavarian Games + much more!","{'doorsopen': '17:00', 'doorsclose': '23:00', 'lastentry': '21:00'}",18,,0,0,True,"{'minPrice': 0, 'maxPrice': 0}",0,public,,False,,,{'enabled': False},#e8e8e8,GBP,[],"[{'genreid': '20', 'name': 'Pop'}, {'genreid': '57', 'name': 'Disco'}, {'genreid': '76', 'name': 'Retro and Throwbacks'}, {'genreid': '94', 'name': 'Big Beat'}]",[]
42579928,2300849,False,2300849,False,0,FEST,Oktoberfest on the Common - Day session - Saturday 24th Oct 2026,0,,,,,"{'id': 923, 'name': 'Clapham Common', 'address': 'Clapham Common West Side', 'town': 'London', 'postcode_lookup': 'London', 'postcode': 'SW4 9AT', 'region': 'London', 'country': 'GB', 'phone': '', 'latitude': 51.457543, 'longitude': -0.152942, 'type': 'Outdoors', 'rating': 3, 'reviewCount': 467, 'distance': 5764.225930854711}",https://d31fr2pwly4c4s.cloudfront.net/4/c/a/2300849_e82a3868_oktoberfest-on-the-common-day-session-saturday-24th-oct-2026_th.jpg,https://d31fr2pwly4c4s.cloudfront.net/4/c/a/2300849_e82a3868_oktoberfest-on-the-common-day-session-saturday-24th-oct-2026.jpg,https://d31fr2pwly4c4s.cloudfront.net/4/c/a/2300849_e82a3868_oktoberfest-on-the-common-day-session-saturday-24th-oct-2026_1024.jpg,https://d31fr2pwly4c4s.cloudfront.net/4/c/a/2300849_e82a3868_oktoberfest-on-the-common-day-session-saturday-24th-oct-2026_1024.webp,https://www.skiddle.com/whats-on/London/Clapham-Common/Oktoberfest-on-the-Common---Day-session---Saturday-24th-Oct-2026/42579928/,2026-10-24,2026-10-24T11:00:00+00:00,2026-10-24T16:00:00+00:00,"The UK's largest Oktoberfest is returning to Clapham Common. Expect Funfair Rides, Steins, Live Brass Bands, Dancing, Bavarian Games + much more!","{'doorsopen': '11:00', 'doorsclose': '16:00', 'lastentry': '14:00'}",18,,0,0,True,"{'minPrice': 0, 'maxPrice': 0}",0,public,,False,,,{'enabled': False},#180818,GBP,[],"[{'genreid': '20', 'name': 'Pop'}, {'genreid': '57', 'name': 'Disco'}, {'genreid': '76', 'name': 'Retro and Throwbacks'}, {'genreid': '94', 'name': 'Big Beat'}]",[]
42579916,2300838,False,2300838,False,0,FEST,Oktoberfest on the Common - Evening session - Sat 24th Oct 2026,0,,,,,"{'id': 923, 'name': 'Clapham Common', 'address': 'Clapham Common West Side', 'town': 'London', 'postcode_lookup': 'London', 'postcode': 'SW4 9AT', 'region': 'London', 'country': 'GB', 'phone': '', 'latitude': 51.457543, 'longitude': -0.152942, 'type': 'Outdoors', 'rating': 3, 'reviewCount': 467, 'distance': 5764.225930854711}",https://d31fr2pwly4c4s.cloudfront.net/8/a/7/2300838_4c01059d_oktoberfest-on-the-common-evening-session-sat-24th-oct-2026_th.jpg,https://d31fr2pwly4c4s.cloudfront.net/8/a/7/2300838_4c01059d_oktoberfest-on-the-common-evening-session-sat-24th-oct-2026.jpg,https://d31fr2pwly4c4s.cloudfront.net/8/a/7/2300838_4c01059d_oktoberfest-on-the-common-evening-session-sat-24th-oct-2026_1024.jpg,https://d31fr2pwly4c4s.cloudfront.net/8/a/7/2300838_4c01059d_oktoberfest-on-the-common-evening-session-sat-24th-oct-2026_1024.webp,https://www.skiddle.com/whats-on/London/Clapham-Common/Oktoberfest-on-the-Common---Evening-session---Sat-24th-Oct-2026/42579916/,2026-10-24,2026-10-24T18:00:00+00:00,2026-10-24T23:00:00+00:00,"The UK's largest Oktoberfest is returning to Clapham Common. Expect Funfair Rides, Steins, Live Brass Bands, Dancing, Bavarian Games + much more!","{'doorsopen': '18:00', 'doorsclose': '23:00', 'lastentry': '21:00'}",18,,0,0,True,"{'minPrice': 0, 'maxPrice': 0}",0,public,,True,,,{'enabled': False},#d8d8e8,GBP,[],"[{'genreid': '20', 'name': 'Pop'}, {'genreid': '57', 'name': 'Disco'}, {'genreid': '76', 'name': 'Retro and Throwbacks'}, {'genreid': '94', 'name': 'Big Beat'}]",[]
42302553,2237981,False,2237981,False,0,FEST,Deaf Rave Festival 2026 - Daytime,0,,,,,"{'id': 14963, 'name': 'Rich Mix', 'address': '35 - 47 Bethnal Green Road', 'town': 'London', 'postcode_lookup': 'London', 'postcode': 'E1 6LA', 'region': 'London', 'country': 'GB', 'phone': '020 7613 7498', 'latitude': 51.524043, 'longitude': -0.073543, 'type': 'Theatre', 'rating': 4, 'reviewCount': 44, 'distance': 4217.953747733611}",https://d31fr2pwly4c4s.cloudfront.net/4/0/c/2237981_50fd7bd3_deaf-rave-festival-2026-daytime_th.jpg,https://d31fr2pwly4c4s.cloudfront.net/4/0/c/2237981_50fd7bd3_deaf-rave-festival-2026-daytime.jpg,https://d31fr2pwly4c4s.cloudfront.net/4/0/c/2237981_50fd7bd3_deaf-rave-festival-2026-daytime_1024.jpg,https://d31fr2pwly4c4s.cloudfront.net/4/0/c/2237981_50fd7bd3_deaf-rave-festival-2026-daytime_1024.webp,https://www.skiddle.com/whats-on/London/Rich-Mix/Deaf-Rave-Festival-2026---Daytime/42302553/,2026-10-31,2026-10-31T11:00:00+00:00,2026-10-31T17:00:00+00:00,"This is a special themed event this Halloween with music, performances, games, workshops,  cinema and activities for all ages.","{'doorsopen': '11:00', 'doorsclose': '17:00', 'lastentry': '16:00'}",,,0,0,True,"{'minPrice': 8, 'maxPrice': 15}",,public,,False,,,{'enabled': False},#080808,GBP,[],"[{'genreid': '0', 'name': None}]",[]
42491545,2282245,False,2282245,False,0,FEST,Pitchfork Music Festival London,0,,,,,"{'id': 135617, 'name': 'Multiple Venues, London', 'address': '38 Swanage Road', 'town': 'London', 'postcode_lookup': 'London', 'postcode': 'SW18 2DY', 'region': 'London', 'country': 'GB', 'phone': '', 'latitude': 51.4520742, 'longitude': -0.183184, 'type': 'Other', 'rating': 0, 'reviewCount': 0, 'distance': 7204.569497154164}",https://d31fr2pwly4c4s.cloudfront.net/9/c/f/2282245_fd15ce18_pitchfork-music-festival-london_th.jpg,https://d31fr2pwly4c4s.cloudfront.net/9/c/f/2282245_fd15ce18_pitchfork-music-festival-london.jpg,https://d31fr2pwly4c4s.cloudfront.net/9/c/f/2282245_fd15ce18_pitchfork-music-festival-london_1024.jpg,https://d31fr2pwly4c4s.cloudfront.net/9/c/f/2282245_fd15ce18_pitchfork-music-festival-london_1024.webp,https://www.skiddle.com/festivals/pitchfork-music-festival/,2026-11-02,2026-11-02T11:00:00+00:00,2026-11-08T23:00:00+00:00,Indie music festival held at multiple venues in London.,"{'doorsopen': '11:00', 'doorsclose': '23:00', 'lastentry': ''}",18,,0,0,False,"{'minPrice': 8, 'maxPrice': 15}",0,public,,False,1969.0,"{'id': 1969, 'name': 'Pitchfork Music Festival - London', 'earliestStartDate': None}",{'enabled': False},#48a8f8,GBP,"[{'artistid': '123549765', 'name': 'The Avalanches', 'image': 'https://d1mdxzfl9p8pzo.cloudfront.net/5/123549765_1_1024.jpg', 'spotifyartisturl': 'spotify:artist:3C8RpaI3Go0yFF9whvKoED'}, {'artistid': '123569619', 'name': 'Noname', 'image': 'https://d1mdxzfl9p8pzo.cloudfront.net/9/123569619_1_1024.jpg', 'spotifyartisturl': 'spotify:artist:1EpyA68dKpjf7jXmQL88Hy'}, {'artistid': '123566718', 'name': 'Psychedelic Porn Crumpets', 'image': 'https://d1plawd8huk6hh.cloudfront.net/assets/default400.png', 'spotifyartisturl': 'spotify:artist:7GRrLcUxwtQLvOpO7OHO80'}, {'artistid': '123577082', 'name': 'Freak Slug', 'image': 'https://d1plawd8huk6hh.cloudfront.net/assets/default400.png', 'spotifyartisturl': 'spotify:artist:5wk7sY8GIg5ihSI09EbWeS'}, {'artistid': '123512238', 'name': 'The Radio Dept.', 'image': 'https://d1mdxzfl9p8pzo.cloudfront.net/8/123512238_267.jpg', 'spotifyartisturl': 'spotify:artist:0utS63XytOEVN1EtzWhJpG'}, {'artistid': '123571422', 'name': 'Lots of hands', 'image': 'https://d1mdxzfl9p8pzo.cloudfront.net/2/123571422_1_1024.jpg', 'spotifyartisturl': 'spotify:artist:6sNcyjEVdNlZ0dpgr7EcT9'}, {'artistid': '123618176', 'name': 'Tortoise', 'image': 'https://d1mdxzfl9p8pzo.cloudfront.net/6/123618176_1_1024.jpg', 'spotifyartisturl': 'spotify:artist:3WggbHDpj4rPKbL97zG5MQ'}, {'artistid': '123512736', 'name': 'Actress', 'image': 'https://d1mdxzfl9p8pzo.cloudfront.net/6/123512736_267.jpg', 'spotifyartisturl': 'spotify:artist:3bg5rmICvmA8dmYVAdKGYH'}, {'artistid': '123587966', 'name': 'Horse Jumper of Love', 'image': 'https://d1mdxzfl9p8pzo.cloudfront.net/6/123587966_4375e466_1024.jpg', 'spotifyartisturl': 'spotify:artist:6U1lmwvy3I9dIYu9RalJi6'}, {'artistid': '123564824', 'name': ""Working Men's Club"", 'image': 'https://d1mdxzfl9p8pzo.cloudfront.net/4/123564824_1_1024.jpg', 'spotifyartisturl': 'spotify:artist:7cCi9XoRu8Y1SyJ9c94fhc'}, {'artistid': '123594335', 'name': 'Jacob Alon', 'image': 'https://d1mdxzfl9p8pzo.cloudfront.net/5/123594335_1_1024.jpg', 'spotifyartisturl': 'spotify:artist:6wef18QJfuh9f0C4v3TEVH'}, {'artistid': '123576284', 'name': 'Mandy, Indiana', 'image': 'https://d1plawd8huk6hh.cloudfront.net/assets/default400.png', 'spotifyartisturl': 'spotify:artist:2nDJxXJ7PtW7eLpFXcGH3u'}, {'artistid': '123570487', 'name': 'Midwife', 'image': 'https://d1mdxzfl9p8pzo.cloudfront.net/7/123570487_1_1024.jpg', 'spotifyartisturl': 'spotify:artist:5vjIHa1u3TnOlDvVDR9qQa'}, {'artistid': '123573437', 'name': 'keiyaA', 'image': 'https://d1mdxzfl9p8pzo.cloudfront.net/7/123573437_8137fdce_1024.jpg', 'spotifyartisturl': 'spotify:artist:542BY6B2YGEdf2XWvBFUJV'}, {'artistid': '123587590', 'name': 'Hammok', 'image': 'https://d1mdxzfl9p8pzo.cloudfront.net/0/123587590_1_1024.jpg', 'spotifyartisturl': 'spotify:artist:5R1AfWkXVaAraHY3Tk9bMY'}, {'artistid': '123592301', 'name': 'Bill Orcutt', 'image': 'https://d1mdxzfl9p8pzo.cloudfront.net/1/123592301_be757d2b_1024.jpg', 'spotifyartisturl': 'spotify:artist:49ECnwhYzm6Nu97puMvwjG'}, {'artistid': '123593430', 'name': 'Turnspit', 'image': 'https://d1mdxzfl9p8pzo.cloudfront.net/0/123593430_e7ccff91_1024.jpg', 'spotifyartisturl': 'spotify:artist:334JH795dWoOTvOdbwBaDq'}, {'artistid': '123604608', 'name': 'Greg Mendez', 'image': 'https://d1mdxzfl9p8pzo.cloudfront.net/8/123604608_d50eb662_1024.jpg', 'spotifyartisturl': 'spotify:artist:3pGNoAJX3UVctU6X8eG55h'}, {'artistid': '123563464', 'name': 'Olof Dreijer', 'image': 'https://d1plawd8huk6hh.cloudfront.net/assets/default400.png', 'spotifyartisturl': 'spotify:artist:1Wxx3yxd6gZsNiAF1OwLk0'}]","[{'genreid': '26', 'name': 'Indie'}, {'genreid': '46', 'name': 'Alternative'}]",[]
42262752,2229982,False,2229982,False,0,FEST,EFG London Jazz Festival,0,,,,,"{'id': 22078, 'name': 'Southbank Centre', 'address': 'Southbank Centre, Belvedere Road', 'town': 'London', 'postcode_lookup': 'London', 'postcode': 'SE1 8XX', 'region': 'London', 'country': 'GB', 'phone': '020 3879 9555', 'latitude': 51.5062, 'longitude': -0.116393, 'type': 'live', 'rating': 0, 'reviewCount': 0, 'distance': 808.2345661760726}",https://d31fr2pwly4c4s.cloudfront.net/c/5/f/2229982_2e0450c6_efg-london-jazz-festival_th.jpg,https://d31fr2pwly4c4s.cloudfront.net/c/5/f/2229982_2e0450c6_efg-london-jazz-festival.jpg,https://d31fr2pwly4c4s.cloudfront.net/c/5/f/2229982_2e0450c6_efg-london-jazz-festival_1024.jpg,https://d31fr2pwly4c4s.cloudfront.net/c/5/f/2229982_2e0450c6_efg-london-jazz-festival_1024.webp,https://www.skiddle.com/festivals/efg-london-jazz-festival/,2026-11-18,2026-11-18T11:00:00+00:00,2026-11-22T23:00:00+00:00,Jazz Festival held in the UK capital.,"{'doorsopen': '11:00', 'doorsclose': '23:00', 'lastentry': ''}",,,0,0,False,"{'minPrice': 8, 'maxPrice': 15}",0,public,,False,1034.0,"{'id': 1034, 'name': 'EFG London Jazz Festival', 'earliestStartDate': None}",{'enabled': False},#080808,GBP,"[{'artistid': '123561651', 'name': 'Fatoumata Diawara', 'image': 'https://d1plawd8huk6hh.cloudfront.net/assets/default400.png', 'spotifyartisturl': 'spotify:artist:4G5ZJny3HvX6Il7eHVfnNC'}, {'artistid': '123511942', 'name': 'Ben Folds', 'image': 'https://d1mdxzfl9p8pzo.cloudfront.net/2/123511942_267.jpg', 'spotifyartisturl': 'spotify:artist:55tif8708yyDQlSjh3Trdu'}]",[],[]
42510976,2287241,False,2287241,False,0,FEST,The George Harrison Project,0,,,,,"{'id': 88826, 'name': 'The Exchange ', 'address': '75 London Road', 'town': 'Twickenham', 'postcode_lookup': 'Twickenham', 'postcode': 'TW1 1BE', 'region': 'Surrey', 'country': 'GB', 'phone': '020 8240 2399', 'latitude': 51.4488833, 'longitude': -0.3258405, 'type': 'Other', 'rating': 4, 'reviewCount': 110, 'distance': 15148.780845311247}",https://d31fr2pwly4c4s.cloudfront.net/7/2/c/2287241_b780b25e_the-george-harrison-project_th.jpg,https://d31fr2pwly4c4s.cloudfront.net/7/2/c/2287241_b780b25e_the-george-harrison-project.jpg,https://d31fr2pwly4c4s.cloudfront.net/7/2/c/2287241_b780b25e_the-george-harrison-project_1024.jpg,https://d31fr2pwly4c4s.cloudfront.net/7/2/c/2287241_b780b25e_the-george-harrison-project_1024.webp,https://www.skiddle.com/whats-on/Twickenham/The-Exchange-/The-George-Harrison-Project/42510976/,2026-11-29,2026-11-29T18:00:00+00:00,2026-11-29T20:30:00+00:00,"Back due to popular demand, and coinciding with the 25th anniversary.","{'doorsopen': '18:00', 'doorsclose': '20:30', 'lastentry': ''}",,,0,0,False,"{'minPrice': 8, 'maxPrice': 15}",25.00,public,,False,,,{'enabled': False},#080808,GBP,[],[],[]
42512235,2287870,False,2287870,False,0,FEST,The George Harrison Project,0,,,,,"{'id': 129009, 'name': 'Millfield Theatre, UK', 'address': 'Silver Street', 'town': 'London', 'postcode_lookup': 'London', 'postcode': 'N18 1PJ', 'region': 'London', 'country': 'GB', 'phone': '', 'latitude': 51.6164408, 'longitude': -0.0814081, 'type': 'Nightclub', 'rating': 0, 'reviewCount': 0, 'distance': 12588.264788333152}",https://d31fr2pwly4c4s.cloudfront.net/5/2/e/2287870_8702cb00_the-george-harrison-project_th.jpg,https://d31fr2pwly4c4s.cloudfront.net/5/2/e/2287870_8702cb00_the-george-harrison-project.jpg,https://d31fr2pwly4c4s.cloudfront.net/5/2/e/2287870_8702cb00_the-george-harrison-project_1024.jpg,https://d31fr2pwly4c4s.cloudfront.net/5/2/e/2287870_8702cb00_the-george-harrison-project_1024.webp,https://www.skiddle.com/whats-on/London/Millfield-Theatre%2C-UK/The-George-Harrison-Project/42512235/,2027-01-16,2027-01-16T19:30:00+00:00,2027-01-16T22:00:00+00:00,"Timeless classics and unforgettable melodies, as we celebrate the legendary George Harrison.","{'doorsopen': '19:30', 'doorsclose': '22:00', 'lastentry': ''}",,,0,0,False,"{'minPrice': 8, 'maxPrice': 15}",26.50,public,,False,,,{'enabled': False},#080808,GBP,[],[],[]
42260074,2228636,False,2228636,False,0,FEST,Country to Country - London,0,,,,,"{'id': 59676, 'name': 'The O2', 'address': 'Peninsula Square, London SE10 0DX, United Kingdom', 'town': 'London', 'postcode_lookup': 'London', 'postcode': 'SE10 0DX', 'region': 'London', 'country': 'GB', 'phone': '020 8463 2000', 'latitude': 51.503027, 'longitude': 0.00315, 'type': 'Nightclub', 'rating': 4, 'reviewCount': 95, 'distance': 9088.015610356906}",https://d31fr2pwly4c4s.cloudfront.net/1/3/e/2228636_32328904_Country-to-Country---London_th.jpg,https://d31fr2pwly4c4s.cloudfront.net/1/3/e/2228636_32328904_Country-to-Country---London.jpg,https://d31fr2pwly4c4s.cloudfront.net/1/3/e/2228636_32328904_Country-to-Country---London_1024.jpg,https://d31fr2pwly4c4s.cloudfront.net/1/3/e/2228636_32328904_Country-to-Country---London_1024.webp,https://www.skiddle.com/festivals/country-to-country-festival/,2027-03-12,2027-03-12T11:00:00+00:00,2027-03-14T23:00:00+00:00,"Taking place at The O2, C2C: Country to Country will bring country music headliners together in one place, for one weekend!","{'doorsopen': '11:00', 'doorsclose': '23:00', 'lastentry': ''}",,,0,0,False,"{'minPrice': 8, 'maxPrice': 15}",0,public,,False,1236.0,"{'id': 1236, 'name': 'Country To Country Festival - London', 'earliestStartDate': None}",{'enabled': False},#082868,GBP,[],"[{'genreid': '71', 'name': 'Country/Americana'}]",[]
42284740,2234444,False,2234444,False,0,FEST,BACK IN TIME Festival 2027,0,,,,,"{'id': 6641, 'name': 'ESHER RUGBY CLUB', 'address': '369 Molesey Road', 'town': 'Hersham', 'postcode_lookup': 'Kingston-Upon-Thames', 'postcode': 'KT12 3PF', 'region': 'London', 'country': 'GB', 'phone': '0800 652 2852', 'latitude': 51.379902, 'longitude': -0.389332, 'type': 'live', 'rating': 4, 'reviewCount': 93, 'distance': 22973.363295656523}",https://d31fr2pwly4c4s.cloudfront.net/9/d/2/2234444_c0141b4d_back-in-time-festival-2027_th.jpg,https://d31fr2pwly4c4s.cloudfront.net/9/d/2/2234444_c0141b4d_back-in-time-festival-2027.jpg,https://d31fr2pwly4c4s.cloudfront.net/9/d/2/2234444_c0141b4d_back-in-time-festival-2027_1024.jpg,https://d31fr2pwly4c4s.cloudfront.net/9/d/2/2234444_c0141b4d_back-in-time-festival-2027_1024.webp,https://www.skiddle.com/festivals/back-in-time-festival/,2027-05-01,2027-05-01T12:00:00+00:00,2027-05-01T22:00:00+00:00,"Throwback Grooves, Good Vibes, and Positive Energy for over 25's

It's Time to Go Back... WAY BACK!","{'doorsopen': '12:00', 'doorsclose': '22:00', 'lastentry': '16:00'}",25,,0,0,True,"{'minPrice': 30, 'maxPrice': 65}",,public,,False,2994.0,"{'id': 2994, 'name': 'Back In Time Festival ', 'earliestStartDate': None}",{'enabled': False},#f8f8f8,GBP,[],"[{'genreid': '4', 'name': 'R&B'}, {'genreid': '21', 'name': 'Club Classics'}, {'genreid': '43', 'name': 'Soul'}, {'genreid': '45', 'name': 'Funk'}, {'genreid': '108', 'name': 'Soulful House'}]",[]
42415136,2261944,False,2261944,False,0,FEST,Brixton Disco Festival 2027,0,,,,,"{'id': 83286, 'name': 'Multiple Venues Brixton', 'address': '1 Windrush Square', 'town': 'London', 'postcode_lookup': 'London', 'postcode': 'SW2 1EF', 'region': 'London', 'country': 'GB', 'phone': '', 'latitude': 51.460507, 'longitude': -0.115212, 'type': 'Nightclub', 'rating': 4, 'reviewCount': 176, 'distance': 5245.084004606841}",https://d31fr2pwly4c4s.cloudfront.net/2/b/f/2261944_15016926_brixton-disco-festival-2027_th.jpg,https://d31fr2pwly4c4s.cloudfront.net/2/b/f/2261944_15016926_brixton-disco-festival-2027.jpg,https://d31fr2pwly4c4s.cloudfront.net/2/b/f/2261944_15016926_brixton-disco-festival-2027_1024.jpg,https://d31fr2pwly4c4s.cloudfront.net/2/b/f/2261944_15016926_brixton-disco-festival-2027_1024.webp,https://www.skiddle.com/festivals/Brixton-Disco-Festival/,2027-05-01,2027-05-01T14:00:00+00:00,2027-05-02T02:00:00+00:00,We are back on Saturday 1st May 2027. The 9th Annual Multi-Venue Celebration of Disco Culture in the heart of Brixton. Sign Up Below!,"{'doorsopen': '14:00', 'doorsclose': '02:00', 'lastentry': '01:00'}",18,,0,0,True,"{'minPrice': 32.5, 'maxPrice': 32.5}",,public,,False,1467.0,"{'id': 1467, 'name': 'Brixton Disco Festival', 'earliestStartDate': None}",{'enabled': False},#e8e8e8,GBP,[],"[{'genreid': '1', 'name': 'House'}, {'genreid': '57', 'name': 'Disco'}]",[]
42467232,2274101,False,2274101,False,0,FEST,Field Day,0,,,,,"{'id': 125456, 'name': 'Brockwell Park   London', 'address': 'Brockwell Park Gardens', 'town': 'London', 'postcode_lookup': 'London', 'postcode': 'SE24 0NG', 'region': 'London', 'country': 'GB', 'phone': '', 'latitude': 51.45082, 'longitude': -0.1076672, 'type': 'Other', 'rating': 0, 'reviewCount': 0, 'distance': 6403.673529905949}",https://d31fr2pwly4c4s.cloudfront.net/1/2/b/2274101_cc562289_field-day_th.jpg,https://d31fr2pwly4c4s.cloudfront.net/1/2/b/2274101_cc562289_field-day.jpg,https://d31fr2pwly4c4s.cloudfront.net/1/2/b/2274101_cc562289_field-day_1024.jpg,https://d31fr2pwly4c4s.cloudfront.net/1/2/b/2274101_cc562289_field-day_1024.webp,https://www.skiddle.com/festivals/field-day/,2027-05-29,2027-05-29T11:00:00+00:00,2027-05-29T23:00:00+00:00,"Field Day is back, bringing together cutting-edge artists, underground sounds, and a diverse community of music lovers.","{'doorsopen': '11:00', 'doorsclose': '23:00', 'lastentry': ''}",18,,0,0,False,"{'minPrice': 32.5, 'maxPrice': 32.5}",0,public,,False,60.0,"{'id': 60, 'name': 'Field Day London', 'earliestStartDate': None}",{'enabled': False},#d8b8d8,GBP,[],"[{'genreid': '1', 'name': 'House'}, {'genreid': '61', 'name': 'Electronic'}, {'genreid': '79', 'name': 'EDM'}]",[]
42467940,2274336,False,2274336,False,0,FEST,City Splash 2027,0,,,,,"{'id': 31832, 'name': 'Brockwell Park', 'address': 'Herne Hill, Brixton', 'town': 'London', 'postcode_lookup': 'London', 'postcode': 'SE24 0NG', 'region': 'London', 'country': 'GB', 'phone': '020 7926 9000', 'latitude': 51.452522, 'longitude': -0.103317, 'type': 'Outdoors', 'rating': 4, 'reviewCount': 714, 'distance': 6294.232284049359}",https://d31fr2pwly4c4s.cloudfront.net/d/1/e/2274336_ce070ce5_city-splash-2027_th.jpg,https://d31fr2pwly4c4s.cloudfront.net/d/1/e/2274336_ce070ce5_city-splash-2027.jpg,https://d31fr2pwly4c4s.cloudfront.net/d/1/e/2274336_ce070ce5_city-splash-2027_1024.jpg,https://d31fr2pwly4c4s.cloudfront.net/d/1/e/2274336_ce070ce5_city-splash-2027_1024.webp,https://www.skiddle.com/festivals/city-splash-festival/,2027-05-31,2027-05-31T12:00:00+00:00,2027-05-31T22:00:00+00:00,City Splash 2027  - The Home of Culture,"{'doorsopen': '12:00', 'doorsclose': '22:00', 'lastentry': '18:00'}",,,0,0,True,"{'minPrice': 59.95, 'maxPrice': 144.95}",,public,,False,2349.0,"{'id': 2349, 'name': 'City Splash Festival ', 'earliestStartDate': None}",{'enabled': False},#f8c808,GBP,[],"[{'genreid': '24', 'name': 'Dancehall'}, {'genreid': '68', 'name': 'Reggae'}, {'genreid': '95', 'name': 'Afrobeat'}, {'genreid': '110', 'name': 'Amapiano'}]",[]
42589384,2303787,False,2303787,False,0,FEST,Boogietown 2027,0,,,,,"{'id': 83698, 'name': 'Apps Court Farm', 'address': 'Hurst Road', 'town': 'Walton-on-Thames', 'postcode_lookup': 'Kingston-Upon-Thames', 'postcode': 'KT12 2EG', 'region': 'London', 'country': 'GB', 'phone': '01932 244 822', 'latitude': 51.401763, 'longitude': -0.398555, 'type': 'Outdoors', 'rating': 4, 'reviewCount': 3198, 'distance': 22099.12424351748}",https://d31fr2pwly4c4s.cloudfront.net/b/9/7/2303787_65c923c6_boogietown-2027_th.jpg,https://d31fr2pwly4c4s.cloudfront.net/b/9/7/2303787_65c923c6_boogietown-2027.jpg,https://d31fr2pwly4c4s.cloudfront.net/b/9/7/2303787_65c923c6_boogietown-2027_1024.jpg,https://d31fr2pwly4c4s.cloudfront.net/b/9/7/2303787_65c923c6_boogietown-2027_1024.webp,https://www.skiddle.com/whats-on/Kingston-Upon-Thames/Apps-Court-Farm/Boogietown-2027/42589384/,2027-07-10,2027-07-10T12:00:00+00:00,2027-07-10T22:30:00+00:00,"Boogietown returns to Apps Court, Surrey on Saturday 10th July for the BIGGEST boogie of 2027!","{'doorsopen': '12:00', 'doorsclose': '22:30', 'lastentry': '18:00'}",18,,0,0,True,"{'minPrice': 5, 'maxPrice': 120}",,public,,False,,,{'enabled': False},#080818,GBP,[],"[{'genreid': '1', 'name': 'House'}, {'genreid': '45', 'name': 'Funk'}, {'genreid': '57', 'name': 'Disco'}, {'genreid': '102', 'name': 'Disco House'}]",[]
