id,listingid,isSBT,uniquelistingidentifier,hascollapsedresults,countcollapsedresults,EventCode,eventname,cancelled,cancellationDate,cancellationType,cancellationReason,rescheduledDate,venue,imageurl,largeimageurl,xlargeimageurl,xlargeimageurlWebP,link,date,startdate,enddate,description,openingtimes,minage,imgoing,goingtos,goingtocount,tickets,ticketpricing,entryprice,eventvisibility,ticketUrl,hotSeller,rep,headerHex,currency,artists,genres,healthAndSafety
40110427,1834296,False,1834296,False,0,LIVE,Still Life with Life Drawing Mossley,1,2024-10-14 10:47:55,cancelled,n/a,,"{'id': 128366, 'name': 'The Old Abbey Tap House', 'address': 'Guildhall Close', 'town': 'Manchester', 'postcode_lookup': 'Manchester', 'postcode': 'M15 6SY', 'region': 'Greater Manchester', 'country': 'GB', 'phone': '', 'latitude': 53.4621581, 'longitude': -2.2374393, 'type': 'Nightclub', 'rating': 4, 'reviewCount': 228, 'distance': 1938.4439340061756}",https://d31fr2pwly4c4s.cloudfront.net/b/7/1/1834296_41d29410_still-life-with-life-drawing-mossley_th.jpg,https://d31fr2pwly4c4s.cloudfront.net/b/7/1/1834296_41d29410_still-life-with-life-drawing-mossley.jpg,https://d31fr2pwly4c4s.cloudfront.net/b/7/1/1834296_41d29410_still-life-with-life-drawing-mossley_1024.jpg,https://d31fr2pwly4c4s.cloudfront.net/b/7/1/1834296_41d29410_still-life-with-life-drawing-mossley_1024.webp,https://www.skiddle.com/whats-on/Manchester/The-Old-Abbey-Tap-House/Still-Life-with-Life-Drawing-Mossley/40110427/,2024-10-02,2024-10-02T19:30:00+00:00,2029-10-02T21:00:00+00:00,"Katie from Life Drawing Mossley joins us at Old Abbey Taphouse on Wed 2nd Oct for a still life drawing classes. 

£5 entry. Materials provided.","{'doorsopen': '19:30', 'doorsclose': '21:00', 'lastentry': ''}",,,0,0,False,"{'minPrice': 0, 'maxPrice': 0}",,public,,False,{'enabled': False},#68c838,GBP,[],[],[]
42506661,2285841,False,2285841,False,0,LIVE,Corruptedspinnas,0,,,,,"{'id': 133192, 'name': 'The Bag Factory', 'address': 'Unit 3', 'town': 'Salford', 'postcode_lookup': 'Manchester', 'postcode': 'M3 7LW', 'region': 'Greater Manchester', 'country': 'GB', 'phone': '', 'latitude': 53.4922396, 'longitude': -2.2519926, 'type': 'Nightclub', 'rating': 4, 'reviewCount': 76, 'distance': 1543.1637920377761}",https://d31fr2pwly4c4s.cloudfront.net/0/9/2/2285841_720d3f2a_corruptedspinnas_th.jpg,https://d31fr2pwly4c4s.cloudfront.net/0/9/2/2285841_720d3f2a_corruptedspinnas.jpg,https://d31fr2pwly4c4s.cloudfront.net/0/9/2/2285841_720d3f2a_corruptedspinnas_1024.jpg,https://d31fr2pwly4c4s.cloudfront.net/0/9/2/2285841_720d3f2a_corruptedspinnas_1024.webp,https://www.skiddle.com/whats-on/Manchester/The-Bag-Factory/Corruptedspinnas/42506661/,2026-07-11,2026-07-11T15:00:00+00:00,2026-07-11T23:30:00+00:00,Start your engines because corruptsidedown & carpoolspinnas are taking over TheBagFactory for all beats and goodness powered by Dropjaw & Pickandmix!,"{'doorsopen': '15:00', 'doorsclose': '23:30', 'lastentry': '15:00'}",18,,0,0,True,"{'minPrice': 8.5, 'maxPrice': 20}",,public,,False,{'enabled': False},#080808,GBP,[],"[{'genreid': '3', 'name': 'UK Garage'}, {'genreid': '8', 'name': 'Drum and Bass'}, {'genreid': '80', 'name': 'Jungle'}]",[]
42464810,2273764,False,2273764,False,0,LIVE,"HOT TAKE: Kiosk, Maximilian Tanner, Poor Effort",0,,,,,"{'id': 94728, 'name': 'YES Basement', 'address': '38 Charles Street', 'town': 'Manchester', 'postcode_lookup': 'Manchester', 'postcode': 'M1 7DB', 'region': 'Greater Manchester', 'country': 'GB', 'phone': '', 'latitude': 53.4741142, 'longitude': -2.2382036, 'type': 'Nightclub', 'rating': 4, 'reviewCount': 278, 'distance': 705.2971057897885}",https://d31fr2pwly4c4s.cloudfront.net/1/6/4/2273764_16495998_HOT-TAKE--Kiosk--Maximilian-Tanner--Poor-Effort_th.jpg,https://d31fr2pwly4c4s.cloudfront.net/1/6/4/2273764_16495998_HOT-TAKE--Kiosk--Maximilian-Tanner--Poor-Effort.jpg,https://d31fr2pwly4c4s.cloudfront.net/1/6/4/2273764_16495998_HOT-TAKE--Kiosk--Maximilian-Tanner--Poor-Effort_1024.jpg,https://d31fr2pwly4c4s.cloudfront.net/1/6/4/2273764_16495998_HOT-TAKE--Kiosk--Maximilian-Tanner--Poor-Effort_1024.webp,https://www.skiddle.com/whats-on/Manchester/YES-Basement/HOT-TAKE-Kiosk-Maximilian-Tanner-Poor-Effort/42464810/,2026-07-11,2026-07-11T18:00:00+00:00,2026-07-11T23:00:00+00:00,"Now Wave presents HOT TAKE: Kiosk, Maximilian Tanner, Poor Effort in YES Basement","{'doorsopen': '18:00', 'doorsclose': '23:00', 'lastentry': ''}",18,,0,0,True,"{'minPrice': 5.5, 'maxPrice': 5.5}",5.50,public,,False,{'enabled': False},#084898,GBP,[],[],[]
42004297,2200652,False,2200652,False,0,LIVE,The Hitman returns,0,,,,,"{'id': 132577, 'name': 'The Old Market Square, Warrington', 'address': 'Management Office', 'town': 'Warrington', 'postcode_lookup': 'Warrington', 'postcode': 'WA1 1QP', 'region': 'Cheshire', 'country': 'GB', 'phone': '', 'latitude': 53.3897689, 'longitude': -2.5947638, 'type': 'live', 'rating': 4, 'reviewCount': 34, 'distance': 25204.720968917747}",https://d31fr2pwly4c4s.cloudfront.net/c/5/e/2200652_03c8110c_the-hitman-returns_th.jpg,https://d31fr2pwly4c4s.cloudfront.net/c/5/e/2200652_03c8110c_the-hitman-returns.jpg,https://d31fr2pwly4c4s.cloudfront.net/c/5/e/2200652_03c8110c_the-hitman-returns_1024.jpg,https://d31fr2pwly4c4s.cloudfront.net/c/5/e/2200652_03c8110c_the-hitman-returns_1024.webp,https://www.skiddle.com/whats-on/Warrington/The-Old-Market-Square%2C-Warrington/The-Hitman-returns/42004297/,2026-07-11,2026-07-11T18:00:00+00:00,2026-07-11T23:00:00+00:00,The hitman returns to warrington....,"{'doorsopen': '18:00', 'doorsclose': '23:00', 'lastentry': '18:00'}",,,0,0,True,"{'minPrice': 30, 'maxPrice': 35}",,public,,True,{'enabled': False},#080808,GBP,"[{'artistid': '123555026', 'name': 'Cappella', 'image': 'https://d1mdxzfl9p8pzo.cloudfront.net/6/123555026_1_1024.jpg', 'spotifyartisturl': 'spotify:artist:0NPwkUJRrRiWYdHpLXBkxg'}, {'artistid': '123580581', 'name': 'Alex Party', 'image': 'https://d1mdxzfl9p8pzo.cloudfront.net/1/123580581_1_1024.jpg', 'spotifyartisturl': 'spotify:artist:41VxAgbLRHo2ZYZEq5P1mD'}, {'artistid': '123560322', 'name': 'The Porn Kings', 'image': 'https://d1mdxzfl9p8pzo.cloudfront.net/2/123560322_1_1024.jpg', 'spotifyartisturl': 'spotify:artist:0KgTQZLjjy3gjiFacTTfxl'}, {'artistid': '123574200', 'name': 'Pete Waterman', 'image': 'https://d1mdxzfl9p8pzo.cloudfront.net/0/123574200_1_1024.jpg', 'spotifyartisturl': 'spotify:artist:1dIZcCJWHOeXY4JXtmZLIk'}, {'artistid': '123576545', 'name': '2Funky2', 'image': 'https://d1mdxzfl9p8pzo.cloudfront.net/5/123576545_1_1024.jpg', 'spotifyartisturl': None}]","[{'genreid': '82', 'name': '1990s'}]",[]
41582795,2146764,False,L7Al8FxrLL,False,0,LIVE,Manchester Got Soul: Live Music and DJs Til Late,0,,,,,"{'id': 104602, 'name': 'The Blues Kitchen', 'address': '13 Quay Street', 'town': 'Manchester', 'postcode_lookup': 'Manchester', 'postcode': 'M3 3HN', 'region': 'Greater Manchester', 'country': 'GB', 'phone': '', 'latitude': 53.4782265, 'longitude': -2.2504397, 'type': 'bar', 'rating': 4, 'reviewCount': 319, 'distance': 370.10660406021236}",https://d31fr2pwly4c4s.cloudfront.net/f/e/1/1884729_1bfbd26c_manchester-got-soul-live-music-and-djs-til-late_th.jpg,https://d31fr2pwly4c4s.cloudfront.net/f/e/1/1884729_1bfbd26c_manchester-got-soul-live-music-and-djs-til-late.jpg,https://d31fr2pwly4c4s.cloudfront.net/f/e/1/1884729_1bfbd26c_manchester-got-soul-live-music-and-djs-til-late_1024.jpg,https://d31fr2pwly4c4s.cloudfront.net/f/e/1/1884729_1bfbd26c_manchester-got-soul-live-music-and-djs-til-late_1024.webp,https://www.skiddle.com/whats-on/Manchester/The-Blues-Kitchen/Manchester-Got-Soul-Live-Music-and-DJs-Til-Late/41582795/,2026-07-11,2026-07-11T19:00:00+00:00,2026-07-12T03:00:00+00:00,Live music and DJs across both floors from 8pm to 3am.,"{'doorsopen': '19:00', 'doorsclose': '03:00', 'lastentry': ''}",18,,0,0,True,"{'minPrice': 0, 'maxPrice': 0}",,public,,False,{'enabled': False},,GBP,[],[],[]
41590527,2148529,False,2148529,False,0,LIVE,Dirty Rotten Imbeciles D.R.I,0,,,,,"{'id': 132745, 'name': 'Holy Diver', 'address': '1 Princes Street', 'town': 'Stockport', 'postcode_lookup': 'Stockport', 'postcode': 'SK1 1SL', 'region': 'Manchester', 'country': 'GB', 'phone': '', 'latitude': 53.41117375, 'longitude': -2.16158853, 'type': 'live', 'rating': 4, 'reviewCount': 118, 'distance': 9348.609370065313}",https://d31fr2pwly4c4s.cloudfront.net/b/2/0/2148529_8025096b_dirty-rotten-scoundrels-d-r-i_th.jpg,https://d31fr2pwly4c4s.cloudfront.net/b/2/0/2148529_8025096b_dirty-rotten-scoundrels-d-r-i.jpg,https://d31fr2pwly4c4s.cloudfront.net/b/2/0/2148529_8025096b_dirty-rotten-scoundrels-d-r-i_1024.jpg,https://d31fr2pwly4c4s.cloudfront.net/b/2/0/2148529_8025096b_dirty-rotten-scoundrels-d-r-i_1024.webp,https://www.skiddle.com/whats-on/Stockport/Holy-Diver/Dirty-Rotten-Imbeciles-DRI/41590527/,2026-07-11,2026-07-11T19:00:00+00:00,2026-07-11T23:00:00+00:00,"D.R.I are coming back to the UK for a short run of shows, and we are one of them!","{'doorsopen': '19:00', 'doorsclose': '23:00', 'lastentry': '19:30'}",18,,0,0,True,"{'minPrice': 20, 'maxPrice': 20}",,public,,False,{'enabled': False},#080808,GBP,[],"[{'genreid': '53', 'name': 'Punk'}, {'genreid': '99', 'name': 'Hardcore Punk'}, {'genreid': '124', 'name': 'Hard Rock'}]",[]
41994318,2198101,False,2198101,False,0,LIVE,Shef Leppard. Live at Empire Rochdale,0,,,,,"{'id': 108286, 'name': 'Empire Rochdale', 'address': '7 Packer Street', 'town': 'Greater - Manchester', 'postcode_lookup': 'Rochdale', 'postcode': 'OL16 1NJ', 'region': 'Manchester', 'country': 'GB', 'phone': '01706 551 515', 'latitude': 53.615938, 'longitude': -2.157467, 'type': 'live', 'rating': 4, 'reviewCount': 11, 'distance': 16288.035370221773}",https://d31fr2pwly4c4s.cloudfront.net/c/8/6/2198101_b6e2caeb_shef-leppard-live-at-empire-rochdale_th.jpg,https://d31fr2pwly4c4s.cloudfront.net/c/8/6/2198101_b6e2caeb_shef-leppard-live-at-empire-rochdale.jpg,https://d31fr2pwly4c4s.cloudfront.net/c/8/6/2198101_b6e2caeb_shef-leppard-live-at-empire-rochdale_1024.jpg,https://d31fr2pwly4c4s.cloudfront.net/c/8/6/2198101_b6e2caeb_shef-leppard-live-at-empire-rochdale_1024.webp,https://www.skiddle.com/whats-on/Rochdale/Empire-Rochdale/Shef-Leppard-Live-at-Empire-Rochdale/41994318/,2026-07-11,2026-07-11T20:00:00+00:00,2026-07-11T23:45:00+00:00,"Shef Leppard leans into the swagger and shine, stacking punchy hooks and melodic grit into a set that feels loud and polished.","{'doorsopen': '20:00', 'doorsclose': '23:45', 'lastentry': '21:30'}",18,,0,0,True,"{'minPrice': 0, 'maxPrice': 0}",,public,,False,{'enabled': False},#080808,GBP,[],"[{'genreid': '5', 'name': 'Rock'}]",[]
42505065,2285614,False,2285614,False,0,LIVE,Chito Kaharam Killer Live in Manchester,0,,,,,"{'id': 129135, 'name': 'Sol House Manchester', 'address': 'Sol House', 'town': 'Manchester', 'postcode_lookup': 'Manchester', 'postcode': 'M12 6EL', 'region': 'Greater Manchester', 'country': 'GB', 'phone': '07970384102', 'latitude': 53.4756331, 'longitude': -2.220982, 'type': 'Nightclub', 'rating': 3, 'reviewCount': 7, 'distance': 1632.9267904361184}",https://d31fr2pwly4c4s.cloudfront.net/4/b/e/2285614_c69e0198_chito-kaharam-killer-live-in-manchester_th.jpg,https://d31fr2pwly4c4s.cloudfront.net/4/b/e/2285614_c69e0198_chito-kaharam-killer-live-in-manchester.jpg,https://d31fr2pwly4c4s.cloudfront.net/4/b/e/2285614_c69e0198_chito-kaharam-killer-live-in-manchester_1024.jpg,https://d31fr2pwly4c4s.cloudfront.net/4/b/e/2285614_c69e0198_chito-kaharam-killer-live-in-manchester_1024.webp,https://www.skiddle.com/whats-on/Manchester/Sol-House-Manchester/Chito-Kaharam-Killer-Live-in-Manchester/42505065/,2026-07-11,2026-07-11T22:00:00+00:00,2026-07-12T03:00:00+00:00,"Chito Kaharam Killer delivers an electrifying live music performance, blending Afrobeat rhythms, vibrant melodies, and energetic stage presence.","{'doorsopen': '22:00', 'doorsclose': '03:00', 'lastentry': '00:30'}",18,,0,0,True,"{'minPrice': 0, 'maxPrice': 0}",,public,,False,{'enabled': False},#e8e8e8,GBP,[],"[{'genreid': '66', 'name': 'African'}, {'genreid': '95', 'name': 'Afrobeat'}]",[]
42365998,2252777,False,2252777,False,0,LIVE,"GirlyPop Live - Zara Larsson Takeover | Freight Island, MCR",0,,,,,"{'id': 121358, 'name': 'Freight Island', 'address': '11 Baring Street', 'town': 'Manchester', 'postcode_lookup': 'Manchester', 'postcode': 'M1 2PZ', 'region': 'Greater Manchester', 'country': 'GB', 'phone': '', 'latitude': 53.4751511, 'longitude': -2.2276473, 'type': 'Exhibition Centre', 'rating': 4, 'reviewCount': 1326, 'distance': 1225.508984469047}",https://d31fr2pwly4c4s.cloudfront.net/0/5/0/2252777_8f6e803b_girlypop-live-freight-island-manchester_th.jpg,https://d31fr2pwly4c4s.cloudfront.net/0/5/0/2252777_8f6e803b_girlypop-live-freight-island-manchester.jpg,https://d31fr2pwly4c4s.cloudfront.net/0/5/0/2252777_8f6e803b_girlypop-live-freight-island-manchester_1024.jpg,https://d31fr2pwly4c4s.cloudfront.net/0/5/0/2252777_8f6e803b_girlypop-live-freight-island-manchester_1024.webp,https://www.skiddle.com/whats-on/Manchester/Freight-Island/GirlyPop-Live---Zara-Larsson-Takeover--Freight-Island-MCR/42365998/,2026-07-12,2026-07-12T12:00:00+00:00,2026-07-12T16:30:00+00:00,"GirlyPop Live is returning to Freight Island, Manchester with your favourite Pop icons in one live show brought to you by the best tribute acts!","{'doorsopen': '12:00', 'doorsclose': '16:30', 'lastentry': ''}",5,,0,0,True,"{'minPrice': 24, 'maxPrice': 31}",,public,,True,{'enabled': False},#f8f8f8,GBP,[],"[{'genreid': '20', 'name': 'Pop'}, {'genreid': '35', 'name': 'Themed'}, {'genreid': '42', 'name': 'Acoustic'}, {'genreid': '48', 'name': 'Covers Band/Tribute Act'}, {'genreid': '126', 'name': 'Alternative Pop'}]",[]
41778024,2172187,False,2172187,False,0,LIVE,Slaughter and the Dogs 50yrs of Punk celebration!!,1,2026-02-26 11:09:26,cancelled,Automatic cancellation: All future dates in the event series have been cancelled,,"{'id': 117970, 'name': 'Rebellion MCR', 'address': '2B Whitworth Street West', 'town': 'Manchester', 'postcode_lookup': 'Manchester', 'postcode': 'M1 5WZ', 'region': 'Greater Manchester', 'country': 'GB', 'phone': '', 'latitude': 53.474241, 'longitude': -2.250502, 'type': 'Nightclub', 'rating': 4, 'reviewCount': 21, 'distance': 642.3459907625491}",https://d31fr2pwly4c4s.cloudfront.net/9/2/4/2172187_b1480e80_slaughter-and-the-dogs-50yrs-of-punk-celebration-_th.jpg,https://d31fr2pwly4c4s.cloudfront.net/9/2/4/2172187_b1480e80_slaughter-and-the-dogs-50yrs-of-punk-celebration-.jpg,https://d31fr2pwly4c4s.cloudfront.net/9/2/4/2172187_b1480e80_slaughter-and-the-dogs-50yrs-of-punk-celebration-_1024.jpg,https://d31fr2pwly4c4s.cloudfront.net/9/2/4/2172187_b1480e80_slaughter-and-the-dogs-50yrs-of-punk-celebration-_1024.webp,https://www.skiddle.com/whats-on/Manchester/Rebellion-MCR/Slaughter-and-the-Dogs-50yrs-of-Punk-celebration/41778024/,2026-07-12,2026-07-12T13:00:00+00:00,2026-07-12T16:00:00+00:00,Celebrating 50yrs since the Historic Lesser Free Trade Hall gig. SATD both in interview and live set with support from the BUZZKOCKS.,"{'doorsopen': '13:00', 'doorsclose': '16:00', 'lastentry': '13:00'}",,,0,0,False,"{'minPrice': 0, 'maxPrice': 0}",,public,,False,{'enabled': False},#080808,GBP,[],[],[]
42439287,2269138,False,2269138,False,0,LIVE,Crocodiles,0,,,,,"{'id': 139541, 'name': 'The Abbey', 'address': 'Guildhall Close, Manchester Science Park', 'town': 'Manchester', 'postcode_lookup': 'Manchester', 'postcode': 'M15 6SY', 'region': 'Greater Manchester', 'country': 'GB', 'phone': '', 'latitude': 53.4615523, 'longitude': -2.238415, 'type': 'bar', 'rating': 0, 'reviewCount': 0, 'distance': 1988.4526268313864}",https://d31fr2pwly4c4s.cloudfront.net/6/7/1/2269138_f31fe69b_crocodiles_th.jpg,https://d31fr2pwly4c4s.cloudfront.net/6/7/1/2269138_f31fe69b_crocodiles.jpg,https://d31fr2pwly4c4s.cloudfront.net/6/7/1/2269138_f31fe69b_crocodiles_1024.jpg,https://d31fr2pwly4c4s.cloudfront.net/6/7/1/2269138_f31fe69b_crocodiles_1024.webp,https://www.skiddle.com/whats-on/Manchester/The-Abbey/Crocodiles/42439287/,2026-07-12,2026-07-12T19:00:00+00:00,2026-07-12T23:00:00+00:00,Crocodiles plus support Gold Cup comes to The Abbey,"{'doorsopen': '19:00', 'doorsclose': '23:00', 'lastentry': ''}",18,,0,0,True,"{'minPrice': 16.5, 'maxPrice': 16.5}",,public,,False,{'enabled': False},#080808,GBP,"[{'artistid': '123534602', 'name': 'Crocodiles', 'image': 'https://d1mdxzfl9p8pzo.cloudfront.net/2/123534602_267.jpg', 'spotifyartisturl': 'spotify:artist:1Z4Erxt5wSXH0gbOsVJUMv'}]","[{'genreid': '5', 'name': 'Rock'}, {'genreid': '20', 'name': 'Pop'}, {'genreid': '26', 'name': 'Indie'}]",[]
42512574,2288105,False,2288105,False,0,LIVE,The Spooky Men's Chorale,0,,,,,"{'id': 90149, 'name': 'Stoller Hall ', 'address': '8 Hunts Bank Approach', 'town': 'Manchester', 'postcode_lookup': 'Manchester', 'postcode': 'M3 1DA', 'region': 'Greater Manchester', 'country': 'GB', 'phone': '0333 130 0967', 'latitude': 53.487177, 'longitude': -2.243228, 'type': 'live', 'rating': 4, 'reviewCount': 24, 'distance': 916.7686370280933}",https://d31fr2pwly4c4s.cloudfront.net/b/a/5/2288105_e18fba7e_the-spooky-men-s-chorale_th.jpg,https://d31fr2pwly4c4s.cloudfront.net/b/a/5/2288105_e18fba7e_the-spooky-men-s-chorale.jpg,https://d31fr2pwly4c4s.cloudfront.net/b/a/5/2288105_e18fba7e_the-spooky-men-s-chorale_1024.jpg,https://d31fr2pwly4c4s.cloudfront.net/b/a/5/2288105_e18fba7e_the-spooky-men-s-chorale_1024.webp,https://www.skiddle.com/whats-on/Manchester/Stoller-Hall-/The-Spooky-Mens-Chorale/42512574/,2026-07-13,2026-07-13T19:30:00+00:00,2026-07-13T21:30:00+00:00,"The legendary Australian men's singing group return to Manchester with more humour, classic tunes and unexpected covers from across 25 years of tourin","{'doorsopen': '19:30', 'doorsclose': '21:30', 'lastentry': ''}",,,0,0,False,"{'minPrice': 16.5, 'maxPrice': 16.5}",30,public,,False,{'enabled': False},#080808,GBP,[],"[{'genreid': '44', 'name': 'Folk'}, {'genreid': '51', 'name': 'Choral'}]",[]
42569991,2298694,False,HdmgDwDDn4,False,0,LIVE,Open Mic Night every Tuesday,0,,,,,"{'id': 133956, 'name': 'The Trading Route', 'address': '1 Goods Yard St', 'town': 'Manchester', 'postcode_lookup': 'Manchester', 'postcode': 'M3 3BG', 'region': 'Greater Manchester', 'country': 'GB', 'phone': '', 'latitude': 53.4785843, 'longitude': -2.2563368, 'type': 'bar', 'rating': 5, 'reviewCount': 3, 'distance': 751.6317244022927}",https://d31fr2pwly4c4s.cloudfront.net/9/8/b/2258961_96b87705_open-mic-night-every-tuesday_th.jpg,https://d31fr2pwly4c4s.cloudfront.net/9/8/b/2258961_96b87705_open-mic-night-every-tuesday.jpg,https://d31fr2pwly4c4s.cloudfront.net/9/8/b/2258961_96b87705_open-mic-night-every-tuesday_1024.jpg,https://d31fr2pwly4c4s.cloudfront.net/9/8/b/2258961_96b87705_open-mic-night-every-tuesday_1024.webp,https://www.skiddle.com/whats-on/Manchester/The-Trading-Route/Open-Mic-Night-every-Tuesday/42569991/,2026-07-14,2026-07-14T19:00:00+00:00,2026-07-14T23:00:00+00:00,Lo-Tide are coming to Trading Route to bring an all-new open mic night every Tuesday!,"{'doorsopen': '19:00', 'doorsclose': '23:00', 'lastentry': '23:00'}",18,,0,0,False,"{'minPrice': 16.5, 'maxPrice': 16.5}",,public,,False,{'enabled': False},,GBP,[],[],[]
42435198,2267288,False,2267288,False,0,LIVE,Straight Arrows (AUS) // The Whalleys,0,,,,,"{'id': 8771, 'name': 'Big Hands', 'address': '296a Oxford Road', 'town': 'Manchester', 'postcode_lookup': 'Manchester', 'postcode': 'M13 9NS', 'region': 'Greater Manchester', 'country': 'GB', 'phone': ' 0161 272 730', 'latitude': 53.462961, 'longitude': -2.230456, 'type': 'bar', 'rating': 4, 'reviewCount': 68, 'distance': 2026.6607640470522}",https://d31fr2pwly4c4s.cloudfront.net/4/7/3/2267288_75672198_straight-arrows-aus-the-whalleys_th.jpg,https://d31fr2pwly4c4s.cloudfront.net/4/7/3/2267288_75672198_straight-arrows-aus-the-whalleys.jpg,https://d31fr2pwly4c4s.cloudfront.net/4/7/3/2267288_75672198_straight-arrows-aus-the-whalleys_1024.jpg,https://d31fr2pwly4c4s.cloudfront.net/4/7/3/2267288_75672198_straight-arrows-aus-the-whalleys_1024.webp,https://www.skiddle.com/whats-on/Manchester/Big-Hands/Straight-Arrows-AUS--The-Whalleys/42435198/,2026-07-14,2026-07-14T20:00:00+00:00,2026-07-14T23:00:00+00:00,Aussies Straight Arrows take a break from touring with Oh Sees to return to Big Hands for a rowdy Tuesday! Supported by The Whalleys!,"{'doorsopen': '20:00', 'doorsclose': '23:00', 'lastentry': '20:30'}",18,,0,0,True,"{'minPrice': 5, 'maxPrice': 5}",,public,,False,{'enabled': False},#282818,GBP,"[{'artistid': '123537212', 'name': 'Straight Arrows', 'image': 'https://d1mdxzfl9p8pzo.cloudfront.net/2/123537212_267.jpg', 'spotifyartisturl': 'spotify:artist:26z3WWkBQxxvG8jRbFdL3N'}]","[{'genreid': '4', 'name': 'R&B'}, {'genreid': '5', 'name': 'Rock'}, {'genreid': '26', 'name': 'Indie'}, {'genreid': '46', 'name': 'Alternative'}, {'genreid': '60', 'name': 'Rock & Roll / 1950s'}]",[]
42470136,2275174,False,2275174,False,0,LIVE,Kilnhouse Records Presents Portobello Lane + Support,0,,,,,"{'id': 57322, 'name': 'The Spinning Top', 'address': '20 Wellington Road South', 'town': 'Stockport', 'postcode_lookup': 'Stockport', 'postcode': 'SK4 1AA', 'region': 'Manchester', 'country': 'GB', 'phone': '0161 3122457', 'latitude': 53.408213, 'longitude': -2.161355, 'type': 'bar', 'rating': 4, 'reviewCount': 22, 'distance': 9625.18102202169}",https://d31fr2pwly4c4s.cloudfront.net/4/7/e/2275174_edda42e8_kilnhouse-records-presents-portobello-lane-support_th.jpg,https://d31fr2pwly4c4s.cloudfront.net/4/7/e/2275174_edda42e8_kilnhouse-records-presents-portobello-lane-support.jpg,https://d31fr2pwly4c4s.cloudfront.net/4/7/e/2275174_edda42e8_kilnhouse-records-presents-portobello-lane-support_1024.jpg,https://d31fr2pwly4c4s.cloudfront.net/4/7/e/2275174_edda42e8_kilnhouse-records-presents-portobello-lane-support_1024.webp,https://www.skiddle.com/whats-on/Stockport/The-Spinning-Top/Kilnhouse-Records-Presents-Portobello-Lane--Support/42470136/,2026-07-15,2026-07-15T19:00:00+00:00,2026-07-15T22:15:00+00:00,Kilnhouse Records presents Portobello Lane; a guitar driven band from South Yorkshire. Support comes from locals The Silent Echoes and Limit Switch,"{'doorsopen': '19:00', 'doorsclose': '22:15', 'lastentry': '19:30'}",,,0,0,True,"{'minPrice': 5, 'maxPrice': 5}",,public,,False,{'enabled': False},#b82818,GBP,[],"[{'genreid': '5', 'name': 'Rock'}, {'genreid': '26', 'name': 'Indie'}]",[]
41665644,2167674,False,2167674,False,0,LIVE,Bushman,0,,,,,"{'id': 536, 'name': 'Band On The Wall', 'address': '25 Swan Street', 'town': 'Manchester', 'postcode_lookup': 'Manchester', 'postcode': 'M4 5JZ', 'region': 'Greater Manchester', 'country': 'GB', 'phone': '0161 834 1786', 'latitude': 53.485227, 'longitude': -2.234386, 'type': 'live', 'rating': 4, 'reviewCount': 1323, 'distance': 986.2450438131307}",https://d31fr2pwly4c4s.cloudfront.net/4/2/0/2167674_d695d16d_bushman_th.jpg,https://d31fr2pwly4c4s.cloudfront.net/4/2/0/2167674_d695d16d_bushman.jpg,https://d31fr2pwly4c4s.cloudfront.net/4/2/0/2167674_d695d16d_bushman_1024.jpg,https://d31fr2pwly4c4s.cloudfront.net/4/2/0/2167674_d695d16d_bushman_1024.webp,https://www.skiddle.com/whats-on/Manchester/Band-On-The-Wall/Bushman/41665644/,2026-07-16,2026-07-16T19:00:00+00:00,2026-07-16T22:00:00+00:00,Torchbearer of conscious reggae,"{'doorsopen': '19:00', 'doorsclose': '22:00', 'lastentry': '19:30'}",10,,0,0,True,"{'minPrice': 26.5, 'maxPrice': 26.5}",,public,,False,{'enabled': False},#f8f8f8,GBP,[],"[{'genreid': '41', 'name': 'Ska'}, {'genreid': '68', 'name': 'Reggae'}]",[]
42534135,2293869,False,2293869,False,0,LIVE,Sietch,0,,,,,"{'id': 34220, 'name': 'Night And Day Cafe', 'address': '26 Oldham Street', 'town': 'Manchester', 'postcode_lookup': 'Manchester', 'postcode': 'M1 1JN', 'region': 'Greater Manchester', 'country': 'GB', 'phone': '0161 236 1822', 'latitude': 53.482742, 'longitude': -2.235254, 'type': 'live', 'rating': 4, 'reviewCount': 435, 'distance': 767.4852170142402}",https://d31fr2pwly4c4s.cloudfront.net/7/a/1/2293869_4c442b82_sietch_th.jpg,https://d31fr2pwly4c4s.cloudfront.net/7/a/1/2293869_4c442b82_sietch.jpg,https://d31fr2pwly4c4s.cloudfront.net/7/a/1/2293869_4c442b82_sietch_1024.jpg,https://d31fr2pwly4c4s.cloudfront.net/7/a/1/2293869_4c442b82_sietch_1024.webp,https://www.skiddle.com/whats-on/Manchester/Night-And-Day-Cafe/Sietch/42534135/,2026-07-16,2026-07-16T19:30:00+00:00,2026-07-16T23:00:00+00:00,"Thu 16 Jul - 7:30 pm
SIETCH
+ Goya's Lunch + The Mary Lloyd
£8 adv","{'doorsopen': '19:30', 'doorsclose': '23:00', 'lastentry': ''}",18,,0,0,True,"{'minPrice': 8, 'maxPrice': 8}",,public,,False,{'enabled': False},#181818,GBP,[],[],[]
42487087,2280709,False,2280709,False,0,LIVE,Shed Without A Roof,0,,,,,"{'id': 65470, 'name': 'The Old Pint Pot', 'address': '2 Adelphi Street, City of Salford, M3 6EN', 'town': 'Salford / Manchester', 'postcode_lookup': 'Manchester', 'postcode': 'M3 6EN', 'region': 'Greater Manchester', 'country': 'GB', 'phone': '0161 839 1514', 'latitude': 53.483638, 'longitude': -2.265616, 'type': 'live', 'rating': 4, 'reviewCount': 46, 'distance': 1458.4012646860795}",https://d31fr2pwly4c4s.cloudfront.net/3/8/8/2280709_f60e9ecd_shed-without-a-roof_th.jpg,https://d31fr2pwly4c4s.cloudfront.net/3/8/8/2280709_f60e9ecd_shed-without-a-roof.jpg,https://d31fr2pwly4c4s.cloudfront.net/3/8/8/2280709_f60e9ecd_shed-without-a-roof_1024.jpg,https://d31fr2pwly4c4s.cloudfront.net/3/8/8/2280709_f60e9ecd_shed-without-a-roof_1024.webp,https://www.skiddle.com/whats-on/Manchester/The-Old-Pint-Pot/Shed-Without-A-Roof/42487087/,2026-07-16,2026-07-16T19:30:00+00:00,2026-07-16T23:00:00+00:00,"A Shed Without A Roof brings you...
Clive
P.S.M. 
& 
Earwig

A mixture of hard hitting bands that will help blow the roof off of anyone's shed","{'doorsopen': '19:30', 'doorsclose': '23:00', 'lastentry': '20:00'}",18,,0,0,True,"{'minPrice': 3.5, 'maxPrice': 5.5}",,public,,False,{'enabled': False},#f8e8e8,GBP,[],"[{'genreid': '46', 'name': 'Alternative'}, {'genreid': '91', 'name': 'Experimental'}, {'genreid': '130', 'name': 'Shoegaze'}]",[]
42472677,2276212,False,2276212,False,0,LIVE,The Graft Live in Manchester!,0,,,,,"{'id': 1284, 'name': 'Gullivers', 'address': '109 Oldham Street', 'town': 'Manchester', 'postcode_lookup': 'Manchester', 'postcode': 'M4 1LW', 'region': 'Greater Manchester', 'country': 'GB', 'phone': '01618192970', 'latitude': 53.483919, 'longitude': -2.233949, 'type': 'live', 'rating': 4, 'reviewCount': 236, 'distance': 913.1775638362873}",https://d31fr2pwly4c4s.cloudfront.net/5/0/f/2276212_897f3e24_the-graft-live-in-manchester-_th.jpg,https://d31fr2pwly4c4s.cloudfront.net/5/0/f/2276212_897f3e24_the-graft-live-in-manchester-.jpg,https://d31fr2pwly4c4s.cloudfront.net/5/0/f/2276212_897f3e24_the-graft-live-in-manchester-_1024.jpg,https://d31fr2pwly4c4s.cloudfront.net/5/0/f/2276212_897f3e24_the-graft-live-in-manchester-_1024.webp,https://www.skiddle.com/whats-on/Manchester/Gullivers/The-Graft-Live-in-Manchester/42472677/,2026-07-16,2026-07-16T19:45:00+00:00,2026-07-16T23:00:00+00:00,"The Graft are a 4 piece indie band from Liverpool, England. Consisting of Jamie Higgs, Eddie Ponting, Zak Langford-Do & Jack Hannon.","{'doorsopen': '19:45', 'doorsclose': '23:00', 'lastentry': '19:45'}",,,0,0,True,"{'minPrice': 8, 'maxPrice': 8}",,public,,False,{'enabled': False},#080808,GBP,[],[],[]
42514359,2289078,False,2289078,False,0,LIVE,Lo-Key: Live Jazz in the Loft,0,,,,,"{'id': 115739, 'name': 'Wallop Didsbury', 'address': '97 Lapwing Lane', 'town': 'Manchester', 'postcode_lookup': 'Manchester', 'postcode': 'M20 6UR', 'region': 'Greater Manchester', 'country': 'GB', 'phone': '', 'latitude': 53.425082, 'longitude': -2.235827, 'type': 'Nightclub', 'rating': 4, 'reviewCount': 24, 'distance': 6026.109949264553}",https://d31fr2pwly4c4s.cloudfront.net/f/2/b/2289078_b70d657e_lo-key-live-jazz-in-the-loft_th.jpg,https://d31fr2pwly4c4s.cloudfront.net/f/2/b/2289078_b70d657e_lo-key-live-jazz-in-the-loft.jpg,https://d31fr2pwly4c4s.cloudfront.net/f/2/b/2289078_b70d657e_lo-key-live-jazz-in-the-loft_1024.jpg,https://d31fr2pwly4c4s.cloudfront.net/f/2/b/2289078_b70d657e_lo-key-live-jazz-in-the-loft_1024.webp,https://www.skiddle.com/whats-on/Manchester/Wallop-Didsbury/Lo-Key-Live-Jazz-in-the-Loft/42514359/,2026-07-16,2026-07-16T20:00:00+00:00,2026-07-16T23:00:00+00:00,Lo-Key Live Jazz returns for a second edition; featuring a new guest instrument and player each month in the intimate setting of Wallop DIdsbury loft,"{'doorsopen': '20:00', 'doorsclose': '23:00', 'lastentry': ''}",18,,0,0,True,"{'minPrice': 8.84, 'maxPrice': 8.84}",,public,,False,{'enabled': False},#080808,GBP,[],"[{'genreid': '25', 'name': 'Jazz'}]",[]
41582176,2146733,False,exSxR0RpkH,False,0,LIVE,"RnB, Hip Hop + Afrobeats 'Til Late",0,,,,,"{'id': 104602, 'name': 'The Blues Kitchen', 'address': '13 Quay Street', 'town': 'Manchester', 'postcode_lookup': 'Manchester', 'postcode': 'M3 3HN', 'region': 'Greater Manchester', 'country': 'GB', 'phone': '', 'latitude': 53.4782265, 'longitude': -2.2504397, 'type': 'bar', 'rating': 4, 'reviewCount': 319, 'distance': 370.10660406021236}",https://d31fr2pwly4c4s.cloudfront.net/1/e/3/1864957_568661a1_hip-hop-afrobeats-rnb-til-late_th.jpg,https://d31fr2pwly4c4s.cloudfront.net/1/e/3/1864957_568661a1_hip-hop-afrobeats-rnb-til-late.jpg,https://d31fr2pwly4c4s.cloudfront.net/1/e/3/1864957_568661a1_hip-hop-afrobeats-rnb-til-late_1024.jpg,https://d31fr2pwly4c4s.cloudfront.net/1/e/3/1864957_568661a1_hip-hop-afrobeats-rnb-til-late_1024.webp,https://www.skiddle.com/whats-on/Manchester/The-Blues-Kitchen/RnB-Hip-Hop--Afrobeats-Til-Late/41582176/,2026-07-17,2026-07-17T19:00:00+00:00,2026-07-18T03:00:00+00:00,"From Beyoncé to Drake, Burna Boy to Lauryn Hill - Manchester's finest artists bring a mix of old-school classics and new-school favourites.","{'doorsopen': '19:00', 'doorsclose': '03:00', 'lastentry': ''}",21,,0,0,True,"{'minPrice': 0, 'maxPrice': 0}",,public,,False,{'enabled': False},,GBP,[],"[{'genreid': '4', 'name': 'R&B'}, {'genreid': '39', 'name': 'Hip Hop'}, {'genreid': '95', 'name': 'Afrobeat'}]",[]
42464811,2273765,False,2273765,False,0,LIVE,"HOT TAKE: Hungry, THE SPEED OF HONEY AND HER OSCILLATIONS & more",0,,,,,"{'id': 94728, 'name': 'YES Basement', 'address': '38 Charles Street', 'town': 'Manchester', 'postcode_lookup': 'Manchester', 'postcode': 'M1 7DB', 'region': 'Greater Manchester', 'country': 'GB', 'phone': '', 'latitude': 53.4741142, 'longitude': -2.2382036, 'type': 'Nightclub', 'rating': 4, 'reviewCount': 278, 'distance': 705.2971057897885}",https://d31fr2pwly4c4s.cloudfront.net/0/f/5/2273765_62744405_HOT-TAKE--Hungry--THE-SPEED-OF-HONEY-AND-HER-OSCILLATIONS---Magn_th.jpg,https://d31fr2pwly4c4s.cloudfront.net/0/f/5/2273765_62744405_HOT-TAKE--Hungry--THE-SPEED-OF-HONEY-AND-HER-OSCILLATIONS---Magn.jpg,https://d31fr2pwly4c4s.cloudfront.net/0/f/5/2273765_62744405_HOT-TAKE--Hungry--THE-SPEED-OF-HONEY-AND-HER-OSCILLATIONS---Magn_1024.jpg,https://d31fr2pwly4c4s.cloudfront.net/0/f/5/2273765_62744405_HOT-TAKE--Hungry--THE-SPEED-OF-HONEY-AND-HER-OSCILLATIONS---Magn_1024.webp,https://www.skiddle.com/whats-on/Manchester/YES-Basement/HOT-TAKE-Hungry-THE-SPEED-OF-HONEY-AND-HER-OSCILLATIONS--more/42464811/,2026-07-17,2026-07-17T19:00:00+00:00,2026-07-17T23:00:00+00:00,"Now Wave presents HOT TAKE: Hungry, THE SPEED OF HONEY AND HER OSCILLATIONS , Magnum Opus II in YES Basement","{'doorsopen': '19:00', 'doorsclose': '23:00', 'lastentry': ''}",18,,0,0,True,"{'minPrice': 5.5, 'maxPrice': 5.5}",5.50,public,,False,{'enabled': False},#084898,GBP,[],[],[]
42160370,2219202,False,2219202,False,0,LIVE,S8nt Elektric,1,2026-03-10 17:39:12,cancelled,Automatic cancellation: All future dates in the event series have been cancelled,,"{'id': 132745, 'name': 'Holy Diver', 'address': '1 Princes Street', 'town': 'Stockport', 'postcode_lookup': 'Stockport', 'postcode': 'SK1 1SL', 'region': 'Manchester', 'country': 'GB', 'phone': '', 'latitude': 53.41117375, 'longitude': -2.16158853, 'type': 'live', 'rating': 4, 'reviewCount': 118, 'distance': 9348.609370065313}",https://d31fr2pwly4c4s.cloudfront.net/7/9/5/2219202_b107306b_s8nt-elektric_th.jpg,https://d31fr2pwly4c4s.cloudfront.net/7/9/5/2219202_b107306b_s8nt-elektric.jpg,https://d31fr2pwly4c4s.cloudfront.net/7/9/5/2219202_b107306b_s8nt-elektric_1024.jpg,https://d31fr2pwly4c4s.cloudfront.net/7/9/5/2219202_b107306b_s8nt-elektric_1024.webp,https://www.skiddle.com/whats-on/Stockport/Holy-Diver/S8nt-Elektric/42160370/,2026-07-17,2026-07-17T19:00:00+00:00,2026-07-17T23:00:00+00:00,S8NT ELEKTRIC has quickly become a force in the heavy music scene for their colorful and adrenaline-fueled approach to the genre.,"{'doorsopen': '19:00', 'doorsclose': '23:00', 'lastentry': ''}",18,,0,0,False,"{'minPrice': 15, 'maxPrice': 15}",,public,,False,{'enabled': False},#f8f8e8,GBP,[],"[{'genreid': '20', 'name': 'Pop'}, {'genreid': '27', 'name': 'Metal'}, {'genreid': '113', 'name': 'Pop Punk'}]",[]
42406934,2260033,False,2260033,False,0,LIVE,At home with Kira Mac - Acoustic Show,0,,,,,"{'id': 139216, 'name': 'Hen House Presents: 547a Liverpool Road', 'address': '547 Liverpool Road', 'town': 'Manchester', 'postcode_lookup': 'Manchester', 'postcode': 'M44 6ZT', 'region': 'Greater Manchester', 'country': 'GB', 'phone': '07885571392', 'latitude': 53.4550432, 'longitude': -2.4035159, 'type': 'live', 'rating': 0, 'reviewCount': 0, 'distance': 10825.485807336763}",https://d31fr2pwly4c4s.cloudfront.net/a/1/4/2260033_57f33291_at-home-with-kira-mac-acoustic-show_th.jpg,https://d31fr2pwly4c4s.cloudfront.net/a/1/4/2260033_57f33291_at-home-with-kira-mac-acoustic-show.jpg,https://d31fr2pwly4c4s.cloudfront.net/a/1/4/2260033_57f33291_at-home-with-kira-mac-acoustic-show_1024.jpg,https://d31fr2pwly4c4s.cloudfront.net/a/1/4/2260033_57f33291_at-home-with-kira-mac-acoustic-show_1024.webp,https://www.skiddle.com/whats-on/Manchester/Hen-House-Presents%3A-547a-Liverpool-Road/At-home-with-Kira-Mac---Acoustic-Show/42406934/,2026-07-17,2026-07-17T19:00:00+00:00,2026-07-17T22:00:00+00:00,"The songs and the stories behind them, from completely unheard to well known, with exclusive merch, super intimate with only 35 tickets available.","{'doorsopen': '19:00', 'doorsclose': '22:00', 'lastentry': '20:00'}",,,0,0,True,"{'minPrice': 14, 'maxPrice': 14}",,public,,False,{'enabled': False},#080808,GBP,[],[],[]
42329117,2243380,False,2243380,False,0,LIVE,The Sleeves,0,,,,,"{'id': 138722, 'name': 'PINK Stockport', 'address': 'Hilton House, Lord Street', 'town': 'Stockport', 'postcode_lookup': 'Stockport', 'postcode': 'SK1 3NA', 'region': 'Manchester', 'country': 'GB', 'phone': '', 'latitude': 53.4078795, 'longitude': -2.159089, 'type': 'Exhibition Centre', 'rating': 0, 'reviewCount': 0, 'distance': 9742.419157023633}",https://d31fr2pwly4c4s.cloudfront.net/e/5/a/2243380_0f26de88_the-sleeves_th.jpg,https://d31fr2pwly4c4s.cloudfront.net/e/5/a/2243380_0f26de88_the-sleeves.jpg,https://d31fr2pwly4c4s.cloudfront.net/e/5/a/2243380_0f26de88_the-sleeves_1024.jpg,https://d31fr2pwly4c4s.cloudfront.net/e/5/a/2243380_0f26de88_the-sleeves_1024.webp,https://www.skiddle.com/whats-on/Stockport/PINK-Stockport/The-Sleeves/42329117/,2026-07-17,2026-07-17T19:30:00+00:00,2026-07-17T23:00:00+00:00,The brand new duo project from Jack Cooper & Tara Cunningham of Modern Nature (& formerly Ultimate Painting / Mazes) following the release of their LP,"{'doorsopen': '19:30', 'doorsclose': '23:00', 'lastentry': '20:00'}",18,,0,0,True,"{'minPrice': 12.5, 'maxPrice': 12.5}",,public,,False,{'enabled': False},#082838,GBP,[],"[{'genreid': '91', 'name': 'Experimental'}]",[]
41480066,2137376,False,2137376,False,0,LIVE,Road to Nashville Indoor Rodeo Show | O2 Victoria Warehouse,0,,,,,"{'id': 35106, 'name': 'O2 Victoria Warehouse', 'address': ' Trafford Park, Stretford', 'town': 'Manchester', 'postcode_lookup': 'Manchester', 'postcode': 'M17 1AB', 'region': 'Greater Manchester', 'country': 'GB', 'phone': '', 'latitude': 53.464265, 'longitude': -2.284971, 'type': 'live', 'rating': 4, 'reviewCount': 8620, 'distance': 3111.7940335943895}",https://d31fr2pwly4c4s.cloudfront.net/3/c/4/2137376_a6b458d9_road-to-nashville-festival-o2-victoria-warehouse_th.jpg,https://d31fr2pwly4c4s.cloudfront.net/3/c/4/2137376_a6b458d9_road-to-nashville-festival-o2-victoria-warehouse.jpg,https://d31fr2pwly4c4s.cloudfront.net/3/c/4/2137376_a6b458d9_road-to-nashville-festival-o2-victoria-warehouse_1024.jpg,https://d31fr2pwly4c4s.cloudfront.net/3/c/4/2137376_a6b458d9_road-to-nashville-festival-o2-victoria-warehouse_1024.webp,https://www.skiddle.com/whats-on/Manchester/O2-Victoria-Warehouse/Road-to-Nashville-Indoor-Rodeo-Show--O2-Victoria-Warehouse/41480066/,2026-07-18,2026-07-18T14:00:00+00:00,2026-07-18T22:00:00+00:00,"After a string of sold-out shows across the UK, The Road to Nashville is bringing its country magic to the O2 Victoria Warehouse in Manchester!","{'doorsopen': '14:00', 'doorsclose': '22:00', 'lastentry': ''}",18,,0,0,True,"{'minPrice': 22.75, 'maxPrice': 37.75}",,public,,False,{'enabled': False},#283848,GBP,[],"[{'genreid': '71', 'name': 'Country/Americana'}]",[]
41912741,2180710,False,2180710,False,0,LIVE,MancUnion plus special guests at Elton Liberal Club,0,,,,,"{'id': 109765, 'name': 'Elton Liberal Club', 'address': '3A New George Street', 'town': 'Bury', 'postcode_lookup': 'Bolton', 'postcode': 'BL8 1NW', 'region': 'Manchester', 'country': 'GB', 'phone': '', 'latitude': 53.5972694, 'longitude': -2.3145598, 'type': 'bar', 'rating': 4, 'reviewCount': 18, 'distance': 13931.159848051891}",https://d31fr2pwly4c4s.cloudfront.net/0/7/e/2180710_61239079_MancUnion-plus-special-guests-at-Elton-Liberal-Club_th.jpg,https://d31fr2pwly4c4s.cloudfront.net/0/7/e/2180710_61239079_MancUnion-plus-special-guests-at-Elton-Liberal-Club.jpg,https://d31fr2pwly4c4s.cloudfront.net/0/7/e/2180710_61239079_MancUnion-plus-special-guests-at-Elton-Liberal-Club_1024.jpg,https://d31fr2pwly4c4s.cloudfront.net/0/7/e/2180710_61239079_MancUnion-plus-special-guests-at-Elton-Liberal-Club_1024.webp,https://www.skiddle.com/whats-on/Bolton/Elton-Liberal-Club/MancUnion-plus-special-guests-at-Elton-Liberal-Club/41912741/,2026-07-18,2026-07-18T15:00:00+00:00,2026-07-18T23:00:00+00:00,"We are hosting a charity gig and giving 100% of ticket sales to Andys Man Club.
4pm until 10:45pm","{'doorsopen': '15:00', 'doorsclose': '23:00', 'lastentry': '16:00'}",,,0,0,True,"{'minPrice': 5, 'maxPrice': 5}",,public,,False,{'enabled': False},#080808,GBP,"[{'artistid': '123613275', 'name': 'MancUnion', 'image': 'https://d1plawd8huk6hh.cloudfront.net/assets/default400.png', 'spotifyartisturl': 'spotify:artist:3EUON0ESKOA5kfkDEeD7WB'}]","[{'genreid': '5', 'name': 'Rock'}, {'genreid': '26', 'name': 'Indie'}, {'genreid': '46', 'name': 'Alternative'}]",[]
42513139,2288309,False,2288309,False,0,LIVE,Groovin @ Bar 83,0,,,,,"{'id': 140134, 'name': 'Bar 83 Golbourne', 'address': '83 High Street', 'town': 'Warrington', 'postcode_lookup': 'Warrington', 'postcode': 'WA3 3BU', 'region': 'Cheshire', 'country': 'GB', 'phone': '', 'latitude': 53.4767005, 'longitude': -2.5965929, 'type': 'bar', 'rating': 0, 'reviewCount': 0, 'distance': 23268.3642231298}",https://d31fr2pwly4c4s.cloudfront.net/2/2/f/2288309_d7c6161e_groovin-bar-83_th.jpg,https://d31fr2pwly4c4s.cloudfront.net/2/2/f/2288309_d7c6161e_groovin-bar-83.jpg,https://d31fr2pwly4c4s.cloudfront.net/2/2/f/2288309_d7c6161e_groovin-bar-83_1024.jpg,https://d31fr2pwly4c4s.cloudfront.net/2/2/f/2288309_d7c6161e_groovin-bar-83_1024.webp,https://www.skiddle.com/whats-on/Warrington/Bar-83-Golbourne/Groovin--Bar-83/42513139/,2026-07-18,2026-07-18T15:00:00+00:00,2026-07-19T00:00:00+00:00,Midnite Promotions presents GROOVIN @ Bar 83 bringing you a day session of all the best house music & Ibiza classics.,"{'doorsopen': '15:00', 'doorsclose': '00:00', 'lastentry': '15:00'}",,,0,0,True,"{'minPrice': 10, 'maxPrice': 10}",,public,,False,{'enabled': False},#080808,GBP,[],"[{'genreid': '1', 'name': 'House'}]",[]
42459250,2272145,False,2272145,False,0,LIVE,Bask Bingo,0,,,,,"{'id': 130809, 'name': 'Bask', 'address': '20 Railway Road', 'town': 'Stockport', 'postcode_lookup': 'Stockport', 'postcode': 'SK1 3SW', 'region': 'Manchester', 'country': 'GB', 'phone': '', 'latitude': 53.4059707, 'longitude': -2.1618229, 'type': 'bar', 'rating': 4, 'reviewCount': 1, 'distance': 9812.77574062472}",https://d31fr2pwly4c4s.cloudfront.net/c/9/1/2272145_196bdd0e_bask-bingo_th.jpg,https://d31fr2pwly4c4s.cloudfront.net/c/9/1/2272145_196bdd0e_bask-bingo.jpg,https://d31fr2pwly4c4s.cloudfront.net/c/9/1/2272145_196bdd0e_bask-bingo_1024.jpg,https://d31fr2pwly4c4s.cloudfront.net/c/9/1/2272145_196bdd0e_bask-bingo_1024.webp,https://www.skiddle.com/whats-on/Stockport/Bask/Bask-Bingo/42459250/,2026-07-18,2026-07-18T16:00:00+00:00,2026-07-18T19:00:00+00:00,Musical Madness at its finest....,"{'doorsopen': '16:00', 'doorsclose': '19:00', 'lastentry': '16:00'}",18,,0,0,True,"{'minPrice': 8, 'maxPrice': 64}",,public,,False,{'enabled': False},#f8f8f8,GBP,[],[],[]
41582796,2146765,False,L7Al8FxrLL,False,0,LIVE,Manchester Got Soul: Live Music and DJs Til Late,0,,,,,"{'id': 104602, 'name': 'The Blues Kitchen', 'address': '13 Quay Street', 'town': 'Manchester', 'postcode_lookup': 'Manchester', 'postcode': 'M3 3HN', 'region': 'Greater Manchester', 'country': 'GB', 'phone': '', 'latitude': 53.4782265, 'longitude': -2.2504397, 'type': 'bar', 'rating': 4, 'reviewCount': 319, 'distance': 370.10660406021236}",https://d31fr2pwly4c4s.cloudfront.net/2/a/8/1884729_1bfbd26c_manchester-got-soul-live-music-and-djs-til-late_th.jpg,https://d31fr2pwly4c4s.cloudfront.net/2/a/8/1884729_1bfbd26c_manchester-got-soul-live-music-and-djs-til-late.jpg,https://d31fr2pwly4c4s.cloudfront.net/2/a/8/1884729_1bfbd26c_manchester-got-soul-live-music-and-djs-til-late_1024.jpg,https://d31fr2pwly4c4s.cloudfront.net/2/a/8/1884729_1bfbd26c_manchester-got-soul-live-music-and-djs-til-late_1024.webp,https://www.skiddle.com/whats-on/Manchester/The-Blues-Kitchen/Manchester-Got-Soul-Live-Music-and-DJs-Til-Late/41582796/,2026-07-18,2026-07-18T19:00:00+00:00,2026-07-19T03:00:00+00:00,Live music and DJs across both floors from 8pm to 3am.,"{'doorsopen': '19:00', 'doorsclose': '03:00', 'lastentry': ''}",18,,0,0,True,"{'minPrice': 0, 'maxPrice': 0}",,public,,False,{'enabled': False},,GBP,[],[],[]
42464812,2273766,False,2273766,False,0,LIVE,"HOT TAKE: Normal Village, WHTVRMNS, Cob",0,,,,,"{'id': 94728, 'name': 'YES Basement', 'address': '38 Charles Street', 'town': 'Manchester', 'postcode_lookup': 'Manchester', 'postcode': 'M1 7DB', 'region': 'Greater Manchester', 'country': 'GB', 'phone': '', 'latitude': 53.4741142, 'longitude': -2.2382036, 'type': 'Nightclub', 'rating': 4, 'reviewCount': 278, 'distance': 705.2971057897885}",https://d31fr2pwly4c4s.cloudfront.net/0/a/a/2273766_11343209_HOT-TAKE--Normal-Village--WHTVRMNS--Cob_th.jpg,https://d31fr2pwly4c4s.cloudfront.net/0/a/a/2273766_11343209_HOT-TAKE--Normal-Village--WHTVRMNS--Cob.jpg,https://d31fr2pwly4c4s.cloudfront.net/0/a/a/2273766_11343209_HOT-TAKE--Normal-Village--WHTVRMNS--Cob_1024.jpg,https://d31fr2pwly4c4s.cloudfront.net/0/a/a/2273766_11343209_HOT-TAKE--Normal-Village--WHTVRMNS--Cob_1024.webp,https://www.skiddle.com/whats-on/Manchester/YES-Basement/HOT-TAKE-Normal-Village-WHTVRMNS-Cob/42464812/,2026-07-18,2026-07-18T19:00:00+00:00,2026-07-18T23:00:00+00:00,"Now Wave presents HOT TAKE: Normal Village, WHTVRMNS, Cob in YES Basement","{'doorsopen': '19:00', 'doorsclose': '23:00', 'lastentry': ''}",18,,0,0,True,"{'minPrice': 5.5, 'maxPrice': 5.5}",5.50,public,,False,{'enabled': False},#084898,GBP,[],[],[]
42569010,2298381,False,2298381,False,0,LIVE,This Feeling - Manchester,0,,,,,"{'id': 97652, 'name': 'Off The Square', 'address': ' 65-67, Lever Street Manchester, M1 1FL', 'town': 'Manchester', 'postcode_lookup': 'Manchester', 'postcode': 'M1 1FL', 'region': 'Greater Manchester', 'country': 'GB', 'phone': '', 'latitude': 53.4836446, 'longitude': -2.2323615, 'type': 'Nightclub', 'rating': 4, 'reviewCount': 955, 'distance': 982.9088070224097}",https://d31fr2pwly4c4s.cloudfront.net/7/8/8/2298381_919b6d12_this-feeling-manchester_th.jpg,https://d31fr2pwly4c4s.cloudfront.net/7/8/8/2298381_919b6d12_this-feeling-manchester.jpg,https://d31fr2pwly4c4s.cloudfront.net/7/8/8/2298381_919b6d12_this-feeling-manchester_1024.jpg,https://d31fr2pwly4c4s.cloudfront.net/7/8/8/2298381_919b6d12_this-feeling-manchester_1024.webp,https://www.skiddle.com/whats-on/Manchester/Off-The-Square/This-Feeling---Manchester/42569010/,2026-07-18,2026-07-18T19:00:00+00:00,2026-07-18T22:00:00+00:00,"""If you're going to see the emergence of a new great band you'll see them at This Feeling first."" Carl Barat","{'doorsopen': '19:00', 'doorsclose': '22:00', 'lastentry': ''}",18,,0,0,True,"{'minPrice': 10, 'maxPrice': 10}",,public,,False,{'enabled': False},#f8f8f8,GBP,[],"[{'genreid': '26', 'name': 'Indie'}, {'genreid': '46', 'name': 'Alternative'}, {'genreid': '86', 'name': 'Nu Indie'}, {'genreid': '98', 'name': 'Indie Pop'}]",[]
41998828,2199233,False,2199233,False,0,LIVE,Daft Punkz - The Live Band Daft Punk Tribute,0,,,,,"{'id': 536, 'name': 'Band On The Wall', 'address': '25 Swan Street', 'town': 'Manchester', 'postcode_lookup': 'Manchester', 'postcode': 'M4 5JZ', 'region': 'Greater Manchester', 'country': 'GB', 'phone': '0161 834 1786', 'latitude': 53.485227, 'longitude': -2.234386, 'type': 'live', 'rating': 4, 'reviewCount': 1323, 'distance': 986.2450438131307}",https://d31fr2pwly4c4s.cloudfront.net/0/2/f/2199233_34c14519_daft-punkz-the-live-band-daft-punk-tribute_th.jpg,https://d31fr2pwly4c4s.cloudfront.net/0/2/f/2199233_34c14519_daft-punkz-the-live-band-daft-punk-tribute.jpg,https://d31fr2pwly4c4s.cloudfront.net/0/2/f/2199233_34c14519_daft-punkz-the-live-band-daft-punk-tribute_1024.jpg,https://d31fr2pwly4c4s.cloudfront.net/0/2/f/2199233_34c14519_daft-punkz-the-live-band-daft-punk-tribute_1024.webp,https://www.skiddle.com/whats-on/Manchester/Band-On-The-Wall/Daft-Punkz---The-Live-Band-Daft-Punk-Tribute/41998828/,2026-07-18,2026-07-18T19:00:00+00:00,2026-07-18T22:00:00+00:00,Daft Punkz - the first and only full live band tribute to the masters of electronic music are back for their biggest tour yet: Epilogue '26.,"{'doorsopen': '19:00', 'doorsclose': '22:00', 'lastentry': '19:30'}",10,,0,0,True,"{'minPrice': 21.5, 'maxPrice': 21.5}",,public,,False,{'enabled': False},#080808,GBP,[],"[{'genreid': '5', 'name': 'Rock'}, {'genreid': '20', 'name': 'Pop'}, {'genreid': '61', 'name': 'Electronic'}, {'genreid': '107', 'name': 'Pop Rock'}]",[]
42490300,2281985,False,2281985,False,0,LIVE,Snug Live Sessions w/Heavy Salad + Chimaeras,0,,,,,"{'id': 133518, 'name': 'The Snug Coffee House', 'address': '67A Market Street', 'town': 'Manchester', 'postcode_lookup': 'Manchester', 'postcode': 'M46 0DA', 'region': 'Greater Manchester', 'country': 'GB', 'phone': '01942875430', 'latitude': 53.523916, 'longitude': -2.493465, 'type': 'live', 'rating': 4, 'reviewCount': 80, 'distance': 17175.444320697858}",https://d31fr2pwly4c4s.cloudfront.net/0/9/5/2281985_ad0d4b94_snug-live-sessions-w-heavy-salad-chimaeras_th.jpg,https://d31fr2pwly4c4s.cloudfront.net/0/9/5/2281985_ad0d4b94_snug-live-sessions-w-heavy-salad-chimaeras.jpg,https://d31fr2pwly4c4s.cloudfront.net/0/9/5/2281985_ad0d4b94_snug-live-sessions-w-heavy-salad-chimaeras_1024.jpg,https://d31fr2pwly4c4s.cloudfront.net/0/9/5/2281985_ad0d4b94_snug-live-sessions-w-heavy-salad-chimaeras_1024.webp,https://www.skiddle.com/whats-on/Manchester/The-Snug-Coffee-House/Snug-Live-Sessions-wHeavy-Salad--Chimaeras/42490300/,2026-07-18,2026-07-18T19:00:00+00:00,2026-07-18T23:00:00+00:00,"Heavy Salad bring their kaleidoscopic blend of indie, psych-pop and alternative rock to The Snug this July with support from Chimaeras.","{'doorsopen': '19:00', 'doorsclose': '23:00', 'lastentry': '19:00'}",14,,0,0,True,"{'minPrice': 7, 'maxPrice': 7}",,public,,False,{'enabled': False},#080808,GBP,"[{'artistid': '123573281', 'name': 'Heavy Salad', 'image': 'https://d1plawd8huk6hh.cloudfront.net/assets/default400.png', 'spotifyartisturl': 'spotify:artist:1BbNwEaTfjueFcSIGAs521'}]","[{'genreid': '5', 'name': 'Rock'}, {'genreid': '46', 'name': 'Alternative'}, {'genreid': '125', 'name': 'Progressive Rock'}]",[]
41952621,2188262,False,2188262,False,0,LIVE,Korn Again + Deaftones - Cinemac Macclesfield,0,,,,,"{'id': 114812, 'name': 'Cinemac ', 'address': ' The Heritage Centre, Roe Street ', 'town': 'Macclesfield', 'postcode_lookup': 'Stockport', 'postcode': 'SK11 6UT', 'region': 'Manchester', 'country': 'GB', 'phone': '', 'latitude': 53.257726, 'longitude': -2.1270286, 'type': 'Theatre', 'rating': 4, 'reviewCount': 41, 'distance': 25819.503374472526}",https://d31fr2pwly4c4s.cloudfront.net/2/3/d/2188262_9c82da49_korn-again-deaftones-cinemac-macclesfield_th.jpg,https://d31fr2pwly4c4s.cloudfront.net/2/3/d/2188262_9c82da49_korn-again-deaftones-cinemac-macclesfield.jpg,https://d31fr2pwly4c4s.cloudfront.net/2/3/d/2188262_9c82da49_korn-again-deaftones-cinemac-macclesfield_1024.jpg,https://d31fr2pwly4c4s.cloudfront.net/2/3/d/2188262_9c82da49_korn-again-deaftones-cinemac-macclesfield_1024.webp,https://www.skiddle.com/whats-on/Stockport/Cinemac-/Korn-Again--Deaftones---Cinemac-Macclesfield/41952621/,2026-07-18,2026-07-18T19:00:00+00:00,2026-07-18T23:00:00+00:00,Korn Again and deaftones live at Cinemac Macclesfield. A night of crushing riffs and atmospheric metal,"{'doorsopen': '19:00', 'doorsclose': '23:00', 'lastentry': '20:00'}",14,,0,0,True,"{'minPrice': 15, 'maxPrice': 15}",,public,,False,{'enabled': False},#080808,GBP,"[{'artistid': '123550726', 'name': 'Korn Again', 'image': 'https://d1mdxzfl9p8pzo.cloudfront.net/6/123550726_1_1024.jpg', 'spotifyartisturl': None}, {'artistid': '123610631', 'name': 'Deaftones - UK tribute to Deftones', 'image': 'https://d1mdxzfl9p8pzo.cloudfront.net/1/123610631_e8b921ec_1024.jpg', 'spotifyartisturl': None}]","[{'genreid': '5', 'name': 'Rock'}, {'genreid': '27', 'name': 'Metal'}, {'genreid': '46', 'name': 'Alternative'}, {'genreid': '84', 'name': 'Grunge'}, {'genreid': '85', 'name': 'Nu Metal'}]",[]
42086093,2205971,False,2205971,False,0,LIVE,Summer Goes Pop!!!,1,2026-03-18 12:40:54,cancelled,Automatic cancellation: All future dates in the event series have been cancelled,,"{'id': 132577, 'name': 'The Old Market Square, Warrington', 'address': 'Management Office', 'town': 'Warrington', 'postcode_lookup': 'Warrington', 'postcode': 'WA1 1QP', 'region': 'Cheshire', 'country': 'GB', 'phone': '', 'latitude': 53.3897689, 'longitude': -2.5947638, 'type': 'live', 'rating': 4, 'reviewCount': 34, 'distance': 25204.720968917747}",https://d31fr2pwly4c4s.cloudfront.net/0/e/a/2205971_e5664d1d_summer-goes-pop-_th.jpg,https://d31fr2pwly4c4s.cloudfront.net/0/e/a/2205971_e5664d1d_summer-goes-pop-.jpg,https://d31fr2pwly4c4s.cloudfront.net/0/e/a/2205971_e5664d1d_summer-goes-pop-_1024.jpg,https://d31fr2pwly4c4s.cloudfront.net/0/e/a/2205971_e5664d1d_summer-goes-pop-_1024.webp,https://www.skiddle.com/whats-on/Warrington/The-Old-Market-Square%2C-Warrington/Summer-Goes-Pop/42086093/,2026-07-19,2026-07-19T13:30:00+00:00,2026-07-19T18:00:00+00:00,"Get ready, Warrington - because Summer is going POP!
Join us in the heart of the town at Old Market Square for an unforgettable day.","{'doorsopen': '13:30', 'doorsclose': '18:00', 'lastentry': '14:00'}",,,0,0,False,"{'minPrice': 13.5, 'maxPrice': 18.5}",,public,,False,{'enabled': False},#f8c828,GBP,[],"[{'genreid': '20', 'name': 'Pop'}, {'genreid': '116', 'name': 'K-pop'}, {'genreid': '122', 'name': '2020s'}]",[]
42414187,2261668,False,2261668,False,0,LIVE,DFIU Events Manchester Presents: The C*ntressas Tour,0,,,,,"{'id': 17946, 'name': 'Cruz 101', 'address': '101 Princess Street', 'town': 'Manchester', 'postcode_lookup': 'Manchester', 'postcode': 'M1 6DD', 'region': 'Greater Manchester', 'country': 'GB', 'phone': '0161 950 0101', 'latitude': 53.477198, 'longitude': -2.239284, 'type': 'Nightclub', 'rating': 4, 'reviewCount': 158, 'distance': 428.052458483583}",https://d31fr2pwly4c4s.cloudfront.net/6/5/b/2261668_66529523_DFIU-Events-Manchester-Presents--The-C-ntressas-Tour_th.jpg,https://d31fr2pwly4c4s.cloudfront.net/6/5/b/2261668_66529523_DFIU-Events-Manchester-Presents--The-C-ntressas-Tour.jpg,https://d31fr2pwly4c4s.cloudfront.net/6/5/b/2261668_66529523_DFIU-Events-Manchester-Presents--The-C-ntressas-Tour_1024.jpg,https://d31fr2pwly4c4s.cloudfront.net/6/5/b/2261668_66529523_DFIU-Events-Manchester-Presents--The-C-ntressas-Tour_1024.webp,https://www.skiddle.com/whats-on/Manchester/Cruz-101/DFIU-Events-Manchester-Presents-The-Cntressas-Tour/42414187/,2026-07-19,2026-07-19T18:00:00+00:00,2026-07-19T23:00:00+00:00,"Winner of Drag Race UK vs The World Season 3 Gawdland is hitting stages across the UK and Ireland alongside Mariah, Sminty and Zahirah","{'doorsopen': '18:00', 'doorsclose': '23:00', 'lastentry': ''}",18,,0,0,True,"{'minPrice': 20, 'maxPrice': 30}",,public,,False,{'enabled': False},#080808,GBP,[],[],[]
41496262,2141418,False,2141418,False,0,LIVE,The Dickies,0,,,,,"{'id': 132745, 'name': 'Holy Diver', 'address': '1 Princes Street', 'town': 'Stockport', 'postcode_lookup': 'Stockport', 'postcode': 'SK1 1SL', 'region': 'Manchester', 'country': 'GB', 'phone': '', 'latitude': 53.41117375, 'longitude': -2.16158853, 'type': 'live', 'rating': 4, 'reviewCount': 118, 'distance': 9348.609370065313}",https://d31fr2pwly4c4s.cloudfront.net/8/e/b/2141418_6d16c7ba_the-dickies_th.jpg,https://d31fr2pwly4c4s.cloudfront.net/8/e/b/2141418_6d16c7ba_the-dickies.jpg,https://d31fr2pwly4c4s.cloudfront.net/8/e/b/2141418_6d16c7ba_the-dickies_1024.jpg,https://d31fr2pwly4c4s.cloudfront.net/8/e/b/2141418_6d16c7ba_the-dickies_1024.webp,https://www.skiddle.com/whats-on/Stockport/Holy-Diver/The-Dickies/41496262/,2026-07-20,2026-07-20T18:00:00+00:00,2026-07-20T22:00:00+00:00,THE DICKIES' final European tour.,"{'doorsopen': '18:00', 'doorsclose': '22:00', 'lastentry': '19:00'}",18,,0,0,True,"{'minPrice': 20, 'maxPrice': 20}",,public,,False,{'enabled': False},#080808,GBP,"[{'artistid': '123554348', 'name': 'The Dickies', 'image': 'https://d1plawd8huk6hh.cloudfront.net/assets/default400.png', 'spotifyartisturl': 'spotify:artist:3xWO6nOrnGGL9hfB2vWxLI'}, {'artistid': '123579196', 'name': 'Slackrr', 'image': 'https://d1plawd8huk6hh.cloudfront.net/assets/default400.png', 'spotifyartisturl': 'spotify:artist:17JbSCGvIPoMMl9xGcR8lu'}]","[{'genreid': '53', 'name': 'Punk'}]",[]
42569992,2298695,False,HdmgDwDDn4,False,0,LIVE,Open Mic Night every Tuesday,0,,,,,"{'id': 133956, 'name': 'The Trading Route', 'address': '1 Goods Yard St', 'town': 'Manchester', 'postcode_lookup': 'Manchester', 'postcode': 'M3 3BG', 'region': 'Greater Manchester', 'country': 'GB', 'phone': '', 'latitude': 53.4785843, 'longitude': -2.2563368, 'type': 'bar', 'rating': 5, 'reviewCount': 3, 'distance': 751.6317244022927}",https://d31fr2pwly4c4s.cloudfront.net/2/a/f/2258961_96b87705_open-mic-night-every-tuesday_th.jpg,https://d31fr2pwly4c4s.cloudfront.net/2/a/f/2258961_96b87705_open-mic-night-every-tuesday.jpg,https://d31fr2pwly4c4s.cloudfront.net/2/a/f/2258961_96b87705_open-mic-night-every-tuesday_1024.jpg,https://d31fr2pwly4c4s.cloudfront.net/2/a/f/2258961_96b87705_open-mic-night-every-tuesday_1024.webp,https://www.skiddle.com/whats-on/Manchester/The-Trading-Route/Open-Mic-Night-every-Tuesday/42569992/,2026-07-21,2026-07-21T19:00:00+00:00,2026-07-21T23:00:00+00:00,Lo-Tide are coming to Trading Route to bring an all-new open mic night every Tuesday!,"{'doorsopen': '19:00', 'doorsclose': '23:00', 'lastentry': '23:00'}",18,,0,0,False,"{'minPrice': 20, 'maxPrice': 20}",,public,,False,{'enabled': False},,GBP,[],[],[]
42507402,2286161,False,2286161,False,0,LIVE,Jack Twaites/Jacob James/Susie Jones,0,,,,,"{'id': 128297, 'name': 'The Peer Hat', 'address': '14-16 Faraday St', 'town': 'Manchester', 'postcode_lookup': 'Manchester', 'postcode': 'M1 1BE', 'region': 'Greater Manchester', 'country': 'GB', 'phone': '', 'latitude': 53.4826436, 'longitude': -2.2327842, 'type': 'Nightclub', 'rating': 4, 'reviewCount': 317, 'distance': 904.1811654761876}",https://d31fr2pwly4c4s.cloudfront.net/8/1/a/2286161_0179ddaa_jack-twaites-jacob-james-susie-jones_th.jpg,https://d31fr2pwly4c4s.cloudfront.net/8/1/a/2286161_0179ddaa_jack-twaites-jacob-james-susie-jones.jpg,https://d31fr2pwly4c4s.cloudfront.net/8/1/a/2286161_0179ddaa_jack-twaites-jacob-james-susie-jones_1024.jpg,https://d31fr2pwly4c4s.cloudfront.net/8/1/a/2286161_0179ddaa_jack-twaites-jacob-james-susie-jones_1024.webp,https://www.skiddle.com/whats-on/Manchester/The-Peer-Hat/Jack-TwaitesJacob-JamesSusie-Jones/42507402/,2026-07-22,2026-07-22T19:30:00+00:00,2026-07-22T23:00:00+00:00,"Live folk music at the Peer Hat!

Expect guitar pedals, radio static and good old fashioned traditional tunes.","{'doorsopen': '19:30', 'doorsclose': '23:00', 'lastentry': ''}",18,,0,0,True,"{'minPrice': 7, 'maxPrice': 7}",,public,,False,{'enabled': False},#e8e8e8,GBP,[],"[{'genreid': '44', 'name': 'Folk'}]",[]
42573695,2299884,False,2299884,False,0,LIVE,Havoc Presents: Fashion EGGSTRAVAGANZA,0,,,,,"{'id': 11705, 'name': 'The Deaf Institute', 'address': '135 Grosvenor Street', 'town': 'Manchester', 'postcode_lookup': 'Manchester', 'postcode': 'M1 7HE', 'region': 'Greater Manchester', 'country': 'GB', 'phone': '0161 276 9350', 'latitude': 53.470281, 'longitude': -2.236581, 'type': 'live', 'rating': 4, 'reviewCount': 2244, 'distance': 1118.2106814852134}",https://d31fr2pwly4c4s.cloudfront.net/2/3/1/2299884_0127859b_havoc-presents-fashion-eggstravaganza_th.jpg,https://d31fr2pwly4c4s.cloudfront.net/2/3/1/2299884_0127859b_havoc-presents-fashion-eggstravaganza.jpg,https://d31fr2pwly4c4s.cloudfront.net/2/3/1/2299884_0127859b_havoc-presents-fashion-eggstravaganza_1024.jpg,https://d31fr2pwly4c4s.cloudfront.net/2/3/1/2299884_0127859b_havoc-presents-fashion-eggstravaganza_1024.webp,https://www.skiddle.com/whats-on/Manchester/The-Deaf-Institute/Havoc-Presents-Fashion-EGGSTRAVAGANZA/42573695/,2026-07-23,2026-07-23T07:00:00+00:00,2026-07-23T23:00:00+00:00,HAVOC's night of DIY fashion! Hosting some of the north's most exciting upcoming designers! Live music from The Red Stains and Woke Nonsense!!,"{'doorsopen': '07:00', 'doorsclose': '23:00', 'lastentry': '19:30'}",18,,0,0,True,"{'minPrice': 3, 'maxPrice': 3}",,public,,False,{'enabled': False},#f8d818,GBP,"[{'artistid': '123571263', 'name': 'The Red Stains', 'image': 'https://d1mdxzfl9p8pzo.cloudfront.net/3/123571263_1_1024.jpg', 'spotifyartisturl': 'spotify:artist:18XRDM5NAu9nk3R7WhHBmq'}]","[{'genreid': '5', 'name': 'Rock'}, {'genreid': '46', 'name': 'Alternative'}, {'genreid': '53', 'name': 'Punk'}]",[]
42502372,2284201,False,2284201,False,0,LIVE,A taste of Mala with Live Music From The Nightcreatures,0,,,,,"{'id': 140031, 'name': 'Mala Indian', 'address': '18-20 Holcombe Village', 'town': 'Bury', 'postcode_lookup': 'Bolton', 'postcode': 'BL8 4LZ', 'region': 'Manchester', 'country': 'GB', 'phone': '01706 825702', 'latitude': 53.6459043, 'longitude': -2.3316194, 'type': 'Restaurant', 'rating': 0, 'reviewCount': 0, 'distance': 19420.6114659852}",https://d1plawd8huk6hh.cloudfront.net/assets/default400.png,https://d1plawd8huk6hh.cloudfront.net/assets/default400.png,https://d1plawd8huk6hh.cloudfront.net/assets/default400.png,False,https://www.skiddle.com/whats-on/Bolton/Mala-Indian/A-taste-of-Mala-with-Live-Music-From-The-Nightcreatures/42502372/,2026-07-23,2026-07-23T19:00:00+00:00,2026-07-23T22:15:00+00:00,An Indian feast and a performance from Matt and Phreds jazz club regulars The Nightcreatures.,"{'doorsopen': '19:00', 'doorsclose': '22:15', 'lastentry': ''}",,,0,0,True,"{'minPrice': 25, 'maxPrice': 25}",,public,,False,{'enabled': False},#080808,GBP,[],"[{'genreid': '25', 'name': 'Jazz'}, {'genreid': '40', 'name': 'Blues'}]",[]
42270648,2232051,False,2232051,False,0,LIVE,The Nightswimmers - Manchester,0,,,,,"{'id': 1284, 'name': 'Gullivers', 'address': '109 Oldham Street', 'town': 'Manchester', 'postcode_lookup': 'Manchester', 'postcode': 'M4 1LW', 'region': 'Greater Manchester', 'country': 'GB', 'phone': '01618192970', 'latitude': 53.483919, 'longitude': -2.233949, 'type': 'live', 'rating': 4, 'reviewCount': 236, 'distance': 913.1775638362873}",https://d31fr2pwly4c4s.cloudfront.net/2/9/4/2232051_b639ac27_the-nightswimmers_th.jpg,https://d31fr2pwly4c4s.cloudfront.net/2/9/4/2232051_b639ac27_the-nightswimmers.jpg,https://d31fr2pwly4c4s.cloudfront.net/2/9/4/2232051_b639ac27_the-nightswimmers_1024.jpg,https://d31fr2pwly4c4s.cloudfront.net/2/9/4/2232051_b639ac27_the-nightswimmers_1024.webp,https://www.skiddle.com/whats-on/Manchester/Gullivers/The-Nightswimmers---Manchester/42270648/,2026-07-23,2026-07-23T19:30:00+00:00,2026-07-23T22:30:00+00:00,"Increasingly talked-about band with huge buzz & momentum. For their final days at this size, they're a band you don't want to miss out on.","{'doorsopen': '19:30', 'doorsclose': '22:30', 'lastentry': ''}",18,,0,0,True,"{'minPrice': 7.5, 'maxPrice': 7.5}",,public,,False,{'enabled': False},#080808,GBP,[],"[{'genreid': '5', 'name': 'Rock'}, {'genreid': '20', 'name': 'Pop'}, {'genreid': '107', 'name': 'Pop Rock'}]",[]
41594022,2150054,False,2150054,False,0,LIVE,Smoove & Turrell - The Singles Tour,0,,,,,"{'id': 536, 'name': 'Band On The Wall', 'address': '25 Swan Street', 'town': 'Manchester', 'postcode_lookup': 'Manchester', 'postcode': 'M4 5JZ', 'region': 'Greater Manchester', 'country': 'GB', 'phone': '0161 834 1786', 'latitude': 53.485227, 'longitude': -2.234386, 'type': 'live', 'rating': 4, 'reviewCount': 1323, 'distance': 986.2450438131307}",https://d31fr2pwly4c4s.cloudfront.net/3/6/1/2150054_e1d5ef2e_smoove-turrell-the-singles-tour_th.jpg,https://d31fr2pwly4c4s.cloudfront.net/3/6/1/2150054_e1d5ef2e_smoove-turrell-the-singles-tour.jpg,https://d31fr2pwly4c4s.cloudfront.net/3/6/1/2150054_e1d5ef2e_smoove-turrell-the-singles-tour_1024.jpg,https://d31fr2pwly4c4s.cloudfront.net/3/6/1/2150054_e1d5ef2e_smoove-turrell-the-singles-tour_1024.webp,https://www.skiddle.com/whats-on/Manchester/Band-On-The-Wall/Smoove--Turrell---The-Singles-Tour/41594022/,2026-07-23,2026-07-23T19:30:00+00:00,2026-07-23T23:00:00+00:00,"he Singles Tour a celebration of their biggest tunes, fan favourites, and timeless grooves that have defined their career.","{'doorsopen': '19:30', 'doorsclose': '23:00', 'lastentry': ''}",10,,0,0,True,"{'minPrice': 25, 'maxPrice': 25}",,public,,False,{'enabled': False},#080808,GBP,"[{'artistid': '123527686', 'name': 'SMOOVE AND TURRELL', 'image': 'https://d1mdxzfl9p8pzo.cloudfront.net/6/123527686_2_1024.jpg', 'spotifyartisturl': 'spotify:artist:2H1QvrzVgcOKPRpYF8xDUn'}, {'artistid': '123550793', 'name': 'Smoove & Turrell', 'image': 'https://d1mdxzfl9p8pzo.cloudfront.net/3/123550793_2_1024.jpg', 'spotifyartisturl': 'spotify:artist:2H1QvrzVgcOKPRpYF8xDUn'}]","[{'genreid': '25', 'name': 'Jazz'}, {'genreid': '45', 'name': 'Funk'}, {'genreid': '87', 'name': 'Nu Disco'}, {'genreid': '131', 'name': 'Northern Soul'}]",[]
41998809,2199216,False,2199216,False,0,LIVE,Dark Matter presents Seamus Fogarty + Sophie Cooper,0,,,,,"{'id': 113688, 'name': 'Golden Lion Todmorden', 'address': 'Fielden Square', 'town': 'Todmorden', 'postcode_lookup': 'Oldham', 'postcode': 'OL14 6LZ', 'region': 'Manchester', 'country': 'GB', 'phone': '01706 816333', 'latitude': 53.712184, 'longitude': -2.09868, 'type': 'live', 'rating': 4, 'reviewCount': 653, 'distance': 27668.489116000237}",https://d31fr2pwly4c4s.cloudfront.net/0/0/7/2199216_1e345276_dark-matter-presents-seamus-fogarty-special-guests_th.jpg,https://d31fr2pwly4c4s.cloudfront.net/0/0/7/2199216_1e345276_dark-matter-presents-seamus-fogarty-special-guests.jpg,https://d31fr2pwly4c4s.cloudfront.net/0/0/7/2199216_1e345276_dark-matter-presents-seamus-fogarty-special-guests_1024.jpg,https://d31fr2pwly4c4s.cloudfront.net/0/0/7/2199216_1e345276_dark-matter-presents-seamus-fogarty-special-guests_1024.webp,https://www.skiddle.com/whats-on/Oldham/Golden-Lion-Todmorden/Dark-Matter-presents-Seamus-Fogarty--Sophie-Cooper/41998809/,2026-07-23,2026-07-23T19:30:00+00:00,2026-07-23T22:30:00+00:00,London-based Alt-folk alchemist Seamus Fogarty touring his new album Ships on Scottish label Lost Map Records.,"{'doorsopen': '19:30', 'doorsclose': '22:30', 'lastentry': ''}",16,,0,0,True,"{'minPrice': 14, 'maxPrice': 14}",,public,,False,{'enabled': False},#080828,GBP,"[{'artistid': '123562120', 'name': 'Seamus Fogarty', 'image': 'https://d1mdxzfl9p8pzo.cloudfront.net/0/123562120_1_1024.jpg', 'spotifyartisturl': 'spotify:artist:3qyt5jlkaV1B1ISCqG1Lfd'}]","[{'genreid': '44', 'name': 'Folk'}, {'genreid': '46', 'name': 'Alternative'}]",[]
41582177,2146734,False,exSxR0RpkH,False,0,LIVE,"RnB, Hip Hop + Afrobeats 'Til Late",0,,,,,"{'id': 104602, 'name': 'The Blues Kitchen', 'address': '13 Quay Street', 'town': 'Manchester', 'postcode_lookup': 'Manchester', 'postcode': 'M3 3HN', 'region': 'Greater Manchester', 'country': 'GB', 'phone': '', 'latitude': 53.4782265, 'longitude': -2.2504397, 'type': 'bar', 'rating': 4, 'reviewCount': 319, 'distance': 370.10660406021236}",https://d31fr2pwly4c4s.cloudfront.net/0/7/f/1864957_568661a1_hip-hop-afrobeats-rnb-til-late_th.jpg,https://d31fr2pwly4c4s.cloudfront.net/0/7/f/1864957_568661a1_hip-hop-afrobeats-rnb-til-late.jpg,https://d31fr2pwly4c4s.cloudfront.net/0/7/f/1864957_568661a1_hip-hop-afrobeats-rnb-til-late_1024.jpg,https://d31fr2pwly4c4s.cloudfront.net/0/7/f/1864957_568661a1_hip-hop-afrobeats-rnb-til-late_1024.webp,https://www.skiddle.com/whats-on/Manchester/The-Blues-Kitchen/RnB-Hip-Hop--Afrobeats-Til-Late/41582177/,2026-07-24,2026-07-24T19:00:00+00:00,2026-07-25T03:00:00+00:00,"From Beyoncé to Drake, Burna Boy to Lauryn Hill - Manchester's finest artists bring a mix of old-school classics and new-school favourites.","{'doorsopen': '19:00', 'doorsclose': '03:00', 'lastentry': ''}",21,,0,0,True,"{'minPrice': 0, 'maxPrice': 0}",,public,,False,{'enabled': False},,GBP,[],"[{'genreid': '4', 'name': 'R&B'}, {'genreid': '39', 'name': 'Hip Hop'}, {'genreid': '95', 'name': 'Afrobeat'}]",[]
42457515,2271514,False,2271514,False,0,LIVE,Everyman - Manchester,0,,,,,"{'id': 11705, 'name': 'The Deaf Institute', 'address': '135 Grosvenor Street', 'town': 'Manchester', 'postcode_lookup': 'Manchester', 'postcode': 'M1 7HE', 'region': 'Greater Manchester', 'country': 'GB', 'phone': '0161 276 9350', 'latitude': 53.470281, 'longitude': -2.236581, 'type': 'live', 'rating': 4, 'reviewCount': 2244, 'distance': 1118.2106814852134}",https://d31fr2pwly4c4s.cloudfront.net/7/e/7/2271514_3e4743e4_everyman-manchester_th.jpg,https://d31fr2pwly4c4s.cloudfront.net/7/e/7/2271514_3e4743e4_everyman-manchester.jpg,https://d31fr2pwly4c4s.cloudfront.net/7/e/7/2271514_3e4743e4_everyman-manchester_1024.jpg,https://d31fr2pwly4c4s.cloudfront.net/7/e/7/2271514_3e4743e4_everyman-manchester_1024.webp,https://www.skiddle.com/whats-on/Manchester/The-Deaf-Institute/Everyman---Manchester/42457515/,2026-07-24,2026-07-24T19:00:00+00:00,2026-07-24T22:00:00+00:00,"""If you're going to see the emergence of a new great band you'll see them at This Feeling first."" Carl Barat","{'doorsopen': '19:00', 'doorsclose': '22:00', 'lastentry': ''}",14,,0,0,True,"{'minPrice': 12, 'maxPrice': 12}",,public,,False,{'enabled': False},#080808,GBP,[],"[{'genreid': '26', 'name': 'Indie'}, {'genreid': '46', 'name': 'Alternative'}, {'genreid': '86', 'name': 'Nu Indie'}, {'genreid': '98', 'name': 'Indie Pop'}]",[]
42082013,2204475,False,2204475,False,0,LIVE,"Fell Out Boy & Black Charade | Freight Island, Manchester",0,,,,,"{'id': 121358, 'name': 'Freight Island', 'address': '11 Baring Street', 'town': 'Manchester', 'postcode_lookup': 'Manchester', 'postcode': 'M1 2PZ', 'region': 'Greater Manchester', 'country': 'GB', 'phone': '', 'latitude': 53.4751511, 'longitude': -2.2276473, 'type': 'Exhibition Centre', 'rating': 4, 'reviewCount': 1326, 'distance': 1225.508984469047}",https://d31fr2pwly4c4s.cloudfront.net/4/4/d/2204475_4c7e280e_fell-out-boy-black-charade-freight-island-manchester_th.jpg,https://d31fr2pwly4c4s.cloudfront.net/4/4/d/2204475_4c7e280e_fell-out-boy-black-charade-freight-island-manchester.jpg,https://d31fr2pwly4c4s.cloudfront.net/4/4/d/2204475_4c7e280e_fell-out-boy-black-charade-freight-island-manchester_1024.jpg,https://d31fr2pwly4c4s.cloudfront.net/4/4/d/2204475_4c7e280e_fell-out-boy-black-charade-freight-island-manchester_1024.webp,https://www.skiddle.com/whats-on/Manchester/Freight-Island/Fell-Out-Boy--Black-Charade--Freight-Island-Manchester/42082013/,2026-07-24,2026-07-24T19:00:00+00:00,2026-07-25T00:00:00+00:00,Fell Out Boy & Black Charade come to Freight Island for the Ultimate Emo Night!,"{'doorsopen': '19:00', 'doorsclose': '00:00', 'lastentry': ''}",18,,0,0,True,"{'minPrice': 10, 'maxPrice': 17}",,public,,False,{'enabled': False},#381848,GBP,"[{'artistid': '123539442', 'name': 'Fell Out Boy', 'image': 'https://d1mdxzfl9p8pzo.cloudfront.net/2/123539442_1_1024.jpg', 'spotifyartisturl': 'spotify:artist:4q6cQsuJExwpe2bYANiJoy'}]","[{'genreid': '5', 'name': 'Rock'}, {'genreid': '53', 'name': 'Punk'}, {'genreid': '113', 'name': 'Pop Punk'}]",[]
42405327,2259471,False,2259471,False,0,LIVE,MancUnion live at Fuel Cafe Bar - Manchester,0,,,,,"{'id': 27604, 'name': 'Fuel Cafe Bar', 'address': '448 Wilmslow Road, Withington', 'town': 'Manchester', 'postcode_lookup': 'Manchester', 'postcode': 'M20 3BW', 'region': 'Greater Manchester', 'country': 'GB', 'phone': '0161 448 9702', 'latitude': 53.434585, 'longitude': -2.227981, 'type': 'live', 'rating': 4, 'reviewCount': 41, 'distance': 5065.644685617587}",https://d31fr2pwly4c4s.cloudfront.net/9/d/b/2259471_80602265_MancUnion-live-at-Fuel-Cafe-Bar---Manchester_th.jpg,https://d31fr2pwly4c4s.cloudfront.net/9/d/b/2259471_80602265_MancUnion-live-at-Fuel-Cafe-Bar---Manchester.jpg,https://d31fr2pwly4c4s.cloudfront.net/9/d/b/2259471_80602265_MancUnion-live-at-Fuel-Cafe-Bar---Manchester_1024.jpg,https://d31fr2pwly4c4s.cloudfront.net/9/d/b/2259471_80602265_MancUnion-live-at-Fuel-Cafe-Bar---Manchester_1024.webp,https://www.skiddle.com/whats-on/Manchester/Fuel-Cafe-Bar/MancUnion-live-at-Fuel-Cafe-Bar---Manchester/42405327/,2026-07-24,2026-07-24T19:30:00+00:00,2026-07-24T23:00:00+00:00,MancUnion live set at Fuel Cafe Bar in Manchester- plus support act TBA,"{'doorsopen': '19:30', 'doorsclose': '23:00', 'lastentry': '20:30'}",18,,0,0,True,"{'minPrice': 0, 'maxPrice': 0}",,public,,False,{'enabled': False},#080808,GBP,"[{'artistid': '123613275', 'name': 'MancUnion', 'image': 'https://d1plawd8huk6hh.cloudfront.net/assets/default400.png', 'spotifyartisturl': 'spotify:artist:3EUON0ESKOA5kfkDEeD7WB'}]","[{'genreid': '5', 'name': 'Rock'}, {'genreid': '26', 'name': 'Indie'}, {'genreid': '46', 'name': 'Alternative'}]",[]
42133836,2212309,False,2212309,False,0,LIVE,The Gerry Cinna-Man Experience,0,,,,,"{'id': 89957, 'name': 'Fat Bird', 'address': '21 Wallgate', 'town': 'Wigan', 'postcode_lookup': 'Wigan', 'postcode': 'WN1 1LD', 'region': 'Manchester', 'country': 'GB', 'phone': '', 'latitude': 53.545314, 'longitude': -2.632215, 'type': 'live', 'rating': 4, 'reviewCount': 261, 'distance': 26644.22057562296}",https://d31fr2pwly4c4s.cloudfront.net/b/4/3/2212309_250281bd_the-gerry-cinna-man-experience_th.jpg,https://d31fr2pwly4c4s.cloudfront.net/b/4/3/2212309_250281bd_the-gerry-cinna-man-experience.jpg,https://d31fr2pwly4c4s.cloudfront.net/b/4/3/2212309_250281bd_the-gerry-cinna-man-experience_1024.jpg,https://d31fr2pwly4c4s.cloudfront.net/b/4/3/2212309_250281bd_the-gerry-cinna-man-experience_1024.webp,https://www.skiddle.com/whats-on/Wigan/Fat-Bird/The-Gerry-Cinna-Man-Experience/42133836/,2026-07-24,2026-07-24T19:30:00+00:00,2026-07-24T23:30:00+00:00,The Gerry Cinna-Man Experience comes back to Wigan.  Which is beginning to feel like a 2nd Home as it had Sold Out now 9 times in a row. Belter,"{'doorsopen': '19:30', 'doorsclose': '23:30', 'lastentry': '20:00'}",18,,0,0,True,"{'minPrice': 14.95, 'maxPrice': 14.95}",,public,,False,{'enabled': False},#787878,GBP,[],[],[]
41994327,2198109,False,2198109,False,0,LIVE,Guns N Yorkshire Roses. Live at Empire Rochdale,0,,,,,"{'id': 108286, 'name': 'Empire Rochdale', 'address': '7 Packer Street', 'town': 'Greater - Manchester', 'postcode_lookup': 'Rochdale', 'postcode': 'OL16 1NJ', 'region': 'Manchester', 'country': 'GB', 'phone': '01706 551 515', 'latitude': 53.615938, 'longitude': -2.157467, 'type': 'live', 'rating': 4, 'reviewCount': 11, 'distance': 16288.035370221773}",https://d31fr2pwly4c4s.cloudfront.net/f/0/b/2198109_b0dc23a3_guns-n-yorkshire-roses-live-at-empire-rochdale_th.jpg,https://d31fr2pwly4c4s.cloudfront.net/f/0/b/2198109_b0dc23a3_guns-n-yorkshire-roses-live-at-empire-rochdale.jpg,https://d31fr2pwly4c4s.cloudfront.net/f/0/b/2198109_b0dc23a3_guns-n-yorkshire-roses-live-at-empire-rochdale_1024.jpg,https://d31fr2pwly4c4s.cloudfront.net/f/0/b/2198109_b0dc23a3_guns-n-yorkshire-roses-live-at-empire-rochdale_1024.webp,https://www.skiddle.com/whats-on/Rochdale/Empire-Rochdale/Guns-N-Yorkshire-Roses-Live-at-Empire-Rochdale/41994327/,2026-07-24,2026-07-24T20:00:00+00:00,2026-07-24T23:45:00+00:00,"Guns N Yorkshire Roses tear through  anthems and blistering solos, bringing danger, attitude and late-night rock chaos to the stage","{'doorsopen': '20:00', 'doorsclose': '23:45', 'lastentry': '21:30'}",18,,0,0,True,"{'minPrice': 0, 'maxPrice': 0}",,public,,False,{'enabled': False},#080808,GBP,[],[],[]
42329773,2243636,False,2243636,False,0,LIVE,Ellen Beth Abdi / Charlie Boy Manson / Emziii | [Stage & Radio],0,,,,,"{'id': 72249, 'name': 'Stage And Radio', 'address': '43 Port Street', 'town': 'Manchester', 'postcode_lookup': 'Manchester', 'postcode': 'M1 2EQ', 'region': 'Greater Manchester', 'country': 'GB', 'phone': '', 'latitude': 53.482184, 'longitude': -2.231804, 'type': 'Nightclub', 'rating': 4, 'reviewCount': 736, 'distance': 942.2441505003302}",https://d31fr2pwly4c4s.cloudfront.net/b/0/d/2243636_64014236_BBS10---Stage---Radio---Manchester_th.jpg,https://d31fr2pwly4c4s.cloudfront.net/b/0/d/2243636_64014236_BBS10---Stage---Radio---Manchester.jpg,https://d31fr2pwly4c4s.cloudfront.net/b/0/d/2243636_64014236_BBS10---Stage---Radio---Manchester_1024.jpg,https://d31fr2pwly4c4s.cloudfront.net/b/0/d/2243636_64014236_BBS10---Stage---Radio---Manchester_1024.webp,https://www.skiddle.com/whats-on/Manchester/Stage-And-Radio/Ellen-Beth-Abdi--Charlie-Boy-Manson--Emziii--Stage--Radio/42329773/,2026-07-25,2026-07-25T18:00:00+00:00,2026-07-25T22:00:00+00:00,"Saturday 25th July 2026
6pm - 10pm
Stage & Radio [43 Port Street, Northern Quarter, Manchester, M1 2EQ]","{'doorsopen': '18:00', 'doorsclose': '22:00', 'lastentry': ''}",,,0,0,True,"{'minPrice': 5, 'maxPrice': 5}",,public,,False,{'enabled': False},#080818,GBP,[],"[{'genreid': '39', 'name': 'Hip Hop'}, {'genreid': '43', 'name': 'Soul'}, {'genreid': '46', 'name': 'Alternative'}]",[]
41638128,2159400,False,2159400,False,0,LIVE,Starsailor + Special Guests,0,,,,,"{'id': 132577, 'name': 'The Old Market Square, Warrington', 'address': 'Management Office', 'town': 'Warrington', 'postcode_lookup': 'Warrington', 'postcode': 'WA1 1QP', 'region': 'Cheshire', 'country': 'GB', 'phone': '', 'latitude': 53.3897689, 'longitude': -2.5947638, 'type': 'live', 'rating': 4, 'reviewCount': 34, 'distance': 25204.720968917747}",https://d31fr2pwly4c4s.cloudfront.net/7/d/e/2159400_9cbe2566_starsailor-special-guests_th.jpg,https://d31fr2pwly4c4s.cloudfront.net/7/d/e/2159400_9cbe2566_starsailor-special-guests.jpg,https://d31fr2pwly4c4s.cloudfront.net/7/d/e/2159400_9cbe2566_starsailor-special-guests_1024.jpg,https://d31fr2pwly4c4s.cloudfront.net/7/d/e/2159400_9cbe2566_starsailor-special-guests_1024.webp,https://www.skiddle.com/whats-on/Warrington/The-Old-Market-Square%2C-Warrington/Starsailor--Special-Guests/41638128/,2026-07-25,2026-07-25T18:00:00+00:00,2026-07-25T22:30:00+00:00,Experience the timeless sound of Starsailor live in Warrington plus support from Winachi and special Guests.,"{'doorsopen': '18:00', 'doorsclose': '22:30', 'lastentry': '18:30'}",16,,0,0,True,"{'minPrice': 30, 'maxPrice': 35}",,public,,False,"{'enabled': True, 'eligible': True, 'minCommission': 5, 'maxCommission': 5}",#080808,GBP,"[{'artistid': '123459238', 'name': 'Starsailor', 'image': 'https://d1mdxzfl9p8pzo.cloudfront.net/8/123459238_1_1024.jpg', 'spotifyartisturl': 'spotify:artist:0G8zjE6SsFTlbglCkU8pm3'}, {'artistid': '764521', 'name': 'James Walsh', 'image': 'https://d1mdxzfl9p8pzo.cloudfront.net/1/764521_267.jpg', 'spotifyartisturl': 'spotify:artist:63wGpnzXGgFEeIOxTuSZHj'}, {'artistid': '123543340', 'name': 'The Winachi Tribe', 'image': 'https://d1mdxzfl9p8pzo.cloudfront.net/0/123543340_1_1024.jpg', 'spotifyartisturl': 'spotify:artist:24UJaXGucZOWD6sPZgoHSE'}, {'artistid': '123576638', 'name': 'James Walsh (Starsailor)', 'image': 'https://d1plawd8huk6hh.cloudfront.net/assets/default400.png', 'spotifyartisturl': None}]","[{'genreid': '5', 'name': 'Rock'}, {'genreid': '26', 'name': 'Indie'}, {'genreid': '98', 'name': 'Indie Pop'}]",[]
41582797,2146766,False,L7Al8FxrLL,False,0,LIVE,Manchester Got Soul: Live Music and DJs Til Late,0,,,,,"{'id': 104602, 'name': 'The Blues Kitchen', 'address': '13 Quay Street', 'town': 'Manchester', 'postcode_lookup': 'Manchester', 'postcode': 'M3 3HN', 'region': 'Greater Manchester', 'country': 'GB', 'phone': '', 'latitude': 53.4782265, 'longitude': -2.2504397, 'type': 'bar', 'rating': 4, 'reviewCount': 319, 'distance': 370.10660406021236}",https://d31fr2pwly4c4s.cloudfront.net/0/f/a/1884729_1bfbd26c_manchester-got-soul-live-music-and-djs-til-late_th.jpg,https://d31fr2pwly4c4s.cloudfront.net/0/f/a/1884729_1bfbd26c_manchester-got-soul-live-music-and-djs-til-late.jpg,https://d31fr2pwly4c4s.cloudfront.net/0/f/a/1884729_1bfbd26c_manchester-got-soul-live-music-and-djs-til-late_1024.jpg,https://d31fr2pwly4c4s.cloudfront.net/0/f/a/1884729_1bfbd26c_manchester-got-soul-live-music-and-djs-til-late_1024.webp,https://www.skiddle.com/whats-on/Manchester/The-Blues-Kitchen/Manchester-Got-Soul-Live-Music-and-DJs-Til-Late/41582797/,2026-07-25,2026-07-25T19:00:00+00:00,2026-07-26T03:00:00+00:00,Live music and DJs across both floors from 8pm to 3am.,"{'doorsopen': '19:00', 'doorsclose': '03:00', 'lastentry': ''}",18,,0,0,True,"{'minPrice': 0, 'maxPrice': 0}",,public,,False,{'enabled': False},,GBP,[],[],[]
42435299,2267312,False,2267312,False,0,LIVE,GEE TEE (AUS) // Gold Cup Live at Yes Pink Room,0,,,,,"{'id': 106846, 'name': 'YES Pink Room', 'address': '38 Charles Street', 'town': 'Manchester', 'postcode_lookup': 'Manchester', 'postcode': 'M1 7DB', 'region': 'Greater Manchester', 'country': 'GB', 'phone': '', 'latitude': 53.4741165, 'longitude': -2.2383327, 'type': 'Nightclub', 'rating': 4, 'reviewCount': 290, 'distance': 699.6816613434604}",https://d31fr2pwly4c4s.cloudfront.net/1/a/5/2267312_5aa61170_gee-tee-aus-gold-cup-live-at-yes-pink-room_th.jpg,https://d31fr2pwly4c4s.cloudfront.net/1/a/5/2267312_5aa61170_gee-tee-aus-gold-cup-live-at-yes-pink-room.jpg,https://d31fr2pwly4c4s.cloudfront.net/1/a/5/2267312_5aa61170_gee-tee-aus-gold-cup-live-at-yes-pink-room_1024.jpg,https://d31fr2pwly4c4s.cloudfront.net/1/a/5/2267312_5aa61170_gee-tee-aus-gold-cup-live-at-yes-pink-room_1024.webp,https://www.skiddle.com/whats-on/Manchester/YES-Pink-Room/GEE-TEE-AUS--Gold-Cup-Live-at-Yes-Pink-Room/42435299/,2026-07-25,2026-07-25T19:00:00+00:00,2026-07-25T22:00:00+00:00,"Gee Tee bring their Egg Punk back to Manchester, supported by local legends Gold Cup!","{'doorsopen': '19:00', 'doorsclose': '22:00', 'lastentry': ''}",18,,0,0,True,"{'minPrice': 15, 'maxPrice': 15}",,public,,False,{'enabled': False},#182828,GBP,"[{'artistid': '123606497', 'name': 'Gold Cup', 'image': 'https://d1mdxzfl9p8pzo.cloudfront.net/7/123606497_6519b7f3_1024.jpg', 'spotifyartisturl': 'spotify:artist:54EJriMOc1nAzNPKhw4Hwf'}, {'artistid': '123621559', 'name': 'Gee Tee', 'image': 'https://d1mdxzfl9p8pzo.cloudfront.net/9/123621559_b914eef6_1024.jpg', 'spotifyartisturl': 'spotify:artist:3zCsNaZ3eFQ6I8MjmHJuTk'}]","[{'genreid': '5', 'name': 'Rock'}, {'genreid': '46', 'name': 'Alternative'}, {'genreid': '53', 'name': 'Punk'}, {'genreid': '89', 'name': 'Post Rock'}, {'genreid': '99', 'name': 'Hardcore Punk'}]",[]
42418147,2263188,False,2263188,False,0,LIVE,Punk Rock Factory,0,,,,,"{'id': 132745, 'name': 'Holy Diver', 'address': '1 Princes Street', 'town': 'Stockport', 'postcode_lookup': 'Stockport', 'postcode': 'SK1 1SL', 'region': 'Manchester', 'country': 'GB', 'phone': '', 'latitude': 53.41117375, 'longitude': -2.16158853, 'type': 'live', 'rating': 4, 'reviewCount': 118, 'distance': 9348.609370065313}",https://d31fr2pwly4c4s.cloudfront.net/a/9/a/2263188_2a01d7fa_punk-rock-factory_th.jpg,https://d31fr2pwly4c4s.cloudfront.net/a/9/a/2263188_2a01d7fa_punk-rock-factory.jpg,https://d31fr2pwly4c4s.cloudfront.net/a/9/a/2263188_2a01d7fa_punk-rock-factory_1024.jpg,https://d31fr2pwly4c4s.cloudfront.net/a/9/a/2263188_2a01d7fa_punk-rock-factory_1024.webp,https://www.skiddle.com/whats-on/Stockport/Holy-Diver/Punk-Rock-Factory/42418147/,2026-07-25,2026-07-25T19:00:00+00:00,2026-07-25T23:00:00+00:00,Pop Punk Legends Punk Rock Factory are heading for Holy Diver This July for a one off intimate underlay show! Expect mayhem!,"{'doorsopen': '19:00', 'doorsclose': '23:00', 'lastentry': ''}",18,,0,0,True,"{'minPrice': 32, 'maxPrice': 32}",,public,,False,{'enabled': False},#080808,GBP,"[{'artistid': '123583492', 'name': 'Punk Rock Factory', 'image': 'https://d1mdxzfl9p8pzo.cloudfront.net/2/123583492_1_1024.jpg', 'spotifyartisturl': 'spotify:artist:1doeW0oJMkO8kEq5g9kFNR'}]","[{'genreid': '46', 'name': 'Alternative'}, {'genreid': '53', 'name': 'Punk'}, {'genreid': '113', 'name': 'Pop Punk'}]",[]
42138252,2213362,False,2213362,False,0,LIVE,BALDY HOLLY BAND - Warrington Irish Club -Sat 25th July,1,2026-06-24 15:35:03,rescheduled,Due the band now being unavailable due to an American tour this is now being rescheduled,2026-12-05,"{'id': 82736, 'name': 'The Irish Club', 'address': '83 Orford Lane', 'town': 'Warrington', 'postcode_lookup': 'Warrington', 'postcode': 'WA2 7AL', 'region': 'Cheshire', 'country': 'GB', 'phone': '01925 243363', 'latitude': 53.3966949, 'longitude': -2.5896419, 'type': 'live', 'rating': 4, 'reviewCount': 1333, 'distance': 24594.638830074164}",https://d31fr2pwly4c4s.cloudfront.net/9/d/e/2213362_b8de302c_baldy-holly-band-warrington-irish-club-sat-20th-june_th.jpg,https://d31fr2pwly4c4s.cloudfront.net/9/d/e/2213362_b8de302c_baldy-holly-band-warrington-irish-club-sat-20th-june.jpg,https://d31fr2pwly4c4s.cloudfront.net/9/d/e/2213362_b8de302c_baldy-holly-band-warrington-irish-club-sat-20th-june_1024.jpg,https://d31fr2pwly4c4s.cloudfront.net/9/d/e/2213362_b8de302c_baldy-holly-band-warrington-irish-club-sat-20th-june_1024.webp,https://www.skiddle.com/whats-on/Warrington/The-Irish-Club/BALDY-HOLLY-BAND---Warrington-Irish-Club--Sat-25th-July/42543256/,2026-07-25,2026-07-25T19:30:00+00:00,2026-07-25T23:00:00+00:00,The Baldy Holly Band return to Warrington Irish Club for what will no doubt be a great show!!!!!!!!!!,"{'doorsopen': '19:30', 'doorsclose': '23:00', 'lastentry': '20:00'}",18,,0,0,False,"{'minPrice': 0, 'maxPrice': 0}",,public,,False,{'enabled': False},#080808,GBP,[],"[{'genreid': '48', 'name': 'Covers Band/Tribute Act'}, {'genreid': '60', 'name': 'Rock & Roll / 1950s'}, {'genreid': '82', 'name': '1990s'}]",[]
42265767,2231157,False,2231157,False,0,LIVE,A Night of Jagged Little Pill at Manchester Academy,0,,,,,"{'id': 11251, 'name': 'Manchester Academy', 'address': 'Oxford Road', 'town': 'Manchester ', 'postcode_lookup': 'Manchester', 'postcode': 'M13 9PR', 'region': 'Greater Manchester', 'country': 'GB', 'phone': '0161 275 2930', 'latitude': 53.463712, 'longitude': -2.231438, 'type': 'live', 'rating': 4, 'reviewCount': 2601, 'distance': 1922.380863583682}",https://d31fr2pwly4c4s.cloudfront.net/5/9/6/2231157_45893501_A-Night-of-Jagged-Little-Pill-at-Manchester-Academy_th.jpg,https://d31fr2pwly4c4s.cloudfront.net/5/9/6/2231157_45893501_A-Night-of-Jagged-Little-Pill-at-Manchester-Academy.jpg,https://d31fr2pwly4c4s.cloudfront.net/5/9/6/2231157_45893501_A-Night-of-Jagged-Little-Pill-at-Manchester-Academy_1024.jpg,https://d31fr2pwly4c4s.cloudfront.net/5/9/6/2231157_45893501_A-Night-of-Jagged-Little-Pill-at-Manchester-Academy_1024.webp,https://www.skiddle.com/whats-on/Manchester/Manchester-Academy/A-Night-of-Jagged-Little-Pill-at-Manchester-Academy/42265767/,2026-07-25,2026-07-25T20:00:00+00:00,2026-07-25T23:00:00+00:00,"Join a full live, powerhouse band for a night of pure nostalgia as they perform the iconic ""Jagged Little Pill"" album in its entirety.","{'doorsopen': '20:00', 'doorsclose': '23:00', 'lastentry': '20:30'}",,,0,0,False,"{'minPrice': 0, 'maxPrice': 0}",,public,,False,{'enabled': False},#181848,GBP,[],"[{'genreid': '35', 'name': 'Themed'}, {'genreid': '48', 'name': 'Covers Band/Tribute Act'}, {'genreid': '82', 'name': '1990s'}, {'genreid': '107', 'name': 'Pop Rock'}, {'genreid': '126', 'name': 'Alternative Pop'}]",[]
42574204,2299929,False,2299929,False,0,LIVE,Avid Fan + Support & Djs,0,,,,,"{'id': 1737, 'name': 'The Player', 'address': '23 Old Street', 'town': 'Ashton-U Lyne', 'postcode_lookup': 'Oldham', 'postcode': 'OL6 6LA', 'region': 'Manchester', 'country': 'GB', 'phone': '0870 871 7777', 'latitude': 53.488434, 'longitude': -2.090967, 'type': 'bar', 'rating': 0, 'reviewCount': 0, 'distance': 10245.701347081242}",https://d31fr2pwly4c4s.cloudfront.net/6/0/b/2299929_3cbd243e_avid-fan-support-djs_th.jpg,https://d31fr2pwly4c4s.cloudfront.net/6/0/b/2299929_3cbd243e_avid-fan-support-djs.jpg,https://d31fr2pwly4c4s.cloudfront.net/6/0/b/2299929_3cbd243e_avid-fan-support-djs_1024.jpg,https://d31fr2pwly4c4s.cloudfront.net/6/0/b/2299929_3cbd243e_avid-fan-support-djs_1024.webp,https://www.skiddle.com/whats-on/Oldham/The-Player/Avid-Fan--Support--Djs/42574204/,2026-07-25,2026-07-25T20:00:00+00:00,2026-07-26T02:00:00+00:00,"HOMETOWN GIG ALERT! 
Avid Fan playing Loud and Live!
then Dj'in Post Punk / New Wave / Goth / Proto Punk / Classic Punk late into the night","{'doorsopen': '20:00', 'doorsclose': '02:00', 'lastentry': '21:00'}",18,,0,0,False,"{'minPrice': 0, 'maxPrice': 0}",,public,,False,{'enabled': False},#280808,GBP,[],[],[]
41997718,2198897,False,2198897,False,0,LIVE,The Spice Girls Experience. Live at Empire Rochdale,0,,,,,"{'id': 108286, 'name': 'Empire Rochdale', 'address': '7 Packer Street', 'town': 'Greater - Manchester', 'postcode_lookup': 'Rochdale', 'postcode': 'OL16 1NJ', 'region': 'Manchester', 'country': 'GB', 'phone': '01706 551 515', 'latitude': 53.615938, 'longitude': -2.157467, 'type': 'live', 'rating': 4, 'reviewCount': 11, 'distance': 16288.035370221773}",https://d31fr2pwly4c4s.cloudfront.net/2/6/c/2198897_9f70235c_the-spice-girls-experience-live-at-empire-rochdale_th.jpg,https://d31fr2pwly4c4s.cloudfront.net/2/6/c/2198897_9f70235c_the-spice-girls-experience-live-at-empire-rochdale.jpg,https://d31fr2pwly4c4s.cloudfront.net/2/6/c/2198897_9f70235c_the-spice-girls-experience-live-at-empire-rochdale_1024.jpg,https://d31fr2pwly4c4s.cloudfront.net/2/6/c/2198897_9f70235c_the-spice-girls-experience-live-at-empire-rochdale_1024.webp,https://www.skiddle.com/whats-on/Rochdale/Empire-Rochdale/The-Spice-Girls-Experience-Live-at-Empire-Rochdale/41997718/,2026-07-25,2026-07-25T20:00:00+00:00,2026-07-25T23:45:00+00:00,"Girl power anthems, nonstop sing-alongs and pure pop nostalgia as the ultimate Spice Girls experience brings the party live.","{'doorsopen': '20:00', 'doorsclose': '23:45', 'lastentry': '21:30'}",18,,0,0,True,"{'minPrice': 0, 'maxPrice': 0}",,public,,False,{'enabled': False},#b8b8b8,GBP,[],"[{'genreid': '20', 'name': 'Pop'}, {'genreid': '93', 'name': 'Brit Pop'}]",[]
42564674,2297106,False,2297106,False,0,LIVE,Twin Lizzy,0,,,,,"{'id': 118156, 'name': 'The Sound Lounge Darwen', 'address': '12 Wellington Fold', 'town': 'Darwen', 'postcode_lookup': 'Blackburn', 'postcode': 'BB33ab', 'region': 'Lancashire', 'country': 'GB', 'phone': '07984917637', 'latitude': 53.6963333, 'longitude': -2.4688239, 'type': 'live', 'rating': 4, 'reviewCount': 123, 'distance': 28324.29739608103}",https://d31fr2pwly4c4s.cloudfront.net/b/3/2/2297106_b6021969_twin-lizzy_th.jpg,https://d31fr2pwly4c4s.cloudfront.net/b/3/2/2297106_b6021969_twin-lizzy.jpg,https://d31fr2pwly4c4s.cloudfront.net/b/3/2/2297106_b6021969_twin-lizzy_1024.jpg,https://d31fr2pwly4c4s.cloudfront.net/b/3/2/2297106_b6021969_twin-lizzy_1024.webp,https://www.skiddle.com/whats-on/Blackburn/The-Sound-Lounge-Darwen/Twin-Lizzy/42564674/,2026-07-25,2026-07-25T21:00:00+00:00,2026-07-25T23:00:00+00:00,The ultimate tribute to Thin Lizzy,"{'doorsopen': '21:00', 'doorsclose': '23:00', 'lastentry': ''}",18,,0,0,True,"{'minPrice': 5, 'maxPrice': 5}",,public,,False,{'enabled': False},#080808,GBP,[],[],[]
42489667,2281803,False,2281803,False,0,LIVE,Jordan Rothwell & Friends At Level One,0,,,,,"{'id': 129813, 'name': 'THE BLUENOTE', 'address': '15 Bridge Street', 'town': 'Todmorden', 'postcode_lookup': 'Oldham', 'postcode': 'OL14 5AQ', 'region': 'Manchester', 'country': 'GB', 'phone': '', 'latitude': 53.7142008, 'longitude': -2.0970221, 'type': 'Nightclub', 'rating': 0, 'reviewCount': 0, 'distance': 27916.758540517527}",https://d31fr2pwly4c4s.cloudfront.net/4/f/2/2281803_fa0b56d3_jordan-rothwell-friends-at-level-one_th.jpg,https://d31fr2pwly4c4s.cloudfront.net/4/f/2/2281803_fa0b56d3_jordan-rothwell-friends-at-level-one.jpg,https://d31fr2pwly4c4s.cloudfront.net/4/f/2/2281803_fa0b56d3_jordan-rothwell-friends-at-level-one_1024.jpg,https://d31fr2pwly4c4s.cloudfront.net/4/f/2/2281803_fa0b56d3_jordan-rothwell-friends-at-level-one_1024.webp,https://www.skiddle.com/whats-on/Oldham/THE-BLUENOTE/Jordan-Rothwell--Friends-At-Level-One/42489667/,2026-07-25,2026-07-25T22:00:00+00:00,2026-07-26T04:00:00+00:00,"A night of House, Tech, Minimal and Garage music at the newly refurbished middle floor 'LEVEL 1' at The BlueNote in Todmorden.","{'doorsopen': '22:00', 'doorsclose': '04:00', 'lastentry': '22:00'}",18,,0,0,True,"{'minPrice': 4, 'maxPrice': 8}",,public,,False,{'enabled': False},#080808,GBP,[],"[{'genreid': '1', 'name': 'House'}, {'genreid': '3', 'name': 'UK Garage'}, {'genreid': '14', 'name': 'Tech House'}, {'genreid': '111', 'name': 'Minimal'}]",[]
42502446,2284238,False,2284238,False,0,LIVE,Besses o' the' Barn Brass Band,0,,,,,"{'id': 27426, 'name': 'Ramsbottom Civic Hall', 'address': 'Ramsbottom Civic Hall Market Place, Ramsbottom, Bury', 'town': 'Ramsbottom', 'postcode_lookup': 'Bolton', 'postcode': 'BL0 9HT', 'region': 'Manchester', 'country': 'GB', 'phone': '01612535513', 'latitude': 53.649388, 'longitude': -2.318477, 'type': 'live', 'rating': 4, 'reviewCount': 61, 'distance': 19557.842880589484}",https://d31fr2pwly4c4s.cloudfront.net/0/3/0/2284238_f2afb90c_besses-o-the-barn-brass-band_th.jpg,https://d31fr2pwly4c4s.cloudfront.net/0/3/0/2284238_f2afb90c_besses-o-the-barn-brass-band.jpg,https://d31fr2pwly4c4s.cloudfront.net/0/3/0/2284238_f2afb90c_besses-o-the-barn-brass-band_1024.jpg,https://d31fr2pwly4c4s.cloudfront.net/0/3/0/2284238_f2afb90c_besses-o-the-barn-brass-band_1024.webp,https://www.skiddle.com/whats-on/Bolton/Ramsbottom-Civic-Hall/Besses-o-the-Barn-Brass-Band/42502446/,2026-07-26,2026-07-26T12:30:00+00:00,2026-07-26T15:30:00+00:00,Afternoon of Proms music at Ramsbottom Civic Hall,"{'doorsopen': '12:30', 'doorsclose': '15:30', 'lastentry': '13:30'}",,,0,0,True,"{'minPrice': 6, 'maxPrice': 6}",,public,,False,{'enabled': False},#f8e8d8,GBP,"[{'artistid': '123550114', 'name': ""Besses o' th' Barn Band"", 'image': 'https://d1mdxzfl9p8pzo.cloudfront.net/4/123550114_1_1024.jpg', 'spotifyartisturl': 'spotify:artist:6mXIImx5DQWtz6x2TN6TEX'}]",[],[]
42436251,2267700,False,2267700,False,0,LIVE,Dark Night - Rock and Pop Classics,0,,,,,"{'id': 134859, 'name': 'Empire Warrington', 'address': '120 Bridge Street', 'town': 'Warrington', 'postcode_lookup': 'Warrington', 'postcode': 'WA1 2RU', 'region': 'Cheshire', 'country': 'GB', 'phone': '', 'latitude': 53.3866782, 'longitude': -2.5923529, 'type': 'live', 'rating': 4, 'reviewCount': 8, 'distance': 25196.810339682932}",https://d31fr2pwly4c4s.cloudfront.net/c/4/4/2267700_de526e1c_dark-night-rock-and-pop-classics_th.jpg,https://d31fr2pwly4c4s.cloudfront.net/c/4/4/2267700_de526e1c_dark-night-rock-and-pop-classics.jpg,https://d31fr2pwly4c4s.cloudfront.net/c/4/4/2267700_de526e1c_dark-night-rock-and-pop-classics_1024.jpg,https://d31fr2pwly4c4s.cloudfront.net/c/4/4/2267700_de526e1c_dark-night-rock-and-pop-classics_1024.webp,https://www.skiddle.com/whats-on/Warrington/Empire-Warrington/Dark-Night---Rock-and-Pop-Classics/42436251/,2026-07-26,2026-07-26T13:00:00+00:00,2026-07-26T19:00:00+00:00,"Get ready for a huge Sunday afternoon of live music as Dark Night bring an explosive set packed with Rock, Metal and Pop Rock classics to the stage.","{'doorsopen': '13:00', 'doorsclose': '19:00', 'lastentry': '15:00'}",,,0,0,True,"{'minPrice': 3, 'maxPrice': 3}",,public,,False,{'enabled': False},#180808,GBP,[],"[{'genreid': '5', 'name': 'Rock'}, {'genreid': '107', 'name': 'Pop Rock'}]",[]
42569218,2298436,False,2298436,False,0,LIVE,"My Generation, ft. The Driscols",0,,,,,"{'id': 7643, 'name': 'Matt And Phreds', 'address': '64 Tib Street, Northern Quarter', 'town': 'Manchester', 'postcode_lookup': 'Manchester', 'postcode': 'M4 1LW', 'region': 'Greater Manchester', 'country': 'GB', 'phone': '0161 273 5495', 'latitude': 53.48359, 'longitude': -2.234911, 'type': 'live', 'rating': 4, 'reviewCount': 202, 'distance': 840.3412247800153}",https://d31fr2pwly4c4s.cloudfront.net/2/e/4/2298436_8f18323c_my-generation-ft-the-driscols_th.jpg,https://d31fr2pwly4c4s.cloudfront.net/2/e/4/2298436_8f18323c_my-generation-ft-the-driscols.jpg,https://d31fr2pwly4c4s.cloudfront.net/2/e/4/2298436_8f18323c_my-generation-ft-the-driscols_1024.jpg,https://d31fr2pwly4c4s.cloudfront.net/2/e/4/2298436_8f18323c_my-generation-ft-the-driscols_1024.webp,https://www.skiddle.com/whats-on/Manchester/Matt-And-Phreds/My-Generation-ft-The-Driscols/42569218/,2026-07-26,2026-07-26T18:30:00+00:00,2026-07-26T22:30:00+00:00,"Manchester's coolest cabaret club night, bringing you a floor-filling mix of classic pop and rock from the 60's, 70's, and 80's. Don't miss this!","{'doorsopen': '18:30', 'doorsclose': '22:30', 'lastentry': '20:00'}",18,,0,0,True,"{'minPrice': 5, 'maxPrice': 5}",,public,,False,{'enabled': False},#080808,GBP,[],"[{'genreid': '5', 'name': 'Rock'}, {'genreid': '20', 'name': 'Pop'}]",[]
42405633,2259600,False,2259600,False,0,LIVE,Armanii - The Impact Tour - Manchester,0,,,,,"{'id': 34634, 'name': 'Gorilla', 'address': '54-56 Whitworth Street West', 'town': 'Manchester', 'postcode_lookup': 'Manchester', 'postcode': 'M1 5WW', 'region': 'Greater Manchester', 'country': 'GB', 'phone': '0161 425 0870', 'latitude': 53.474203, 'longitude': -2.24256, 'type': 'live', 'rating': 4, 'reviewCount': 3069, 'distance': 557.311163823017}",https://d31fr2pwly4c4s.cloudfront.net/2/8/1/2259600_643de6ce_armanii-the-impact-tour-manchester_th.jpg,https://d31fr2pwly4c4s.cloudfront.net/2/8/1/2259600_643de6ce_armanii-the-impact-tour-manchester.jpg,https://d31fr2pwly4c4s.cloudfront.net/2/8/1/2259600_643de6ce_armanii-the-impact-tour-manchester_1024.jpg,https://d31fr2pwly4c4s.cloudfront.net/2/8/1/2259600_643de6ce_armanii-the-impact-tour-manchester_1024.webp,https://www.skiddle.com/whats-on/Manchester/Gorilla/Armanii---The-Impact-Tour---Manchester/42405633/,2026-07-26,2026-07-26T19:00:00+00:00,2026-07-26T23:00:00+00:00,Dancehall sensation Armanii lands in the UK for a run of headline shows this summer. Presented by Caribbean Rocks,"{'doorsopen': '19:00', 'doorsclose': '23:00', 'lastentry': '21:00'}",14,,0,0,True,"{'minPrice': 21.25, 'maxPrice': 36.25}",,public,,False,{'enabled': False},#080808,GBP,"[{'artistid': '123602346', 'name': 'Armanii', 'image': 'https://d1plawd8huk6hh.cloudfront.net/assets/default400.png', 'spotifyartisturl': 'spotify:artist:48ZXHIYtqeBiklzhu3lAey'}]","[{'genreid': '4', 'name': 'R&B'}, {'genreid': '24', 'name': 'Dancehall'}, {'genreid': '68', 'name': 'Reggae'}]",[]
42563627,2296776,False,2296776,False,0,LIVE,Vox (Mark Burgess) & Stephen Rice from Chameleons,0,,,,,"{'id': 130809, 'name': 'Bask', 'address': '20 Railway Road', 'town': 'Stockport', 'postcode_lookup': 'Stockport', 'postcode': 'SK1 3SW', 'region': 'Manchester', 'country': 'GB', 'phone': '', 'latitude': 53.4059707, 'longitude': -2.1618229, 'type': 'bar', 'rating': 4, 'reviewCount': 1, 'distance': 9812.77574062472}",https://d31fr2pwly4c4s.cloudfront.net/d/8/b/2296776_d98ad9cc_vox-mark-burgess-stephen-rice-from-chameleons_th.jpg,https://d31fr2pwly4c4s.cloudfront.net/d/8/b/2296776_d98ad9cc_vox-mark-burgess-stephen-rice-from-chameleons.jpg,https://d31fr2pwly4c4s.cloudfront.net/d/8/b/2296776_d98ad9cc_vox-mark-burgess-stephen-rice-from-chameleons_1024.jpg,https://d31fr2pwly4c4s.cloudfront.net/d/8/b/2296776_d98ad9cc_vox-mark-burgess-stephen-rice-from-chameleons_1024.webp,https://www.skiddle.com/whats-on/Stockport/Bask/Vox-Mark-Burgess--Stephen-Rice-from-Chameleons/42563627/,2026-07-26,2026-07-26T19:00:00+00:00,2026-07-26T23:45:00+00:00,"C H A M E L E O N S
The Chameleons hail from Manchester, England and are
often cited as being one of the most widely influential
bands...","{'doorsopen': '19:00', 'doorsclose': '23:45', 'lastentry': '20:30'}",18,,0,0,True,"{'minPrice': 25, 'maxPrice': 25}",,public,,False,{'enabled': False},#080808,GBP,"[{'artistid': '123567371', 'name': 'Chameleons', 'image': 'https://d1mdxzfl9p8pzo.cloudfront.net/1/123567371_3_1024.jpg', 'spotifyartisturl': 'spotify:artist:4HLWX9kzfraiCsTvrxJEXm'}]","[{'genreid': '26', 'name': 'Indie'}, {'genreid': '86', 'name': 'Nu Indie'}, {'genreid': '98', 'name': 'Indie Pop'}]",[]
42330381,2244035,False,2244035,False,0,LIVE,Benin International Musical,0,,,,,"{'id': 536, 'name': 'Band On The Wall', 'address': '25 Swan Street', 'town': 'Manchester', 'postcode_lookup': 'Manchester', 'postcode': 'M4 5JZ', 'region': 'Greater Manchester', 'country': 'GB', 'phone': '0161 834 1786', 'latitude': 53.485227, 'longitude': -2.234386, 'type': 'live', 'rating': 4, 'reviewCount': 1323, 'distance': 986.2450438131307}",https://d31fr2pwly4c4s.cloudfront.net/f/2/6/2244035_ac70ab65_benin-international-musical_th.jpg,https://d31fr2pwly4c4s.cloudfront.net/f/2/6/2244035_ac70ab65_benin-international-musical.jpg,https://d31fr2pwly4c4s.cloudfront.net/f/2/6/2244035_ac70ab65_benin-international-musical_1024.jpg,https://d31fr2pwly4c4s.cloudfront.net/f/2/6/2244035_ac70ab65_benin-international-musical_1024.webp,https://www.skiddle.com/whats-on/Manchester/Band-On-The-Wall/Benin-International-Musical/42330381/,2026-07-27,2026-07-27T19:30:00+00:00,2026-07-27T23:00:00+00:00,A collective of Beninese artists,"{'doorsopen': '19:30', 'doorsclose': '23:00', 'lastentry': '20:00'}",10,,0,0,True,"{'minPrice': 21.5, 'maxPrice': 21.5}",,public,,False,{'enabled': False},#083848,GBP,[],"[{'genreid': '67', 'name': 'World Music'}]",[]
42569993,2298696,False,HdmgDwDDn4,False,0,LIVE,Open Mic Night every Tuesday,0,,,,,"{'id': 133956, 'name': 'The Trading Route', 'address': '1 Goods Yard St', 'town': 'Manchester', 'postcode_lookup': 'Manchester', 'postcode': 'M3 3BG', 'region': 'Greater Manchester', 'country': 'GB', 'phone': '', 'latitude': 53.4785843, 'longitude': -2.2563368, 'type': 'bar', 'rating': 5, 'reviewCount': 3, 'distance': 751.6317244022927}",https://d31fr2pwly4c4s.cloudfront.net/7/e/4/2258961_96b87705_open-mic-night-every-tuesday_th.jpg,https://d31fr2pwly4c4s.cloudfront.net/7/e/4/2258961_96b87705_open-mic-night-every-tuesday.jpg,https://d31fr2pwly4c4s.cloudfront.net/7/e/4/2258961_96b87705_open-mic-night-every-tuesday_1024.jpg,https://d31fr2pwly4c4s.cloudfront.net/7/e/4/2258961_96b87705_open-mic-night-every-tuesday_1024.webp,https://www.skiddle.com/whats-on/Manchester/The-Trading-Route/Open-Mic-Night-every-Tuesday/42569993/,2026-07-28,2026-07-28T19:00:00+00:00,2026-07-28T23:00:00+00:00,Lo-Tide are coming to Trading Route to bring an all-new open mic night every Tuesday!,"{'doorsopen': '19:00', 'doorsclose': '23:00', 'lastentry': '23:00'}",18,,0,0,False,"{'minPrice': 21.5, 'maxPrice': 21.5}",,public,,False,{'enabled': False},,GBP,[],[],[]
42581537,2301455,False,2301455,False,0,LIVE,Clive and Imaginary Husband @ Cafe Blah,0,,,,,"{'id': 119509, 'name': 'Cafe Blah', 'address': '445 Wilmslow Road', 'town': 'Manchester', 'postcode_lookup': 'Manchester', 'postcode': 'M20 4AN', 'region': 'Greater Manchester', 'country': 'GB', 'phone': '', 'latitude': 53.4352651, 'longitude': -2.2276796, 'type': 'bar', 'rating': 4, 'reviewCount': 8, 'distance': 4996.48341047591}",https://d31fr2pwly4c4s.cloudfront.net/a/4/d/2301455_56d12f76_improv-s-greatest-hits-cafe-blah_th.jpg,https://d31fr2pwly4c4s.cloudfront.net/a/4/d/2301455_56d12f76_improv-s-greatest-hits-cafe-blah.jpg,https://d31fr2pwly4c4s.cloudfront.net/a/4/d/2301455_56d12f76_improv-s-greatest-hits-cafe-blah_1024.jpg,https://d31fr2pwly4c4s.cloudfront.net/a/4/d/2301455_56d12f76_improv-s-greatest-hits-cafe-blah_1024.webp,https://www.skiddle.com/whats-on/Manchester/Cafe-Blah/Clive-and-Imaginary-Husband--Cafe-Blah/42581537/,2026-07-28,2026-07-28T19:30:00+00:00,2026-07-28T23:00:00+00:00,"A night of post-punk, no wave n math rock","{'doorsopen': '19:30', 'doorsclose': '23:00', 'lastentry': '20:00'}",18,,0,0,True,"{'minPrice': 3, 'maxPrice': 7}",,public,,False,{'enabled': False},#080808,GBP,[],"[{'genreid': '46', 'name': 'Alternative'}, {'genreid': '53', 'name': 'Punk'}, {'genreid': '88', 'name': 'Emo'}, {'genreid': '91', 'name': 'Experimental'}, {'genreid': '119', 'name': 'LGBTQ+'}]",[]
42512505,2288050,False,2288050,False,0,LIVE,Red Rodeo Club,0,,,,,"{'id': 83654, 'name': 'Fairfield Social Club', 'address': '6 Irk Street', 'town': 'Manchester', 'postcode_lookup': 'Manchester', 'postcode': 'M4 4JT', 'region': 'Greater Manchester', 'country': 'GB', 'phone': '', 'latitude': 53.489639, 'longitude': -2.234954, 'type': 'live', 'rating': 4, 'reviewCount': 294, 'distance': 1356.9509439613155}",https://d31fr2pwly4c4s.cloudfront.net/e/e/e/2288050_63678425_Red-Rodeo-Club_th.jpg,https://d31fr2pwly4c4s.cloudfront.net/e/e/e/2288050_63678425_Red-Rodeo-Club.jpg,https://d31fr2pwly4c4s.cloudfront.net/e/e/e/2288050_63678425_Red-Rodeo-Club_1024.jpg,https://d31fr2pwly4c4s.cloudfront.net/e/e/e/2288050_63678425_Red-Rodeo-Club_1024.webp,https://www.skiddle.com/whats-on/Manchester/Fairfield-Social-Club/Red-Rodeo-Club/42512505/,2026-07-29,2026-07-29T19:00:00+00:00,2026-07-29T22:00:00+00:00,"Red Rodeo Club is Manchester's queer line dancing event, mixing classic boot-scootin tutorials with a party vibe!","{'doorsopen': '19:00', 'doorsclose': '22:00', 'lastentry': '19:30'}",18,,0,0,True,"{'minPrice': 10, 'maxPrice': 14}",,public,,False,{'enabled': False},#d878a8,GBP,[],[],[]
42375003,2255869,False,2255869,False,0,LIVE,Hot 8 Brass Band,0,,,,,"{'id': 536, 'name': 'Band On The Wall', 'address': '25 Swan Street', 'town': 'Manchester', 'postcode_lookup': 'Manchester', 'postcode': 'M4 5JZ', 'region': 'Greater Manchester', 'country': 'GB', 'phone': '0161 834 1786', 'latitude': 53.485227, 'longitude': -2.234386, 'type': 'live', 'rating': 4, 'reviewCount': 1323, 'distance': 986.2450438131307}",https://d31fr2pwly4c4s.cloudfront.net/c/0/1/2255869_b05a7f05_hot-8-brass-band_th.jpg,https://d31fr2pwly4c4s.cloudfront.net/c/0/1/2255869_b05a7f05_hot-8-brass-band.jpg,https://d31fr2pwly4c4s.cloudfront.net/c/0/1/2255869_b05a7f05_hot-8-brass-band_1024.jpg,https://d31fr2pwly4c4s.cloudfront.net/c/0/1/2255869_b05a7f05_hot-8-brass-band_1024.webp,https://www.skiddle.com/whats-on/Manchester/Band-On-The-Wall/Hot-8-Brass-Band/42375003/,2026-07-29,2026-07-29T19:30:00+00:00,2026-07-29T23:00:00+00:00,New Orleans big band,"{'doorsopen': '19:30', 'doorsclose': '23:00', 'lastentry': '20:00'}",10,,0,0,True,"{'minPrice': 29.5, 'maxPrice': 29.5}",,public,,False,{'enabled': False},#080808,GBP,"[{'artistid': '123535284', 'name': 'The Hot 8 Brass Band', 'image': 'https://d1mdxzfl9p8pzo.cloudfront.net/4/123535284_1_1024.jpg', 'spotifyartisturl': 'spotify:artist:1lvVzEkQ4u72rrZ7bNUkcD'}]","[{'genreid': '39', 'name': 'Hip Hop'}, {'genreid': '59', 'name': 'Big Band'}]",[]
42472293,2275983,False,2275983,False,0,LIVE,FVIR GVME-Off The Square,0,,,,,"{'id': 97652, 'name': 'Off The Square', 'address': ' 65-67, Lever Street Manchester, M1 1FL', 'town': 'Manchester', 'postcode_lookup': 'Manchester', 'postcode': 'M1 1FL', 'region': 'Greater Manchester', 'country': 'GB', 'phone': '', 'latitude': 53.4836446, 'longitude': -2.2323615, 'type': 'Nightclub', 'rating': 4, 'reviewCount': 955, 'distance': 982.9088070224097}",https://d31fr2pwly4c4s.cloudfront.net/8/d/7/2275983_784ce0de_fvir-gvme-single-launch_th.jpg,https://d31fr2pwly4c4s.cloudfront.net/8/d/7/2275983_784ce0de_fvir-gvme-single-launch.jpg,https://d31fr2pwly4c4s.cloudfront.net/8/d/7/2275983_784ce0de_fvir-gvme-single-launch_1024.jpg,https://d31fr2pwly4c4s.cloudfront.net/8/d/7/2275983_784ce0de_fvir-gvme-single-launch_1024.webp,https://www.skiddle.com/whats-on/Manchester/Off-The-Square/FVIR-GVME-Off-The-Square/42472293/,2026-07-30,2026-07-30T19:30:00+00:00,2026-07-30T22:30:00+00:00,FVIR GVME DEBUT SINGLE,"{'doorsopen': '19:30', 'doorsclose': '22:30', 'lastentry': ''}",18,,0,0,True,"{'minPrice': 4, 'maxPrice': 4}",,public,,False,{'enabled': False},#080808,GBP,[],"[{'genreid': '5', 'name': 'Rock'}, {'genreid': '27', 'name': 'Metal'}, {'genreid': '53', 'name': 'Punk'}, {'genreid': '99', 'name': 'Hardcore Punk'}, {'genreid': '113', 'name': 'Pop Punk'}]",[]
41582178,2146735,False,exSxR0RpkH,False,0,LIVE,"RnB, Hip Hop + Afrobeats 'Til Late",0,,,,,"{'id': 104602, 'name': 'The Blues Kitchen', 'address': '13 Quay Street', 'town': 'Manchester', 'postcode_lookup': 'Manchester', 'postcode': 'M3 3HN', 'region': 'Greater Manchester', 'country': 'GB', 'phone': '', 'latitude': 53.4782265, 'longitude': -2.2504397, 'type': 'bar', 'rating': 4, 'reviewCount': 319, 'distance': 370.10660406021236}",https://d31fr2pwly4c4s.cloudfront.net/0/1/3/1864957_568661a1_hip-hop-afrobeats-rnb-til-late_th.jpg,https://d31fr2pwly4c4s.cloudfront.net/0/1/3/1864957_568661a1_hip-hop-afrobeats-rnb-til-late.jpg,https://d31fr2pwly4c4s.cloudfront.net/0/1/3/1864957_568661a1_hip-hop-afrobeats-rnb-til-late_1024.jpg,https://d31fr2pwly4c4s.cloudfront.net/0/1/3/1864957_568661a1_hip-hop-afrobeats-rnb-til-late_1024.webp,https://www.skiddle.com/whats-on/Manchester/The-Blues-Kitchen/RnB-Hip-Hop--Afrobeats-Til-Late/41582178/,2026-07-31,2026-07-31T19:00:00+00:00,2026-08-01T03:00:00+00:00,"From Beyoncé to Drake, Burna Boy to Lauryn Hill - Manchester's finest artists bring a mix of old-school classics and new-school favourites.","{'doorsopen': '19:00', 'doorsclose': '03:00', 'lastentry': ''}",21,,0,0,True,"{'minPrice': 0, 'maxPrice': 0}",,public,,False,{'enabled': False},,GBP,[],"[{'genreid': '4', 'name': 'R&B'}, {'genreid': '39', 'name': 'Hip Hop'}, {'genreid': '95', 'name': 'Afrobeat'}]",[]
42471302,2275842,False,2275842,False,0,LIVE,Craft Sessions - The Fourth Edition,0,,,,,"{'id': 138541, 'name': 'Obriens Holmfirth', 'address': '67 Huddersfield Road', 'town': 'Holmfirth', 'postcode_lookup': 'Huddersfield', 'postcode': 'HD9 3AZ', 'region': 'West Yorkshire', 'country': 'GB', 'phone': '', 'latitude': 53.570494, 'longitude': -1.7875489, 'type': 'bar', 'rating': 0, 'reviewCount': 0, 'distance': 31904.27455958108}",https://d1plawd8huk6hh.cloudfront.net/assets/default400.png,https://d1plawd8huk6hh.cloudfront.net/assets/default400.png,https://d1plawd8huk6hh.cloudfront.net/assets/default400.png,False,https://www.skiddle.com/whats-on/Huddersfield/Obriens-Holmfirth/Craft-Sessions---The-Fourth-Edition/42471302/,2026-07-31,2026-07-31T19:00:00+00:00,2026-07-31T22:30:00+00:00,"Entry to the fourth edition of Craft Sessions! Bevs, Bands & Breakthroughs upstairs at O'Briens, Holmfirth","{'doorsopen': '19:00', 'doorsclose': '22:30', 'lastentry': '19:30'}",16,,0,0,True,"{'minPrice': 7, 'maxPrice': 7}",,public,,False,{'enabled': False},#383838,GBP,[],"[{'genreid': '5', 'name': 'Rock'}, {'genreid': '46', 'name': 'Alternative'}, {'genreid': '53', 'name': 'Punk'}, {'genreid': '84', 'name': 'Grunge'}]",[]
42511013,2287256,False,2287256,False,0,LIVE,"BLOCO DO CAOS - The Bread Shed, Manchester",0,,,,,"{'id': 80433, 'name': 'The Bread Shed', 'address': '126 Grosvenor Street', 'town': 'Manchester', 'postcode_lookup': 'Manchester', 'postcode': 'M1 7HL', 'region': 'Greater Manchester', 'country': 'GB', 'phone': '0161 273 1471', 'latitude': 53.471075, 'longitude': -2.235383, 'type': 'Nightclub', 'rating': 4, 'reviewCount': 1403, 'distance': 1087.029186032391}",https://d31fr2pwly4c4s.cloudfront.net/2/d/e/2287256_55e0ebf0_bloco-do-caos-the-bread-shed-manchester_th.jpg,https://d31fr2pwly4c4s.cloudfront.net/2/d/e/2287256_55e0ebf0_bloco-do-caos-the-bread-shed-manchester.jpg,https://d31fr2pwly4c4s.cloudfront.net/2/d/e/2287256_55e0ebf0_bloco-do-caos-the-bread-shed-manchester_1024.jpg,https://d31fr2pwly4c4s.cloudfront.net/2/d/e/2287256_55e0ebf0_bloco-do-caos-the-bread-shed-manchester_1024.webp,https://www.skiddle.com/whats-on/Manchester/The-Bread-Shed/BLOCO-DO-CAOS---The-Bread-Shed-Manchester/42511013/,2026-07-31,2026-07-31T19:30:00+00:00,2026-07-31T22:00:00+00:00,"The São Paulo-based band presents a vibrant live show that blends reggae, rock, rap and tropical rhythms into a true celebration of Brazilian music","{'doorsopen': '19:30', 'doorsclose': '22:00', 'lastentry': '20:00'}",14,,0,0,True,"{'minPrice': 10, 'maxPrice': 10}",,public,,False,{'enabled': False},#081848,GBP,[],"[{'genreid': '5', 'name': 'Rock'}, {'genreid': '36', 'name': 'Rap'}, {'genreid': '46', 'name': 'Alternative'}, {'genreid': '68', 'name': 'Reggae'}]",[]
42579900,2300822,False,2300822,False,0,LIVE,Ethan booth,0,,,,,"{'id': 137126, 'name': 'Elevation13', 'address': '13 Manchester Road', 'town': 'Hyde', 'postcode_lookup': 'Stockport', 'postcode': 'SK14 1BA', 'region': 'Manchester', 'country': 'GB', 'phone': '07403941425', 'latitude': 53.4525323, 'longitude': -2.0819125, 'type': 'live', 'rating': 4, 'reviewCount': 18, 'distance': 11189.515744145638}",https://d31fr2pwly4c4s.cloudfront.net/5/e/8/2300822_530a314f_ethan-booth_th.jpg,https://d31fr2pwly4c4s.cloudfront.net/5/e/8/2300822_530a314f_ethan-booth.jpg,https://d31fr2pwly4c4s.cloudfront.net/5/e/8/2300822_530a314f_ethan-booth_1024.jpg,https://d31fr2pwly4c4s.cloudfront.net/5/e/8/2300822_530a314f_ethan-booth_1024.webp,https://www.skiddle.com/whats-on/Stockport/Elevation13/Ethan-booth/42579900/,2026-07-31,2026-07-31T19:30:00+00:00,2026-08-01T01:00:00+00:00,"LIVE MUSIC - Friday 31st July 

Join us for an unforgettable night of live music featuring our headline act, Ethan Booth!
 Tickets just £3.50","{'doorsopen': '19:30', 'doorsclose': '01:00', 'lastentry': '20:00'}",,,0,0,True,"{'minPrice': 3.5, 'maxPrice': 3.5}",,public,,False,{'enabled': False},#080808,GBP,[],[],[]
42488626,2281238,False,2281238,False,0,LIVE,Punk Rock at The Blossoms,0,,,,,"{'id': 54576, 'name': 'The Blossoms', 'address': '2 Buxton Road', 'town': 'Stockport', 'postcode_lookup': 'Stockport', 'postcode': 'SK2 6NU', 'region': 'Manchester', 'country': 'GB', 'phone': '0161 429 8128', 'latitude': 53.39824, 'longitude': -2.152783, 'type': 'live', 'rating': 4, 'reviewCount': 10, 'distance': 10860.588933782758}",https://d31fr2pwly4c4s.cloudfront.net/5/0/9/2281238_75e4ab5a_punk-rock-at-the-blossoms_th.jpg,https://d31fr2pwly4c4s.cloudfront.net/5/0/9/2281238_75e4ab5a_punk-rock-at-the-blossoms.jpg,https://d31fr2pwly4c4s.cloudfront.net/5/0/9/2281238_75e4ab5a_punk-rock-at-the-blossoms_1024.jpg,https://d31fr2pwly4c4s.cloudfront.net/5/0/9/2281238_75e4ab5a_punk-rock-at-the-blossoms_1024.webp,https://www.skiddle.com/whats-on/Stockport/The-Blossoms/Punk-Rock-at-The-Blossoms/42488626/,2026-07-31,2026-07-31T20:00:00+00:00,2026-07-31T23:00:00+00:00,"Another Free Entry Punk night from Horn & Hoof Records.
With music from The Young Hearts, Wood & Nails , Last Seasons Winners and Great","{'doorsopen': '20:00', 'doorsclose': '23:00', 'lastentry': '20:30'}",18,,0,0,True,"{'minPrice': 0, 'maxPrice': 0}",,public,,False,{'enabled': False},#080808,GBP,"[{'artistid': '123572014', 'name': 'The Young Hearts', 'image': 'https://d1plawd8huk6hh.cloudfront.net/assets/default400.png', 'spotifyartisturl': 'spotify:artist:6sbDFRTzVhnTYfgmVP0DVX'}]","[{'genreid': '53', 'name': 'Punk'}]",[]
41998783,2199190,False,2199190,False,0,LIVE,The Coldplay Tribute. Lve at Empire Rochdale,0,,,,,"{'id': 108286, 'name': 'Empire Rochdale', 'address': '7 Packer Street', 'town': 'Greater - Manchester', 'postcode_lookup': 'Rochdale', 'postcode': 'OL16 1NJ', 'region': 'Manchester', 'country': 'GB', 'phone': '01706 551 515', 'latitude': 53.615938, 'longitude': -2.157467, 'type': 'live', 'rating': 4, 'reviewCount': 11, 'distance': 16288.035370221773}",https://d31fr2pwly4c4s.cloudfront.net/3/7/6/2199190_c21d0e9b_the-coldplay-tribute-lve-at-empire-rochdale_th.jpg,https://d31fr2pwly4c4s.cloudfront.net/3/7/6/2199190_c21d0e9b_the-coldplay-tribute-lve-at-empire-rochdale.jpg,https://d31fr2pwly4c4s.cloudfront.net/3/7/6/2199190_c21d0e9b_the-coldplay-tribute-lve-at-empire-rochdale_1024.jpg,https://d31fr2pwly4c4s.cloudfront.net/3/7/6/2199190_c21d0e9b_the-coldplay-tribute-lve-at-empire-rochdale_1024.webp,https://www.skiddle.com/whats-on/Rochdale/Empire-Rochdale/The-Coldplay-Tribute-Lve-at-Empire-Rochdale/41998783/,2026-07-31,2026-07-31T20:00:00+00:00,2026-07-31T23:45:00+00:00,"The Coldplay Tribute lights up the night with soaring melodies, shimmering guitars and uplifting anthems.","{'doorsopen': '20:00', 'doorsclose': '23:45', 'lastentry': '21:30'}",18,,0,0,True,"{'minPrice': 0, 'maxPrice': 0}",,public,,False,{'enabled': False},#181828,GBP,[],"[{'genreid': '20', 'name': 'Pop'}, {'genreid': '26', 'name': 'Indie'}]",[]
42476331,2277390,False,2277390,False,0,LIVE,M&P's Jazz Brunch,0,,,,,"{'id': 7643, 'name': 'Matt And Phreds', 'address': '64 Tib Street, Northern Quarter', 'town': 'Manchester', 'postcode_lookup': 'Manchester', 'postcode': 'M4 1LW', 'region': 'Greater Manchester', 'country': 'GB', 'phone': '0161 273 5495', 'latitude': 53.48359, 'longitude': -2.234911, 'type': 'live', 'rating': 4, 'reviewCount': 202, 'distance': 840.3412247800153}",https://d31fr2pwly4c4s.cloudfront.net/d/3/8/2277390_a4f88293_m-p-s-jazz-brunch_th.jpg,https://d31fr2pwly4c4s.cloudfront.net/d/3/8/2277390_a4f88293_m-p-s-jazz-brunch.jpg,https://d31fr2pwly4c4s.cloudfront.net/d/3/8/2277390_a4f88293_m-p-s-jazz-brunch_1024.jpg,https://d31fr2pwly4c4s.cloudfront.net/d/3/8/2277390_a4f88293_m-p-s-jazz-brunch_1024.webp,https://www.skiddle.com/whats-on/Manchester/Matt-And-Phreds/MPs-Jazz-Brunch/42476331/,2026-08-01,2026-08-01T13:00:00+00:00,2026-08-01T16:00:00+00:00,"Enjoy a swinging jazz quintet accompanied by a specially-curated brunch pizza menu, in the heart of Manchester's Northern Quarter!","{'doorsopen': '13:00', 'doorsclose': '16:00', 'lastentry': '13:30'}",,,0,0,True,"{'minPrice': 5, 'maxPrice': 7}",,public,,False,{'enabled': False},#080808,GBP,[],"[{'genreid': '25', 'name': 'Jazz'}]",[]
42517197,2289743,False,2289743,False,0,LIVE,Sight and sound 6,0,,,,,"{'id': 130146, 'name': 'GRIT STUDIOS', 'address': '231-233 Deansgate', 'town': 'Manchester', 'postcode_lookup': 'Manchester', 'postcode': 'M3 4EN', 'region': 'Greater Manchester', 'country': 'GB', 'phone': '', 'latitude': 53.4776697, 'longitude': -2.2496333, 'type': 'Nightclub', 'rating': 4, 'reviewCount': 3, 'distance': 340.4291601708405}",https://d31fr2pwly4c4s.cloudfront.net/1/c/5/2289743_b0518071_sight-and-sound-6_th.jpg,https://d31fr2pwly4c4s.cloudfront.net/1/c/5/2289743_b0518071_sight-and-sound-6.jpg,https://d31fr2pwly4c4s.cloudfront.net/1/c/5/2289743_b0518071_sight-and-sound-6_1024.jpg,https://d31fr2pwly4c4s.cloudfront.net/1/c/5/2289743_b0518071_sight-and-sound-6_1024.webp,https://www.skiddle.com/whats-on/Manchester/GRIT-STUDIOS/Sight-and-sound-6/42517197/,2026-08-01,2026-08-01T14:00:00+00:00,2026-08-02T22:30:00+00:00,sight and sound audio and visual collective return to grit studios m/c/r for transmission 6.,"{'doorsopen': '14:00', 'doorsclose': '22:30', 'lastentry': '14:00'}",,,0,0,True,"{'minPrice': 0, 'maxPrice': 0}",,public,,False,{'enabled': False},#080838,GBP,[],"[{'genreid': '46', 'name': 'Alternative'}, {'genreid': '61', 'name': 'Electronic'}, {'genreid': '91', 'name': 'Experimental'}]",[]
42526999,2290639,False,2290639,False,0,LIVE,"TAKEOFF - The Bread Shed, Manchester",0,,,,,"{'id': 80433, 'name': 'The Bread Shed', 'address': '126 Grosvenor Street', 'town': 'Manchester', 'postcode_lookup': 'Manchester', 'postcode': 'M1 7HL', 'region': 'Greater Manchester', 'country': 'GB', 'phone': '0161 273 1471', 'latitude': 53.471075, 'longitude': -2.235383, 'type': 'Nightclub', 'rating': 4, 'reviewCount': 1403, 'distance': 1087.029186032391}",https://d31fr2pwly4c4s.cloudfront.net/d/a/2/2290639_b845055c_takeoff-the-bread-shed-manchester_th.jpg,https://d31fr2pwly4c4s.cloudfront.net/d/a/2/2290639_b845055c_takeoff-the-bread-shed-manchester.jpg,https://d31fr2pwly4c4s.cloudfront.net/d/a/2/2290639_b845055c_takeoff-the-bread-shed-manchester_1024.jpg,https://d31fr2pwly4c4s.cloudfront.net/d/a/2/2290639_b845055c_takeoff-the-bread-shed-manchester_1024.webp,https://www.skiddle.com/whats-on/Manchester/The-Bread-Shed/TAKEOFF---The-Bread-Shed-Manchester/42526999/,2026-08-01,2026-08-01T16:00:00+00:00,2026-08-01T22:00:00+00:00,A day party boiler room experience,"{'doorsopen': '16:00', 'doorsclose': '22:00', 'lastentry': '16:00'}",18,,0,0,True,"{'minPrice': 7.5, 'maxPrice': 7.5}",,public,,False,{'enabled': False},#d8d8d8,GBP,[],"[{'genreid': '4', 'name': 'R&B'}, {'genreid': '24', 'name': 'Dancehall'}, {'genreid': '95', 'name': 'Afrobeat'}]",[]
42478071,2277997,False,2277997,False,0,LIVE,"Recomposed by Max Richter: Vivaldi, The Four Seasons",0,,,,,"{'id': 89892, 'name': 'The Stoller Hall', 'address': 'Hunts Bank', 'town': 'Greater Manchester', 'postcode_lookup': 'Manchester', 'postcode': 'M3 1DA', 'region': 'Greater Manchester', 'country': 'GB', 'phone': '', 'latitude': 53.487199, 'longitude': -2.24323, 'type': 'live', 'rating': 4, 'reviewCount': 1, 'distance': 919.1781945179652}",https://d31fr2pwly4c4s.cloudfront.net/7/f/9/2277997_81555695_Recomposed-by-Max-Richter--Vivaldi--The-Four-Seasons_th.jpg,https://d31fr2pwly4c4s.cloudfront.net/7/f/9/2277997_81555695_Recomposed-by-Max-Richter--Vivaldi--The-Four-Seasons.jpg,https://d31fr2pwly4c4s.cloudfront.net/7/f/9/2277997_81555695_Recomposed-by-Max-Richter--Vivaldi--The-Four-Seasons_1024.jpg,https://d31fr2pwly4c4s.cloudfront.net/7/f/9/2277997_81555695_Recomposed-by-Max-Richter--Vivaldi--The-Four-Seasons_1024.webp,https://www.skiddle.com/whats-on/Manchester/The-Stoller-Hall/Recomposed-by-Max-Richter-Vivaldi-The-Four-Seasons/42478071/,2026-08-01,2026-08-01T18:00:00+00:00,2026-08-01T19:45:00+00:00,Join us for an evening featuring the famous Antonio Vivaldi cycle The Four Seasons in the unique interpretation of contemporary composer Max Richter!,"{'doorsopen': '18:00', 'doorsclose': '19:45', 'lastentry': '18:30'}",6,,0,0,True,"{'minPrice': 28, 'maxPrice': 28}",,public,,False,{'enabled': False},#98d8d8,GBP,"[{'artistid': '123610051', 'name': 'Mystery Ensemble', 'image': 'https://d1mdxzfl9p8pzo.cloudfront.net/1/123610051_03921fa5_1024.jpg', 'spotifyartisturl': None}]","[{'genreid': '35', 'name': 'Themed'}, {'genreid': '37', 'name': 'Classical'}, {'genreid': '48', 'name': 'Covers Band/Tribute Act'}, {'genreid': '67', 'name': 'World Music'}, {'genreid': '100', 'name': 'Orchestral'}]",[]
41582798,2146767,False,L7Al8FxrLL,False,0,LIVE,Manchester Got Soul: Live Music and DJs Til Late,0,,,,,"{'id': 104602, 'name': 'The Blues Kitchen', 'address': '13 Quay Street', 'town': 'Manchester', 'postcode_lookup': 'Manchester', 'postcode': 'M3 3HN', 'region': 'Greater Manchester', 'country': 'GB', 'phone': '', 'latitude': 53.4782265, 'longitude': -2.2504397, 'type': 'bar', 'rating': 4, 'reviewCount': 319, 'distance': 370.10660406021236}",https://d31fr2pwly4c4s.cloudfront.net/1/4/3/1884729_1bfbd26c_manchester-got-soul-live-music-and-djs-til-late_th.jpg,https://d31fr2pwly4c4s.cloudfront.net/1/4/3/1884729_1bfbd26c_manchester-got-soul-live-music-and-djs-til-late.jpg,https://d31fr2pwly4c4s.cloudfront.net/1/4/3/1884729_1bfbd26c_manchester-got-soul-live-music-and-djs-til-late_1024.jpg,https://d31fr2pwly4c4s.cloudfront.net/1/4/3/1884729_1bfbd26c_manchester-got-soul-live-music-and-djs-til-late_1024.webp,https://www.skiddle.com/whats-on/Manchester/The-Blues-Kitchen/Manchester-Got-Soul-Live-Music-and-DJs-Til-Late/41582798/,2026-08-01,2026-08-01T19:00:00+00:00,2026-08-02T03:00:00+00:00,Live music and DJs across both floors from 8pm to 3am.,"{'doorsopen': '19:00', 'doorsclose': '03:00', 'lastentry': ''}",18,,0,0,True,"{'minPrice': 0, 'maxPrice': 0}",,public,,False,{'enabled': False},,GBP,[],[],[]
42572283,2299398,False,2299398,False,0,LIVE,This Feeling - Manchester,0,,,,,"{'id': 97652, 'name': 'Off The Square', 'address': ' 65-67, Lever Street Manchester, M1 1FL', 'town': 'Manchester', 'postcode_lookup': 'Manchester', 'postcode': 'M1 1FL', 'region': 'Greater Manchester', 'country': 'GB', 'phone': '', 'latitude': 53.4836446, 'longitude': -2.2323615, 'type': 'Nightclub', 'rating': 4, 'reviewCount': 955, 'distance': 982.9088070224097}",https://d31fr2pwly4c4s.cloudfront.net/d/2/7/2299398_f870370b_this-feeling-manchester_th.jpg,https://d31fr2pwly4c4s.cloudfront.net/d/2/7/2299398_f870370b_this-feeling-manchester.jpg,https://d31fr2pwly4c4s.cloudfront.net/d/2/7/2299398_f870370b_this-feeling-manchester_1024.jpg,https://d31fr2pwly4c4s.cloudfront.net/d/2/7/2299398_f870370b_this-feeling-manchester_1024.webp,https://www.skiddle.com/whats-on/Manchester/Off-The-Square/This-Feeling---Manchester/42572283/,2026-08-01,2026-08-01T19:00:00+00:00,2026-08-01T22:00:00+00:00,"""If you're going to see the emergence of a new great band you'll see them at This Feeling first."" Carl Barat","{'doorsopen': '19:00', 'doorsclose': '22:00', 'lastentry': ''}",18,,0,0,True,"{'minPrice': 10, 'maxPrice': 10}",,public,,False,{'enabled': False},#f8f8f8,GBP,[],"[{'genreid': '26', 'name': 'Indie'}, {'genreid': '46', 'name': 'Alternative'}, {'genreid': '86', 'name': 'Nu Indie'}, {'genreid': '98', 'name': 'Indie Pop'}]",[]
42439328,2269155,False,2269155,False,0,LIVE,Spanish Horses,0,,,,,"{'id': 139541, 'name': 'The Abbey', 'address': 'Guildhall Close, Manchester Science Park', 'town': 'Manchester', 'postcode_lookup': 'Manchester', 'postcode': 'M15 6SY', 'region': 'Greater Manchester', 'country': 'GB', 'phone': '', 'latitude': 53.4615523, 'longitude': -2.238415, 'type': 'bar', 'rating': 0, 'reviewCount': 0, 'distance': 1988.4526268313864}",https://d31fr2pwly4c4s.cloudfront.net/e/4/4/2269155_4ed98917_spanish-horses_th.jpg,https://d31fr2pwly4c4s.cloudfront.net/e/4/4/2269155_4ed98917_spanish-horses.jpg,https://d31fr2pwly4c4s.cloudfront.net/e/4/4/2269155_4ed98917_spanish-horses_1024.jpg,https://d31fr2pwly4c4s.cloudfront.net/e/4/4/2269155_4ed98917_spanish-horses_1024.webp,https://www.skiddle.com/whats-on/Manchester/The-Abbey/Spanish-Horses/42439328/,2026-08-01,2026-08-01T19:00:00+00:00,2026-08-01T23:00:00+00:00,Spanish Horses comes to The Abbey,"{'doorsopen': '19:00', 'doorsclose': '23:00', 'lastentry': ''}",18,,0,0,True,"{'minPrice': 10, 'maxPrice': 10}",,public,,False,{'enabled': False},#480808,GBP,[],"[{'genreid': '5', 'name': 'Rock'}, {'genreid': '26', 'name': 'Indie'}, {'genreid': '46', 'name': 'Alternative'}]",[]
42573178,2299690,False,2299690,False,0,LIVE,The Ruffians present: A Trip to Big Tesco,0,,,,,"{'id': 9314, 'name': 'Fuel Café Bar', 'address': '448 Wilmslow Road', 'town': 'Withington', 'postcode_lookup': 'Manchester', 'postcode': 'M20 4AN', 'region': 'Greater Manchester', 'country': 'GB', 'phone': '0161 4489702 ', 'latitude': 53.434091, 'longitude': -2.228446, 'type': 'bar', 'rating': 4, 'reviewCount': 21, 'distance': 5112.524609722163}",https://d31fr2pwly4c4s.cloudfront.net/2/9/8/2299690_658b4efd_the-ruffians-present-a-trip-to-big-tesco_th.jpg,https://d31fr2pwly4c4s.cloudfront.net/2/9/8/2299690_658b4efd_the-ruffians-present-a-trip-to-big-tesco.jpg,https://d31fr2pwly4c4s.cloudfront.net/2/9/8/2299690_658b4efd_the-ruffians-present-a-trip-to-big-tesco_1024.jpg,https://d31fr2pwly4c4s.cloudfront.net/2/9/8/2299690_658b4efd_the-ruffians-present-a-trip-to-big-tesco_1024.webp,https://www.skiddle.com/whats-on/Manchester/Fuel-Caf%C3%A9-Bar/The-Ruffians-present-A-Trip-to-Big-Tesco/42573178/,2026-08-01,2026-08-01T19:00:00+00:00,2026-08-01T23:00:00+00:00,Queens of punk The Ruffians celebrate the launch of their first single at Fuel Cafe Bar,"{'doorsopen': '19:00', 'doorsclose': '23:00', 'lastentry': ''}",18,,0,0,True,"{'minPrice': 0, 'maxPrice': 0}",,public,,False,{'enabled': False},#e8e8f8,GBP,[],"[{'genreid': '5', 'name': 'Rock'}, {'genreid': '26', 'name': 'Indie'}, {'genreid': '46', 'name': 'Alternative'}, {'genreid': '53', 'name': 'Punk'}]",[]
42574221,2299944,False,2299944,False,0,LIVE,Iron Maiden - Brian Maiden & Megadeth UK,0,,,,,"{'id': 132745, 'name': 'Holy Diver', 'address': '1 Princes Street', 'town': 'Stockport', 'postcode_lookup': 'Stockport', 'postcode': 'SK1 1SL', 'region': 'Manchester', 'country': 'GB', 'phone': '', 'latitude': 53.41117375, 'longitude': -2.16158853, 'type': 'live', 'rating': 4, 'reviewCount': 118, 'distance': 9348.609370065313}",https://d1plawd8huk6hh.cloudfront.net/assets/default400.png,https://d1plawd8huk6hh.cloudfront.net/assets/default400.png,https://d1plawd8huk6hh.cloudfront.net/assets/default400.png,False,https://www.skiddle.com/whats-on/Stockport/Holy-Diver/Iron-Maiden---Brian-Maiden--Megadeth-UK/42574221/,2026-08-01,2026-08-01T19:00:00+00:00,2026-08-01T22:30:00+00:00,The Double header of the year you have all been waiting for. Iron Maiden & Megadeth Are heading to the Holy Diver stage for a double header !,"{'doorsopen': '19:00', 'doorsclose': '22:30', 'lastentry': ''}",18,,0,0,True,"{'minPrice': 10, 'maxPrice': 10}",,public,,False,{'enabled': False},,GBP,[],"[{'genreid': '5', 'name': 'Rock'}, {'genreid': '27', 'name': 'Metal'}]",[]
42438707,2268828,False,2268828,False,0,LIVE,The Bluetones (Acoustic) + Guests,0,,,,,"{'id': 131081, 'name': 'Bask Stockport', 'address': '20 Railway Road', 'town': 'Stockport', 'postcode_lookup': 'Stockport', 'postcode': 'SK1 3SW', 'region': 'Manchester', 'country': 'GB', 'phone': '', 'latitude': 53.4059707, 'longitude': -2.1618229, 'type': 'bar', 'rating': 0, 'reviewCount': 0, 'distance': 9812.77574062472}",https://d31fr2pwly4c4s.cloudfront.net/3/4/3/2268828_c61ba19b_the-bluetones-acoustic-guests_th.jpg,https://d31fr2pwly4c4s.cloudfront.net/3/4/3/2268828_c61ba19b_the-bluetones-acoustic-guests.jpg,https://d31fr2pwly4c4s.cloudfront.net/3/4/3/2268828_c61ba19b_the-bluetones-acoustic-guests_1024.jpg,https://d31fr2pwly4c4s.cloudfront.net/3/4/3/2268828_c61ba19b_the-bluetones-acoustic-guests_1024.webp,https://www.skiddle.com/whats-on/Stockport/Bask-Stockport/The-Bluetones-Acoustic--Guests/42438707/,2026-08-01,2026-08-01T19:00:00+00:00,2026-08-02T01:00:00+00:00,"The Bluetones Acoustic show is two members of  Brit Pop legends The Bluetones, for special acoustic performances of the band’s classics. ","{'doorsopen': '19:00', 'doorsclose': '01:00', 'lastentry': '20:30'}",18,,0,0,True,"{'minPrice': 22.5, 'maxPrice': 22.5}",,public,,False,{'enabled': False},#080808,GBP,"[{'artistid': '778574', 'name': 'The Bluetones', 'image': 'https://d1mdxzfl9p8pzo.cloudfront.net/4/778574_267.jpg', 'spotifyartisturl': 'spotify:artist:66nOkPJTFgK25NMmojG04V'}]",[],[]
42412479,2261309,False,2261309,False,0,LIVE,"Green Day and Avril Lavigne | Pop Punk Night, Elevation13, Hyde",0,,,,,"{'id': 137126, 'name': 'Elevation13', 'address': '13 Manchester Road', 'town': 'Hyde', 'postcode_lookup': 'Stockport', 'postcode': 'SK14 1BA', 'region': 'Manchester', 'country': 'GB', 'phone': '07403941425', 'latitude': 53.4525323, 'longitude': -2.0819125, 'type': 'live', 'rating': 4, 'reviewCount': 18, 'distance': 11189.515744145638}",https://d31fr2pwly4c4s.cloudfront.net/b/c/2/2261309_11dd1681_green-day-and-avril-lavigne-pop-punk-night-elevation13-hyde_th.jpg,https://d31fr2pwly4c4s.cloudfront.net/b/c/2/2261309_11dd1681_green-day-and-avril-lavigne-pop-punk-night-elevation13-hyde.jpg,https://d31fr2pwly4c4s.cloudfront.net/b/c/2/2261309_11dd1681_green-day-and-avril-lavigne-pop-punk-night-elevation13-hyde_1024.jpg,https://d31fr2pwly4c4s.cloudfront.net/b/c/2/2261309_11dd1681_green-day-and-avril-lavigne-pop-punk-night-elevation13-hyde_1024.webp,https://www.skiddle.com/whats-on/Stockport/Elevation13/Green-Day-and-Avril-Lavigne--Pop-Punk-Night-Elevation13-Hyde/42412479/,2026-08-01,2026-08-01T19:00:00+00:00,2026-08-02T00:30:00+00:00,"Experience the UK's most authentic tributes to Green Day and Avril Lavigne, high-energy, pop-punk hits and nostalgia all night long.","{'doorsopen': '19:00', 'doorsclose': '00:30', 'lastentry': '20:00'}",16,,0,0,True,"{'minPrice': 17.95, 'maxPrice': 60}",,public,,False,{'enabled': False},#080808,GBP,"[{'artistid': '123600786', 'name': 'Courtnay Reddy - Avril Lavigne Tribute', 'image': 'https://d1mdxzfl9p8pzo.cloudfront.net/6/123600786_1_1024.jpg', 'spotifyartisturl': None}]","[{'genreid': '46', 'name': 'Alternative'}, {'genreid': '82', 'name': '1990s'}, {'genreid': '83', 'name': '2000s'}, {'genreid': '88', 'name': 'Emo'}, {'genreid': '113', 'name': 'Pop Punk'}]",[]
42487069,2280691,False,2280691,False,0,LIVE,Hayloft Hoedown #2,1,2026-06-07 14:45:12,cancelled,Automatic cancellation: All future dates in the event series have been cancelled,,"{'id': 138668, 'name': 'The Hayloft Cheshire', 'address': 'Sandy Lane', 'town': 'Bold Heath', 'postcode_lookup': 'Warrington', 'postcode': 'WA8 3PX', 'region': 'Cheshire', 'country': 'GB', 'phone': '01925 726220', 'latitude': 53.3913269, 'longitude': -2.6777405, 'type': 'Restaurant', 'rating': 4, 'reviewCount': 5, 'distance': 30278.11547044931}",https://d31fr2pwly4c4s.cloudfront.net/2/e/7/2280691_0314f11b_hayloft-hoedown-2_th.jpg,https://d31fr2pwly4c4s.cloudfront.net/2/e/7/2280691_0314f11b_hayloft-hoedown-2.jpg,https://d31fr2pwly4c4s.cloudfront.net/2/e/7/2280691_0314f11b_hayloft-hoedown-2_1024.jpg,https://d31fr2pwly4c4s.cloudfront.net/2/e/7/2280691_0314f11b_hayloft-hoedown-2_1024.webp,https://www.skiddle.com/whats-on/Warrington/The-Hayloft-Cheshire/Hayloft-Hoedown-2/42487069/,2026-08-01,2026-08-01T19:00:00+00:00,2026-08-02T00:30:00+00:00,"THE 2ND HAYLOFT HOEDOWN IS COMING!

After a sell out debut and an unforgettable night of country music, line dancing & Live Music, It's back again!","{'doorsopen': '19:00', 'doorsclose': '00:30', 'lastentry': '19:00'}",18,,0,0,False,"{'minPrice': 10, 'maxPrice': 12.5}",,public,,False,{'enabled': False},#080808,GBP,[],[],[]
41997038,2198752,False,2198752,False,0,LIVE,The Love Generation Reggae Band. Live at Empire Rochdale,0,,,,,"{'id': 108286, 'name': 'Empire Rochdale', 'address': '7 Packer Street', 'town': 'Greater - Manchester', 'postcode_lookup': 'Rochdale', 'postcode': 'OL16 1NJ', 'region': 'Manchester', 'country': 'GB', 'phone': '01706 551 515', 'latitude': 53.615938, 'longitude': -2.157467, 'type': 'live', 'rating': 4, 'reviewCount': 11, 'distance': 16288.035370221773}",https://d31fr2pwly4c4s.cloudfront.net/f/0/8/2198752_549eb80f_the-love-generation-reggae-band-live-at-empire-rochdale_th.jpg,https://d31fr2pwly4c4s.cloudfront.net/f/0/8/2198752_549eb80f_the-love-generation-reggae-band-live-at-empire-rochdale.jpg,https://d31fr2pwly4c4s.cloudfront.net/f/0/8/2198752_549eb80f_the-love-generation-reggae-band-live-at-empire-rochdale_1024.jpg,https://d31fr2pwly4c4s.cloudfront.net/f/0/8/2198752_549eb80f_the-love-generation-reggae-band-live-at-empire-rochdale_1024.webp,https://www.skiddle.com/whats-on/Rochdale/Empire-Rochdale/The-Love-Generation-Reggae-Band-Live-at-Empire-Rochdale/41997038/,2026-08-01,2026-08-01T20:00:00+00:00,2026-08-01T23:45:00+00:00,"Sun-soaked reggae rhythms, deep basslines and pure feel-good energy as The Love Generation bring the vibes live all night long.","{'doorsopen': '20:00', 'doorsclose': '23:45', 'lastentry': '21:30'}",18,,0,0,True,"{'minPrice': 0, 'maxPrice': 0}",,public,,False,{'enabled': False},#387838,GBP,[],"[{'genreid': '68', 'name': 'Reggae'}]",[]
42359481,2250870,False,2250870,False,0,LIVE,Jahman Xpress live in Manchester,0,,,,,"{'id': 126609, 'name': 'Central Hall Oldham Street M1 1JQ', 'address': 'Central hall Oldham Street', 'town': 'Manchester', 'postcode_lookup': 'Manchester', 'postcode': 'M1 1JQ', 'region': 'Greater Manchester', 'country': 'GB', 'phone': '07454906349', 'latitude': 53.48376792, 'longitude': -2.24376874, 'type': 'live', 'rating': 0, 'reviewCount': 0, 'distance': 536.3899990089722}",https://d31fr2pwly4c4s.cloudfront.net/d/9/5/2250870_c0342253_jahman-xpress-live-in-manchester_th.jpg,https://d31fr2pwly4c4s.cloudfront.net/d/9/5/2250870_c0342253_jahman-xpress-live-in-manchester.jpg,https://d31fr2pwly4c4s.cloudfront.net/d/9/5/2250870_c0342253_jahman-xpress-live-in-manchester_1024.jpg,https://d31fr2pwly4c4s.cloudfront.net/d/9/5/2250870_c0342253_jahman-xpress-live-in-manchester_1024.webp,https://www.skiddle.com/whats-on/Manchester/Central-Hall-Oldham-Street-M1-1JQ/Jahman-Xpress-live-in-Manchester/42359481/,2026-08-01,2026-08-01T22:00:00+00:00,2026-08-02T04:00:00+00:00,Jahman Xpress is a Senegalese Musician who has gained recognition for his melodic voice and has featured in top 5 most popular Senegalese artists.,"{'doorsopen': '22:00', 'doorsclose': '04:00', 'lastentry': ''}",18,,0,0,True,"{'minPrice': 80, 'maxPrice': 80}",,public,,False,{'enabled': False},#f8f8f8,GBP,[],"[{'genreid': '4', 'name': 'R&B'}, {'genreid': '43', 'name': 'Soul'}, {'genreid': '66', 'name': 'African'}, {'genreid': '95', 'name': 'Afrobeat'}]",[]
42581182,2301403,False,2301403,False,0,LIVE,Rob Jones & The Restless Dream - The Homecoming Show,0,,,,,"{'id': 84289, 'name': 'The Barlow', 'address': 'Bolton Road, Edgworth', 'town': 'Bolton', 'postcode_lookup': 'Bolton', 'postcode': 'BL7 0AP', 'region': 'Manchester', 'country': 'GB', 'phone': '01204 852216', 'latitude': 53.6451798, 'longitude': -2.3933064, 'type': 'Other', 'rating': 0, 'reviewCount': 0, 'distance': 20913.83243337555}",https://d31fr2pwly4c4s.cloudfront.net/4/d/6/2301403_020a0314_rob-jones-the-restless-dream-the-homecoming-show_th.jpg,https://d31fr2pwly4c4s.cloudfront.net/4/d/6/2301403_020a0314_rob-jones-the-restless-dream-the-homecoming-show.jpg,https://d31fr2pwly4c4s.cloudfront.net/4/d/6/2301403_020a0314_rob-jones-the-restless-dream-the-homecoming-show_1024.jpg,https://d31fr2pwly4c4s.cloudfront.net/4/d/6/2301403_020a0314_rob-jones-the-restless-dream-the-homecoming-show_1024.webp,https://www.skiddle.com/whats-on/Bolton/The-Barlow/Rob-Jones--The-Restless-Dream---The-Homecoming-Show/42581182/,2026-08-02,2026-08-02T18:00:00+00:00,2026-08-02T21:30:00+00:00,"Rob Jones brings his seven-piece band home to Bolton for a one-off concert, bringing his critically acclaimed album STARS to life.","{'doorsopen': '18:00', 'doorsclose': '21:30', 'lastentry': '18:30'}",,,0,0,True,"{'minPrice': 12, 'maxPrice': 12}",,public,,True,{'enabled': False},#181818,GBP,[],"[{'genreid': '71', 'name': 'Country/Americana'}, {'genreid': '76', 'name': 'Retro and Throwbacks'}, {'genreid': '107', 'name': 'Pop Rock'}]",[]
41611473,2153280,False,2153280,False,0,LIVE,"MERAUDER & support - The Bread Shed, Manchester",0,,,,,"{'id': 80433, 'name': 'The Bread Shed', 'address': '126 Grosvenor Street', 'town': 'Manchester', 'postcode_lookup': 'Manchester', 'postcode': 'M1 7HL', 'region': 'Greater Manchester', 'country': 'GB', 'phone': '0161 273 1471', 'latitude': 53.471075, 'longitude': -2.235383, 'type': 'Nightclub', 'rating': 4, 'reviewCount': 1403, 'distance': 1087.029186032391}",https://d31fr2pwly4c4s.cloudfront.net/2/2/3/2153280_6d3487d2_merauder-support-the-bread-shed-manchester_th.jpg,https://d31fr2pwly4c4s.cloudfront.net/2/2/3/2153280_6d3487d2_merauder-support-the-bread-shed-manchester.jpg,https://d31fr2pwly4c4s.cloudfront.net/2/2/3/2153280_6d3487d2_merauder-support-the-bread-shed-manchester_1024.jpg,https://d31fr2pwly4c4s.cloudfront.net/2/2/3/2153280_6d3487d2_merauder-support-the-bread-shed-manchester_1024.webp,https://www.skiddle.com/whats-on/Manchester/The-Bread-Shed/MERAUDER--support---The-Bread-Shed-Manchester/41611473/,2026-08-03,2026-08-03T19:00:00+00:00,2026-08-03T23:30:00+00:00,"MCHC presents

MERAUDER & SUPPORT

Hardcore/ Metal/ Death Metal/ Hardcore Punk and more","{'doorsopen': '19:00', 'doorsclose': '23:30', 'lastentry': '19:15'}",18,,0,0,True,"{'minPrice': 25, 'maxPrice': 25}",,public,,False,{'enabled': False},#f8f8f8,GBP,"[{'artistid': '123589815', 'name': 'Pest Control', 'image': 'https://d1mdxzfl9p8pzo.cloudfront.net/5/123589815_1_1024.jpg', 'spotifyartisturl': 'spotify:artist:06NrwSBss5Imv1Se0Hlv5Y'}]","[{'genreid': '27', 'name': 'Metal'}, {'genreid': '53', 'name': 'Punk'}, {'genreid': '123', 'name': 'Death Rock'}]",[]
42569994,2298697,False,HdmgDwDDn4,False,0,LIVE,Open Mic Night every Tuesday,0,,,,,"{'id': 133956, 'name': 'The Trading Route', 'address': '1 Goods Yard St', 'town': 'Manchester', 'postcode_lookup': 'Manchester', 'postcode': 'M3 3BG', 'region': 'Greater Manchester', 'country': 'GB', 'phone': '', 'latitude': 53.4785843, 'longitude': -2.2563368, 'type': 'bar', 'rating': 5, 'reviewCount': 3, 'distance': 751.6317244022927}",https://d31fr2pwly4c4s.cloudfront.net/f/0/e/2258961_96b87705_open-mic-night-every-tuesday_th.jpg,https://d31fr2pwly4c4s.cloudfront.net/f/0/e/2258961_96b87705_open-mic-night-every-tuesday.jpg,https://d31fr2pwly4c4s.cloudfront.net/f/0/e/2258961_96b87705_open-mic-night-every-tuesday_1024.jpg,https://d31fr2pwly4c4s.cloudfront.net/f/0/e/2258961_96b87705_open-mic-night-every-tuesday_1024.webp,https://www.skiddle.com/whats-on/Manchester/The-Trading-Route/Open-Mic-Night-every-Tuesday/42569994/,2026-08-04,2026-08-04T19:00:00+00:00,2026-08-04T23:00:00+00:00,Lo-Tide are coming to Trading Route to bring an all-new open mic night every Tuesday!,"{'doorsopen': '19:00', 'doorsclose': '23:00', 'lastentry': '23:00'}",18,,0,0,False,"{'minPrice': 25, 'maxPrice': 25}",,public,,False,{'enabled': False},,GBP,[],[],[]
42344358,2248485,False,2248485,False,0,LIVE,Gramps Morgan UK Tour,0,,,,,"{'id': 536, 'name': 'Band On The Wall', 'address': '25 Swan Street', 'town': 'Manchester', 'postcode_lookup': 'Manchester', 'postcode': 'M4 5JZ', 'region': 'Greater Manchester', 'country': 'GB', 'phone': '0161 834 1786', 'latitude': 53.485227, 'longitude': -2.234386, 'type': 'live', 'rating': 4, 'reviewCount': 1323, 'distance': 986.2450438131307}",https://d31fr2pwly4c4s.cloudfront.net/f/9/2/2248485_479f8b2a_gramps-morgan-uk-tour_th.jpg,https://d31fr2pwly4c4s.cloudfront.net/f/9/2/2248485_479f8b2a_gramps-morgan-uk-tour.jpg,https://d31fr2pwly4c4s.cloudfront.net/f/9/2/2248485_479f8b2a_gramps-morgan-uk-tour_1024.jpg,https://d31fr2pwly4c4s.cloudfront.net/f/9/2/2248485_479f8b2a_gramps-morgan-uk-tour_1024.webp,https://www.skiddle.com/whats-on/Manchester/Band-On-The-Wall/Gramps-Morgan-UK-Tour/42344358/,2026-08-06,2026-08-06T19:00:00+00:00,2026-08-06T23:00:00+00:00,"GRAMMY-winning Gramps Morgan brings country reggae to the UK with ""No Water In My Whisky"" Tour","{'doorsopen': '19:00', 'doorsclose': '23:00', 'lastentry': ''}",,,0,0,True,"{'minPrice': 25, 'maxPrice': 30}",,public,,False,{'enabled': False},#f8f8f8,GBP,"[{'artistid': '123517872', 'name': 'Morgan Heritage', 'image': 'https://d1mdxzfl9p8pzo.cloudfront.net/2/123517872_267.jpg', 'spotifyartisturl': 'spotify:artist:3VV18HyGcfLTqNjSjbROA1'}]","[{'genreid': '68', 'name': 'Reggae'}]",[]
42513135,2288305,False,2288305,False,0,LIVE,NXT GEN U16's @ Hindley Social Club,0,,,,,"{'id': 130180, 'name': 'Hindley Community Sports And Social Club', 'address': '2 Romford Street', 'town': 'Wigan', 'postcode_lookup': 'Wigan', 'postcode': 'WN2 3LW', 'region': 'Manchester', 'country': 'GB', 'phone': '', 'latitude': 53.534983, 'longitude': -2.5747929, 'type': 'Nightclub', 'rating': 4, 'reviewCount': 21, 'distance': 22680.342824801683}",https://d31fr2pwly4c4s.cloudfront.net/f/8/b/2288305_0db5b52b_nxt-gen-u16-s_th.jpg,https://d31fr2pwly4c4s.cloudfront.net/f/8/b/2288305_0db5b52b_nxt-gen-u16-s.jpg,https://d31fr2pwly4c4s.cloudfront.net/f/8/b/2288305_0db5b52b_nxt-gen-u16-s_1024.jpg,https://d31fr2pwly4c4s.cloudfront.net/f/8/b/2288305_0db5b52b_nxt-gen-u16-s_1024.webp,https://www.skiddle.com/whats-on/Wigan/Hindley-Community-Sports-And-Social-Club/NXT-GEN-U16s--Hindley-Social-Club/42513135/,2026-08-07,2026-08-07T18:00:00+00:00,2026-08-07T21:00:00+00:00,U16's Bounce event in Wigan.,"{'doorsopen': '18:00', 'doorsclose': '21:00', 'lastentry': ''}",,,0,0,True,"{'minPrice': 8, 'maxPrice': 15}",,public,,False,{'enabled': False},#080808,GBP,[],"[{'genreid': '114', 'name': 'Bounce'}]",[]
42394176,2256844,False,2256844,False,0,LIVE,Maunders At Freight Island,1,2026-07-03 11:51:37,cancelled,Automatic cancellation: All future dates in the event series have been cancelled,,"{'id': 121358, 'name': 'Freight Island', 'address': '11 Baring Street', 'town': 'Manchester', 'postcode_lookup': 'Manchester', 'postcode': 'M1 2PZ', 'region': 'Greater Manchester', 'country': 'GB', 'phone': '', 'latitude': 53.4751511, 'longitude': -2.2276473, 'type': 'Exhibition Centre', 'rating': 4, 'reviewCount': 1326, 'distance': 1225.508984469047}",https://d31fr2pwly4c4s.cloudfront.net/7/f/6/2256844_052b8734_maunders-at-freight-island_th.jpg,https://d31fr2pwly4c4s.cloudfront.net/7/f/6/2256844_052b8734_maunders-at-freight-island.jpg,https://d31fr2pwly4c4s.cloudfront.net/7/f/6/2256844_052b8734_maunders-at-freight-island_1024.jpg,https://d31fr2pwly4c4s.cloudfront.net/7/f/6/2256844_052b8734_maunders-at-freight-island_1024.webp,https://www.skiddle.com/whats-on/Manchester/Freight-Island/Maunders-At-Freight-Island/42394176/,2026-08-07,2026-08-07T18:30:00+00:00,2026-08-07T22:45:00+00:00,Maunders School of Popular Music's biggest gig of the year is back - our Summer Gig at Freight Island.,"{'doorsopen': '18:30', 'doorsclose': '22:45', 'lastentry': '19:00'}",,,0,0,False,"{'minPrice': 7, 'maxPrice': 7}",,public,,False,{'enabled': False},#080808,GBP,[],"[{'genreid': '5', 'name': 'Rock'}, {'genreid': '26', 'name': 'Indie'}, {'genreid': '27', 'name': 'Metal'}, {'genreid': '42', 'name': 'Acoustic'}, {'genreid': '46', 'name': 'Alternative'}]",[]
41582179,2146736,False,exSxR0RpkH,False,0,LIVE,"RnB, Hip Hop + Afrobeats 'Til Late",0,,,,,"{'id': 104602, 'name': 'The Blues Kitchen', 'address': '13 Quay Street', 'town': 'Manchester', 'postcode_lookup': 'Manchester', 'postcode': 'M3 3HN', 'region': 'Greater Manchester', 'country': 'GB', 'phone': '', 'latitude': 53.4782265, 'longitude': -2.2504397, 'type': 'bar', 'rating': 4, 'reviewCount': 319, 'distance': 370.10660406021236}",https://d31fr2pwly4c4s.cloudfront.net/8/5/8/1864957_568661a1_hip-hop-afrobeats-rnb-til-late_th.jpg,https://d31fr2pwly4c4s.cloudfront.net/8/5/8/1864957_568661a1_hip-hop-afrobeats-rnb-til-late.jpg,https://d31fr2pwly4c4s.cloudfront.net/8/5/8/1864957_568661a1_hip-hop-afrobeats-rnb-til-late_1024.jpg,https://d31fr2pwly4c4s.cloudfront.net/8/5/8/1864957_568661a1_hip-hop-afrobeats-rnb-til-late_1024.webp,https://www.skiddle.com/whats-on/Manchester/The-Blues-Kitchen/RnB-Hip-Hop--Afrobeats-Til-Late/41582179/,2026-08-07,2026-08-07T19:00:00+00:00,2026-08-08T03:00:00+00:00,"From Beyoncé to Drake, Burna Boy to Lauryn Hill - Manchester's finest artists bring a mix of old-school classics and new-school favourites.","{'doorsopen': '19:00', 'doorsclose': '03:00', 'lastentry': ''}",21,,0,0,True,"{'minPrice': 0, 'maxPrice': 0}",,public,,False,{'enabled': False},,GBP,[],"[{'genreid': '4', 'name': 'R&B'}, {'genreid': '39', 'name': 'Hip Hop'}, {'genreid': '95', 'name': 'Afrobeat'}]",[]
42439005,2268966,False,2268966,False,0,LIVE,The Sidiki Dembélé Ensemble ft. Yahael Onono,0,,,,,"{'id': 536, 'name': 'Band On The Wall', 'address': '25 Swan Street', 'town': 'Manchester', 'postcode_lookup': 'Manchester', 'postcode': 'M4 5JZ', 'region': 'Greater Manchester', 'country': 'GB', 'phone': '0161 834 1786', 'latitude': 53.485227, 'longitude': -2.234386, 'type': 'live', 'rating': 4, 'reviewCount': 1323, 'distance': 986.2450438131307}",https://d31fr2pwly4c4s.cloudfront.net/a/c/1/2268966_9b0211a6_the-sidiki-demb-l-ensemble-ft-yahael-onono_th.jpg,https://d31fr2pwly4c4s.cloudfront.net/a/c/1/2268966_9b0211a6_the-sidiki-demb-l-ensemble-ft-yahael-onono.jpg,https://d31fr2pwly4c4s.cloudfront.net/a/c/1/2268966_9b0211a6_the-sidiki-demb-l-ensemble-ft-yahael-onono_1024.jpg,https://d31fr2pwly4c4s.cloudfront.net/a/c/1/2268966_9b0211a6_the-sidiki-demb-l-ensemble-ft-yahael-onono_1024.webp,https://www.skiddle.com/whats-on/Manchester/Band-On-The-Wall/The-Sidiki-Dembl-Ensemble-ft-Yahael-Onono/42439005/,2026-08-07,2026-08-07T19:00:00+00:00,2026-08-07T22:00:00+00:00,W. African percussion x modern sonic textures,"{'doorsopen': '19:00', 'doorsclose': '22:00', 'lastentry': '19:30'}",10,,0,0,True,"{'minPrice': 23.5, 'maxPrice': 23.5}",,public,,False,{'enabled': False},#080808,GBP,"[{'artistid': '123589152', 'name': 'Sidiki Dembélé', 'image': 'https://d1mdxzfl9p8pzo.cloudfront.net/2/123589152_1_1024.jpg', 'spotifyartisturl': None}]","[{'genreid': '25', 'name': 'Jazz'}, {'genreid': '61', 'name': 'Electronic'}, {'genreid': '67', 'name': 'World Music'}]",[]
42482528,2278864,False,2278864,False,0,LIVE,Natural Selectors Sound System alongside Impressa Sound System,0,,,,,"{'id': 123304, 'name': 'Niamos', 'address': 'Chichester road', 'town': 'Manchester', 'postcode_lookup': 'Manchester', 'postcode': 'M15 5EU', 'region': 'Greater Manchester', 'country': 'GB', 'phone': '07497713378', 'latitude': 53.4642254, 'longitude': -2.2493977, 'type': 'Theatre', 'rating': 4, 'reviewCount': 476, 'distance': 1668.451609475099}",https://d31fr2pwly4c4s.cloudfront.net/f/d/2/2278864_81927036_Natural-Selectors-Sound-System-alongside-Impressa-Sound-System_th.jpg,https://d31fr2pwly4c4s.cloudfront.net/f/d/2/2278864_81927036_Natural-Selectors-Sound-System-alongside-Impressa-Sound-System.jpg,https://d31fr2pwly4c4s.cloudfront.net/f/d/2/2278864_81927036_Natural-Selectors-Sound-System-alongside-Impressa-Sound-System_1024.jpg,https://d31fr2pwly4c4s.cloudfront.net/f/d/2/2278864_81927036_Natural-Selectors-Sound-System-alongside-Impressa-Sound-System_1024.webp,https://www.skiddle.com/whats-on/Manchester/Niamos/Natural-Selectors-Sound-System-alongside-Impressa-Sound-System/42482528/,2026-08-07,2026-08-07T19:00:00+00:00,2026-08-08T01:00:00+00:00,Regular night of conscious roots reggae and dub dances ft guest sound systems and selectors from around the UK,"{'doorsopen': '19:00', 'doorsclose': '01:00', 'lastentry': '19:00'}",16,,0,0,True,"{'minPrice': 5, 'maxPrice': 7}",,public,,False,{'enabled': False},#38a898,GBP,[],"[{'genreid': '68', 'name': 'Reggae'}, {'genreid': '103', 'name': 'Dub'}]",[]
42574429,2300070,False,2300070,False,0,LIVE,The Red Stains - Sallow,0,,,,,"{'id': 132745, 'name': 'Holy Diver', 'address': '1 Princes Street', 'town': 'Stockport', 'postcode_lookup': 'Stockport', 'postcode': 'SK1 1SL', 'region': 'Manchester', 'country': 'GB', 'phone': '', 'latitude': 53.41117375, 'longitude': -2.16158853, 'type': 'live', 'rating': 4, 'reviewCount': 118, 'distance': 9348.609370065313}",https://d1plawd8huk6hh.cloudfront.net/assets/default400.png,https://d1plawd8huk6hh.cloudfront.net/assets/default400.png,https://d1plawd8huk6hh.cloudfront.net/assets/default400.png,False,https://www.skiddle.com/whats-on/Stockport/Holy-Diver/The-Red-Stains---Sallow/42574429/,2026-08-07,2026-08-07T19:00:00+00:00,2026-08-07T22:00:00+00:00,The Red Stains take to the Holy Diver stage This August with Support from the Incredible Sallow!,"{'doorsopen': '19:00', 'doorsclose': '22:00', 'lastentry': ''}",18,,0,0,True,"{'minPrice': 5, 'maxPrice': 5}",,public,,False,{'enabled': False},,GBP,"[{'artistid': '123571263', 'name': 'The Red Stains', 'image': 'https://d1mdxzfl9p8pzo.cloudfront.net/3/123571263_1_1024.jpg', 'spotifyartisturl': 'spotify:artist:18XRDM5NAu9nk3R7WhHBmq'}]","[{'genreid': '5', 'name': 'Rock'}]",[]
42585199,2302420,False,2302420,False,0,LIVE,facepalm Manchester Headline,0,,,,,"{'id': 74331, 'name': 'The Eagle Inn', 'address': '19 Collier Street', 'town': 'Salford', 'postcode_lookup': 'Manchester', 'postcode': 'M3 7DW', 'region': 'Greater Manchester', 'country': 'GB', 'phone': '0161 832 5204', 'latitude': 53.4872691, 'longitude': -2.2511735, 'type': 'live', 'rating': 4, 'reviewCount': 128, 'distance': 1006.1344139688835}",https://d31fr2pwly4c4s.cloudfront.net/4/4/1/2302420_12719729_facepalm-Manchester-Headline_th.jpg,https://d31fr2pwly4c4s.cloudfront.net/4/4/1/2302420_12719729_facepalm-Manchester-Headline.jpg,https://d31fr2pwly4c4s.cloudfront.net/4/4/1/2302420_12719729_facepalm-Manchester-Headline_1024.jpg,https://d31fr2pwly4c4s.cloudfront.net/4/4/1/2302420_12719729_facepalm-Manchester-Headline_1024.webp,https://www.skiddle.com/whats-on/Manchester/The-Eagle-Inn/facepalm-Manchester-Headline/42585199/,2026-08-07,2026-08-07T19:30:00+00:00,2026-08-07T22:30:00+00:00,"facepalm take over The Eagle Inn once again, this time joined by Blvckout and KEON","{'doorsopen': '19:30', 'doorsclose': '22:30', 'lastentry': '20:00'}",14,,0,0,True,"{'minPrice': 5, 'maxPrice': 5}",,public,,False,{'enabled': False},#081818,GBP,[],"[{'genreid': '46', 'name': 'Alternative'}, {'genreid': '83', 'name': '2000s'}, {'genreid': '84', 'name': 'Grunge'}, {'genreid': '130', 'name': 'Shoegaze'}]",[]
42415497,2262151,False,2262151,False,0,LIVE,Evil Blizzard / DJ Paul Black,0,,,,,"{'id': 113688, 'name': 'Golden Lion Todmorden', 'address': 'Fielden Square', 'town': 'Todmorden', 'postcode_lookup': 'Oldham', 'postcode': 'OL14 6LZ', 'region': 'Manchester', 'country': 'GB', 'phone': '01706 816333', 'latitude': 53.712184, 'longitude': -2.09868, 'type': 'live', 'rating': 4, 'reviewCount': 653, 'distance': 27668.489116000237}",https://d1plawd8huk6hh.cloudfront.net/assets/default400.png,https://d1plawd8huk6hh.cloudfront.net/assets/default400.png,https://d1plawd8huk6hh.cloudfront.net/assets/default400.png,False,https://www.skiddle.com/whats-on/Oldham/Golden-Lion-Todmorden/Evil-Blizzard--DJ-Paul-Black/42415497/,2026-08-07,2026-08-07T20:30:00+00:00,2026-08-07T23:00:00+00:00,"Evil Blizzard 
DJ Paul Black","{'doorsopen': '20:30', 'doorsclose': '23:00', 'lastentry': ''}",18,,0,0,True,"{'minPrice': 14, 'maxPrice': 16}",,public,,False,{'enabled': False},#d8d8d8,GBP,"[{'artistid': '123542523', 'name': 'Evil Blizzard', 'image': 'https://d1mdxzfl9p8pzo.cloudfront.net/3/123542523_1024.jpg', 'spotifyartisturl': 'spotify:artist:3s23MBM8H4AGJ7WBoBA4Bo'}]",[],[]
41582799,2146768,False,L7Al8FxrLL,False,0,LIVE,Manchester Got Soul: Live Music and DJs Til Late,0,,,,,"{'id': 104602, 'name': 'The Blues Kitchen', 'address': '13 Quay Street', 'town': 'Manchester', 'postcode_lookup': 'Manchester', 'postcode': 'M3 3HN', 'region': 'Greater Manchester', 'country': 'GB', 'phone': '', 'latitude': 53.4782265, 'longitude': -2.2504397, 'type': 'bar', 'rating': 4, 'reviewCount': 319, 'distance': 370.10660406021236}",https://d31fr2pwly4c4s.cloudfront.net/8/0/0/1884729_1bfbd26c_manchester-got-soul-live-music-and-djs-til-late_th.jpg,https://d31fr2pwly4c4s.cloudfront.net/8/0/0/1884729_1bfbd26c_manchester-got-soul-live-music-and-djs-til-late.jpg,https://d31fr2pwly4c4s.cloudfront.net/8/0/0/1884729_1bfbd26c_manchester-got-soul-live-music-and-djs-til-late_1024.jpg,https://d31fr2pwly4c4s.cloudfront.net/8/0/0/1884729_1bfbd26c_manchester-got-soul-live-music-and-djs-til-late_1024.webp,https://www.skiddle.com/whats-on/Manchester/The-Blues-Kitchen/Manchester-Got-Soul-Live-Music-and-DJs-Til-Late/41582799/,2026-08-08,2026-08-08T19:00:00+00:00,2026-08-09T03:00:00+00:00,Live music and DJs across both floors from 8pm to 3am.,"{'doorsopen': '19:00', 'doorsclose': '03:00', 'lastentry': ''}",18,,0,0,True,"{'minPrice': 0, 'maxPrice': 0}",,public,,False,{'enabled': False},,GBP,[],[],[]
42571133,2299255,False,2299255,False,0,LIVE,Steve Gunn,0,,,,,"{'id': 94728, 'name': 'YES Basement', 'address': '38 Charles Street', 'town': 'Manchester', 'postcode_lookup': 'Manchester', 'postcode': 'M1 7DB', 'region': 'Greater Manchester', 'country': 'GB', 'phone': '', 'latitude': 53.4741142, 'longitude': -2.2382036, 'type': 'Nightclub', 'rating': 4, 'reviewCount': 278, 'distance': 705.2971057897885}",https://d31fr2pwly4c4s.cloudfront.net/1/d/a/2299255_d7f986af_steve-gunn_th.jpg,https://d31fr2pwly4c4s.cloudfront.net/1/d/a/2299255_d7f986af_steve-gunn.jpg,https://d31fr2pwly4c4s.cloudfront.net/1/d/a/2299255_d7f986af_steve-gunn_1024.jpg,https://d31fr2pwly4c4s.cloudfront.net/1/d/a/2299255_d7f986af_steve-gunn_1024.webp,https://www.skiddle.com/whats-on/Manchester/YES-Basement/Steve-Gunn/42571133/,2026-08-08,2026-08-08T19:00:00+00:00,2026-08-08T23:00:00+00:00,Now Wave presents Steve Gunn at YES Basement on Saturday 8th August 2026,"{'doorsopen': '19:00', 'doorsclose': '23:00', 'lastentry': ''}",18,,0,0,True,"{'minPrice': 16.5, 'maxPrice': 16.5}",,public,,False,{'enabled': False},#181818,GBP,"[{'artistid': '123561958', 'name': 'Steve Gunn', 'image': 'https://d1plawd8huk6hh.cloudfront.net/assets/default400.png', 'spotifyartisturl': 'spotify:artist:7uLXW75DlTRahz2WKJZGeO'}]","[{'genreid': '26', 'name': 'Indie'}, {'genreid': '46', 'name': 'Alternative'}]",[]
42405261,2259419,False,2259419,False,0,LIVE,Ladysmith Black Mambazo,0,,,,,"{'id': 536, 'name': 'Band On The Wall', 'address': '25 Swan Street', 'town': 'Manchester', 'postcode_lookup': 'Manchester', 'postcode': 'M4 5JZ', 'region': 'Greater Manchester', 'country': 'GB', 'phone': '0161 834 1786', 'latitude': 53.485227, 'longitude': -2.234386, 'type': 'live', 'rating': 4, 'reviewCount': 1323, 'distance': 986.2450438131307}",https://d31fr2pwly4c4s.cloudfront.net/6/2/1/2259419_44d8c903_ladysmith-black-mambazo_th.jpg,https://d31fr2pwly4c4s.cloudfront.net/6/2/1/2259419_44d8c903_ladysmith-black-mambazo.jpg,https://d31fr2pwly4c4s.cloudfront.net/6/2/1/2259419_44d8c903_ladysmith-black-mambazo_1024.jpg,https://d31fr2pwly4c4s.cloudfront.net/6/2/1/2259419_44d8c903_ladysmith-black-mambazo_1024.webp,https://www.skiddle.com/whats-on/Manchester/Band-On-The-Wall/Ladysmith-Black-Mambazo/42405261/,2026-08-08,2026-08-08T19:00:00+00:00,2026-08-08T22:00:00+00:00,Celebrating 65 years of singing & songs from Graceland,"{'doorsopen': '19:00', 'doorsclose': '22:00', 'lastentry': '20:00'}",10,,0,0,True,"{'minPrice': 41.5, 'maxPrice': 41.5}",,public,,False,{'enabled': False},#d8d8d8,GBP,"[{'artistid': '123487104', 'name': 'Ladysmith Black Mambazo', 'image': 'https://d1mdxzfl9p8pzo.cloudfront.net/4/123487104_267.jpg', 'spotifyartisturl': 'spotify:artist:3FdLhnmXynPvZkbILPpB6d'}]","[{'genreid': '67', 'name': 'World Music'}]",[]
42323761,2242313,False,2242313,False,0,LIVE,Nico Harmony: 'Civilisation of Love' EP Launch + Guest DJs,0,,,,,"{'id': 78205, 'name': 'Eagle Inn', 'address': '18 Collier Street', 'town': 'Salford', 'postcode_lookup': 'Manchester', 'postcode': 'M3 7DW', 'region': 'Greater Manchester', 'country': 'GB', 'phone': '', 'latitude': 53.4872691, 'longitude': -2.2511735, 'type': 'live', 'rating': 4, 'reviewCount': 92, 'distance': 1006.1344139688835}",https://d31fr2pwly4c4s.cloudfront.net/7/a/f/2242313_4cdcec94_nico-harmony-civilisation-of-love-ep-launch-guest-djs_th.jpg,https://d31fr2pwly4c4s.cloudfront.net/7/a/f/2242313_4cdcec94_nico-harmony-civilisation-of-love-ep-launch-guest-djs.jpg,https://d31fr2pwly4c4s.cloudfront.net/7/a/f/2242313_4cdcec94_nico-harmony-civilisation-of-love-ep-launch-guest-djs_1024.jpg,https://d31fr2pwly4c4s.cloudfront.net/7/a/f/2242313_4cdcec94_nico-harmony-civilisation-of-love-ep-launch-guest-djs_1024.webp,https://www.skiddle.com/whats-on/Manchester/Eagle-Inn/Nico-Harmony-Civilisation-of-Love-EP-Launch--Guest-DJs/42323761/,2026-08-08,2026-08-08T19:00:00+00:00,2026-08-09T02:00:00+00:00,"An intimate night of live psych-folk, jazz and reggae. Full live band followed by dub rarities from special guest DJs till late.
Limited 80 capacity.","{'doorsopen': '19:00', 'doorsclose': '02:00', 'lastentry': '20:30'}",,,0,0,True,"{'minPrice': 5, 'maxPrice': 12}",,public,,False,{'enabled': False},#181818,GBP,[],"[{'genreid': '25', 'name': 'Jazz'}, {'genreid': '44', 'name': 'Folk'}, {'genreid': '67', 'name': 'World Music'}, {'genreid': '68', 'name': 'Reggae'}, {'genreid': '126', 'name': 'Alternative Pop'}]",[]
42426847,2264645,False,2264645,False,0,LIVE,Freight - Manchester,0,,,,,"{'id': 11705, 'name': 'The Deaf Institute', 'address': '135 Grosvenor Street', 'town': 'Manchester', 'postcode_lookup': 'Manchester', 'postcode': 'M1 7HE', 'region': 'Greater Manchester', 'country': 'GB', 'phone': '0161 276 9350', 'latitude': 53.470281, 'longitude': -2.236581, 'type': 'live', 'rating': 4, 'reviewCount': 2244, 'distance': 1118.2106814852134}",https://d31fr2pwly4c4s.cloudfront.net/4/0/1/2264645_ac42d76d_freight-manchester_th.jpg,https://d31fr2pwly4c4s.cloudfront.net/4/0/1/2264645_ac42d76d_freight-manchester.jpg,https://d31fr2pwly4c4s.cloudfront.net/4/0/1/2264645_ac42d76d_freight-manchester_1024.jpg,https://d31fr2pwly4c4s.cloudfront.net/4/0/1/2264645_ac42d76d_freight-manchester_1024.webp,https://www.skiddle.com/whats-on/Manchester/The-Deaf-Institute/Freight---Manchester/42426847/,2026-08-08,2026-08-08T19:00:00+00:00,2026-08-08T22:00:00+00:00,"""If you're going to see the emergence of a new great band you'll see them at This Feeling first."" Carl Barat","{'doorsopen': '19:00', 'doorsclose': '22:00', 'lastentry': ''}",14,,0,0,True,"{'minPrice': 12, 'maxPrice': 12}",,public,,False,{'enabled': False},#c8d8d8,GBP,[],"[{'genreid': '26', 'name': 'Indie'}, {'genreid': '46', 'name': 'Alternative'}, {'genreid': '86', 'name': 'Nu Indie'}, {'genreid': '98', 'name': 'Indie Pop'}]",[]
42560780,2296245,False,2296245,False,0,LIVE,An evening w/ Jimi Goodwin (doves) hosted by Guy Garvey (Elbow),0,,,,,"{'id': 110277, 'name': 'Northenden Players Theatre', 'address': 'Old Library Building, 20 Church Road', 'town': 'Manchester', 'postcode_lookup': 'Manchester', 'postcode': 'M22 4WL', 'region': 'Greater Manchester', 'country': 'GB', 'phone': '', 'latitude': 53.4070199, 'longitude': -2.2585374, 'type': 'Theatre', 'rating': 4, 'reviewCount': 9, 'distance': 8053.8962748150925}",https://d1plawd8huk6hh.cloudfront.net/assets/default400.png,https://d1plawd8huk6hh.cloudfront.net/assets/default400.png,https://d1plawd8huk6hh.cloudfront.net/assets/default400.png,False,https://www.skiddle.com/whats-on/Manchester/Northenden-Players-Theatre/An-evening-w-Jimi-Goodwin-doves-hosted-by-Guy-Garvey-Elbow/42560780/,2026-08-08,2026-08-08T19:00:00+00:00,2026-08-08T21:00:00+00:00,FOR THE PEOPLE FESTIVAL NORTHENDEN now in its 4th year kicks off a series of August events with this gem!,"{'doorsopen': '19:00', 'doorsclose': '21:00', 'lastentry': ''}",16,,0,0,True,"{'minPrice': 20, 'maxPrice': 20}",,public,,False,{'enabled': False},,GBP,"[{'artistid': '806084', 'name': 'Doves', 'image': 'https://d1mdxzfl9p8pzo.cloudfront.net/4/806084_1_1024.jpg', 'spotifyartisturl': 'spotify:artist:0LVrQUinPUBFvVD5pLqmWY'}, {'artistid': '123530594', 'name': 'Jimi Goodwin', 'image': 'https://d1mdxzfl9p8pzo.cloudfront.net/4/123530594_1_267.jpg', 'spotifyartisturl': 'spotify:artist:7GiV8WIq0NV4QI4IMKNzJv'}]","[{'genreid': '26', 'name': 'Indie'}]",[]
42486626,2280522,False,2280522,False,0,LIVE,Roundhouse Rocks,0,,,,,"{'id': 17132, 'name': 'The Roundhouse', 'address': 'Kenton Close, ', 'town': 'Bolton', 'postcode_lookup': 'Bolton', 'postcode': 'BL1 3TZ', 'region': 'Manchester', 'country': 'GB', 'phone': '01204 528323', 'latitude': 53.589724, 'longitude': -2.439392, 'type': 'live', 'rating': 4, 'reviewCount': 204, 'distance': 17794.03624966944}",https://d31fr2pwly4c4s.cloudfront.net/4/c/9/2280522_f592d180_roundhouse-rocks-_th.jpg,https://d31fr2pwly4c4s.cloudfront.net/4/c/9/2280522_f592d180_roundhouse-rocks-.jpg,https://d31fr2pwly4c4s.cloudfront.net/4/c/9/2280522_f592d180_roundhouse-rocks-_1024.jpg,https://d31fr2pwly4c4s.cloudfront.net/4/c/9/2280522_f592d180_roundhouse-rocks-_1024.webp,https://www.skiddle.com/whats-on/Bolton/The-Roundhouse/Roundhouse-Rocks/42486626/,2026-08-08,2026-08-08T20:00:00+00:00,2026-08-08T23:00:00+00:00,"Three great local bands play at The Roundhouse on 8th Aug 2026
The Velvetines
Pull the Pin
Rusty Strings and the Bone Shakers","{'doorsopen': '20:00', 'doorsclose': '23:00', 'lastentry': ''}",,,0,0,True,"{'minPrice': 10, 'maxPrice': 10}",,public,,False,{'enabled': False},#080808,GBP,[],"[{'genreid': '5', 'name': 'Rock'}, {'genreid': '26', 'name': 'Indie'}]",[]
42534139,2293873,False,2293873,False,0,LIVE,Plastic Plant,0,,,,,"{'id': 34220, 'name': 'Night And Day Cafe', 'address': '26 Oldham Street', 'town': 'Manchester', 'postcode_lookup': 'Manchester', 'postcode': 'M1 1JN', 'region': 'Greater Manchester', 'country': 'GB', 'phone': '0161 236 1822', 'latitude': 53.482742, 'longitude': -2.235254, 'type': 'live', 'rating': 4, 'reviewCount': 435, 'distance': 767.4852170142402}",https://d31fr2pwly4c4s.cloudfront.net/8/d/4/2293873_07bdaad8_plastic-plant_th.jpg,https://d31fr2pwly4c4s.cloudfront.net/8/d/4/2293873_07bdaad8_plastic-plant.jpg,https://d31fr2pwly4c4s.cloudfront.net/8/d/4/2293873_07bdaad8_plastic-plant_1024.jpg,https://d31fr2pwly4c4s.cloudfront.net/8/d/4/2293873_07bdaad8_plastic-plant_1024.webp,https://www.skiddle.com/whats-on/Manchester/Night-And-Day-Cafe/Plastic-Plant/42534139/,2026-08-09,2026-08-09T19:30:00+00:00,2026-08-09T23:00:00+00:00,"Sun 09 Aug - 7:30 pm
Plastic Plant
+ Guests
£8 adv","{'doorsopen': '19:30', 'doorsclose': '23:00', 'lastentry': ''}",18,,0,0,True,"{'minPrice': 8, 'maxPrice': 8}",,public,,False,{'enabled': False},#080808,GBP,[],[],[]
42569995,2298698,False,HdmgDwDDn4,False,0,LIVE,Open Mic Night every Tuesday,0,,,,,"{'id': 133956, 'name': 'The Trading Route', 'address': '1 Goods Yard St', 'town': 'Manchester', 'postcode_lookup': 'Manchester', 'postcode': 'M3 3BG', 'region': 'Greater Manchester', 'country': 'GB', 'phone': '', 'latitude': 53.4785843, 'longitude': -2.2563368, 'type': 'bar', 'rating': 5, 'reviewCount': 3, 'distance': 751.6317244022927}",https://d31fr2pwly4c4s.cloudfront.net/c/2/9/2258961_96b87705_open-mic-night-every-tuesday_th.jpg,https://d31fr2pwly4c4s.cloudfront.net/c/2/9/2258961_96b87705_open-mic-night-every-tuesday.jpg,https://d31fr2pwly4c4s.cloudfront.net/c/2/9/2258961_96b87705_open-mic-night-every-tuesday_1024.jpg,https://d31fr2pwly4c4s.cloudfront.net/c/2/9/2258961_96b87705_open-mic-night-every-tuesday_1024.webp,https://www.skiddle.com/whats-on/Manchester/The-Trading-Route/Open-Mic-Night-every-Tuesday/42569995/,2026-08-11,2026-08-11T19:00:00+00:00,2026-08-11T23:00:00+00:00,Lo-Tide are coming to Trading Route to bring an all-new open mic night every Tuesday!,"{'doorsopen': '19:00', 'doorsclose': '23:00', 'lastentry': '23:00'}",18,,0,0,False,"{'minPrice': 8, 'maxPrice': 8}",,public,,False,{'enabled': False},,GBP,[],[],[]
42512643,2288139,False,2288139,False,0,LIVE,Chetham's International Piano Summer School 2026,0,,,,,"{'id': 90149, 'name': 'Stoller Hall ', 'address': '8 Hunts Bank Approach', 'town': 'Manchester', 'postcode_lookup': 'Manchester', 'postcode': 'M3 1DA', 'region': 'Greater Manchester', 'country': 'GB', 'phone': '0333 130 0967', 'latitude': 53.487177, 'longitude': -2.243228, 'type': 'live', 'rating': 4, 'reviewCount': 24, 'distance': 916.7686370280933}",https://d31fr2pwly4c4s.cloudfront.net/0/b/a/2288139_779d31ce_chetham-s-international-piano-summer-school-2026_th.jpg,https://d31fr2pwly4c4s.cloudfront.net/0/b/a/2288139_779d31ce_chetham-s-international-piano-summer-school-2026.jpg,https://d31fr2pwly4c4s.cloudfront.net/0/b/a/2288139_779d31ce_chetham-s-international-piano-summer-school-2026_1024.jpg,https://d31fr2pwly4c4s.cloudfront.net/0/b/a/2288139_779d31ce_chetham-s-international-piano-summer-school-2026_1024.webp,https://www.skiddle.com/whats-on/Manchester/Stoller-Hall-/Chethams-International-Piano-Summer-School-2026/42512643/,2026-08-12,2026-08-12T13:45:00+00:00,2026-08-21T20:30:00+00:00,"Ten days of brilliant piano concerts from world-class performers, held right in the heart of Manchester.","{'doorsopen': '13:45', 'doorsclose': '20:30', 'lastentry': ''}",,,0,0,False,"{'minPrice': 8, 'maxPrice': 8}",22.50,public,,False,{'enabled': False},#080808,GBP,[],"[{'genreid': '37', 'name': 'Classical'}]",[]
42564454,2297050,False,2297050,False,0,LIVE,Arms & Hearts / Goodbye Viking / We Are The Weirdos / Elwood,0,,,,,"{'id': 140290, 'name': ""Gulliver's"", 'address': '109 Oldham St, Manchester M4 1LW, United Kingdom', 'town': 'Manchester', 'postcode_lookup': 'Manchester', 'postcode': 'M4 1LW', 'region': 'Greater Manchester', 'country': 'GB', 'phone': '', 'latitude': 53.4839047, 'longitude': -2.2339435, 'type': 'live', 'rating': 0, 'reviewCount': 0, 'distance': 912.5157356837616}",https://d1plawd8huk6hh.cloudfront.net/assets/default400.png,https://d1plawd8huk6hh.cloudfront.net/assets/default400.png,https://d1plawd8huk6hh.cloudfront.net/assets/default400.png,False,https://www.skiddle.com/whats-on/Manchester/Gulliver%27s/Arms--Hearts--Goodbye-Viking--We-Are-The-Weirdos--Elwood/42564454/,2026-08-13,2026-08-13T19:00:00+00:00,2026-08-14T01:00:00+00:00,"Live, August 13th at Gulliver's in Manchester!","{'doorsopen': '19:00', 'doorsclose': '01:00', 'lastentry': '19:30'}",18,,0,0,True,"{'minPrice': 10, 'maxPrice': 10}",,public,,False,{'enabled': False},#086808,GBP,"[{'artistid': '123604408', 'name': 'we are the weirdos', 'image': 'https://d1mdxzfl9p8pzo.cloudfront.net/8/123604408_ed642f49_1024.jpg', 'spotifyartisturl': 'spotify:artist:0aQYICqOoKzFoPPXcOBqHQ'}, {'artistid': '123625508', 'name': 'Goodbye Viking', 'image': 'https://d1mdxzfl9p8pzo.cloudfront.net/8/123625508_1_1024.jpg', 'spotifyartisturl': 'spotify:artist:7K7VhG1AfONFXogtue1GPp'}]","[{'genreid': '41', 'name': 'Ska'}, {'genreid': '53', 'name': 'Punk'}, {'genreid': '88', 'name': 'Emo'}, {'genreid': '113', 'name': 'Pop Punk'}]",[]
42574325,2299989,False,2299989,False,0,LIVE,Last Race Home,0,,,,,"{'id': 130775, 'name': 'The Copper Bar (Band On The Wall)', 'address': '25 Swan Street', 'town': 'Manchester', 'postcode_lookup': 'Manchester', 'postcode': 'M4 5JZ', 'region': 'Greater Manchester', 'country': 'GB', 'phone': '', 'latitude': 53.4852227, 'longitude': -2.2343828, 'type': 'live', 'rating': 4, 'reviewCount': 6, 'distance': 986.0582866229952}",https://d31fr2pwly4c4s.cloudfront.net/9/5/f/2299989_5fa57199_last-race-home_th.jpg,https://d31fr2pwly4c4s.cloudfront.net/9/5/f/2299989_5fa57199_last-race-home.jpg,https://d31fr2pwly4c4s.cloudfront.net/9/5/f/2299989_5fa57199_last-race-home_1024.jpg,https://d31fr2pwly4c4s.cloudfront.net/9/5/f/2299989_5fa57199_last-race-home_1024.webp,https://www.skiddle.com/whats-on/Manchester/The-Copper-Bar-%28Band-On-The-Wall%29/Last-Race-Home/42574325/,2026-08-13,2026-08-13T20:00:00+00:00,2026-08-13T23:00:00+00:00,Last Race Home playing Live at Band on The Wall with support from Black Velvet.,"{'doorsopen': '20:00', 'doorsclose': '23:00', 'lastentry': '20:30'}",18,,0,0,True,"{'minPrice': 10, 'maxPrice': 10}",,public,,False,{'enabled': False},#f8e8e8,GBP,"[{'artistid': '123553029', 'name': 'Last Race Home', 'image': 'https://d1plawd8huk6hh.cloudfront.net/assets/default400.png', 'spotifyartisturl': 'spotify:artist:4Uj5J13iEngtGTpZp2POwT'}]","[{'genreid': '20', 'name': 'Pop'}, {'genreid': '42', 'name': 'Acoustic'}, {'genreid': '44', 'name': 'Folk'}, {'genreid': '46', 'name': 'Alternative'}, {'genreid': '98', 'name': 'Indie Pop'}]",[]
41582180,2146737,False,exSxR0RpkH,False,0,LIVE,"RnB, Hip Hop + Afrobeats 'Til Late",0,,,,,"{'id': 104602, 'name': 'The Blues Kitchen', 'address': '13 Quay Street', 'town': 'Manchester', 'postcode_lookup': 'Manchester', 'postcode': 'M3 3HN', 'region': 'Greater Manchester', 'country': 'GB', 'phone': '', 'latitude': 53.4782265, 'longitude': -2.2504397, 'type': 'bar', 'rating': 4, 'reviewCount': 319, 'distance': 370.10660406021236}",https://d31fr2pwly4c4s.cloudfront.net/d/8/9/1864957_568661a1_hip-hop-afrobeats-rnb-til-late_th.jpg,https://d31fr2pwly4c4s.cloudfront.net/d/8/9/1864957_568661a1_hip-hop-afrobeats-rnb-til-late.jpg,https://d31fr2pwly4c4s.cloudfront.net/d/8/9/1864957_568661a1_hip-hop-afrobeats-rnb-til-late_1024.jpg,https://d31fr2pwly4c4s.cloudfront.net/d/8/9/1864957_568661a1_hip-hop-afrobeats-rnb-til-late_1024.webp,https://www.skiddle.com/whats-on/Manchester/The-Blues-Kitchen/RnB-Hip-Hop--Afrobeats-Til-Late/41582180/,2026-08-14,2026-08-14T19:00:00+00:00,2026-08-15T03:00:00+00:00,"From Beyoncé to Drake, Burna Boy to Lauryn Hill - Manchester's finest artists bring a mix of old-school classics and new-school favourites.","{'doorsopen': '19:00', 'doorsclose': '03:00', 'lastentry': ''}",21,,0,0,True,"{'minPrice': 0, 'maxPrice': 0}",,public,,False,{'enabled': False},,GBP,[],"[{'genreid': '4', 'name': 'R&B'}, {'genreid': '39', 'name': 'Hip Hop'}, {'genreid': '95', 'name': 'Afrobeat'}]",[]
42457516,2271515,False,2271515,False,0,LIVE,Unit 17 - Manchester,0,,,,,"{'id': 11705, 'name': 'The Deaf Institute', 'address': '135 Grosvenor Street', 'town': 'Manchester', 'postcode_lookup': 'Manchester', 'postcode': 'M1 7HE', 'region': 'Greater Manchester', 'country': 'GB', 'phone': '0161 276 9350', 'latitude': 53.470281, 'longitude': -2.236581, 'type': 'live', 'rating': 4, 'reviewCount': 2244, 'distance': 1118.2106814852134}",https://d31fr2pwly4c4s.cloudfront.net/d/b/9/2271515_7c90fa4c_unit-17-manchester_th.jpg,https://d31fr2pwly4c4s.cloudfront.net/d/b/9/2271515_7c90fa4c_unit-17-manchester.jpg,https://d31fr2pwly4c4s.cloudfront.net/d/b/9/2271515_7c90fa4c_unit-17-manchester_1024.jpg,https://d31fr2pwly4c4s.cloudfront.net/d/b/9/2271515_7c90fa4c_unit-17-manchester_1024.webp,https://www.skiddle.com/whats-on/Manchester/The-Deaf-Institute/Unit-17---Manchester/42457516/,2026-08-14,2026-08-14T19:00:00+00:00,2026-08-14T22:00:00+00:00,"""If you're going to see the emergence of a new great band you'll see them at This Feeling first."" Carl Barat","{'doorsopen': '19:00', 'doorsclose': '22:00', 'lastentry': ''}",14,,0,0,True,"{'minPrice': 12, 'maxPrice': 12}",,public,,False,{'enabled': False},#080808,GBP,[],"[{'genreid': '26', 'name': 'Indie'}, {'genreid': '46', 'name': 'Alternative'}, {'genreid': '86', 'name': 'Nu Indie'}, {'genreid': '98', 'name': 'Indie Pop'}]",[]
42514979,2289238,False,2289238,False,0,LIVE,Simple Plan UK,0,,,,,"{'id': 132745, 'name': 'Holy Diver', 'address': '1 Princes Street', 'town': 'Stockport', 'postcode_lookup': 'Stockport', 'postcode': 'SK1 1SL', 'region': 'Manchester', 'country': 'GB', 'phone': '', 'latitude': 53.41117375, 'longitude': -2.16158853, 'type': 'live', 'rating': 4, 'reviewCount': 118, 'distance': 9348.609370065313}",https://d31fr2pwly4c4s.cloudfront.net/8/d/d/2289238_fffdb100_simple-plan-uk_th.jpg,https://d31fr2pwly4c4s.cloudfront.net/8/d/d/2289238_fffdb100_simple-plan-uk.jpg,https://d31fr2pwly4c4s.cloudfront.net/8/d/d/2289238_fffdb100_simple-plan-uk_1024.jpg,https://d31fr2pwly4c4s.cloudfront.net/8/d/d/2289238_fffdb100_simple-plan-uk_1024.webp,https://www.skiddle.com/whats-on/Stockport/Holy-Diver/Simple-Plan-UK/42514979/,2026-08-14,2026-08-14T19:00:00+00:00,2026-08-14T22:30:00+00:00,"Pop Punk Rockers, the UK's best and only tribute to '90s legends Simple Plan, take to The Holy Diver Stage this August!","{'doorsopen': '19:00', 'doorsclose': '22:30', 'lastentry': ''}",18,,0,0,True,"{'minPrice': 8, 'maxPrice': 8}",,public,,False,{'enabled': False},#b83828,GBP,[],"[{'genreid': '5', 'name': 'Rock'}, {'genreid': '113', 'name': 'Pop Punk'}]",[]
42413179,2261570,False,2261570,False,0,LIVE,Wigan rocks with Dirty DC,0,,,,,"{'id': 134610, 'name': 'The Edge Wigan', 'address': 'The Edge', 'town': 'Wigan', 'postcode_lookup': 'Wigan', 'postcode': 'WN3 5AB', 'region': 'Manchester', 'country': 'GB', 'phone': '', 'latitude': 53.5405383, 'longitude': -2.6423186, 'type': 'Exhibition Centre', 'rating': 1, 'reviewCount': 1, 'distance': 27149.566861575266}",https://d31fr2pwly4c4s.cloudfront.net/a/2/2/2261570_99b7c56f_wigan-rocks-with-dirty-dc_th.jpg,https://d31fr2pwly4c4s.cloudfront.net/a/2/2/2261570_99b7c56f_wigan-rocks-with-dirty-dc.jpg,https://d31fr2pwly4c4s.cloudfront.net/a/2/2/2261570_99b7c56f_wigan-rocks-with-dirty-dc_1024.jpg,https://d31fr2pwly4c4s.cloudfront.net/a/2/2/2261570_99b7c56f_wigan-rocks-with-dirty-dc_1024.webp,https://www.skiddle.com/whats-on/Wigan/The-Edge-Wigan/Wigan-rocks-with-Dirty-DC/42413179/,2026-08-14,2026-08-14T19:00:00+00:00,2026-08-14T23:00:00+00:00,"Every visual detail has been fine tuned from the wall of Marshalls to Angus's footwear, but most importantly the music you expect...ROCK!","{'doorsopen': '19:00', 'doorsclose': '23:00', 'lastentry': '19:30'}",18,,0,0,True,"{'minPrice': 28.5, 'maxPrice': 28.5}",,public,,False,{'enabled': False},#080808,GBP,"[{'artistid': '123549240', 'name': 'Dirty DC', 'image': 'https://d1mdxzfl9p8pzo.cloudfront.net/0/123549240_1_1024.jpg', 'spotifyartisturl': None}]","[{'genreid': '48', 'name': 'Covers Band/Tribute Act'}, {'genreid': '62', 'name': '1980s'}, {'genreid': '64', 'name': '1970s'}, {'genreid': '107', 'name': 'Pop Rock'}, {'genreid': '124', 'name': 'Hard Rock'}]",[]
41582800,2146769,False,L7Al8FxrLL,False,0,LIVE,Manchester Got Soul: Live Music and DJs Til Late,0,,,,,"{'id': 104602, 'name': 'The Blues Kitchen', 'address': '13 Quay Street', 'town': 'Manchester', 'postcode_lookup': 'Manchester', 'postcode': 'M3 3HN', 'region': 'Greater Manchester', 'country': 'GB', 'phone': '', 'latitude': 53.4782265, 'longitude': -2.2504397, 'type': 'bar', 'rating': 4, 'reviewCount': 319, 'distance': 370.10660406021236}",https://d31fr2pwly4c4s.cloudfront.net/0/f/1/1884729_1bfbd26c_manchester-got-soul-live-music-and-djs-til-late_th.jpg,https://d31fr2pwly4c4s.cloudfront.net/0/f/1/1884729_1bfbd26c_manchester-got-soul-live-music-and-djs-til-late.jpg,https://d31fr2pwly4c4s.cloudfront.net/0/f/1/1884729_1bfbd26c_manchester-got-soul-live-music-and-djs-til-late_1024.jpg,https://d31fr2pwly4c4s.cloudfront.net/0/f/1/1884729_1bfbd26c_manchester-got-soul-live-music-and-djs-til-late_1024.webp,https://www.skiddle.com/whats-on/Manchester/The-Blues-Kitchen/Manchester-Got-Soul-Live-Music-and-DJs-Til-Late/41582800/,2026-08-15,2026-08-15T19:00:00+00:00,2026-08-16T03:00:00+00:00,Live music and DJs across both floors from 8pm to 3am.,"{'doorsopen': '19:00', 'doorsclose': '03:00', 'lastentry': ''}",18,,0,0,True,"{'minPrice': 0, 'maxPrice': 0}",,public,,False,{'enabled': False},,GBP,[],[],[]
42370421,2254569,False,2254569,False,0,LIVE,The Panamas,0,,,,,"{'id': 18076, 'name': 'SOUP', 'address': '31-33 Spear Street', 'town': 'Manchester', 'postcode_lookup': 'Manchester', 'postcode': 'M1 1DF', 'region': 'Greater Manchester', 'country': 'GB', 'phone': '', 'latitude': 53.482797, 'longitude': -2.234651, 'type': 'bar', 'rating': 4, 'reviewCount': 894, 'distance': 804.4966849409441}",https://d31fr2pwly4c4s.cloudfront.net/a/8/e/2254569_25640276_The-Panamas_th.jpg,https://d31fr2pwly4c4s.cloudfront.net/a/8/e/2254569_25640276_The-Panamas.jpg,https://d31fr2pwly4c4s.cloudfront.net/a/8/e/2254569_25640276_The-Panamas_1024.jpg,https://d31fr2pwly4c4s.cloudfront.net/a/8/e/2254569_25640276_The-Panamas_1024.webp,https://www.skiddle.com/whats-on/Manchester/SOUP/The-Panamas/42370421/,2026-08-15,2026-08-15T19:00:00+00:00,2026-08-15T22:00:00+00:00,"The Panamas @ SOUP
+ Special Guests","{'doorsopen': '19:00', 'doorsclose': '22:00', 'lastentry': ''}",18,,0,0,True,"{'minPrice': 10, 'maxPrice': 10}",,public,,False,{'enabled': False},#181808,GBP,"[{'artistid': '123563825', 'name': 'The Panamas', 'image': 'https://d1plawd8huk6hh.cloudfront.net/assets/default400.png', 'spotifyartisturl': 'spotify:artist:2o2xNSissua5cD6hhPzgyc'}]","[{'genreid': '26', 'name': 'Indie'}, {'genreid': '98', 'name': 'Indie Pop'}]",[]
42579127,2300749,False,2300749,False,0,LIVE,Prayers Electric - EP Launch,0,,,,,"{'id': 72249, 'name': 'Stage And Radio', 'address': '43 Port Street', 'town': 'Manchester', 'postcode_lookup': 'Manchester', 'postcode': 'M1 2EQ', 'region': 'Greater Manchester', 'country': 'GB', 'phone': '', 'latitude': 53.482184, 'longitude': -2.231804, 'type': 'Nightclub', 'rating': 4, 'reviewCount': 736, 'distance': 942.2441505003302}",https://d31fr2pwly4c4s.cloudfront.net/3/9/c/2300749_83bdb6ce_prayers-electric-ep-launch_th.jpg,https://d31fr2pwly4c4s.cloudfront.net/3/9/c/2300749_83bdb6ce_prayers-electric-ep-launch.jpg,https://d31fr2pwly4c4s.cloudfront.net/3/9/c/2300749_83bdb6ce_prayers-electric-ep-launch_1024.jpg,https://d31fr2pwly4c4s.cloudfront.net/3/9/c/2300749_83bdb6ce_prayers-electric-ep-launch_1024.webp,https://www.skiddle.com/whats-on/Manchester/Stage-And-Radio/Prayers-Electric---EP-Launch/42579127/,2026-08-15,2026-08-15T19:00:00+00:00,2026-08-15T22:00:00+00:00,"Manchester fuzzy alt-rock two-piece Prayers Electric launch ""Going Round Again"" at Stage & Radio. 
support TBA
New single/video 'Eyeballs' out now","{'doorsopen': '19:00', 'doorsclose': '22:00', 'lastentry': '19:30'}",18,,0,0,True,"{'minPrice': 8, 'maxPrice': 8}",,public,,False,{'enabled': False},#080808,GBP,"[{'artistid': '123602825', 'name': 'Prayers Electric', 'image': 'https://d1mdxzfl9p8pzo.cloudfront.net/5/123602825_727ae3ed_1024.jpg', 'spotifyartisturl': 'spotify:artist:0X5CXsoyJe9jGKFWFlEn0L'}]","[{'genreid': '5', 'name': 'Rock'}, {'genreid': '26', 'name': 'Indie'}, {'genreid': '46', 'name': 'Alternative'}, {'genreid': '53', 'name': 'Punk'}, {'genreid': '84', 'name': 'Grunge'}]",[]
42560691,2296212,False,2296212,False,0,LIVE,The Lavellles - Manchester,0,,,,,"{'id': 97652, 'name': 'Off The Square', 'address': ' 65-67, Lever Street Manchester, M1 1FL', 'town': 'Manchester', 'postcode_lookup': 'Manchester', 'postcode': 'M1 1FL', 'region': 'Greater Manchester', 'country': 'GB', 'phone': '', 'latitude': 53.4836446, 'longitude': -2.2323615, 'type': 'Nightclub', 'rating': 4, 'reviewCount': 955, 'distance': 982.9088070224097}",https://d31fr2pwly4c4s.cloudfront.net/5/b/d/2296212_af56f349_the-lavellles-manchester_th.jpg,https://d31fr2pwly4c4s.cloudfront.net/5/b/d/2296212_af56f349_the-lavellles-manchester.jpg,https://d31fr2pwly4c4s.cloudfront.net/5/b/d/2296212_af56f349_the-lavellles-manchester_1024.jpg,https://d31fr2pwly4c4s.cloudfront.net/5/b/d/2296212_af56f349_the-lavellles-manchester_1024.webp,https://www.skiddle.com/whats-on/Manchester/Off-The-Square/The-Lavellles---Manchester/42560691/,2026-08-15,2026-08-15T19:00:00+00:00,2026-08-15T22:00:00+00:00,"""If you're going to see the emergence of a new great band you'll see them at This Feeling first."" Carl Barat","{'doorsopen': '19:00', 'doorsclose': '22:00', 'lastentry': ''}",18,,0,0,True,"{'minPrice': 10, 'maxPrice': 10}",,public,,False,{'enabled': False},#f8f8f8,GBP,[],"[{'genreid': '26', 'name': 'Indie'}, {'genreid': '46', 'name': 'Alternative'}, {'genreid': '86', 'name': 'Nu Indie'}, {'genreid': '98', 'name': 'Indie Pop'}]",[]
42509970,2286921,False,2286921,False,0,LIVE,ABBA Tribute Band Sensation,0,,,,,"{'id': 126749, 'name': 'The Victoria Hall, Bolton', 'address': 'Knowsley Street', 'town': 'Bolton', 'postcode_lookup': 'Bolton', 'postcode': 'BL1 2AS', 'region': 'Manchester', 'country': 'GB', 'phone': '', 'latitude': 53.5807426, 'longitude': -2.43109, 'type': 'Other', 'rating': 3, 'reviewCount': 24, 'distance': 16711.35544533953}",https://d31fr2pwly4c4s.cloudfront.net/e/e/8/2286921_23499800_ABBA-Tribute-Band-Sensation_th.jpg,https://d31fr2pwly4c4s.cloudfront.net/e/e/8/2286921_23499800_ABBA-Tribute-Band-Sensation.jpg,https://d31fr2pwly4c4s.cloudfront.net/e/e/8/2286921_23499800_ABBA-Tribute-Band-Sensation_1024.jpg,https://d31fr2pwly4c4s.cloudfront.net/e/e/8/2286921_23499800_ABBA-Tribute-Band-Sensation_1024.webp,https://www.skiddle.com/whats-on/Bolton/The-Victoria-Hall%2C-Bolton/ABBA-Tribute-Band-Sensation/42509970/,2026-08-15,2026-08-15T19:30:00+00:00,2026-08-15T21:30:00+00:00,Sensation perform Abba's greatest hits in a high energy show!,"{'doorsopen': '19:30', 'doorsclose': '21:30', 'lastentry': ''}",,,0,0,False,"{'minPrice': 10, 'maxPrice': 10}",19.00,public,,False,{'enabled': False},#180808,GBP,[],[],[]
42565385,2297250,False,2297250,False,0,LIVE,No Scrubs: Live R&B Brunch,0,,,,,"{'id': 139055, 'name': 'Area', 'address': '50 Sackville Street', 'town': 'Manchester', 'postcode_lookup': 'Manchester', 'postcode': 'M1 3WF', 'region': 'Greater Manchester', 'country': 'GB', 'phone': '01614419161', 'latitude': 53.4763571, 'longitude': -2.2362817, 'type': 'Nightclub', 'rating': 0, 'reviewCount': 0, 'distance': 647.4789414966554}",https://d31fr2pwly4c4s.cloudfront.net/1/7/4/2297250_bf9ecfac_no-scrubs-live-r-b-brunch_th.jpg,https://d31fr2pwly4c4s.cloudfront.net/1/7/4/2297250_bf9ecfac_no-scrubs-live-r-b-brunch.jpg,https://d31fr2pwly4c4s.cloudfront.net/1/7/4/2297250_bf9ecfac_no-scrubs-live-r-b-brunch_1024.jpg,https://d31fr2pwly4c4s.cloudfront.net/1/7/4/2297250_bf9ecfac_no-scrubs-live-r-b-brunch_1024.webp,https://www.skiddle.com/whats-on/Manchester/Area/No-Scrubs-Live-RB-Brunch/42565385/,2026-08-16,2026-08-16T13:00:00+00:00,2026-08-16T17:00:00+00:00,"NO SCRUBS - The Live R&B Brunch 
A live 90s/00s R&B brunch in Manchester featuring a live band, powerhouse vocals, DJs, great food and bottomless","{'doorsopen': '13:00', 'doorsclose': '17:00', 'lastentry': '14:00'}",18,,0,0,True,"{'minPrice': 25, 'maxPrice': 270}",,public,,False,{'enabled': False},#080808,GBP,[],"[{'genreid': '3', 'name': 'UK Garage'}, {'genreid': '4', 'name': 'R&B'}, {'genreid': '82', 'name': '1990s'}, {'genreid': '83', 'name': '2000s'}]",[]
42271473,2232237,False,2232237,False,0,LIVE,March Hare - Vol I,0,,,,,"{'id': 118274, 'name': 'The Strines Nightingale', 'address': '105 Strines Rd, , Marple, Stockport', 'town': 'Strines', 'postcode_lookup': 'Stockport', 'postcode': 'SK6 7GE', 'region': 'Manchester', 'country': 'GB', 'phone': '', 'latitude': 53.3788128, 'longitude': -2.0470506, 'type': 'Nightclub', 'rating': 5, 'reviewCount': 10, 'distance': 17207.525460270586}",https://d31fr2pwly4c4s.cloudfront.net/c/8/1/2232237_26711409_March-Hare---Vol-I_th.jpg,https://d31fr2pwly4c4s.cloudfront.net/c/8/1/2232237_26711409_March-Hare---Vol-I.jpg,https://d31fr2pwly4c4s.cloudfront.net/c/8/1/2232237_26711409_March-Hare---Vol-I_1024.jpg,https://d31fr2pwly4c4s.cloudfront.net/c/8/1/2232237_26711409_March-Hare---Vol-I_1024.webp,https://www.skiddle.com/whats-on/Stockport/The-Strines-Nightingale/March-Hare---Vol-I/42271473/,2026-08-16,2026-08-16T14:00:00+00:00,2026-08-16T23:00:00+00:00,"John Bramwell of I Am Kloot presents his inaugural March Hare event featuring John Bramwell, Scott Lavene and very special guests to be announced...","{'doorsopen': '14:00', 'doorsclose': '23:00', 'lastentry': '14:30'}",,,0,0,True,"{'minPrice': 30, 'maxPrice': 30}",,public,,False,{'enabled': False},#f8f8f8,GBP,"[{'artistid': '123530088', 'name': 'John Bramwell', 'image': 'https://d1mdxzfl9p8pzo.cloudfront.net/8/123530088_267.jpg', 'spotifyartisturl': 'spotify:artist:4CGJUyfqB3KtR9SK3FFGv6'}]","[{'genreid': '5', 'name': 'Rock'}, {'genreid': '26', 'name': 'Indie'}, {'genreid': '44', 'name': 'Folk'}, {'genreid': '98', 'name': 'Indie Pop'}]",[]
42488462,2281151,False,2281151,False,0,LIVE,Girl Size Dog Bed & Billie Skreamz @ FUEL Café Withington,0,,,,,"{'id': 18657, 'name': 'Fuel Cafe Bar', 'address': 'Fuel Cafe, Wilmslow Road, Withington, Manchester', 'town': 'Withington, Manchest', 'postcode_lookup': 'Manchester', 'postcode': 'M20 3BW', 'region': 'Greater Manchester', 'country': 'GB', 'phone': '0161 448 9702', 'latitude': 53.434675, 'longitude': -2.227991, 'type': 'live', 'rating': 4, 'reviewCount': 23, 'distance': 5055.741900103663}",https://d31fr2pwly4c4s.cloudfront.net/b/d/e/2281151_f2d7cbd0_girl-size-dog-bed-billie-skreamz-fuel-caf-withington_th.jpg,https://d31fr2pwly4c4s.cloudfront.net/b/d/e/2281151_f2d7cbd0_girl-size-dog-bed-billie-skreamz-fuel-caf-withington.jpg,https://d31fr2pwly4c4s.cloudfront.net/b/d/e/2281151_f2d7cbd0_girl-size-dog-bed-billie-skreamz-fuel-caf-withington_1024.jpg,https://d31fr2pwly4c4s.cloudfront.net/b/d/e/2281151_f2d7cbd0_girl-size-dog-bed-billie-skreamz-fuel-caf-withington_1024.webp,https://www.skiddle.com/whats-on/Manchester/Fuel-Cafe-Bar/Girl-Size-Dog-Bed--Billie-Skreamz--FUEL-Caf-Withington/42488462/,2026-08-16,2026-08-16T19:00:00+00:00,2026-08-16T23:00:00+00:00,"It's folk punkin time!

Lineup:
GirlSizeDogBed (Amy from Cheap Dirty Horse)
Billie Skreamz
BOYREMOVER

Doors 7:00
No One Turned Away for Lack of Funds","{'doorsopen': '19:00', 'doorsclose': '23:00', 'lastentry': ''}",,,0,0,True,"{'minPrice': 7.5, 'maxPrice': 15}",,public,,False,{'enabled': False},#f8f8e8,GBP,[],"[{'genreid': '44', 'name': 'Folk'}, {'genreid': '53', 'name': 'Punk'}]",[]
42534404,2293900,False,2293900,False,0,LIVE,Life In Neon,0,,,,,"{'id': 34220, 'name': 'Night And Day Cafe', 'address': '26 Oldham Street', 'town': 'Manchester', 'postcode_lookup': 'Manchester', 'postcode': 'M1 1JN', 'region': 'Greater Manchester', 'country': 'GB', 'phone': '0161 236 1822', 'latitude': 53.482742, 'longitude': -2.235254, 'type': 'live', 'rating': 4, 'reviewCount': 435, 'distance': 767.4852170142402}",https://d31fr2pwly4c4s.cloudfront.net/3/5/b/2293900_a3897c7b_life-in-neon_th.jpg,https://d31fr2pwly4c4s.cloudfront.net/3/5/b/2293900_a3897c7b_life-in-neon.jpg,https://d31fr2pwly4c4s.cloudfront.net/3/5/b/2293900_a3897c7b_life-in-neon_1024.jpg,https://d31fr2pwly4c4s.cloudfront.net/3/5/b/2293900_a3897c7b_life-in-neon_1024.webp,https://www.skiddle.com/whats-on/Manchester/Night-And-Day-Cafe/Life-In-Neon/42534404/,2026-08-16,2026-08-16T19:30:00+00:00,2026-08-16T23:00:00+00:00,"Sun 16 Aug - 7:30 pm
LIFE IN NEON
+ Guests
£8 adv","{'doorsopen': '19:30', 'doorsclose': '23:00', 'lastentry': ''}",18,,0,0,True,"{'minPrice': 8, 'maxPrice': 8}",,public,,False,{'enabled': False},#0868a8,GBP,[],[],[]
42569996,2298699,False,HdmgDwDDn4,False,0,LIVE,Open Mic Night every Tuesday,0,,,,,"{'id': 133956, 'name': 'The Trading Route', 'address': '1 Goods Yard St', 'town': 'Manchester', 'postcode_lookup': 'Manchester', 'postcode': 'M3 3BG', 'region': 'Greater Manchester', 'country': 'GB', 'phone': '', 'latitude': 53.4785843, 'longitude': -2.2563368, 'type': 'bar', 'rating': 5, 'reviewCount': 3, 'distance': 751.6317244022927}",https://d31fr2pwly4c4s.cloudfront.net/d/a/b/2258961_96b87705_open-mic-night-every-tuesday_th.jpg,https://d31fr2pwly4c4s.cloudfront.net/d/a/b/2258961_96b87705_open-mic-night-every-tuesday.jpg,https://d31fr2pwly4c4s.cloudfront.net/d/a/b/2258961_96b87705_open-mic-night-every-tuesday_1024.jpg,https://d31fr2pwly4c4s.cloudfront.net/d/a/b/2258961_96b87705_open-mic-night-every-tuesday_1024.webp,https://www.skiddle.com/whats-on/Manchester/The-Trading-Route/Open-Mic-Night-every-Tuesday/42569996/,2026-08-18,2026-08-18T19:00:00+00:00,2026-08-18T23:00:00+00:00,Lo-Tide are coming to Trading Route to bring an all-new open mic night every Tuesday!,"{'doorsopen': '19:00', 'doorsclose': '23:00', 'lastentry': '23:00'}",18,,0,0,False,"{'minPrice': 8, 'maxPrice': 8}",,public,,False,{'enabled': False},,GBP,[],[],[]
42278175,2233907,False,2233907,False,0,LIVE,Hannah Cohen,0,,,,,"{'id': 106846, 'name': 'YES Pink Room', 'address': '38 Charles Street', 'town': 'Manchester', 'postcode_lookup': 'Manchester', 'postcode': 'M1 7DB', 'region': 'Greater Manchester', 'country': 'GB', 'phone': '', 'latitude': 53.4741165, 'longitude': -2.2383327, 'type': 'Nightclub', 'rating': 4, 'reviewCount': 290, 'distance': 699.6816613434604}",https://d31fr2pwly4c4s.cloudfront.net/c/6/7/2233907_a5499d3c_hannah-cohen_th.jpg,https://d31fr2pwly4c4s.cloudfront.net/c/6/7/2233907_a5499d3c_hannah-cohen.jpg,https://d31fr2pwly4c4s.cloudfront.net/c/6/7/2233907_a5499d3c_hannah-cohen_1024.jpg,https://d31fr2pwly4c4s.cloudfront.net/c/6/7/2233907_a5499d3c_hannah-cohen_1024.webp,https://www.skiddle.com/whats-on/Manchester/YES-Pink-Room/Hannah-Cohen/42278175/,2026-08-19,2026-08-19T19:30:00+00:00,2026-08-19T23:00:00+00:00,Now Wave presents Hannah Cohen at YES Pink Room on 19th August 2026,"{'doorsopen': '19:30', 'doorsclose': '23:00', 'lastentry': ''}",18,,0,0,True,"{'minPrice': 18.5, 'maxPrice': 18.5}",,public,,False,{'enabled': False},#582808,GBP,[],"[{'genreid': '26', 'name': 'Indie'}, {'genreid': '46', 'name': 'Alternative'}]",[]
42467877,2274299,False,2274299,False,0,LIVE,Butcher Brown,0,,,,,"{'id': 536, 'name': 'Band On The Wall', 'address': '25 Swan Street', 'town': 'Manchester', 'postcode_lookup': 'Manchester', 'postcode': 'M4 5JZ', 'region': 'Greater Manchester', 'country': 'GB', 'phone': '0161 834 1786', 'latitude': 53.485227, 'longitude': -2.234386, 'type': 'live', 'rating': 4, 'reviewCount': 1323, 'distance': 986.2450438131307}",https://d31fr2pwly4c4s.cloudfront.net/f/0/7/2274299_3dfc6716_butcher-brown_th.jpg,https://d31fr2pwly4c4s.cloudfront.net/f/0/7/2274299_3dfc6716_butcher-brown.jpg,https://d31fr2pwly4c4s.cloudfront.net/f/0/7/2274299_3dfc6716_butcher-brown_1024.jpg,https://d31fr2pwly4c4s.cloudfront.net/f/0/7/2274299_3dfc6716_butcher-brown_1024.webp,https://www.skiddle.com/whats-on/Manchester/Band-On-The-Wall/Butcher-Brown/42467877/,2026-08-19,2026-08-19T19:30:00+00:00,2026-08-19T23:00:00+00:00,Virginia jazz-funk hip-hop fusion quintet,"{'doorsopen': '19:30', 'doorsclose': '23:00', 'lastentry': ''}",10,,0,0,True,"{'minPrice': 19.5, 'maxPrice': 19.5}",,public,,False,{'enabled': False},#181818,GBP,"[{'artistid': '123566552', 'name': 'Butcher Brown', 'image': 'https://d1plawd8huk6hh.cloudfront.net/assets/default400.png', 'spotifyartisturl': 'spotify:artist:2jQ6wRQ7yP1UrctodeuYQP'}]","[{'genreid': '25', 'name': 'Jazz'}, {'genreid': '45', 'name': 'Funk'}]",[]
41928935,2184165,False,2184165,False,0,LIVE,TWISTED FIRESTARTER - The Official Infest Warm Up Party,0,,,,,"{'id': 119722, 'name': 'Rebellion Manchester.', 'address': '2B Whitworth Street West', 'town': 'Manchester', 'postcode_lookup': 'Manchester', 'postcode': 'M1 5WZ', 'region': 'Greater Manchester', 'country': 'GB', 'phone': '', 'latitude': 53.474241, 'longitude': -2.2505084, 'type': 'live', 'rating': 4, 'reviewCount': 140, 'distance': 642.5881970052299}",https://d31fr2pwly4c4s.cloudfront.net/a/f/f/2184165_c584c261_the-official-infest-warm-up-party_th.jpg,https://d31fr2pwly4c4s.cloudfront.net/a/f/f/2184165_c584c261_the-official-infest-warm-up-party.jpg,https://d31fr2pwly4c4s.cloudfront.net/a/f/f/2184165_c584c261_the-official-infest-warm-up-party_1024.jpg,https://d31fr2pwly4c4s.cloudfront.net/a/f/f/2184165_c584c261_the-official-infest-warm-up-party_1024.webp,https://www.skiddle.com/whats-on/Manchester/Rebellion-Manchester./TWISTED-FIRESTARTER---The-Official-Infest-Warm-Up-Party/41928935/,2026-08-20,2026-08-20T17:00:00+00:00,2026-08-20T23:00:00+00:00,"Stigmata Presents The Official Infest Warm Up Party on Thursday, 20th August 2026 at Rebellion Manchester.","{'doorsopen': '17:00', 'doorsclose': '23:00', 'lastentry': ''}",18,,0,0,True,"{'minPrice': 30.5, 'maxPrice': 30.5}",,public,,False,{'enabled': False},#080808,GBP,"[{'artistid': '123558059', 'name': 'Massive Ego', 'image': 'https://d1plawd8huk6hh.cloudfront.net/assets/default400.png', 'spotifyartisturl': 'spotify:artist:5pkHoE2V6M3KKFIvcedBsZ'}, {'artistid': '123611585', 'name': 'Moth Slut', 'image': 'https://d1mdxzfl9p8pzo.cloudfront.net/5/123611585_fa94d9a5_1024.jpg', 'spotifyartisturl': 'spotify:artist:3TiOSpRNafnzFIjIe1r11P'}]","[{'genreid': '5', 'name': 'Rock'}, {'genreid': '27', 'name': 'Metal'}, {'genreid': '84', 'name': 'Grunge'}]",[]
42474924,2276915,False,K35rOuN4yl,False,0,LIVE,Pollinate,0,,,,,"{'id': 123304, 'name': 'Niamos', 'address': 'Chichester road', 'town': 'Manchester', 'postcode_lookup': 'Manchester', 'postcode': 'M15 5EU', 'region': 'Greater Manchester', 'country': 'GB', 'phone': '07497713378', 'latitude': 53.4642254, 'longitude': -2.2493977, 'type': 'Theatre', 'rating': 4, 'reviewCount': 476, 'distance': 1668.451609475099}",https://d31fr2pwly4c4s.cloudfront.net/8/7/d/2276912_e9c8992c_pollinate_th.jpg,https://d31fr2pwly4c4s.cloudfront.net/8/7/d/2276912_e9c8992c_pollinate.jpg,https://d31fr2pwly4c4s.cloudfront.net/8/7/d/2276912_e9c8992c_pollinate_1024.jpg,https://d31fr2pwly4c4s.cloudfront.net/8/7/d/2276912_e9c8992c_pollinate_1024.webp,https://www.skiddle.com/whats-on/Manchester/Niamos/Pollinate/42474924/,2026-08-20,2026-08-20T18:30:00+00:00,2026-08-20T23:00:00+00:00,"Live music, art, creative workshops and DJs for a celebration of grassroots and radical DIY culture","{'doorsopen': '18:30', 'doorsclose': '23:00', 'lastentry': ''}",,,0,0,True,"{'minPrice': 4, 'maxPrice': 20}",,public,,False,{'enabled': False},,GBP,[],[],[]
42405284,2259439,False,2259439,False,0,LIVE,Greg Freeman,0,,,,,"{'id': 106846, 'name': 'YES Pink Room', 'address': '38 Charles Street', 'town': 'Manchester', 'postcode_lookup': 'Manchester', 'postcode': 'M1 7DB', 'region': 'Greater Manchester', 'country': 'GB', 'phone': '', 'latitude': 53.4741165, 'longitude': -2.2383327, 'type': 'Nightclub', 'rating': 4, 'reviewCount': 290, 'distance': 699.6816613434604}",https://d31fr2pwly4c4s.cloudfront.net/3/7/b/2259439_d254038a_greg-freeman_th.jpg,https://d31fr2pwly4c4s.cloudfront.net/3/7/b/2259439_d254038a_greg-freeman.jpg,https://d31fr2pwly4c4s.cloudfront.net/3/7/b/2259439_d254038a_greg-freeman_1024.jpg,https://d31fr2pwly4c4s.cloudfront.net/3/7/b/2259439_d254038a_greg-freeman_1024.webp,https://www.skiddle.com/whats-on/Manchester/YES-Pink-Room/Greg-Freeman/42405284/,2026-08-20,2026-08-20T19:30:00+00:00,2026-08-20T23:00:00+00:00,Now Wave presents Greg Freeman at YES Pink Room on 20th August 2026,"{'doorsopen': '19:30', 'doorsclose': '23:00', 'lastentry': ''}",18,,0,0,True,"{'minPrice': 15.5, 'maxPrice': 15.5}",,public,,False,{'enabled': False},#282838,GBP,[],[],[]
42330818,2244153,False,2244153,False,0,LIVE,Drum and Bass Band present The Rave Return,0,,,,,"{'id': 536, 'name': 'Band On The Wall', 'address': '25 Swan Street', 'town': 'Manchester', 'postcode_lookup': 'Manchester', 'postcode': 'M4 5JZ', 'region': 'Greater Manchester', 'country': 'GB', 'phone': '0161 834 1786', 'latitude': 53.485227, 'longitude': -2.234386, 'type': 'live', 'rating': 4, 'reviewCount': 1323, 'distance': 986.2450438131307}",https://d31fr2pwly4c4s.cloudfront.net/b/8/b/2244153_a71ce186_drum-and-bass-band-present-the-rave-return_th.jpg,https://d31fr2pwly4c4s.cloudfront.net/b/8/b/2244153_a71ce186_drum-and-bass-band-present-the-rave-return.jpg,https://d31fr2pwly4c4s.cloudfront.net/b/8/b/2244153_a71ce186_drum-and-bass-band-present-the-rave-return_1024.jpg,https://d31fr2pwly4c4s.cloudfront.net/b/8/b/2244153_a71ce186_drum-and-bass-band-present-the-rave-return_1024.webp,https://www.skiddle.com/whats-on/Manchester/Band-On-The-Wall/Drum-and-Bass-Band-present-The-Rave-Return/42330818/,2026-08-20,2026-08-20T19:30:00+00:00,2026-08-20T23:00:00+00:00,"Live renditions of DnB, Jungle, and live remixes.","{'doorsopen': '19:30', 'doorsclose': '23:00', 'lastentry': '20:00'}",10,,0,0,True,"{'minPrice': 16.5, 'maxPrice': 16.5}",,public,,False,{'enabled': False},#6818b8,GBP,[],"[{'genreid': '8', 'name': 'Drum and Bass'}, {'genreid': '80', 'name': 'Jungle'}]",[]
42519768,2290080,False,exSxR0RpkH,False,0,LIVE,"RnB, Hip Hop + Afrobeats 'Til Late",0,,,,,"{'id': 104602, 'name': 'The Blues Kitchen', 'address': '13 Quay Street', 'town': 'Manchester', 'postcode_lookup': 'Manchester', 'postcode': 'M3 3HN', 'region': 'Greater Manchester', 'country': 'GB', 'phone': '', 'latitude': 53.4782265, 'longitude': -2.2504397, 'type': 'bar', 'rating': 4, 'reviewCount': 319, 'distance': 370.10660406021236}",https://d31fr2pwly4c4s.cloudfront.net/d/f/1/1864957_568661a1_hip-hop-afrobeats-rnb-til-late_th.jpg,https://d31fr2pwly4c4s.cloudfront.net/d/f/1/1864957_568661a1_hip-hop-afrobeats-rnb-til-late.jpg,https://d31fr2pwly4c4s.cloudfront.net/d/f/1/1864957_568661a1_hip-hop-afrobeats-rnb-til-late_1024.jpg,https://d31fr2pwly4c4s.cloudfront.net/d/f/1/1864957_568661a1_hip-hop-afrobeats-rnb-til-late_1024.webp,https://www.skiddle.com/whats-on/Manchester/The-Blues-Kitchen/RnB-Hip-Hop--Afrobeats-Til-Late/42519768/,2026-08-21,2026-08-21T19:00:00+00:00,2026-08-22T03:00:00+00:00,"From Beyoncé to Drake, Burna Boy to Lauryn Hill - Manchester's finest artists bring a mix of old-school classics and new-school favourites.","{'doorsopen': '19:00', 'doorsclose': '03:00', 'lastentry': ''}",21,,0,0,True,"{'minPrice': 0, 'maxPrice': 0}",,public,,False,{'enabled': False},,GBP,[],[],[]
42282535,2234027,False,2234027,False,0,LIVE,DJ Jazzy Jeff,0,,,,,"{'id': 536, 'name': 'Band On The Wall', 'address': '25 Swan Street', 'town': 'Manchester', 'postcode_lookup': 'Manchester', 'postcode': 'M4 5JZ', 'region': 'Greater Manchester', 'country': 'GB', 'phone': '0161 834 1786', 'latitude': 53.485227, 'longitude': -2.234386, 'type': 'live', 'rating': 4, 'reviewCount': 1323, 'distance': 986.2450438131307}",https://d31fr2pwly4c4s.cloudfront.net/4/7/0/2234027_d0d53c03_dj-jazzy-jeff_th.jpg,https://d31fr2pwly4c4s.cloudfront.net/4/7/0/2234027_d0d53c03_dj-jazzy-jeff.jpg,https://d31fr2pwly4c4s.cloudfront.net/4/7/0/2234027_d0d53c03_dj-jazzy-jeff_1024.jpg,https://d31fr2pwly4c4s.cloudfront.net/4/7/0/2234027_d0d53c03_dj-jazzy-jeff_1024.webp,https://www.skiddle.com/whats-on/Manchester/Band-On-The-Wall/DJ-Jazzy-Jeff/42282535/,2026-08-21,2026-08-21T19:00:00+00:00,2026-08-21T22:00:00+00:00,DJ Jazzy Jeff was born in West Philadelphia and developed a love of music at an early age.,"{'doorsopen': '19:00', 'doorsclose': '22:00', 'lastentry': '19:30'}",10,,0,0,True,"{'minPrice': 19.5, 'maxPrice': 19.5}",,public,,False,{'enabled': False},#f8f8f8,GBP,"[{'artistid': '123524354', 'name': 'DJ Jazzy Jeff', 'image': 'https://d1mdxzfl9p8pzo.cloudfront.net/4/123524354_1_1024.jpg', 'spotifyartisturl': 'spotify:artist:3nmiIgeri4vEY7y0VpbsCn'}]","[{'genreid': '39', 'name': 'Hip Hop'}]",[]
42171266,2221435,False,2221435,False,0,LIVE,"THE FLATLINERS / A WILHELM SCREAM- The Bread Shed, Manchester",0,,,,,"{'id': 80433, 'name': 'The Bread Shed', 'address': '126 Grosvenor Street', 'town': 'Manchester', 'postcode_lookup': 'Manchester', 'postcode': 'M1 7HL', 'region': 'Greater Manchester', 'country': 'GB', 'phone': '0161 273 1471', 'latitude': 53.471075, 'longitude': -2.235383, 'type': 'Nightclub', 'rating': 4, 'reviewCount': 1403, 'distance': 1087.029186032391}",https://d31fr2pwly4c4s.cloudfront.net/6/e/3/2221435_d57a798c_the-flatliners-a-wilhelm-scream-the-bread-shed-manchester_th.jpg,https://d31fr2pwly4c4s.cloudfront.net/6/e/3/2221435_d57a798c_the-flatliners-a-wilhelm-scream-the-bread-shed-manchester.jpg,https://d31fr2pwly4c4s.cloudfront.net/6/e/3/2221435_d57a798c_the-flatliners-a-wilhelm-scream-the-bread-shed-manchester_1024.jpg,https://d31fr2pwly4c4s.cloudfront.net/6/e/3/2221435_d57a798c_the-flatliners-a-wilhelm-scream-the-bread-shed-manchester_1024.webp,https://www.skiddle.com/whats-on/Manchester/The-Bread-Shed/THE-FLATLINERS--A-WILHELM-SCREAM--The-Bread-Shed-Manchester/42171266/,2026-08-21,2026-08-21T19:00:00+00:00,2026-08-21T22:30:00+00:00,"Moving North & Anarchistic Undertones present

THE FLATLINERS & A WILHELM SCREAM

Punk rock/ melodic hardcore/ skate punk","{'doorsopen': '19:00', 'doorsclose': '22:30', 'lastentry': '19:30'}",14,,0,0,True,"{'minPrice': 0, 'maxPrice': 0}",,public,,False,{'enabled': False},#082838,GBP,"[{'artistid': '123556093', 'name': 'The Flatliners', 'image': 'https://d1mdxzfl9p8pzo.cloudfront.net/3/123556093_1_1024.jpg', 'spotifyartisturl': 'spotify:artist:6bx5jeXP6LSRVY29adUFdB'}, {'artistid': '123560768', 'name': 'A Wilhelm Scream', 'image': 'https://d1mdxzfl9p8pzo.cloudfront.net/8/123560768_1_1024.jpg', 'spotifyartisturl': 'spotify:artist:6v7mkDKyZ50l4Jiqwx2JLg'}]","[{'genreid': '53', 'name': 'Punk'}, {'genreid': '99', 'name': 'Hardcore Punk'}]",[]
42574425,2300066,False,2300066,False,0,LIVE,Forevanescence UK,0,,,,,"{'id': 132745, 'name': 'Holy Diver', 'address': '1 Princes Street', 'town': 'Stockport', 'postcode_lookup': 'Stockport', 'postcode': 'SK1 1SL', 'region': 'Manchester', 'country': 'GB', 'phone': '', 'latitude': 53.41117375, 'longitude': -2.16158853, 'type': 'live', 'rating': 4, 'reviewCount': 118, 'distance': 9348.609370065313}",https://d1plawd8huk6hh.cloudfront.net/assets/default400.png,https://d1plawd8huk6hh.cloudfront.net/assets/default400.png,https://d1plawd8huk6hh.cloudfront.net/assets/default400.png,False,https://www.skiddle.com/whats-on/Stockport/Holy-Diver/Forevanescence-UK/42574425/,2026-08-21,2026-08-21T19:00:00+00:00,2026-08-21T22:00:00+00:00,The ultimate UK Tribute to Evanessence  takes to the Holy Diver stage this August for a show stopping show of ultimate anthems.,"{'doorsopen': '19:00', 'doorsclose': '22:00', 'lastentry': ''}",18,,0,0,True,"{'minPrice': 7, 'maxPrice': 7}",,public,,False,{'enabled': False},,GBP,[],"[{'genreid': '85', 'name': 'Nu Metal'}]",[]
41451655,2128970,False,2128970,False,0,LIVE,The Cure Aftershow Manchester,0,,,,,"{'id': 48712, 'name': 'Rebellion', 'address': '2B Whitworth Street West,  Manchester, United Kingdom', 'town': 'Manchester', 'postcode_lookup': 'Manchester', 'postcode': 'M1 5WZ', 'region': 'Greater Manchester', 'country': 'GB', 'phone': '0161 637 1960', 'latitude': 53.47426, 'longitude': -2.250518, 'type': 'live', 'rating': 4, 'reviewCount': 3232, 'distance': 641.2107208908284}",https://d31fr2pwly4c4s.cloudfront.net/8/3/6/2128970_940aa3a5_the-cure-aftershow-manchester_th.jpg,https://d31fr2pwly4c4s.cloudfront.net/8/3/6/2128970_940aa3a5_the-cure-aftershow-manchester.jpg,https://d31fr2pwly4c4s.cloudfront.net/8/3/6/2128970_940aa3a5_the-cure-aftershow-manchester_1024.jpg,https://d31fr2pwly4c4s.cloudfront.net/8/3/6/2128970_940aa3a5_the-cure-aftershow-manchester_1024.webp,https://www.skiddle.com/whats-on/Manchester/Rebellion/The-Cure-Aftershow-Manchester/41451655/,2026-08-21,2026-08-21T23:00:00+00:00,2026-08-22T04:00:00+00:00,"30,000 Cure fans will pour out of Wythenshawe Park - BUY YOUR TICKETS BEFORE THEY DO!","{'doorsopen': '23:00', 'doorsclose': '04:00', 'lastentry': ''}",18,,0,0,True,"{'minPrice': 7.5, 'maxPrice': 7.5}",,public,,False,{'enabled': False},#080808,GBP,[],"[{'genreid': '5', 'name': 'Rock'}, {'genreid': '53', 'name': 'Punk'}, {'genreid': '89', 'name': 'Post Rock'}]",[]
42413159,2261552,False,2261552,False,0,LIVE,"Rat Trap - Castle Hotel, Manchester",0,,,,,"{'id': 102734, 'name': 'Castle Hotel', 'address': '66 Oldham Street', 'town': 'Manchester', 'postcode_lookup': 'Manchester', 'postcode': 'M4 1LE', 'region': 'Greater Manchester', 'country': 'GB', 'phone': '0161 237 9485', 'latitude': 53.483692, 'longitude': -2.233807, 'type': 'bar', 'rating': 4, 'reviewCount': 20, 'distance': 905.9537742262917}",https://d31fr2pwly4c4s.cloudfront.net/9/f/7/2261552_29051483_Rat-Trap---Castle-Hotel--Manchester_th.jpg,https://d31fr2pwly4c4s.cloudfront.net/9/f/7/2261552_29051483_Rat-Trap---Castle-Hotel--Manchester.jpg,https://d31fr2pwly4c4s.cloudfront.net/9/f/7/2261552_29051483_Rat-Trap---Castle-Hotel--Manchester_1024.jpg,https://d31fr2pwly4c4s.cloudfront.net/9/f/7/2261552_29051483_Rat-Trap---Castle-Hotel--Manchester_1024.webp,https://www.skiddle.com/whats-on/Manchester/Castle-Hotel/Rat-Trap---Castle-Hotel-Manchester/42413159/,2026-08-22,2026-08-22T19:00:00+00:00,2026-08-22T23:45:00+00:00,Rat Trap take to the infamous Castle Hotel in Manchester on Saturday 22nd August.,"{'doorsopen': '19:00', 'doorsclose': '23:45', 'lastentry': '19:15'}",18,,0,0,True,"{'minPrice': 9, 'maxPrice': 9}",,public,,False,{'enabled': False},#180808,GBP,"[{'artistid': '123620715', 'name': 'RatTrap', 'image': 'https://d1mdxzfl9p8pzo.cloudfront.net/5/123620715_ff1388a7_1024.jpg', 'spotifyartisturl': 'spotify:artist:1t1LOeNihsdKWWKSAtxjqb'}]","[{'genreid': '5', 'name': 'Rock'}, {'genreid': '26', 'name': 'Indie'}, {'genreid': '46', 'name': 'Alternative'}]",[]
42406724,2259940,False,2259940,False,0,LIVE,Campus Live Presents: Elle Graham,0,,,,,"{'id': 119778, 'name': 'YES Manchester', 'address': 'Fourways House', 'town': 'Manchester', 'postcode_lookup': 'Manchester', 'postcode': 'M1 2FN', 'region': 'Greater Manchester', 'country': 'GB', 'phone': '', 'latitude': 53.4813175, 'longitude': -2.2315373, 'type': 'live', 'rating': 4, 'reviewCount': 23, 'distance': 927.3748515961448}",https://d31fr2pwly4c4s.cloudfront.net/f/9/a/2259940_73400397_campus-live-presents-elle-graham_th.jpg,https://d31fr2pwly4c4s.cloudfront.net/f/9/a/2259940_73400397_campus-live-presents-elle-graham.jpg,https://d31fr2pwly4c4s.cloudfront.net/f/9/a/2259940_73400397_campus-live-presents-elle-graham_1024.jpg,https://d31fr2pwly4c4s.cloudfront.net/f/9/a/2259940_73400397_campus-live-presents-elle-graham_1024.webp,https://www.skiddle.com/whats-on/Manchester/YES-Manchester/Campus-Live-Presents-Elle-Graham/42406724/,2026-08-22,2026-08-22T19:00:00+00:00,2026-08-22T22:30:00+00:00,"Join us for a night of live music on 22nd August as we bring Elle Graham to YES. 
Support comes from BETS & Rhys Wade.","{'doorsopen': '19:00', 'doorsclose': '22:30', 'lastentry': ''}",18,,0,0,True,"{'minPrice': 8, 'maxPrice': 8}",,public,,False,{'enabled': False},#e8d8d8,GBP,[],[],[]
42436202,2267687,False,2267687,False,0,LIVE,Glam Rock Night,0,,,,,"{'id': 134859, 'name': 'Empire Warrington', 'address': '120 Bridge Street', 'town': 'Warrington', 'postcode_lookup': 'Warrington', 'postcode': 'WA1 2RU', 'region': 'Cheshire', 'country': 'GB', 'phone': '', 'latitude': 53.3866782, 'longitude': -2.5923529, 'type': 'live', 'rating': 4, 'reviewCount': 8, 'distance': 25196.810339682932}",https://d31fr2pwly4c4s.cloudfront.net/0/e/a/2267687_e98ba61e_glam-rock-night_th.jpg,https://d31fr2pwly4c4s.cloudfront.net/0/e/a/2267687_e98ba61e_glam-rock-night.jpg,https://d31fr2pwly4c4s.cloudfront.net/0/e/a/2267687_e98ba61e_glam-rock-night_1024.jpg,https://d31fr2pwly4c4s.cloudfront.net/0/e/a/2267687_e98ba61e_glam-rock-night_1024.webp,https://www.skiddle.com/whats-on/Warrington/Empire-Warrington/Glam-Rock-Night/42436202/,2026-08-22,2026-08-22T19:00:00+00:00,2026-08-22T23:45:00+00:00,"70s GLAM ROCK EXPERIENCE
Get ready to turn back the clock for a night of glitter, platform boots and unforgettable anthems!","{'doorsopen': '19:00', 'doorsclose': '23:45', 'lastentry': ''}",18,,0,0,True,"{'minPrice': 5, 'maxPrice': 5}",,public,,False,{'enabled': False},#f8f8f8,GBP,[],[],[]
42089679,2206853,False,2206853,False,0,LIVE,Pretty Green - A tribute to The Jam,0,,,,,"{'id': 118156, 'name': 'The Sound Lounge Darwen', 'address': '12 Wellington Fold', 'town': 'Darwen', 'postcode_lookup': 'Blackburn', 'postcode': 'BB33ab', 'region': 'Lancashire', 'country': 'GB', 'phone': '07984917637', 'latitude': 53.6963333, 'longitude': -2.4688239, 'type': 'live', 'rating': 4, 'reviewCount': 123, 'distance': 28324.29739608103}",https://d31fr2pwly4c4s.cloudfront.net/1/3/7/2206853_ef87271f_pretty-green-a-tribute-to-the-jam_th.jpg,https://d31fr2pwly4c4s.cloudfront.net/1/3/7/2206853_ef87271f_pretty-green-a-tribute-to-the-jam.jpg,https://d31fr2pwly4c4s.cloudfront.net/1/3/7/2206853_ef87271f_pretty-green-a-tribute-to-the-jam_1024.jpg,https://d31fr2pwly4c4s.cloudfront.net/1/3/7/2206853_ef87271f_pretty-green-a-tribute-to-the-jam_1024.webp,https://www.skiddle.com/whats-on/Blackburn/The-Sound-Lounge-Darwen/Pretty-Green---A-tribute-to-The-Jam/42089679/,2026-08-22,2026-08-22T19:30:00+00:00,2026-08-22T23:00:00+00:00,"Pretty Green return to The Sound Lounge in Darwen, bringing two sets of  the very best of The Jam's back catalogue of songs. That's Entertainment!","{'doorsopen': '19:30', 'doorsclose': '23:00', 'lastentry': '20:30'}",18,,0,0,True,"{'minPrice': 12, 'maxPrice': 12}",,public,,False,{'enabled': False},#181818,GBP,[],"[{'genreid': '62', 'name': '1980s'}, {'genreid': '64', 'name': '1970s'}]",[]
42124416,2210494,False,2210494,False,0,LIVE,Ultimate K-POP Party,1,2026-06-08 13:45:54,cancelled,Automatic cancellation: All future dates in the event series have been cancelled,,"{'id': 137695, 'name': 'Guildhall Stockport', 'address': '169-171 Wellington Rd South', 'town': 'Stockport', 'postcode_lookup': 'Stockport', 'postcode': 'SK1 3UA', 'region': 'Manchester', 'country': 'GB', 'phone': '0161 480 6531', 'latitude': 53.4023022, 'longitude': -2.1565742, 'type': 'live', 'rating': 0, 'reviewCount': 0, 'distance': 10345.813450226759}",https://d31fr2pwly4c4s.cloudfront.net/c/5/5/2210494_94037328_Ultimate-K-POP-Party_th.jpg,https://d31fr2pwly4c4s.cloudfront.net/c/5/5/2210494_94037328_Ultimate-K-POP-Party.jpg,https://d31fr2pwly4c4s.cloudfront.net/c/5/5/2210494_94037328_Ultimate-K-POP-Party_1024.jpg,https://d31fr2pwly4c4s.cloudfront.net/c/5/5/2210494_94037328_Ultimate-K-POP-Party_1024.webp,https://www.skiddle.com/whats-on/Stockport/Guildhall-Stockport/Ultimate-K-POP-Party/42124416/,2026-08-23,2026-08-23T13:00:00+00:00,2026-08-24T19:00:00+00:00,An exciting live experience capturing the colour and emotion of the biggest tunes from K-pop Demon Hunters and Golden to BTS and Soda Pop.,"{'doorsopen': '13:00', 'doorsclose': '19:00', 'lastentry': ''}",,,0,0,False,"{'minPrice': 15, 'maxPrice': 21}",,public,,False,{'enabled': False},#180858,GBP,[],"[{'genreid': '116', 'name': 'K-pop'}]",[]
42574275,2299976,False,2299976,False,0,LIVE,Sienna Spiro:  Matinee Album Launch Show (14+ with an Adult),0,,,,,"{'id': 137720, 'name': 'Albert Hall Manchester', 'address': '27 Peter Street', 'town': 'Manchester', 'postcode_lookup': 'Manchester', 'postcode': 'M2 5QR', 'region': 'Greater Manchester', 'country': 'GB', 'phone': '', 'latitude': 53.47828, 'longitude': -2.2479266, 'type': 'live', 'rating': 3, 'reviewCount': 3, 'distance': 209.5640688994618}",https://d31fr2pwly4c4s.cloudfront.net/d/d/e/2299976_27467339_Sienna-Spiro--Album-Launch-Show--14--with-an-Adult-_th.jpg,https://d31fr2pwly4c4s.cloudfront.net/d/d/e/2299976_27467339_Sienna-Spiro--Album-Launch-Show--14--with-an-Adult-.jpg,https://d31fr2pwly4c4s.cloudfront.net/d/d/e/2299976_27467339_Sienna-Spiro--Album-Launch-Show--14--with-an-Adult-_1024.jpg,https://d31fr2pwly4c4s.cloudfront.net/d/d/e/2299976_27467339_Sienna-Spiro--Album-Launch-Show--14--with-an-Adult-_1024.webp,https://www.skiddle.com/whats-on/Manchester/Albert-Hall-Manchester/Sienna-Spiro--Matinee-Album-Launch-Show-14-with-an-Adult/42574275/,2026-08-23,2026-08-23T16:00:00+00:00,2026-08-23T18:00:00+00:00,Jacaranda Records presents a live performance from Sienna Spiro in support of her new album 'Visitor'.,"{'doorsopen': '16:00', 'doorsclose': '18:00', 'lastentry': '17:00'}",14,,0,0,True,"{'minPrice': 19.32, 'maxPrice': 40.68}",,public,,False,{'enabled': False},#282828,GBP,[],"[{'genreid': '20', 'name': 'Pop'}, {'genreid': '25', 'name': 'Jazz'}, {'genreid': '43', 'name': 'Soul'}]",[]
42573038,2299600,False,2299600,False,0,LIVE,Sienna Spiro: Album Launch Show (14+ with an Adult),0,,,,,"{'id': 137720, 'name': 'Albert Hall Manchester', 'address': '27 Peter Street', 'town': 'Manchester', 'postcode_lookup': 'Manchester', 'postcode': 'M2 5QR', 'region': 'Greater Manchester', 'country': 'GB', 'phone': '', 'latitude': 53.47828, 'longitude': -2.2479266, 'type': 'live', 'rating': 3, 'reviewCount': 3, 'distance': 209.5640688994618}",https://d31fr2pwly4c4s.cloudfront.net/f/0/8/2299600_79bd0ea5_sienna-spiro-album-launch-show-14-with-an-adult-_th.jpg,https://d31fr2pwly4c4s.cloudfront.net/f/0/8/2299600_79bd0ea5_sienna-spiro-album-launch-show-14-with-an-adult-.jpg,https://d31fr2pwly4c4s.cloudfront.net/f/0/8/2299600_79bd0ea5_sienna-spiro-album-launch-show-14-with-an-adult-_1024.jpg,https://d31fr2pwly4c4s.cloudfront.net/f/0/8/2299600_79bd0ea5_sienna-spiro-album-launch-show-14-with-an-adult-_1024.webp,https://www.skiddle.com/whats-on/Manchester/Albert-Hall-Manchester/Sienna-Spiro-Album-Launch-Show-14-with-an-Adult/42573038/,2026-08-23,2026-08-23T19:00:00+00:00,2026-08-23T21:00:00+00:00,Jacaranda Records presents a live performance from Sienna Spiro in support of her new album 'Visitor'.,"{'doorsopen': '19:00', 'doorsclose': '21:00', 'lastentry': '20:00'}",14,,0,0,True,"{'minPrice': 19.32, 'maxPrice': 40.68}",,public,,False,{'enabled': False},#181818,GBP,[],"[{'genreid': '20', 'name': 'Pop'}, {'genreid': '25', 'name': 'Jazz'}, {'genreid': '43', 'name': 'Soul'}]",[]
42459910,2272440,False,2272440,False,0,LIVE,Ora Cogan,0,,,,,"{'id': 139541, 'name': 'The Abbey', 'address': 'Guildhall Close, Manchester Science Park', 'town': 'Manchester', 'postcode_lookup': 'Manchester', 'postcode': 'M15 6SY', 'region': 'Greater Manchester', 'country': 'GB', 'phone': '', 'latitude': 53.4615523, 'longitude': -2.238415, 'type': 'bar', 'rating': 0, 'reviewCount': 0, 'distance': 1988.4526268313864}",https://d31fr2pwly4c4s.cloudfront.net/0/5/6/2272440_7c42f325_ora-cogan_th.jpg,https://d31fr2pwly4c4s.cloudfront.net/0/5/6/2272440_7c42f325_ora-cogan.jpg,https://d31fr2pwly4c4s.cloudfront.net/0/5/6/2272440_7c42f325_ora-cogan_1024.jpg,https://d31fr2pwly4c4s.cloudfront.net/0/5/6/2272440_7c42f325_ora-cogan_1024.webp,https://www.skiddle.com/whats-on/Manchester/The-Abbey/Ora-Cogan/42459910/,2026-08-24,2026-08-24T19:00:00+00:00,2026-08-24T23:00:00+00:00,"Now Wave presents Ora Cogan at The Abbey, Manchester on 24th August 2026","{'doorsopen': '19:00', 'doorsclose': '23:00', 'lastentry': ''}",18,,0,0,True,"{'minPrice': 18.5, 'maxPrice': 18.5}",,public,,False,{'enabled': False},#282828,GBP,[],"[{'genreid': '26', 'name': 'Indie'}, {'genreid': '46', 'name': 'Alternative'}]",[]
42464114,2273696,False,2273696,False,0,LIVE,Flock of Dimes,0,,,,,"{'id': 106846, 'name': 'YES Pink Room', 'address': '38 Charles Street', 'town': 'Manchester', 'postcode_lookup': 'Manchester', 'postcode': 'M1 7DB', 'region': 'Greater Manchester', 'country': 'GB', 'phone': '', 'latitude': 53.4741165, 'longitude': -2.2383327, 'type': 'Nightclub', 'rating': 4, 'reviewCount': 290, 'distance': 699.6816613434604}",https://d1plawd8huk6hh.cloudfront.net/assets/default400.png,https://d1plawd8huk6hh.cloudfront.net/assets/default400.png,https://d1plawd8huk6hh.cloudfront.net/assets/default400.png,False,https://www.skiddle.com/whats-on/Manchester/YES-Pink-Room/Flock-of-Dimes/42464114/,2026-08-24,2026-08-24T19:30:00+00:00,2026-08-24T23:00:00+00:00,Now Wave presents Flock of Dimes at YES Pink Room on 24th August 2026,"{'doorsopen': '19:30', 'doorsclose': '23:00', 'lastentry': ''}",18,,0,0,True,"{'minPrice': 19.5, 'maxPrice': 19.5}",,public,,False,{'enabled': False},,GBP,[],"[{'genreid': '26', 'name': 'Indie'}, {'genreid': '46', 'name': 'Alternative'}]",[]
42329566,2243532,False,2243532,False,0,LIVE,Wednesday,0,,,,,"{'id': 35014, 'name': 'O2 Ritz', 'address': 'Whitworth Street West', 'town': 'Manchester', 'postcode_lookup': 'Manchester', 'postcode': 'M1 5NQ', 'region': 'Greater Manchester', 'country': 'GB', 'phone': '0161 552 6374', 'latitude': 53.474327, 'longitude': -2.242936, 'type': 'live', 'rating': 4, 'reviewCount': 1267, 'distance': 537.26927858996}",https://d31fr2pwly4c4s.cloudfront.net/a/5/e/2243532_82438b1d_wednesday_th.jpg,https://d31fr2pwly4c4s.cloudfront.net/a/5/e/2243532_82438b1d_wednesday.jpg,https://d31fr2pwly4c4s.cloudfront.net/a/5/e/2243532_82438b1d_wednesday_1024.jpg,https://d31fr2pwly4c4s.cloudfront.net/a/5/e/2243532_82438b1d_wednesday_1024.webp,https://www.skiddle.com/whats-on/Manchester/O2-Ritz/Wednesday/42329566/,2026-08-25,2026-08-25T19:00:00+00:00,2026-08-25T23:00:00+00:00,"Now Wave presents Wednesday plus support Joe Harvey-Whyte & Bobby Lee at O2 Ritz, Manchester on 25th August 2026","{'doorsopen': '19:00', 'doorsclose': '23:00', 'lastentry': ''}",8,,0,0,True,"{'minPrice': 25.95, 'maxPrice': 25.95}",,public,,False,{'enabled': False},#081828,GBP,"[{'artistid': '123577529', 'name': 'Wednesday', 'image': 'https://d1plawd8huk6hh.cloudfront.net/assets/default400.png', 'spotifyartisturl': 'spotify:artist:4j7DrazfBZLLD0OrVoAtEe'}]","[{'genreid': '26', 'name': 'Indie'}, {'genreid': '46', 'name': 'Alternative'}]",[]
42569997,2298700,False,HdmgDwDDn4,False,0,LIVE,Open Mic Night every Tuesday,0,,,,,"{'id': 133956, 'name': 'The Trading Route', 'address': '1 Goods Yard St', 'town': 'Manchester', 'postcode_lookup': 'Manchester', 'postcode': 'M3 3BG', 'region': 'Greater Manchester', 'country': 'GB', 'phone': '', 'latitude': 53.4785843, 'longitude': -2.2563368, 'type': 'bar', 'rating': 5, 'reviewCount': 3, 'distance': 751.6317244022927}",https://d31fr2pwly4c4s.cloudfront.net/1/d/2/2258961_96b87705_open-mic-night-every-tuesday_th.jpg,https://d31fr2pwly4c4s.cloudfront.net/1/d/2/2258961_96b87705_open-mic-night-every-tuesday.jpg,https://d31fr2pwly4c4s.cloudfront.net/1/d/2/2258961_96b87705_open-mic-night-every-tuesday_1024.jpg,https://d31fr2pwly4c4s.cloudfront.net/1/d/2/2258961_96b87705_open-mic-night-every-tuesday_1024.webp,https://www.skiddle.com/whats-on/Manchester/The-Trading-Route/Open-Mic-Night-every-Tuesday/42569997/,2026-08-25,2026-08-25T19:00:00+00:00,2026-08-25T23:00:00+00:00,Lo-Tide are coming to Trading Route to bring an all-new open mic night every Tuesday!,"{'doorsopen': '19:00', 'doorsclose': '23:00', 'lastentry': '23:00'}",18,,0,0,False,"{'minPrice': 25.95, 'maxPrice': 25.95}",,public,,False,{'enabled': False},,GBP,[],[],[]
42439408,2269187,False,2269187,False,0,LIVE,Golomb,0,,,,,"{'id': 139541, 'name': 'The Abbey', 'address': 'Guildhall Close, Manchester Science Park', 'town': 'Manchester', 'postcode_lookup': 'Manchester', 'postcode': 'M15 6SY', 'region': 'Greater Manchester', 'country': 'GB', 'phone': '', 'latitude': 53.4615523, 'longitude': -2.238415, 'type': 'bar', 'rating': 0, 'reviewCount': 0, 'distance': 1988.4526268313864}",https://d31fr2pwly4c4s.cloudfront.net/2/9/1/2269187_90852e09_golomb_th.jpg,https://d31fr2pwly4c4s.cloudfront.net/2/9/1/2269187_90852e09_golomb.jpg,https://d31fr2pwly4c4s.cloudfront.net/2/9/1/2269187_90852e09_golomb_1024.jpg,https://d31fr2pwly4c4s.cloudfront.net/2/9/1/2269187_90852e09_golomb_1024.webp,https://www.skiddle.com/whats-on/Manchester/The-Abbey/Golomb/42439408/,2026-08-26,2026-08-26T19:00:00+00:00,2026-08-26T23:00:00+00:00,Golomb comes to The Abbey,"{'doorsopen': '19:00', 'doorsclose': '23:00', 'lastentry': ''}",18,,0,0,True,"{'minPrice': 12.5, 'maxPrice': 12.5}",,public,,False,{'enabled': False},#f8f8f8,GBP,[],"[{'genreid': '5', 'name': 'Rock'}, {'genreid': '26', 'name': 'Indie'}, {'genreid': '46', 'name': 'Alternative'}]",[]
42460065,2272539,False,2272539,False,0,LIVE,Way Dynamic,0,,,,,"{'id': 106846, 'name': 'YES Pink Room', 'address': '38 Charles Street', 'town': 'Manchester', 'postcode_lookup': 'Manchester', 'postcode': 'M1 7DB', 'region': 'Greater Manchester', 'country': 'GB', 'phone': '', 'latitude': 53.4741165, 'longitude': -2.2383327, 'type': 'Nightclub', 'rating': 4, 'reviewCount': 290, 'distance': 699.6816613434604}",https://d31fr2pwly4c4s.cloudfront.net/f/c/7/2272539_6f92b916_way-dynamic_th.jpg,https://d31fr2pwly4c4s.cloudfront.net/f/c/7/2272539_6f92b916_way-dynamic.jpg,https://d31fr2pwly4c4s.cloudfront.net/f/c/7/2272539_6f92b916_way-dynamic_1024.jpg,https://d31fr2pwly4c4s.cloudfront.net/f/c/7/2272539_6f92b916_way-dynamic_1024.webp,https://www.skiddle.com/whats-on/Manchester/YES-Pink-Room/Way-Dynamic/42460065/,2026-08-26,2026-08-26T19:30:00+00:00,2026-08-26T23:00:00+00:00,Now Wave presents Way Dynamic plus Snowy at YES Pink Room on 26th August 2026,"{'doorsopen': '19:30', 'doorsclose': '23:00', 'lastentry': ''}",18,,0,0,True,"{'minPrice': 15.5, 'maxPrice': 15.5}",,public,,False,{'enabled': False},#e8e8e8,GBP,[],"[{'genreid': '26', 'name': 'Indie'}, {'genreid': '46', 'name': 'Alternative'}]",[]
42128357,2211485,False,2211485,False,0,LIVE,Finley Quaye + Very Special guest support in Oldham.,0,,,,,"{'id': 99777, 'name': 'Whittles  Tokyo Project', 'address': '57 Roscoe Street', 'town': 'Oldham', 'postcode_lookup': 'Oldham', 'postcode': 'OL1 1EA', 'region': 'Manchester', 'country': 'GB', 'phone': '07740815496 ', 'latitude': 53.541333, 'longitude': -2.105468, 'type': 'Nightclub', 'rating': 4, 'reviewCount': 61, 'distance': 11539.969000455332}",https://d31fr2pwly4c4s.cloudfront.net/e/7/0/2211485_d35a9cbc_finley-quaye-very-special-guest-support-in-oldham-_th.jpg,https://d31fr2pwly4c4s.cloudfront.net/e/7/0/2211485_d35a9cbc_finley-quaye-very-special-guest-support-in-oldham-.jpg,https://d31fr2pwly4c4s.cloudfront.net/e/7/0/2211485_d35a9cbc_finley-quaye-very-special-guest-support-in-oldham-_1024.jpg,https://d31fr2pwly4c4s.cloudfront.net/e/7/0/2211485_d35a9cbc_finley-quaye-very-special-guest-support-in-oldham-_1024.webp,https://www.skiddle.com/whats-on/Oldham/Whittles--Tokyo-Project/Finley-Quaye--Very-Special-guest-support-in-Oldham/42128357/,2026-08-27,2026-08-27T19:00:00+00:00,2026-08-27T23:30:00+00:00,Finley Quaye performs at Whittles Oldham - the 90s Brit icon behind Maverick A Strike brings his genre blending magic back to the stage.,"{'doorsopen': '19:00', 'doorsclose': '23:30', 'lastentry': ''}",,,0,0,True,"{'minPrice': 13.4, 'maxPrice': 13.4}",,public,,False,{'enabled': False},#080808,GBP,"[{'artistid': '123467794', 'name': 'Finley Quaye', 'image': 'https://d1mdxzfl9p8pzo.cloudfront.net/4/123467794_267.jpg', 'spotifyartisturl': 'spotify:artist:1pf3joSSGlPRxmUoWSsh1W'}]","[{'genreid': '20', 'name': 'Pop'}, {'genreid': '43', 'name': 'Soul'}, {'genreid': '68', 'name': 'Reggae'}]",[]
42519769,2290081,False,exSxR0RpkH,False,0,LIVE,"RnB, Hip Hop + Afrobeats 'Til Late",0,,,,,"{'id': 104602, 'name': 'The Blues Kitchen', 'address': '13 Quay Street', 'town': 'Manchester', 'postcode_lookup': 'Manchester', 'postcode': 'M3 3HN', 'region': 'Greater Manchester', 'country': 'GB', 'phone': '', 'latitude': 53.4782265, 'longitude': -2.2504397, 'type': 'bar', 'rating': 4, 'reviewCount': 319, 'distance': 370.10660406021236}",https://d31fr2pwly4c4s.cloudfront.net/4/a/d/1864957_568661a1_hip-hop-afrobeats-rnb-til-late_th.jpg,https://d31fr2pwly4c4s.cloudfront.net/4/a/d/1864957_568661a1_hip-hop-afrobeats-rnb-til-late.jpg,https://d31fr2pwly4c4s.cloudfront.net/4/a/d/1864957_568661a1_hip-hop-afrobeats-rnb-til-late_1024.jpg,https://d31fr2pwly4c4s.cloudfront.net/4/a/d/1864957_568661a1_hip-hop-afrobeats-rnb-til-late_1024.webp,https://www.skiddle.com/whats-on/Manchester/The-Blues-Kitchen/RnB-Hip-Hop--Afrobeats-Til-Late/42519769/,2026-08-28,2026-08-28T19:00:00+00:00,2026-08-29T03:00:00+00:00,"From Beyoncé to Drake, Burna Boy to Lauryn Hill - Manchester's finest artists bring a mix of old-school classics and new-school favourites.","{'doorsopen': '19:00', 'doorsclose': '03:00', 'lastentry': ''}",21,,0,0,True,"{'minPrice': 0, 'maxPrice': 0}",,public,,False,{'enabled': False},,GBP,[],[],[]
42162658,2220035,False,2220035,False,0,LIVE,GENA feat. Liv.e & Karriem Riggins,1,2026-06-04 14:26:52,cancelled,Automatic cancellation: All future dates in the event series have been cancelled,,"{'id': 536, 'name': 'Band On The Wall', 'address': '25 Swan Street', 'town': 'Manchester', 'postcode_lookup': 'Manchester', 'postcode': 'M4 5JZ', 'region': 'Greater Manchester', 'country': 'GB', 'phone': '0161 834 1786', 'latitude': 53.485227, 'longitude': -2.234386, 'type': 'live', 'rating': 4, 'reviewCount': 1323, 'distance': 986.2450438131307}",https://d31fr2pwly4c4s.cloudfront.net/1/7/b/2220035_8a4af37f_gena-feat-liv-e-karriem-riggins_th.jpg,https://d31fr2pwly4c4s.cloudfront.net/1/7/b/2220035_8a4af37f_gena-feat-liv-e-karriem-riggins.jpg,https://d31fr2pwly4c4s.cloudfront.net/1/7/b/2220035_8a4af37f_gena-feat-liv-e-karriem-riggins_1024.jpg,https://d31fr2pwly4c4s.cloudfront.net/1/7/b/2220035_8a4af37f_gena-feat-liv-e-karriem-riggins_1024.webp,https://www.skiddle.com/whats-on/Manchester/Band-On-The-Wall/GENA-feat-Live--Karriem-Riggins/42162658/,2026-08-28,2026-08-28T19:00:00+00:00,2026-08-28T22:00:00+00:00,Soul-laden experimental R&B,"{'doorsopen': '19:00', 'doorsclose': '22:00', 'lastentry': '19:30'}",10,,0,0,False,"{'minPrice': 21.5, 'maxPrice': 21.5}",,public,,False,{'enabled': False},#080808,GBP,"[{'artistid': '123561675', 'name': 'Karriem Riggins', 'image': 'https://d1plawd8huk6hh.cloudfront.net/assets/default400.png', 'spotifyartisturl': 'spotify:artist:6e7BQ0gM6o8ecMXRZkXxlZ'}]","[{'genreid': '4', 'name': 'R&B'}, {'genreid': '39', 'name': 'Hip Hop'}]",[]
42439193,2269073,False,2269073,False,0,LIVE,Cerebral Incubation - Manchester,0,,,,,"{'id': 93480, 'name': 'Star And Garter', 'address': '18-20 Fairfield Street', 'town': 'Manchester', 'postcode_lookup': 'Manchester', 'postcode': 'M1 2QF', 'region': 'Greater Manchester', 'country': 'GB', 'phone': '0161 273 6726', 'latitude': 53.4760941, 'longitude': -2.2271799, 'type': 'live', 'rating': 4, 'reviewCount': 59, 'distance': 1222.7325950279715}",https://d31fr2pwly4c4s.cloudfront.net/2/f/4/2269073_2574a8ac_cerebral-incubation-manchester_th.jpg,https://d31fr2pwly4c4s.cloudfront.net/2/f/4/2269073_2574a8ac_cerebral-incubation-manchester.jpg,https://d31fr2pwly4c4s.cloudfront.net/2/f/4/2269073_2574a8ac_cerebral-incubation-manchester_1024.jpg,https://d31fr2pwly4c4s.cloudfront.net/2/f/4/2269073_2574a8ac_cerebral-incubation-manchester_1024.webp,https://www.skiddle.com/whats-on/Manchester/Star-And-Garter/Cerebral-Incubation---Manchester/42439193/,2026-08-28,2026-08-28T19:00:00+00:00,2026-08-28T23:00:00+00:00,USA based Slam titans Cerebral Incubation return to Manchester for the first time in 9 years to decimate Star & Garter,"{'doorsopen': '19:00', 'doorsclose': '23:00', 'lastentry': '19:15'}",14,,0,0,True,"{'minPrice': 25, 'maxPrice': 25}",,public,,False,{'enabled': False},#282828,GBP,"[{'artistid': '123613277', 'name': '.357 homicide', 'image': 'https://d1plawd8huk6hh.cloudfront.net/assets/default400.png', 'spotifyartisturl': 'spotify:artist:5R1MGbXEoOFQGd93Lrm5nS'}]","[{'genreid': '27', 'name': 'Metal'}]",[]
42514914,2289208,False,2289208,False,0,LIVE,Dressed to Kill - Kiss tribute,0,,,,,"{'id': 132745, 'name': 'Holy Diver', 'address': '1 Princes Street', 'town': 'Stockport', 'postcode_lookup': 'Stockport', 'postcode': 'SK1 1SL', 'region': 'Manchester', 'country': 'GB', 'phone': '', 'latitude': 53.41117375, 'longitude': -2.16158853, 'type': 'live', 'rating': 4, 'reviewCount': 118, 'distance': 9348.609370065313}",https://d1plawd8huk6hh.cloudfront.net/assets/default400.png,https://d1plawd8huk6hh.cloudfront.net/assets/default400.png,https://d1plawd8huk6hh.cloudfront.net/assets/default400.png,False,https://www.skiddle.com/whats-on/Stockport/Holy-Diver/Dressed-to-Kill---Kiss-tribute/42514914/,2026-08-28,2026-08-28T19:00:00+00:00,2026-08-28T22:30:00+00:00,The UK's best longstanding tribute to Kiss take to the Holy Diver stage for an action packed and jaw dropping show this August. Don't miss out !,"{'doorsopen': '19:00', 'doorsclose': '22:30', 'lastentry': ''}",18,,0,0,True,"{'minPrice': 8, 'maxPrice': 8}",,public,,False,{'enabled': False},,GBP,[],"[{'genreid': '5', 'name': 'Rock'}]",[]
42098295,2209461,False,2209461,False,0,LIVE,BLUETONES - Warrington Irish Club - Fri 28th Aug  - FULL BAND!!,0,,,,,"{'id': 82736, 'name': 'The Irish Club', 'address': '83 Orford Lane', 'town': 'Warrington', 'postcode_lookup': 'Warrington', 'postcode': 'WA2 7AL', 'region': 'Cheshire', 'country': 'GB', 'phone': '01925 243363', 'latitude': 53.3966949, 'longitude': -2.5896419, 'type': 'live', 'rating': 4, 'reviewCount': 1333, 'distance': 24594.638830074164}",https://d31fr2pwly4c4s.cloudfront.net/a/a/4/2209461_3c0188d6_bluetones-warrington-irish-club-fri-28th-aug-full-band-_th.jpg,https://d31fr2pwly4c4s.cloudfront.net/a/a/4/2209461_3c0188d6_bluetones-warrington-irish-club-fri-28th-aug-full-band-.jpg,https://d31fr2pwly4c4s.cloudfront.net/a/a/4/2209461_3c0188d6_bluetones-warrington-irish-club-fri-28th-aug-full-band-_1024.jpg,https://d31fr2pwly4c4s.cloudfront.net/a/a/4/2209461_3c0188d6_bluetones-warrington-irish-club-fri-28th-aug-full-band-_1024.webp,https://www.skiddle.com/whats-on/Warrington/The-Irish-Club/BLUETONES---Warrington-Irish-Club---Fri-28th-Aug----FULL-BAND/42098295/,2026-08-28,2026-08-28T19:30:00+00:00,2026-08-28T23:15:00+00:00,"The Bluetones return to Warrington Irish Club for what will be another sell out!!!
Hear Classic Bluetones songs spanning a 30 year career","{'doorsopen': '19:30', 'doorsclose': '23:15', 'lastentry': '20:00'}",14,,0,0,True,"{'minPrice': 30, 'maxPrice': 30}",,public,,False,{'enabled': False},#881818,GBP,"[{'artistid': '778574', 'name': 'The Bluetones', 'image': 'https://d1mdxzfl9p8pzo.cloudfront.net/4/778574_267.jpg', 'spotifyartisturl': 'spotify:artist:66nOkPJTFgK25NMmojG04V'}, {'artistid': '123457094', 'name': 'Mark Morriss', 'image': 'https://d1mdxzfl9p8pzo.cloudfront.net/4/123457094_267.jpg', 'spotifyartisturl': 'spotify:artist:1P03TovvDNlr7ISC0lbVSr'}]","[{'genreid': '26', 'name': 'Indie'}, {'genreid': '82', 'name': '1990s'}, {'genreid': '93', 'name': 'Brit Pop'}, {'genreid': '98', 'name': 'Indie Pop'}, {'genreid': '126', 'name': 'Alternative Pop'}]",[]
42573700,2299889,False,2299889,False,0,LIVE,Fieldsy Live In Manchester,0,,,,,"{'id': 133638, 'name': 'Irish World Heritage Center', 'address': '1 Irish Town Way', 'town': 'Manchester', 'postcode_lookup': 'Manchester', 'postcode': 'M8 0AE', 'region': 'Greater Manchester', 'country': 'GB', 'phone': '', 'latitude': 53.5005, 'longitude': -2.2297321, 'type': 'live', 'rating': 0, 'reviewCount': 0, 'distance': 2595.316207225266}",https://d31fr2pwly4c4s.cloudfront.net/5/9/0/2299889_90262036_Fieldsy-Live-In-Manchester_th.jpg,https://d31fr2pwly4c4s.cloudfront.net/5/9/0/2299889_90262036_Fieldsy-Live-In-Manchester.jpg,https://d31fr2pwly4c4s.cloudfront.net/5/9/0/2299889_90262036_Fieldsy-Live-In-Manchester_1024.jpg,https://d31fr2pwly4c4s.cloudfront.net/5/9/0/2299889_90262036_Fieldsy-Live-In-Manchester_1024.webp,https://www.skiddle.com/whats-on/Manchester/Irish-World-Heritage-Center/Fieldsy-Live-In-Manchester/42573700/,2026-08-28,2026-08-28T20:00:00+00:00,2026-08-28T23:00:00+00:00,"Fieldsy is back with her Irish Ballad and Rebel songs show.
The show will take place In The World Heritage Centre Manchester.","{'doorsopen': '20:00', 'doorsclose': '23:00', 'lastentry': '21:00'}",16,,0,0,True,"{'minPrice': 20, 'maxPrice': 20}",,public,,False,{'enabled': False},#282828,GBP,[],"[{'genreid': '44', 'name': 'Folk'}]",[]
42589315,2303722,False,2303722,False,0,LIVE,"Northern Days, Indie Nights",0,,,,,"{'id': 31352, 'name': 'The Boulevard', 'address': '19 Wallgate', 'town': 'Wigan', 'postcode_lookup': 'Wigan', 'postcode': 'WN1 1LD', 'region': 'Manchester', 'country': 'GB', 'phone': '01942 497165', 'latitude': 53.545353, 'longitude': -2.632159, 'type': 'live', 'rating': 4, 'reviewCount': 206, 'distance': 26641.851522854213}",https://d1plawd8huk6hh.cloudfront.net/assets/default400.png,https://d1plawd8huk6hh.cloudfront.net/assets/default400.png,https://d1plawd8huk6hh.cloudfront.net/assets/default400.png,False,https://www.skiddle.com/whats-on/Wigan/The-Boulevard/Northern-Days-Indie-Nights/42589315/,2026-08-28,2026-08-28T20:00:00+00:00,2026-08-29T02:00:00+00:00,"The very best Indie sounds from the 80s, 90s and beyond, featuring live music from The IndieTweeners and a DJ set from NotAClubDJ.","{'doorsopen': '20:00', 'doorsclose': '02:00', 'lastentry': '21:00'}",18,,0,0,True,"{'minPrice': 8, 'maxPrice': 8}",,public,,False,{'enabled': False},,GBP,[],"[{'genreid': '5', 'name': 'Rock'}, {'genreid': '26', 'name': 'Indie'}, {'genreid': '46', 'name': 'Alternative'}, {'genreid': '93', 'name': 'Brit Pop'}, {'genreid': '98', 'name': 'Indie Pop'}]",[]
42589246,2303654,False,2303654,False,0,LIVE,Can I Kick It? - 90s Daytime Party,0,,,,,"{'id': 61835, 'name': 'Whitefield Conservative Club Ltd', 'address': 'Elms Street, Whitefield', 'town': 'Manchester', 'postcode_lookup': 'Manchester', 'postcode': 'M45 8GQ', 'region': 'Greater Manchester', 'country': 'GB', 'phone': '01617662030', 'latitude': 53.5527725, 'longitude': -2.2961188, 'type': 'live', 'rating': 0, 'reviewCount': 0, 'distance': 8872.118079901049}",https://d31fr2pwly4c4s.cloudfront.net/3/e/a/2303654_5f4221ea_can-i-kick-it-90s-daytime-party_th.jpg,https://d31fr2pwly4c4s.cloudfront.net/3/e/a/2303654_5f4221ea_can-i-kick-it-90s-daytime-party.jpg,https://d31fr2pwly4c4s.cloudfront.net/3/e/a/2303654_5f4221ea_can-i-kick-it-90s-daytime-party_1024.jpg,https://d31fr2pwly4c4s.cloudfront.net/3/e/a/2303654_5f4221ea_can-i-kick-it-90s-daytime-party_1024.webp,https://www.skiddle.com/whats-on/Manchester/Whitefield-Conservative-Club-Ltd/Can-I-Kick-It---90s-Daytime-Party/42589246/,2026-08-29,2026-08-29T15:00:00+00:00,2026-08-29T21:00:00+00:00,"Get ready for an afternoon packed with Britpop, dancefloor anthems, club classics, pop favourites and the biggest singalong hits of the decade.","{'doorsopen': '15:00', 'doorsclose': '21:00', 'lastentry': ''}",18,,0,0,True,"{'minPrice': 6, 'maxPrice': 6}",,public,,False,{'enabled': False},#080808,GBP,[],"[{'genreid': '21', 'name': 'Club Classics'}, {'genreid': '76', 'name': 'Retro and Throwbacks'}, {'genreid': '93', 'name': 'Brit Pop'}, {'genreid': '98', 'name': 'Indie Pop'}]",[]
42581545,2301463,False,2301463,False,0,LIVE,The Scouseness - LIVE,0,,,,,"{'id': 124671, 'name': 'The Eagle Inn Salford', 'address': '19, Collier Street', 'town': 'Salford', 'postcode_lookup': 'Manchester', 'postcode': 'M3 7DW', 'region': 'Greater Manchester', 'country': 'GB', 'phone': '01617060647', 'latitude': 53.4872773, 'longitude': -2.2511663, 'type': 'live', 'rating': 4, 'reviewCount': 67, 'distance': 1006.775787483566}",https://d31fr2pwly4c4s.cloudfront.net/4/d/9/2301463_14699617_The-Scouseness---LIVE_th.jpg,https://d31fr2pwly4c4s.cloudfront.net/4/d/9/2301463_14699617_The-Scouseness---LIVE.jpg,https://d31fr2pwly4c4s.cloudfront.net/4/d/9/2301463_14699617_The-Scouseness---LIVE_1024.jpg,https://d31fr2pwly4c4s.cloudfront.net/4/d/9/2301463_14699617_The-Scouseness---LIVE_1024.webp,https://www.skiddle.com/whats-on/Manchester/The-Eagle-Inn-Salford/The-Scouseness---LIVE/42581545/,2026-08-29,2026-08-29T19:00:00+00:00,2026-08-29T23:00:00+00:00,"The Scouseness brings music, comedy and chaos to the stage. Big tunes, loads of laughs and proper crowd energy.","{'doorsopen': '19:00', 'doorsclose': '23:00', 'lastentry': '19:30'}",18,,0,0,True,"{'minPrice': 7, 'maxPrice': 10}",,public,,False,{'enabled': False},#283858,GBP,"[{'artistid': '123622147', 'name': 'The Scouseness', 'image': 'https://d1mdxzfl9p8pzo.cloudfront.net/7/123622147_23f87a9d_1024.jpg', 'spotifyartisturl': 'spotify:artist:6Z6GLyXRCOZqGLep7xb6ZV'}]","[{'genreid': '20', 'name': 'Pop'}, {'genreid': '26', 'name': 'Indie'}, {'genreid': '46', 'name': 'Alternative'}, {'genreid': '61', 'name': 'Electronic'}, {'genreid': '68', 'name': 'Reggae'}]",[]
42574431,2300072,False,2300072,False,0,LIVE,Skrike,0,,,,,"{'id': 132745, 'name': 'Holy Diver', 'address': '1 Princes Street', 'town': 'Stockport', 'postcode_lookup': 'Stockport', 'postcode': 'SK1 1SL', 'region': 'Manchester', 'country': 'GB', 'phone': '', 'latitude': 53.41117375, 'longitude': -2.16158853, 'type': 'live', 'rating': 4, 'reviewCount': 118, 'distance': 9348.609370065313}",https://d1plawd8huk6hh.cloudfront.net/assets/default400.png,https://d1plawd8huk6hh.cloudfront.net/assets/default400.png,https://d1plawd8huk6hh.cloudfront.net/assets/default400.png,False,https://www.skiddle.com/whats-on/Stockport/Holy-Diver/Skrike/42574431/,2026-08-29,2026-08-29T19:00:00+00:00,2026-08-29T22:30:00+00:00,"Skrike Bring their Haunting heavy Metal sounds to Holy Diver this August , For a show you wont forget!","{'doorsopen': '19:00', 'doorsclose': '22:30', 'lastentry': ''}",18,,0,0,True,"{'minPrice': 7, 'maxPrice': 7}",,public,,False,{'enabled': False},,GBP,[],"[{'genreid': '27', 'name': 'Metal'}]",[]
42495659,2283034,False,2283034,False,0,LIVE,Hayloft Hoedown #2,0,,,,,"{'id': 138668, 'name': 'The Hayloft Cheshire', 'address': 'Sandy Lane', 'town': 'Bold Heath', 'postcode_lookup': 'Warrington', 'postcode': 'WA8 3PX', 'region': 'Cheshire', 'country': 'GB', 'phone': '01925 726220', 'latitude': 53.3913269, 'longitude': -2.6777405, 'type': 'Restaurant', 'rating': 4, 'reviewCount': 5, 'distance': 30278.11547044931}",https://d31fr2pwly4c4s.cloudfront.net/3/b/7/2283034_4a1b89e8_hayloft-hoedown-2_th.jpg,https://d31fr2pwly4c4s.cloudfront.net/3/b/7/2283034_4a1b89e8_hayloft-hoedown-2.jpg,https://d31fr2pwly4c4s.cloudfront.net/3/b/7/2283034_4a1b89e8_hayloft-hoedown-2_1024.jpg,https://d31fr2pwly4c4s.cloudfront.net/3/b/7/2283034_4a1b89e8_hayloft-hoedown-2_1024.webp,https://www.skiddle.com/whats-on/Warrington/The-Hayloft-Cheshire/Hayloft-Hoedown-2/42495659/,2026-08-29,2026-08-29T19:00:00+00:00,2026-08-30T00:30:00+00:00,"After the huge success of our first event, The Hayloft Hoedown is back! Join us for another unforgettable night of country music & line dancing","{'doorsopen': '19:00', 'doorsclose': '00:30', 'lastentry': '19:00'}",18,,0,0,True,"{'minPrice': 10, 'maxPrice': 12.5}",,public,,False,{'enabled': False},#080808,GBP,[],"[{'genreid': '71', 'name': 'Country/Americana'}]",[]
42574391,2300051,False,2300051,False,0,LIVE,"Errol Dunkley and Richie Davies , Big people's affair",0,,,,,"{'id': 138325, 'name': 'WISSC Westwood Street', 'address': 'Westwood Street', 'town': 'Manchester', 'postcode_lookup': 'Manchester', 'postcode': 'M14 4SW', 'region': 'Greater Manchester', 'country': 'GB', 'phone': '', 'latitude': 53.4574118, 'longitude': -2.243043, 'type': 'Other', 'rating': 5, 'reviewCount': 1, 'distance': 2403.99413847116}",https://d31fr2pwly4c4s.cloudfront.net/b/5/b/2300051_91a8c83d_errol-dunkley-and-richie-davies-big-people-s-affair_th.jpg,https://d31fr2pwly4c4s.cloudfront.net/b/5/b/2300051_91a8c83d_errol-dunkley-and-richie-davies-big-people-s-affair.jpg,https://d31fr2pwly4c4s.cloudfront.net/b/5/b/2300051_91a8c83d_errol-dunkley-and-richie-davies-big-people-s-affair_1024.jpg,https://d31fr2pwly4c4s.cloudfront.net/b/5/b/2300051_91a8c83d_errol-dunkley-and-richie-davies-big-people-s-affair_1024.webp,https://www.skiddle.com/whats-on/Manchester/WISSC-Westwood-Street/Errol-Dunkley-and-Richie-Davies--Big-peoples-affair/42574391/,2026-08-29,2026-08-29T21:00:00+00:00,2026-08-30T03:00:00+00:00,"Live PA featuring reggae icons Errol Dunkley and Richie Davies, singing all their hits, music provided by Baron turbo charge and Bosey Smiley","{'doorsopen': '21:00', 'doorsclose': '03:00', 'lastentry': ''}",18,,0,0,True,"{'minPrice': 15, 'maxPrice': 15}",,public,,False,{'enabled': False},#f8f8f8,GBP,[],"[{'genreid': '19', 'name': 'Old Skool'}, {'genreid': '43', 'name': 'Soul'}, {'genreid': '68', 'name': 'Reggae'}, {'genreid': '95', 'name': 'Afrobeat'}]",[]
42502171,2284163,False,2284163,False,0,LIVE,VMBRA Album Launch Show,0,,,,,"{'id': 1284, 'name': 'Gullivers', 'address': '109 Oldham Street', 'town': 'Manchester', 'postcode_lookup': 'Manchester', 'postcode': 'M4 1LW', 'region': 'Greater Manchester', 'country': 'GB', 'phone': '01618192970', 'latitude': 53.483919, 'longitude': -2.233949, 'type': 'live', 'rating': 4, 'reviewCount': 236, 'distance': 913.1775638362873}",https://d31fr2pwly4c4s.cloudfront.net/f/d/9/2284163_72fae8c6_vmbra-album-launch-show_th.jpg,https://d31fr2pwly4c4s.cloudfront.net/f/d/9/2284163_72fae8c6_vmbra-album-launch-show.jpg,https://d31fr2pwly4c4s.cloudfront.net/f/d/9/2284163_72fae8c6_vmbra-album-launch-show_1024.jpg,https://d31fr2pwly4c4s.cloudfront.net/f/d/9/2284163_72fae8c6_vmbra-album-launch-show_1024.webp,https://www.skiddle.com/whats-on/Manchester/Gullivers/VMBRA-Album-Launch-Show/42502171/,2026-08-30,2026-08-30T19:00:00+00:00,2026-08-30T23:00:00+00:00,"VMBRA celebrate the release of their album ""Polylith"" 

Support from Technologist and Ingenue.","{'doorsopen': '19:00', 'doorsclose': '23:00', 'lastentry': ''}",18,,0,0,True,"{'minPrice': 10, 'maxPrice': 10}",,public,,False,{'enabled': False},#080808,GBP,[],"[{'genreid': '5', 'name': 'Rock'}, {'genreid': '27', 'name': 'Metal'}, {'genreid': '125', 'name': 'Progressive Rock'}]",[]
42333337,2244936,False,2244936,False,0,LIVE,Current Joys,0,,,,,"{'id': 4126, 'name': 'New Century', 'address': 'New Century Hall, Corporation Street', 'town': 'Manchester', 'postcode_lookup': 'Manchester', 'postcode': 'M60 4ES', 'region': 'Greater Manchester', 'country': 'GB', 'phone': '07920050502', 'latitude': 53.487137, 'longitude': -2.239795, 'type': 'live', 'rating': 4, 'reviewCount': 430, 'distance': 968.1195129339583}",https://d31fr2pwly4c4s.cloudfront.net/6/c/1/2244936_f7505480_current-joys_th.jpg,https://d31fr2pwly4c4s.cloudfront.net/6/c/1/2244936_f7505480_current-joys.jpg,https://d31fr2pwly4c4s.cloudfront.net/6/c/1/2244936_f7505480_current-joys_1024.jpg,https://d31fr2pwly4c4s.cloudfront.net/6/c/1/2244936_f7505480_current-joys_1024.webp,https://www.skiddle.com/whats-on/Manchester/New-Century/Current-Joys/42333337/,2026-08-30,2026-08-30T19:00:00+00:00,2026-08-30T23:00:00+00:00,"Now Wave presents Current Joys plus support Fantasy of a Broken heart at New Century, Manchester on 30th August 2026","{'doorsopen': '19:00', 'doorsclose': '23:00', 'lastentry': ''}",14,,0,0,True,"{'minPrice': 21.5, 'maxPrice': 21.5}",,public,,False,{'enabled': False},#281818,GBP,"[{'artistid': '123561994', 'name': 'Current Joys', 'image': 'https://d1plawd8huk6hh.cloudfront.net/assets/default400.png', 'spotifyartisturl': 'spotify:artist:0m5FakHKCQdA7UN0PIzMcL'}]","[{'genreid': '26', 'name': 'Indie'}, {'genreid': '46', 'name': 'Alternative'}]",[]
42571138,2299260,False,2299260,False,0,LIVE,An Evening With Tony McCarroll,0,,,,,"{'id': 130809, 'name': 'Bask', 'address': '20 Railway Road', 'town': 'Stockport', 'postcode_lookup': 'Stockport', 'postcode': 'SK1 3SW', 'region': 'Manchester', 'country': 'GB', 'phone': '', 'latitude': 53.4059707, 'longitude': -2.1618229, 'type': 'bar', 'rating': 4, 'reviewCount': 1, 'distance': 9812.77574062472}",https://d31fr2pwly4c4s.cloudfront.net/8/5/c/2299260_bedb73a2_an-evening-with-tony-mccarroll_th.jpg,https://d31fr2pwly4c4s.cloudfront.net/8/5/c/2299260_bedb73a2_an-evening-with-tony-mccarroll.jpg,https://d31fr2pwly4c4s.cloudfront.net/8/5/c/2299260_bedb73a2_an-evening-with-tony-mccarroll_1024.jpg,https://d31fr2pwly4c4s.cloudfront.net/8/5/c/2299260_bedb73a2_an-evening-with-tony-mccarroll_1024.webp,https://www.skiddle.com/whats-on/Stockport/Bask/An-Evening-With-Tony-McCarroll/42571138/,2026-08-30,2026-08-30T19:00:00+00:00,2026-08-30T22:30:00+00:00,"The original Oasis drummer who created ""THOSE BEATS"" that stuck in your head - lands for a special Q&A","{'doorsopen': '19:00', 'doorsclose': '22:30', 'lastentry': '20:00'}",18,,0,0,True,"{'minPrice': 16, 'maxPrice': 25}",,public,,False,{'enabled': False},#080808,GBP,"[{'artistid': '123606992', 'name': 'Tony McCarroll', 'image': 'https://d1mdxzfl9p8pzo.cloudfront.net/2/123606992_78b96de2_1024.jpg', 'spotifyartisturl': 'spotify:artist:4IG7mtOD4QgJ4Cly7dCcHw'}]",[],[]
42467354,2274183,False,2274183,False,0,LIVE,Todd Edwards: Bank Holiday Special,0,,,,,"{'id': 104602, 'name': 'The Blues Kitchen', 'address': '13 Quay Street', 'town': 'Manchester', 'postcode_lookup': 'Manchester', 'postcode': 'M3 3HN', 'region': 'Greater Manchester', 'country': 'GB', 'phone': '', 'latitude': 53.4782265, 'longitude': -2.2504397, 'type': 'bar', 'rating': 4, 'reviewCount': 319, 'distance': 370.10660406021236}",https://d31fr2pwly4c4s.cloudfront.net/4/3/8/2274183_63f13338_todd-edwards_th.jpg,https://d31fr2pwly4c4s.cloudfront.net/4/3/8/2274183_63f13338_todd-edwards.jpg,https://d31fr2pwly4c4s.cloudfront.net/4/3/8/2274183_63f13338_todd-edwards_1024.jpg,https://d31fr2pwly4c4s.cloudfront.net/4/3/8/2274183_63f13338_todd-edwards_1024.webp,https://www.skiddle.com/whats-on/Manchester/The-Blues-Kitchen/Todd-Edwards-Bank-Holiday-Special/42467354/,2026-08-30,2026-08-30T22:00:00+00:00,2026-08-31T03:00:00+00:00,"This August Bank Holiday, we welcome a true dance music icon to The Blues Kitchen, Todd Edwards.","{'doorsopen': '22:00', 'doorsclose': '03:00', 'lastentry': ''}",18,,0,0,True,"{'minPrice': 5, 'maxPrice': 25}",,public,,False,{'enabled': False},#383838,GBP,"[{'artistid': '123482018', 'name': 'Todd Edwards', 'image': 'https://d1mdxzfl9p8pzo.cloudfront.net/8/123482018_267.jpg', 'spotifyartisturl': 'spotify:artist:6MFopqejpmTUUZlcRmGzgg'}]","[{'genreid': '3', 'name': 'UK Garage'}]",[]
41598857,2150895,False,2150895,False,0,LIVE,Enuff znuff,0,,,,,"{'id': 132745, 'name': 'Holy Diver', 'address': '1 Princes Street', 'town': 'Stockport', 'postcode_lookup': 'Stockport', 'postcode': 'SK1 1SL', 'region': 'Manchester', 'country': 'GB', 'phone': '', 'latitude': 53.41117375, 'longitude': -2.16158853, 'type': 'live', 'rating': 4, 'reviewCount': 118, 'distance': 9348.609370065313}",https://d31fr2pwly4c4s.cloudfront.net/0/e/f/2150895_6298e9b9_enuff-znuff_th.jpg,https://d31fr2pwly4c4s.cloudfront.net/0/e/f/2150895_6298e9b9_enuff-znuff.jpg,https://d31fr2pwly4c4s.cloudfront.net/0/e/f/2150895_6298e9b9_enuff-znuff_1024.jpg,https://d31fr2pwly4c4s.cloudfront.net/0/e/f/2150895_6298e9b9_enuff-znuff_1024.webp,https://www.skiddle.com/whats-on/Stockport/Holy-Diver/Enuff-znuff/41598857/,2026-09-02,2026-09-02T19:00:00+00:00,2026-09-02T23:00:00+00:00,Enuff Znuff head to the UK this 2026,"{'doorsopen': '19:00', 'doorsclose': '23:00', 'lastentry': ''}",18,,0,0,True,"{'minPrice': 17, 'maxPrice': 17}",,public,,False,{'enabled': False},#080808,GBP,"[{'artistid': '123541950', 'name': ""Enuff Z'Nuff"", 'image': 'https://d1mdxzfl9p8pzo.cloudfront.net/pending.png', 'spotifyartisturl': 'spotify:artist:2Y36dqR145FjTKUjibEcjO'}]","[{'genreid': '5', 'name': 'Rock'}, {'genreid': '53', 'name': 'Punk'}]",[]
42439410,2269189,False,2269189,False,0,LIVE,Les Big Byrd,0,,,,,"{'id': 139541, 'name': 'The Abbey', 'address': 'Guildhall Close, Manchester Science Park', 'town': 'Manchester', 'postcode_lookup': 'Manchester', 'postcode': 'M15 6SY', 'region': 'Greater Manchester', 'country': 'GB', 'phone': '', 'latitude': 53.4615523, 'longitude': -2.238415, 'type': 'bar', 'rating': 0, 'reviewCount': 0, 'distance': 1988.4526268313864}",https://d31fr2pwly4c4s.cloudfront.net/5/d/b/2269189_2e464967_les-big-byrd_th.jpg,https://d31fr2pwly4c4s.cloudfront.net/5/d/b/2269189_2e464967_les-big-byrd.jpg,https://d31fr2pwly4c4s.cloudfront.net/5/d/b/2269189_2e464967_les-big-byrd_1024.jpg,https://d31fr2pwly4c4s.cloudfront.net/5/d/b/2269189_2e464967_les-big-byrd_1024.webp,https://www.skiddle.com/whats-on/Manchester/The-Abbey/Les-Big-Byrd/42439410/,2026-09-03,2026-09-03T19:00:00+00:00,2026-09-03T23:00:00+00:00,Les Big Byrd comes to The Abbey,"{'doorsopen': '19:00', 'doorsclose': '23:00', 'lastentry': ''}",18,,0,0,True,"{'minPrice': 16, 'maxPrice': 16}",,public,,False,{'enabled': False},#f8f8f8,GBP,[],"[{'genreid': '5', 'name': 'Rock'}]",[]
42539876,2294323,False,2294323,False,0,LIVE,BEN OTTEWELL (Gomez) | Carlton Club Whalley Range | Thu 3rd Sept,0,,,,,"{'id': 90599, 'name': 'The Carlton Club Manchester', 'address': 'Rowan Lodge 113 Carlton Road', 'town': 'Manchester', 'postcode_lookup': 'Manchester', 'postcode': 'M16 8BE', 'region': 'Greater Manchester', 'country': 'GB', 'phone': '0161 881 3042', 'latitude': 53.451754, 'longitude': -2.263254, 'type': 'Nightclub', 'rating': 4, 'reviewCount': 1228, 'distance': 3261.6998368856803}",https://d31fr2pwly4c4s.cloudfront.net/7/9/b/2294323_5f030afd_ben-ottewell-gomez-carlton-club-whalley-range-thu-3rd-sept_th.jpg,https://d31fr2pwly4c4s.cloudfront.net/7/9/b/2294323_5f030afd_ben-ottewell-gomez-carlton-club-whalley-range-thu-3rd-sept.jpg,https://d31fr2pwly4c4s.cloudfront.net/7/9/b/2294323_5f030afd_ben-ottewell-gomez-carlton-club-whalley-range-thu-3rd-sept_1024.jpg,https://d31fr2pwly4c4s.cloudfront.net/7/9/b/2294323_5f030afd_ben-ottewell-gomez-carlton-club-whalley-range-thu-3rd-sept_1024.webp,https://www.skiddle.com/whats-on/Manchester/The-Carlton-Club-Manchester/BEN-OTTEWELL-Gomez--Carlton-Club-Whalley-Range--Thu-3rd-Sept/42539876/,2026-09-03,2026-09-03T19:00:00+00:00,2026-09-03T22:30:00+00:00,"Ben Ottewell, main vocalist of Mercury Music Prize  winning band Gomez plays an intimate seated show at The Carlton Club in Whalley Range, Manchester!","{'doorsopen': '19:00', 'doorsclose': '22:30', 'lastentry': '19:45'}",14,,0,0,True,"{'minPrice': 25, 'maxPrice': 25}",,public,,False,{'enabled': False},#080808,GBP,"[{'artistid': '123564507', 'name': 'Gomez', 'image': 'https://d1mdxzfl9p8pzo.cloudfront.net/7/123564507_1_1024.jpg', 'spotifyartisturl': 'spotify:artist:4zPGlyitRvJo7iz6OKlETa'}, {'artistid': '123541756', 'name': 'Ben Ottewell', 'image': 'https://d1mdxzfl9p8pzo.cloudfront.net/6/123541756_267.jpg', 'spotifyartisturl': 'spotify:artist:1MzX4V5lr6RlhWbLNRq25b'}]","[{'genreid': '5', 'name': 'Rock'}, {'genreid': '26', 'name': 'Indie'}, {'genreid': '42', 'name': 'Acoustic'}, {'genreid': '46', 'name': 'Alternative'}, {'genreid': '82', 'name': '1990s'}]",[]
42573701,2299890,False,2299890,False,0,LIVE,KONFORMER & Lines Of Silence,0,,,,,"{'id': 113688, 'name': 'Golden Lion Todmorden', 'address': 'Fielden Square', 'town': 'Todmorden', 'postcode_lookup': 'Oldham', 'postcode': 'OL14 6LZ', 'region': 'Manchester', 'country': 'GB', 'phone': '01706 816333', 'latitude': 53.712184, 'longitude': -2.09868, 'type': 'live', 'rating': 4, 'reviewCount': 653, 'distance': 27668.489116000237}",https://d1plawd8huk6hh.cloudfront.net/assets/default400.png,https://d1plawd8huk6hh.cloudfront.net/assets/default400.png,https://d1plawd8huk6hh.cloudfront.net/assets/default400.png,False,https://www.skiddle.com/whats-on/Oldham/Golden-Lion-Todmorden/KONFORMER--Lines-Of-Silence/42573701/,2026-09-03,2026-09-03T19:45:00+00:00,2026-09-03T23:00:00+00:00,"Knonformer (Nuremberg)
Lines Of Silence (Todmorden)","{'doorsopen': '19:45', 'doorsclose': '23:00', 'lastentry': ''}",18,,0,0,True,"{'minPrice': 10, 'maxPrice': 13.5}",,public,,False,{'enabled': False},#f8f8f8,GBP,"[{'artistid': '123597666', 'name': 'Konformer', 'image': 'https://d1mdxzfl9p8pzo.cloudfront.net/6/123597666_c6262f2b_1024.jpg', 'spotifyartisturl': 'spotify:artist:73jkWMagZsPQFG6qcXfoPV'}]","[{'genreid': '46', 'name': 'Alternative'}, {'genreid': '61', 'name': 'Electronic'}, {'genreid': '91', 'name': 'Experimental'}]",[]
42262320,2229765,False,2229765,False,0,LIVE,Shame plus support Theatre and Tooth,0,,,,,"{'id': 131016, 'name': 'Projekts Skate Park', 'address': '41 Baring Street', 'town': 'Manchester', 'postcode_lookup': 'Manchester', 'postcode': 'M1 2PY', 'region': 'Greater Manchester', 'country': 'GB', 'phone': '', 'latitude': 53.4739893, 'longitude': -2.2288412, 'type': 'Outdoors', 'rating': 4, 'reviewCount': 7, 'distance': 1205.7998736796696}",https://d31fr2pwly4c4s.cloudfront.net/8/3/9/2229765_73e06a18_shame_th.jpg,https://d31fr2pwly4c4s.cloudfront.net/8/3/9/2229765_73e06a18_shame.jpg,https://d31fr2pwly4c4s.cloudfront.net/8/3/9/2229765_73e06a18_shame_1024.jpg,https://d31fr2pwly4c4s.cloudfront.net/8/3/9/2229765_73e06a18_shame_1024.webp,https://www.skiddle.com/whats-on/Manchester/Projekts-Skate-Park/Shame-plus-support-Theatre-and-Tooth/42262320/,2026-09-04,2026-09-04T18:00:00+00:00,2026-09-04T23:00:00+00:00,"Now Wave presents Shame plus support Theatre and Tooth at Projekts Skate Park, Manchester on Friday 4th September 2026","{'doorsopen': '18:00', 'doorsclose': '23:00', 'lastentry': ''}",14,,0,0,True,"{'minPrice': 25, 'maxPrice': 25}",,public,,False,{'enabled': False},#e8e8d8,GBP,"[{'artistid': '123552519', 'name': 'Shame', 'image': 'https://d1mdxzfl9p8pzo.cloudfront.net/9/123552519_1_1024.jpg', 'spotifyartisturl': 'spotify:artist:4IeWU3NYBI9mISFVhzXG8f'}]","[{'genreid': '5', 'name': 'Rock'}, {'genreid': '26', 'name': 'Indie'}]",[]
42519770,2290082,False,exSxR0RpkH,False,0,LIVE,"RnB, Hip Hop + Afrobeats 'Til Late",0,,,,,"{'id': 104602, 'name': 'The Blues Kitchen', 'address': '13 Quay Street', 'town': 'Manchester', 'postcode_lookup': 'Manchester', 'postcode': 'M3 3HN', 'region': 'Greater Manchester', 'country': 'GB', 'phone': '', 'latitude': 53.4782265, 'longitude': -2.2504397, 'type': 'bar', 'rating': 4, 'reviewCount': 319, 'distance': 370.10660406021236}",https://d31fr2pwly4c4s.cloudfront.net/c/f/9/1864957_568661a1_hip-hop-afrobeats-rnb-til-late_th.jpg,https://d31fr2pwly4c4s.cloudfront.net/c/f/9/1864957_568661a1_hip-hop-afrobeats-rnb-til-late.jpg,https://d31fr2pwly4c4s.cloudfront.net/c/f/9/1864957_568661a1_hip-hop-afrobeats-rnb-til-late_1024.jpg,https://d31fr2pwly4c4s.cloudfront.net/c/f/9/1864957_568661a1_hip-hop-afrobeats-rnb-til-late_1024.webp,https://www.skiddle.com/whats-on/Manchester/The-Blues-Kitchen/RnB-Hip-Hop--Afrobeats-Til-Late/42519770/,2026-09-04,2026-09-04T19:00:00+00:00,2026-09-05T03:00:00+00:00,"From Beyoncé to Drake, Burna Boy to Lauryn Hill - Manchester's finest artists bring a mix of old-school classics and new-school favourites.","{'doorsopen': '19:00', 'doorsclose': '03:00', 'lastentry': ''}",21,,0,0,True,"{'minPrice': 0, 'maxPrice': 0}",,public,,False,{'enabled': False},,GBP,[],[],[]
42542983,2294726,False,2294726,False,0,LIVE,Arrested Development,0,,,,,"{'id': 536, 'name': 'Band On The Wall', 'address': '25 Swan Street', 'town': 'Manchester', 'postcode_lookup': 'Manchester', 'postcode': 'M4 5JZ', 'region': 'Greater Manchester', 'country': 'GB', 'phone': '0161 834 1786', 'latitude': 53.485227, 'longitude': -2.234386, 'type': 'live', 'rating': 4, 'reviewCount': 1323, 'distance': 986.2450438131307}",https://d31fr2pwly4c4s.cloudfront.net/6/c/9/2294726_5279d9e4_arrested-development_th.jpg,https://d31fr2pwly4c4s.cloudfront.net/6/c/9/2294726_5279d9e4_arrested-development.jpg,https://d31fr2pwly4c4s.cloudfront.net/6/c/9/2294726_5279d9e4_arrested-development_1024.jpg,https://d31fr2pwly4c4s.cloudfront.net/6/c/9/2294726_5279d9e4_arrested-development_1024.webp,https://www.skiddle.com/whats-on/Manchester/Band-On-The-Wall/Arrested-Development/42542983/,2026-09-04,2026-09-04T19:00:00+00:00,2026-09-04T22:00:00+00:00,Atlanta hip-hop trailblazers,"{'doorsopen': '19:00', 'doorsclose': '22:00', 'lastentry': ''}",10,,0,0,True,"{'minPrice': 28.5, 'maxPrice': 28.5}",,public,,False,{'enabled': False},#181818,GBP,"[{'artistid': '123517900', 'name': 'Arrested Development', 'image': 'https://d1mdxzfl9p8pzo.cloudfront.net/0/123517900_267.jpg', 'spotifyartisturl': 'spotify:artist:5Va9LuEmaZxnbk1gMnjMD7'}]","[{'genreid': '39', 'name': 'Hip Hop'}]",[]
42573672,2299861,False,2299861,False,0,LIVE,The Sway - Manchester,0,,,,,"{'id': 113950, 'name': 'The Lodge At Deaf Institute', 'address': '135 Grosvenor Street', 'town': 'Manchester', 'postcode_lookup': 'Manchester', 'postcode': 'M1 7HE', 'region': 'Greater Manchester', 'country': 'GB', 'phone': '', 'latitude': 53.4703275, 'longitude': -2.2363381, 'type': 'live', 'rating': 4, 'reviewCount': 54, 'distance': 1121.8614065305574}",https://d31fr2pwly4c4s.cloudfront.net/d/4/c/2299861_6bf7d8df_the-sway-manchester_th.jpg,https://d31fr2pwly4c4s.cloudfront.net/d/4/c/2299861_6bf7d8df_the-sway-manchester.jpg,https://d31fr2pwly4c4s.cloudfront.net/d/4/c/2299861_6bf7d8df_the-sway-manchester_1024.jpg,https://d31fr2pwly4c4s.cloudfront.net/d/4/c/2299861_6bf7d8df_the-sway-manchester_1024.webp,https://www.skiddle.com/whats-on/Manchester/The-Lodge-At-Deaf-Institute/The-Sway---Manchester/42573672/,2026-09-04,2026-09-04T19:00:00+00:00,2026-09-04T22:00:00+00:00,"""If you're going to see the emergence of a new great band you'll see them at This Feeling first."" Carl Barat","{'doorsopen': '19:00', 'doorsclose': '22:00', 'lastentry': ''}",14,,0,0,True,"{'minPrice': 13, 'maxPrice': 13}",,public,,False,{'enabled': False},#080808,GBP,[],"[{'genreid': '26', 'name': 'Indie'}, {'genreid': '46', 'name': 'Alternative'}, {'genreid': '86', 'name': 'Nu Indie'}, {'genreid': '98', 'name': 'Indie Pop'}]",[]
42313416,2240277,False,2240277,False,0,LIVE,Faster Pussycat 40th Anniversary Tour,0,,,,,"{'id': 132745, 'name': 'Holy Diver', 'address': '1 Princes Street', 'town': 'Stockport', 'postcode_lookup': 'Stockport', 'postcode': 'SK1 1SL', 'region': 'Manchester', 'country': 'GB', 'phone': '', 'latitude': 53.41117375, 'longitude': -2.16158853, 'type': 'live', 'rating': 4, 'reviewCount': 118, 'distance': 9348.609370065313}",https://d31fr2pwly4c4s.cloudfront.net/9/1/c/2240277_62e5d391_faster-pussycat-40th-anniversary-tour_th.jpg,https://d31fr2pwly4c4s.cloudfront.net/9/1/c/2240277_62e5d391_faster-pussycat-40th-anniversary-tour.jpg,https://d31fr2pwly4c4s.cloudfront.net/9/1/c/2240277_62e5d391_faster-pussycat-40th-anniversary-tour_1024.jpg,https://d31fr2pwly4c4s.cloudfront.net/9/1/c/2240277_62e5d391_faster-pussycat-40th-anniversary-tour_1024.webp,https://www.skiddle.com/whats-on/Stockport/Holy-Diver/Faster-Pussycat-40th-Anniversary-Tour/42313416/,2026-09-04,2026-09-04T19:00:00+00:00,2026-09-04T23:00:00+00:00,80s Sunset Strip Glam Rockers and metal heads Faster Pussycat are embarking on a special 40th Anniversary show at a handfull of intimate venues.,"{'doorsopen': '19:00', 'doorsclose': '23:00', 'lastentry': ''}",18,,0,0,True,"{'minPrice': 27, 'maxPrice': 27}",,public,,False,{'enabled': False},#080808,GBP,"[{'artistid': '123510400', 'name': 'Faster Pussycat', 'image': 'https://d1mdxzfl9p8pzo.cloudfront.net/0/123510400_267.jpg', 'spotifyartisturl': 'spotify:artist:1FwGBBwUviGVIeDIByO7u7'}]","[{'genreid': '5', 'name': 'Rock'}, {'genreid': '27', 'name': 'Metal'}, {'genreid': '46', 'name': 'Alternative'}]",[]
42477146,2277469,False,2277469,False,0,LIVE,Billy Bibby - LIVE,0,,,,,"{'id': 130809, 'name': 'Bask', 'address': '20 Railway Road', 'town': 'Stockport', 'postcode_lookup': 'Stockport', 'postcode': 'SK1 3SW', 'region': 'Manchester', 'country': 'GB', 'phone': '', 'latitude': 53.4059707, 'longitude': -2.1618229, 'type': 'bar', 'rating': 4, 'reviewCount': 1, 'distance': 9812.77574062472}",https://d31fr2pwly4c4s.cloudfront.net/b/0/a/2277469_ed721b4f_billy-bibby-live_th.jpg,https://d31fr2pwly4c4s.cloudfront.net/b/0/a/2277469_ed721b4f_billy-bibby-live.jpg,https://d31fr2pwly4c4s.cloudfront.net/b/0/a/2277469_ed721b4f_billy-bibby-live_1024.jpg,https://d31fr2pwly4c4s.cloudfront.net/b/0/a/2277469_ed721b4f_billy-bibby-live_1024.webp,https://www.skiddle.com/whats-on/Stockport/Bask/Billy-Bibby---LIVE/42477146/,2026-09-04,2026-09-04T19:00:00+00:00,2026-09-04T23:45:00+00:00,Founding Member Of Catfish & The Bottlemen - The Balcony Tour,"{'doorsopen': '19:00', 'doorsclose': '23:45', 'lastentry': '20:45'}",18,,0,0,True,"{'minPrice': 13, 'maxPrice': 13}",,public,,False,{'enabled': False},#181828,GBP,"[{'artistid': '123546033', 'name': 'Billy Bibby', 'image': 'https://d1mdxzfl9p8pzo.cloudfront.net/3/123546033_1_1024.jpg', 'spotifyartisturl': 'spotify:artist:3AvWFdrowCtmTw2WlQhkqD'}]",[],[]
42523830,2290340,False,2290340,False,0,LIVE,The Session,0,,,,,"{'id': 138565, 'name': 'The Nia Centre  NIAMOS', 'address': 'Chichester Road', 'town': 'Manchester', 'postcode_lookup': 'Manchester', 'postcode': 'M15 5EU', 'region': 'Greater Manchester', 'country': 'GB', 'phone': '', 'latitude': 53.4640461, 'longitude': -2.2495107, 'type': 'live', 'rating': 5, 'reviewCount': 4, 'distance': 1689.3920933039817}",https://d31fr2pwly4c4s.cloudfront.net/b/a/5/2290340_bca2227a_the-session_th.jpg,https://d31fr2pwly4c4s.cloudfront.net/b/a/5/2290340_bca2227a_the-session.jpg,https://d31fr2pwly4c4s.cloudfront.net/b/a/5/2290340_bca2227a_the-session_1024.jpg,https://d31fr2pwly4c4s.cloudfront.net/b/a/5/2290340_bca2227a_the-session_1024.webp,https://www.skiddle.com/whats-on/Manchester/The-Nia-Centre--NIAMOS/The-Session/42523830/,2026-09-04,2026-09-04T19:30:00+00:00,2026-09-04T23:45:00+00:00,Manchester's Marcus Hercules with E&I Collective and live band play all the reggae classics and originals + more acts TBA,"{'doorsopen': '19:30', 'doorsclose': '23:45', 'lastentry': ''}",16,,0,0,True,"{'minPrice': 7, 'maxPrice': 7}",,public,,False,{'enabled': False},#080808,GBP,[],"[{'genreid': '24', 'name': 'Dancehall'}, {'genreid': '39', 'name': 'Hip Hop'}, {'genreid': '68', 'name': 'Reggae'}]",[]
42457893,2271581,False,2271581,False,0,LIVE,ANT TROUBLE | Warrington | Adam & The Ants tribute| Irish Club,0,,,,,"{'id': 82736, 'name': 'The Irish Club', 'address': '83 Orford Lane', 'town': 'Warrington', 'postcode_lookup': 'Warrington', 'postcode': 'WA2 7AL', 'region': 'Cheshire', 'country': 'GB', 'phone': '01925 243363', 'latitude': 53.3966949, 'longitude': -2.5896419, 'type': 'live', 'rating': 4, 'reviewCount': 1333, 'distance': 24594.638830074164}",https://d31fr2pwly4c4s.cloudfront.net/6/e/3/2271581_8d395027_ant-trouble-warrington-adam-the-ants-tribute-irish-club_th.jpg,https://d31fr2pwly4c4s.cloudfront.net/6/e/3/2271581_8d395027_ant-trouble-warrington-adam-the-ants-tribute-irish-club.jpg,https://d31fr2pwly4c4s.cloudfront.net/6/e/3/2271581_8d395027_ant-trouble-warrington-adam-the-ants-tribute-irish-club_1024.jpg,https://d31fr2pwly4c4s.cloudfront.net/6/e/3/2271581_8d395027_ant-trouble-warrington-adam-the-ants-tribute-irish-club_1024.webp,https://www.skiddle.com/whats-on/Warrington/The-Irish-Club/ANT-TROUBLE--Warrington--Adam--The-Ants-tribute-Irish-Club/42457893/,2026-09-04,2026-09-04T19:30:00+00:00,2026-09-04T23:00:00+00:00,"ANT TROUBLE, a tribute to Adam & The Ants and Adam Ant solo  play Warrington Irish Club on their final ever tour!!! Hear all the classics!!!!","{'doorsopen': '19:30', 'doorsclose': '23:00', 'lastentry': '20:30'}",14,,0,0,True,"{'minPrice': 15, 'maxPrice': 15}",,public,,False,{'enabled': False},#080808,GBP,[],"[{'genreid': '48', 'name': 'Covers Band/Tribute Act'}, {'genreid': '53', 'name': 'Punk'}, {'genreid': '62', 'name': '1980s'}, {'genreid': '64', 'name': '1970s'}, {'genreid': '96', 'name': 'New Wave'}]",[]
42581900,2301734,False,2301734,False,0,LIVE,M&P's Jazz Brunch,0,,,,,"{'id': 7643, 'name': 'Matt And Phreds', 'address': '64 Tib Street, Northern Quarter', 'town': 'Manchester', 'postcode_lookup': 'Manchester', 'postcode': 'M4 1LW', 'region': 'Greater Manchester', 'country': 'GB', 'phone': '0161 273 5495', 'latitude': 53.48359, 'longitude': -2.234911, 'type': 'live', 'rating': 4, 'reviewCount': 202, 'distance': 840.3412247800153}",https://d31fr2pwly4c4s.cloudfront.net/a/0/a/2301734_b8675488_m-p-s-jazz-brunch_th.jpg,https://d31fr2pwly4c4s.cloudfront.net/a/0/a/2301734_b8675488_m-p-s-jazz-brunch.jpg,https://d31fr2pwly4c4s.cloudfront.net/a/0/a/2301734_b8675488_m-p-s-jazz-brunch_1024.jpg,https://d31fr2pwly4c4s.cloudfront.net/a/0/a/2301734_b8675488_m-p-s-jazz-brunch_1024.webp,https://www.skiddle.com/whats-on/Manchester/Matt-And-Phreds/MPs-Jazz-Brunch/42581900/,2026-09-05,2026-09-05T13:00:00+00:00,2026-09-05T16:00:00+00:00,"Enjoy a swinging jazz quintet accompanied by a specially-curated brunch pizza menu, in the heart of Manchester's Northern Quarter!","{'doorsopen': '13:00', 'doorsclose': '16:00', 'lastentry': '13:30'}",,,0,0,True,"{'minPrice': 5, 'maxPrice': 7}",,public,,False,{'enabled': False},#080808,GBP,[],"[{'genreid': '25', 'name': 'Jazz'}]",[]
42477177,2277498,False,2277498,False,0,LIVE,All Back To Ours  - Into the Woods - 1 day festival,0,,,,,"{'id': 118274, 'name': 'The Strines Nightingale', 'address': '105 Strines Rd, , Marple, Stockport', 'town': 'Strines', 'postcode_lookup': 'Stockport', 'postcode': 'SK6 7GE', 'region': 'Manchester', 'country': 'GB', 'phone': '', 'latitude': 53.3788128, 'longitude': -2.0470506, 'type': 'Nightclub', 'rating': 5, 'reviewCount': 10, 'distance': 17207.525460270586}",https://d31fr2pwly4c4s.cloudfront.net/0/8/4/2277498_fe36450d_all-back-to-ours-into-the-woods-1-day-festival_th.jpg,https://d31fr2pwly4c4s.cloudfront.net/0/8/4/2277498_fe36450d_all-back-to-ours-into-the-woods-1-day-festival.jpg,https://d31fr2pwly4c4s.cloudfront.net/0/8/4/2277498_fe36450d_all-back-to-ours-into-the-woods-1-day-festival_1024.jpg,https://d31fr2pwly4c4s.cloudfront.net/0/8/4/2277498_fe36450d_all-back-to-ours-into-the-woods-1-day-festival_1024.webp,https://www.skiddle.com/whats-on/Stockport/The-Strines-Nightingale/All-Back-To-Ours----Into-the-Woods---1-day-festival/42477177/,2026-09-05,2026-09-05T14:00:00+00:00,2026-09-05T23:00:00+00:00,"After last years sellout event ,  the ABTO DJs are back with soul-fusion band Twinn ft Joe Roberts & our headline dj Herbie Sacanni. Into the woods","{'doorsopen': '14:00', 'doorsclose': '23:00', 'lastentry': '14:00'}",21,,0,0,True,"{'minPrice': 17, 'maxPrice': 20}",,public,,False,{'enabled': False},#48c8f8,GBP,"[{'artistid': '123545375', 'name': 'Dave Law', 'image': 'https://d1mdxzfl9p8pzo.cloudfront.net/5/123545375_2_1024.jpg', 'spotifyartisturl': None}, {'artistid': '123549057', 'name': 'Joe Roberts', 'image': 'https://d1plawd8huk6hh.cloudfront.net/assets/default400.png', 'spotifyartisturl': 'spotify:artist:1bZ6A5GwXSCqs4dES87glX'}, {'artistid': '123556565', 'name': 'Gaz James Flippant Rhythm', 'image': 'https://d1mdxzfl9p8pzo.cloudfront.net/5/123556565_1_1024.jpg', 'spotifyartisturl': None}]","[{'genreid': '1', 'name': 'House'}, {'genreid': '43', 'name': 'Soul'}, {'genreid': '45', 'name': 'Funk'}, {'genreid': '57', 'name': 'Disco'}, {'genreid': '61', 'name': 'Electronic'}]",[]
42415439,2262093,False,2262093,False,0,LIVE,Chemical Dance vs Daft Punk - The Ultimate Tribute Experience,0,,,,,"{'id': 26804, 'name': 'Uppermill Civic Hall', 'address': 'Lee Street Uppermill ', 'town': 'Oldham ', 'postcode_lookup': 'Oldham', 'postcode': 'OL3 6AE', 'region': 'Manchester', 'country': 'GB', 'phone': '01457 876665', 'latitude': 53.5478006, 'longitude': -2.0041422, 'type': 'Other', 'rating': 4, 'reviewCount': 404, 'distance': 17667.824421927773}",https://d31fr2pwly4c4s.cloudfront.net/c/f/3/2262093_c7ab67e3_chemical-dance-vs-daft-punk-the-ultimate-tribute-experience_th.jpg,https://d31fr2pwly4c4s.cloudfront.net/c/f/3/2262093_c7ab67e3_chemical-dance-vs-daft-punk-the-ultimate-tribute-experience.jpg,https://d31fr2pwly4c4s.cloudfront.net/c/f/3/2262093_c7ab67e3_chemical-dance-vs-daft-punk-the-ultimate-tribute-experience_1024.jpg,https://d31fr2pwly4c4s.cloudfront.net/c/f/3/2262093_c7ab67e3_chemical-dance-vs-daft-punk-the-ultimate-tribute-experience_1024.webp,https://www.skiddle.com/whats-on/Oldham/Uppermill-Civic-Hall/Chemical-Dance-vs-Daft-Punk---The-Ultimate-Tribute-Experience/42415439/,2026-09-05,2026-09-05T18:30:00+00:00,2026-09-05T23:45:00+00:00,"With precision crafted sound, arena-scale production, and an immersive lazer and visual show, this is more than a tribute it's a full sensory journey.","{'doorsopen': '18:30', 'doorsclose': '23:45', 'lastentry': ''}",18,,0,0,True,"{'minPrice': 20, 'maxPrice': 20}",,public,,False,{'enabled': False},#282828,GBP,"[{'artistid': '123510570', 'name': 'Daft Punk', 'image': 'https://d1mdxzfl9p8pzo.cloudfront.net/0/123510570_267.jpg', 'spotifyartisturl': 'spotify:artist:4tZwfgrHOc3mvqYlEYSvVi'}, {'artistid': '123481760', 'name': 'The Chemical Brothers', 'image': 'https://d1mdxzfl9p8pzo.cloudfront.net/0/123481760_2_1024.jpg', 'spotifyartisturl': 'spotify:artist:1GhPHrq36VKCY3ucVaZCfo'}]","[{'genreid': '61', 'name': 'Electronic'}]",[]
41990866,2197133,False,2197133,False,0,LIVE,Mamma Mia Party Night,0,,,,,"{'id': 125355, 'name': 'The Bowdon Rooms', 'address': 'The Firs', 'town': 'Altrincham', 'postcode_lookup': 'Warrington', 'postcode': 'WA14 2TQ', 'region': 'Cheshire', 'country': 'GB', 'phone': '', 'latitude': 53.379371, 'longitude': -2.3629948, 'type': 'Other', 'rating': 4, 'reviewCount': 130, 'distance': 13558.721209502477}",https://d31fr2pwly4c4s.cloudfront.net/f/e/4/2197133_105c9e55_mamma-mia-party-night_th.jpg,https://d31fr2pwly4c4s.cloudfront.net/f/e/4/2197133_105c9e55_mamma-mia-party-night.jpg,https://d31fr2pwly4c4s.cloudfront.net/f/e/4/2197133_105c9e55_mamma-mia-party-night_1024.jpg,https://d31fr2pwly4c4s.cloudfront.net/f/e/4/2197133_105c9e55_mamma-mia-party-night_1024.webp,https://www.skiddle.com/whats-on/Warrington/The-Bowdon-Rooms/Mamma-Mia-Party-Night/41990866/,2026-09-05,2026-09-05T19:00:00+00:00,2026-09-05T23:30:00+00:00,"Mamma Mia Party Night: Featuring Planet ABBA, disco & Greek-inspired dining","{'doorsopen': '19:00', 'doorsclose': '23:30', 'lastentry': '19:30'}",18,,0,0,True,"{'minPrice': 50, 'maxPrice': 50}",,public,,False,{'enabled': False},#080808,GBP,[],"[{'genreid': '48', 'name': 'Covers Band/Tribute Act'}]",[]
42491523,2282225,False,2282225,False,0,LIVE,Snug Live Sessions w/Double Negative + Oscar Hartland + Sia Raw,0,,,,,"{'id': 133518, 'name': 'The Snug Coffee House', 'address': '67A Market Street', 'town': 'Manchester', 'postcode_lookup': 'Manchester', 'postcode': 'M46 0DA', 'region': 'Greater Manchester', 'country': 'GB', 'phone': '01942875430', 'latitude': 53.523916, 'longitude': -2.493465, 'type': 'live', 'rating': 4, 'reviewCount': 80, 'distance': 17175.444320697858}",https://d31fr2pwly4c4s.cloudfront.net/3/d/0/2282225_b590950c_snug-live-sessions-w-double-negative-oscar-hartland-sia-raw_th.jpg,https://d31fr2pwly4c4s.cloudfront.net/3/d/0/2282225_b590950c_snug-live-sessions-w-double-negative-oscar-hartland-sia-raw.jpg,https://d31fr2pwly4c4s.cloudfront.net/3/d/0/2282225_b590950c_snug-live-sessions-w-double-negative-oscar-hartland-sia-raw_1024.jpg,https://d31fr2pwly4c4s.cloudfront.net/3/d/0/2282225_b590950c_snug-live-sessions-w-double-negative-oscar-hartland-sia-raw_1024.webp,https://www.skiddle.com/whats-on/Manchester/The-Snug-Coffee-House/Snug-Live-Sessions-wDouble-Negative--Oscar-Hartland--Sia-Raw/42491523/,2026-09-05,2026-09-05T19:00:00+00:00,2026-09-05T23:00:00+00:00,"Double Negative headline a huge night of emerging talent at The Snug this September, joined by special guests Oscar Hartland and Sia Raw.","{'doorsopen': '19:00', 'doorsclose': '23:00', 'lastentry': '19:00'}",14,,0,0,True,"{'minPrice': 7, 'maxPrice': 7}",,public,,False,{'enabled': False},#080828,GBP,"[{'artistid': '123607628', 'name': 'Sia Raw', 'image': 'https://d1mdxzfl9p8pzo.cloudfront.net/8/123607628_ef4551fb_1024.jpg', 'spotifyartisturl': 'spotify:artist:3L7M5iVAr86sWNgqiYQNBF'}]","[{'genreid': '5', 'name': 'Rock'}, {'genreid': '26', 'name': 'Indie'}, {'genreid': '98', 'name': 'Indie Pop'}]",[]
42482185,2278689,False,2278689,False,0,LIVE,GREEN 182 - Take Off Your Pants & Dookie Tour 2026!,0,,,,,"{'id': 90906, 'name': 'The Monaco', 'address': '2 Atherton Road, Hindley', 'town': 'Wigan', 'postcode_lookup': 'Wigan', 'postcode': 'WN2 3EU', 'region': 'Manchester', 'country': 'GB', 'phone': '01942 610911', 'latitude': 53.539275, 'longitude': -2.651825, 'type': 'live', 'rating': 4, 'reviewCount': 135, 'distance': 27724.441333249957}",https://d31fr2pwly4c4s.cloudfront.net/6/7/c/2278689_175499a7_green-182-take-off-your-pants-dookie-tour-2026-_th.jpg,https://d31fr2pwly4c4s.cloudfront.net/6/7/c/2278689_175499a7_green-182-take-off-your-pants-dookie-tour-2026-.jpg,https://d31fr2pwly4c4s.cloudfront.net/6/7/c/2278689_175499a7_green-182-take-off-your-pants-dookie-tour-2026-_1024.jpg,https://d31fr2pwly4c4s.cloudfront.net/6/7/c/2278689_175499a7_green-182-take-off-your-pants-dookie-tour-2026-_1024.webp,https://www.skiddle.com/whats-on/Wigan/The-Monaco/GREEN-182---Take-Off-Your-Pants--Dookie-Tour-2026/42482185/,2026-09-05,2026-09-05T19:00:00+00:00,2026-09-05T23:00:00+00:00,Two bands. Two legendary albums. One unforgettable night of GREEN 182 mayhem featuring all the biggest hits from two legends of pop-punk!,"{'doorsopen': '19:00', 'doorsclose': '23:00', 'lastentry': '19:30'}",18,,0,0,True,"{'minPrice': 15, 'maxPrice': 15}",,public,,False,{'enabled': False},#181818,GBP,"[{'artistid': '123604766', 'name': 'Green 182', 'image': 'https://d1mdxzfl9p8pzo.cloudfront.net/6/123604766_5c9486de_1024.jpg', 'spotifyartisturl': None}, {'artistid': '123619050', 'name': 'Bowling For Who', 'image': 'https://d1mdxzfl9p8pzo.cloudfront.net/0/123619050_1_1024.jpg', 'spotifyartisturl': None}]","[{'genreid': '5', 'name': 'Rock'}, {'genreid': '53', 'name': 'Punk'}, {'genreid': '113', 'name': 'Pop Punk'}]",[]
42436108,2267597,False,2267597,False,0,LIVE,Jeff Buckley Experience | Warrington | Tribute | Irish Club,0,,,,,"{'id': 82736, 'name': 'The Irish Club', 'address': '83 Orford Lane', 'town': 'Warrington', 'postcode_lookup': 'Warrington', 'postcode': 'WA2 7AL', 'region': 'Cheshire', 'country': 'GB', 'phone': '01925 243363', 'latitude': 53.3966949, 'longitude': -2.5896419, 'type': 'live', 'rating': 4, 'reviewCount': 1333, 'distance': 24594.638830074164}",https://d31fr2pwly4c4s.cloudfront.net/8/7/6/2267597_ca5f545e_jeff-buckley-experience-warrington-tribute-irish-club_th.jpg,https://d31fr2pwly4c4s.cloudfront.net/8/7/6/2267597_ca5f545e_jeff-buckley-experience-warrington-tribute-irish-club.jpg,https://d31fr2pwly4c4s.cloudfront.net/8/7/6/2267597_ca5f545e_jeff-buckley-experience-warrington-tribute-irish-club_1024.jpg,https://d31fr2pwly4c4s.cloudfront.net/8/7/6/2267597_ca5f545e_jeff-buckley-experience-warrington-tribute-irish-club_1024.webp,https://www.skiddle.com/whats-on/Warrington/The-Irish-Club/Jeff-Buckley-Experience--Warrington--Tribute--Irish-Club/42436108/,2026-09-05,2026-09-05T19:30:00+00:00,2026-09-05T23:15:00+00:00,The amazing vocalist Dave McNamara brings his brilliant band 'The Jeff Buckley Experience' to Warrington Irish Club!!,"{'doorsopen': '19:30', 'doorsclose': '23:15', 'lastentry': '20:30'}",14,,0,0,True,"{'minPrice': 18, 'maxPrice': 18}",,public,,False,{'enabled': False},#080808,GBP,[],"[{'genreid': '5', 'name': 'Rock'}, {'genreid': '46', 'name': 'Alternative'}, {'genreid': '48', 'name': 'Covers Band/Tribute Act'}, {'genreid': '71', 'name': 'Country/Americana'}, {'genreid': '82', 'name': '1990s'}]",[]
41997746,2198924,False,2198924,False,0,LIVE,The Fleetwood Mack Experience. Live at Empire Rochdale,0,,,,,"{'id': 108286, 'name': 'Empire Rochdale', 'address': '7 Packer Street', 'town': 'Greater - Manchester', 'postcode_lookup': 'Rochdale', 'postcode': 'OL16 1NJ', 'region': 'Manchester', 'country': 'GB', 'phone': '01706 551 515', 'latitude': 53.615938, 'longitude': -2.157467, 'type': 'live', 'rating': 4, 'reviewCount': 11, 'distance': 16288.035370221773}",https://d31fr2pwly4c4s.cloudfront.net/e/f/8/2198924_95dd09ae_the-fleetwood-mack-experience-live-at-empire-rochdale_th.jpg,https://d31fr2pwly4c4s.cloudfront.net/e/f/8/2198924_95dd09ae_the-fleetwood-mack-experience-live-at-empire-rochdale.jpg,https://d31fr2pwly4c4s.cloudfront.net/e/f/8/2198924_95dd09ae_the-fleetwood-mack-experience-live-at-empire-rochdale_1024.jpg,https://d31fr2pwly4c4s.cloudfront.net/e/f/8/2198924_95dd09ae_the-fleetwood-mack-experience-live-at-empire-rochdale_1024.webp,https://www.skiddle.com/whats-on/Rochdale/Empire-Rochdale/The-Fleetwood-Mack-Experience-Live-at-Empire-Rochdale/41997746/,2026-09-05,2026-09-05T20:00:00+00:00,2026-09-05T23:45:00+00:00,"Timeless songs, soaring harmonies and classic guitar lines as The Fleetwood Mac Experience recreate the magic live on stage.","{'doorsopen': '20:00', 'doorsclose': '23:45', 'lastentry': '21:30'}",18,,0,0,True,"{'minPrice': 0, 'maxPrice': 0}",,public,,False,{'enabled': False},#d8c8b8,GBP,[],"[{'genreid': '5', 'name': 'Rock'}]",[]
42565463,2297294,False,2297294,False,0,LIVE,Callis & Fat Francés,0,,,,,"{'id': 113688, 'name': 'Golden Lion Todmorden', 'address': 'Fielden Square', 'town': 'Todmorden', 'postcode_lookup': 'Oldham', 'postcode': 'OL14 6LZ', 'region': 'Manchester', 'country': 'GB', 'phone': '01706 816333', 'latitude': 53.712184, 'longitude': -2.09868, 'type': 'live', 'rating': 4, 'reviewCount': 653, 'distance': 27668.489116000237}",https://d1plawd8huk6hh.cloudfront.net/assets/default400.png,https://d1plawd8huk6hh.cloudfront.net/assets/default400.png,https://d1plawd8huk6hh.cloudfront.net/assets/default400.png,False,https://www.skiddle.com/whats-on/Oldham/Golden-Lion-Todmorden/Callis--Fat-Francs/42565463/,2026-09-05,2026-09-05T20:00:00+00:00,2026-09-05T23:30:00+00:00,"Callis 
Fat Francés 

@ Golden Lion / Todmorden","{'doorsopen': '20:00', 'doorsclose': '23:30', 'lastentry': ''}",18,,0,0,True,"{'minPrice': 8, 'maxPrice': 10}",,public,,False,{'enabled': False},#f8f8f8,GBP,[],"[{'genreid': '46', 'name': 'Alternative'}]",[]
42580918,2301327,False,2301327,False,0,LIVE,BEER (US) Live at Big Hands,0,,,,,"{'id': 8771, 'name': 'Big Hands', 'address': '296a Oxford Road', 'town': 'Manchester', 'postcode_lookup': 'Manchester', 'postcode': 'M13 9NS', 'region': 'Greater Manchester', 'country': 'GB', 'phone': ' 0161 272 730', 'latitude': 53.462961, 'longitude': -2.230456, 'type': 'bar', 'rating': 4, 'reviewCount': 68, 'distance': 2026.6607640470522}",https://d31fr2pwly4c4s.cloudfront.net/2/5/3/2301327_391aaf53_beer-us-live-at-big-hands_th.jpg,https://d31fr2pwly4c4s.cloudfront.net/2/5/3/2301327_391aaf53_beer-us-live-at-big-hands.jpg,https://d31fr2pwly4c4s.cloudfront.net/2/5/3/2301327_391aaf53_beer-us-live-at-big-hands_1024.jpg,https://d31fr2pwly4c4s.cloudfront.net/2/5/3/2301327_391aaf53_beer-us-live-at-big-hands_1024.webp,https://www.skiddle.com/whats-on/Manchester/Big-Hands/BEER-US-Live-at-Big-Hands/42580918/,2026-09-05,2026-09-05T21:00:00+00:00,2026-09-06T02:00:00+00:00,Pour some Beer on it sugar,"{'doorsopen': '21:00', 'doorsclose': '02:00', 'lastentry': ''}",18,,0,0,True,"{'minPrice': 5, 'maxPrice': 5}",,public,,False,{'enabled': False},#080808,GBP,"[{'artistid': '123626168', 'name': 'BEER', 'image': 'https://d1mdxzfl9p8pzo.cloudfront.net/8/123626168_c8606094_1024.jpg', 'spotifyartisturl': None}]","[{'genreid': '5', 'name': 'Rock'}, {'genreid': '46', 'name': 'Alternative'}, {'genreid': '53', 'name': 'Punk'}, {'genreid': '99', 'name': 'Hardcore Punk'}, {'genreid': '124', 'name': 'Hard Rock'}]",[]
42574435,2300076,False,2300076,False,0,LIVE,Anti Fashion - The Dukes of Bordello - Continental Lovers,0,,,,,"{'id': 132745, 'name': 'Holy Diver', 'address': '1 Princes Street', 'town': 'Stockport', 'postcode_lookup': 'Stockport', 'postcode': 'SK1 1SL', 'region': 'Manchester', 'country': 'GB', 'phone': '', 'latitude': 53.41117375, 'longitude': -2.16158853, 'type': 'live', 'rating': 4, 'reviewCount': 118, 'distance': 9348.609370065313}",https://d31fr2pwly4c4s.cloudfront.net/0/1/a/2300076_16291166_anti-fashion-the-dukes-of-bordello-continental-lovers_th.jpg,https://d31fr2pwly4c4s.cloudfront.net/0/1/a/2300076_16291166_anti-fashion-the-dukes-of-bordello-continental-lovers.jpg,https://d31fr2pwly4c4s.cloudfront.net/0/1/a/2300076_16291166_anti-fashion-the-dukes-of-bordello-continental-lovers_1024.jpg,https://d31fr2pwly4c4s.cloudfront.net/0/1/a/2300076_16291166_anti-fashion-the-dukes-of-bordello-continental-lovers_1024.webp,https://www.skiddle.com/whats-on/Stockport/Holy-Diver/Anti-Fashion---The-Dukes-of-Bordello---Continental-Lovers/42574435/,2026-09-06,2026-09-06T19:00:00+00:00,2026-09-06T22:30:00+00:00,"A line up for the ages, Anti Fashion take to the Holy Diver Stage this September with support from The Dukes of Bordello & Continental Lovers.","{'doorsopen': '19:00', 'doorsclose': '22:30', 'lastentry': ''}",18,,0,0,True,"{'minPrice': 10, 'maxPrice': 10}",,public,,False,{'enabled': False},#080808,GBP,"[{'artistid': '123564842', 'name': 'The Dukes of Bordello', 'image': 'https://d1mdxzfl9p8pzo.cloudfront.net/2/123564842_1_1024.jpg', 'spotifyartisturl': 'spotify:artist:6hLQlWNxKqUvONob9my9cf'}]","[{'genreid': '5', 'name': 'Rock'}]",[]
42303048,2238070,False,2238070,False,0,LIVE,The Bootleg Beatles,0,,,,,"{'id': 34634, 'name': 'Gorilla', 'address': '54-56 Whitworth Street West', 'town': 'Manchester', 'postcode_lookup': 'Manchester', 'postcode': 'M1 5WW', 'region': 'Greater Manchester', 'country': 'GB', 'phone': '0161 425 0870', 'latitude': 53.474203, 'longitude': -2.24256, 'type': 'live', 'rating': 4, 'reviewCount': 3069, 'distance': 557.311163823017}",https://d31fr2pwly4c4s.cloudfront.net/e/7/a/2238070_4058ba6a_the-bootleg-beatles_th.jpg,https://d31fr2pwly4c4s.cloudfront.net/e/7/a/2238070_4058ba6a_the-bootleg-beatles.jpg,https://d31fr2pwly4c4s.cloudfront.net/e/7/a/2238070_4058ba6a_the-bootleg-beatles_1024.jpg,https://d31fr2pwly4c4s.cloudfront.net/e/7/a/2238070_4058ba6a_the-bootleg-beatles_1024.webp,https://www.skiddle.com/whats-on/Manchester/Gorilla/The-Bootleg-Beatles/42303048/,2026-09-06,2026-09-06T19:30:00+00:00,2026-09-06T23:00:00+00:00,The Bootleg Beatles are widely regarded as the world's best The Beatles tribute act.,"{'doorsopen': '19:30', 'doorsclose': '23:00', 'lastentry': ''}",14,,0,0,True,"{'minPrice': 28.5, 'maxPrice': 28.5}",,public,,False,{'enabled': False},#080808,GBP,[],[],[]
42439416,2269195,False,2269195,False,0,LIVE,JIM - Live at YES,1,2026-07-07 10:58:15,rescheduled,Due to date clash with other event,2026-10-04,"{'id': 106846, 'name': 'YES Pink Room', 'address': '38 Charles Street', 'town': 'Manchester', 'postcode_lookup': 'Manchester', 'postcode': 'M1 7DB', 'region': 'Greater Manchester', 'country': 'GB', 'phone': '', 'latitude': 53.4741165, 'longitude': -2.2383327, 'type': 'Nightclub', 'rating': 4, 'reviewCount': 290, 'distance': 699.6816613434604}",https://d31fr2pwly4c4s.cloudfront.net/1/c/a/2269195_83465738_jim-live-at-yes_th.jpg,https://d31fr2pwly4c4s.cloudfront.net/1/c/a/2269195_83465738_jim-live-at-yes.jpg,https://d31fr2pwly4c4s.cloudfront.net/1/c/a/2269195_83465738_jim-live-at-yes_1024.jpg,https://d31fr2pwly4c4s.cloudfront.net/1/c/a/2269195_83465738_jim-live-at-yes_1024.webp,https://www.skiddle.com/whats-on/Manchester/YES-Pink-Room/JIM---Live-at-YES/42580910/,2026-09-06,2026-09-06T19:30:00+00:00,2026-09-06T22:30:00+00:00,JIM returns to YES with material from his forthcoming 2nd album,"{'doorsopen': '19:30', 'doorsclose': '22:30', 'lastentry': ''}",18,,0,0,False,"{'minPrice': 0, 'maxPrice': 0}",,public,,False,{'enabled': False},#f8f8f8,GBP,[],"[{'genreid': '26', 'name': 'Indie'}, {'genreid': '42', 'name': 'Acoustic'}, {'genreid': '44', 'name': 'Folk'}, {'genreid': '126', 'name': 'Alternative Pop'}]",[]
42490528,2282100,False,2282100,False,0,LIVE,Metrorrhagia - Manchester,0,,,,,"{'id': 93480, 'name': 'Star And Garter', 'address': '18-20 Fairfield Street', 'town': 'Manchester', 'postcode_lookup': 'Manchester', 'postcode': 'M1 2QF', 'region': 'Greater Manchester', 'country': 'GB', 'phone': '0161 273 6726', 'latitude': 53.4760941, 'longitude': -2.2271799, 'type': 'live', 'rating': 4, 'reviewCount': 59, 'distance': 1222.7325950279715}",https://d31fr2pwly4c4s.cloudfront.net/4/2/9/2282100_6c2803ea_metrorrhagia-manchester_th.jpg,https://d31fr2pwly4c4s.cloudfront.net/4/2/9/2282100_6c2803ea_metrorrhagia-manchester.jpg,https://d31fr2pwly4c4s.cloudfront.net/4/2/9/2282100_6c2803ea_metrorrhagia-manchester_1024.jpg,https://d31fr2pwly4c4s.cloudfront.net/4/2/9/2282100_6c2803ea_metrorrhagia-manchester_1024.webp,https://www.skiddle.com/whats-on/Manchester/Star-And-Garter/Metrorrhagia---Manchester/42490528/,2026-09-07,2026-09-07T19:00:00+00:00,2026-09-07T23:00:00+00:00,"Metrorrhagia, Lymphoedema, Gastritis, Sarcophagia & Forced Entry hit The Star & Garter","{'doorsopen': '19:00', 'doorsclose': '23:00', 'lastentry': '19:30'}",14,,0,0,True,"{'minPrice': 12, 'maxPrice': 12}",,public,,False,{'enabled': False},#f8f8f8,GBP,[],"[{'genreid': '27', 'name': 'Metal'}, {'genreid': '53', 'name': 'Punk'}]",[]
42572974,2299572,False,2299572,False,0,LIVE,The Necks,0,,,,,"{'id': 75988, 'name': 'The Stoller Hall', 'address': 'Hunts Bank, Manchester', 'town': 'Manchester', 'postcode_lookup': 'Manchester', 'postcode': 'M3 1DA', 'region': 'Greater Manchester', 'country': 'GB', 'phone': '0333 130 0967', 'latitude': 53.48725, 'longitude': -2.243328, 'type': 'live', 'rating': 4, 'reviewCount': 62, 'distance': 924.004979308881}",https://d1plawd8huk6hh.cloudfront.net/assets/default400.png,https://d1plawd8huk6hh.cloudfront.net/assets/default400.png,https://d1plawd8huk6hh.cloudfront.net/assets/default400.png,False,https://www.skiddle.com/whats-on/Manchester/The-Stoller-Hall/The-Necks/42572974/,2026-09-08,2026-09-08T19:00:00+00:00,2026-09-08T21:00:00+00:00,The Necks are one of the great cult bands of Australia.,"{'doorsopen': '19:00', 'doorsclose': '21:00', 'lastentry': ''}",,,0,0,False,"{'minPrice': 12, 'maxPrice': 12}",27.50,public,,False,{'enabled': False},,GBP,"[{'artistid': '123550724', 'name': 'The Necks', 'image': 'https://d1plawd8huk6hh.cloudfront.net/assets/default400.png', 'spotifyartisturl': 'spotify:artist:2S0D6Vlt9T6z5MNm1UBJgf'}]","[{'genreid': '5', 'name': 'Rock'}, {'genreid': '25', 'name': 'Jazz'}, {'genreid': '26', 'name': 'Indie'}]",[]
42400991,2258544,False,2258544,False,0,LIVE,Shallowater,0,,,,,"{'id': 94728, 'name': 'YES Basement', 'address': '38 Charles Street', 'town': 'Manchester', 'postcode_lookup': 'Manchester', 'postcode': 'M1 7DB', 'region': 'Greater Manchester', 'country': 'GB', 'phone': '', 'latitude': 53.4741142, 'longitude': -2.2382036, 'type': 'Nightclub', 'rating': 4, 'reviewCount': 278, 'distance': 705.2971057897885}",https://d31fr2pwly4c4s.cloudfront.net/1/e/c/2258544_341bcc56_shallowater_th.jpg,https://d31fr2pwly4c4s.cloudfront.net/1/e/c/2258544_341bcc56_shallowater.jpg,https://d31fr2pwly4c4s.cloudfront.net/1/e/c/2258544_341bcc56_shallowater_1024.jpg,https://d31fr2pwly4c4s.cloudfront.net/1/e/c/2258544_341bcc56_shallowater_1024.webp,https://www.skiddle.com/whats-on/Manchester/YES-Basement/Shallowater/42400991/,2026-09-08,2026-09-08T19:30:00+00:00,2026-09-08T23:00:00+00:00,Now Wave presents Shallowater plus support Twine at YES Basement on 8th September 2026,"{'doorsopen': '19:30', 'doorsclose': '23:00', 'lastentry': ''}",18,,0,0,True,"{'minPrice': 13, 'maxPrice': 13}",,public,,False,{'enabled': False},#080808,GBP,[],"[{'genreid': '26', 'name': 'Indie'}, {'genreid': '46', 'name': 'Alternative'}]",[]
