id,listingid,isSBT,uniquelistingidentifier,hascollapsedresults,countcollapsedresults,EventCode,eventname,cancelled,cancellationDate,cancellationType,cancellationReason,rescheduledDate,venue,imageurl,largeimageurl,xlargeimageurl,xlargeimageurlWebP,link,date,startdate,enddate,description,openingtimes,minage,imgoing,goingtos,goingtocount,tickets,ticketpricing,entryprice,eventvisibility,ticketUrl,hotSeller,rep,headerHex,currency,artists,genres,healthAndSafety
42543135,2294813,False,2294813,False,0,CLUB,Dub empire prologue #7,0,,,,,"{'id': 4531, 'name': 'Amersham Arms', 'address': '388 New Cross Road', 'town': 'New Cross', 'postcode_lookup': 'London', 'postcode': 'SE14 6TY', 'region': 'London', 'country': 'GB', 'phone': '02086919506', 'latitude': 51.475343, 'longitude': -0.030285, 'type': 'live', 'rating': 4, 'reviewCount': 115, 'distance': 7626.201522199726}",https://d31fr2pwly4c4s.cloudfront.net/d/6/6/2294813_39837862_Dub-empire-prologue--7_th.jpg,https://d31fr2pwly4c4s.cloudfront.net/d/6/6/2294813_39837862_Dub-empire-prologue--7.jpg,https://d31fr2pwly4c4s.cloudfront.net/d/6/6/2294813_39837862_Dub-empire-prologue--7_1024.jpg,https://d31fr2pwly4c4s.cloudfront.net/d/6/6/2294813_39837862_Dub-empire-prologue--7_1024.webp,https://www.skiddle.com/whats-on/London/Amersham-Arms/Dub-empire-prologue-7/42543135/,2026-07-05,2026-07-05T17:00:00+00:00,2026-07-26T23:00:00+00:00,"The wait is nearly over! Join us for an unforgettable evening of heavyweight roots, reggae and dub as the mighty Ital Power Sound System takesover","{'doorsopen': '17:00', 'doorsclose': '23:00', 'lastentry': '21:00'}",18,,0,0,True,"{'minPrice': 0, 'maxPrice': 0}",,public,,False,{'enabled': False},#483838,GBP,"[{'artistid': '123588296', 'name': 'ITAL POWER SOUNDSYTEM', 'image': 'https://d1mdxzfl9p8pzo.cloudfront.net/6/123588296_f298e7c1_1024.jpg', 'spotifyartisturl': None}]","[{'genreid': '68', 'name': 'Reggae'}]",[]
42561706,2296378,False,l6fKGiXbIt,False,0,CLUB,Arcade Nights Every Sunday @ NQ64 Shoreditch,0,,,,,"{'id': 124865, 'name': 'NQ64 Shoreditch', 'address': '256-260 Old Street', 'town': 'London', 'postcode_lookup': 'London', 'postcode': 'EC1V 9DD', 'region': 'London', 'country': 'GB', 'phone': '', 'latitude': 51.5261005, 'longitude': -0.0852294, 'type': 'bar', 'rating': 3, 'reviewCount': 1, 'distance': 3642.754230220698}",https://d31fr2pwly4c4s.cloudfront.net/9/b/0/2254770_1239b946_arcade-nights-every-sunday-nq64-shoreditch_th.jpg,https://d31fr2pwly4c4s.cloudfront.net/9/b/0/2254770_1239b946_arcade-nights-every-sunday-nq64-shoreditch.jpg,https://d31fr2pwly4c4s.cloudfront.net/9/b/0/2254770_1239b946_arcade-nights-every-sunday-nq64-shoreditch_1024.jpg,https://d31fr2pwly4c4s.cloudfront.net/9/b/0/2254770_1239b946_arcade-nights-every-sunday-nq64-shoreditch_1024.webp,https://www.skiddle.com/whats-on/London/NQ64-Shoreditch/Arcade-Nights-Every-Sunday--NQ64-Shoreditch/42561706/,2026-07-12,2026-07-12T12:00:00+00:00,2026-07-13T02:00:00+00:00,"Arcade Night at NQ64 every Sunday
5 game tokens plus drinks from £3.50
50+ arcade games in an underground bar ","{'doorsopen': '12:00', 'doorsclose': '02:00', 'lastentry': '01:00'}",18,,0,0,True,"{'minPrice': 0, 'maxPrice': 0}",,public,,False,{'enabled': False},,GBP,[],[],[]
42459908,2272438,False,2272438,False,0,CLUB,Sidney Charles (All Day Long),0,,,,,"{'id': 109726, 'name': 'LDN EAST', 'address': '30 Bidder St', 'town': 'Canning Town', 'postcode_lookup': 'London', 'postcode': 'E16 4SH', 'region': 'London', 'country': 'GB', 'phone': '', 'latitude': 51.5190133, 'longitude': 0.0037307, 'type': 'Nightclub', 'rating': 4, 'reviewCount': 1078, 'distance': 9213.217964289111}",https://d31fr2pwly4c4s.cloudfront.net/e/2/6/2272438_18f468eb_sidney-charles-all-day-long-_th.jpg,https://d31fr2pwly4c4s.cloudfront.net/e/2/6/2272438_18f468eb_sidney-charles-all-day-long-.jpg,https://d31fr2pwly4c4s.cloudfront.net/e/2/6/2272438_18f468eb_sidney-charles-all-day-long-_1024.jpg,https://d31fr2pwly4c4s.cloudfront.net/e/2/6/2272438_18f468eb_sidney-charles-all-day-long-_1024.webp,https://www.skiddle.com/whats-on/London/LDN-EAST/Sidney-Charles-All-Day-Long/42459908/,2026-07-12,2026-07-12T14:00:00+00:00,2026-07-12T23:00:00+00:00,LDN East welcomes Sidney Charles on 12th July.,"{'doorsopen': '14:00', 'doorsclose': '23:00', 'lastentry': '21:00'}",18,,0,0,True,"{'minPrice': 0, 'maxPrice': 0}",,public,,False,{'enabled': False},#b8c8c8,GBP,"[{'artistid': '123514070', 'name': 'Sidney Charles', 'image': 'https://d1mdxzfl9p8pzo.cloudfront.net/0/123514070_1_1024.jpg', 'spotifyartisturl': 'spotify:artist:0J6ZEXmLQfZMeHBoa4JZTH'}]","[{'genreid': '14', 'name': 'Tech House'}, {'genreid': '111', 'name': 'Minimal'}]",[]
42497687,2283294,False,2283294,False,0,CLUB,SOUL VANGUARD SUNDAY Rooftop Party at Big Chill Kings Cross,0,,,,,"{'id': 36084, 'name': 'Big Chill House', 'address': '257-259 Pentonville Road', 'town': 'London', 'postcode_lookup': 'London', 'postcode': 'N1 9NL', 'region': 'London', 'country': 'GB', 'phone': '02074272540', 'latitude': 51.5305763, 'longitude': -0.1207038, 'type': 'live', 'rating': 3, 'reviewCount': 8, 'distance': 2669.733353367581}",https://d31fr2pwly4c4s.cloudfront.net/2/3/3/2283294_fac47f44_soul-vanguard-sunday-rooftop-party-at-big-chill-kings-cross_th.jpg,https://d31fr2pwly4c4s.cloudfront.net/2/3/3/2283294_fac47f44_soul-vanguard-sunday-rooftop-party-at-big-chill-kings-cross.jpg,https://d31fr2pwly4c4s.cloudfront.net/2/3/3/2283294_fac47f44_soul-vanguard-sunday-rooftop-party-at-big-chill-kings-cross_1024.jpg,https://d31fr2pwly4c4s.cloudfront.net/2/3/3/2283294_fac47f44_soul-vanguard-sunday-rooftop-party-at-big-chill-kings-cross_1024.webp,https://www.skiddle.com/whats-on/London/Big-Chill-House/SOUL-VANGUARD-SUNDAY-Rooftop-Party-at-Big-Chill-Kings-Cross/42497687/,2026-07-12,2026-07-12T15:00:00+00:00,2026-07-12T21:00:00+00:00,"Sunshine, soul and summer grooves on the rooftop.","{'doorsopen': '15:00', 'doorsclose': '21:00', 'lastentry': '20:00'}",18,,0,0,True,"{'minPrice': 9, 'maxPrice': 10}",,public,,False,{'enabled': False},#e8d8a8,GBP,[],"[{'genreid': '4', 'name': 'R&B'}, {'genreid': '43', 'name': 'Soul'}]",[]
41798661,2177633,False,2177633,False,0,CLUB,Dance For Stevie Summer Cruise,0,,,,,"{'id': 101956, 'name': 'The Dutchmaster   Tower Millenium Pier', 'address': 'Tower Millennium Pier, Tower Pier', 'town': 'London', 'postcode_lookup': 'London', 'postcode': 'EC3N 4DT', 'region': 'London', 'country': 'GB', 'phone': '', 'latitude': 51.5079187, 'longitude': -0.0783053, 'type': 'Nightclub', 'rating': 4, 'reviewCount': 119, 'distance': 3440.846532674959}",https://d31fr2pwly4c4s.cloudfront.net/5/1/f/2177633_69e106ac_dance-for-stevie-summer-cruise_th.jpg,https://d31fr2pwly4c4s.cloudfront.net/5/1/f/2177633_69e106ac_dance-for-stevie-summer-cruise.jpg,https://d31fr2pwly4c4s.cloudfront.net/5/1/f/2177633_69e106ac_dance-for-stevie-summer-cruise_1024.jpg,https://d31fr2pwly4c4s.cloudfront.net/5/1/f/2177633_69e106ac_dance-for-stevie-summer-cruise_1024.webp,https://www.skiddle.com/whats-on/London/The-Dutchmaster---Tower-Millenium-Pier/Dance-For-Stevie-Summer-Cruise/41798661/,2026-07-12,2026-07-12T16:00:00+00:00,2026-07-12T21:00:00+00:00,"Dance For Stevie, Summer Cruise Fundraiser is back on Sunday the 12th of July 2026.
Cruising along the Thames from 4pm-9pm.","{'doorsopen': '16:00', 'doorsclose': '21:00', 'lastentry': '16:00'}",20,,0,0,True,"{'minPrice': 10, 'maxPrice': 25}",,public,,False,{'enabled': False},#180808,GBP,"[{'artistid': '123487266', 'name': 'Seamus Haji', 'image': 'https://d1mdxzfl9p8pzo.cloudfront.net/6/123487266_1_1024.jpg', 'spotifyartisturl': 'spotify:artist:2f6jGbE8VU74rb5AQtOdFz'}, {'artistid': '123488834', 'name': 'Bobby & Steve', 'image': 'https://d1mdxzfl9p8pzo.cloudfront.net/4/123488834_1_1024.jpg', 'spotifyartisturl': 'spotify:artist:1RxTEdejsxzgTmWX2LuWFB'}, {'artistid': '123496932', 'name': 'Aitch B', 'image': 'https://d1mdxzfl9p8pzo.cloudfront.net/2/123496932_267.jpg', 'spotifyartisturl': None}, {'artistid': '123526228', 'name': 'Ronnie Herel', 'image': 'https://d1mdxzfl9p8pzo.cloudfront.net/8/123526228_1_1024.jpg', 'spotifyartisturl': 'spotify:artist:7D2jlZPYTcM0kS3nnjPuNJ'}, {'artistid': '123586032', 'name': 'paul morrissey', 'image': 'https://d1mdxzfl9p8pzo.cloudfront.net/2/123586032_98c0537c_1024.jpg', 'spotifyartisturl': 'spotify:artist:71sn9TuFtx9JOsUHIcESQz'}]","[{'genreid': '1', 'name': 'House'}, {'genreid': '43', 'name': 'Soul'}, {'genreid': '57', 'name': 'Disco'}, {'genreid': '108', 'name': 'Soulful House'}]",[]
42567626,2298000,False,2298000,False,0,CLUB,Rooftop Summer Party,0,,,,,"{'id': 111775, 'name': 'Brixton Storeys', 'address': '467-469 Brixton Road', 'town': 'London', 'postcode_lookup': 'London', 'postcode': 'SW9 8HH', 'region': 'London', 'country': 'GB', 'phone': '', 'latitude': 51.4615506, 'longitude': -0.1149515, 'type': 'Nightclub', 'rating': 4, 'reviewCount': 170, 'distance': 5133.8873971318635}",https://d31fr2pwly4c4s.cloudfront.net/f/e/2/2298000_2cc068fc_rooftop-summer-party_th.jpg,https://d31fr2pwly4c4s.cloudfront.net/f/e/2/2298000_2cc068fc_rooftop-summer-party.jpg,https://d31fr2pwly4c4s.cloudfront.net/f/e/2/2298000_2cc068fc_rooftop-summer-party_1024.jpg,https://d31fr2pwly4c4s.cloudfront.net/f/e/2/2298000_2cc068fc_rooftop-summer-party_1024.webp,https://www.skiddle.com/whats-on/London/Brixton-Storeys/Rooftop-Summer-Party/42567626/,2026-07-12,2026-07-12T16:00:00+00:00,2026-07-12T23:00:00+00:00,"Rooftop Summer Party Is Finally Back !

Rooftop Summer Party Like You Have Never Heard It Before!","{'doorsopen': '16:00', 'doorsclose': '23:00', 'lastentry': '18:00'}",18,,0,0,True,"{'minPrice': 0, 'maxPrice': 15}",,public,,False,{'enabled': False},#080808,GBP,[],"[{'genreid': '4', 'name': 'R&B'}, {'genreid': '24', 'name': 'Dancehall'}, {'genreid': '39', 'name': 'Hip Hop'}, {'genreid': '95', 'name': 'Afrobeat'}]",[]
42530293,2292438,False,2292438,False,0,CLUB,Bashment & Afrobeats Day Party - Everyone Free Before 6PM,0,,,,,"{'id': 111775, 'name': 'Brixton Storeys', 'address': '467-469 Brixton Road', 'town': 'London', 'postcode_lookup': 'London', 'postcode': 'SW9 8HH', 'region': 'London', 'country': 'GB', 'phone': '', 'latitude': 51.4615506, 'longitude': -0.1149515, 'type': 'Nightclub', 'rating': 4, 'reviewCount': 170, 'distance': 5133.8873971318635}",https://d31fr2pwly4c4s.cloudfront.net/3/3/e/2292438_25b1c6db_bashment-afrobeats-day-party-everyone-free-before-6pm_th.jpg,https://d31fr2pwly4c4s.cloudfront.net/3/3/e/2292438_25b1c6db_bashment-afrobeats-day-party-everyone-free-before-6pm.jpg,https://d31fr2pwly4c4s.cloudfront.net/3/3/e/2292438_25b1c6db_bashment-afrobeats-day-party-everyone-free-before-6pm_1024.jpg,https://d31fr2pwly4c4s.cloudfront.net/3/3/e/2292438_25b1c6db_bashment-afrobeats-day-party-everyone-free-before-6pm_1024.webp,https://www.skiddle.com/whats-on/London/Brixton-Storeys/Bashment--Afrobeats-Day-Party---Everyone-Free-Before-6PM/42530293/,2026-07-12,2026-07-12T16:00:00+00:00,2026-07-12T23:00:00+00:00,"Bashment & Afrobeats Day Party Is Finally Back !

Bashment & Afrobeats Day Party Like You Have Never Heard It Before!","{'doorsopen': '16:00', 'doorsclose': '23:00', 'lastentry': '18:00'}",18,,0,0,True,"{'minPrice': 0, 'maxPrice': 15}",,public,,False,{'enabled': False},#080808,GBP,[],"[{'genreid': '4', 'name': 'R&B'}, {'genreid': '24', 'name': 'Dancehall'}, {'genreid': '39', 'name': 'Hip Hop'}, {'genreid': '95', 'name': 'Afrobeat'}]",[]
42587365,2303033,False,2303033,False,0,CLUB,Day Party In Brixton - Everyone Free Before 6PM,0,,,,,"{'id': 111775, 'name': 'Brixton Storeys', 'address': '467-469 Brixton Road', 'town': 'London', 'postcode_lookup': 'London', 'postcode': 'SW9 8HH', 'region': 'London', 'country': 'GB', 'phone': '', 'latitude': 51.4615506, 'longitude': -0.1149515, 'type': 'Nightclub', 'rating': 4, 'reviewCount': 170, 'distance': 5133.8873971318635}",https://d31fr2pwly4c4s.cloudfront.net/8/8/8/2303033_40d4558c_day-party-in-brixton-everyone-free-before-6pm_th.jpg,https://d31fr2pwly4c4s.cloudfront.net/8/8/8/2303033_40d4558c_day-party-in-brixton-everyone-free-before-6pm.jpg,https://d31fr2pwly4c4s.cloudfront.net/8/8/8/2303033_40d4558c_day-party-in-brixton-everyone-free-before-6pm_1024.jpg,https://d31fr2pwly4c4s.cloudfront.net/8/8/8/2303033_40d4558c_day-party-in-brixton-everyone-free-before-6pm_1024.webp,https://www.skiddle.com/whats-on/London/Brixton-Storeys/Day-Party-In-Brixton---Everyone-Free-Before-6PM/42587365/,2026-07-12,2026-07-12T16:00:00+00:00,2026-07-12T23:00:00+00:00,"Day Party In Brixton Is Finally Back !

Day Party In Brixton Like You Have Never Heard It Before!","{'doorsopen': '16:00', 'doorsclose': '23:00', 'lastentry': '18:00'}",18,,0,0,True,"{'minPrice': 0, 'maxPrice': 15}",,public,,False,{'enabled': False},#080808,GBP,[],"[{'genreid': '4', 'name': 'R&B'}, {'genreid': '24', 'name': 'Dancehall'}, {'genreid': '39', 'name': 'Hip Hop'}, {'genreid': '95', 'name': 'Afrobeat'}]",[]
42527505,2291138,False,2291138,False,0,CLUB,Day Party Motion - LDN - Everyone Free Before 6PM,0,,,,,"{'id': 111775, 'name': 'Brixton Storeys', 'address': '467-469 Brixton Road', 'town': 'London', 'postcode_lookup': 'London', 'postcode': 'SW9 8HH', 'region': 'London', 'country': 'GB', 'phone': '', 'latitude': 51.4615506, 'longitude': -0.1149515, 'type': 'Nightclub', 'rating': 4, 'reviewCount': 170, 'distance': 5133.8873971318635}",https://d31fr2pwly4c4s.cloudfront.net/6/1/e/2291138_1a628668_day-party-motion-ldn-everyone-free-before-6pm_th.jpg,https://d31fr2pwly4c4s.cloudfront.net/6/1/e/2291138_1a628668_day-party-motion-ldn-everyone-free-before-6pm.jpg,https://d31fr2pwly4c4s.cloudfront.net/6/1/e/2291138_1a628668_day-party-motion-ldn-everyone-free-before-6pm_1024.jpg,https://d31fr2pwly4c4s.cloudfront.net/6/1/e/2291138_1a628668_day-party-motion-ldn-everyone-free-before-6pm_1024.webp,https://www.skiddle.com/whats-on/London/Brixton-Storeys/Day-Party-Motion---LDN---Everyone-Free-Before-6PM/42527505/,2026-07-12,2026-07-12T16:00:00+00:00,2026-07-12T23:00:00+00:00,"Day Party Motion Is Finally Back !

Day Party Motion Like You Have Never Heard It Before!","{'doorsopen': '16:00', 'doorsclose': '23:00', 'lastentry': '18:00'}",18,,0,0,True,"{'minPrice': 0, 'maxPrice': 15}",,public,,False,{'enabled': False},#080808,GBP,[],"[{'genreid': '4', 'name': 'R&B'}, {'genreid': '24', 'name': 'Dancehall'}, {'genreid': '39', 'name': 'Hip Hop'}, {'genreid': '95', 'name': 'Afrobeat'}]",[]
42505325,2285743,False,2285743,False,0,CLUB,Sunday Specials: Afrospin,0,,,,,"{'id': 97560, 'name': 'Rollernation ', 'address': ' 117 Bruce Grove ', 'town': 'London', 'postcode_lookup': 'London', 'postcode': 'N17 6UR', 'region': 'London', 'country': 'GB', 'phone': '020 7720 9140', 'latitude': 51.59482, 'longitude': -0.070397, 'type': 'Nightclub', 'rating': 4, 'reviewCount': 3926, 'distance': 10546.149238688688}",https://d31fr2pwly4c4s.cloudfront.net/4/5/7/2285743_2651732f_sunday-specials-afrospin_th.jpg,https://d31fr2pwly4c4s.cloudfront.net/4/5/7/2285743_2651732f_sunday-specials-afrospin.jpg,https://d31fr2pwly4c4s.cloudfront.net/4/5/7/2285743_2651732f_sunday-specials-afrospin_1024.jpg,https://d31fr2pwly4c4s.cloudfront.net/4/5/7/2285743_2651732f_sunday-specials-afrospin_1024.webp,https://www.skiddle.com/whats-on/London/Rollernation-/Sunday-Specials-Afrospin/42505325/,2026-07-12,2026-07-12T19:00:00+00:00,2026-07-12T23:00:00+00:00,"A night dedicated to Afrobeats, Amapiano, GQOM, Afrohouse and Aftrican Electronic Music!","{'doorsopen': '19:00', 'doorsclose': '23:00', 'lastentry': '21:30'}",18,,0,0,True,"{'minPrice': 16, 'maxPrice': 16}",,public,,False,{'enabled': False},#080808,GBP,[],"[{'genreid': '66', 'name': 'African'}, {'genreid': '95', 'name': 'Afrobeat'}, {'genreid': '110', 'name': 'Amapiano'}]",[]
42561449,2296353,False,8kx3QNqnp8,False,0,CLUB,Central London Pub Crawl - Every Sunday,0,,,,,"{'id': 131898, 'name': 'The Munster Tavern', 'address': '18 Bear St', 'town': 'London', 'postcode_lookup': 'London', 'postcode': 'WC2H 7AX', 'region': 'London', 'country': 'GB', 'phone': '', 'latitude': 51.5109327, 'longitude': -0.1294377, 'type': 'bar', 'rating': 0, 'reviewCount': 0, 'distance': 448.470883132744}",https://d1plawd8huk6hh.cloudfront.net/assets/default400.png,https://d1plawd8huk6hh.cloudfront.net/assets/default400.png,https://d1plawd8huk6hh.cloudfront.net/assets/default400.png,False,https://www.skiddle.com/whats-on/London/The-Munster-Tavern/Central-London-Pub-Crawl---Every-Sunday/42561449/,2026-07-12,2026-07-12T19:45:00+00:00,2026-07-13T02:00:00+00:00,Join us every Sunday for our Central London Pub Crawl!,"{'doorsopen': '19:45', 'doorsclose': '02:00', 'lastentry': '19:45'}",18,,0,0,True,"{'minPrice': 16.5, 'maxPrice': 23.5}",,public,,False,{'enabled': False},,GBP,[],[],[]
42587544,2303185,False,2303185,False,0,CLUB,Afrobeats & Bashment City Party,0,,,,,"{'id': 92450, 'name': 'LA Lounge', 'address': 'Bell Ln, Dock Rd, London', 'town': 'London', 'postcode_lookup': 'London', 'postcode': 'E16 2AB', 'region': 'London', 'country': 'GB', 'phone': '', 'latitude': 51.504592, 'longitude': 0.017563, 'type': 'Nightclub', 'rating': 3, 'reviewCount': 5, 'distance': 10078.223167396727}",https://d31fr2pwly4c4s.cloudfront.net/3/a/2/2303185_c180135b_afrobeats-bashment-city-party_th.jpg,https://d31fr2pwly4c4s.cloudfront.net/3/a/2/2303185_c180135b_afrobeats-bashment-city-party.jpg,https://d31fr2pwly4c4s.cloudfront.net/3/a/2/2303185_c180135b_afrobeats-bashment-city-party_1024.jpg,https://d31fr2pwly4c4s.cloudfront.net/3/a/2/2303185_c180135b_afrobeats-bashment-city-party_1024.webp,https://www.skiddle.com/whats-on/London/LA-Lounge/Afrobeats--Bashment-City-Party/42587544/,2026-07-12,2026-07-12T22:00:00+00:00,2026-07-13T05:00:00+00:00,"Sunday - We've Hosted Artist Like WIZKID, BURNA BOY, DAVIDO, SONA, NSG, YUNG BANE, MR EAZI, STYLO G, MS BANKS, THE COMPOZERS & MORE...","{'doorsopen': '22:00', 'doorsclose': '05:00', 'lastentry': '02:00'}",18,,0,0,True,"{'minPrice': 10, 'maxPrice': 14}",,public,,False,{'enabled': False},#281818,GBP,[],"[{'genreid': '4', 'name': 'R&B'}, {'genreid': '21', 'name': 'Club Classics'}, {'genreid': '24', 'name': 'Dancehall'}, {'genreid': '95', 'name': 'Afrobeat'}, {'genreid': '110', 'name': 'Amapiano'}]",[]
42492259,2282523,False,sOMpaMPW7I,False,0,CLUB,Arcade Nights Every Monday @ NQ64 Shoreditch,0,,,,,"{'id': 81758, 'name': 'The Shoreditch Bar', 'address': '144-145 Shoreditch High Street', 'town': 'London', 'postcode_lookup': 'London', 'postcode': 'E1 6JE', 'region': 'London', 'country': 'GB', 'phone': '', 'latitude': 51.525829, 'longitude': -0.078012, 'type': 'bar', 'rating': 3, 'reviewCount': 2, 'distance': 4043.2489341682344}",https://d1plawd8huk6hh.cloudfront.net/assets/default400.png,https://d1plawd8huk6hh.cloudfront.net/assets/default400.png,https://d1plawd8huk6hh.cloudfront.net/assets/default400.png,False,https://www.skiddle.com/whats-on/London/The-Shoreditch-Bar/Arcade-Nights-Every-Monday--NQ64-Shoreditch/42492259/,2026-07-13,2026-07-13T15:00:00+00:00,2026-07-14T02:00:00+00:00,"Arcade Night at NQ64 every Monday
5 game tokens plus drinks from £3.50
50+ arcade games in an underground bar","{'doorsopen': '15:00', 'doorsclose': '02:00', 'lastentry': '01:00'}",18,,0,0,True,"{'minPrice': 6.5, 'maxPrice': 8.5}",,public,,False,{'enabled': False},,GBP,[],[],[]
42492401,2282532,False,pRNYcreGLE,False,0,CLUB,Soho Sessions @ Zebranos Every Monday,0,,,,,"{'id': 8132, 'name': 'Zebrano Soho', 'address': '18 Greek Street, Soho', 'town': 'London', 'postcode_lookup': 'London', 'postcode': 'W1D 4DS', 'region': 'London', 'country': 'GB', 'phone': '02072875267', 'latitude': 51.5140173, 'longitude': -0.1305949, 'type': 'bar', 'rating': 2, 'reviewCount': 8, 'distance': 800.6871225298354}",https://d31fr2pwly4c4s.cloudfront.net/b/8/d/2249246_b8a8ed9b_soho-sessions-zebranos-every-monday_th.jpg,https://d31fr2pwly4c4s.cloudfront.net/b/8/d/2249246_b8a8ed9b_soho-sessions-zebranos-every-monday.jpg,https://d31fr2pwly4c4s.cloudfront.net/b/8/d/2249246_b8a8ed9b_soho-sessions-zebranos-every-monday_1024.jpg,https://d31fr2pwly4c4s.cloudfront.net/b/8/d/2249246_b8a8ed9b_soho-sessions-zebranos-every-monday_1024.webp,https://www.skiddle.com/whats-on/London/Zebrano-Soho/Soho-Sessions--Zebranos-Every-Monday/42492401/,2026-07-13,2026-07-13T22:00:00+00:00,2026-07-14T03:00:00+00:00,"Zebrano Soho Monday night party
Student tickets, drinks from £5
DJs all night, cocktails flowing, central Soho crowd and late-night energy","{'doorsopen': '22:00', 'doorsclose': '03:00', 'lastentry': '02:00'}",18,,0,0,True,"{'minPrice': 5.5, 'maxPrice': 7.5}",,public,,False,{'enabled': False},,GBP,[],[],[]
42334851,2245304,False,2245304,False,0,CLUB,MOTION Every Monday @ XOYO,0,,,,,"{'id': 18253, 'name': 'XOYO', 'address': '32-37 Cowper Street', 'town': 'London', 'postcode_lookup': 'London', 'postcode': 'EC2A 4AP', 'region': 'London', 'country': 'GB', 'phone': '0207 6082 878', 'latitude': 51.525452, 'longitude': -0.085632, 'type': 'Nightclub', 'rating': 4, 'reviewCount': 1480, 'distance': 3578.346090351316}",https://d31fr2pwly4c4s.cloudfront.net/2/c/4/2245304_c73949a5_motion-every-monday-xoyo_th.jpg,https://d31fr2pwly4c4s.cloudfront.net/2/c/4/2245304_c73949a5_motion-every-monday-xoyo.jpg,https://d31fr2pwly4c4s.cloudfront.net/2/c/4/2245304_c73949a5_motion-every-monday-xoyo_1024.jpg,https://d31fr2pwly4c4s.cloudfront.net/2/c/4/2245304_c73949a5_motion-every-monday-xoyo_1024.webp,https://www.skiddle.com/whats-on/London/XOYO/MOTION-Every-Monday--XOYO/42334851/,2026-07-13,2026-07-13T23:00:00+00:00,2026-07-14T03:00:00+00:00,London's Biggest Monday Night.,"{'doorsopen': '23:00', 'doorsclose': '03:00', 'lastentry': '02:00'}",18,,0,0,True,"{'minPrice': 5, 'maxPrice': 8}",,public,,False,{'enabled': False},#080808,GBP,[],"[{'genreid': '36', 'name': 'Rap'}, {'genreid': '39', 'name': 'Hip Hop'}, {'genreid': '95', 'name': 'Afrobeat'}, {'genreid': '101', 'name': 'Trap'}]",[]
42492685,2282550,False,j3dHQqzcaG,False,0,CLUB,Arcade Nights Every Tuesday @ NQ64 Shoreditch,0,,,,,"{'id': 124865, 'name': 'NQ64 Shoreditch', 'address': '256-260 Old Street', 'town': 'London', 'postcode_lookup': 'London', 'postcode': 'EC1V 9DD', 'region': 'London', 'country': 'GB', 'phone': '', 'latitude': 51.5261005, 'longitude': -0.0852294, 'type': 'bar', 'rating': 3, 'reviewCount': 1, 'distance': 3642.754230220698}",https://d31fr2pwly4c4s.cloudfront.net/2/e/c/2249279_9225fa7e_arcade-nights-every-tuesday-nq64-shoreditch_th.jpg,https://d31fr2pwly4c4s.cloudfront.net/2/e/c/2249279_9225fa7e_arcade-nights-every-tuesday-nq64-shoreditch.jpg,https://d31fr2pwly4c4s.cloudfront.net/2/e/c/2249279_9225fa7e_arcade-nights-every-tuesday-nq64-shoreditch_1024.jpg,https://d31fr2pwly4c4s.cloudfront.net/2/e/c/2249279_9225fa7e_arcade-nights-every-tuesday-nq64-shoreditch_1024.webp,https://www.skiddle.com/whats-on/London/NQ64-Shoreditch/Arcade-Nights-Every-Tuesday--NQ64-Shoreditch/42492685/,2026-07-14,2026-07-14T15:00:00+00:00,2026-07-15T02:00:00+00:00,"Arcade Night at NQ64 every Monday
5 game tokens plus drinks from £3.50
50+ arcade games in an underground bar","{'doorsopen': '15:00', 'doorsclose': '02:00', 'lastentry': '01:00'}",18,,0,0,True,"{'minPrice': 6.5, 'maxPrice': 8.5}",,public,,False,{'enabled': False},,GBP,[],[],[]
42492543,2282541,False,xiSD6uMoC7,False,0,CLUB,Central London Pub Crawl - Every Tuesday,0,,,,,"{'id': 66338, 'name': 'Zoo Bar And Club', 'address': '13-17 Bear Street', 'town': 'Leicester Square', 'postcode_lookup': 'London', 'postcode': 'WC2H 7AQ', 'region': 'London', 'country': 'GB', 'phone': '', 'latitude': 51.5105358, 'longitude': -0.1295907, 'type': 'Nightclub', 'rating': 2, 'reviewCount': 4, 'distance': 408.2855001046106}",https://d31fr2pwly4c4s.cloudfront.net/d/8/e/2249265_5097c32b_central-london-pub-crawl-every-tuesday_th.jpg,https://d31fr2pwly4c4s.cloudfront.net/d/8/e/2249265_5097c32b_central-london-pub-crawl-every-tuesday.jpg,https://d31fr2pwly4c4s.cloudfront.net/d/8/e/2249265_5097c32b_central-london-pub-crawl-every-tuesday_1024.jpg,https://d31fr2pwly4c4s.cloudfront.net/d/8/e/2249265_5097c32b_central-london-pub-crawl-every-tuesday_1024.webp,https://www.skiddle.com/whats-on/London/Zoo-Bar-And-Club/Central-London-Pub-Crawl---Every-Tuesday/42492543/,2026-07-14,2026-07-14T19:45:00+00:00,2026-07-15T01:00:00+00:00,"Start at Zoo Bar 7:45pm
Visit top Central London pubs and bars
Free shots along the way, student tickets available all night","{'doorsopen': '19:45', 'doorsclose': '01:00', 'lastentry': '19:45'}",18,,0,0,True,"{'minPrice': 16.5, 'maxPrice': 23.5}",,public,,False,{'enabled': False},,GBP,[],[],[]
42469318,2274594,False,D8LJHEr8gB,False,0,CLUB,Soho Sessions @ Zebranos Every Tuesday,0,,,,,"{'id': 8132, 'name': 'Zebrano Soho', 'address': '18 Greek Street, Soho', 'town': 'London', 'postcode_lookup': 'London', 'postcode': 'W1D 4DS', 'region': 'London', 'country': 'GB', 'phone': '02072875267', 'latitude': 51.5140173, 'longitude': -0.1305949, 'type': 'bar', 'rating': 2, 'reviewCount': 8, 'distance': 800.6871225298354}",https://d31fr2pwly4c4s.cloudfront.net/0/1/f/2249292_f74bb59c_soho-sessions-zebranos-every-tuesday_th.jpg,https://d31fr2pwly4c4s.cloudfront.net/0/1/f/2249292_f74bb59c_soho-sessions-zebranos-every-tuesday.jpg,https://d31fr2pwly4c4s.cloudfront.net/0/1/f/2249292_f74bb59c_soho-sessions-zebranos-every-tuesday_1024.jpg,https://d31fr2pwly4c4s.cloudfront.net/0/1/f/2249292_f74bb59c_soho-sessions-zebranos-every-tuesday_1024.webp,https://www.skiddle.com/whats-on/London/Zebrano-Soho/Soho-Sessions--Zebranos-Every-Tuesday/42469318/,2026-07-14,2026-07-14T22:00:00+00:00,2026-07-15T03:00:00+00:00,"Zebrano Soho Tuesday night party
Student tickets, drinks from £5
DJs all night, cocktails flowing, central Soho crowd and late-night energy","{'doorsopen': '22:00', 'doorsclose': '03:00', 'lastentry': '02:00'}",18,,0,0,True,"{'minPrice': 5.5, 'maxPrice': 7.5}",,public,,False,{'enabled': False},,GBP,[],[],[]
42165439,2220548,False,2220548,False,0,CLUB,The Roxy every Tuesday,0,,,,,"{'id': 124914, 'name': 'The Roxy, London', 'address': '3-5 Rathbone Place', 'town': 'London', 'postcode_lookup': 'London', 'postcode': 'W1T 1HJ', 'region': 'London', 'country': 'GB', 'phone': '', 'latitude': 51.5166448, 'longitude': -0.1330285, 'type': 'Nightclub', 'rating': 4, 'reviewCount': 8, 'distance': 1127.4955857495231}",https://d31fr2pwly4c4s.cloudfront.net/f/3/1/2220529_a290f8d0_the-roxy-every-tuesday_th.jpg,https://d31fr2pwly4c4s.cloudfront.net/f/3/1/2220529_a290f8d0_the-roxy-every-tuesday.jpg,https://d31fr2pwly4c4s.cloudfront.net/f/3/1/2220529_a290f8d0_the-roxy-every-tuesday_1024.jpg,https://d31fr2pwly4c4s.cloudfront.net/f/3/1/2220529_a290f8d0_the-roxy-every-tuesday_1024.webp,https://www.skiddle.com/whats-on/London/The-Roxy%2C-London/The-Roxy-every-Tuesday/42165439/,2026-07-14,2026-07-14T22:00:00+00:00,2026-07-15T03:00:00+00:00,Ultimate throwback Tuesdays at The Roxy with classic anthems and today's hits all night plus exclusive drink deals and nonstop energy.,"{'doorsopen': '22:00', 'doorsclose': '03:00', 'lastentry': '01:00'}",18,,0,0,True,"{'minPrice': 6, 'maxPrice': 6}",,public,,False,{'enabled': False},,GBP,[],[],[]
42483853,2279485,False,2279485,False,0,CLUB,"Milkshake, Ministry of Sound | London's Biggest Student Night",0,,,,,"{'id': 281, 'name': 'Ministry Of Sound', 'address': '103 Gaunt Street', 'town': 'London', 'postcode_lookup': 'London', 'postcode': 'SE1 6DP', 'region': 'London', 'country': 'GB', 'phone': '020 7740 8600', 'latitude': 51.497796, 'longitude': -0.099469, 'type': 'Nightclub', 'rating': 4, 'reviewCount': 2775, 'distance': 2224.2678258381493}",https://d31fr2pwly4c4s.cloudfront.net/8/4/7/2279485_30984250_Milkshake--Ministry-of-Sound---London-s-Biggest-Student-Night_th.jpg,https://d31fr2pwly4c4s.cloudfront.net/8/4/7/2279485_30984250_Milkshake--Ministry-of-Sound---London-s-Biggest-Student-Night.jpg,https://d31fr2pwly4c4s.cloudfront.net/8/4/7/2279485_30984250_Milkshake--Ministry-of-Sound---London-s-Biggest-Student-Night_1024.jpg,https://d31fr2pwly4c4s.cloudfront.net/8/4/7/2279485_30984250_Milkshake--Ministry-of-Sound---London-s-Biggest-Student-Night_1024.webp,https://www.skiddle.com/whats-on/London/Ministry-Of-Sound/Milkshake-Ministry-of-Sound--Londons-Biggest-Student-Night/42483853/,2026-07-14,2026-07-14T22:00:00+00:00,2026-07-15T04:00:00+00:00,"Milkshake, London's Biggest Student Night
Running 22 (now) F*cking Years Strong, Since 2002
Tuesday July 14th","{'doorsopen': '22:00', 'doorsclose': '04:00', 'lastentry': '02:00'}",18,,0,0,True,"{'minPrice': 5, 'maxPrice': 15}",,public,,False,{'enabled': False},#080808,GBP,[],[],[]
42587983,2303362,False,2303362,False,0,CLUB,DTF presents: England vs Argentina- Semi Final,0,,,,,"{'id': 11337, 'name': 'Brixton Jamm', 'address': '261 Brixton Road', 'town': 'London', 'postcode_lookup': 'London', 'postcode': 'SW9 6LH', 'region': 'London', 'country': 'GB', 'phone': '020 7274 5537', 'latitude': 51.470606, 'longitude': -0.112222, 'type': 'Nightclub', 'rating': 4, 'reviewCount': 539, 'distance': 4191.690042050401}",https://d31fr2pwly4c4s.cloudfront.net/1/0/7/2303362_948c9814_down-to-funk-presents-england-vs-tbc-semi-final_th.jpg,https://d31fr2pwly4c4s.cloudfront.net/1/0/7/2303362_948c9814_down-to-funk-presents-england-vs-tbc-semi-final.jpg,https://d31fr2pwly4c4s.cloudfront.net/1/0/7/2303362_948c9814_down-to-funk-presents-england-vs-tbc-semi-final_1024.jpg,https://d31fr2pwly4c4s.cloudfront.net/1/0/7/2303362_948c9814_down-to-funk-presents-england-vs-tbc-semi-final_1024.webp,https://www.skiddle.com/whats-on/London/Brixton-Jamm/DTF-presents-England-vs-Argentina--Semi-Final/42587983/,2026-07-15,2026-07-15T16:00:00+00:00,2026-07-16T02:00:00+00:00,After another sold out event we are back for the semi final game and another day into night party. Expect 10 hours of pure Euphoria,"{'doorsopen': '16:00', 'doorsclose': '02:00', 'lastentry': '01:00'}",18,,0,0,True,"{'minPrice': 15, 'maxPrice': 20}",,public,,False,{'enabled': False},#9848d8,GBP,[],"[{'genreid': '1', 'name': 'House'}, {'genreid': '57', 'name': 'Disco'}, {'genreid': '102', 'name': 'Disco House'}]",[]
42589552,2303923,False,2303923,False,0,CLUB,England World Cup 2026 Fanzone: England vs Argentina,0,,,,,"{'id': 134956, 'name': 'The Emerald Theatre', 'address': '8 Victoria Embankment', 'town': 'London', 'postcode_lookup': 'London', 'postcode': 'WC2R 2AB', 'region': 'London', 'country': 'GB', 'phone': '', 'latitude': 51.509886, 'longitude': -0.1182697, 'type': 'Theatre', 'rating': 4, 'reviewCount': 18, 'distance': 745.9632621316904}",https://d31fr2pwly4c4s.cloudfront.net/6/9/6/2303923_4d9ed4c5_england-world-cup-2026-fanzone-england-vs-argentina_th.jpg,https://d31fr2pwly4c4s.cloudfront.net/6/9/6/2303923_4d9ed4c5_england-world-cup-2026-fanzone-england-vs-argentina.jpg,https://d31fr2pwly4c4s.cloudfront.net/6/9/6/2303923_4d9ed4c5_england-world-cup-2026-fanzone-england-vs-argentina_1024.jpg,https://d31fr2pwly4c4s.cloudfront.net/6/9/6/2303923_4d9ed4c5_england-world-cup-2026-fanzone-england-vs-argentina_1024.webp,https://www.skiddle.com/whats-on/London/The-Emerald-Theatre/England-World-Cup-2026-Fanzone-England-vs-Argentina/42589552/,2026-07-15,2026-07-15T17:00:00+00:00,2026-07-16T01:00:00+00:00,London's no.1 World Cup experience for England fans.,"{'doorsopen': '17:00', 'doorsclose': '01:00', 'lastentry': '18:30'}",18,,0,0,True,"{'minPrice': 25, 'maxPrice': 600}",,public,,False,{'enabled': False},#080828,GBP,[],"[{'genreid': '1', 'name': 'House'}, {'genreid': '57', 'name': 'Disco'}, {'genreid': '102', 'name': 'Disco House'}]",[]
42589527,2303898,False,2303898,False,0,CLUB,Garage Nation Fan Zone - England v Argentina,0,,,,,"{'id': 1564, 'name': 'Scala', 'address': '275 Pentonville Road, Kings Cross', 'town': 'London', 'postcode_lookup': 'London', 'postcode': 'N1 9NL', 'region': 'London', 'country': 'GB', 'phone': '020 7833 2022', 'latitude': 51.530764, 'longitude': -0.120719, 'type': 'Nightclub', 'rating': 4, 'reviewCount': 803, 'distance': 2690.030844908326}",https://d31fr2pwly4c4s.cloudfront.net/4/e/e/2303898_99862010_Garage-Nation-Fan-Zone---England-v-Argentina_th.jpg,https://d31fr2pwly4c4s.cloudfront.net/4/e/e/2303898_99862010_Garage-Nation-Fan-Zone---England-v-Argentina.jpg,https://d31fr2pwly4c4s.cloudfront.net/4/e/e/2303898_99862010_Garage-Nation-Fan-Zone---England-v-Argentina_1024.jpg,https://d31fr2pwly4c4s.cloudfront.net/4/e/e/2303898_99862010_Garage-Nation-Fan-Zone---England-v-Argentina_1024.webp,https://www.skiddle.com/whats-on/London/Scala/Garage-Nation-Fan-Zone---England-v-Argentina/42589527/,2026-07-15,2026-07-15T18:00:00+00:00,2026-07-15T23:00:00+00:00,"Live on the big screen with UK Garage pre match, post match & half time vibes!","{'doorsopen': '18:00', 'doorsclose': '23:00', 'lastentry': '21:00'}",18,,0,0,True,"{'minPrice': 5, 'maxPrice': 8.86}",,public,,False,{'enabled': False},#080808,GBP,"[{'artistid': '123524600', 'name': 'MC Kie', 'image': 'https://d1mdxzfl9p8pzo.cloudfront.net/0/123524600_267.jpg', 'spotifyartisturl': 'spotify:artist:0wkuAuY8Rn9zcr5cdCz3FG'}]","[{'genreid': '3', 'name': 'UK Garage'}]",[]
42468874,2274557,False,6QVFHAKEzP,False,0,CLUB,Crazy Wednesday @ Zebranos Every Wednesday,0,,,,,"{'id': 8132, 'name': 'Zebrano Soho', 'address': '18 Greek Street, Soho', 'town': 'London', 'postcode_lookup': 'London', 'postcode': 'W1D 4DS', 'region': 'London', 'country': 'GB', 'phone': '02072875267', 'latitude': 51.5140173, 'longitude': -0.1305949, 'type': 'bar', 'rating': 2, 'reviewCount': 8, 'distance': 800.6871225298354}",https://d31fr2pwly4c4s.cloudfront.net/3/9/f/2249309_5eacf2de_crazy-wednesday-zebranos-every-wednesday_th.jpg,https://d31fr2pwly4c4s.cloudfront.net/3/9/f/2249309_5eacf2de_crazy-wednesday-zebranos-every-wednesday.jpg,https://d31fr2pwly4c4s.cloudfront.net/3/9/f/2249309_5eacf2de_crazy-wednesday-zebranos-every-wednesday_1024.jpg,https://d31fr2pwly4c4s.cloudfront.net/3/9/f/2249309_5eacf2de_crazy-wednesday-zebranos-every-wednesday_1024.webp,https://www.skiddle.com/whats-on/London/Zebrano-Soho/Crazy-Wednesday--Zebranos-Every-Wednesday/42468874/,2026-07-15,2026-07-15T22:00:00+00:00,2026-07-16T03:00:00+00:00,"Reggaeton and Spanish hits every week in Soho
Bad Bunny to Daddy Yankee all night
Non-stop Latin energy on the dancefloor till 3am","{'doorsopen': '22:00', 'doorsclose': '03:00', 'lastentry': '02:00'}",18,,0,0,True,"{'minPrice': 5.5, 'maxPrice': 7.5}",,public,,False,{'enabled': False},,GBP,[],[],[]
42164328,2220330,False,2220330,False,0,CLUB,Dance Wednesdays at The Roxy,0,,,,,"{'id': 124914, 'name': 'The Roxy, London', 'address': '3-5 Rathbone Place', 'town': 'London', 'postcode_lookup': 'London', 'postcode': 'W1T 1HJ', 'region': 'London', 'country': 'GB', 'phone': '', 'latitude': 51.5166448, 'longitude': -0.1330285, 'type': 'Nightclub', 'rating': 4, 'reviewCount': 8, 'distance': 1127.4955857495231}",https://d31fr2pwly4c4s.cloudfront.net/f/6/9/2220310_017579c7_dance-wednesdays-at-the-roxy_th.jpg,https://d31fr2pwly4c4s.cloudfront.net/f/6/9/2220310_017579c7_dance-wednesdays-at-the-roxy.jpg,https://d31fr2pwly4c4s.cloudfront.net/f/6/9/2220310_017579c7_dance-wednesdays-at-the-roxy_1024.jpg,https://d31fr2pwly4c4s.cloudfront.net/f/6/9/2220310_017579c7_dance-wednesdays-at-the-roxy_1024.webp,https://www.skiddle.com/whats-on/London/The-Roxy%2C-London/Dance-Wednesdays-at-The-Roxy/42164328/,2026-07-15,2026-07-15T22:00:00+00:00,2026-07-16T03:00:00+00:00,"D.A.N.C.E Wednesdays level up midweek with nonstop anthems, throwbacks and future hits plus unbeatable wristband drink deals all night.","{'doorsopen': '22:00', 'doorsclose': '03:00', 'lastentry': '01:00'}",18,,0,0,True,"{'minPrice': 6, 'maxPrice': 6}",,public,,False,{'enabled': False},,GBP,[],[],[]
42529794,2292169,False,KAQmbGZeiF,False,0,CLUB,Central London Pub Crawl - Every Thursday,0,,,,,"{'id': 66338, 'name': 'Zoo Bar And Club', 'address': '13-17 Bear Street', 'town': 'Leicester Square', 'postcode_lookup': 'London', 'postcode': 'WC2H 7AQ', 'region': 'London', 'country': 'GB', 'phone': '', 'latitude': 51.5105358, 'longitude': -0.1295907, 'type': 'Nightclub', 'rating': 2, 'reviewCount': 4, 'distance': 408.2855001046106}",https://d31fr2pwly4c4s.cloudfront.net/f/e/6/2249397_21f690cb_central-london-pub-crawl-every-thursday_th.jpg,https://d31fr2pwly4c4s.cloudfront.net/f/e/6/2249397_21f690cb_central-london-pub-crawl-every-thursday.jpg,https://d31fr2pwly4c4s.cloudfront.net/f/e/6/2249397_21f690cb_central-london-pub-crawl-every-thursday_1024.jpg,https://d31fr2pwly4c4s.cloudfront.net/f/e/6/2249397_21f690cb_central-london-pub-crawl-every-thursday_1024.webp,https://www.skiddle.com/whats-on/London/Zoo-Bar-And-Club/Central-London-Pub-Crawl---Every-Thursday/42529794/,2026-07-16,2026-07-16T07:45:00+00:00,2026-07-17T01:00:00+00:00,"Start at Zoo Bar 7:45pm
Visit top Central London pubs and bars
Free shots along the way, student tickets available all night","{'doorsopen': '07:45', 'doorsclose': '01:00', 'lastentry': '19:45'}",18,,0,0,True,"{'minPrice': 16.5, 'maxPrice': 23.5}",,public,,False,{'enabled': False},,GBP,[],[],[]
42528853,2291830,False,x6Mq8seF8s,False,0,CLUB,Arcade Nights Every Thursday @ NQ64 Soho,0,,,,,"{'id': 125071, 'name': 'NQ64 SOHO', 'address': '53 Berwick St, London W1F 8SP', 'town': 'London', 'postcode_lookup': 'London', 'postcode': 'W1F 8SP', 'region': 'London', 'country': 'GB', 'phone': '', 'latitude': 51.5155446, 'longitude': -0.1364362, 'type': 'bar', 'rating': 3, 'reviewCount': 4, 'distance': 1115.1500102547207}",https://d31fr2pwly4c4s.cloudfront.net/b/d/f/2250512_eb053110_arcade-nights-every-thursday-nq64-soho_th.jpg,https://d31fr2pwly4c4s.cloudfront.net/b/d/f/2250512_eb053110_arcade-nights-every-thursday-nq64-soho.jpg,https://d31fr2pwly4c4s.cloudfront.net/b/d/f/2250512_eb053110_arcade-nights-every-thursday-nq64-soho_1024.jpg,https://d31fr2pwly4c4s.cloudfront.net/b/d/f/2250512_eb053110_arcade-nights-every-thursday-nq64-soho_1024.webp,https://www.skiddle.com/whats-on/London/NQ64-SOHO/Arcade-Nights-Every-Thursday--NQ64-Soho/42528853/,2026-07-16,2026-07-16T15:00:00+00:00,2026-07-17T03:00:00+00:00,"Arcade Night at NQ64 every Thursday
5 game tokens plus drinks from £3.50
50+ arcade games in an underground bar","{'doorsopen': '15:00', 'doorsclose': '03:00', 'lastentry': '01:00'}",18,,0,0,True,"{'minPrice': 6.5, 'maxPrice': 8.5}",,public,,False,{'enabled': False},,GBP,[],[],[]
42534380,2293876,False,vaNiC2IfE6,False,0,CLUB,Arcade Nights Every Thursday @ NQ64 Shoreditch,0,,,,,"{'id': 124865, 'name': 'NQ64 Shoreditch', 'address': '256-260 Old Street', 'town': 'London', 'postcode_lookup': 'London', 'postcode': 'EC1V 9DD', 'region': 'London', 'country': 'GB', 'phone': '', 'latitude': 51.5261005, 'longitude': -0.0852294, 'type': 'bar', 'rating': 3, 'reviewCount': 1, 'distance': 3642.754230220698}",https://d31fr2pwly4c4s.cloudfront.net/6/a/c/2249385_13b7ec1e_arcade-nights-every-thursday-nq64-shoreditch_th.jpg,https://d31fr2pwly4c4s.cloudfront.net/6/a/c/2249385_13b7ec1e_arcade-nights-every-thursday-nq64-shoreditch.jpg,https://d31fr2pwly4c4s.cloudfront.net/6/a/c/2249385_13b7ec1e_arcade-nights-every-thursday-nq64-shoreditch_1024.jpg,https://d31fr2pwly4c4s.cloudfront.net/6/a/c/2249385_13b7ec1e_arcade-nights-every-thursday-nq64-shoreditch_1024.webp,https://www.skiddle.com/whats-on/London/NQ64-Shoreditch/Arcade-Nights-Every-Thursday--NQ64-Shoreditch/42534380/,2026-07-16,2026-07-16T15:00:00+00:00,2026-07-17T02:00:00+00:00,"Arcade Night at NQ64 every Thursday
5 game tokens plus drinks from £3.50
50+ arcade games in an underground bar","{'doorsopen': '15:00', 'doorsclose': '02:00', 'lastentry': '01:00'}",18,,0,0,True,"{'minPrice': 6.5, 'maxPrice': 8.5}",,public,,False,{'enabled': False},,GBP,[],[],[]
41992717,2197552,False,QwaEh4pmNH,False,0,CLUB,Strictly Vinyl Thursday DJ Sessions,0,,,,,"{'id': 116803, 'name': '26 Curtain Road', 'address': '26 Curtain Road', 'town': 'London', 'postcode_lookup': 'London', 'postcode': 'EC2A 3NY', 'region': 'London', 'country': 'GB', 'phone': '', 'latitude': 51.5228019, 'longitude': -0.0804244, 'type': 'bar', 'rating': 3, 'reviewCount': 3, 'distance': 3731.686477142594}",https://d31fr2pwly4c4s.cloudfront.net/5/6/5/2197527_84610495_Strictly-Vinyl-Thursdays_th.jpg,https://d31fr2pwly4c4s.cloudfront.net/5/6/5/2197527_84610495_Strictly-Vinyl-Thursdays.jpg,https://d31fr2pwly4c4s.cloudfront.net/5/6/5/2197527_84610495_Strictly-Vinyl-Thursdays_1024.jpg,https://d31fr2pwly4c4s.cloudfront.net/5/6/5/2197527_84610495_Strictly-Vinyl-Thursdays_1024.webp,https://www.skiddle.com/whats-on/London/26-Curtain-Road/Strictly-Vinyl-Thursday-DJ-Sessions/41992717/,2026-07-16,2026-07-16T19:00:00+00:00,2026-07-16T23:00:00+00:00,A lovely new weekly Thursday session with the Strictly Vinyl crew playing downtempo delights at the lovely new 26 Curtain Road bar.,"{'doorsopen': '19:00', 'doorsclose': '23:00', 'lastentry': '23:00'}",18,,0,0,True,"{'minPrice': 0, 'maxPrice': 0}",,public,,False,{'enabled': False},,GBP,[],"[{'genreid': '43', 'name': 'Soul'}, {'genreid': '45', 'name': 'Funk'}, {'genreid': '57', 'name': 'Disco'}, {'genreid': '61', 'name': 'Electronic'}, {'genreid': '103', 'name': 'Dub'}]",[]
42474272,2276659,False,2276659,False,0,CLUB,Soul Skate,0,,,,,"{'id': 97560, 'name': 'Rollernation ', 'address': ' 117 Bruce Grove ', 'town': 'London', 'postcode_lookup': 'London', 'postcode': 'N17 6UR', 'region': 'London', 'country': 'GB', 'phone': '020 7720 9140', 'latitude': 51.59482, 'longitude': -0.070397, 'type': 'Nightclub', 'rating': 4, 'reviewCount': 3926, 'distance': 10546.149238688688}",https://d31fr2pwly4c4s.cloudfront.net/f/5/5/2276659_77219923_Soul-Skate_th.jpg,https://d31fr2pwly4c4s.cloudfront.net/f/5/5/2276659_77219923_Soul-Skate.jpg,https://d31fr2pwly4c4s.cloudfront.net/f/5/5/2276659_77219923_Soul-Skate_1024.jpg,https://d31fr2pwly4c4s.cloudfront.net/f/5/5/2276659_77219923_Soul-Skate_1024.webp,https://www.skiddle.com/whats-on/London/Rollernation-/Soul-Skate/42474272/,2026-07-16,2026-07-16T19:00:00+00:00,2026-07-16T23:00:00+00:00,The best way to begin the end of your week. Roll into the weekend with a laid back mix of funk and soul.,"{'doorsopen': '19:00', 'doorsclose': '23:00', 'lastentry': '21:30'}",18,,0,0,True,"{'minPrice': 13.5, 'maxPrice': 13.5}",,public,,False,{'enabled': False},#683828,GBP,[],"[{'genreid': '4', 'name': 'R&B'}, {'genreid': '43', 'name': 'Soul'}, {'genreid': '45', 'name': 'Funk'}]",[]
42469067,2274578,False,LA1JI5UTzq,False,0,CLUB,Soho Social @ Zebranos Every Thursday,0,,,,,"{'id': 8132, 'name': 'Zebrano Soho', 'address': '18 Greek Street, Soho', 'town': 'London', 'postcode_lookup': 'London', 'postcode': 'W1D 4DS', 'region': 'London', 'country': 'GB', 'phone': '02072875267', 'latitude': 51.5140173, 'longitude': -0.1305949, 'type': 'bar', 'rating': 2, 'reviewCount': 8, 'distance': 800.6871225298354}",https://d31fr2pwly4c4s.cloudfront.net/5/f/d/2250558_7aef68f5_soho-social-zebranos-every-thursday_th.jpg,https://d31fr2pwly4c4s.cloudfront.net/5/f/d/2250558_7aef68f5_soho-social-zebranos-every-thursday.jpg,https://d31fr2pwly4c4s.cloudfront.net/5/f/d/2250558_7aef68f5_soho-social-zebranos-every-thursday_1024.jpg,https://d31fr2pwly4c4s.cloudfront.net/5/f/d/2250558_7aef68f5_soho-social-zebranos-every-thursday_1024.webp,https://www.skiddle.com/whats-on/London/Zebrano-Soho/Soho-Social--Zebranos-Every-Thursday/42469067/,2026-07-16,2026-07-16T22:00:00+00:00,2026-07-17T03:00:00+00:00,"The Soho Social-good drinks, better music, great crowd. Secure your spot ahead of time!","{'doorsopen': '22:00', 'doorsclose': '03:00', 'lastentry': '02:00'}",18,,0,0,True,"{'minPrice': 5.5, 'maxPrice': 7.5}",,public,,False,{'enabled': False},,GBP,[],[],[]
42543368,2294910,False,2294910,False,0,CLUB,"Insomnia London: House, Techno, Drum n Bass, Jungle, Breaks",0,,,,,"{'id': 18253, 'name': 'XOYO', 'address': '32-37 Cowper Street', 'town': 'London', 'postcode_lookup': 'London', 'postcode': 'EC2A 4AP', 'region': 'London', 'country': 'GB', 'phone': '0207 6082 878', 'latitude': 51.525452, 'longitude': -0.085632, 'type': 'Nightclub', 'rating': 4, 'reviewCount': 1480, 'distance': 3578.346090351316}",https://d31fr2pwly4c4s.cloudfront.net/b/5/c/2294910_90378502_Insomnia-London--House--Techno--Drum-n-Bass--Jungle--Breaks_th.jpg,https://d31fr2pwly4c4s.cloudfront.net/b/5/c/2294910_90378502_Insomnia-London--House--Techno--Drum-n-Bass--Jungle--Breaks.jpg,https://d31fr2pwly4c4s.cloudfront.net/b/5/c/2294910_90378502_Insomnia-London--House--Techno--Drum-n-Bass--Jungle--Breaks_1024.jpg,https://d31fr2pwly4c4s.cloudfront.net/b/5/c/2294910_90378502_Insomnia-London--House--Techno--Drum-n-Bass--Jungle--Breaks_1024.webp,https://www.skiddle.com/whats-on/London/XOYO/Insomnia-London-House-Techno-Drum-n-Bass-Jungle-Breaks/42543368/,2026-07-16,2026-07-16T22:00:00+00:00,2026-07-17T03:00:00+00:00,"House, Techno, Drum n Bass, Jungle, Breaks
10pm - 3am","{'doorsopen': '22:00', 'doorsclose': '03:00', 'lastentry': '02:00'}",18,,0,0,True,"{'minPrice': 3, 'maxPrice': 15}",,public,,False,{'enabled': False},#080808,GBP,[],"[{'genreid': '1', 'name': 'House'}, {'genreid': '8', 'name': 'Drum and Bass'}, {'genreid': '9', 'name': 'Techno'}]",[]
42497336,2283161,False,2283161,False,0,CLUB,"Insomnia London: House, Techno, DnB, Jungle",0,,,,,"{'id': 18253, 'name': 'XOYO', 'address': '32-37 Cowper Street', 'town': 'London', 'postcode_lookup': 'London', 'postcode': 'EC2A 4AP', 'region': 'London', 'country': 'GB', 'phone': '0207 6082 878', 'latitude': 51.525452, 'longitude': -0.085632, 'type': 'Nightclub', 'rating': 4, 'reviewCount': 1480, 'distance': 3578.346090351316}",https://d31fr2pwly4c4s.cloudfront.net/0/3/f/2283158_10034903_Insomnia-London--House--Techno--DnB--Jungle_th.jpg,https://d31fr2pwly4c4s.cloudfront.net/0/3/f/2283158_10034903_Insomnia-London--House--Techno--DnB--Jungle.jpg,https://d31fr2pwly4c4s.cloudfront.net/0/3/f/2283158_10034903_Insomnia-London--House--Techno--DnB--Jungle_1024.jpg,https://d31fr2pwly4c4s.cloudfront.net/0/3/f/2283158_10034903_Insomnia-London--House--Techno--DnB--Jungle_1024.webp,https://www.skiddle.com/whats-on/London/XOYO/Insomnia-London-House-Techno-DnB-Jungle/42497336/,2026-07-16,2026-07-16T22:00:00+00:00,2026-07-17T03:00:00+00:00,"House, Techno, Drum n Bass, Jungle, Breaks & more","{'doorsopen': '22:00', 'doorsclose': '03:00', 'lastentry': '02:00'}",18,,0,0,True,"{'minPrice': 3, 'maxPrice': 15}",,public,,False,{'enabled': False},,GBP,[],"[{'genreid': '1', 'name': 'House'}, {'genreid': '7', 'name': 'Breaks'}, {'genreid': '9', 'name': 'Techno'}, {'genreid': '80', 'name': 'Jungle'}]",[]
42285909,2234566,False,2234566,False,0,CLUB,Radio every Thursday at The Roxy,0,,,,,"{'id': 124914, 'name': 'The Roxy, London', 'address': '3-5 Rathbone Place', 'town': 'London', 'postcode_lookup': 'London', 'postcode': 'W1T 1HJ', 'region': 'London', 'country': 'GB', 'phone': '', 'latitude': 51.5166448, 'longitude': -0.1330285, 'type': 'Nightclub', 'rating': 4, 'reviewCount': 8, 'distance': 1127.4955857495231}",https://d31fr2pwly4c4s.cloudfront.net/a/6/3/2234549_3621b58d_radio-every-thursday-at-the-roxy_th.jpg,https://d31fr2pwly4c4s.cloudfront.net/a/6/3/2234549_3621b58d_radio-every-thursday-at-the-roxy.jpg,https://d31fr2pwly4c4s.cloudfront.net/a/6/3/2234549_3621b58d_radio-every-thursday-at-the-roxy_1024.jpg,https://d31fr2pwly4c4s.cloudfront.net/a/6/3/2234549_3621b58d_radio-every-thursday-at-the-roxy_1024.webp,https://www.skiddle.com/whats-on/London/The-Roxy%2C-London/Radio-every-Thursday-at-The-Roxy/42285909/,2026-07-16,2026-07-16T23:00:00+00:00,2026-07-17T03:00:00+00:00,"Join us Thursdays at The Roxy for RADIO: throwback anthems, chart hits, hip-hop, reggaeton & drink deals all night. Tune in, turn up! London!","{'doorsopen': '23:00', 'doorsclose': '03:00', 'lastentry': '01:00'}",18,,0,0,True,"{'minPrice': 4, 'maxPrice': 7}",,public,,False,{'enabled': False},,GBP,[],[],[]
42567620,2297994,False,2297994,False,0,CLUB,DESIRE - Weekly Thursday After Party - SIMONE SIM,0,,,,,"{'id': 62182, 'name': 'Union Club Vauxhall', 'address': '66 Albert Embankment', 'town': 'London', 'postcode_lookup': 'London', 'postcode': 'SE1 7TP', 'region': 'London', 'country': 'GB', 'phone': '', 'latitude': 51.486987, 'longitude': -0.122899, 'type': 'Nightclub', 'rating': 4, 'reviewCount': 490, 'distance': 2253.1929570118195}",https://d31fr2pwly4c4s.cloudfront.net/0/1/3/2297994_ae8dad85_desire-weekly-thursday-after-party-simone-sim_th.jpg,https://d31fr2pwly4c4s.cloudfront.net/0/1/3/2297994_ae8dad85_desire-weekly-thursday-after-party-simone-sim.jpg,https://d31fr2pwly4c4s.cloudfront.net/0/1/3/2297994_ae8dad85_desire-weekly-thursday-after-party-simone-sim_1024.jpg,https://d31fr2pwly4c4s.cloudfront.net/0/1/3/2297994_ae8dad85_desire-weekly-thursday-after-party-simone-sim_1024.webp,https://www.skiddle.com/whats-on/London/Union-Club-Vauxhall/DESIRE---Weekly-Thursday-After-Party---SIMONE-SIM/42567620/,2026-07-16,2026-07-16T23:45:00+00:00,2026-07-17T07:00:00+00:00,DESIRE - Weekly Thursday After Party - SIMONE SIM,"{'doorsopen': '23:45', 'doorsclose': '07:00', 'lastentry': '06:00'}",18,,0,0,True,"{'minPrice': 12, 'maxPrice': 12}",,public,,False,{'enabled': False},#080808,GBP,"[{'artistid': '123593367', 'name': 'Duwat?', 'image': 'https://d1mdxzfl9p8pzo.cloudfront.net/7/123593367_0a3d838e_1024.jpg', 'spotifyartisturl': None}]","[{'genreid': '9', 'name': 'Techno'}, {'genreid': '14', 'name': 'Tech House'}]",[]
42123951,2210330,False,2210330,False,0,CLUB,All ABOUT THE RAVE presents: LEANNE LOUISE + SUPPORT,0,,,,,"{'id': 124243, 'name': 'Faces NightClub, UK', 'address': '458-462 Cranbrook Road, Gants Hill', 'town': 'Essex', 'postcode_lookup': 'Ilford', 'postcode': 'IG2 6LE', 'region': 'London', 'country': 'GB', 'phone': '+447982686733', 'latitude': 51.5770601, 'longitude': 0.0683772, 'type': 'Nightclub', 'rating': 1, 'reviewCount': 2, 'distance': 15656.535472987474}",https://d31fr2pwly4c4s.cloudfront.net/0/4/2/2210330_08e32e92_all-about-the-rave-presents-leanne-louise-support_th.jpg,https://d31fr2pwly4c4s.cloudfront.net/0/4/2/2210330_08e32e92_all-about-the-rave-presents-leanne-louise-support.jpg,https://d31fr2pwly4c4s.cloudfront.net/0/4/2/2210330_08e32e92_all-about-the-rave-presents-leanne-louise-support_1024.jpg,https://d31fr2pwly4c4s.cloudfront.net/0/4/2/2210330_08e32e92_all-about-the-rave-presents-leanne-louise-support_1024.webp,https://www.skiddle.com/whats-on/Ilford/Faces-NightClub%2C-UK/All-ABOUT-THE-RAVE-presents-LEANNE-LOUISE--SUPPORT/42123951/,2026-07-17,2026-07-17T14:00:00+00:00,2026-07-17T20:00:00+00:00,"All About The Rave Family brings you the best known names in the underground 
 with our headliner  LEANNE LOUISE 
17 JULY 2-8PM Gants hill Essex","{'doorsopen': '14:00', 'doorsclose': '20:00', 'lastentry': '18:30'}",21,,0,0,True,"{'minPrice': 10, 'maxPrice': 10}",,public,,False,{'enabled': False},#080828,GBP,"[{'artistid': '123572515', 'name': 'Leanne Louise', 'image': 'https://d1mdxzfl9p8pzo.cloudfront.net/5/123572515_1_1024.jpg', 'spotifyartisturl': 'spotify:artist:7HhwoWGx2DxP9TM33G1Ca8'}]","[{'genreid': '3', 'name': 'UK Garage'}, {'genreid': '8', 'name': 'Drum and Bass'}, {'genreid': '80', 'name': 'Jungle'}]",[]
41393555,2116684,False,2116684,False,0,CLUB,The ABBA Boat Party - 17th July 2026 FINAL 100 TICKETS!,0,,,,,"{'id': 98211, 'name': 'THE DUTCH MASTER BOAT', 'address': 'Tower Millennium Pier, Three Quays Walk, London', 'town': 'London', 'postcode_lookup': 'London', 'postcode': 'EC3N 4DT', 'region': 'London', 'country': 'GB', 'phone': '', 'latitude': 51.507376, 'longitude': -0.079065, 'type': 'Other', 'rating': 4, 'reviewCount': 68, 'distance': 3387.027348644885}",https://d31fr2pwly4c4s.cloudfront.net/8/e/d/2116684_d8d7bc1b_the-abba-boat-party-17th-july-2026_th.jpg,https://d31fr2pwly4c4s.cloudfront.net/8/e/d/2116684_d8d7bc1b_the-abba-boat-party-17th-july-2026.jpg,https://d31fr2pwly4c4s.cloudfront.net/8/e/d/2116684_d8d7bc1b_the-abba-boat-party-17th-july-2026_1024.jpg,https://d31fr2pwly4c4s.cloudfront.net/8/e/d/2116684_d8d7bc1b_the-abba-boat-party-17th-july-2026_1024.webp,https://www.skiddle.com/whats-on/London/THE-DUTCH-MASTER-BOAT/The-ABBA-Boat-Party---17th-July-2026-FINAL-100-TICKETS/41393555/,2026-07-17,2026-07-17T18:45:00+00:00,2026-07-17T23:00:00+00:00,The unmissable ABBA Boat Party returns to the waves this Summer,"{'doorsopen': '18:45', 'doorsclose': '23:00', 'lastentry': '19:00'}",18,,0,0,True,"{'minPrice': 25, 'maxPrice': 30}",,public,,False,{'enabled': False},#58b8c8,GBP,[],"[{'genreid': '20', 'name': 'Pop'}, {'genreid': '57', 'name': 'Disco'}]",[]
42474279,2276666,False,2276666,False,0,CLUB,Link Up Friday,0,,,,,"{'id': 97560, 'name': 'Rollernation ', 'address': ' 117 Bruce Grove ', 'town': 'London', 'postcode_lookup': 'London', 'postcode': 'N17 6UR', 'region': 'London', 'country': 'GB', 'phone': '020 7720 9140', 'latitude': 51.59482, 'longitude': -0.070397, 'type': 'Nightclub', 'rating': 4, 'reviewCount': 3926, 'distance': 10546.149238688688}",https://d31fr2pwly4c4s.cloudfront.net/1/4/5/2276666_56230002_Link-Up-Friday_th.jpg,https://d31fr2pwly4c4s.cloudfront.net/1/4/5/2276666_56230002_Link-Up-Friday.jpg,https://d31fr2pwly4c4s.cloudfront.net/1/4/5/2276666_56230002_Link-Up-Friday_1024.jpg,https://d31fr2pwly4c4s.cloudfront.net/1/4/5/2276666_56230002_Link-Up-Friday_1024.webp,https://www.skiddle.com/whats-on/London/Rollernation-/Link-Up-Friday/42474279/,2026-07-17,2026-07-17T19:00:00+00:00,2026-07-18T01:00:00+00:00,"The ultimate roller disco night with Hip Hop, R&B, Dancehall, Afrobeats & Amapiano. Fresh sounds, throwbacks & great vibes.","{'doorsopen': '19:00', 'doorsclose': '01:00', 'lastentry': '23:30'}",18,,0,0,True,"{'minPrice': 17, 'maxPrice': 17}",,public,,False,{'enabled': False},#181818,GBP,[],"[{'genreid': '4', 'name': 'R&B'}, {'genreid': '24', 'name': 'Dancehall'}, {'genreid': '39', 'name': 'Hip Hop'}, {'genreid': '95', 'name': 'Afrobeat'}, {'genreid': '110', 'name': 'Amapiano'}]",[]
42534911,2293925,False,7bBHvQDyR2,False,0,CLUB,Central London Pub Crawl - Every Friday,0,,,,,"{'id': 66338, 'name': 'Zoo Bar And Club', 'address': '13-17 Bear Street', 'town': 'Leicester Square', 'postcode_lookup': 'London', 'postcode': 'WC2H 7AQ', 'region': 'London', 'country': 'GB', 'phone': '', 'latitude': 51.5105358, 'longitude': -0.1295907, 'type': 'Nightclub', 'rating': 2, 'reviewCount': 4, 'distance': 408.2855001046106}",https://d31fr2pwly4c4s.cloudfront.net/e/9/1/2250574_6d11ca07_central-london-pub-crawl-every-friday_th.jpg,https://d31fr2pwly4c4s.cloudfront.net/e/9/1/2250574_6d11ca07_central-london-pub-crawl-every-friday.jpg,https://d31fr2pwly4c4s.cloudfront.net/e/9/1/2250574_6d11ca07_central-london-pub-crawl-every-friday_1024.jpg,https://d31fr2pwly4c4s.cloudfront.net/e/9/1/2250574_6d11ca07_central-london-pub-crawl-every-friday_1024.webp,https://www.skiddle.com/whats-on/London/Zoo-Bar-And-Club/Central-London-Pub-Crawl---Every-Friday/42534911/,2026-07-17,2026-07-17T19:45:00+00:00,2026-07-18T01:00:00+00:00,"Start at Zoo Bar 7:45pm
Visit top Central London pubs and bars
Free shots along the way, student tickets available all night","{'doorsopen': '19:45', 'doorsclose': '01:00', 'lastentry': '19:45'}",18,,0,0,True,"{'minPrice': 16.5, 'maxPrice': 23.5}",,public,,False,{'enabled': False},,GBP,[],[],[]
42461166,2273029,False,2273029,False,0,CLUB,Noiré- summer nights 1,1,2026-07-03 14:42:21,cancelled,Automatic cancellation: All future dates in the event series have been cancelled,,"{'id': 127958, 'name': 'Winkers', 'address': 'Denham Lane', 'town': 'Gerrards Cross', 'postcode_lookup': 'Slough', 'postcode': 'SL9 0QJ', 'region': 'Berkshire', 'country': 'GB', 'phone': '', 'latitude': 51.6084459, 'longitude': -0.5419573, 'type': 'Nightclub', 'rating': 3, 'reviewCount': 95, 'distance': 30760.923967506365}",https://d31fr2pwly4c4s.cloudfront.net/1/f/4/2273029_fd19284c_noir-summer-nights-1_th.jpg,https://d31fr2pwly4c4s.cloudfront.net/1/f/4/2273029_fd19284c_noir-summer-nights-1.jpg,https://d31fr2pwly4c4s.cloudfront.net/1/f/4/2273029_fd19284c_noir-summer-nights-1_1024.jpg,https://d31fr2pwly4c4s.cloudfront.net/1/f/4/2273029_fd19284c_noir-summer-nights-1_1024.webp,https://www.skiddle.com/whats-on/Slough/Winkers/Noir--summer-nights-1/42461166/,2026-07-17,2026-07-17T19:45:00+00:00,2026-07-18T00:45:00+00:00,"You've seen serelle, now its time for NOIRÉ- where club nights meet elegance 

14-17 
Winkers nightclub","{'doorsopen': '19:45', 'doorsclose': '00:45', 'lastentry': '21:00'}",14,,0,0,False,"{'minPrice': 8, 'maxPrice': 24}",,public,,False,{'enabled': False},#080808,GBP,[],[],[]
42535177,2293951,False,DeRNE4wm5V,False,0,CLUB,Popworld Watling Street - Every Friday,0,,,,,"{'id': 113435, 'name': 'Popworld Watling Street', 'address': '17 Watling Street', 'town': 'London', 'postcode_lookup': 'London', 'postcode': 'EC4M 9BB', 'region': 'London', 'country': 'GB', 'phone': '', 'latitude': 51.5130997, 'longitude': -0.0945379, 'type': 'Nightclub', 'rating': 0, 'reviewCount': 0, 'distance': 2413.0323627776843}",https://d31fr2pwly4c4s.cloudfront.net/d/c/2/2250618_be01fdd7_popworld-watling-street-every-friday_th.jpg,https://d31fr2pwly4c4s.cloudfront.net/d/c/2/2250618_be01fdd7_popworld-watling-street-every-friday.jpg,https://d31fr2pwly4c4s.cloudfront.net/d/c/2/2250618_be01fdd7_popworld-watling-street-every-friday_1024.jpg,https://d31fr2pwly4c4s.cloudfront.net/d/c/2/2250618_be01fdd7_popworld-watling-street-every-friday_1024.webp,https://www.skiddle.com/whats-on/London/Popworld-Watling-Street/Popworld-Watling-Street---Every-Friday/42535177/,2026-07-17,2026-07-17T20:00:00+00:00,2026-07-18T04:00:00+00:00,"Fridaylicious at Pop World Watling Street. 50% off drinks till 11pm, plus pop anthems and singalong hits all night. Grab tickets ahead.","{'doorsopen': '20:00', 'doorsclose': '04:00', 'lastentry': '03:00'}",18,,0,0,True,"{'minPrice': 4.5, 'maxPrice': 6.5}",,public,,False,{'enabled': False},,GBP,[],[],[]
42141381,2214354,False,2214354,False,0,CLUB,The Roxy every Friday,0,,,,,"{'id': 124914, 'name': 'The Roxy, London', 'address': '3-5 Rathbone Place', 'town': 'London', 'postcode_lookup': 'London', 'postcode': 'W1T 1HJ', 'region': 'London', 'country': 'GB', 'phone': '', 'latitude': 51.5166448, 'longitude': -0.1330285, 'type': 'Nightclub', 'rating': 4, 'reviewCount': 8, 'distance': 1127.4955857495231}",https://d31fr2pwly4c4s.cloudfront.net/e/5/9/2214333_c0af2fa6_the-roxy-every-friday_th.jpg,https://d31fr2pwly4c4s.cloudfront.net/e/5/9/2214333_c0af2fa6_the-roxy-every-friday.jpg,https://d31fr2pwly4c4s.cloudfront.net/e/5/9/2214333_c0af2fa6_the-roxy-every-friday_1024.jpg,https://d31fr2pwly4c4s.cloudfront.net/e/5/9/2214333_c0af2fa6_the-roxy-every-friday_1024.webp,https://www.skiddle.com/whats-on/London/The-Roxy%2C-London/The-Roxy-every-Friday/42141381/,2026-07-17,2026-07-17T21:00:00+00:00,2026-07-18T03:30:00+00:00,"Experience electric Fridays at The Roxy: House, Disco, RnB beats, cocktails, and epic vibes in the heart of London!","{'doorsopen': '21:00', 'doorsclose': '03:30', 'lastentry': '01:00'}",18,,0,0,True,"{'minPrice': 4, 'maxPrice': 6}",,public,,False,{'enabled': False},,GBP,[],"[{'genreid': '1', 'name': 'House'}, {'genreid': '57', 'name': 'Disco'}]",[]
42160246,2219131,False,2219131,False,0,CLUB,Piano Works Farringdon Fridays,0,,,,,"{'id': 127489, 'name': 'The Piano Works Farringdon, London, United Kingdom', 'address': '113-117 Farringdon Road, Corner Of Ray Street, London', 'town': 'London', 'postcode_lookup': 'London', 'postcode': 'EC1R 3BX', 'region': 'London', 'country': 'GB', 'phone': '', 'latitude': 51.5228928, 'longitude': -0.1080405, 'type': 'Nightclub', 'rating': 0, 'reviewCount': 0, 'distance': 2242.892361388614}",https://d31fr2pwly4c4s.cloudfront.net/8/7/0/2219131_47323222_Piano-Works-Farringdon-Fridays_th.jpg,https://d31fr2pwly4c4s.cloudfront.net/8/7/0/2219131_47323222_Piano-Works-Farringdon-Fridays.jpg,https://d31fr2pwly4c4s.cloudfront.net/8/7/0/2219131_47323222_Piano-Works-Farringdon-Fridays_1024.jpg,https://d31fr2pwly4c4s.cloudfront.net/8/7/0/2219131_47323222_Piano-Works-Farringdon-Fridays_1024.webp,https://www.skiddle.com/whats-on/London/The-Piano-Works-Farringdon%2C-London%2C-United-Kingdom/Piano-Works-Farringdon-Fridays/42160246/,2026-07-17,2026-07-17T21:00:00+00:00,2026-07-18T03:00:00+00:00,Live music every Friday at The Piano Works Farringdon. Request your favourite songs and enjoy nonstop hits all night long in the heart of the city!,"{'doorsopen': '21:00', 'doorsclose': '03:00', 'lastentry': '00:00'}",18,,0,0,True,"{'minPrice': 4, 'maxPrice': 8}",,public,,False,{'enabled': False},#080808,GBP,[],[],[]
42543474,2294995,False,2294995,False,0,CLUB,Bashment X Soca - Shoreditch Party - Everyone Free Before 12AM,0,,,,,"{'id': 77751, 'name': 'The Lighthouse Bar And Club', 'address': '62 Rivington Street', 'town': 'London', 'postcode_lookup': 'London', 'postcode': 'EC2A 3AY', 'region': 'London', 'country': 'GB', 'phone': '02077393817', 'latitude': 51.5261933, 'longitude': -0.0788466, 'type': 'Nightclub', 'rating': 2, 'reviewCount': 38, 'distance': 4015.327171761518}",https://d31fr2pwly4c4s.cloudfront.net/1/e/d/2294995_62a71f90_bashment-x-soca-shoreditch-party-everyone-free-before-12am_th.jpg,https://d31fr2pwly4c4s.cloudfront.net/1/e/d/2294995_62a71f90_bashment-x-soca-shoreditch-party-everyone-free-before-12am.jpg,https://d31fr2pwly4c4s.cloudfront.net/1/e/d/2294995_62a71f90_bashment-x-soca-shoreditch-party-everyone-free-before-12am_1024.jpg,https://d31fr2pwly4c4s.cloudfront.net/1/e/d/2294995_62a71f90_bashment-x-soca-shoreditch-party-everyone-free-before-12am_1024.webp,https://www.skiddle.com/whats-on/London/The-Lighthouse-Bar-And-Club/Bashment-X-Soca---Shoreditch-Party---Everyone-Free-Before-12AM/42543474/,2026-07-17,2026-07-17T21:00:00+00:00,2026-07-18T04:00:00+00:00,"Bashment X Soca Is Finally Back !

Bashment X Soca Like You Have Never Heard It Before!","{'doorsopen': '21:00', 'doorsclose': '04:00', 'lastentry': '00:30'}",18,,0,0,True,"{'minPrice': 0, 'maxPrice': 15}",,public,,False,{'enabled': False},#f8f8f8,GBP,[],"[{'genreid': '4', 'name': 'R&B'}, {'genreid': '24', 'name': 'Dancehall'}, {'genreid': '39', 'name': 'Hip Hop'}, {'genreid': '95', 'name': 'Afrobeat'}]",[]
42474294,2276681,False,2276681,False,0,CLUB,Bashment & Afrobeats Shoreditch Party - Everyone Free Before 12,0,,,,,"{'id': 77751, 'name': 'The Lighthouse Bar And Club', 'address': '62 Rivington Street', 'town': 'London', 'postcode_lookup': 'London', 'postcode': 'EC2A 3AY', 'region': 'London', 'country': 'GB', 'phone': '02077393817', 'latitude': 51.5261933, 'longitude': -0.0788466, 'type': 'Nightclub', 'rating': 2, 'reviewCount': 38, 'distance': 4015.327171761518}",https://d31fr2pwly4c4s.cloudfront.net/a/1/2/2276681_c0e57699_bashment-afrobeats-shoreditch-party-everyone-free-before-12_th.jpg,https://d31fr2pwly4c4s.cloudfront.net/a/1/2/2276681_c0e57699_bashment-afrobeats-shoreditch-party-everyone-free-before-12.jpg,https://d31fr2pwly4c4s.cloudfront.net/a/1/2/2276681_c0e57699_bashment-afrobeats-shoreditch-party-everyone-free-before-12_1024.jpg,https://d31fr2pwly4c4s.cloudfront.net/a/1/2/2276681_c0e57699_bashment-afrobeats-shoreditch-party-everyone-free-before-12_1024.webp,https://www.skiddle.com/whats-on/London/The-Lighthouse-Bar-And-Club/Bashment--Afrobeats-Shoreditch-Party---Everyone-Free-Before-12/42474294/,2026-07-17,2026-07-17T21:00:00+00:00,2026-07-18T04:00:00+00:00,Everyone Free Before 12AM - Londons Biggest Party Of The Year!,"{'doorsopen': '21:00', 'doorsclose': '04:00', 'lastentry': '00:30'}",18,,0,0,True,"{'minPrice': 0, 'maxPrice': 15}",,public,,False,{'enabled': False},#f8f8f8,GBP,[],[],[]
42478214,2278061,False,2278061,False,0,CLUB,Fast Soul Music,0,,,,,"{'id': 74802, 'name': 'Fox And Firkin', 'address': '316 Lewisham High Street', 'town': 'London', 'postcode_lookup': 'London', 'postcode': 'SE13 6JZ', 'region': 'London', 'country': 'GB', 'phone': '', 'latitude': 51.4572096, 'longitude': -0.0140039, 'type': 'bar', 'rating': 4, 'reviewCount': 44, 'distance': 9641.937305507015}",https://d31fr2pwly4c4s.cloudfront.net/6/c/0/2278061_def2c91d_fast-soul-music_th.jpg,https://d31fr2pwly4c4s.cloudfront.net/6/c/0/2278061_def2c91d_fast-soul-music.jpg,https://d31fr2pwly4c4s.cloudfront.net/6/c/0/2278061_def2c91d_fast-soul-music_1024.jpg,https://d31fr2pwly4c4s.cloudfront.net/6/c/0/2278061_def2c91d_fast-soul-music_1024.webp,https://www.skiddle.com/whats-on/London/Fox-And-Firkin/Fast-Soul-Music/42478214/,2026-07-17,2026-07-17T21:00:00+00:00,2026-07-18T04:00:00+00:00,"London Elektricity's renowned series at the Fox continues. Expect liquid, soulful drum and bass, in South East London's renowned music venue.","{'doorsopen': '21:00', 'doorsclose': '04:00', 'lastentry': ''}",18,,0,0,True,"{'minPrice': 10, 'maxPrice': 10}",,public,,False,{'enabled': False},#080808,GBP,"[{'artistid': '123484322', 'name': 'London Elektricity', 'image': 'https://d1mdxzfl9p8pzo.cloudfront.net/2/123484322_267.jpg', 'spotifyartisturl': 'spotify:artist:4CbuwI3bEF7gQOwpxBKtal'}, {'artistid': '123538426', 'name': 'Etherwood', 'image': 'https://d1mdxzfl9p8pzo.cloudfront.net/6/123538426_267.jpg', 'spotifyartisturl': 'spotify:artist:3GEUIa3Z0Qlivy3EcJm5RX'}, {'artistid': '123484972', 'name': 'Stamina MC', 'image': 'https://d1mdxzfl9p8pzo.cloudfront.net/2/123484972_267.jpg', 'spotifyartisturl': 'spotify:artist:4Dj3ahDCFjotIV1O5Ung6o'}, {'artistid': '123546587', 'name': 'PVC', 'image': 'https://d1mdxzfl9p8pzo.cloudfront.net/7/123546587_1_1024.jpg', 'spotifyartisturl': 'spotify:artist:5dTizFXqnASxn0MiY4Bhcj'}, {'artistid': '123578072', 'name': 'Dogger', 'image': 'https://d1mdxzfl9p8pzo.cloudfront.net/2/123578072_1_1024.jpg', 'spotifyartisturl': 'spotify:artist:79gz89B3EUt31SNQVQW1tU'}]","[{'genreid': '8', 'name': 'Drum and Bass'}]",[]
42463918,2273661,False,kb1EiDp6em,False,0,CLUB,Bridgebar Presents: Friday Cocktail Club,0,,,,,"{'id': 130015, 'name': 'Bridgebar Beckenham', 'address': '2-4 High Street', 'town': 'Beckenham', 'postcode_lookup': 'Bromley', 'postcode': 'BR3 1AZ', 'region': 'London', 'country': 'GB', 'phone': '', 'latitude': 51.4107734, 'longitude': -0.0251473, 'type': 'Nightclub', 'rating': 3, 'reviewCount': 52, 'distance': 12855.63795363494}",https://d31fr2pwly4c4s.cloudfront.net/d/e/4/2130918_41268190_bridgebar-presents-friday-cocktail-club_th.jpg,https://d31fr2pwly4c4s.cloudfront.net/d/e/4/2130918_41268190_bridgebar-presents-friday-cocktail-club.jpg,https://d31fr2pwly4c4s.cloudfront.net/d/e/4/2130918_41268190_bridgebar-presents-friday-cocktail-club_1024.jpg,https://d31fr2pwly4c4s.cloudfront.net/d/e/4/2130918_41268190_bridgebar-presents-friday-cocktail-club_1024.webp,https://www.skiddle.com/whats-on/Bromley/Bridgebar-Beckenham/Bridgebar-Presents-Friday-Cocktail-Club/42463918/,2026-07-17,2026-07-17T21:00:00+00:00,2026-07-18T03:00:00+00:00,"Cocktails, DJs and Beckenhams biggest Friday night.","{'doorsopen': '21:00', 'doorsclose': '03:00', 'lastentry': '01:00'}",21,,0,0,True,"{'minPrice': 6, 'maxPrice': 160}",,public,,False,{'enabled': False},,GBP,[],[],[]
42468665,2274545,False,alWgORNsDh,False,0,CLUB,Fridays @ Zebrano Soho - Every Friday,0,,,,,"{'id': 8132, 'name': 'Zebrano Soho', 'address': '18 Greek Street, Soho', 'town': 'London', 'postcode_lookup': 'London', 'postcode': 'W1D 4DS', 'region': 'London', 'country': 'GB', 'phone': '02072875267', 'latitude': 51.5140173, 'longitude': -0.1305949, 'type': 'bar', 'rating': 2, 'reviewCount': 8, 'distance': 800.6871225298354}",https://d31fr2pwly4c4s.cloudfront.net/4/7/5/2109172_56eabc07_fridays-zebrano-soho-every-friday_th.jpg,https://d31fr2pwly4c4s.cloudfront.net/4/7/5/2109172_56eabc07_fridays-zebrano-soho-every-friday.jpg,https://d31fr2pwly4c4s.cloudfront.net/4/7/5/2109172_56eabc07_fridays-zebrano-soho-every-friday_1024.jpg,https://d31fr2pwly4c4s.cloudfront.net/4/7/5/2109172_56eabc07_fridays-zebrano-soho-every-friday_1024.webp,https://www.skiddle.com/whats-on/London/Zebrano-Soho/Fridays--Zebrano-Soho---Every-Friday/42468665/,2026-07-17,2026-07-17T22:00:00+00:00,2026-07-18T03:00:00+00:00,Start your weekend the best way possible at Zebano's Soho!,"{'doorsopen': '22:00', 'doorsclose': '03:00', 'lastentry': '02:00'}",18,,0,0,True,"{'minPrice': 6.5, 'maxPrice': 9.5}",,public,,False,{'enabled': False},,GBP,[],[],[]
42147496,2215997,False,RhXTojyhHb,False,0,CLUB,Trapeze Big Top Weekends!,0,,,,,"{'id': 52162, 'name': 'Trapeze Bar', 'address': ' 89 Great Eastern Street, London, EC2A', 'town': 'London', 'postcode_lookup': 'London', 'postcode': 'EC2A 3HX', 'region': 'London', 'country': 'GB', 'phone': '07857 147900', 'latitude': 51.52573, 'longitude': -0.083352, 'type': 'Nightclub', 'rating': 3, 'reviewCount': 55, 'distance': 3725.8852390445504}",https://d31fr2pwly4c4s.cloudfront.net/f/c/c/2215956_4667409f_trapeze-big-top-weekends-_th.jpg,https://d31fr2pwly4c4s.cloudfront.net/f/c/c/2215956_4667409f_trapeze-big-top-weekends-.jpg,https://d31fr2pwly4c4s.cloudfront.net/f/c/c/2215956_4667409f_trapeze-big-top-weekends-_1024.jpg,https://d31fr2pwly4c4s.cloudfront.net/f/c/c/2215956_4667409f_trapeze-big-top-weekends-_1024.webp,https://www.skiddle.com/whats-on/London/Trapeze-Bar/Trapeze-Big-Top-Weekends/42147496/,2026-07-17,2026-07-17T22:00:00+00:00,2026-07-18T03:30:00+00:00,Step into the spectacle and party under the big top every weekend at Trapeze - London's ultimate circus-themed playground.,"{'doorsopen': '22:00', 'doorsclose': '03:30', 'lastentry': '02:00'}",18,,0,0,True,"{'minPrice': 5, 'maxPrice': 5}",,public,,False,{'enabled': False},,GBP,[],"[{'genreid': '1', 'name': 'House'}, {'genreid': '4', 'name': 'R&B'}, {'genreid': '39', 'name': 'Hip Hop'}, {'genreid': '82', 'name': '1990s'}, {'genreid': '83', 'name': '2000s'}]",[]
42579918,2300840,False,2300840,False,0,CLUB,CUFFIN SZN - London's Biggest RNB Party,0,,,,,"{'id': 52162, 'name': 'Trapeze Bar', 'address': ' 89 Great Eastern Street, London, EC2A', 'town': 'London', 'postcode_lookup': 'London', 'postcode': 'EC2A 3HX', 'region': 'London', 'country': 'GB', 'phone': '07857 147900', 'latitude': 51.52573, 'longitude': -0.083352, 'type': 'Nightclub', 'rating': 3, 'reviewCount': 55, 'distance': 3725.8852390445504}",https://d31fr2pwly4c4s.cloudfront.net/3/7/d/2300840_549cd509_cuffin-szn-london-s-biggest-rnb-party_th.jpg,https://d31fr2pwly4c4s.cloudfront.net/3/7/d/2300840_549cd509_cuffin-szn-london-s-biggest-rnb-party.jpg,https://d31fr2pwly4c4s.cloudfront.net/3/7/d/2300840_549cd509_cuffin-szn-london-s-biggest-rnb-party_1024.jpg,https://d31fr2pwly4c4s.cloudfront.net/3/7/d/2300840_549cd509_cuffin-szn-london-s-biggest-rnb-party_1024.webp,https://www.skiddle.com/whats-on/London/Trapeze-Bar/CUFFIN-SZN---Londons-Biggest-RNB-Party/42579918/,2026-07-17,2026-07-17T22:00:00+00:00,2026-07-18T04:00:00+00:00,"CUFFIN SZN is here, and we're bringing you the sweetest sounds of RnB from across the ages.","{'doorsopen': '22:00', 'doorsclose': '04:00', 'lastentry': '02:00'}",18,,0,0,True,"{'minPrice': 12.5, 'maxPrice': 12.5}",,public,,False,{'enabled': False},#080808,GBP,[],[],[]
42162515,2219942,False,2219942,False,0,CLUB,Trapeze Shoreditch Every Friday,0,,,,,"{'id': 115608, 'name': 'Trapeze Shoreditch', 'address': '89 Great Eastern St', 'town': 'London', 'postcode_lookup': 'London', 'postcode': 'EC2A 3HX', 'region': 'London', 'country': 'GB', 'phone': '', 'latitude': 51.5257366, 'longitude': -0.0833574, 'type': 'Nightclub', 'rating': 4, 'reviewCount': 2, 'distance': 3725.988928839937}",https://d31fr2pwly4c4s.cloudfront.net/e/6/7/2219922_181b27f0_trapeze-shoreditch-every-friday_th.jpg,https://d31fr2pwly4c4s.cloudfront.net/e/6/7/2219922_181b27f0_trapeze-shoreditch-every-friday.jpg,https://d31fr2pwly4c4s.cloudfront.net/e/6/7/2219922_181b27f0_trapeze-shoreditch-every-friday_1024.jpg,https://d31fr2pwly4c4s.cloudfront.net/e/6/7/2219922_181b27f0_trapeze-shoreditch-every-friday_1024.webp,https://www.skiddle.com/whats-on/London/Trapeze-Shoreditch/Trapeze-Shoreditch-Every-Friday/42162515/,2026-07-17,2026-07-17T22:00:00+00:00,2026-07-18T03:00:00+00:00,"Friday nights at Trapeze Shoreditch: happy hour, top DJs and epic vibes. Hip-hop, R&B and house power an unforgettable, wild party experience.","{'doorsopen': '22:00', 'doorsclose': '03:00', 'lastentry': '00:00'}",18,,0,0,True,"{'minPrice': 4, 'maxPrice': 8}",,public,,False,{'enabled': False},,GBP,[],[],[]
42542582,2294614,False,94kJjGm5CI,False,0,CLUB,Trapeze Shoreditch - Every Friday,0,,,,,"{'id': 138959, 'name': '89 Great Eastern St, London EC2A 3HX', 'address': '89 Great Eastern Street', 'town': 'London', 'postcode_lookup': 'London', 'postcode': 'EC2A 3HX', 'region': 'London', 'country': 'GB', 'phone': '', 'latitude': 51.5257369, 'longitude': -0.0833489, 'type': 'Nightclub', 'rating': 0, 'reviewCount': 0, 'distance': 3726.4928289011746}",https://d31fr2pwly4c4s.cloudfront.net/3/e/a/2250730_ae54bf4a_trapeze-shoreditch-every-friday_th.jpg,https://d31fr2pwly4c4s.cloudfront.net/3/e/a/2250730_ae54bf4a_trapeze-shoreditch-every-friday.jpg,https://d31fr2pwly4c4s.cloudfront.net/3/e/a/2250730_ae54bf4a_trapeze-shoreditch-every-friday_1024.jpg,https://d31fr2pwly4c4s.cloudfront.net/3/e/a/2250730_ae54bf4a_trapeze-shoreditch-every-friday_1024.webp,https://www.skiddle.com/whats-on/London/89-Great-Eastern-St%2C-London-EC2A-3HX/Trapeze-Shoreditch---Every-Friday/42542582/,2026-07-17,2026-07-17T22:00:00+00:00,2026-07-18T03:30:00+00:00,"Trapeze Fridays at Shoreditch’s iconic party spot. Circus vibes, great music, and non-stop dancing all night. Secure your spot ahead of time.","{'doorsopen': '22:00', 'doorsclose': '03:30', 'lastentry': '02:00'}",18,,0,0,True,"{'minPrice': 4.5, 'maxPrice': 7.5}",,public,,False,{'enabled': False},,GBP,[],[],[]
42568624,2298352,False,2298352,False,0,CLUB,Get Wild Shoreditch Party - Everyone Free Before 12AM,0,,,,,"{'id': 77751, 'name': 'The Lighthouse Bar And Club', 'address': '62 Rivington Street', 'town': 'London', 'postcode_lookup': 'London', 'postcode': 'EC2A 3AY', 'region': 'London', 'country': 'GB', 'phone': '02077393817', 'latitude': 51.5261933, 'longitude': -0.0788466, 'type': 'Nightclub', 'rating': 2, 'reviewCount': 38, 'distance': 4015.327171761518}",https://d31fr2pwly4c4s.cloudfront.net/a/2/2/2298352_3fbded51_get-wild-shoreditch-party-everyone-free-before-12am_th.jpg,https://d31fr2pwly4c4s.cloudfront.net/a/2/2/2298352_3fbded51_get-wild-shoreditch-party-everyone-free-before-12am.jpg,https://d31fr2pwly4c4s.cloudfront.net/a/2/2/2298352_3fbded51_get-wild-shoreditch-party-everyone-free-before-12am_1024.jpg,https://d31fr2pwly4c4s.cloudfront.net/a/2/2/2298352_3fbded51_get-wild-shoreditch-party-everyone-free-before-12am_1024.webp,https://www.skiddle.com/whats-on/London/The-Lighthouse-Bar-And-Club/Get-Wild-Shoreditch-Party---Everyone-Free-Before-12AM/42568624/,2026-07-17,2026-07-17T22:00:00+00:00,2026-07-18T16:00:00+00:00,London's Craziest Party Arrives In Shoreditch!,"{'doorsopen': '22:00', 'doorsclose': '16:00', 'lastentry': '00:30'}",18,,0,0,True,"{'minPrice': 0, 'maxPrice': 15}",,public,,False,{'enabled': False},#080808,GBP,[],"[{'genreid': '4', 'name': 'R&B'}, {'genreid': '24', 'name': 'Dancehall'}, {'genreid': '39', 'name': 'Hip Hop'}, {'genreid': '95', 'name': 'Afrobeat'}]",[]
42534078,2293820,False,2293820,False,0,CLUB,Paradise Rhythm Comes To London,0,,,,,"{'id': 19708, 'name': 'Basing House', 'address': '25 Kingsland Road', 'town': 'London', 'postcode_lookup': 'London', 'postcode': 'E2 8AA', 'region': 'London', 'country': 'GB', 'phone': '020 7688 0339', 'latitude': 51.5289, 'longitude': -0.078002, 'type': 'Nightclub', 'rating': 4, 'reviewCount': 274, 'distance': 4230.643950476438}",https://d31fr2pwly4c4s.cloudfront.net/9/a/d/2293820_66d47df8_paradise-rhythm-comes-to-london_th.jpg,https://d31fr2pwly4c4s.cloudfront.net/9/a/d/2293820_66d47df8_paradise-rhythm-comes-to-london.jpg,https://d31fr2pwly4c4s.cloudfront.net/9/a/d/2293820_66d47df8_paradise-rhythm-comes-to-london_1024.jpg,https://d31fr2pwly4c4s.cloudfront.net/9/a/d/2293820_66d47df8_paradise-rhythm-comes-to-london_1024.webp,https://www.skiddle.com/whats-on/London/Basing-House/Paradise-Rhythm-Comes-To-London/42534078/,2026-07-17,2026-07-17T22:00:00+00:00,2026-07-18T04:00:00+00:00,We are back... this time we're bringing the paradise energy to Shoreditch's very own Basing House,"{'doorsopen': '22:00', 'doorsclose': '04:00', 'lastentry': '01:00'}",18,,0,0,True,"{'minPrice': 10, 'maxPrice': 10}",,public,,False,{'enabled': False},#f8f8f8,GBP,"[{'artistid': '123568943', 'name': 'Paul Ryder UK', 'image': 'https://d1mdxzfl9p8pzo.cloudfront.net/3/123568943_1_1024.jpg', 'spotifyartisturl': None}, {'artistid': '123572825', 'name': 'Lewis Tala', 'image': 'https://d1mdxzfl9p8pzo.cloudfront.net/5/123572825_1_1024.jpg', 'spotifyartisturl': 'spotify:artist:6f72h4eAsTsnckfqJHpCLu'}]","[{'genreid': '1', 'name': 'House'}, {'genreid': '10', 'name': 'Deep House'}, {'genreid': '14', 'name': 'Tech House'}, {'genreid': '111', 'name': 'Minimal'}]",[]
42516806,2289530,False,2289530,False,0,CLUB,K-Pop All Era Party: Gen 2 - Gen 4 Club Night,0,,,,,"{'id': 132076, 'name': 'Kpubstar', 'address': '23 Atlantic Road', 'town': 'London', 'postcode_lookup': 'London', 'postcode': 'SW9 8HX', 'region': 'London', 'country': 'GB', 'phone': '', 'latitude': 51.462865, 'longitude': -0.1134255, 'type': 'bar', 'rating': 4, 'reviewCount': 4, 'distance': 5010.28706642598}",https://d31fr2pwly4c4s.cloudfront.net/b/d/b/2289530_75b108ea_k-pop-all-era-party-gen-2-gen-4-club-night_th.jpg,https://d31fr2pwly4c4s.cloudfront.net/b/d/b/2289530_75b108ea_k-pop-all-era-party-gen-2-gen-4-club-night.jpg,https://d31fr2pwly4c4s.cloudfront.net/b/d/b/2289530_75b108ea_k-pop-all-era-party-gen-2-gen-4-club-night_1024.jpg,https://d31fr2pwly4c4s.cloudfront.net/b/d/b/2289530_75b108ea_k-pop-all-era-party-gen-2-gen-4-club-night_1024.webp,https://www.skiddle.com/whats-on/London/Kpubstar/K-Pop-All-Era-Party-Gen-2---Gen-4-Club-Night/42516806/,2026-07-17,2026-07-17T22:00:00+00:00,2026-07-18T03:00:00+00:00,"Brixton K-pop club night with Gen 2 - Gen 4 hits, K-hip hop and late-night DJ sets. 10PM - 3AM at Kpubstar London.","{'doorsopen': '22:00', 'doorsclose': '03:00', 'lastentry': '02:00'}",18,,0,0,True,"{'minPrice': 12.5, 'maxPrice': 40}",,public,,False,{'enabled': False},#78b838,GBP,"[{'artistid': '123625356', 'name': 'Pianwoo', 'image': 'https://d1mdxzfl9p8pzo.cloudfront.net/6/123625356_a01a7053_1024.jpg', 'spotifyartisturl': None}]","[{'genreid': '20', 'name': 'Pop'}, {'genreid': '39', 'name': 'Hip Hop'}, {'genreid': '79', 'name': 'EDM'}, {'genreid': '116', 'name': 'K-pop'}]",[]
42585229,2302450,False,2302450,False,0,CLUB,BORGHAIN: electroclash + synthpop + dark disco (Manchester),0,,,,,"{'id': 110203, 'name': 'The White Swan Limehouse London', 'address': '556 Commercial Road', 'town': 'London', 'postcode_lookup': 'London', 'postcode': 'E14 7JD', 'region': 'London', 'country': 'GB', 'phone': '020 7780 9870', 'latitude': 51.512659, 'longitude': -0.041129, 'type': 'Nightclub', 'rating': 3, 'reviewCount': 5, 'distance': 6044.7978960729}",https://d31fr2pwly4c4s.cloudfront.net/8/2/4/2302450_71747587_BORGHAIN--electroclash---synthpop---dark-disco--Manchester-_th.jpg,https://d31fr2pwly4c4s.cloudfront.net/8/2/4/2302450_71747587_BORGHAIN--electroclash---synthpop---dark-disco--Manchester-.jpg,https://d31fr2pwly4c4s.cloudfront.net/8/2/4/2302450_71747587_BORGHAIN--electroclash---synthpop---dark-disco--Manchester-_1024.jpg,https://d31fr2pwly4c4s.cloudfront.net/8/2/4/2302450_71747587_BORGHAIN--electroclash---synthpop---dark-disco--Manchester-_1024.webp,https://www.skiddle.com/whats-on/London/The-White-Swan-Limehouse-London/BORGHAIN-electroclash--synthpop--dark-disco-Manchester/42585229/,2026-07-17,2026-07-17T22:30:00+00:00,2026-07-18T03:00:00+00:00,Biological and synthetic lifeforms are instructed to report for assimilation at BORGHAIN for a night of electroclash and synthpop.,"{'doorsopen': '22:30', 'doorsclose': '03:00', 'lastentry': '01:00'}",18,,0,0,True,"{'minPrice': 9, 'maxPrice': 9}",,public,,False,{'enabled': False},#080808,GBP,"[{'artistid': '123559090', 'name': 'Christopher Dresden Styles', 'image': 'https://d1mdxzfl9p8pzo.cloudfront.net/0/123559090_1_1024.jpg', 'spotifyartisturl': None}]","[{'genreid': '61', 'name': 'Electronic'}, {'genreid': '97', 'name': 'Synth Pop'}, {'genreid': '112', 'name': 'Electro'}]",[]
42517709,2289990,False,2289990,False,0,CLUB,Pop & RnB All Night Long - Limited Free Tickets,0,,,,,"{'id': 115976, 'name': 'Lightbox London,', 'address': '6 South Lambeth Place', 'town': 'London', 'postcode_lookup': 'London', 'postcode': 'SW8 1SP', 'region': 'London', 'country': 'GB', 'phone': '', 'latitude': 51.485189, 'longitude': -0.1236522, 'type': 'Nightclub', 'rating': 3, 'reviewCount': 743, 'distance': 2443.880420246338}",https://d31fr2pwly4c4s.cloudfront.net/a/6/3/2289990_fc961a57_pop-rnb-all-night-long-limited-free-tickets_th.jpg,https://d31fr2pwly4c4s.cloudfront.net/a/6/3/2289990_fc961a57_pop-rnb-all-night-long-limited-free-tickets.jpg,https://d31fr2pwly4c4s.cloudfront.net/a/6/3/2289990_fc961a57_pop-rnb-all-night-long-limited-free-tickets_1024.jpg,https://d31fr2pwly4c4s.cloudfront.net/a/6/3/2289990_fc961a57_pop-rnb-all-night-long-limited-free-tickets_1024.webp,https://www.skiddle.com/whats-on/London/Lightbox-London%2C/Pop--RnB-All-Night-Long---Limited-Free-Tickets/42517709/,2026-07-17,2026-07-17T23:00:00+00:00,2026-07-18T05:00:00+00:00,"Join us every Friday at London super-club LIGHTBOX for London's Best Free Party! 

Free Entry Before 23:30 Tickets Limited Availability!","{'doorsopen': '23:00', 'doorsclose': '05:00', 'lastentry': '02:00'}",18,,0,0,True,"{'minPrice': 0, 'maxPrice': 12}",,public,,False,{'enabled': False},#f8f818,GBP,[],"[{'genreid': '4', 'name': 'R&B'}, {'genreid': '20', 'name': 'Pop'}, {'genreid': '39', 'name': 'Hip Hop'}]",[]
42138329,2213432,False,2213432,False,0,CLUB,Electronic Mischief,0,,,,,"{'id': 82878, 'name': 'E1', 'address': '110 Pennington Street', 'town': 'London', 'postcode_lookup': 'London', 'postcode': 'E1W 2BB', 'region': 'London', 'country': 'GB', 'phone': '020 7613 0545', 'latitude': 51.508832, 'longitude': -0.061494, 'type': 'Nightclub', 'rating': 4, 'reviewCount': 2236, 'distance': 4607.288517613021}",https://d31fr2pwly4c4s.cloudfront.net/a/3/e/2213432_4e4a61d9_electronic-mischief_th.jpg,https://d31fr2pwly4c4s.cloudfront.net/a/3/e/2213432_4e4a61d9_electronic-mischief.jpg,https://d31fr2pwly4c4s.cloudfront.net/a/3/e/2213432_4e4a61d9_electronic-mischief_1024.jpg,https://d31fr2pwly4c4s.cloudfront.net/a/3/e/2213432_4e4a61d9_electronic-mischief_1024.webp,https://www.skiddle.com/whats-on/London/E1/Electronic-Mischief/42138329/,2026-07-17,2026-07-17T23:00:00+00:00,2026-07-18T05:00:00+00:00,"Electronic Mischief takes over E1 London for a  night of underground electronic music, bringing together Tech House and Drum & Bass.","{'doorsopen': '23:00', 'doorsclose': '05:00', 'lastentry': '02:00'}",18,,0,0,True,"{'minPrice': 10, 'maxPrice': 25}",,public,,False,"{'enabled': True, 'eligible': True, 'minCommission': 1, 'maxCommission': 3}",#f8f8f8,GBP,"[{'artistid': '123497936', 'name': 'Ragga Twins', 'image': 'https://d1mdxzfl9p8pzo.cloudfront.net/6/123497936_1_1024.jpg', 'spotifyartisturl': 'spotify:artist:41vebFiEyxaRwT7rNmRLpq'}, {'artistid': '123574287', 'name': 'J Dragon', 'image': 'https://d1mdxzfl9p8pzo.cloudfront.net/7/123574287_2_1024.jpg', 'spotifyartisturl': 'spotify:artist:1WGgWePHV8srSrqBq2Gh8u'}, {'artistid': '123599181', 'name': 'Devious D', 'image': 'https://d1mdxzfl9p8pzo.cloudfront.net/1/123599181_1_1024.jpg', 'spotifyartisturl': 'spotify:artist:1plunPGjeo9X2f18vTScon'}, {'artistid': '123605786', 'name': 'DJ Holly Rouge', 'image': 'https://d1mdxzfl9p8pzo.cloudfront.net/6/123605786_ac3ac024_1024.jpg', 'spotifyartisturl': None}]","[{'genreid': '8', 'name': 'Drum and Bass'}, {'genreid': '9', 'name': 'Techno'}, {'genreid': '14', 'name': 'Tech House'}, {'genreid': '75', 'name': 'Burlesque'}]",[]
41942712,2186085,False,KRquHfCFaS,False,0,CLUB,Afrobeats Fridays,0,,,,,"{'id': 115894, 'name': 'CQ Lounge', 'address': '9 Warspite Road', 'town': 'London', 'postcode_lookup': 'London', 'postcode': 'SE18 5NU', 'region': 'London', 'country': 'GB', 'phone': '', 'latitude': 51.4943349, 'longitude': 0.0451715, 'type': 'Nightclub', 'rating': 0, 'reviewCount': 0, 'distance': 12069.289845743213}",https://d31fr2pwly4c4s.cloudfront.net/2/8/8/2186030_c05e86c2_afrobeats-fridays_th.jpg,https://d31fr2pwly4c4s.cloudfront.net/2/8/8/2186030_c05e86c2_afrobeats-fridays.jpg,https://d31fr2pwly4c4s.cloudfront.net/2/8/8/2186030_c05e86c2_afrobeats-fridays_1024.jpg,https://d31fr2pwly4c4s.cloudfront.net/2/8/8/2186030_c05e86c2_afrobeats-fridays_1024.webp,https://www.skiddle.com/whats-on/London/CQ-Lounge/Afrobeats-Fridays/41942712/,2026-07-17,2026-07-17T23:00:00+00:00,2026-07-18T05:00:00+00:00,"AFROBEATS FRIDAYS @ CQ LOUNGE
Get ready for the hottest Friday night in the city as Afrobeats Fridays takes over CQ Lounge every week.","{'doorsopen': '23:00', 'doorsclose': '05:00', 'lastentry': '03:00'}",18,,0,0,True,"{'minPrice': 0, 'maxPrice': 10}",,public,,False,{'enabled': False},,GBP,[],"[{'genreid': '4', 'name': 'R&B'}, {'genreid': '22', 'name': 'Funky House'}, {'genreid': '39', 'name': 'Hip Hop'}, {'genreid': '95', 'name': 'Afrobeat'}, {'genreid': '110', 'name': 'Amapiano'}]",[]
42462628,2273361,False,2273361,False,0,CLUB,A:M After Hours,0,,,,,"{'id': 115976, 'name': 'Lightbox London,', 'address': '6 South Lambeth Place', 'town': 'London', 'postcode_lookup': 'London', 'postcode': 'SW8 1SP', 'region': 'London', 'country': 'GB', 'phone': '', 'latitude': 51.485189, 'longitude': -0.1236522, 'type': 'Nightclub', 'rating': 3, 'reviewCount': 743, 'distance': 2443.880420246338}",https://d31fr2pwly4c4s.cloudfront.net/a/5/3/2273361_f1051543_a-m-after-hours_th.jpg,https://d31fr2pwly4c4s.cloudfront.net/a/5/3/2273361_f1051543_a-m-after-hours.jpg,https://d31fr2pwly4c4s.cloudfront.net/a/5/3/2273361_f1051543_a-m-after-hours_1024.jpg,https://d31fr2pwly4c4s.cloudfront.net/a/5/3/2273361_f1051543_a-m-after-hours_1024.webp,https://www.skiddle.com/whats-on/London/Lightbox-London%2C/AM-After-Hours/42462628/,2026-07-18,2026-07-18T03:00:00+00:00,2026-07-18T10:00:00+00:00,Friday Nights Biggest After Hours! Party With Us UNTIL 10AM! Dirty House Beats All Night Long with Club Kid Hosts & Dancers.,"{'doorsopen': '03:00', 'doorsclose': '10:00', 'lastentry': ''}",18,,0,0,True,"{'minPrice': 0, 'maxPrice': 15}",,public,,False,{'enabled': False},#080808,GBP,[],"[{'genreid': '1', 'name': 'House'}, {'genreid': '14', 'name': 'Tech House'}, {'genreid': '20', 'name': 'Pop'}]",[]
42561962,2296403,False,w5iyEjL47y,False,0,CLUB,Arcade Nights Every Saturday @ NQ64 Soho,0,,,,,"{'id': 125071, 'name': 'NQ64 SOHO', 'address': '53 Berwick St, London W1F 8SP', 'town': 'London', 'postcode_lookup': 'London', 'postcode': 'W1F 8SP', 'region': 'London', 'country': 'GB', 'phone': '', 'latitude': 51.5155446, 'longitude': -0.1364362, 'type': 'bar', 'rating': 3, 'reviewCount': 4, 'distance': 1115.1500102547207}",https://d31fr2pwly4c4s.cloudfront.net/8/b/a/2254710_f7f2ec11_arcade-nights-every-saturday-nq64-soho_th.jpg,https://d31fr2pwly4c4s.cloudfront.net/8/b/a/2254710_f7f2ec11_arcade-nights-every-saturday-nq64-soho.jpg,https://d31fr2pwly4c4s.cloudfront.net/8/b/a/2254710_f7f2ec11_arcade-nights-every-saturday-nq64-soho_1024.jpg,https://d31fr2pwly4c4s.cloudfront.net/8/b/a/2254710_f7f2ec11_arcade-nights-every-saturday-nq64-soho_1024.webp,https://www.skiddle.com/whats-on/London/NQ64-SOHO/Arcade-Nights-Every-Saturday--NQ64-Soho/42561962/,2026-07-18,2026-07-18T12:00:00+00:00,2026-07-19T03:00:00+00:00,"Arcade Night at NQ64 every Monday
5 game tokens plus drinks from £3.50
50+ arcade games in an underground bar","{'doorsopen': '12:00', 'doorsclose': '03:00', 'lastentry': '02:00'}",18,,0,0,True,"{'minPrice': 6.5, 'maxPrice': 8.5}",,public,,False,{'enabled': False},,GBP,[],[],[]
42415514,2262168,False,2262168,False,0,CLUB,Yamatai x Heavy Sonics x Makino: Summer Session,0,,,,,"{'id': 5217, 'name': 'Battersea Barge', 'address': 'Nine Elms Lane', 'town': 'London', 'postcode_lookup': 'London', 'postcode': 'SW8 5EP', 'region': 'London', 'country': 'GB', 'phone': '08700 600 100', 'latitude': 51.481828, 'longitude': -0.137757, 'type': 'live', 'rating': 4, 'reviewCount': 10, 'distance': 2879.355999383702}",https://d31fr2pwly4c4s.cloudfront.net/3/f/e/2262168_0033f99e_yamatai-x-heavy-sonics-x-makino-summer-session_th.jpg,https://d31fr2pwly4c4s.cloudfront.net/3/f/e/2262168_0033f99e_yamatai-x-heavy-sonics-x-makino-summer-session.jpg,https://d31fr2pwly4c4s.cloudfront.net/3/f/e/2262168_0033f99e_yamatai-x-heavy-sonics-x-makino-summer-session_1024.jpg,https://d31fr2pwly4c4s.cloudfront.net/3/f/e/2262168_0033f99e_yamatai-x-heavy-sonics-x-makino-summer-session_1024.webp,https://www.skiddle.com/whats-on/London/Battersea-Barge/Yamatai-x-Heavy-Sonics-x-Makino-Summer-Session/42415514/,2026-07-18,2026-07-18T12:00:00+00:00,2026-07-18T19:00:00+00:00,D&B labels Yamatai and Heavy Sonics join forces with Makino Agency to bring a huge lineup to Battersea Barge for a 7-hour summer session day party,"{'doorsopen': '12:00', 'doorsclose': '19:00', 'lastentry': ''}",18,,0,27,True,"{'minPrice': 8.86, 'maxPrice': 21.59}",,public,,False,{'enabled': False},#f8f8f8,GBP,"[{'artistid': '123485624', 'name': 'Total Science', 'image': 'https://d1mdxzfl9p8pzo.cloudfront.net/4/123485624_267.jpg', 'spotifyartisturl': 'spotify:artist:20X39VOcF5zEpkOx6WrXlY'}, {'artistid': '123570023', 'name': 'Sustance', 'image': 'https://d1mdxzfl9p8pzo.cloudfront.net/3/123570023_1_1024.jpg', 'spotifyartisturl': 'spotify:artist:3069G1J62ioGObj518Umm2'}]","[{'genreid': '8', 'name': 'Drum and Bass'}, {'genreid': '78', 'name': 'Bass Music'}, {'genreid': '80', 'name': 'Jungle'}]",[]
42426874,2264672,False,2264672,False,0,CLUB,Centreforce Presents: Frequencies,0,,,,,"{'id': 13254, 'name': 'Electric Ballroom', 'address': '184 Camden High Street', 'town': 'Camden Town', 'postcode_lookup': 'London', 'postcode': 'NW1 8QP', 'region': 'London', 'country': 'GB', 'phone': '020 7485 9006', 'latitude': 51.539701, 'longitude': -0.143032, 'type': 'live', 'rating': 4, 'reviewCount': 525, 'distance': 3781.9927036745935}",https://d31fr2pwly4c4s.cloudfront.net/0/c/f/2264672_9f429eb3_centreforce-presents-frequencies_th.jpg,https://d31fr2pwly4c4s.cloudfront.net/0/c/f/2264672_9f429eb3_centreforce-presents-frequencies.jpg,https://d31fr2pwly4c4s.cloudfront.net/0/c/f/2264672_9f429eb3_centreforce-presents-frequencies_1024.jpg,https://d31fr2pwly4c4s.cloudfront.net/0/c/f/2264672_9f429eb3_centreforce-presents-frequencies_1024.webp,https://www.skiddle.com/whats-on/London/Electric-Ballroom/Centreforce-Presents-Frequencies/42426874/,2026-07-18,2026-07-18T12:00:00+00:00,2026-07-19T02:00:00+00:00,"Centreforce Presents: Frequencies

Our Last Time At This Iconic Venue","{'doorsopen': '12:00', 'doorsclose': '02:00', 'lastentry': ''}",18,,0,0,True,"{'minPrice': 10, 'maxPrice': 25}",,public,,False,{'enabled': False},#f8f8f8,GBP,[],"[{'genreid': '1', 'name': 'House'}, {'genreid': '14', 'name': 'Tech House'}, {'genreid': '19', 'name': 'Old Skool'}, {'genreid': '102', 'name': 'Disco House'}]",[]
42506629,2285813,False,2285813,False,0,CLUB,Afro Rooftop: Touch of Africa Edition - Brixton London,0,,,,,"{'id': 135716, 'name': 'Freight Brixton', 'address': '20 Popes Road', 'town': 'London', 'postcode_lookup': 'London', 'postcode': 'SW9 8JH', 'region': 'London', 'country': 'GB', 'phone': '', 'latitude': 51.4629424, 'longitude': -0.1125395, 'type': 'Outdoors', 'rating': 3, 'reviewCount': 75, 'distance': 5014.593932204511}",https://d31fr2pwly4c4s.cloudfront.net/8/7/6/2285813_602e2c20_afro-rooftop-touch-of-africa-edition-brixton-london_th.jpg,https://d31fr2pwly4c4s.cloudfront.net/8/7/6/2285813_602e2c20_afro-rooftop-touch-of-africa-edition-brixton-london.jpg,https://d31fr2pwly4c4s.cloudfront.net/8/7/6/2285813_602e2c20_afro-rooftop-touch-of-africa-edition-brixton-london_1024.jpg,https://d31fr2pwly4c4s.cloudfront.net/8/7/6/2285813_602e2c20_afro-rooftop-touch-of-africa-edition-brixton-london_1024.webp,https://www.skiddle.com/whats-on/London/Freight-Brixton/Afro-Rooftop-Touch-of-Africa-Edition---Brixton-London/42506629/,2026-07-18,2026-07-18T12:00:00+00:00,2026-07-18T17:00:00+00:00,Afro Rooftop: Touch of Africa Edition - Brixton London,"{'doorsopen': '12:00', 'doorsclose': '17:00', 'lastentry': '16:00'}",18,,0,0,True,"{'minPrice': 10, 'maxPrice': 30}",,public,,False,{'enabled': False},#f8c808,GBP,[],"[{'genreid': '66', 'name': 'African'}, {'genreid': '95', 'name': 'Afrobeat'}]",[]
42497913,2283467,False,2283467,False,0,CLUB,Housework presents Shipwrecked on the Thames boat party,0,,,,,"{'id': 130605, 'name': 'London River Thames', 'address': 'Departure from a central London pier', 'town': 'Central London', 'postcode_lookup': 'London', 'postcode': 'SE1 8XZ', 'region': 'London', 'country': 'GB', 'phone': '', 'latitude': 51.5061329, 'longitude': -0.1154449, 'type': 'Other', 'rating': 0, 'reviewCount': 0, 'distance': 874.2751786452068}",https://d31fr2pwly4c4s.cloudfront.net/3/b/9/2283467_853d5d5c_housework-presents-shipwrecked-on-the-thames_th.jpg,https://d31fr2pwly4c4s.cloudfront.net/3/b/9/2283467_853d5d5c_housework-presents-shipwrecked-on-the-thames.jpg,https://d31fr2pwly4c4s.cloudfront.net/3/b/9/2283467_853d5d5c_housework-presents-shipwrecked-on-the-thames_1024.jpg,https://d31fr2pwly4c4s.cloudfront.net/3/b/9/2283467_853d5d5c_housework-presents-shipwrecked-on-the-thames_1024.webp,https://www.skiddle.com/whats-on/London/London-River-Thames/Housework-presents-Shipwrecked-on-the-Thames-boat-party/42497913/,2026-07-18,2026-07-18T12:30:00+00:00,2026-07-18T16:30:00+00:00,"All aboard for the ultimate high-seas house music odyssey! Shipwrecked v05 is back, and this time, we are getting fully SteamPunk'd on the Thames.","{'doorsopen': '12:30', 'doorsclose': '16:30', 'lastentry': '12:30'}",25,,0,0,True,"{'minPrice': 30, 'maxPrice': 30}",,public,,False,{'enabled': False},#083828,GBP,[],"[{'genreid': '1', 'name': 'House'}, {'genreid': '14', 'name': 'Tech House'}, {'genreid': '22', 'name': 'Funky House'}, {'genreid': '57', 'name': 'Disco'}, {'genreid': '102', 'name': 'Disco House'}]",[]
41380549,2113132,False,2113132,False,0,CLUB,Frantic x Lashed,0,,,,,"{'id': 1181, 'name': 'KOKO', 'address': '1A Camden High St, London', 'town': 'London', 'postcode_lookup': 'London', 'postcode': 'NW1 7JE', 'region': 'London', 'country': 'GB', 'phone': '020 7388 3222', 'latitude': 51.534745, 'longitude': -0.138255, 'type': 'live', 'rating': 4, 'reviewCount': 2034, 'distance': 3165.6471013029686}",https://d31fr2pwly4c4s.cloudfront.net/d/3/4/2113132_45266dce_frantic-x-lashed_th.jpg,https://d31fr2pwly4c4s.cloudfront.net/d/3/4/2113132_45266dce_frantic-x-lashed.jpg,https://d31fr2pwly4c4s.cloudfront.net/d/3/4/2113132_45266dce_frantic-x-lashed_1024.jpg,https://d31fr2pwly4c4s.cloudfront.net/d/3/4/2113132_45266dce_frantic-x-lashed_1024.webp,https://www.skiddle.com/whats-on/London/KOKO/Frantic-x-Lashed/41380549/,2026-07-18,2026-07-18T13:00:00+00:00,2026-07-18T21:00:00+00:00,"Frantic x Lashed at Camden Palace / KOKO with your favourite Hard House & Trance artists! Skiddle sold out, final tickets on KOKO website!","{'doorsopen': '13:00', 'doorsclose': '21:00', 'lastentry': '18:00'}",18,,0,0,True,"{'minPrice': 25, 'maxPrice': 25}",,public,,False,{'enabled': False},#282828,GBP,"[{'artistid': '123461766', 'name': 'Andy Farley', 'image': 'https://d1mdxzfl9p8pzo.cloudfront.net/6/123461766_1_1024.jpg', 'spotifyartisturl': 'spotify:artist:72CaUE8XtaTjIKDN595DCf'}, {'artistid': '123456906', 'name': 'Lisa Lashes', 'image': 'https://d1mdxzfl9p8pzo.cloudfront.net/6/123456906_2_1024.jpg', 'spotifyartisturl': 'spotify:artist:60McQZr6bfr1eBpvq9YQz2'}, {'artistid': '123456934', 'name': 'John Askew', 'image': 'https://d1mdxzfl9p8pzo.cloudfront.net/4/123456934_267.jpg', 'spotifyartisturl': 'spotify:artist:5FU0TptmBpDFgDU14zm28J'}, {'artistid': '123460224', 'name': 'Ben Stevens', 'image': 'https://d1mdxzfl9p8pzo.cloudfront.net/4/123460224_267.jpg', 'spotifyartisturl': 'spotify:artist:4TWyceAr76nvsNijtO2dGx'}, {'artistid': '123460419', 'name': 'K90', 'image': 'https://d1mdxzfl9p8pzo.cloudfront.net/9/123460419_267.jpg', 'spotifyartisturl': 'spotify:artist:18YUfYOHNEVvQitsvzoUrm'}, {'artistid': '123497594', 'name': 'Wayne Smart', 'image': 'https://d1mdxzfl9p8pzo.cloudfront.net/4/123497594_1_1024.jpg', 'spotifyartisturl': 'spotify:artist:4s9wlADSc623ZgvPvr0WV6'}, {'artistid': '123559210', 'name': 'Lisa pin up', 'image': 'https://d1mdxzfl9p8pzo.cloudfront.net/0/123559210_1_1024.jpg', 'spotifyartisturl': None}, {'artistid': '123569434', 'name': 'Jodie Rose', 'image': 'https://d1plawd8huk6hh.cloudfront.net/assets/default400.png', 'spotifyartisturl': 'spotify:artist:22ZzUQxsZdP5LPNxAf55C6'}]","[{'genreid': '2', 'name': 'Trance'}, {'genreid': '16', 'name': 'Hard House'}, {'genreid': '28', 'name': 'Hard Trance'}, {'genreid': '81', 'name': 'Hard Dance'}]",[]
42509506,2286749,False,2286749,False,0,CLUB,The Dynasty of Dub,0,,,,,"{'id': 134310, 'name': 'The Dance Hall', 'address': '1 Navigator Square', 'town': 'London', 'postcode_lookup': 'London', 'postcode': 'N19 3TD', 'region': 'London', 'country': 'GB', 'phone': '', 'latitude': 51.5660032, 'longitude': -0.135076, 'type': 'Nightclub', 'rating': 0, 'reviewCount': 0, 'distance': 6579.090084541171}",https://d31fr2pwly4c4s.cloudfront.net/f/c/e/2286749_5ef817b8_the-dynasty-of-dub_th.jpg,https://d31fr2pwly4c4s.cloudfront.net/f/c/e/2286749_5ef817b8_the-dynasty-of-dub.jpg,https://d31fr2pwly4c4s.cloudfront.net/f/c/e/2286749_5ef817b8_the-dynasty-of-dub_1024.jpg,https://d31fr2pwly4c4s.cloudfront.net/f/c/e/2286749_5ef817b8_the-dynasty-of-dub_1024.webp,https://www.skiddle.com/whats-on/London/The-Dance-Hall/The-Dynasty-of-Dub/42509506/,2026-07-18,2026-07-18T13:00:00+00:00,2026-07-18T21:00:00+00:00,"Roots Reggae, Dub day event bringing conscious vibes in a unifying environment","{'doorsopen': '13:00', 'doorsclose': '21:00', 'lastentry': ''}",18,,0,0,True,"{'minPrice': 5, 'maxPrice': 5}",,public,,False,{'enabled': False},#f8e8c8,GBP,"[{'artistid': '123606610', 'name': 'Shere Khan Sound', 'image': 'https://d1mdxzfl9p8pzo.cloudfront.net/0/123606610_588a9396_1024.jpg', 'spotifyartisturl': None}]",[],[]
42512557,2288096,False,2288096,False,0,CLUB,Shell It Softly Open Air Day Party,0,,,,,"{'id': 140116, 'name': 'Atlantis Lounge', 'address': '5 London rd', 'town': 'Slough', 'postcode_lookup': 'Slough', 'postcode': 'SL3 8QB', 'region': 'Berkshire', 'country': 'GB', 'phone': '', 'latitude': 51.4889343, 'longitude': -0.535768, 'type': 'bar', 'rating': 0, 'reviewCount': 0, 'distance': 28298.547266602287}",https://d31fr2pwly4c4s.cloudfront.net/2/9/9/2288096_625032c7_shell-it-softly-open-air_th.jpg,https://d31fr2pwly4c4s.cloudfront.net/2/9/9/2288096_625032c7_shell-it-softly-open-air.jpg,https://d31fr2pwly4c4s.cloudfront.net/2/9/9/2288096_625032c7_shell-it-softly-open-air_1024.jpg,https://d31fr2pwly4c4s.cloudfront.net/2/9/9/2288096_625032c7_shell-it-softly-open-air_1024.webp,https://www.skiddle.com/whats-on/Slough/Atlantis-Lounge/Shell-It-Softly-Open-Air-Day-Party/42512557/,2026-07-18,2026-07-18T13:00:00+00:00,2026-07-18T19:00:00+00:00,Join us on Saturday the 18th of July at Atlantis Lounge for our huge open air day party!,"{'doorsopen': '13:00', 'doorsclose': '19:00', 'lastentry': ''}",18,,0,0,True,"{'minPrice': 15, 'maxPrice': 20}",,public,,False,{'enabled': False},#f8f8f8,GBP,[],[],[]
41602143,2151528,False,2151528,False,0,CLUB,Old Skool vs UK Garage Bottomless Brunch,1,2026-07-02 14:47:02,cancelled,Automatic cancellation: All future dates in the event series have been cancelled,,"{'id': 134114, 'name': 'Duo Clapham', 'address': '15-16 Lendal Terrace', 'town': 'London', 'postcode_lookup': 'London', 'postcode': 'SW4 7UX', 'region': 'London', 'country': 'GB', 'phone': '', 'latitude': 51.4643901, 'longitude': -0.1298431, 'type': 'Nightclub', 'rating': 2, 'reviewCount': 16, 'distance': 4739.734097658525}",https://d31fr2pwly4c4s.cloudfront.net/9/d/d/2151528_07abf7f0_old-skool-vs-uk-garage-bottomless-brunch_th.jpg,https://d31fr2pwly4c4s.cloudfront.net/9/d/d/2151528_07abf7f0_old-skool-vs-uk-garage-bottomless-brunch.jpg,https://d31fr2pwly4c4s.cloudfront.net/9/d/d/2151528_07abf7f0_old-skool-vs-uk-garage-bottomless-brunch_1024.jpg,https://d31fr2pwly4c4s.cloudfront.net/9/d/d/2151528_07abf7f0_old-skool-vs-uk-garage-bottomless-brunch_1024.webp,https://www.skiddle.com/whats-on/London/Duo-Clapham/Old-Skool-vs-UK-Garage-Bottomless-Brunch/41602143/,2026-07-18,2026-07-18T13:30:00+00:00,2026-07-18T19:00:00+00:00,"Calling all the old skool ravers this is your Brunch! The Ultimate Old Skool Party Brunch with bangers from UKG, Old Skool, R&B, Funky, Jungle & more!","{'doorsopen': '13:30', 'doorsclose': '19:00', 'lastentry': '14:00'}",18,,0,0,False,"{'minPrice': 55, 'maxPrice': 55}",59.50,public,,False,{'enabled': False},#080808,GBP,[],"[{'genreid': '3', 'name': 'UK Garage'}, {'genreid': '4', 'name': 'R&B'}, {'genreid': '19', 'name': 'Old Skool'}, {'genreid': '82', 'name': '1990s'}, {'genreid': '83', 'name': '2000s'}]",[]
42292904,2236371,False,2236371,False,0,CLUB,"Cowgirl & Cowboy Country, Rock & Indie Bottomless Brunch",1,2026-06-09 15:10:24,cancelled,Automatic cancellation: All future dates in the event series have been cancelled,,"{'id': 138504, 'name': 'Loft Lounge', 'address': '239 Broadway', 'town': 'Bexleyheath', 'postcode_lookup': 'Dartford', 'postcode': 'DA6 8DB', 'region': 'Kent', 'country': 'GB', 'phone': '', 'latitude': 51.4570991, 'longitude': 0.138191, 'type': 'bar', 'rating': 4, 'reviewCount': 1, 'distance': 19250.162555276904}",https://d31fr2pwly4c4s.cloudfront.net/0/7/2/2236371_6694e841_cowgirl-cowboy-country-rock-indie-bottomless-brunch_th.jpg,https://d31fr2pwly4c4s.cloudfront.net/0/7/2/2236371_6694e841_cowgirl-cowboy-country-rock-indie-bottomless-brunch.jpg,https://d31fr2pwly4c4s.cloudfront.net/0/7/2/2236371_6694e841_cowgirl-cowboy-country-rock-indie-bottomless-brunch_1024.jpg,https://d31fr2pwly4c4s.cloudfront.net/0/7/2/2236371_6694e841_cowgirl-cowboy-country-rock-indie-bottomless-brunch_1024.webp,https://www.skiddle.com/whats-on/Dartford/Loft-Lounge/Cowgirl--Cowboy-Country-Rock--Indie-Bottomless-Brunch/42292904/,2026-07-18,2026-07-18T13:30:00+00:00,2026-07-18T17:00:00+00:00,"We are bringing the Wild Wild West to Bexleyheath, expect Country Anthems, Rock n Roll Bangers, Indie Singalongs for the ultimate real life hoedown!","{'doorsopen': '13:30', 'doorsclose': '17:00', 'lastentry': '14:00'}",18,,0,0,False,"{'minPrice': 99, 'maxPrice': 396}",49.50,public,,False,{'enabled': False},#f8b8e8,GBP,[],"[{'genreid': '5', 'name': 'Rock'}, {'genreid': '20', 'name': 'Pop'}, {'genreid': '26', 'name': 'Indie'}, {'genreid': '71', 'name': 'Country/Americana'}, {'genreid': '98', 'name': 'Indie Pop'}]",[]
42282534,2234026,False,2234026,False,0,CLUB,Norman Jay & Melvo Baptiste...Street Party + Haseeb Iqbal,0,,,,,"{'id': 138415, 'name': 'The Tileyard', 'address': 'Tileyard Rd', 'town': 'London', 'postcode_lookup': 'London', 'postcode': 'N7 9AH', 'region': 'London', 'country': 'GB', 'phone': '', 'latitude': 51.5429485, 'longitude': -0.1231543, 'type': 'Other', 'rating': 0, 'reviewCount': 0, 'distance': 4011.327080710085}",https://d31fr2pwly4c4s.cloudfront.net/9/d/e/2234026_4fd47c81_norman-jay-melvo-baptiste-street-party-haseeb-iqbal_th.jpg,https://d31fr2pwly4c4s.cloudfront.net/9/d/e/2234026_4fd47c81_norman-jay-melvo-baptiste-street-party-haseeb-iqbal.jpg,https://d31fr2pwly4c4s.cloudfront.net/9/d/e/2234026_4fd47c81_norman-jay-melvo-baptiste-street-party-haseeb-iqbal_1024.jpg,https://d31fr2pwly4c4s.cloudfront.net/9/d/e/2234026_4fd47c81_norman-jay-melvo-baptiste-street-party-haseeb-iqbal_1024.webp,https://www.skiddle.com/whats-on/London/The-Tileyard/Norman-Jay--Melvo-BaptisteStreet-Party--Haseeb-Iqbal/42282534/,2026-07-18,2026-07-18T14:00:00+00:00,2026-07-18T22:00:00+00:00,"Norman Jay & Melvo Baptiste bring the street party spirit to The Tileyard in Kings Cross, with special guest Haseeb Iqbal.","{'doorsopen': '14:00', 'doorsclose': '22:00', 'lastentry': '19:00'}",18,,0,0,True,"{'minPrice': 22.5, 'maxPrice': 30}",,public,,False,{'enabled': False},#080808,GBP,"[{'artistid': '123457156', 'name': 'Norman Jay', 'image': 'https://d1mdxzfl9p8pzo.cloudfront.net/6/123457156_2_1024.jpg', 'spotifyartisturl': 'spotify:artist:0UTbeMH3r0QJB50wYA4VTE'}, {'artistid': '123496788', 'name': 'Melvo Baptiste', 'image': 'https://d1mdxzfl9p8pzo.cloudfront.net/8/123496788_1_1024.jpg', 'spotifyartisturl': 'spotify:artist:1QpOH83Mq6hEUPnLudxPw6'}]","[{'genreid': '1', 'name': 'House'}, {'genreid': '43', 'name': 'Soul'}, {'genreid': '45', 'name': 'Funk'}, {'genreid': '57', 'name': 'Disco'}, {'genreid': '68', 'name': 'Reggae'}]",[]
42588120,2303434,False,2303434,False,0,CLUB,For The Love Of Garage - Summer Terrace Party (RESCHEDULED),0,,,,,"{'id': 135716, 'name': 'Freight Brixton', 'address': '20 Popes Road', 'town': 'London', 'postcode_lookup': 'London', 'postcode': 'SW9 8JH', 'region': 'London', 'country': 'GB', 'phone': '', 'latitude': 51.4629424, 'longitude': -0.1125395, 'type': 'Outdoors', 'rating': 3, 'reviewCount': 75, 'distance': 5014.593932204511}",https://d31fr2pwly4c4s.cloudfront.net/a/4/9/2303434_57626354_For-The-Love-Of-Garage---Summer-Terrace-Party--RESCHEDULED-_th.jpg,https://d31fr2pwly4c4s.cloudfront.net/a/4/9/2303434_57626354_For-The-Love-Of-Garage---Summer-Terrace-Party--RESCHEDULED-.jpg,https://d31fr2pwly4c4s.cloudfront.net/a/4/9/2303434_57626354_For-The-Love-Of-Garage---Summer-Terrace-Party--RESCHEDULED-_1024.jpg,https://d31fr2pwly4c4s.cloudfront.net/a/4/9/2303434_57626354_For-The-Love-Of-Garage---Summer-Terrace-Party--RESCHEDULED-_1024.webp,https://www.skiddle.com/whats-on/London/Freight-Brixton/For-The-Love-Of-Garage---Summer-Terrace-Party-RESCHEDULED/42588120/,2026-07-18,2026-07-18T14:00:00+00:00,2026-07-19T00:00:00+00:00,THIS EVENT HAS BEEN RESCHEDULED AND RELOCATED. YOUR TICKETS ARE STILL VALID.,"{'doorsopen': '14:00', 'doorsclose': '00:00', 'lastentry': ''}",18,,0,0,True,"{'minPrice': 0, 'maxPrice': 0}",,public,,False,{'enabled': False},#181818,GBP,"[{'artistid': '123534274', 'name': 'Oxide & Neutrino', 'image': 'https://d1mdxzfl9p8pzo.cloudfront.net/4/123534274_1_1024.jpg', 'spotifyartisturl': 'spotify:artist:0uhNYfjHJyAmHh2xNZ4vqf'}, {'artistid': '123553705', 'name': 'KAMINO UK', 'image': 'https://d1plawd8huk6hh.cloudfront.net/assets/default400.png', 'spotifyartisturl': None}, {'artistid': '123598385', 'name': 'Brooksy UK', 'image': 'https://d1mdxzfl9p8pzo.cloudfront.net/5/123598385_07024baa_1024.jpg', 'spotifyartisturl': 'spotify:artist:7DAHczhUBb413Xk3QGibJc'}]","[{'genreid': '3', 'name': 'UK Garage'}]",[]
42509657,2286772,False,2286772,False,0,CLUB,Rythm Room Summer Party - All Day Long - 18.07.26,0,,,,,"{'id': 125374, 'name': 'The Arkley 9', 'address': '9 Rowley Green Road', 'town': 'Barnet', 'postcode_lookup': 'Enfield', 'postcode': 'EN5 3HH', 'region': 'London', 'country': 'GB', 'phone': '', 'latitude': 51.6473037, 'longitude': -0.2384802, 'type': 'Other', 'rating': 0, 'reviewCount': 0, 'distance': 17368.93375593158}",https://d31fr2pwly4c4s.cloudfront.net/f/a/f/2286772_d50853ef_rythm-room-summer-party-all-day-long-18-07-26_th.jpg,https://d31fr2pwly4c4s.cloudfront.net/f/a/f/2286772_d50853ef_rythm-room-summer-party-all-day-long-18-07-26.jpg,https://d31fr2pwly4c4s.cloudfront.net/f/a/f/2286772_d50853ef_rythm-room-summer-party-all-day-long-18-07-26_1024.jpg,https://d31fr2pwly4c4s.cloudfront.net/f/a/f/2286772_d50853ef_rythm-room-summer-party-all-day-long-18-07-26_1024.webp,https://www.skiddle.com/whats-on/Enfield/The-Arkley-9/Rythm-Room-Summer-Party---All-Day-Long---180726/42509657/,2026-07-18,2026-07-18T14:00:00+00:00,2026-07-18T22:00:00+00:00,"ALL DAY LONG SUMMER PARTY

Rythm Room London's Local Line Up

Inside & Outdoor Areas

Venue sent to ticket holders only before the event.","{'doorsopen': '14:00', 'doorsclose': '22:00', 'lastentry': '16:00'}",18,,0,0,True,"{'minPrice': 10, 'maxPrice': 10}",,public,,False,{'enabled': False},#f8f8f8,GBP,"[{'artistid': '123568943', 'name': 'Paul Ryder UK', 'image': 'https://d1mdxzfl9p8pzo.cloudfront.net/3/123568943_1_1024.jpg', 'spotifyartisturl': None}]","[{'genreid': '1', 'name': 'House'}, {'genreid': '14', 'name': 'Tech House'}, {'genreid': '57', 'name': 'Disco'}, {'genreid': '102', 'name': 'Disco House'}]",[]
42422800,2264171,False,2264171,False,0,CLUB,Garage Heaven,0,,,,,"{'id': 138168, 'name': 'Club Labyrinth Epsom', 'address': 'High street', 'town': 'Epsom', 'postcode_lookup': 'Kingston-Upon-Thames', 'postcode': 'Kt19 8DN', 'region': 'London', 'country': 'GB', 'phone': '', 'latitude': 51.3329929, 'longitude': -0.2665491, 'type': 'Nightclub', 'rating': 0, 'reviewCount': 0, 'distance': 21602.613133550243}",https://d31fr2pwly4c4s.cloudfront.net/5/7/a/2264171_c9caa4ea_garage-heaven_th.jpg,https://d31fr2pwly4c4s.cloudfront.net/5/7/a/2264171_c9caa4ea_garage-heaven.jpg,https://d31fr2pwly4c4s.cloudfront.net/5/7/a/2264171_c9caa4ea_garage-heaven_1024.jpg,https://d31fr2pwly4c4s.cloudfront.net/5/7/a/2264171_c9caa4ea_garage-heaven_1024.webp,https://www.skiddle.com/whats-on/Kingston-Upon-Thames/Club-Labyrinth-Epsom/Garage-Heaven/42422800/,2026-07-18,2026-07-18T14:00:00+00:00,2026-07-18T21:00:00+00:00,"UK Garage and RnB daytime party at Labyrinth, Epsom on Saturday 18th July 26. 2pm-9pm","{'doorsopen': '14:00', 'doorsclose': '21:00', 'lastentry': '20:00'}",18,,0,0,True,"{'minPrice': 10, 'maxPrice': 450}",,public,,False,{'enabled': False},#080808,GBP,"[{'artistid': '123513138', 'name': 'DJ LUCK AND MC NEAT', 'image': 'https://d1mdxzfl9p8pzo.cloudfront.net/8/123513138_1_267.jpg', 'spotifyartisturl': 'spotify:artist:4MflsXABg2VC9Powgd7JCF'}]","[{'genreid': '3', 'name': 'UK Garage'}, {'genreid': '4', 'name': 'R&B'}, {'genreid': '69', 'name': 'Bassline'}]",[]
42367640,2253315,False,2253315,False,0,CLUB,"Old School Indie: Over 30s Daytime Party - 18th July, 3pm-7pm",0,,,,,"{'id': 82674, 'name': 'The Scala ', 'address': '275 Pentonville Road', 'town': 'Kings Cross', 'postcode_lookup': 'London', 'postcode': 'N1 9NL', 'region': 'London', 'country': 'GB', 'phone': '0207 833-2022', 'latitude': 51.530686, 'longitude': -0.120667, 'type': 'Nightclub', 'rating': 4, 'reviewCount': 108, 'distance': 2682.1902296437675}",https://d31fr2pwly4c4s.cloudfront.net/5/8/8/2253315_49996677_Old-School-Indie--Over-30s-Daytime-Party---18th-July--3pm-7pm_th.jpg,https://d31fr2pwly4c4s.cloudfront.net/5/8/8/2253315_49996677_Old-School-Indie--Over-30s-Daytime-Party---18th-July--3pm-7pm.jpg,https://d31fr2pwly4c4s.cloudfront.net/5/8/8/2253315_49996677_Old-School-Indie--Over-30s-Daytime-Party---18th-July--3pm-7pm_1024.jpg,https://d31fr2pwly4c4s.cloudfront.net/5/8/8/2253315_49996677_Old-School-Indie--Over-30s-Daytime-Party---18th-July--3pm-7pm_1024.webp,https://www.skiddle.com/whats-on/London/The-Scala-/Old-School-Indie-Over-30s-Daytime-Party---18th-July-3pm-7pm/42367640/,2026-07-18,2026-07-18T15:00:00+00:00,2026-07-18T19:00:00+00:00,Old School Indie throw a special over 30s daytime party as part of Club de Fromage's daytime special,"{'doorsopen': '15:00', 'doorsclose': '19:00', 'lastentry': '18:00'}",30,,0,0,True,"{'minPrice': 11.5, 'maxPrice': 11.5}",,public,,False,{'enabled': False},#f8f8f8,GBP,[],"[{'genreid': '5', 'name': 'Rock'}, {'genreid': '26', 'name': 'Indie'}, {'genreid': '113', 'name': 'Pop Punk'}]",[]
42367921,2253357,False,2253357,False,0,CLUB,"Club de Fromage - Over 30s Daytime Party: 18th July, 3pm-7pm",0,,,,,"{'id': 82674, 'name': 'The Scala ', 'address': '275 Pentonville Road', 'town': 'Kings Cross', 'postcode_lookup': 'London', 'postcode': 'N1 9NL', 'region': 'London', 'country': 'GB', 'phone': '0207 833-2022', 'latitude': 51.530686, 'longitude': -0.120667, 'type': 'Nightclub', 'rating': 4, 'reviewCount': 108, 'distance': 2682.1902296437675}",https://d31fr2pwly4c4s.cloudfront.net/1/f/8/2253357_26548745_Club-de-Fromage---Over-30s-Daytime-Party--18th-July--3pm-7pm_th.jpg,https://d31fr2pwly4c4s.cloudfront.net/1/f/8/2253357_26548745_Club-de-Fromage---Over-30s-Daytime-Party--18th-July--3pm-7pm.jpg,https://d31fr2pwly4c4s.cloudfront.net/1/f/8/2253357_26548745_Club-de-Fromage---Over-30s-Daytime-Party--18th-July--3pm-7pm_1024.jpg,https://d31fr2pwly4c4s.cloudfront.net/1/f/8/2253357_26548745_Club-de-Fromage---Over-30s-Daytime-Party--18th-July--3pm-7pm_1024.webp,https://www.skiddle.com/whats-on/London/The-Scala-/Club-de-Fromage---Over-30s-Daytime-Party-18th-July-3pm-7pm/42367921/,2026-07-18,2026-07-18T15:00:00+00:00,2026-07-18T19:00:00+00:00,London's premier pop and fancy dress party for over 19 years throws a special daytime party for over 30s,"{'doorsopen': '15:00', 'doorsclose': '19:00', 'lastentry': '18:00'}",30,,0,0,True,"{'minPrice': 11.5, 'maxPrice': 11.5}",,public,,False,{'enabled': False},#f8f8f8,GBP,[],"[{'genreid': '5', 'name': 'Rock'}, {'genreid': '20', 'name': 'Pop'}, {'genreid': '113', 'name': 'Pop Punk'}]",[]
42406427,2259831,False,2259831,False,0,CLUB,Bingo Jamz R&B Mansion Party,0,,,,,"{'id': 49102, 'name': 'Belair House', 'address': 'Belair House, Gallery Road, Dulwich', 'town': 'London', 'postcode_lookup': 'London', 'postcode': 'SE21 7AB', 'region': 'London', 'country': 'GB', 'phone': '0208 299 9788', 'latitude': 51.443284, 'longitude': -0.089418, 'type': 'bar', 'rating': 3, 'reviewCount': 11, 'distance': 7572.064536362347}",https://d31fr2pwly4c4s.cloudfront.net/7/b/3/2259831_efe8e4ed_bingo-jamz-r-b-mansion-party_th.jpg,https://d31fr2pwly4c4s.cloudfront.net/7/b/3/2259831_efe8e4ed_bingo-jamz-r-b-mansion-party.jpg,https://d31fr2pwly4c4s.cloudfront.net/7/b/3/2259831_efe8e4ed_bingo-jamz-r-b-mansion-party_1024.jpg,https://d31fr2pwly4c4s.cloudfront.net/7/b/3/2259831_efe8e4ed_bingo-jamz-r-b-mansion-party_1024.webp,https://www.skiddle.com/whats-on/London/Belair-House/Bingo-Jamz-RB-Mansion-Party/42406427/,2026-07-18,2026-07-18T15:00:00+00:00,2026-07-18T20:00:00+00:00,Bingo Jamz R&B Mansion Party,"{'doorsopen': '15:00', 'doorsclose': '20:00', 'lastentry': '17:00'}",18,,0,0,True,"{'minPrice': 16.5, 'maxPrice': 16.5}",,public,,False,{'enabled': False},#f8f8f8,GBP,[],[],[]
42570954,2299108,False,2299108,False,0,CLUB,Garden Party w/ Reggae Locksmiths (DJ Andy Smith ex Portishead),0,,,,,"{'id': 67616, 'name': 'The Elmhurst', 'address': '131 Lordship Lane', 'town': 'London', 'postcode_lookup': 'London', 'postcode': 'N17 6XE', 'region': 'London', 'country': 'GB', 'phone': '07542782238', 'latitude': 51.598443, 'longitude': -0.075235, 'type': 'bar', 'rating': 5, 'reviewCount': 1, 'distance': 10802.67063489544}",https://d31fr2pwly4c4s.cloudfront.net/d/c/6/2299108_45821236_Garden-Party-w--Reggae-Locksmiths--DJ-Andy-Smith-ex-Portishead-_th.jpg,https://d31fr2pwly4c4s.cloudfront.net/d/c/6/2299108_45821236_Garden-Party-w--Reggae-Locksmiths--DJ-Andy-Smith-ex-Portishead-.jpg,https://d31fr2pwly4c4s.cloudfront.net/d/c/6/2299108_45821236_Garden-Party-w--Reggae-Locksmiths--DJ-Andy-Smith-ex-Portishead-_1024.jpg,https://d31fr2pwly4c4s.cloudfront.net/d/c/6/2299108_45821236_Garden-Party-w--Reggae-Locksmiths--DJ-Andy-Smith-ex-Portishead-_1024.webp,https://www.skiddle.com/whats-on/London/The-Elmhurst/Garden-Party-w-Reggae-Locksmiths-DJ-Andy-Smith-ex-Portishead/42570954/,2026-07-18,2026-07-18T15:00:00+00:00,2026-07-18T22:30:00+00:00,A  free Summer Garden Party featuring The Reggae Locksmiths (DJ Andy Smith - ex-Portishead) & 7Locks ++ / free tickets include 2 for 1 cocktails,"{'doorsopen': '15:00', 'doorsclose': '22:30', 'lastentry': '22:30'}",18,,0,0,True,"{'minPrice': 0, 'maxPrice': 0}",,public,,False,{'enabled': False},#084818,GBP,"[{'artistid': '123471546', 'name': 'DJ Andy Smith', 'image': 'https://d1mdxzfl9p8pzo.cloudfront.net/6/123471546_1_1024.jpg', 'spotifyartisturl': 'spotify:artist:6QfMPocL3mvE92kBkvLhsu'}]","[{'genreid': '41', 'name': 'Ska'}, {'genreid': '43', 'name': 'Soul'}, {'genreid': '68', 'name': 'Reggae'}, {'genreid': '103', 'name': 'Dub'}]",[]
42571112,2299235,False,2299235,False,0,CLUB,"House On The Docks: Wiley, Supa D + 50 Artists",0,,,,,"{'id': 137632, 'name': 'Eutopia Whs', 'address': '42 River Road', 'town': 'Barking', 'postcode_lookup': 'Ilford', 'postcode': 'IG11 0DW', 'region': 'London', 'country': 'GB', 'phone': '', 'latitude': 51.5204397, 'longitude': 0.0963664, 'type': 'Other', 'rating': 0, 'reviewCount': 0, 'distance': 15597.83681988737}",https://d31fr2pwly4c4s.cloudfront.net/b/8/5/2299235_fcb72409_house-on-the-docks-wiley-supa-d-50-artists_th.jpg,https://d31fr2pwly4c4s.cloudfront.net/b/8/5/2299235_fcb72409_house-on-the-docks-wiley-supa-d-50-artists.jpg,https://d31fr2pwly4c4s.cloudfront.net/b/8/5/2299235_fcb72409_house-on-the-docks-wiley-supa-d-50-artists_1024.jpg,https://d31fr2pwly4c4s.cloudfront.net/b/8/5/2299235_fcb72409_house-on-the-docks-wiley-supa-d-50-artists_1024.webp,https://www.skiddle.com/whats-on/Ilford/Eutopia-Whs/House-On-The-Docks-Wiley-Supa-D--50-Artists/42571112/,2026-07-18,2026-07-18T15:00:00+00:00,2026-07-19T23:00:00+00:00,"House On The Docks... Taking place at East London's newest exciting outdoor & indoor event space, Eutopia Warehouse, Barking

2999 Ravers + you!","{'doorsopen': '15:00', 'doorsclose': '23:00', 'lastentry': '20:00'}",18,,0,0,True,"{'minPrice': 24, 'maxPrice': 45}",,public,,False,{'enabled': False},#f8f8f8,GBP,"[{'artistid': '123459214', 'name': 'Wiley', 'image': 'https://d1mdxzfl9p8pzo.cloudfront.net/4/123459214_1_1024.jpg', 'spotifyartisturl': 'spotify:artist:7k9T7lZlHjRAM1bb0r9Rm3'}, {'artistid': '123497936', 'name': 'Ragga Twins', 'image': 'https://d1mdxzfl9p8pzo.cloudfront.net/6/123497936_1_1024.jpg', 'spotifyartisturl': 'spotify:artist:41vebFiEyxaRwT7rNmRLpq'}, {'artistid': '123527116', 'name': 'Dj Supa D', 'image': 'https://d1mdxzfl9p8pzo.cloudfront.net/6/123527116_267.jpg', 'spotifyartisturl': 'spotify:artist:0y84aioPoEjBOzm24Iranq'}, {'artistid': '123547572', 'name': 'MC Shabba D', 'image': 'https://d1mdxzfl9p8pzo.cloudfront.net/2/123547572_1_1024.jpg', 'spotifyartisturl': 'spotify:artist:3mNLI3NXEFH2CoYFDRN2vr'}, {'artistid': '123458363', 'name': 'Grooverider', 'image': 'https://d1mdxzfl9p8pzo.cloudfront.net/3/123458363_267.jpg', 'spotifyartisturl': 'spotify:artist:65g8RO3JqCUTigI7YR3dAw'}, {'artistid': '123573206', 'name': 'CLK', 'image': 'https://d1mdxzfl9p8pzo.cloudfront.net/6/123573206_1_1024.jpg', 'spotifyartisturl': 'spotify:artist:03bcF6YsUKaSx7VNKoA12R'}, {'artistid': '123611948', 'name': 'MFD Entertainment', 'image': 'https://d1mdxzfl9p8pzo.cloudfront.net/8/123611948_22e26b3c_1024.jpg', 'spotifyartisturl': None}, {'artistid': '123573732', 'name': 'Saf MFD', 'image': 'https://d1plawd8huk6hh.cloudfront.net/assets/default400.png', 'spotifyartisturl': None}, {'artistid': '123574238', 'name': 'Dj Petchy', 'image': 'https://d1mdxzfl9p8pzo.cloudfront.net/8/123574238_1_1024.jpg', 'spotifyartisturl': None}, {'artistid': '123574305', 'name': 'MC Spidey G', 'image': 'https://d1mdxzfl9p8pzo.cloudfront.net/5/123574305_1_1024.jpg', 'spotifyartisturl': None}, {'artistid': '123578559', 'name': 'MC Det', 'image': 'https://d1mdxzfl9p8pzo.cloudfront.net/9/123578559_1_1024.jpg', 'spotifyartisturl': 'spotify:artist:0Bs4WZF4Emmh56AX46sXmJ'}, {'artistid': '123579172', 'name': 'Scotti Dee', 'image': 'https://d1mdxzfl9p8pzo.cloudfront.net/2/123579172_1_1024.jpg', 'spotifyartisturl': 'spotify:artist:07UnmA48SWTKJCC5t5ns7W'}, {'artistid': '123585790', 'name': 'MC Gemini', 'image': 'https://d1mdxzfl9p8pzo.cloudfront.net/0/123585790_7888372b_1024.jpg', 'spotifyartisturl': 'spotify:artist:4bCckoRLsq9ebGK9tatogF'}, {'artistid': '123586487', 'name': 'Beezo', 'image': 'https://d1mdxzfl9p8pzo.cloudfront.net/7/123586487_1_1024.jpg', 'spotifyartisturl': 'spotify:artist:1qeER9Xog9cn9LLqQSpCby'}, {'artistid': '123592305', 'name': 'DJ JAYDAA', 'image': 'https://d1mdxzfl9p8pzo.cloudfront.net/5/123592305_105e8b27_1024.jpg', 'spotifyartisturl': None}, {'artistid': '123598169', 'name': 'MAK 10', 'image': 'https://d1mdxzfl9p8pzo.cloudfront.net/9/123598169_df05f422_1024.jpg', 'spotifyartisturl': 'spotify:artist:7b99UWPONneDHPNUmOppM9'}, {'artistid': '123598172', 'name': 'DJ WIGMAN', 'image': 'https://d1mdxzfl9p8pzo.cloudfront.net/2/123598172_93e976be_1024.jpg', 'spotifyartisturl': None}, {'artistid': '123602421', 'name': 'Dreecy mfd', 'image': 'https://d1mdxzfl9p8pzo.cloudfront.net/1/123602421_d2ed64b7_1024.jpg', 'spotifyartisturl': 'spotify:artist:1v2zw6dxOKRUaWV3dRAoC8'}, {'artistid': '123603522', 'name': 'REAL MC FRO', 'image': 'https://d1mdxzfl9p8pzo.cloudfront.net/2/123603522_84736bd2_1024.jpg', 'spotifyartisturl': None}, {'artistid': '123606973', 'name': 'Darkmanzulu', 'image': 'https://d1mdxzfl9p8pzo.cloudfront.net/3/123606973_6f35cbfb_1024.jpg', 'spotifyartisturl': None}, {'artistid': '123609056', 'name': 'Darkman Zulu', 'image': 'https://d1plawd8huk6hh.cloudfront.net/assets/default400.png', 'spotifyartisturl': 'spotify:artist:2M9sJGEpZvPSP0yKkIBv50'}, {'artistid': '123457086', 'name': 'Big Business', 'image': 'https://d1mdxzfl9p8pzo.cloudfront.net/6/123457086_267.jpg', 'spotifyartisturl': 'spotify:artist:5o1BnhK2ziS42PCJMuiGd6'}, {'artistid': '123567860', 'name': 'The Ragga Twins', 'image': 'https://d1plawd8huk6hh.cloudfront.net/assets/default400.png', 'spotifyartisturl': 'spotify:artist:143WEcOXmW9Ar2ULZMALQK'}, {'artistid': '123561898', 'name': 'Funky Dee', 'image': 'https://d1plawd8huk6hh.cloudfront.net/assets/default400.png', 'spotifyartisturl': 'spotify:artist:4hzlCYExpUNcY6r0jFG3Pv'}, {'artistid': '123557679', 'name': 'JAWZY', 'image': 'https://d1plawd8huk6hh.cloudfront.net/assets/default400.png', 'spotifyartisturl': 'spotify:artist:7apXls5x6aj8aaZqz5Q0RI'}, {'artistid': '123557317', 'name': 'Allan Brando', 'image': 'https://d1mdxzfl9p8pzo.cloudfront.net/7/123557317_2_1024.jpg', 'spotifyartisturl': None}, {'artistid': '123555202', 'name': 'Rampage Sound', 'image': 'https://d1mdxzfl9p8pzo.cloudfront.net/2/123555202_2_1024.jpg', 'spotifyartisturl': 'spotify:artist:3m2S9RCMeeeVxF6Z5H9OMi'}, {'artistid': '123554772', 'name': 'DJ Brockie', 'image': 'https://d1mdxzfl9p8pzo.cloudfront.net/2/123554772_1_1024.jpg', 'spotifyartisturl': 'spotify:artist:7BSQlRwokSuRQUeBtS4b59'}, {'artistid': '123547076', 'name': 'DJ Milktray', 'image': 'https://d1mdxzfl9p8pzo.cloudfront.net/6/123547076_1_1024.jpg', 'spotifyartisturl': 'spotify:artist:6jc6rpKJMayXH27ICeXpIy'}, {'artistid': '123540495', 'name': 'Big Business HQ', 'image': 'https://d1mdxzfl9p8pzo.cloudfront.net/5/123540495_1_1024.jpg', 'spotifyartisturl': None}, {'artistid': '123534206', 'name': 'Jumpin Jack Frost', 'image': 'https://d1mdxzfl9p8pzo.cloudfront.net/6/123534206_1_1024.jpg', 'spotifyartisturl': 'spotify:artist:4ATb2sOmVCBIURq5P3Fkn8'}, {'artistid': '123533770', 'name': 'SUPA D', 'image': 'https://d1mdxzfl9p8pzo.cloudfront.net/0/123533770_1_1024.jpg', 'spotifyartisturl': 'spotify:artist:6myLan7KRA7kyr508YSHiV'}, {'artistid': '123528124', 'name': 'Gal Flex', 'image': 'https://d1plawd8huk6hh.cloudfront.net/assets/default400.png', 'spotifyartisturl': None}, {'artistid': '123527988', 'name': 'Shenin Amara', 'image': 'https://d1plawd8huk6hh.cloudfront.net/assets/default400.png', 'spotifyartisturl': 'spotify:artist:7weywzBaVltFXM4ChKbxXJ'}, {'artistid': '123524380', 'name': 'Sir DJ Corey', 'image': 'https://d1mdxzfl9p8pzo.cloudfront.net/0/123524380_1_1024.jpg', 'spotifyartisturl': None}, {'artistid': '123524344', 'name': 'DJ Ace', 'image': 'https://d1mdxzfl9p8pzo.cloudfront.net/4/123524344_2_1024.jpg', 'spotifyartisturl': 'spotify:artist:7tj6AabAWOhGXHgGAggfGg'}, {'artistid': '123524132', 'name': 'DON-E', 'image': 'https://d1mdxzfl9p8pzo.cloudfront.net/2/123524132_267.jpg', 'spotifyartisturl': 'spotify:artist:5oO8FWVbfY83dqWrVrbM6J'}, {'artistid': '123486130', 'name': 'Jumping Jack Frost', 'image': 'https://d1mdxzfl9p8pzo.cloudfront.net/0/123486130_1_1024.jpg', 'spotifyartisturl': 'spotify:artist:3kqd6xEHvPGeKjn3Rhgzzr'}]","[{'genreid': '1', 'name': 'House'}, {'genreid': '4', 'name': 'R&B'}, {'genreid': '8', 'name': 'Drum and Bass'}, {'genreid': '14', 'name': 'Tech House'}, {'genreid': '95', 'name': 'Afrobeat'}]",[]
42477176,2277497,False,2277497,False,0,CLUB,Reggae Bingo | Sutton  SM1 1DJ,0,,,,,"{'id': 136527, 'name': ""Ranger's Bar Lounge And Restaurant"", 'address': '33-35 High street', 'town': 'Sutton', 'postcode_lookup': 'Sutton', 'postcode': 'Sm1 1dj', 'region': 'London', 'country': 'GB', 'phone': '07899309683', 'latitude': 51.3608889, 'longitude': -0.1921675, 'type': 'bar', 'rating': 4, 'reviewCount': 16, 'distance': 16844.7509101932}",https://d31fr2pwly4c4s.cloudfront.net/1/3/3/2277497_a952967f_reggae-bingo-sutton-sm1-1dj_th.jpg,https://d31fr2pwly4c4s.cloudfront.net/1/3/3/2277497_a952967f_reggae-bingo-sutton-sm1-1dj.jpg,https://d31fr2pwly4c4s.cloudfront.net/1/3/3/2277497_a952967f_reggae-bingo-sutton-sm1-1dj_1024.jpg,https://d31fr2pwly4c4s.cloudfront.net/1/3/3/2277497_a952967f_reggae-bingo-sutton-sm1-1dj_1024.webp,https://www.skiddle.com/whats-on/Sutton/Ranger%27s-Bar-Lounge-And-Restaurant/Reggae-Bingo--Sutton--SM1-1DJ/42477176/,2026-07-18,2026-07-18T15:00:00+00:00,2026-07-18T20:00:00+00:00,"Reggae Bingo + Brunch + Games 

Saturday 18th July 

Sutton. SM1 1DJ","{'doorsopen': '15:00', 'doorsclose': '20:00', 'lastentry': ''}",16,,0,0,True,"{'minPrice': 10, 'maxPrice': 44}",,public,,False,{'enabled': False},#080808,GBP,[],"[{'genreid': '24', 'name': 'Dancehall'}, {'genreid': '68', 'name': 'Reggae'}]",[]
42433751,2266888,False,2266888,False,0,CLUB,Sisters Of House Terrace Party,0,,,,,"{'id': 1430, 'name': '93 Feet East', 'address': '150 Brick Lane', 'town': 'London', 'postcode_lookup': 'London', 'postcode': 'E1 6QL', 'region': 'London', 'country': 'GB', 'phone': '020 7770 6006', 'latitude': 51.521452, 'longitude': -0.071711, 'type': 'Nightclub', 'rating': 4, 'reviewCount': 975, 'distance': 4213.609136900858}",https://d1plawd8huk6hh.cloudfront.net/assets/default400.png,https://d1plawd8huk6hh.cloudfront.net/assets/default400.png,https://d1plawd8huk6hh.cloudfront.net/assets/default400.png,False,https://www.skiddle.com/whats-on/London/93-Feet-East/Sisters-Of-House-Terrace-Party/42433751/,2026-07-18,2026-07-18T16:00:00+00:00,2026-07-19T00:00:00+00:00,"Sisters of House - Summer Terrace Party!
Get ready for sun-soaked vibes, uplifting beats, and unforgettable energy as we take over the terrace.","{'doorsopen': '16:00', 'doorsclose': '00:00', 'lastentry': '21:00'}",18,,0,0,True,"{'minPrice': 10, 'maxPrice': 15}",,public,,False,{'enabled': False},#080808,GBP,[],"[{'genreid': '1', 'name': 'House'}, {'genreid': '22', 'name': 'Funky House'}, {'genreid': '57', 'name': 'Disco'}, {'genreid': '108', 'name': 'Soulful House'}]",[]
42426745,2264583,False,2264583,False,0,CLUB,Culture Live Day Party,1,2026-06-26 14:08:37,cancelled,Automatic cancellation: All future dates in the event series have been cancelled,,"{'id': 136969, 'name': 'Club 360', 'address': 'Unit 10, High Cross Centre, Fountayne Road', 'town': 'London', 'postcode_lookup': 'London', 'postcode': 'N15 4QN', 'region': 'London', 'country': 'GB', 'phone': '', 'latitude': 51.5849039, 'longitude': -0.0616506, 'type': 'live', 'rating': 4, 'reviewCount': 32, 'distance': 9802.556743881485}",https://d31fr2pwly4c4s.cloudfront.net/a/8/f/2264583_40ddd2ab_culture-live-day-party_th.jpg,https://d31fr2pwly4c4s.cloudfront.net/a/8/f/2264583_40ddd2ab_culture-live-day-party.jpg,https://d31fr2pwly4c4s.cloudfront.net/a/8/f/2264583_40ddd2ab_culture-live-day-party_1024.jpg,https://d31fr2pwly4c4s.cloudfront.net/a/8/f/2264583_40ddd2ab_culture-live-day-party_1024.webp,https://www.skiddle.com/whats-on/London/Club-360/Culture-Live-Day-Party/42426745/,2026-07-18,2026-07-18T16:00:00+00:00,2026-07-18T23:00:00+00:00,"Culture Live Day Party returns for our 3 year anniversary - and we're celebrating in London
Saturday 18th July at Club 360°","{'doorsopen': '16:00', 'doorsclose': '23:00', 'lastentry': '20:30'}",18,,0,0,False,"{'minPrice': 8, 'maxPrice': 8}",,public,,False,{'enabled': False},#f8f8f8,GBP,[],"[{'genreid': '1', 'name': 'House'}, {'genreid': '4', 'name': 'R&B'}, {'genreid': '39', 'name': 'Hip Hop'}, {'genreid': '68', 'name': 'Reggae'}, {'genreid': '110', 'name': 'Amapiano'}]",[]
42478218,2278065,False,2278065,False,0,CLUB,Unique Rhythm free July  daytime party,0,,,,,"{'id': 9978, 'name': 'Horse And Groom', 'address': '28 Curtain Road', 'town': 'London', 'postcode_lookup': 'London', 'postcode': 'EC2A 3NZ', 'region': 'London', 'country': 'GB', 'phone': '0871 984 1312', 'latitude': 51.522927, 'longitude': -0.080331, 'type': 'bar', 'rating': 4, 'reviewCount': 245, 'distance': 3743.9439459782134}",https://d31fr2pwly4c4s.cloudfront.net/9/6/a/2278065_67517176_Unique-Rhythm-free-July--daytime-party_th.jpg,https://d31fr2pwly4c4s.cloudfront.net/9/6/a/2278065_67517176_Unique-Rhythm-free-July--daytime-party.jpg,https://d31fr2pwly4c4s.cloudfront.net/9/6/a/2278065_67517176_Unique-Rhythm-free-July--daytime-party_1024.jpg,https://d31fr2pwly4c4s.cloudfront.net/9/6/a/2278065_67517176_Unique-Rhythm-free-July--daytime-party_1024.webp,https://www.skiddle.com/whats-on/London/Horse-And-Groom/Unique-Rhythm-free-July--daytime-party/42478218/,2026-07-18,2026-07-18T17:00:00+00:00,2026-07-18T23:00:00+00:00,Unique Rhythm returns Sat  18th July  / free entry / 2 for 1 cocktails with free tickets 5pm to 7pm,"{'doorsopen': '17:00', 'doorsclose': '23:00', 'lastentry': '23:00'}",18,,0,0,True,"{'minPrice': 0, 'maxPrice': 0}",,public,,False,{'enabled': False},#387888,GBP,[],"[{'genreid': '1', 'name': 'House'}, {'genreid': '57', 'name': 'Disco'}, {'genreid': '108', 'name': 'Soulful House'}]",[]
42477144,2277467,False,2277467,False,0,CLUB,house blend After Hours,0,,,,,"{'id': 139835, 'name': 'Encode Hub', 'address': '41 Pitfield Street', 'town': 'London', 'postcode_lookup': 'London', 'postcode': 'N1 6DA', 'region': 'London', 'country': 'GB', 'phone': '', 'latitude': 51.5275865, 'longitude': -0.0837702, 'type': 'bar', 'rating': 0, 'reviewCount': 0, 'distance': 3821.8286580289105}",https://d31fr2pwly4c4s.cloudfront.net/4/b/9/2277467_5a69f8ea_house-blend-after-hours_th.jpg,https://d31fr2pwly4c4s.cloudfront.net/4/b/9/2277467_5a69f8ea_house-blend-after-hours.jpg,https://d31fr2pwly4c4s.cloudfront.net/4/b/9/2277467_5a69f8ea_house-blend-after-hours_1024.jpg,https://d31fr2pwly4c4s.cloudfront.net/4/b/9/2277467_5a69f8ea_house-blend-after-hours_1024.webp,https://www.skiddle.com/whats-on/London/Encode-Hub/house-blend-After-Hours/42477144/,2026-07-18,2026-07-18T17:00:00+00:00,2026-07-18T23:00:00+00:00,"A summer rooftop link-up in London built around good music, good people, and the right energy.","{'doorsopen': '17:00', 'doorsclose': '23:00', 'lastentry': ''}",18,,0,0,True,"{'minPrice': 10, 'maxPrice': 10}",,public,,False,{'enabled': False},#f8e8d8,GBP,[],"[{'genreid': '1', 'name': 'House'}]",[]
42568232,2298142,False,2298142,False,0,CLUB,Sublow Presents UK Tribal Edition,1,2026-07-08 12:57:38,cancelled,Automatic cancellation: All future dates in the event series have been cancelled,,"{'id': 19708, 'name': 'Basing House', 'address': '25 Kingsland Road', 'town': 'London', 'postcode_lookup': 'London', 'postcode': 'E2 8AA', 'region': 'London', 'country': 'GB', 'phone': '020 7688 0339', 'latitude': 51.5289, 'longitude': -0.078002, 'type': 'Nightclub', 'rating': 4, 'reviewCount': 274, 'distance': 4230.643950476438}",https://d31fr2pwly4c4s.cloudfront.net/f/6/9/2298142_f653e766_sublow-presents-uk-tribal-edition_th.jpg,https://d31fr2pwly4c4s.cloudfront.net/f/6/9/2298142_f653e766_sublow-presents-uk-tribal-edition.jpg,https://d31fr2pwly4c4s.cloudfront.net/f/6/9/2298142_f653e766_sublow-presents-uk-tribal-edition_1024.jpg,https://d31fr2pwly4c4s.cloudfront.net/f/6/9/2298142_f653e766_sublow-presents-uk-tribal-edition_1024.webp,https://www.skiddle.com/whats-on/London/Basing-House/Sublow-Presents-UK-Tribal-Edition/42568232/,2026-07-18,2026-07-18T17:00:00+00:00,2026-07-18T21:00:00+00:00,SUBLOW FM presents: UK TRIBAL EDITION - WAR ON THE MIC,"{'doorsopen': '17:00', 'doorsclose': '21:00', 'lastentry': ''}",18,,0,0,False,"{'minPrice': 0, 'maxPrice': 0}",,public,,False,{'enabled': False},#080808,GBP,[],"[{'genreid': '13', 'name': 'Tribal House'}, {'genreid': '78', 'name': 'Bass Music'}]",[]
42567575,2297955,False,2297955,False,0,CLUB,"Ghost of Garage Rooftop Party W/ Mark Hill, Submatic + Many More",0,,,,,"{'id': 135716, 'name': 'Freight Brixton', 'address': '20 Popes Road', 'town': 'London', 'postcode_lookup': 'London', 'postcode': 'SW9 8JH', 'region': 'London', 'country': 'GB', 'phone': '', 'latitude': 51.4629424, 'longitude': -0.1125395, 'type': 'Outdoors', 'rating': 3, 'reviewCount': 75, 'distance': 5014.593932204511}",https://d31fr2pwly4c4s.cloudfront.net/f/c/9/2297955_d9398680_ghost-of-garage-rooftop-party-w-mark-hill-submatic-many-more_th.jpg,https://d31fr2pwly4c4s.cloudfront.net/f/c/9/2297955_d9398680_ghost-of-garage-rooftop-party-w-mark-hill-submatic-many-more.jpg,https://d31fr2pwly4c4s.cloudfront.net/f/c/9/2297955_d9398680_ghost-of-garage-rooftop-party-w-mark-hill-submatic-many-more_1024.jpg,https://d31fr2pwly4c4s.cloudfront.net/f/c/9/2297955_d9398680_ghost-of-garage-rooftop-party-w-mark-hill-submatic-many-more_1024.webp,https://www.skiddle.com/whats-on/London/Freight-Brixton/Ghost-of-Garage-Rooftop-Party-W-Mark-Hill-Submatic--Many-More/42567575/,2026-07-18,2026-07-18T17:00:00+00:00,2026-07-18T23:45:00+00:00,Ghosts of Garage is back on the roof for there third edition joined by some very special guests.,"{'doorsopen': '17:00', 'doorsclose': '23:45', 'lastentry': ''}",18,,0,0,True,"{'minPrice': 0, 'maxPrice': 5}",,public,,False,{'enabled': False},#181818,GBP,"[{'artistid': '123534274', 'name': 'Oxide & Neutrino', 'image': 'https://d1mdxzfl9p8pzo.cloudfront.net/4/123534274_1_1024.jpg', 'spotifyartisturl': 'spotify:artist:0uhNYfjHJyAmHh2xNZ4vqf'}, {'artistid': '123481660', 'name': 'Rich Reason', 'image': 'https://d1mdxzfl9p8pzo.cloudfront.net/0/123481660_1_1024.jpg', 'spotifyartisturl': 'spotify:artist:4yHRrFCaS0jkc5w5lxpxAS'}, {'artistid': '123530762', 'name': 'Chunky', 'image': 'https://d1mdxzfl9p8pzo.cloudfront.net/2/123530762_267.jpg', 'spotifyartisturl': 'spotify:artist:5psGKg0SXUUEUxDHaMCS7r'}, {'artistid': '123542744', 'name': 'Mark Hill', 'image': 'https://d1mdxzfl9p8pzo.cloudfront.net/4/123542744_1_1024.jpg', 'spotifyartisturl': 'spotify:artist:4NiDywykwrSg8jKa9qgj0X'}, {'artistid': '123553705', 'name': 'KAMINO UK', 'image': 'https://d1plawd8huk6hh.cloudfront.net/assets/default400.png', 'spotifyartisturl': None}, {'artistid': '123582069', 'name': 'Danny Rankin', 'image': 'https://d1plawd8huk6hh.cloudfront.net/assets/default400.png', 'spotifyartisturl': None}, {'artistid': '123609979', 'name': 'Submatic', 'image': 'https://d1mdxzfl9p8pzo.cloudfront.net/9/123609979_a2c819e7_1024.jpg', 'spotifyartisturl': None}]","[{'genreid': '3', 'name': 'UK Garage'}]",[]
41775666,2171544,False,2171544,False,0,CLUB,Silent disco boat party London,0,,,,,"{'id': 101956, 'name': 'The Dutchmaster   Tower Millenium Pier', 'address': 'Tower Millennium Pier, Tower Pier', 'town': 'London', 'postcode_lookup': 'London', 'postcode': 'EC3N 4DT', 'region': 'London', 'country': 'GB', 'phone': '', 'latitude': 51.5079187, 'longitude': -0.0783053, 'type': 'Nightclub', 'rating': 4, 'reviewCount': 119, 'distance': 3440.846532674959}",https://d31fr2pwly4c4s.cloudfront.net/a/4/2/2171544_14835613_Silent-disco-boat-party-London_th.jpg,https://d31fr2pwly4c4s.cloudfront.net/a/4/2/2171544_14835613_Silent-disco-boat-party-London.jpg,https://d31fr2pwly4c4s.cloudfront.net/a/4/2/2171544_14835613_Silent-disco-boat-party-London_1024.jpg,https://d31fr2pwly4c4s.cloudfront.net/a/4/2/2171544_14835613_Silent-disco-boat-party-London_1024.webp,https://www.skiddle.com/whats-on/London/The-Dutchmaster---Tower-Millenium-Pier/Silent-disco-boat-party-London/41775666/,2026-07-18,2026-07-18T18:45:00+00:00,2026-07-18T23:00:00+00:00,"Silent disco boat party cruising the river Thames. One of London's most unique experiences, see the epic sights while dancing at our silent disco.","{'doorsopen': '18:45', 'doorsclose': '23:00', 'lastentry': '19:00'}",18,,0,0,True,"{'minPrice': 31, 'maxPrice': 31}",,public,,False,{'enabled': False},#181818,GBP,[],"[{'genreid': '4', 'name': 'R&B'}, {'genreid': '21', 'name': 'Club Classics'}, {'genreid': '30', 'name': 'Cheesy Dance'}, {'genreid': '61', 'name': 'Electronic'}, {'genreid': '107', 'name': 'Pop Rock'}]",[]
42375114,2255954,False,2255954,False,0,CLUB,So Fetch - 2000s Outdoor Summer Party (South Bank),0,,,,,"{'id': 104980, 'name': 'Between The Bridges', 'address': 'Jubilee Gardens, Queens Walk', 'town': 'London', 'postcode_lookup': 'London', 'postcode': 'SE1 8XX', 'region': 'London', 'country': 'GB', 'phone': '', 'latitude': 51.504813, 'longitude': -0.117548, 'type': 'Outdoors', 'rating': 4, 'reviewCount': 64, 'distance': 763.1782870806937}",https://d31fr2pwly4c4s.cloudfront.net/d/f/9/2255954_7ffe0575_so-fetch-2000s-party-on-the-south-bank_th.jpg,https://d31fr2pwly4c4s.cloudfront.net/d/f/9/2255954_7ffe0575_so-fetch-2000s-party-on-the-south-bank.jpg,https://d31fr2pwly4c4s.cloudfront.net/d/f/9/2255954_7ffe0575_so-fetch-2000s-party-on-the-south-bank_1024.jpg,https://d31fr2pwly4c4s.cloudfront.net/d/f/9/2255954_7ffe0575_so-fetch-2000s-party-on-the-south-bank_1024.webp,https://www.skiddle.com/whats-on/London/Between-The-Bridges/So-Fetch---2000s-Outdoor-Summer-Party-South-Bank/42375114/,2026-07-18,2026-07-18T19:00:00+00:00,2026-07-18T23:00:00+00:00,Join us for a night full of 2000s magic under the London Eye! Expect to hear High School Musical/ Britney Spears/ Katy Perry and many more!,"{'doorsopen': '19:00', 'doorsclose': '23:00', 'lastentry': '21:00'}",18,,0,0,True,"{'minPrice': 10, 'maxPrice': 10}",,public,,False,{'enabled': False},#f8c8e8,GBP,[],"[{'genreid': '4', 'name': 'R&B'}, {'genreid': '20', 'name': 'Pop'}]",[]
42514074,2288918,False,2288918,False,0,CLUB,Bass Camp LDN presents: Flowidus @ Rowans Tenpin Bowl,0,,,,,"{'id': 17399, 'name': 'ROWANS TENPIN BOWL', 'address': '10 Stroud Green Road Finsbury Park London N4 2D', 'town': 'LONDON', 'postcode_lookup': 'London', 'postcode': 'N4 2df', 'region': 'London', 'country': 'GB', 'phone': '020 8809 3350', 'latitude': 51.5649228, 'longitude': -0.0970438, 'type': 'live', 'rating': 0, 'reviewCount': 0, 'distance': 6787.291914590397}",https://d31fr2pwly4c4s.cloudfront.net/0/b/b/2288918_70d3f194_bass-camp-ldn-presents-flowidus-rowans-tenpin-bowl_th.jpg,https://d31fr2pwly4c4s.cloudfront.net/0/b/b/2288918_70d3f194_bass-camp-ldn-presents-flowidus-rowans-tenpin-bowl.jpg,https://d31fr2pwly4c4s.cloudfront.net/0/b/b/2288918_70d3f194_bass-camp-ldn-presents-flowidus-rowans-tenpin-bowl_1024.jpg,https://d31fr2pwly4c4s.cloudfront.net/0/b/b/2288918_70d3f194_bass-camp-ldn-presents-flowidus-rowans-tenpin-bowl_1024.webp,https://www.skiddle.com/whats-on/London/ROWANS-TENPIN-BOWL/Bass-Camp-LDN-presents-Flowidus--Rowans-Tenpin-Bowl/42514074/,2026-07-18,2026-07-18T19:00:00+00:00,2026-07-19T00:00:00+00:00,Bass Camp LDN touches down at Rowans Tenpin Bowl in Finsbury Park. Heading up this edition are the unstoppable Flowidus.,"{'doorsopen': '19:00', 'doorsclose': '00:00', 'lastentry': '21:00'}",21,,0,0,True,"{'minPrice': 5, 'maxPrice': 5}",,public,,False,{'enabled': False},#080808,GBP,"[{'artistid': '123606614', 'name': 'Tianna Franxx', 'image': 'https://d1mdxzfl9p8pzo.cloudfront.net/4/123606614_0a5cfc9c_1024.jpg', 'spotifyartisturl': 'spotify:artist:77JUw3dcPXIBU7a4zUV65E'}]","[{'genreid': '8', 'name': 'Drum and Bass'}]",[]
42474284,2276671,False,2276671,False,0,CLUB,RollerDisco,0,,,,,"{'id': 97560, 'name': 'Rollernation ', 'address': ' 117 Bruce Grove ', 'town': 'London', 'postcode_lookup': 'London', 'postcode': 'N17 6UR', 'region': 'London', 'country': 'GB', 'phone': '020 7720 9140', 'latitude': 51.59482, 'longitude': -0.070397, 'type': 'Nightclub', 'rating': 4, 'reviewCount': 3926, 'distance': 10546.149238688688}",https://d31fr2pwly4c4s.cloudfront.net/a/e/1/2276671_62234065_RollerDisco_th.jpg,https://d31fr2pwly4c4s.cloudfront.net/a/e/1/2276671_62234065_RollerDisco.jpg,https://d31fr2pwly4c4s.cloudfront.net/a/e/1/2276671_62234065_RollerDisco_1024.jpg,https://d31fr2pwly4c4s.cloudfront.net/a/e/1/2276671_62234065_RollerDisco_1024.webp,https://www.skiddle.com/whats-on/London/Rollernation-/RollerDisco/42474284/,2026-07-18,2026-07-18T19:00:00+00:00,2026-07-19T01:00:00+00:00,The Big One! Rollernation's flagship event featuring all the classic disco favourites and hits from the 70's/80's and 90's.,"{'doorsopen': '19:00', 'doorsclose': '01:00', 'lastentry': '23:30'}",18,,0,0,True,"{'minPrice': 19.5, 'maxPrice': 19.5}",,public,,False,{'enabled': False},#f8f8f8,GBP,[],"[{'genreid': '57', 'name': 'Disco'}, {'genreid': '62', 'name': '1980s'}, {'genreid': '64', 'name': '1970s'}, {'genreid': '82', 'name': '1990s'}, {'genreid': '102', 'name': 'Disco House'}]",[]
42424508,2264360,False,2264360,False,0,CLUB,Lesbian Speed Dating in London | Age 25-45,0,,,,,"{'id': 137014, 'name': 'Revolve Yotel', 'address': '96-100 Clerkenwell Road', 'town': 'London', 'postcode_lookup': 'London', 'postcode': 'EC1M 5RJ', 'region': 'London', 'country': 'GB', 'phone': '', 'latitude': 51.5226634, 'longitude': -0.1045713, 'type': 'bar', 'rating': 0, 'reviewCount': 0, 'distance': 2379.4607146482963}",https://d31fr2pwly4c4s.cloudfront.net/7/f/e/2264356_50200154_Lesbian-Speed-Dating-in-London---Age-25-45_th.jpg,https://d31fr2pwly4c4s.cloudfront.net/7/f/e/2264356_50200154_Lesbian-Speed-Dating-in-London---Age-25-45.jpg,https://d31fr2pwly4c4s.cloudfront.net/7/f/e/2264356_50200154_Lesbian-Speed-Dating-in-London---Age-25-45_1024.jpg,https://d31fr2pwly4c4s.cloudfront.net/7/f/e/2264356_50200154_Lesbian-Speed-Dating-in-London---Age-25-45_1024.webp,https://www.skiddle.com/whats-on/London/Revolve-Yotel/Lesbian-Speed-Dating-in-London--Age-25-45/42424508/,2026-07-18,2026-07-18T19:30:00+00:00,2026-07-18T21:30:00+00:00,Join us for lesbian speed dating and meet around 15 women. Did we mention a free welcome drink?,"{'doorsopen': '19:30', 'doorsclose': '21:30', 'lastentry': ''}",18,,0,0,True,"{'minPrice': 20, 'maxPrice': 20}",,public,,False,{'enabled': False},,GBP,[],[],[]
41928448,2183945,False,2183945,False,0,CLUB,The ORIGINAL London Boat Party + Food + FREE After Party!,0,,,,,"{'id': 130606, 'name': 'Central London Pier', 'address': 'Central London Pier', 'town': 'Central London', 'postcode_lookup': 'London', 'postcode': 'SE1 8XZ', 'region': 'London', 'country': 'GB', 'phone': '020 3370 0998', 'latitude': 51.5061329, 'longitude': -0.1154449, 'type': 'Other', 'rating': 3, 'reviewCount': 2, 'distance': 874.2751786452068}",https://d31fr2pwly4c4s.cloudfront.net/5/3/b/2183925_81902977_The-ORIGINAL-London-Boat-Party---Food---FREE-After-Party-_th.jpg,https://d31fr2pwly4c4s.cloudfront.net/5/3/b/2183925_81902977_The-ORIGINAL-London-Boat-Party---Food---FREE-After-Party-.jpg,https://d31fr2pwly4c4s.cloudfront.net/5/3/b/2183925_81902977_The-ORIGINAL-London-Boat-Party---Food---FREE-After-Party-_1024.jpg,https://d31fr2pwly4c4s.cloudfront.net/5/3/b/2183925_81902977_The-ORIGINAL-London-Boat-Party---Food---FREE-After-Party-_1024.webp,https://www.skiddle.com/whats-on/London/Central-London-Pier/The-ORIGINAL-London-Boat-Party--Food--FREE-After-Party/41928448/,2026-07-18,2026-07-18T19:45:00+00:00,2026-07-18T23:45:00+00:00,"Join us on the ORIGINAL London Boat Party, iconic to the river Thames London party scene for over 50 years, a great atmosphere is guaranteed!","{'doorsopen': '19:45', 'doorsclose': '23:45', 'lastentry': '20:00'}",18,,0,0,True,"{'minPrice': 33, 'maxPrice': 33}",,public,,False,{'enabled': False},,GBP,[],"[{'genreid': '1', 'name': 'House'}, {'genreid': '19', 'name': 'Old Skool'}, {'genreid': '20', 'name': 'Pop'}, {'genreid': '21', 'name': 'Club Classics'}, {'genreid': '57', 'name': 'Disco'}]",[]
42562478,2296455,False,felJCuoCSB,False,0,CLUB,Shoreditch Pub Crawl - Every Saturday,0,,,,,"{'id': 108068, 'name': 'Shoreditch Balls', 'address': '333 Old Street', 'town': 'London', 'postcode_lookup': 'London', 'postcode': 'EC1V 9LE', 'region': 'London', 'country': 'GB', 'phone': '', 'latitude': 51.5270883, 'longitude': -0.0806566, 'type': 'bar', 'rating': 2, 'reviewCount': 1, 'distance': 3964.9820219271423}",https://d31fr2pwly4c4s.cloudfront.net/2/5/a/2254699_30d59a36_shoreditch-pub-crawl-every-saturday_th.jpg,https://d31fr2pwly4c4s.cloudfront.net/2/5/a/2254699_30d59a36_shoreditch-pub-crawl-every-saturday.jpg,https://d31fr2pwly4c4s.cloudfront.net/2/5/a/2254699_30d59a36_shoreditch-pub-crawl-every-saturday_1024.jpg,https://d31fr2pwly4c4s.cloudfront.net/2/5/a/2254699_30d59a36_shoreditch-pub-crawl-every-saturday_1024.webp,https://www.skiddle.com/whats-on/London/Shoreditch-Balls/Shoreditch-Pub-Crawl---Every-Saturday/42562478/,2026-07-18,2026-07-18T19:45:00+00:00,2026-07-19T01:00:00+00:00,"Shoreditch Pub Crawl starts 7:45pm at Shoreditch Balls. 4 pubs, 1 club, free shots along the way. Student tickets available. Groups can get VIP perks.","{'doorsopen': '19:45', 'doorsclose': '01:00', 'lastentry': '19:45'}",18,,0,0,True,"{'minPrice': 16.5, 'maxPrice': 21.5}",,public,,False,{'enabled': False},,GBP,[],[],[]
42413157,2261550,False,2261550,False,0,CLUB,Poppy Moores iPod takes London,0,,,,,"{'id': 93970, 'name': 'The Ministry', 'address': '79-81 Borough Road', 'town': 'London', 'postcode_lookup': 'London', 'postcode': 'SE1 1DN', 'region': 'London', 'country': 'GB', 'phone': '', 'latitude': 51.4989526, 'longitude': -0.0985584, 'type': 'Other', 'rating': 4, 'reviewCount': 5, 'distance': 2225.639124808362}",https://d31fr2pwly4c4s.cloudfront.net/9/7/8/2261550_26771409_Poppy-Moores-iPod-takes-London_th.jpg,https://d31fr2pwly4c4s.cloudfront.net/9/7/8/2261550_26771409_Poppy-Moores-iPod-takes-London.jpg,https://d31fr2pwly4c4s.cloudfront.net/9/7/8/2261550_26771409_Poppy-Moores-iPod-takes-London_1024.jpg,https://d31fr2pwly4c4s.cloudfront.net/9/7/8/2261550_26771409_Poppy-Moores-iPod-takes-London_1024.webp,https://www.skiddle.com/whats-on/London/The-Ministry/Poppy-Moores-iPod-takes-London/42413157/,2026-07-18,2026-07-18T20:00:00+00:00,2026-07-19T01:00:00+00:00,"We're bringing the sell-out night to you lucky London lot! 

Basic bitch bangers all night long - what else do we need to say","{'doorsopen': '20:00', 'doorsclose': '01:00', 'lastentry': '23:00'}",18,,0,0,True,"{'minPrice': 0, 'maxPrice': 7.5}",,public,,False,{'enabled': False},#c8d8d8,GBP,[],"[{'genreid': '20', 'name': 'Pop'}, {'genreid': '35', 'name': 'Themed'}, {'genreid': '83', 'name': '2000s'}, {'genreid': '120', 'name': '2010s'}]",[]
42562996,2296504,False,foSat83jKI,False,0,CLUB,Popworld Watling Street - Every Saturday,0,,,,,"{'id': 113435, 'name': 'Popworld Watling Street', 'address': '17 Watling Street', 'town': 'London', 'postcode_lookup': 'London', 'postcode': 'EC4M 9BB', 'region': 'London', 'country': 'GB', 'phone': '', 'latitude': 51.5130997, 'longitude': -0.0945379, 'type': 'Nightclub', 'rating': 0, 'reviewCount': 0, 'distance': 2413.0323627776843}",https://d31fr2pwly4c4s.cloudfront.net/7/c/8/2254722_9b3c768d_popworld-watling-street-every-saturday_th.jpg,https://d31fr2pwly4c4s.cloudfront.net/7/c/8/2254722_9b3c768d_popworld-watling-street-every-saturday.jpg,https://d31fr2pwly4c4s.cloudfront.net/7/c/8/2254722_9b3c768d_popworld-watling-street-every-saturday_1024.jpg,https://d31fr2pwly4c4s.cloudfront.net/7/c/8/2254722_9b3c768d_popworld-watling-street-every-saturday_1024.webp,https://www.skiddle.com/whats-on/London/Popworld-Watling-Street/Popworld-Watling-Street---Every-Saturday/42562996/,2026-07-18,2026-07-18T20:00:00+00:00,2026-07-19T04:00:00+00:00,"What The Pop every Saturday at Popworld Watling Street. Pop, Dance and R&B all night with top DJs. Secure your ticket early for entry.","{'doorsopen': '20:00', 'doorsclose': '04:00', 'lastentry': '03:00'}",18,,0,0,True,"{'minPrice': 4.5, 'maxPrice': 6.5}",,public,,False,{'enabled': False},,GBP,[],[],[]
42560650,2296194,False,2296194,False,0,CLUB,The South London Soul Train with Butter Funk Family [Live],0,,,,,"{'id': 74802, 'name': 'Fox And Firkin', 'address': '316 Lewisham High Street', 'town': 'London', 'postcode_lookup': 'London', 'postcode': 'SE13 6JZ', 'region': 'London', 'country': 'GB', 'phone': '', 'latitude': 51.4572096, 'longitude': -0.0140039, 'type': 'bar', 'rating': 4, 'reviewCount': 44, 'distance': 9641.937305507015}",https://d1plawd8huk6hh.cloudfront.net/assets/default400.png,https://d1plawd8huk6hh.cloudfront.net/assets/default400.png,https://d1plawd8huk6hh.cloudfront.net/assets/default400.png,False,https://www.skiddle.com/whats-on/London/Fox-And-Firkin/The-South-London-Soul-Train-with-Butter-Funk-Family-Live/42560650/,2026-07-18,2026-07-18T20:00:00+00:00,2026-07-19T02:00:00+00:00,"We got more ""bounce to the ounce"" and righteous ""funk for your soul"" as The South London Soul Train presents one of LA's best and most exciting bands","{'doorsopen': '20:00', 'doorsclose': '02:00', 'lastentry': '01:00'}",18,,0,0,False,"{'minPrice': 4.5, 'maxPrice': 6.5}",5.00,public,,False,{'enabled': False},,GBP,[],[],[]
42161303,2219469,False,2219469,False,0,CLUB,Piano Works Farringdon Saturday,0,,,,,"{'id': 127489, 'name': 'The Piano Works Farringdon, London, United Kingdom', 'address': '113-117 Farringdon Road, Corner Of Ray Street, London', 'town': 'London', 'postcode_lookup': 'London', 'postcode': 'EC1R 3BX', 'region': 'London', 'country': 'GB', 'phone': '', 'latitude': 51.5228928, 'longitude': -0.1080405, 'type': 'Nightclub', 'rating': 0, 'reviewCount': 0, 'distance': 2242.892361388614}",https://d31fr2pwly4c4s.cloudfront.net/b/6/2/2219449_f370e06c_piano-works-farringdon-saturday_th.jpg,https://d31fr2pwly4c4s.cloudfront.net/b/6/2/2219449_f370e06c_piano-works-farringdon-saturday.jpg,https://d31fr2pwly4c4s.cloudfront.net/b/6/2/2219449_f370e06c_piano-works-farringdon-saturday_1024.jpg,https://d31fr2pwly4c4s.cloudfront.net/b/6/2/2219449_f370e06c_piano-works-farringdon-saturday_1024.webp,https://www.skiddle.com/whats-on/London/The-Piano-Works-Farringdon%2C-London%2C-United-Kingdom/Piano-Works-Farringdon-Saturday/42161303/,2026-07-18,2026-07-18T21:00:00+00:00,2026-07-19T03:00:00+00:00,Live music every Saturday at The Piano Works Farringdon. Request your favourite songs and enjoy nonstop hits all night long in the heart of the city!,"{'doorsopen': '21:00', 'doorsclose': '03:00', 'lastentry': '00:00'}",18,,0,0,True,"{'minPrice': 5, 'maxPrice': 10}",,public,,False,{'enabled': False},,GBP,[],[],[]
42538419,2294294,False,2294294,False,0,CLUB,Bashment Skin Out - Everyone Free Before 12AM,0,,,,,"{'id': 77751, 'name': 'The Lighthouse Bar And Club', 'address': '62 Rivington Street', 'town': 'London', 'postcode_lookup': 'London', 'postcode': 'EC2A 3AY', 'region': 'London', 'country': 'GB', 'phone': '02077393817', 'latitude': 51.5261933, 'longitude': -0.0788466, 'type': 'Nightclub', 'rating': 2, 'reviewCount': 38, 'distance': 4015.327171761518}",https://d31fr2pwly4c4s.cloudfront.net/e/7/8/2294294_3bd42590_bashment-skin-out-everyone-free-before-12am_th.jpg,https://d31fr2pwly4c4s.cloudfront.net/e/7/8/2294294_3bd42590_bashment-skin-out-everyone-free-before-12am.jpg,https://d31fr2pwly4c4s.cloudfront.net/e/7/8/2294294_3bd42590_bashment-skin-out-everyone-free-before-12am_1024.jpg,https://d31fr2pwly4c4s.cloudfront.net/e/7/8/2294294_3bd42590_bashment-skin-out-everyone-free-before-12am_1024.webp,https://www.skiddle.com/whats-on/London/The-Lighthouse-Bar-And-Club/Bashment-Skin-Out---Everyone-Free-Before-12AM/42538419/,2026-07-18,2026-07-18T21:00:00+00:00,2026-07-19T04:00:00+00:00,"Bashment Skin Out Is Finally Back!

Skin Out To Bashment Like You Have Never Heard It Before!","{'doorsopen': '21:00', 'doorsclose': '04:00', 'lastentry': '00:30'}",18,,0,0,True,"{'minPrice': 0, 'maxPrice': 15}",,public,,False,{'enabled': False},#080808,GBP,[],"[{'genreid': '4', 'name': 'R&B'}, {'genreid': '24', 'name': 'Dancehall'}, {'genreid': '39', 'name': 'Hip Hop'}, {'genreid': '95', 'name': 'Afrobeat'}]",[]
42482520,2278856,False,2278856,False,0,CLUB,Non Stop - Pedro P Birthday Celebrations,0,,,,,"{'id': 19708, 'name': 'Basing House', 'address': '25 Kingsland Road', 'town': 'London', 'postcode_lookup': 'London', 'postcode': 'E2 8AA', 'region': 'London', 'country': 'GB', 'phone': '020 7688 0339', 'latitude': 51.5289, 'longitude': -0.078002, 'type': 'Nightclub', 'rating': 4, 'reviewCount': 274, 'distance': 4230.643950476438}",https://d31fr2pwly4c4s.cloudfront.net/d/3/3/2278856_477270c7_non-stop-pedro-p-birthday-celebrations_th.jpg,https://d31fr2pwly4c4s.cloudfront.net/d/3/3/2278856_477270c7_non-stop-pedro-p-birthday-celebrations.jpg,https://d31fr2pwly4c4s.cloudfront.net/d/3/3/2278856_477270c7_non-stop-pedro-p-birthday-celebrations_1024.jpg,https://d31fr2pwly4c4s.cloudfront.net/d/3/3/2278856_477270c7_non-stop-pedro-p-birthday-celebrations_1024.webp,https://www.skiddle.com/whats-on/London/Basing-House/Non-Stop---Pedro-P-Birthday-Celebrations/42482520/,2026-07-18,2026-07-18T21:00:00+00:00,2026-07-19T04:00:00+00:00,"Non Stop is back with another night, of pure musical pleasure, with Birthday Celebrations, as we celebrate Pedro P Birthday.","{'doorsopen': '21:00', 'doorsclose': '04:00', 'lastentry': '03:00'}",25,,0,0,True,"{'minPrice': 0, 'maxPrice': 10}",,public,,False,{'enabled': False},#080808,GBP,[],[],[]
42496119,2283099,False,2283099,False,0,CLUB,Roots 2 Rumble: Stranger Frequencies x Vibez Connection,0,,,,,"{'id': 128955, 'name': 'Four Quarters Peckham', 'address': '187 Rye Lane, London England', 'town': 'Peckham', 'postcode_lookup': 'London', 'postcode': 'SE15 4TP', 'region': 'London', 'country': 'GB', 'phone': '', 'latitude': 51.4680567, 'longitude': -0.066956, 'type': 'Nightclub', 'rating': 4, 'reviewCount': 19, 'distance': 6051.125801533139}",https://d31fr2pwly4c4s.cloudfront.net/7/7/a/2283099_706b4092_roots-2-rumble-stranger-frequencies-x-vibez-connection_th.jpg,https://d31fr2pwly4c4s.cloudfront.net/7/7/a/2283099_706b4092_roots-2-rumble-stranger-frequencies-x-vibez-connection.jpg,https://d31fr2pwly4c4s.cloudfront.net/7/7/a/2283099_706b4092_roots-2-rumble-stranger-frequencies-x-vibez-connection_1024.jpg,https://d31fr2pwly4c4s.cloudfront.net/7/7/a/2283099_706b4092_roots-2-rumble-stranger-frequencies-x-vibez-connection_1024.webp,https://www.skiddle.com/whats-on/London/Four-Quarters-Peckham/Roots-2-Rumble-Stranger-Frequencies-x-Vibez-Connection/42496119/,2026-07-18,2026-07-18T21:00:00+00:00,2026-07-19T03:00:00+00:00,"Stranger Frequencies x Vibez Connection Presents: Roots 2 Rumble at Four Quarters.

When 2 underground promotions collide, roots begin to rumble.","{'doorsopen': '21:00', 'doorsclose': '03:00', 'lastentry': ''}",18,,0,0,True,"{'minPrice': 0, 'maxPrice': 0}",,public,,False,{'enabled': False},#080808,GBP,[],[],[]
42463591,2273645,False,2273645,False,0,CLUB,DJ Raymond at Bridgebar,0,,,,,"{'id': 130015, 'name': 'Bridgebar Beckenham', 'address': '2-4 High Street', 'town': 'Beckenham', 'postcode_lookup': 'Bromley', 'postcode': 'BR3 1AZ', 'region': 'London', 'country': 'GB', 'phone': '', 'latitude': 51.4107734, 'longitude': -0.0251473, 'type': 'Nightclub', 'rating': 3, 'reviewCount': 52, 'distance': 12855.63795363494}",https://d31fr2pwly4c4s.cloudfront.net/3/6/b/2273645_cd997ed0_dj-raymond-at-bridgebar_th.jpg,https://d31fr2pwly4c4s.cloudfront.net/3/6/b/2273645_cd997ed0_dj-raymond-at-bridgebar.jpg,https://d31fr2pwly4c4s.cloudfront.net/3/6/b/2273645_cd997ed0_dj-raymond-at-bridgebar_1024.jpg,https://d31fr2pwly4c4s.cloudfront.net/3/6/b/2273645_cd997ed0_dj-raymond-at-bridgebar_1024.webp,https://www.skiddle.com/whats-on/Bromley/Bridgebar-Beckenham/DJ-Raymond-at-Bridgebar/42463591/,2026-07-18,2026-07-18T21:00:00+00:00,2026-07-19T03:00:00+00:00,Saturday night vibes at Bridgebar featuring special guest DJ Raymond.,"{'doorsopen': '21:00', 'doorsclose': '03:00', 'lastentry': '01:00'}",21,,0,0,True,"{'minPrice': 6, 'maxPrice': 160}",,public,,False,{'enabled': False},#181818,GBP,[],[],[]
42276369,2232979,False,2232979,False,0,CLUB,FRANTIC Lashed after party hosted by Bioshokk celebrating 16 yea,0,,,,,"{'id': 62182, 'name': 'Union Club Vauxhall', 'address': '66 Albert Embankment', 'town': 'London', 'postcode_lookup': 'London', 'postcode': 'SE1 7TP', 'region': 'London', 'country': 'GB', 'phone': '', 'latitude': 51.486987, 'longitude': -0.122899, 'type': 'Nightclub', 'rating': 4, 'reviewCount': 490, 'distance': 2253.1929570118195}",https://d31fr2pwly4c4s.cloudfront.net/d/a/9/2232979_77e539bd_frantic-lashed-after-party-hosted-by-bioshokk-celebrating-16-yea_th.jpg,https://d31fr2pwly4c4s.cloudfront.net/d/a/9/2232979_77e539bd_frantic-lashed-after-party-hosted-by-bioshokk-celebrating-16-yea.jpg,https://d31fr2pwly4c4s.cloudfront.net/d/a/9/2232979_77e539bd_frantic-lashed-after-party-hosted-by-bioshokk-celebrating-16-yea_1024.jpg,https://d31fr2pwly4c4s.cloudfront.net/d/a/9/2232979_77e539bd_frantic-lashed-after-party-hosted-by-bioshokk-celebrating-16-yea_1024.webp,https://www.skiddle.com/whats-on/London/Union-Club-Vauxhall/FRANTIC-Lashed-after-party-hosted-by-Bioshokk-celebrating-16-yea/42276369/,2026-07-18,2026-07-18T22:00:00+00:00,2026-07-19T08:00:00+00:00,"After the massive Frantic event with Lashed at Koko (Camden Palace) 

Bioshokk are hosting the after party at Union Vauxhall","{'doorsopen': '22:00', 'doorsclose': '08:00', 'lastentry': '07:00'}",18,,0,0,True,"{'minPrice': 15, 'maxPrice': 15}",,public,,False,{'enabled': False},#080808,GBP,[],"[{'genreid': '9', 'name': 'Techno'}, {'genreid': '16', 'name': 'Hard House'}, {'genreid': '18', 'name': 'Hardcore/Hardstyle'}]",[]
41979294,2194248,False,2194248,False,0,CLUB,Back To The 90'S & 00'S: Throwback Session,0,,,,,"{'id': 82674, 'name': 'The Scala ', 'address': '275 Pentonville Road', 'town': 'Kings Cross', 'postcode_lookup': 'London', 'postcode': 'N1 9NL', 'region': 'London', 'country': 'GB', 'phone': '0207 833-2022', 'latitude': 51.530686, 'longitude': -0.120667, 'type': 'Nightclub', 'rating': 4, 'reviewCount': 108, 'distance': 2682.1902296437675}",https://d31fr2pwly4c4s.cloudfront.net/9/5/9/2194248_bfaea818_back-to-the-90-s-00-s-throwback-session_th.jpg,https://d31fr2pwly4c4s.cloudfront.net/9/5/9/2194248_bfaea818_back-to-the-90-s-00-s-throwback-session.jpg,https://d31fr2pwly4c4s.cloudfront.net/9/5/9/2194248_bfaea818_back-to-the-90-s-00-s-throwback-session_1024.jpg,https://d31fr2pwly4c4s.cloudfront.net/9/5/9/2194248_bfaea818_back-to-the-90-s-00-s-throwback-session_1024.webp,https://www.skiddle.com/whats-on/London/The-Scala-/Back-To-The-90S--00S-Throwback-Session/41979294/,2026-07-18,2026-07-18T22:00:00+00:00,2026-07-19T05:00:00+00:00,"Milkshake Presents: Back To The 90's & 00's!
London's ORIGINAL Nostalgic Party
Live from the legendary SCALA LONDON","{'doorsopen': '22:00', 'doorsclose': '05:00', 'lastentry': '01:30'}",18,,0,0,True,"{'minPrice': 10, 'maxPrice': 10}",,public,,False,{'enabled': False},#080808,GBP,[],"[{'genreid': '4', 'name': 'R&B'}, {'genreid': '20', 'name': 'Pop'}, {'genreid': '39', 'name': 'Hip Hop'}, {'genreid': '57', 'name': 'Disco'}]",[]
42418777,2263311,False,2263311,False,0,CLUB,Back To The 90's - London's ORIGINAL Throwback Session,0,,,,,"{'id': 1564, 'name': 'Scala', 'address': '275 Pentonville Road, Kings Cross', 'town': 'London', 'postcode_lookup': 'London', 'postcode': 'N1 9NL', 'region': 'London', 'country': 'GB', 'phone': '020 7833 2022', 'latitude': 51.530764, 'longitude': -0.120719, 'type': 'Nightclub', 'rating': 4, 'reviewCount': 803, 'distance': 2690.030844908326}",https://d31fr2pwly4c4s.cloudfront.net/b/4/a/2263311_18053390_Back-To-The-90-s---London-s-ORIGINAL-Throwback-Session_th.jpg,https://d31fr2pwly4c4s.cloudfront.net/b/4/a/2263311_18053390_Back-To-The-90-s---London-s-ORIGINAL-Throwback-Session.jpg,https://d31fr2pwly4c4s.cloudfront.net/b/4/a/2263311_18053390_Back-To-The-90-s---London-s-ORIGINAL-Throwback-Session_1024.jpg,https://d31fr2pwly4c4s.cloudfront.net/b/4/a/2263311_18053390_Back-To-The-90-s---London-s-ORIGINAL-Throwback-Session_1024.webp,https://www.skiddle.com/whats-on/London/Scala/Back-To-The-90s---Londons-ORIGINAL-Throwback-Session/42418777/,2026-07-18,2026-07-18T22:00:00+00:00,2026-07-19T05:00:00+00:00,The Biggest Throwback Party in London!,"{'doorsopen': '22:00', 'doorsclose': '05:00', 'lastentry': '01:30'}",18,,0,0,True,"{'minPrice': 3, 'maxPrice': 15}",,public,,False,{'enabled': False},#281848,GBP,[],"[{'genreid': '82', 'name': '1990s'}, {'genreid': '83', 'name': '2000s'}]",[]
42562223,2296431,False,ulEtiusyMa,False,0,CLUB,Trapeze Shoreditch - Every Saturday,0,,,,,"{'id': 52162, 'name': 'Trapeze Bar', 'address': ' 89 Great Eastern Street, London, EC2A', 'town': 'London', 'postcode_lookup': 'London', 'postcode': 'EC2A 3HX', 'region': 'London', 'country': 'GB', 'phone': '07857 147900', 'latitude': 51.52573, 'longitude': -0.083352, 'type': 'Nightclub', 'rating': 3, 'reviewCount': 55, 'distance': 3725.8852390445504}",https://d31fr2pwly4c4s.cloudfront.net/6/f/b/2254734_dbb01e3f_trapeze-shoreditch-every-saturday_th.jpg,https://d31fr2pwly4c4s.cloudfront.net/6/f/b/2254734_dbb01e3f_trapeze-shoreditch-every-saturday.jpg,https://d31fr2pwly4c4s.cloudfront.net/6/f/b/2254734_dbb01e3f_trapeze-shoreditch-every-saturday_1024.jpg,https://d31fr2pwly4c4s.cloudfront.net/6/f/b/2254734_dbb01e3f_trapeze-shoreditch-every-saturday_1024.webp,https://www.skiddle.com/whats-on/London/Trapeze-Bar/Trapeze-Shoreditch---Every-Saturday/42562223/,2026-07-18,2026-07-18T22:00:00+00:00,2026-07-19T03:30:00+00:00,"Trapeze Saturdays at Shoreditch's iconic party spot. Circus vibes, big energy and nonstop dancing. Secure tickets early!","{'doorsopen': '22:00', 'doorsclose': '03:30', 'lastentry': '02:00'}",18,,0,0,True,"{'minPrice': 4.5, 'maxPrice': 7.5}",,public,,False,{'enabled': False},,GBP,[],[],[]
42579919,2300841,False,2300841,False,0,CLUB,SLOW JAMS in SHOREDITCH - Late Night Slow Jams & RnB Party in Lo,0,,,,,"{'id': 52162, 'name': 'Trapeze Bar', 'address': ' 89 Great Eastern Street, London, EC2A', 'town': 'London', 'postcode_lookup': 'London', 'postcode': 'EC2A 3HX', 'region': 'London', 'country': 'GB', 'phone': '07857 147900', 'latitude': 51.52573, 'longitude': -0.083352, 'type': 'Nightclub', 'rating': 3, 'reviewCount': 55, 'distance': 3725.8852390445504}",https://d31fr2pwly4c4s.cloudfront.net/a/4/a/2300841_b66e061a_slow-jams-in-shoreditch-late-night-slow-jams-rnb-party-in-lo_th.jpg,https://d31fr2pwly4c4s.cloudfront.net/a/4/a/2300841_b66e061a_slow-jams-in-shoreditch-late-night-slow-jams-rnb-party-in-lo.jpg,https://d31fr2pwly4c4s.cloudfront.net/a/4/a/2300841_b66e061a_slow-jams-in-shoreditch-late-night-slow-jams-rnb-party-in-lo_1024.jpg,https://d31fr2pwly4c4s.cloudfront.net/a/4/a/2300841_b66e061a_slow-jams-in-shoreditch-late-night-slow-jams-rnb-party-in-lo_1024.webp,https://www.skiddle.com/whats-on/London/Trapeze-Bar/SLOW-JAMS-in-SHOREDITCH---Late-Night-Slow-Jams--RnB-Party-in-Lo/42579919/,2026-07-18,2026-07-18T22:00:00+00:00,2026-07-19T04:00:00+00:00,The R&B Party in the heart of Shoreditch. We're delivering the sexiest songs for just for you.,"{'doorsopen': '22:00', 'doorsclose': '04:00', 'lastentry': '02:00'}",18,,0,0,True,"{'minPrice': 12.5, 'maxPrice': 12.5}",,public,,False,{'enabled': False},#080808,GBP,[],[],[]
42147497,2215998,False,RhXTojyhHb,False,0,CLUB,Trapeze Big Top Weekends!,0,,,,,"{'id': 52162, 'name': 'Trapeze Bar', 'address': ' 89 Great Eastern Street, London, EC2A', 'town': 'London', 'postcode_lookup': 'London', 'postcode': 'EC2A 3HX', 'region': 'London', 'country': 'GB', 'phone': '07857 147900', 'latitude': 51.52573, 'longitude': -0.083352, 'type': 'Nightclub', 'rating': 3, 'reviewCount': 55, 'distance': 3725.8852390445504}",https://d31fr2pwly4c4s.cloudfront.net/a/a/6/2215956_4667409f_trapeze-big-top-weekends-_th.jpg,https://d31fr2pwly4c4s.cloudfront.net/a/a/6/2215956_4667409f_trapeze-big-top-weekends-.jpg,https://d31fr2pwly4c4s.cloudfront.net/a/a/6/2215956_4667409f_trapeze-big-top-weekends-_1024.jpg,https://d31fr2pwly4c4s.cloudfront.net/a/a/6/2215956_4667409f_trapeze-big-top-weekends-_1024.webp,https://www.skiddle.com/whats-on/London/Trapeze-Bar/Trapeze-Big-Top-Weekends/42147497/,2026-07-18,2026-07-18T22:00:00+00:00,2026-07-19T03:30:00+00:00,Step into the spectacle and party under the big top every weekend at Trapeze - London's ultimate circus-themed playground.,"{'doorsopen': '22:00', 'doorsclose': '03:30', 'lastentry': '02:00'}",18,,0,0,True,"{'minPrice': 5, 'maxPrice': 5}",,public,,False,{'enabled': False},,GBP,[],"[{'genreid': '1', 'name': 'House'}, {'genreid': '4', 'name': 'R&B'}, {'genreid': '39', 'name': 'Hip Hop'}, {'genreid': '82', 'name': '1990s'}, {'genreid': '83', 'name': '2000s'}]",[]
42141948,2214553,False,2214553,False,0,CLUB,Trapeze Saturdays,0,,,,,"{'id': 115608, 'name': 'Trapeze Shoreditch', 'address': '89 Great Eastern St', 'town': 'London', 'postcode_lookup': 'London', 'postcode': 'EC2A 3HX', 'region': 'London', 'country': 'GB', 'phone': '', 'latitude': 51.5257366, 'longitude': -0.0833574, 'type': 'Nightclub', 'rating': 4, 'reviewCount': 2, 'distance': 3725.988928839937}",https://d31fr2pwly4c4s.cloudfront.net/4/9/4/2214532_1f754132_trapeze-saturdays_th.jpg,https://d31fr2pwly4c4s.cloudfront.net/4/9/4/2214532_1f754132_trapeze-saturdays.jpg,https://d31fr2pwly4c4s.cloudfront.net/4/9/4/2214532_1f754132_trapeze-saturdays_1024.jpg,https://d31fr2pwly4c4s.cloudfront.net/4/9/4/2214532_1f754132_trapeze-saturdays_1024.webp,https://www.skiddle.com/whats-on/London/Trapeze-Shoreditch/Trapeze-Saturdays/42141948/,2026-07-18,2026-07-18T22:00:00+00:00,2026-07-19T03:30:00+00:00,"Trapeze Saturdays in Shoreditch deliver immersive vibes, top DJs, happy hour drinks and an unforgettable high energy party experience every weekend.","{'doorsopen': '22:00', 'doorsclose': '03:30', 'lastentry': '01:00'}",18,,0,0,True,"{'minPrice': 5, 'maxPrice': 10}",,public,,False,{'enabled': False},,GBP,[],[],[]
42569286,2298503,False,2298503,False,0,CLUB,Bashment X Afrobeats - Shoreditch Party,0,,,,,"{'id': 77751, 'name': 'The Lighthouse Bar And Club', 'address': '62 Rivington Street', 'town': 'London', 'postcode_lookup': 'London', 'postcode': 'EC2A 3AY', 'region': 'London', 'country': 'GB', 'phone': '02077393817', 'latitude': 51.5261933, 'longitude': -0.0788466, 'type': 'Nightclub', 'rating': 2, 'reviewCount': 38, 'distance': 4015.327171761518}",https://d31fr2pwly4c4s.cloudfront.net/f/3/5/2298503_e7394c3c_bashment-x-afrobeats-shoreditch-party_th.jpg,https://d31fr2pwly4c4s.cloudfront.net/f/3/5/2298503_e7394c3c_bashment-x-afrobeats-shoreditch-party.jpg,https://d31fr2pwly4c4s.cloudfront.net/f/3/5/2298503_e7394c3c_bashment-x-afrobeats-shoreditch-party_1024.jpg,https://d31fr2pwly4c4s.cloudfront.net/f/3/5/2298503_e7394c3c_bashment-x-afrobeats-shoreditch-party_1024.webp,https://www.skiddle.com/whats-on/London/The-Lighthouse-Bar-And-Club/Bashment-X-Afrobeats---Shoreditch-Party/42569286/,2026-07-18,2026-07-18T22:00:00+00:00,2026-07-19T04:00:00+00:00,"Bashment X Afrobeats Shoreditch Party Is Finally Back This July With 


Bashment X Afrobeats Shoreditch Party Like You Have Never","{'doorsopen': '22:00', 'doorsclose': '04:00', 'lastentry': '00:30'}",18,,0,0,True,"{'minPrice': 10, 'maxPrice': 15}",,public,,False,{'enabled': False},#080808,GBP,[],"[{'genreid': '4', 'name': 'R&B'}, {'genreid': '24', 'name': 'Dancehall'}, {'genreid': '39', 'name': 'Hip Hop'}, {'genreid': '95', 'name': 'Afrobeat'}]",[]
42574849,2300170,False,2300170,False,0,CLUB,Soca Carnival - Shoreditch Party - Everyone Free Before 12AM,0,,,,,"{'id': 77751, 'name': 'The Lighthouse Bar And Club', 'address': '62 Rivington Street', 'town': 'London', 'postcode_lookup': 'London', 'postcode': 'EC2A 3AY', 'region': 'London', 'country': 'GB', 'phone': '02077393817', 'latitude': 51.5261933, 'longitude': -0.0788466, 'type': 'Nightclub', 'rating': 2, 'reviewCount': 38, 'distance': 4015.327171761518}",https://d31fr2pwly4c4s.cloudfront.net/3/f/6/2300170_a1d80306_soca-carnival-shoreditch-party-everyone-free-before-12am_th.jpg,https://d31fr2pwly4c4s.cloudfront.net/3/f/6/2300170_a1d80306_soca-carnival-shoreditch-party-everyone-free-before-12am.jpg,https://d31fr2pwly4c4s.cloudfront.net/3/f/6/2300170_a1d80306_soca-carnival-shoreditch-party-everyone-free-before-12am_1024.jpg,https://d31fr2pwly4c4s.cloudfront.net/3/f/6/2300170_a1d80306_soca-carnival-shoreditch-party-everyone-free-before-12am_1024.webp,https://www.skiddle.com/whats-on/London/The-Lighthouse-Bar-And-Club/Soca-Carnival---Shoreditch-Party---Everyone-Free-Before-12AM/42574849/,2026-07-18,2026-07-18T22:00:00+00:00,2026-07-19T04:00:00+00:00,"Soca Carnival - Shoreditch Party Is Finally Back This July With 


Soca Carnival - Shoreditch Party Like You Have Never","{'doorsopen': '22:00', 'doorsclose': '04:00', 'lastentry': '00:30'}",18,,0,0,True,"{'minPrice': 0, 'maxPrice': 15}",,public,,False,{'enabled': False},#080808,GBP,[],"[{'genreid': '4', 'name': 'R&B'}, {'genreid': '24', 'name': 'Dancehall'}, {'genreid': '39', 'name': 'Hip Hop'}, {'genreid': '95', 'name': 'Afrobeat'}]",[]
42587392,2303060,False,2303060,False,0,CLUB,Bashment X Afrobeats - Shoreditch Party - Everyone Free Before 1,0,,,,,"{'id': 77751, 'name': 'The Lighthouse Bar And Club', 'address': '62 Rivington Street', 'town': 'London', 'postcode_lookup': 'London', 'postcode': 'EC2A 3AY', 'region': 'London', 'country': 'GB', 'phone': '02077393817', 'latitude': 51.5261933, 'longitude': -0.0788466, 'type': 'Nightclub', 'rating': 2, 'reviewCount': 38, 'distance': 4015.327171761518}",https://d31fr2pwly4c4s.cloudfront.net/3/6/7/2303060_bd1106c8_bashment-x-afrobeats-shoreditch-party-everyone-free-before-1_th.jpg,https://d31fr2pwly4c4s.cloudfront.net/3/6/7/2303060_bd1106c8_bashment-x-afrobeats-shoreditch-party-everyone-free-before-1.jpg,https://d31fr2pwly4c4s.cloudfront.net/3/6/7/2303060_bd1106c8_bashment-x-afrobeats-shoreditch-party-everyone-free-before-1_1024.jpg,https://d31fr2pwly4c4s.cloudfront.net/3/6/7/2303060_bd1106c8_bashment-x-afrobeats-shoreditch-party-everyone-free-before-1_1024.webp,https://www.skiddle.com/whats-on/London/The-Lighthouse-Bar-And-Club/Bashment-X-Afrobeats---Shoreditch-Party---Everyone-Free-Before-1/42587392/,2026-07-18,2026-07-18T22:00:00+00:00,2026-07-19T04:00:00+00:00,"Bashment X Afrobeats Shoreditch Party Is Finally Back This July With 


Bashment X Afrobeats Shoreditch Party Like You Have Never","{'doorsopen': '22:00', 'doorsclose': '04:00', 'lastentry': '00:30'}",18,,0,0,True,"{'minPrice': 0, 'maxPrice': 15}",,public,,False,{'enabled': False},#080808,GBP,[],"[{'genreid': '4', 'name': 'R&B'}, {'genreid': '24', 'name': 'Dancehall'}, {'genreid': '39', 'name': 'Hip Hop'}, {'genreid': '95', 'name': 'Afrobeat'}]",[]
42541714,2294521,False,2294521,False,0,CLUB,Bashment Playroom - Shoreditch Party,0,,,,,"{'id': 77751, 'name': 'The Lighthouse Bar And Club', 'address': '62 Rivington Street', 'town': 'London', 'postcode_lookup': 'London', 'postcode': 'EC2A 3AY', 'region': 'London', 'country': 'GB', 'phone': '02077393817', 'latitude': 51.5261933, 'longitude': -0.0788466, 'type': 'Nightclub', 'rating': 2, 'reviewCount': 38, 'distance': 4015.327171761518}",https://d31fr2pwly4c4s.cloudfront.net/f/8/0/2294521_4ccedbd2_bashment-playroom-shoreditch-party_th.jpg,https://d31fr2pwly4c4s.cloudfront.net/f/8/0/2294521_4ccedbd2_bashment-playroom-shoreditch-party.jpg,https://d31fr2pwly4c4s.cloudfront.net/f/8/0/2294521_4ccedbd2_bashment-playroom-shoreditch-party_1024.jpg,https://d31fr2pwly4c4s.cloudfront.net/f/8/0/2294521_4ccedbd2_bashment-playroom-shoreditch-party_1024.webp,https://www.skiddle.com/whats-on/London/The-Lighthouse-Bar-And-Club/Bashment-Playroom---Shoreditch-Party/42541714/,2026-07-18,2026-07-18T22:00:00+00:00,2026-07-19T04:00:00+00:00,"Bashment Playroom Is Finally Back !

Bashment Playroom - Shoreditch Party Like You Have Never Heard It Before!","{'doorsopen': '22:00', 'doorsclose': '04:00', 'lastentry': '00:30'}",18,,0,0,True,"{'minPrice': 10, 'maxPrice': 15}",,public,,False,{'enabled': False},#080808,GBP,[],"[{'genreid': '4', 'name': 'R&B'}, {'genreid': '24', 'name': 'Dancehall'}, {'genreid': '39', 'name': 'Hip Hop'}, {'genreid': '95', 'name': 'Afrobeat'}]",[]
42434996,2267235,False,2267235,False,0,CLUB,Grown & Sexy,0,,,,,"{'id': 111775, 'name': 'Brixton Storeys', 'address': '467-469 Brixton Road', 'town': 'London', 'postcode_lookup': 'London', 'postcode': 'SW9 8HH', 'region': 'London', 'country': 'GB', 'phone': '', 'latitude': 51.4615506, 'longitude': -0.1149515, 'type': 'Nightclub', 'rating': 4, 'reviewCount': 170, 'distance': 5133.8873971318635}",https://d31fr2pwly4c4s.cloudfront.net/f/5/1/2267235_85313405_Grown---Sexy_th.jpg,https://d31fr2pwly4c4s.cloudfront.net/f/5/1/2267235_85313405_Grown---Sexy.jpg,https://d31fr2pwly4c4s.cloudfront.net/f/5/1/2267235_85313405_Grown---Sexy_1024.jpg,https://d31fr2pwly4c4s.cloudfront.net/f/5/1/2267235_85313405_Grown---Sexy_1024.webp,https://www.skiddle.com/whats-on/London/Brixton-Storeys/Grown--Sexy/42434996/,2026-07-18,2026-07-18T22:00:00+00:00,2026-07-19T04:00:00+00:00,"This is a gathering of the like minded party elite who want to dress to impress, drink the finest alcohol and socialise in luxurious venues","{'doorsopen': '22:00', 'doorsclose': '04:00', 'lastentry': '01:00'}",25,,0,0,True,"{'minPrice': 10, 'maxPrice': 10}",,public,,False,{'enabled': False},#080808,GBP,[],"[{'genreid': '4', 'name': 'R&B'}, {'genreid': '22', 'name': 'Funky House'}, {'genreid': '24', 'name': 'Dancehall'}, {'genreid': '39', 'name': 'Hip Hop'}, {'genreid': '95', 'name': 'Afrobeat'}]",[]
42403144,2258786,False,2258786,False,0,CLUB,LSB at Venue MOT,0,,,,,"{'id': 91062, 'name': 'Venue MOT', 'address': 'Unit 18, Orion Business Centre, Surrey Canal Rd, ', 'town': 'Lonon', 'postcode_lookup': 'London', 'postcode': 'SE14 5RT', 'region': 'London', 'country': 'GB', 'phone': '', 'latitude': 51.4857657, 'longitude': -0.0472605, 'type': 'Nightclub', 'rating': 4, 'reviewCount': 12, 'distance': 6067.539835604556}",https://d31fr2pwly4c4s.cloudfront.net/3/2/9/2258786_dba5a001_lsb-at-venue-mot_th.jpg,https://d31fr2pwly4c4s.cloudfront.net/3/2/9/2258786_dba5a001_lsb-at-venue-mot.jpg,https://d31fr2pwly4c4s.cloudfront.net/3/2/9/2258786_dba5a001_lsb-at-venue-mot_1024.jpg,https://d31fr2pwly4c4s.cloudfront.net/3/2/9/2258786_dba5a001_lsb-at-venue-mot_1024.webp,https://www.skiddle.com/whats-on/London/Venue-MOT/LSB-at-Venue-MOT/42403144/,2026-07-18,2026-07-18T22:00:00+00:00,2026-07-19T04:00:00+00:00,"A cult figure in the drum & bass & liquid scenes, LSB brings his deeply emotive take on DnB to Venue MOT.","{'doorsopen': '22:00', 'doorsclose': '04:00', 'lastentry': ''}",18,,0,0,True,"{'minPrice': 15, 'maxPrice': 20}",,public,,False,{'enabled': False},#c8c8c8,GBP,"[{'artistid': '123505616', 'name': 'LSB', 'image': 'https://d1mdxzfl9p8pzo.cloudfront.net/6/123505616_267.jpg', 'spotifyartisturl': 'spotify:artist:7M5ogsZnEm96Va8wLKvftN'}]","[{'genreid': '8', 'name': 'Drum and Bass'}]",[]
42138375,2213459,False,2213459,False,0,CLUB,RAZE x Secret Raindance x Delta House - Part 3,0,,,,,"{'id': 137788, 'name': 'Secret East London Location (shhhh!)', 'address': 'Secret', 'town': 'East London', 'postcode_lookup': 'London', 'postcode': 'E3 2SP', 'region': 'London', 'country': 'GB', 'phone': '', 'latitude': 51.5295891, 'longitude': -0.0159737, 'type': 'Other', 'rating': 0, 'reviewCount': 0, 'distance': 8148.216165355306}",https://d31fr2pwly4c4s.cloudfront.net/7/7/8/2213459_052eeeea_raze-x-secret-raindance-x-delta-house-part-3_th.jpg,https://d31fr2pwly4c4s.cloudfront.net/7/7/8/2213459_052eeeea_raze-x-secret-raindance-x-delta-house-part-3.jpg,https://d31fr2pwly4c4s.cloudfront.net/7/7/8/2213459_052eeeea_raze-x-secret-raindance-x-delta-house-part-3_1024.jpg,https://d31fr2pwly4c4s.cloudfront.net/7/7/8/2213459_052eeeea_raze-x-secret-raindance-x-delta-house-part-3_1024.webp,https://www.skiddle.com/whats-on/London/Secret-East-London-Location-%28shhhh%21%29/RAZE-x-Secret-Raindance-x-Delta-House---Part-3/42138375/,2026-07-18,2026-07-18T22:00:00+00:00,2026-07-19T05:00:00+00:00,"Saturday 18th July 2026
All-Nighter 10PM - 5AM
Secret East London Location
Meeting point: TO BE ANNOUNCED ON THE DAY
P.L.U.R","{'doorsopen': '22:00', 'doorsclose': '05:00', 'lastentry': '03:00'}",18,,0,0,True,"{'minPrice': 15, 'maxPrice': 15}",,public,,False,{'enabled': False},#181838,GBP,"[{'artistid': '123574712', 'name': 'Raze', 'image': 'https://d1mdxzfl9p8pzo.cloudfront.net/2/123574712_1_1024.jpg', 'spotifyartisturl': None}, {'artistid': '123604950', 'name': 'Erique Dial', 'image': 'https://d1mdxzfl9p8pzo.cloudfront.net/0/123604950_253f4a72_1024.jpg', 'spotifyartisturl': 'spotify:artist:37m8F79ng02iIGblZsYLMe'}]","[{'genreid': '1', 'name': 'House'}, {'genreid': '15', 'name': 'Acid House'}, {'genreid': '19', 'name': 'Old Skool'}]",[]
42163626,2220280,False,CVqoo0bvZs,False,0,CLUB,Bubbledee: House Music Haven in Hackney Wick at Colour Factory L,0,,,,,"{'id': 69244, 'name': 'Colour Factory', 'address': 'Unit 8A, Queens Yard, White Post Lane', 'town': 'London', 'postcode_lookup': 'London', 'postcode': 'E9 5EN', 'region': 'London', 'country': 'GB', 'phone': '', 'latitude': 51.54317, 'longitude': -0.022863, 'type': 'Nightclub', 'rating': 4, 'reviewCount': 282, 'distance': 8311.532034718344}",https://d31fr2pwly4c4s.cloudfront.net/0/b/0/2179209_57357794_Bubbledee--House-Music-Haven-in-Hackney-Wick-at-Colour-Factory-L_th.jpg,https://d31fr2pwly4c4s.cloudfront.net/0/b/0/2179209_57357794_Bubbledee--House-Music-Haven-in-Hackney-Wick-at-Colour-Factory-L.jpg,https://d31fr2pwly4c4s.cloudfront.net/0/b/0/2179209_57357794_Bubbledee--House-Music-Haven-in-Hackney-Wick-at-Colour-Factory-L_1024.jpg,https://d31fr2pwly4c4s.cloudfront.net/0/b/0/2179209_57357794_Bubbledee--House-Music-Haven-in-Hackney-Wick-at-Colour-Factory-L_1024.webp,https://www.skiddle.com/whats-on/London/Colour-Factory/Bubbledee-House-Music-Haven-in-Hackney-Wick-at-Colour-Factory-L/42163626/,2026-07-18,2026-07-18T22:00:00+00:00,2026-07-19T04:00:00+00:00,Get ready to vibe all night with the best house beats at Bubbledee: House Music Haven in Hackney Wick!,"{'doorsopen': '22:00', 'doorsclose': '04:00', 'lastentry': '02:30'}",18,,0,0,True,"{'minPrice': 13, 'maxPrice': 13}",,public,,False,{'enabled': False},,GBP,[],[],[]
42569254,2298471,False,2298471,False,0,CLUB,Beyond Presents As One in the Dark - As One Official After Party,0,,,,,"{'id': 92132, 'name': 'FIRE Nightclub London', 'address': 'Vauxhall, South Lambeth Road', 'town': 'London', 'postcode_lookup': 'London', 'postcode': 'SW8 1RT', 'region': 'London', 'country': 'GB', 'phone': '', 'latitude': 51.4845608, 'longitude': -0.1237397, 'type': 'Nightclub', 'rating': 3, 'reviewCount': 205, 'distance': 2512.5007022432105}",https://d31fr2pwly4c4s.cloudfront.net/d/7/4/2298471_84e5a544_as-one-in-the-dark-as-one-official-after-party-by-beyond_th.jpg,https://d31fr2pwly4c4s.cloudfront.net/d/7/4/2298471_84e5a544_as-one-in-the-dark-as-one-official-after-party-by-beyond.jpg,https://d31fr2pwly4c4s.cloudfront.net/d/7/4/2298471_84e5a544_as-one-in-the-dark-as-one-official-after-party-by-beyond_1024.jpg,https://d31fr2pwly4c4s.cloudfront.net/d/7/4/2298471_84e5a544_as-one-in-the-dark-as-one-official-after-party-by-beyond_1024.webp,https://www.skiddle.com/whats-on/London/FIRE-Nightclub-London/Beyond-Presents-As-One-in-the-Dark---As-One-Official-After-Party/42569254/,2026-07-18,2026-07-18T22:30:00+00:00,2026-07-19T11:00:00+00:00,Join us for As One Official After Party for Anne Louise B2B Filipe Guerra UK Debut Set!,"{'doorsopen': '22:30', 'doorsclose': '11:00', 'lastentry': ''}",18,,0,0,True,"{'minPrice': 5, 'maxPrice': 10}",,public,,False,{'enabled': False},#080808,GBP,[],"[{'genreid': '1', 'name': 'House'}, {'genreid': '13', 'name': 'Tribal House'}, {'genreid': '20', 'name': 'Pop'}, {'genreid': '119', 'name': 'LGBTQ+'}]",[]
42517715,2289996,False,2289996,False,0,CLUB,VIVA Pop / R&B / Club Hits,0,,,,,"{'id': 115976, 'name': 'Lightbox London,', 'address': '6 South Lambeth Place', 'town': 'London', 'postcode_lookup': 'London', 'postcode': 'SW8 1SP', 'region': 'London', 'country': 'GB', 'phone': '', 'latitude': 51.485189, 'longitude': -0.1236522, 'type': 'Nightclub', 'rating': 3, 'reviewCount': 743, 'distance': 2443.880420246338}",https://d31fr2pwly4c4s.cloudfront.net/5/c/c/2289996_54a3e595_viva-pop-r-b-club-hits_th.jpg,https://d31fr2pwly4c4s.cloudfront.net/5/c/c/2289996_54a3e595_viva-pop-r-b-club-hits.jpg,https://d31fr2pwly4c4s.cloudfront.net/5/c/c/2289996_54a3e595_viva-pop-r-b-club-hits_1024.jpg,https://d31fr2pwly4c4s.cloudfront.net/5/c/c/2289996_54a3e595_viva-pop-r-b-club-hits_1024.webp,https://www.skiddle.com/whats-on/London/Lightbox-London%2C/VIVA-Pop--RB--Club-Hits/42517715/,2026-07-18,2026-07-18T23:00:00+00:00,2026-07-19T05:00:00+00:00,"Ready for the ULTIMATE Saturday vibes? 3 rooms of epic music, arcade games, cocktails in the garden & street food! Your weekend just got better!","{'doorsopen': '23:00', 'doorsclose': '05:00', 'lastentry': '03:00'}",18,,0,0,True,"{'minPrice': 0, 'maxPrice': 150}",,public,,False,{'enabled': False},#080808,GBP,[],"[{'genreid': '4', 'name': 'R&B'}, {'genreid': '20', 'name': 'Pop'}, {'genreid': '45', 'name': 'Funk'}, {'genreid': '50', 'name': 'Latin'}]",[]
42517719,2289998,False,2289998,False,0,CLUB,VIVA Baile,0,,,,,"{'id': 115976, 'name': 'Lightbox London,', 'address': '6 South Lambeth Place', 'town': 'London', 'postcode_lookup': 'London', 'postcode': 'SW8 1SP', 'region': 'London', 'country': 'GB', 'phone': '', 'latitude': 51.485189, 'longitude': -0.1236522, 'type': 'Nightclub', 'rating': 3, 'reviewCount': 743, 'distance': 2443.880420246338}",https://d31fr2pwly4c4s.cloudfront.net/6/8/b/2289998_f94cc4a7_viva-baile_th.jpg,https://d31fr2pwly4c4s.cloudfront.net/6/8/b/2289998_f94cc4a7_viva-baile.jpg,https://d31fr2pwly4c4s.cloudfront.net/6/8/b/2289998_f94cc4a7_viva-baile_1024.jpg,https://d31fr2pwly4c4s.cloudfront.net/6/8/b/2289998_f94cc4a7_viva-baile_1024.webp,https://www.skiddle.com/whats-on/London/Lightbox-London%2C/VIVA-Baile/42517719/,2026-07-18,2026-07-18T23:00:00+00:00,2026-07-19T05:00:00+00:00,"Ready for the ULTIMATE Saturday vibes? 3 rooms of epic music, arcade games, cocktails in the garden & street food! Your weekend just got better!","{'doorsopen': '23:00', 'doorsclose': '05:00', 'lastentry': '03:00'}",18,,0,0,True,"{'minPrice': 0, 'maxPrice': 150}",,public,,False,{'enabled': False},#080808,GBP,[],"[{'genreid': '4', 'name': 'R&B'}, {'genreid': '20', 'name': 'Pop'}, {'genreid': '45', 'name': 'Funk'}, {'genreid': '50', 'name': 'Latin'}]",[]
42517712,2289993,False,2289993,False,0,CLUB,VIVA Reggaeton,0,,,,,"{'id': 11510, 'name': 'Lightbox', 'address': '6a South Lambeth Place', 'town': 'London', 'postcode_lookup': 'London', 'postcode': 'SW8 1SP', 'region': 'London', 'country': 'GB', 'phone': '020 3242 0040', 'latitude': 51.484892, 'longitude': -0.123725, 'type': 'Nightclub', 'rating': 3, 'reviewCount': 1003, 'distance': 2476.0517854364734}",https://d31fr2pwly4c4s.cloudfront.net/c/0/6/2289993_25badf46_viva-reggaeton_th.jpg,https://d31fr2pwly4c4s.cloudfront.net/c/0/6/2289993_25badf46_viva-reggaeton.jpg,https://d31fr2pwly4c4s.cloudfront.net/c/0/6/2289993_25badf46_viva-reggaeton_1024.jpg,https://d31fr2pwly4c4s.cloudfront.net/c/0/6/2289993_25badf46_viva-reggaeton_1024.webp,https://www.skiddle.com/whats-on/London/Lightbox/VIVA-Reggaeton/42517712/,2026-07-18,2026-07-18T23:00:00+00:00,2026-07-19T05:00:00+00:00,"Ready for the ULTIMATE Saturday vibes? 3 rooms of epic music, arcade games, cocktails in the garden & street food! Your weekend just got better!","{'doorsopen': '23:00', 'doorsclose': '05:00', 'lastentry': '03:00'}",18,,0,0,True,"{'minPrice': 0, 'maxPrice': 150}",,public,,False,{'enabled': False},#080808,GBP,[],"[{'genreid': '4', 'name': 'R&B'}, {'genreid': '20', 'name': 'Pop'}, {'genreid': '45', 'name': 'Funk'}, {'genreid': '50', 'name': 'Latin'}]",[]
42526649,2290534,False,2290534,False,0,CLUB,Naacho XXXL - INDI AFRO NIGHT,0,,,,,"{'id': 131756, 'name': 'Ma1   The Bunker', 'address': '221 City Road', 'town': 'London', 'postcode_lookup': 'London', 'postcode': 'EC1V 1JN', 'region': 'London', 'country': 'GB', 'phone': '', 'latitude': 51.5283556, 'longitude': -0.0915635, 'type': 'Nightclub', 'rating': 0, 'reviewCount': 0, 'distance': 3463.409354127713}",https://d31fr2pwly4c4s.cloudfront.net/4/9/1/2290534_822c03de_naacho-xxxl-indi-afro-night_th.jpg,https://d31fr2pwly4c4s.cloudfront.net/4/9/1/2290534_822c03de_naacho-xxxl-indi-afro-night.jpg,https://d31fr2pwly4c4s.cloudfront.net/4/9/1/2290534_822c03de_naacho-xxxl-indi-afro-night_1024.jpg,https://d31fr2pwly4c4s.cloudfront.net/4/9/1/2290534_822c03de_naacho-xxxl-indi-afro-night_1024.webp,https://www.skiddle.com/whats-on/London/Ma1---The-Bunker/Naacho-XXXL---INDI-AFRO-NIGHT/42526649/,2026-07-18,2026-07-18T23:00:00+00:00,2026-07-19T04:00:00+00:00,"ALL ARE WELCOME! Big Energy - Afro Beats, Bollywood, Hip-Hop, Club Anthems & late-night energy at MA1 Bunker - Love, Lust, Drinks & Dance until 4 AM!","{'doorsopen': '23:00', 'doorsclose': '04:00', 'lastentry': '03:30'}",18,,0,0,True,"{'minPrice': 18, 'maxPrice': 22}",,public,,False,{'enabled': False},#080808,GBP,[],"[{'genreid': '39', 'name': 'Hip Hop'}, {'genreid': '66', 'name': 'African'}, {'genreid': '92', 'name': 'Bollywood'}, {'genreid': '95', 'name': 'Afrobeat'}, {'genreid': '119', 'name': 'LGBTQ+'}]",[]
42564125,2296901,False,2296901,False,0,CLUB,"Jasper James, Dunmore Brothers, Rob Drake & Another George",0,,,,,"{'id': 18253, 'name': 'XOYO', 'address': '32-37 Cowper Street', 'town': 'London', 'postcode_lookup': 'London', 'postcode': 'EC2A 4AP', 'region': 'London', 'country': 'GB', 'phone': '0207 6082 878', 'latitude': 51.525452, 'longitude': -0.085632, 'type': 'Nightclub', 'rating': 4, 'reviewCount': 1480, 'distance': 3578.346090351316}",https://d31fr2pwly4c4s.cloudfront.net/d/f/0/2296901_433e018c_jasper-james-dunmore-brothers-rob-drake-another-george_th.jpg,https://d31fr2pwly4c4s.cloudfront.net/d/f/0/2296901_433e018c_jasper-james-dunmore-brothers-rob-drake-another-george.jpg,https://d31fr2pwly4c4s.cloudfront.net/d/f/0/2296901_433e018c_jasper-james-dunmore-brothers-rob-drake-another-george_1024.jpg,https://d31fr2pwly4c4s.cloudfront.net/d/f/0/2296901_433e018c_jasper-james-dunmore-brothers-rob-drake-another-george_1024.webp,https://www.skiddle.com/whats-on/London/XOYO/Jasper-James-Dunmore-Brothers-Rob-Drake--Another-George/42564125/,2026-07-18,2026-07-18T23:00:00+00:00,2026-07-19T05:00:00+00:00,"We're bringing you a disco-house fuelled evening, welcoming Jasper James, Dunmore Brothers, Rob Drake & Another George!","{'doorsopen': '23:00', 'doorsclose': '05:00', 'lastentry': ''}",18,,0,0,True,"{'minPrice': 10, 'maxPrice': 38}",,public,,False,{'enabled': False},#181818,GBP,"[{'artistid': '123523486', 'name': 'Jasper James', 'image': 'https://d1mdxzfl9p8pzo.cloudfront.net/6/123523486_1_267.jpg', 'spotifyartisturl': 'spotify:artist:0bOR78IANHTrHwd0kezriG'}, {'artistid': '123584750', 'name': 'Dunmore Brothers', 'image': 'https://d1mdxzfl9p8pzo.cloudfront.net/0/123584750_1_1024.jpg', 'spotifyartisturl': 'spotify:artist:66IBwwjqDnQ18LFOtA687W'}]","[{'genreid': '1', 'name': 'House'}, {'genreid': '57', 'name': 'Disco'}, {'genreid': '61', 'name': 'Electronic'}, {'genreid': '102', 'name': 'Disco House'}]",[]
42589025,2303629,False,2303629,False,0,CLUB,House on the Docks Festival Afterparty,0,,,,,"{'id': 602, 'name': 'Egg London', 'address': '5-13 Vale Royal, London', 'town': 'London', 'postcode_lookup': 'London', 'postcode': 'N7 9AP', 'region': 'London', 'country': 'GB', 'phone': '020 7018 3656', 'latitude': 51.541896, 'longitude': -0.124525, 'type': 'Nightclub', 'rating': 3, 'reviewCount': 1795, 'distance': 3887.7002987587825}",https://d1plawd8huk6hh.cloudfront.net/assets/default400.png,https://d1plawd8huk6hh.cloudfront.net/assets/default400.png,https://d1plawd8huk6hh.cloudfront.net/assets/default400.png,False,https://www.skiddle.com/whats-on/London/Egg-London/House-on-the-Docks-Festival-Afterparty/42589025/,2026-07-18,2026-07-18T23:00:00+00:00,2026-07-19T07:00:00+00:00,Official House on the Docks after party,"{'doorsopen': '23:00', 'doorsclose': '07:00', 'lastentry': '05:30'}",18,,0,0,True,"{'minPrice': 10, 'maxPrice': 20}",,public,,False,{'enabled': False},#080808,GBP,"[{'artistid': '123527116', 'name': 'Dj Supa D', 'image': 'https://d1mdxzfl9p8pzo.cloudfront.net/6/123527116_267.jpg', 'spotifyartisturl': 'spotify:artist:0y84aioPoEjBOzm24Iranq'}, {'artistid': '123499688', 'name': 'DJ Vibes', 'image': 'https://d1mdxzfl9p8pzo.cloudfront.net/8/123499688_267.jpg', 'spotifyartisturl': 'spotify:artist:09bQNwhkUJFithFurjJcZ5'}, {'artistid': '123527988', 'name': 'Shenin Amara', 'image': 'https://d1plawd8huk6hh.cloudfront.net/assets/default400.png', 'spotifyartisturl': 'spotify:artist:7weywzBaVltFXM4ChKbxXJ'}, {'artistid': '123533770', 'name': 'SUPA D', 'image': 'https://d1mdxzfl9p8pzo.cloudfront.net/0/123533770_1_1024.jpg', 'spotifyartisturl': 'spotify:artist:6myLan7KRA7kyr508YSHiV'}, {'artistid': '123574305', 'name': 'MC Spidey G', 'image': 'https://d1mdxzfl9p8pzo.cloudfront.net/5/123574305_1_1024.jpg', 'spotifyartisturl': None}, {'artistid': '123579017', 'name': 'Loyal Squad', 'image': 'https://d1plawd8huk6hh.cloudfront.net/assets/default400.png', 'spotifyartisturl': None}, {'artistid': '123579147', 'name': 'DJ Larni', 'image': 'https://d1mdxzfl9p8pzo.cloudfront.net/7/123579147_1_1024.jpg', 'spotifyartisturl': 'spotify:artist:3cnVXezQLnaMs6USJ5mQmd'}, {'artistid': '123586487', 'name': 'Beezo', 'image': 'https://d1mdxzfl9p8pzo.cloudfront.net/7/123586487_1_1024.jpg', 'spotifyartisturl': 'spotify:artist:1qeER9Xog9cn9LLqQSpCby'}, {'artistid': '123598172', 'name': 'DJ WIGMAN', 'image': 'https://d1mdxzfl9p8pzo.cloudfront.net/2/123598172_93e976be_1024.jpg', 'spotifyartisturl': None}, {'artistid': '123603521', 'name': 'European 305', 'image': 'https://d1mdxzfl9p8pzo.cloudfront.net/1/123603521_702ea10b_1024.jpg', 'spotifyartisturl': 'spotify:artist:1UB3q4Ly1A7pOno5OMLENU'}, {'artistid': '123603522', 'name': 'REAL MC FRO', 'image': 'https://d1mdxzfl9p8pzo.cloudfront.net/2/123603522_84736bd2_1024.jpg', 'spotifyartisturl': None}]","[{'genreid': '1', 'name': 'House'}, {'genreid': '4', 'name': 'R&B'}, {'genreid': '10', 'name': 'Deep House'}, {'genreid': '14', 'name': 'Tech House'}, {'genreid': '95', 'name': 'Afrobeat'}]",[]
41942379,2186018,False,t5mdh02U9X,False,0,CLUB,Lifestyle Saturdays,0,,,,,"{'id': 115894, 'name': 'CQ Lounge', 'address': '9 Warspite Road', 'town': 'London', 'postcode_lookup': 'London', 'postcode': 'SE18 5NU', 'region': 'London', 'country': 'GB', 'phone': '', 'latitude': 51.4943349, 'longitude': 0.0451715, 'type': 'Nightclub', 'rating': 0, 'reviewCount': 0, 'distance': 12069.289845743213}",https://d31fr2pwly4c4s.cloudfront.net/6/b/e/2185990_c723b0f5_lifestyle-saturdays_th.jpg,https://d31fr2pwly4c4s.cloudfront.net/6/b/e/2185990_c723b0f5_lifestyle-saturdays.jpg,https://d31fr2pwly4c4s.cloudfront.net/6/b/e/2185990_c723b0f5_lifestyle-saturdays_1024.jpg,https://d31fr2pwly4c4s.cloudfront.net/6/b/e/2185990_c723b0f5_lifestyle-saturdays_1024.webp,https://www.skiddle.com/whats-on/London/CQ-Lounge/Lifestyle-Saturdays/41942379/,2026-07-18,2026-07-18T23:00:00+00:00,2026-07-19T05:00:00+00:00,"Get ready for a night of fun and relaxation at CQ LOUNGE!
Come join us every Saturday at 11:00 PM (Europe/London Time) for LIFESTYLE SATURDAYS.","{'doorsopen': '23:00', 'doorsclose': '05:00', 'lastentry': '03:00'}",18,,0,0,True,"{'minPrice': 0, 'maxPrice': 10}",,public,,False,{'enabled': False},,GBP,[],"[{'genreid': '4', 'name': 'R&B'}, {'genreid': '22', 'name': 'Funky House'}, {'genreid': '39', 'name': 'Hip Hop'}, {'genreid': '95', 'name': 'Afrobeat'}, {'genreid': '110', 'name': 'Amapiano'}]",[]
42561707,2296379,False,l6fKGiXbIt,False,0,CLUB,Arcade Nights Every Sunday @ NQ64 Shoreditch,0,,,,,"{'id': 124865, 'name': 'NQ64 Shoreditch', 'address': '256-260 Old Street', 'town': 'London', 'postcode_lookup': 'London', 'postcode': 'EC1V 9DD', 'region': 'London', 'country': 'GB', 'phone': '', 'latitude': 51.5261005, 'longitude': -0.0852294, 'type': 'bar', 'rating': 3, 'reviewCount': 1, 'distance': 3642.754230220698}",https://d31fr2pwly4c4s.cloudfront.net/e/6/3/2254770_1239b946_arcade-nights-every-sunday-nq64-shoreditch_th.jpg,https://d31fr2pwly4c4s.cloudfront.net/e/6/3/2254770_1239b946_arcade-nights-every-sunday-nq64-shoreditch.jpg,https://d31fr2pwly4c4s.cloudfront.net/e/6/3/2254770_1239b946_arcade-nights-every-sunday-nq64-shoreditch_1024.jpg,https://d31fr2pwly4c4s.cloudfront.net/e/6/3/2254770_1239b946_arcade-nights-every-sunday-nq64-shoreditch_1024.webp,https://www.skiddle.com/whats-on/London/NQ64-Shoreditch/Arcade-Nights-Every-Sunday--NQ64-Shoreditch/42561707/,2026-07-19,2026-07-19T12:00:00+00:00,2026-07-20T02:00:00+00:00,"Arcade Night at NQ64 every Sunday
5 game tokens plus drinks from £3.50
50+ arcade games in an underground bar ","{'doorsopen': '12:00', 'doorsclose': '02:00', 'lastentry': '01:00'}",18,,0,0,True,"{'minPrice': 6.5, 'maxPrice': 8.5}",,public,,False,{'enabled': False},,GBP,[],[],[]
42517273,2289797,False,2289797,False,0,CLUB,Above,0,,,,,"{'id': 88818, 'name': 'Jin Bo Law', 'address': '9 Aldgate High Street', 'town': 'London', 'postcode_lookup': 'London', 'postcode': 'EC3N 1AH', 'region': 'London', 'country': 'GB', 'phone': '020 3947 2582', 'latitude': 51.5143423, 'longitude': -0.0756269, 'type': 'bar', 'rating': 4, 'reviewCount': 4, 'distance': 3715.255173821451}",https://d31fr2pwly4c4s.cloudfront.net/c/8/c/2289797_33865190_above_th.jpg,https://d31fr2pwly4c4s.cloudfront.net/c/8/c/2289797_33865190_above.jpg,https://d31fr2pwly4c4s.cloudfront.net/c/8/c/2289797_33865190_above_1024.jpg,https://d31fr2pwly4c4s.cloudfront.net/c/8/c/2289797_33865190_above_1024.webp,https://www.skiddle.com/whats-on/London/Jin-Bo-Law/Above/42517273/,2026-07-19,2026-07-19T14:00:00+00:00,2026-07-19T23:00:00+00:00,"After building a following in Dubai, ABOVE makes its London debut on 19/7/26 at the stunning rooftop venue Jin Bo Law Skybar in the heart of London.","{'doorsopen': '14:00', 'doorsclose': '23:00', 'lastentry': '20:00'}",21,,0,0,True,"{'minPrice': 20, 'maxPrice': 30}",,public,,False,{'enabled': False},#084888,GBP,"[{'artistid': '123545020', 'name': 'Masterstepz', 'image': 'https://d1mdxzfl9p8pzo.cloudfront.net/0/123545020_1024.jpg', 'spotifyartisturl': 'spotify:artist:0PzA7Rpt21GZplV4FosHe7'}]","[{'genreid': '1', 'name': 'House'}, {'genreid': '3', 'name': 'UK Garage'}]",[]
41653678,2164873,False,2164873,False,0,CLUB,DJ Pioneer's VIP Gala,0,,,,,"{'id': 65286, 'name': 'Meridian Grand', 'address': ' Advent Way', 'town': 'London', 'postcode_lookup': 'London', 'postcode': 'N18 3AF', 'region': 'London', 'country': 'GB', 'phone': '020 3700 2727', 'latitude': 51.612259, 'longitude': -0.043272, 'type': 'Other', 'rating': 0, 'reviewCount': 0, 'distance': 13088.062483540432}",https://d31fr2pwly4c4s.cloudfront.net/7/2/0/2164873_5e8fdf06_dj-pioneer-s-vip-gala_th.jpg,https://d31fr2pwly4c4s.cloudfront.net/7/2/0/2164873_5e8fdf06_dj-pioneer-s-vip-gala.jpg,https://d31fr2pwly4c4s.cloudfront.net/7/2/0/2164873_5e8fdf06_dj-pioneer-s-vip-gala_1024.jpg,https://d31fr2pwly4c4s.cloudfront.net/7/2/0/2164873_5e8fdf06_dj-pioneer-s-vip-gala_1024.webp,https://www.skiddle.com/whats-on/London/Meridian-Grand/DJ-Pioneers-VIP-Gala/41653678/,2026-07-19,2026-07-19T15:00:00+00:00,2026-07-19T23:00:00+00:00,"We celebrate 27 Years of DJ Pioneer with an exclusive Black Tie Affair

Suits, Dresses and Shoes only!","{'doorsopen': '15:00', 'doorsclose': '23:00', 'lastentry': '19:00'}",21,,0,0,True,"{'minPrice': 10, 'maxPrice': 1200}",,public,,False,{'enabled': False},#080808,GBP,"[{'artistid': '123527116', 'name': 'Dj Supa D', 'image': 'https://d1mdxzfl9p8pzo.cloudfront.net/6/123527116_267.jpg', 'spotifyartisturl': 'spotify:artist:0y84aioPoEjBOzm24Iranq'}, {'artistid': '123500472', 'name': 'DJ Pioneer', 'image': 'https://d1mdxzfl9p8pzo.cloudfront.net/2/123500472_267.jpg', 'spotifyartisturl': 'spotify:artist:1xReU0l2uJ5gyEwlL1XK0r'}, {'artistid': '123574305', 'name': 'MC Spidey G', 'image': 'https://d1mdxzfl9p8pzo.cloudfront.net/5/123574305_1_1024.jpg', 'spotifyartisturl': None}, {'artistid': '123580049', 'name': 'MC RANKING', 'image': 'https://d1plawd8huk6hh.cloudfront.net/assets/default400.png', 'spotifyartisturl': None}, {'artistid': '123592463', 'name': 'coldsteps', 'image': 'https://d1mdxzfl9p8pzo.cloudfront.net/3/123592463_be10eca1_1024.jpg', 'spotifyartisturl': 'spotify:artist:2DvNjaB0etIr6RXsA1pyme'}]","[{'genreid': '3', 'name': 'UK Garage'}, {'genreid': '4', 'name': 'R&B'}, {'genreid': '22', 'name': 'Funky House'}, {'genreid': '24', 'name': 'Dancehall'}, {'genreid': '108', 'name': 'Soulful House'}]",[]
42534107,2293846,False,2293846,False,0,CLUB,AMAPIANOLAND - Summer Amapiano & Afrobeats Day Party,0,,,,,"{'id': 109726, 'name': 'LDN EAST', 'address': '30 Bidder St', 'town': 'Canning Town', 'postcode_lookup': 'London', 'postcode': 'E16 4SH', 'region': 'London', 'country': 'GB', 'phone': '', 'latitude': 51.5190133, 'longitude': 0.0037307, 'type': 'Nightclub', 'rating': 4, 'reviewCount': 1078, 'distance': 9213.217964289111}",https://d31fr2pwly4c4s.cloudfront.net/4/9/2/2293846_83908104_AMAPIANOLAND---Summer-Amapiano---Afrobeats-Day-Party_th.jpg,https://d31fr2pwly4c4s.cloudfront.net/4/9/2/2293846_83908104_AMAPIANOLAND---Summer-Amapiano---Afrobeats-Day-Party.jpg,https://d31fr2pwly4c4s.cloudfront.net/4/9/2/2293846_83908104_AMAPIANOLAND---Summer-Amapiano---Afrobeats-Day-Party_1024.jpg,https://d31fr2pwly4c4s.cloudfront.net/4/9/2/2293846_83908104_AMAPIANOLAND---Summer-Amapiano---Afrobeats-Day-Party_1024.webp,https://www.skiddle.com/whats-on/London/LDN-EAST/AMAPIANOLAND---Summer-Amapiano--Afrobeats-Day-Party/42534107/,2026-07-19,2026-07-19T16:00:00+00:00,2026-07-19T22:00:00+00:00,AMAPIANOLAND - Summer Amapiano & Afrobeats Day Party,"{'doorsopen': '16:00', 'doorsclose': '22:00', 'lastentry': '19:00'}",18,,0,0,True,"{'minPrice': 15, 'maxPrice': 20}",,public,,False,{'enabled': False},#080808,GBP,[],"[{'genreid': '66', 'name': 'African'}, {'genreid': '95', 'name': 'Afrobeat'}, {'genreid': '110', 'name': 'Amapiano'}]",[]
42439431,2269210,False,2269210,False,0,CLUB,RNBLAND - London's Biggest Summer RNB DAY PARTY,0,,,,,"{'id': 38150, 'name': 'Studio 338', 'address': '338 Boord Street', 'town': 'Greenwich', 'postcode_lookup': 'London', 'postcode': 'SE10 0PF', 'region': 'London', 'country': 'GB', 'phone': '0333 444 4338', 'latitude': 51.495343, 'longitude': 0.004709, 'type': 'Nightclub', 'rating': 3, 'reviewCount': 2824, 'distance': 9276.952484984062}",https://d31fr2pwly4c4s.cloudfront.net/7/4/a/2269210_31426cde_rnbland-london-s-biggest-summer-rnb-day-party_th.jpg,https://d31fr2pwly4c4s.cloudfront.net/7/4/a/2269210_31426cde_rnbland-london-s-biggest-summer-rnb-day-party.jpg,https://d31fr2pwly4c4s.cloudfront.net/7/4/a/2269210_31426cde_rnbland-london-s-biggest-summer-rnb-day-party_1024.jpg,https://d31fr2pwly4c4s.cloudfront.net/7/4/a/2269210_31426cde_rnbland-london-s-biggest-summer-rnb-day-party_1024.webp,https://www.skiddle.com/whats-on/London/Studio-338/RNBLAND---Londons-Biggest-Summer-RNB-DAY-PARTY/42439431/,2026-07-19,2026-07-19T16:00:00+00:00,2026-07-19T22:00:00+00:00,"RnB Land is here, and we’re bringing you the sweet sounds of RnB","{'doorsopen': '16:00', 'doorsclose': '22:00', 'lastentry': '20:00'}",18,,0,0,True,"{'minPrice': 20, 'maxPrice': 20}",,public,,False,{'enabled': False},#080808,GBP,[],"[{'genreid': '24', 'name': 'Dancehall'}, {'genreid': '39', 'name': 'Hip Hop'}, {'genreid': '95', 'name': 'Afrobeat'}]",[]
42496124,2283104,False,2283104,False,0,CLUB,RNB LAND - Summer RnB & Slow Jams Day Party (2000+ Ravers),0,,,,,"{'id': 38150, 'name': 'Studio 338', 'address': '338 Boord Street', 'town': 'Greenwich', 'postcode_lookup': 'London', 'postcode': 'SE10 0PF', 'region': 'London', 'country': 'GB', 'phone': '0333 444 4338', 'latitude': 51.495343, 'longitude': 0.004709, 'type': 'Nightclub', 'rating': 3, 'reviewCount': 2824, 'distance': 9276.952484984062}",https://d31fr2pwly4c4s.cloudfront.net/b/2/5/2283104_77118713_RNB-LAND---Summer-RnB---Slow-Jams-Day-Party--2000--Ravers-_th.jpg,https://d31fr2pwly4c4s.cloudfront.net/b/2/5/2283104_77118713_RNB-LAND---Summer-RnB---Slow-Jams-Day-Party--2000--Ravers-.jpg,https://d31fr2pwly4c4s.cloudfront.net/b/2/5/2283104_77118713_RNB-LAND---Summer-RnB---Slow-Jams-Day-Party--2000--Ravers-_1024.jpg,https://d31fr2pwly4c4s.cloudfront.net/b/2/5/2283104_77118713_RNB-LAND---Summer-RnB---Slow-Jams-Day-Party--2000--Ravers-_1024.webp,https://www.skiddle.com/whats-on/London/Studio-338/RNB-LAND---Summer-RnB--Slow-Jams-Day-Party-2000-Ravers/42496124/,2026-07-19,2026-07-19T16:00:00+00:00,2026-07-19T22:00:00+00:00,Get ready for London's Hottest RnB & Slow Jams Day Party Experience! - 2000+ RnB Lovers,"{'doorsopen': '16:00', 'doorsclose': '22:00', 'lastentry': '19:00'}",18,,0,0,True,"{'minPrice': 10, 'maxPrice': 30}",,public,,False,{'enabled': False},#e8e8f8,GBP,[],"[{'genreid': '4', 'name': 'R&B'}, {'genreid': '21', 'name': 'Club Classics'}, {'genreid': '43', 'name': 'Soul'}, {'genreid': '82', 'name': '1990s'}, {'genreid': '83', 'name': '2000s'}]",[]
42292647,2236230,False,2236230,False,0,CLUB,Roll Out Party by Run It Up Events,1,2026-07-07 16:48:22,cancelled,Automatic cancellation: All future dates in the event series have been cancelled,,"{'id': 97560, 'name': 'Rollernation ', 'address': ' 117 Bruce Grove ', 'town': 'London', 'postcode_lookup': 'London', 'postcode': 'N17 6UR', 'region': 'London', 'country': 'GB', 'phone': '020 7720 9140', 'latitude': 51.59482, 'longitude': -0.070397, 'type': 'Nightclub', 'rating': 4, 'reviewCount': 3926, 'distance': 10546.149238688688}",https://d31fr2pwly4c4s.cloudfront.net/9/2/5/2236230_bc8b292e_roll-out-party-by-run-it-up-events_th.jpg,https://d31fr2pwly4c4s.cloudfront.net/9/2/5/2236230_bc8b292e_roll-out-party-by-run-it-up-events.jpg,https://d31fr2pwly4c4s.cloudfront.net/9/2/5/2236230_bc8b292e_roll-out-party-by-run-it-up-events_1024.jpg,https://d31fr2pwly4c4s.cloudfront.net/9/2/5/2236230_bc8b292e_roll-out-party-by-run-it-up-events_1024.webp,https://www.skiddle.com/whats-on/London/Rollernation-/Roll-Out-Party-by-Run-It-Up-Events/42292647/,2026-07-19,2026-07-19T19:00:00+00:00,2026-07-20T01:00:00+00:00,Where roller skating culture meets grown-party energy.,"{'doorsopen': '19:00', 'doorsclose': '01:00', 'lastentry': '00:00'}",21,,0,0,False,"{'minPrice': 15, 'maxPrice': 17}",,public,,False,{'enabled': False},#180828,GBP,[],"[{'genreid': '4', 'name': 'R&B'}]",[]
42561450,2296354,False,8kx3QNqnp8,False,0,CLUB,Central London Pub Crawl - Every Sunday,0,,,,,"{'id': 131898, 'name': 'The Munster Tavern', 'address': '18 Bear St', 'town': 'London', 'postcode_lookup': 'London', 'postcode': 'WC2H 7AX', 'region': 'London', 'country': 'GB', 'phone': '', 'latitude': 51.5109327, 'longitude': -0.1294377, 'type': 'bar', 'rating': 0, 'reviewCount': 0, 'distance': 448.470883132744}",https://d1plawd8huk6hh.cloudfront.net/assets/default400.png,https://d1plawd8huk6hh.cloudfront.net/assets/default400.png,https://d1plawd8huk6hh.cloudfront.net/assets/default400.png,False,https://www.skiddle.com/whats-on/London/The-Munster-Tavern/Central-London-Pub-Crawl---Every-Sunday/42561450/,2026-07-19,2026-07-19T19:45:00+00:00,2026-07-20T02:00:00+00:00,Join us every Sunday for our Central London Pub Crawl!,"{'doorsopen': '19:45', 'doorsclose': '02:00', 'lastentry': '19:45'}",18,,0,0,True,"{'minPrice': 16.5, 'maxPrice': 23.5}",,public,,False,{'enabled': False},,GBP,[],[],[]
42492260,2282524,False,sOMpaMPW7I,False,0,CLUB,Arcade Nights Every Monday @ NQ64 Shoreditch,0,,,,,"{'id': 81758, 'name': 'The Shoreditch Bar', 'address': '144-145 Shoreditch High Street', 'town': 'London', 'postcode_lookup': 'London', 'postcode': 'E1 6JE', 'region': 'London', 'country': 'GB', 'phone': '', 'latitude': 51.525829, 'longitude': -0.078012, 'type': 'bar', 'rating': 3, 'reviewCount': 2, 'distance': 4043.2489341682344}",https://d1plawd8huk6hh.cloudfront.net/assets/default400.png,https://d1plawd8huk6hh.cloudfront.net/assets/default400.png,https://d1plawd8huk6hh.cloudfront.net/assets/default400.png,False,https://www.skiddle.com/whats-on/London/The-Shoreditch-Bar/Arcade-Nights-Every-Monday--NQ64-Shoreditch/42492260/,2026-07-20,2026-07-20T15:00:00+00:00,2026-07-21T02:00:00+00:00,"Arcade Night at NQ64 every Monday
5 game tokens plus drinks from £3.50
50+ arcade games in an underground bar","{'doorsopen': '15:00', 'doorsclose': '02:00', 'lastentry': '01:00'}",18,,0,0,True,"{'minPrice': 6.5, 'maxPrice': 8.5}",,public,,False,{'enabled': False},,GBP,[],[],[]
42492402,2282533,False,pRNYcreGLE,False,0,CLUB,Soho Sessions @ Zebranos Every Monday,0,,,,,"{'id': 8132, 'name': 'Zebrano Soho', 'address': '18 Greek Street, Soho', 'town': 'London', 'postcode_lookup': 'London', 'postcode': 'W1D 4DS', 'region': 'London', 'country': 'GB', 'phone': '02072875267', 'latitude': 51.5140173, 'longitude': -0.1305949, 'type': 'bar', 'rating': 2, 'reviewCount': 8, 'distance': 800.6871225298354}",https://d31fr2pwly4c4s.cloudfront.net/b/e/a/2249246_b8a8ed9b_soho-sessions-zebranos-every-monday_th.jpg,https://d31fr2pwly4c4s.cloudfront.net/b/e/a/2249246_b8a8ed9b_soho-sessions-zebranos-every-monday.jpg,https://d31fr2pwly4c4s.cloudfront.net/b/e/a/2249246_b8a8ed9b_soho-sessions-zebranos-every-monday_1024.jpg,https://d31fr2pwly4c4s.cloudfront.net/b/e/a/2249246_b8a8ed9b_soho-sessions-zebranos-every-monday_1024.webp,https://www.skiddle.com/whats-on/London/Zebrano-Soho/Soho-Sessions--Zebranos-Every-Monday/42492402/,2026-07-20,2026-07-20T22:00:00+00:00,2026-07-21T03:00:00+00:00,"Zebrano Soho Monday night party
Student tickets, drinks from £5
DJs all night, cocktails flowing, central Soho crowd and late-night energy","{'doorsopen': '22:00', 'doorsclose': '03:00', 'lastentry': '02:00'}",18,,0,0,True,"{'minPrice': 5.5, 'maxPrice': 7.5}",,public,,False,{'enabled': False},,GBP,[],[],[]
42334853,2245306,False,2245306,False,0,CLUB,MOTION Every Monday @ XOYO,0,,,,,"{'id': 18253, 'name': 'XOYO', 'address': '32-37 Cowper Street', 'town': 'London', 'postcode_lookup': 'London', 'postcode': 'EC2A 4AP', 'region': 'London', 'country': 'GB', 'phone': '0207 6082 878', 'latitude': 51.525452, 'longitude': -0.085632, 'type': 'Nightclub', 'rating': 4, 'reviewCount': 1480, 'distance': 3578.346090351316}",https://d31fr2pwly4c4s.cloudfront.net/7/f/4/2245306_d65aee50_motion-every-monday-xoyo_th.jpg,https://d31fr2pwly4c4s.cloudfront.net/7/f/4/2245306_d65aee50_motion-every-monday-xoyo.jpg,https://d31fr2pwly4c4s.cloudfront.net/7/f/4/2245306_d65aee50_motion-every-monday-xoyo_1024.jpg,https://d31fr2pwly4c4s.cloudfront.net/7/f/4/2245306_d65aee50_motion-every-monday-xoyo_1024.webp,https://www.skiddle.com/whats-on/London/XOYO/MOTION-Every-Monday--XOYO/42334853/,2026-07-20,2026-07-20T23:00:00+00:00,2026-07-21T03:00:00+00:00,London's Biggest Monday Night.,"{'doorsopen': '23:00', 'doorsclose': '03:00', 'lastentry': '02:00'}",18,,0,0,True,"{'minPrice': 5, 'maxPrice': 8}",,public,,False,{'enabled': False},#080808,GBP,[],"[{'genreid': '36', 'name': 'Rap'}, {'genreid': '39', 'name': 'Hip Hop'}, {'genreid': '95', 'name': 'Afrobeat'}, {'genreid': '101', 'name': 'Trap'}]",[]
42492686,2282551,False,j3dHQqzcaG,False,0,CLUB,Arcade Nights Every Tuesday @ NQ64 Shoreditch,0,,,,,"{'id': 124865, 'name': 'NQ64 Shoreditch', 'address': '256-260 Old Street', 'town': 'London', 'postcode_lookup': 'London', 'postcode': 'EC1V 9DD', 'region': 'London', 'country': 'GB', 'phone': '', 'latitude': 51.5261005, 'longitude': -0.0852294, 'type': 'bar', 'rating': 3, 'reviewCount': 1, 'distance': 3642.754230220698}",https://d31fr2pwly4c4s.cloudfront.net/3/b/0/2249279_9225fa7e_arcade-nights-every-tuesday-nq64-shoreditch_th.jpg,https://d31fr2pwly4c4s.cloudfront.net/3/b/0/2249279_9225fa7e_arcade-nights-every-tuesday-nq64-shoreditch.jpg,https://d31fr2pwly4c4s.cloudfront.net/3/b/0/2249279_9225fa7e_arcade-nights-every-tuesday-nq64-shoreditch_1024.jpg,https://d31fr2pwly4c4s.cloudfront.net/3/b/0/2249279_9225fa7e_arcade-nights-every-tuesday-nq64-shoreditch_1024.webp,https://www.skiddle.com/whats-on/London/NQ64-Shoreditch/Arcade-Nights-Every-Tuesday--NQ64-Shoreditch/42492686/,2026-07-21,2026-07-21T15:00:00+00:00,2026-07-22T02:00:00+00:00,"Arcade Night at NQ64 every Monday
5 game tokens plus drinks from £3.50
50+ arcade games in an underground bar","{'doorsopen': '15:00', 'doorsclose': '02:00', 'lastentry': '01:00'}",18,,0,0,True,"{'minPrice': 6.5, 'maxPrice': 8.5}",,public,,False,{'enabled': False},,GBP,[],[],[]
42492544,2282542,False,xiSD6uMoC7,False,0,CLUB,Central London Pub Crawl - Every Tuesday,0,,,,,"{'id': 66338, 'name': 'Zoo Bar And Club', 'address': '13-17 Bear Street', 'town': 'Leicester Square', 'postcode_lookup': 'London', 'postcode': 'WC2H 7AQ', 'region': 'London', 'country': 'GB', 'phone': '', 'latitude': 51.5105358, 'longitude': -0.1295907, 'type': 'Nightclub', 'rating': 2, 'reviewCount': 4, 'distance': 408.2855001046106}",https://d31fr2pwly4c4s.cloudfront.net/0/9/4/2249265_5097c32b_central-london-pub-crawl-every-tuesday_th.jpg,https://d31fr2pwly4c4s.cloudfront.net/0/9/4/2249265_5097c32b_central-london-pub-crawl-every-tuesday.jpg,https://d31fr2pwly4c4s.cloudfront.net/0/9/4/2249265_5097c32b_central-london-pub-crawl-every-tuesday_1024.jpg,https://d31fr2pwly4c4s.cloudfront.net/0/9/4/2249265_5097c32b_central-london-pub-crawl-every-tuesday_1024.webp,https://www.skiddle.com/whats-on/London/Zoo-Bar-And-Club/Central-London-Pub-Crawl---Every-Tuesday/42492544/,2026-07-21,2026-07-21T19:45:00+00:00,2026-07-22T01:00:00+00:00,"Start at Zoo Bar 7:45pm
Visit top Central London pubs and bars
Free shots along the way, student tickets available all night","{'doorsopen': '19:45', 'doorsclose': '01:00', 'lastentry': '19:45'}",18,,0,0,True,"{'minPrice': 16.5, 'maxPrice': 23.5}",,public,,False,{'enabled': False},,GBP,[],[],[]
42469319,2274595,False,D8LJHEr8gB,False,0,CLUB,Soho Sessions @ Zebranos Every Tuesday,0,,,,,"{'id': 8132, 'name': 'Zebrano Soho', 'address': '18 Greek Street, Soho', 'town': 'London', 'postcode_lookup': 'London', 'postcode': 'W1D 4DS', 'region': 'London', 'country': 'GB', 'phone': '02072875267', 'latitude': 51.5140173, 'longitude': -0.1305949, 'type': 'bar', 'rating': 2, 'reviewCount': 8, 'distance': 800.6871225298354}",https://d31fr2pwly4c4s.cloudfront.net/6/9/6/2249292_f74bb59c_soho-sessions-zebranos-every-tuesday_th.jpg,https://d31fr2pwly4c4s.cloudfront.net/6/9/6/2249292_f74bb59c_soho-sessions-zebranos-every-tuesday.jpg,https://d31fr2pwly4c4s.cloudfront.net/6/9/6/2249292_f74bb59c_soho-sessions-zebranos-every-tuesday_1024.jpg,https://d31fr2pwly4c4s.cloudfront.net/6/9/6/2249292_f74bb59c_soho-sessions-zebranos-every-tuesday_1024.webp,https://www.skiddle.com/whats-on/London/Zebrano-Soho/Soho-Sessions--Zebranos-Every-Tuesday/42469319/,2026-07-21,2026-07-21T22:00:00+00:00,2026-07-22T03:00:00+00:00,"Zebrano Soho Tuesday night party
Student tickets, drinks from £5
DJs all night, cocktails flowing, central Soho crowd and late-night energy","{'doorsopen': '22:00', 'doorsclose': '03:00', 'lastentry': '02:00'}",18,,0,0,True,"{'minPrice': 5.5, 'maxPrice': 7.5}",,public,,False,{'enabled': False},,GBP,[],[],[]
42165440,2220549,False,2220549,False,0,CLUB,The Roxy every Tuesday,0,,,,,"{'id': 124914, 'name': 'The Roxy, London', 'address': '3-5 Rathbone Place', 'town': 'London', 'postcode_lookup': 'London', 'postcode': 'W1T 1HJ', 'region': 'London', 'country': 'GB', 'phone': '', 'latitude': 51.5166448, 'longitude': -0.1330285, 'type': 'Nightclub', 'rating': 4, 'reviewCount': 8, 'distance': 1127.4955857495231}",https://d31fr2pwly4c4s.cloudfront.net/9/2/e/2220529_a290f8d0_the-roxy-every-tuesday_th.jpg,https://d31fr2pwly4c4s.cloudfront.net/9/2/e/2220529_a290f8d0_the-roxy-every-tuesday.jpg,https://d31fr2pwly4c4s.cloudfront.net/9/2/e/2220529_a290f8d0_the-roxy-every-tuesday_1024.jpg,https://d31fr2pwly4c4s.cloudfront.net/9/2/e/2220529_a290f8d0_the-roxy-every-tuesday_1024.webp,https://www.skiddle.com/whats-on/London/The-Roxy%2C-London/The-Roxy-every-Tuesday/42165440/,2026-07-21,2026-07-21T22:00:00+00:00,2026-07-22T03:00:00+00:00,Ultimate throwback Tuesdays at The Roxy with classic anthems and today's hits all night plus exclusive drink deals and nonstop energy.,"{'doorsopen': '22:00', 'doorsclose': '03:00', 'lastentry': '01:00'}",18,,0,0,True,"{'minPrice': 6, 'maxPrice': 6}",,public,,False,{'enabled': False},,GBP,[],[],[]
42483855,2279487,False,2279487,False,0,CLUB,"Milkshake, Ministry of Sound | London's Biggest Student Night",0,,,,,"{'id': 281, 'name': 'Ministry Of Sound', 'address': '103 Gaunt Street', 'town': 'London', 'postcode_lookup': 'London', 'postcode': 'SE1 6DP', 'region': 'London', 'country': 'GB', 'phone': '020 7740 8600', 'latitude': 51.497796, 'longitude': -0.099469, 'type': 'Nightclub', 'rating': 4, 'reviewCount': 2775, 'distance': 2224.2678258381493}",https://d31fr2pwly4c4s.cloudfront.net/7/7/1/2279487_83665752_Milkshake--Ministry-of-Sound---London-s-Biggest-Student-Night_th.jpg,https://d31fr2pwly4c4s.cloudfront.net/7/7/1/2279487_83665752_Milkshake--Ministry-of-Sound---London-s-Biggest-Student-Night.jpg,https://d31fr2pwly4c4s.cloudfront.net/7/7/1/2279487_83665752_Milkshake--Ministry-of-Sound---London-s-Biggest-Student-Night_1024.jpg,https://d31fr2pwly4c4s.cloudfront.net/7/7/1/2279487_83665752_Milkshake--Ministry-of-Sound---London-s-Biggest-Student-Night_1024.webp,https://www.skiddle.com/whats-on/London/Ministry-Of-Sound/Milkshake-Ministry-of-Sound--Londons-Biggest-Student-Night/42483855/,2026-07-21,2026-07-21T22:00:00+00:00,2026-07-22T04:00:00+00:00,"Milkshake, London's Biggest Student Night 
Running 22 (now) F*cking Years Strong, Since 2002
Tuesday July 21st","{'doorsopen': '22:00', 'doorsclose': '04:00', 'lastentry': '02:00'}",18,,0,0,True,"{'minPrice': 5, 'maxPrice': 15}",,public,,False,{'enabled': False},#180808,GBP,[],[],[]
42468875,2274558,False,6QVFHAKEzP,False,0,CLUB,Crazy Wednesday @ Zebranos Every Wednesday,0,,,,,"{'id': 8132, 'name': 'Zebrano Soho', 'address': '18 Greek Street, Soho', 'town': 'London', 'postcode_lookup': 'London', 'postcode': 'W1D 4DS', 'region': 'London', 'country': 'GB', 'phone': '02072875267', 'latitude': 51.5140173, 'longitude': -0.1305949, 'type': 'bar', 'rating': 2, 'reviewCount': 8, 'distance': 800.6871225298354}",https://d31fr2pwly4c4s.cloudfront.net/0/4/8/2249309_5eacf2de_crazy-wednesday-zebranos-every-wednesday_th.jpg,https://d31fr2pwly4c4s.cloudfront.net/0/4/8/2249309_5eacf2de_crazy-wednesday-zebranos-every-wednesday.jpg,https://d31fr2pwly4c4s.cloudfront.net/0/4/8/2249309_5eacf2de_crazy-wednesday-zebranos-every-wednesday_1024.jpg,https://d31fr2pwly4c4s.cloudfront.net/0/4/8/2249309_5eacf2de_crazy-wednesday-zebranos-every-wednesday_1024.webp,https://www.skiddle.com/whats-on/London/Zebrano-Soho/Crazy-Wednesday--Zebranos-Every-Wednesday/42468875/,2026-07-22,2026-07-22T22:00:00+00:00,2026-07-23T03:00:00+00:00,"Reggaeton and Spanish hits every week in Soho
Bad Bunny to Daddy Yankee all night
Non-stop Latin energy on the dancefloor till 3am","{'doorsopen': '22:00', 'doorsclose': '03:00', 'lastentry': '02:00'}",18,,0,0,True,"{'minPrice': 5.5, 'maxPrice': 7.5}",,public,,False,{'enabled': False},,GBP,[],[],[]
42164329,2220331,False,2220331,False,0,CLUB,Dance Wednesdays at The Roxy,0,,,,,"{'id': 124914, 'name': 'The Roxy, London', 'address': '3-5 Rathbone Place', 'town': 'London', 'postcode_lookup': 'London', 'postcode': 'W1T 1HJ', 'region': 'London', 'country': 'GB', 'phone': '', 'latitude': 51.5166448, 'longitude': -0.1330285, 'type': 'Nightclub', 'rating': 4, 'reviewCount': 8, 'distance': 1127.4955857495231}",https://d31fr2pwly4c4s.cloudfront.net/6/f/b/2220310_017579c7_dance-wednesdays-at-the-roxy_th.jpg,https://d31fr2pwly4c4s.cloudfront.net/6/f/b/2220310_017579c7_dance-wednesdays-at-the-roxy.jpg,https://d31fr2pwly4c4s.cloudfront.net/6/f/b/2220310_017579c7_dance-wednesdays-at-the-roxy_1024.jpg,https://d31fr2pwly4c4s.cloudfront.net/6/f/b/2220310_017579c7_dance-wednesdays-at-the-roxy_1024.webp,https://www.skiddle.com/whats-on/London/The-Roxy%2C-London/Dance-Wednesdays-at-The-Roxy/42164329/,2026-07-22,2026-07-22T22:00:00+00:00,2026-07-23T03:00:00+00:00,"D.A.N.C.E Wednesdays level up midweek with nonstop anthems, throwbacks and future hits plus unbeatable wristband drink deals all night.","{'doorsopen': '22:00', 'doorsclose': '03:00', 'lastentry': '01:00'}",18,,0,0,True,"{'minPrice': 6, 'maxPrice': 6}",,public,,False,{'enabled': False},,GBP,[],[],[]
42529795,2292170,False,KAQmbGZeiF,False,0,CLUB,Central London Pub Crawl - Every Thursday,0,,,,,"{'id': 66338, 'name': 'Zoo Bar And Club', 'address': '13-17 Bear Street', 'town': 'Leicester Square', 'postcode_lookup': 'London', 'postcode': 'WC2H 7AQ', 'region': 'London', 'country': 'GB', 'phone': '', 'latitude': 51.5105358, 'longitude': -0.1295907, 'type': 'Nightclub', 'rating': 2, 'reviewCount': 4, 'distance': 408.2855001046106}",https://d31fr2pwly4c4s.cloudfront.net/d/1/b/2249397_21f690cb_central-london-pub-crawl-every-thursday_th.jpg,https://d31fr2pwly4c4s.cloudfront.net/d/1/b/2249397_21f690cb_central-london-pub-crawl-every-thursday.jpg,https://d31fr2pwly4c4s.cloudfront.net/d/1/b/2249397_21f690cb_central-london-pub-crawl-every-thursday_1024.jpg,https://d31fr2pwly4c4s.cloudfront.net/d/1/b/2249397_21f690cb_central-london-pub-crawl-every-thursday_1024.webp,https://www.skiddle.com/whats-on/London/Zoo-Bar-And-Club/Central-London-Pub-Crawl---Every-Thursday/42529795/,2026-07-23,2026-07-23T07:45:00+00:00,2026-07-24T01:00:00+00:00,"Start at Zoo Bar 7:45pm
Visit top Central London pubs and bars
Free shots along the way, student tickets available all night","{'doorsopen': '07:45', 'doorsclose': '01:00', 'lastentry': '19:45'}",18,,0,0,True,"{'minPrice': 16.5, 'maxPrice': 23.5}",,public,,False,{'enabled': False},,GBP,[],[],[]
42528854,2291831,False,x6Mq8seF8s,False,0,CLUB,Arcade Nights Every Thursday @ NQ64 Soho,0,,,,,"{'id': 125071, 'name': 'NQ64 SOHO', 'address': '53 Berwick St, London W1F 8SP', 'town': 'London', 'postcode_lookup': 'London', 'postcode': 'W1F 8SP', 'region': 'London', 'country': 'GB', 'phone': '', 'latitude': 51.5155446, 'longitude': -0.1364362, 'type': 'bar', 'rating': 3, 'reviewCount': 4, 'distance': 1115.1500102547207}",https://d31fr2pwly4c4s.cloudfront.net/4/d/0/2250512_eb053110_arcade-nights-every-thursday-nq64-soho_th.jpg,https://d31fr2pwly4c4s.cloudfront.net/4/d/0/2250512_eb053110_arcade-nights-every-thursday-nq64-soho.jpg,https://d31fr2pwly4c4s.cloudfront.net/4/d/0/2250512_eb053110_arcade-nights-every-thursday-nq64-soho_1024.jpg,https://d31fr2pwly4c4s.cloudfront.net/4/d/0/2250512_eb053110_arcade-nights-every-thursday-nq64-soho_1024.webp,https://www.skiddle.com/whats-on/London/NQ64-SOHO/Arcade-Nights-Every-Thursday--NQ64-Soho/42528854/,2026-07-23,2026-07-23T15:00:00+00:00,2026-07-24T03:00:00+00:00,"Arcade Night at NQ64 every Thursday
5 game tokens plus drinks from £3.50
50+ arcade games in an underground bar","{'doorsopen': '15:00', 'doorsclose': '03:00', 'lastentry': '01:00'}",18,,0,0,True,"{'minPrice': 6.5, 'maxPrice': 8.5}",,public,,False,{'enabled': False},,GBP,[],[],[]
42534381,2293877,False,vaNiC2IfE6,False,0,CLUB,Arcade Nights Every Thursday @ NQ64 Shoreditch,0,,,,,"{'id': 124865, 'name': 'NQ64 Shoreditch', 'address': '256-260 Old Street', 'town': 'London', 'postcode_lookup': 'London', 'postcode': 'EC1V 9DD', 'region': 'London', 'country': 'GB', 'phone': '', 'latitude': 51.5261005, 'longitude': -0.0852294, 'type': 'bar', 'rating': 3, 'reviewCount': 1, 'distance': 3642.754230220698}",https://d31fr2pwly4c4s.cloudfront.net/b/7/4/2249385_13b7ec1e_arcade-nights-every-thursday-nq64-shoreditch_th.jpg,https://d31fr2pwly4c4s.cloudfront.net/b/7/4/2249385_13b7ec1e_arcade-nights-every-thursday-nq64-shoreditch.jpg,https://d31fr2pwly4c4s.cloudfront.net/b/7/4/2249385_13b7ec1e_arcade-nights-every-thursday-nq64-shoreditch_1024.jpg,https://d31fr2pwly4c4s.cloudfront.net/b/7/4/2249385_13b7ec1e_arcade-nights-every-thursday-nq64-shoreditch_1024.webp,https://www.skiddle.com/whats-on/London/NQ64-Shoreditch/Arcade-Nights-Every-Thursday--NQ64-Shoreditch/42534381/,2026-07-23,2026-07-23T15:00:00+00:00,2026-07-24T02:00:00+00:00,"Arcade Night at NQ64 every Thursday
5 game tokens plus drinks from £3.50
50+ arcade games in an underground bar","{'doorsopen': '15:00', 'doorsclose': '02:00', 'lastentry': '01:00'}",18,,0,0,True,"{'minPrice': 6.5, 'maxPrice': 8.5}",,public,,False,{'enabled': False},,GBP,[],[],[]
42578297,2300683,False,2300683,False,0,CLUB,Mathame Open Air Summer Pop-Up,0,,,,,"{'id': 109726, 'name': 'LDN EAST', 'address': '30 Bidder St', 'town': 'Canning Town', 'postcode_lookup': 'London', 'postcode': 'E16 4SH', 'region': 'London', 'country': 'GB', 'phone': '', 'latitude': 51.5190133, 'longitude': 0.0037307, 'type': 'Nightclub', 'rating': 4, 'reviewCount': 1078, 'distance': 9213.217964289111}",https://d31fr2pwly4c4s.cloudfront.net/e/f/7/2300683_2b06fbca_mathame-open-air-summer-pop-up_th.jpg,https://d31fr2pwly4c4s.cloudfront.net/e/f/7/2300683_2b06fbca_mathame-open-air-summer-pop-up.jpg,https://d31fr2pwly4c4s.cloudfront.net/e/f/7/2300683_2b06fbca_mathame-open-air-summer-pop-up_1024.jpg,https://d31fr2pwly4c4s.cloudfront.net/e/f/7/2300683_2b06fbca_mathame-open-air-summer-pop-up_1024.webp,https://www.skiddle.com/whats-on/London/LDN-EAST/Mathame-Open-Air-Summer-Pop-Up/42578297/,2026-07-23,2026-07-23T18:00:00+00:00,2026-07-23T23:00:00+00:00,"Parable and Louder present a summer outdoor pop-up in East London, soundtracked by one of electronic music's most sought-after acts.","{'doorsopen': '18:00', 'doorsclose': '23:00', 'lastentry': '21:00'}",,,0,0,True,"{'minPrice': 20, 'maxPrice': 30}",,public,,False,{'enabled': False},#185898,GBP,[],"[{'genreid': '9', 'name': 'Techno'}, {'genreid': '10', 'name': 'Deep House'}]",[]
42589383,2303786,False,2303786,False,0,CLUB,On Koke In Camden,0,,,,,"{'id': 110804, 'name': 'The Camden', 'address': '65 Crowndale Road', 'town': 'Camden, London', 'postcode_lookup': 'London', 'postcode': 'NW1 1TN', 'region': 'London', 'country': 'GB', 'phone': '', 'latitude': 51.5342496, 'longitude': -0.1377428, 'type': 'Nightclub', 'rating': 3, 'reviewCount': 44, 'distance': 3104.0980130028734}",https://d31fr2pwly4c4s.cloudfront.net/0/5/f/2303786_e6994249_on-koke-in-camden_th.jpg,https://d31fr2pwly4c4s.cloudfront.net/0/5/f/2303786_e6994249_on-koke-in-camden.jpg,https://d31fr2pwly4c4s.cloudfront.net/0/5/f/2303786_e6994249_on-koke-in-camden_1024.jpg,https://d31fr2pwly4c4s.cloudfront.net/0/5/f/2303786_e6994249_on-koke-in-camden_1024.webp,https://www.skiddle.com/whats-on/London/The-Camden/On-Koke-In-Camden/42589383/,2026-07-23,2026-07-23T19:00:00+00:00,2026-07-24T00:00:00+00:00,"11-12 pm - K Koke
10.40-11pm Armor
10.20-10.40pm DAYSH
10-10.20PM RECKY, A100, YR
9-10pm Up & Coming Talent
8-9PM RADIO DJ Shuges
7pm DOORS OPEN","{'doorsopen': '19:00', 'doorsclose': '00:00', 'lastentry': '23:00'}",18,,0,0,True,"{'minPrice': 10, 'maxPrice': 10}",,public,,False,{'enabled': False},#080818,GBP,"[{'artistid': '123542297', 'name': 'K Koke', 'image': 'https://d1mdxzfl9p8pzo.cloudfront.net/7/123542297_1024.jpg', 'spotifyartisturl': 'spotify:artist:30n2M66Hu0LvcaRAJDrcxQ'}]","[{'genreid': '36', 'name': 'Rap'}]",[]
41992718,2197553,False,QwaEh4pmNH,False,0,CLUB,Strictly Vinyl Thursday DJ Sessions,0,,,,,"{'id': 116803, 'name': '26 Curtain Road', 'address': '26 Curtain Road', 'town': 'London', 'postcode_lookup': 'London', 'postcode': 'EC2A 3NY', 'region': 'London', 'country': 'GB', 'phone': '', 'latitude': 51.5228019, 'longitude': -0.0804244, 'type': 'bar', 'rating': 3, 'reviewCount': 3, 'distance': 3731.686477142594}",https://d31fr2pwly4c4s.cloudfront.net/1/d/3/2197527_84610495_Strictly-Vinyl-Thursdays_th.jpg,https://d31fr2pwly4c4s.cloudfront.net/1/d/3/2197527_84610495_Strictly-Vinyl-Thursdays.jpg,https://d31fr2pwly4c4s.cloudfront.net/1/d/3/2197527_84610495_Strictly-Vinyl-Thursdays_1024.jpg,https://d31fr2pwly4c4s.cloudfront.net/1/d/3/2197527_84610495_Strictly-Vinyl-Thursdays_1024.webp,https://www.skiddle.com/whats-on/London/26-Curtain-Road/Strictly-Vinyl-Thursday-DJ-Sessions/41992718/,2026-07-23,2026-07-23T19:00:00+00:00,2026-07-23T23:00:00+00:00,A lovely new weekly Thursday session with the Strictly Vinyl crew playing downtempo delights at the lovely new 26 Curtain Road bar.,"{'doorsopen': '19:00', 'doorsclose': '23:00', 'lastentry': '23:00'}",18,,0,0,True,"{'minPrice': 0, 'maxPrice': 0}",,public,,False,{'enabled': False},,GBP,[],"[{'genreid': '43', 'name': 'Soul'}, {'genreid': '45', 'name': 'Funk'}, {'genreid': '57', 'name': 'Disco'}, {'genreid': '61', 'name': 'Electronic'}, {'genreid': '103', 'name': 'Dub'}]",[]
42563635,2296783,False,2296783,False,0,CLUB,Valkyrie Music Community Party 001 - ft. Special Guests!,0,,,,,"{'id': 131412, 'name': 'Bricks', 'address': '414-416 Coldharbour Lane', 'town': 'London', 'postcode_lookup': 'London', 'postcode': 'SW9 8LF', 'region': 'London', 'country': 'GB', 'phone': '', 'latitude': 51.4617182, 'longitude': -0.1135347, 'type': 'Nightclub', 'rating': 4, 'reviewCount': 83, 'distance': 5133.77916389338}",https://d31fr2pwly4c4s.cloudfront.net/b/a/a/2296783_f4b43160_valkyrie-music-community-party-001-ft-special-guests-_th.jpg,https://d31fr2pwly4c4s.cloudfront.net/b/a/a/2296783_f4b43160_valkyrie-music-community-party-001-ft-special-guests-.jpg,https://d31fr2pwly4c4s.cloudfront.net/b/a/a/2296783_f4b43160_valkyrie-music-community-party-001-ft-special-guests-_1024.jpg,https://d31fr2pwly4c4s.cloudfront.net/b/a/a/2296783_f4b43160_valkyrie-music-community-party-001-ft-special-guests-_1024.webp,https://www.skiddle.com/whats-on/London/Bricks/Valkyrie-Music-Community-Party-001---ft-Special-Guests/42563635/,2026-07-23,2026-07-23T19:00:00+00:00,2026-07-23T23:00:00+00:00,"First of a new community party series at Bricks, London.
Free admission via RSVP, 7-11pm.

Lineup: Two special guest DJs + Valkyrie community DJs.","{'doorsopen': '19:00', 'doorsclose': '23:00', 'lastentry': '21:00'}",18,,0,0,True,"{'minPrice': 0, 'maxPrice': 0}",,public,,False,{'enabled': False},#080808,GBP,[],"[{'genreid': '8', 'name': 'Drum and Bass'}]",[]
42474273,2276660,False,2276660,False,0,CLUB,Soul Skate,0,,,,,"{'id': 97560, 'name': 'Rollernation ', 'address': ' 117 Bruce Grove ', 'town': 'London', 'postcode_lookup': 'London', 'postcode': 'N17 6UR', 'region': 'London', 'country': 'GB', 'phone': '020 7720 9140', 'latitude': 51.59482, 'longitude': -0.070397, 'type': 'Nightclub', 'rating': 4, 'reviewCount': 3926, 'distance': 10546.149238688688}",https://d31fr2pwly4c4s.cloudfront.net/f/3/6/2276660_45368170_Soul-Skate_th.jpg,https://d31fr2pwly4c4s.cloudfront.net/f/3/6/2276660_45368170_Soul-Skate.jpg,https://d31fr2pwly4c4s.cloudfront.net/f/3/6/2276660_45368170_Soul-Skate_1024.jpg,https://d31fr2pwly4c4s.cloudfront.net/f/3/6/2276660_45368170_Soul-Skate_1024.webp,https://www.skiddle.com/whats-on/London/Rollernation-/Soul-Skate/42474273/,2026-07-23,2026-07-23T19:00:00+00:00,2026-07-23T23:00:00+00:00,The best way to begin the end of your week. Roll into the weekend with a laid back mix of funk and soul.,"{'doorsopen': '19:00', 'doorsclose': '23:00', 'lastentry': '21:30'}",18,,0,0,True,"{'minPrice': 0, 'maxPrice': 0}",,public,,False,{'enabled': False},#683828,GBP,[],"[{'genreid': '4', 'name': 'R&B'}, {'genreid': '43', 'name': 'Soul'}, {'genreid': '45', 'name': 'Funk'}]",[]
42469068,2274579,False,LA1JI5UTzq,False,0,CLUB,Soho Social @ Zebranos Every Thursday,0,,,,,"{'id': 8132, 'name': 'Zebrano Soho', 'address': '18 Greek Street, Soho', 'town': 'London', 'postcode_lookup': 'London', 'postcode': 'W1D 4DS', 'region': 'London', 'country': 'GB', 'phone': '02072875267', 'latitude': 51.5140173, 'longitude': -0.1305949, 'type': 'bar', 'rating': 2, 'reviewCount': 8, 'distance': 800.6871225298354}",https://d31fr2pwly4c4s.cloudfront.net/d/7/b/2250558_7aef68f5_soho-social-zebranos-every-thursday_th.jpg,https://d31fr2pwly4c4s.cloudfront.net/d/7/b/2250558_7aef68f5_soho-social-zebranos-every-thursday.jpg,https://d31fr2pwly4c4s.cloudfront.net/d/7/b/2250558_7aef68f5_soho-social-zebranos-every-thursday_1024.jpg,https://d31fr2pwly4c4s.cloudfront.net/d/7/b/2250558_7aef68f5_soho-social-zebranos-every-thursday_1024.webp,https://www.skiddle.com/whats-on/London/Zebrano-Soho/Soho-Social--Zebranos-Every-Thursday/42469068/,2026-07-23,2026-07-23T22:00:00+00:00,2026-07-24T03:00:00+00:00,"The Soho Social-good drinks, better music, great crowd. Secure your spot ahead of time!","{'doorsopen': '22:00', 'doorsclose': '03:00', 'lastentry': '02:00'}",18,,0,0,True,"{'minPrice': 5.5, 'maxPrice': 7.5}",,public,,False,{'enabled': False},,GBP,[],[],[]
42543369,2294911,False,2294911,False,0,CLUB,"Insomnia London: House, Techno, Drum n Bass, Jungle, Breaks",0,,,,,"{'id': 18253, 'name': 'XOYO', 'address': '32-37 Cowper Street', 'town': 'London', 'postcode_lookup': 'London', 'postcode': 'EC2A 4AP', 'region': 'London', 'country': 'GB', 'phone': '0207 6082 878', 'latitude': 51.525452, 'longitude': -0.085632, 'type': 'Nightclub', 'rating': 4, 'reviewCount': 1480, 'distance': 3578.346090351316}",https://d31fr2pwly4c4s.cloudfront.net/0/a/d/2294911_16267560_Insomnia-London--House--Techno--Drum-n-Bass--Jungle--Breaks_th.jpg,https://d31fr2pwly4c4s.cloudfront.net/0/a/d/2294911_16267560_Insomnia-London--House--Techno--Drum-n-Bass--Jungle--Breaks.jpg,https://d31fr2pwly4c4s.cloudfront.net/0/a/d/2294911_16267560_Insomnia-London--House--Techno--Drum-n-Bass--Jungle--Breaks_1024.jpg,https://d31fr2pwly4c4s.cloudfront.net/0/a/d/2294911_16267560_Insomnia-London--House--Techno--Drum-n-Bass--Jungle--Breaks_1024.webp,https://www.skiddle.com/whats-on/London/XOYO/Insomnia-London-House-Techno-Drum-n-Bass-Jungle-Breaks/42543369/,2026-07-23,2026-07-23T22:00:00+00:00,2026-07-24T03:00:00+00:00,"House, Techno, Drum n Bass, Jungle, Breaks
10pm - 3am","{'doorsopen': '22:00', 'doorsclose': '03:00', 'lastentry': '02:00'}",18,,0,0,True,"{'minPrice': 3, 'maxPrice': 15}",,public,,False,{'enabled': False},#080808,GBP,[],"[{'genreid': '1', 'name': 'House'}, {'genreid': '8', 'name': 'Drum and Bass'}, {'genreid': '9', 'name': 'Techno'}]",[]
42497337,2283162,False,2283162,False,0,CLUB,"Insomnia London: House, Techno, DnB, Jungle",0,,,,,"{'id': 18253, 'name': 'XOYO', 'address': '32-37 Cowper Street', 'town': 'London', 'postcode_lookup': 'London', 'postcode': 'EC2A 4AP', 'region': 'London', 'country': 'GB', 'phone': '0207 6082 878', 'latitude': 51.525452, 'longitude': -0.085632, 'type': 'Nightclub', 'rating': 4, 'reviewCount': 1480, 'distance': 3578.346090351316}",https://d31fr2pwly4c4s.cloudfront.net/5/3/e/2283158_10034903_Insomnia-London--House--Techno--DnB--Jungle_th.jpg,https://d31fr2pwly4c4s.cloudfront.net/5/3/e/2283158_10034903_Insomnia-London--House--Techno--DnB--Jungle.jpg,https://d31fr2pwly4c4s.cloudfront.net/5/3/e/2283158_10034903_Insomnia-London--House--Techno--DnB--Jungle_1024.jpg,https://d31fr2pwly4c4s.cloudfront.net/5/3/e/2283158_10034903_Insomnia-London--House--Techno--DnB--Jungle_1024.webp,https://www.skiddle.com/whats-on/London/XOYO/Insomnia-London-House-Techno-DnB-Jungle/42497337/,2026-07-23,2026-07-23T22:00:00+00:00,2026-07-24T03:00:00+00:00,"House, Techno, Drum n Bass, Jungle, Breaks & more","{'doorsopen': '22:00', 'doorsclose': '03:00', 'lastentry': '02:00'}",18,,0,0,True,"{'minPrice': 3, 'maxPrice': 15}",,public,,False,{'enabled': False},,GBP,[],"[{'genreid': '1', 'name': 'House'}, {'genreid': '7', 'name': 'Breaks'}, {'genreid': '9', 'name': 'Techno'}, {'genreid': '80', 'name': 'Jungle'}]",[]
42285910,2234567,False,2234567,False,0,CLUB,Radio every Thursday at The Roxy,0,,,,,"{'id': 124914, 'name': 'The Roxy, London', 'address': '3-5 Rathbone Place', 'town': 'London', 'postcode_lookup': 'London', 'postcode': 'W1T 1HJ', 'region': 'London', 'country': 'GB', 'phone': '', 'latitude': 51.5166448, 'longitude': -0.1330285, 'type': 'Nightclub', 'rating': 4, 'reviewCount': 8, 'distance': 1127.4955857495231}",https://d31fr2pwly4c4s.cloudfront.net/d/1/9/2234549_3621b58d_radio-every-thursday-at-the-roxy_th.jpg,https://d31fr2pwly4c4s.cloudfront.net/d/1/9/2234549_3621b58d_radio-every-thursday-at-the-roxy.jpg,https://d31fr2pwly4c4s.cloudfront.net/d/1/9/2234549_3621b58d_radio-every-thursday-at-the-roxy_1024.jpg,https://d31fr2pwly4c4s.cloudfront.net/d/1/9/2234549_3621b58d_radio-every-thursday-at-the-roxy_1024.webp,https://www.skiddle.com/whats-on/London/The-Roxy%2C-London/Radio-every-Thursday-at-The-Roxy/42285910/,2026-07-23,2026-07-23T23:00:00+00:00,2026-07-24T03:00:00+00:00,"Join us Thursdays at The Roxy for RADIO: throwback anthems, chart hits, hip-hop, reggaeton & drink deals all night. Tune in, turn up! London!","{'doorsopen': '23:00', 'doorsclose': '03:00', 'lastentry': '01:00'}",18,,0,0,True,"{'minPrice': 4, 'maxPrice': 7}",,public,,False,{'enabled': False},,GBP,[],[],[]
42567621,2297995,False,2297995,False,0,CLUB,DESIRE - Weekly Thursday After Party - TOM OAKMAN,0,,,,,"{'id': 62182, 'name': 'Union Club Vauxhall', 'address': '66 Albert Embankment', 'town': 'London', 'postcode_lookup': 'London', 'postcode': 'SE1 7TP', 'region': 'London', 'country': 'GB', 'phone': '', 'latitude': 51.486987, 'longitude': -0.122899, 'type': 'Nightclub', 'rating': 4, 'reviewCount': 490, 'distance': 2253.1929570118195}",https://d31fr2pwly4c4s.cloudfront.net/3/c/a/2297995_d8bdd416_desire-weekly-thursday-after-party-tom-oakman_th.jpg,https://d31fr2pwly4c4s.cloudfront.net/3/c/a/2297995_d8bdd416_desire-weekly-thursday-after-party-tom-oakman.jpg,https://d31fr2pwly4c4s.cloudfront.net/3/c/a/2297995_d8bdd416_desire-weekly-thursday-after-party-tom-oakman_1024.jpg,https://d31fr2pwly4c4s.cloudfront.net/3/c/a/2297995_d8bdd416_desire-weekly-thursday-after-party-tom-oakman_1024.webp,https://www.skiddle.com/whats-on/London/Union-Club-Vauxhall/DESIRE---Weekly-Thursday-After-Party---TOM-OAKMAN/42567621/,2026-07-23,2026-07-23T23:45:00+00:00,2026-07-24T07:00:00+00:00,DESIRE - Weekly Thursday After Party - TOM OAKMAN,"{'doorsopen': '23:45', 'doorsclose': '07:00', 'lastentry': '06:00'}",18,,0,0,True,"{'minPrice': 12, 'maxPrice': 12}",,public,,False,{'enabled': False},#080808,GBP,"[{'artistid': '123625540', 'name': 'Duwat??', 'image': 'https://d1mdxzfl9p8pzo.cloudfront.net/0/123625540_0a78b6c3_1024.jpg', 'spotifyartisturl': None}]","[{'genreid': '9', 'name': 'Techno'}, {'genreid': '14', 'name': 'Tech House'}]",[]
42502159,2284152,False,2284152,False,0,CLUB,Afrikan Movements #12 Presents,0,,,,,"{'id': 134796, 'name': 'BROOK HOUSE FC', 'address': '256 Kingshill Avenue', 'town': 'Hayes', 'postcode_lookup': 'Uxbridge', 'postcode': 'UB4 8DD', 'region': 'Middlesex', 'country': 'GB', 'phone': '', 'latitude': 51.5333867, 'longitude': -0.4155701, 'type': 'live', 'rating': 4, 'reviewCount': 1, 'distance': 20112.103350374324}",https://d31fr2pwly4c4s.cloudfront.net/a/2/4/2284152_e523355a_afrikan-movements-12-presents_th.jpg,https://d31fr2pwly4c4s.cloudfront.net/a/2/4/2284152_e523355a_afrikan-movements-12-presents.jpg,https://d31fr2pwly4c4s.cloudfront.net/a/2/4/2284152_e523355a_afrikan-movements-12-presents_1024.jpg,https://d31fr2pwly4c4s.cloudfront.net/a/2/4/2284152_e523355a_afrikan-movements-12-presents_1024.webp,https://www.skiddle.com/whats-on/Uxbridge/BROOK-HOUSE-FC/Afrikan-Movements-12-Presents/42502159/,2026-07-24,2026-07-24T18:00:00+00:00,2026-07-25T01:30:00+00:00,"Alkebulan Afrikan Warriors Sound System meets Jah Lion Movement at Brook House FC, playing Roots Reggae music and Dub, Warrior Style","{'doorsopen': '18:00', 'doorsclose': '01:30', 'lastentry': '01:00'}",18,,0,0,True,"{'minPrice': 10, 'maxPrice': 10}",,public,,False,{'enabled': False},#f8f8f8,GBP,[],"[{'genreid': '68', 'name': 'Reggae'}, {'genreid': '69', 'name': 'Bassline'}, {'genreid': '103', 'name': 'Dub'}]",[]
42571130,2299252,False,2299252,False,0,CLUB,Grounded. 016 (liquid dnb),0,,,,,"{'id': 140353, 'name': 'The Mezzanine', 'address': 'Unit 4, 20 Totterdown St', 'town': 'Tooting', 'postcode_lookup': 'London', 'postcode': 'SW17 8TA', 'region': 'London', 'country': 'GB', 'phone': '', 'latitude': 51.4293339, 'longitude': -0.1656523, 'type': 'Nightclub', 'rating': 0, 'reviewCount': 0, 'distance': 9021.33081071862}",https://d31fr2pwly4c4s.cloudfront.net/9/b/4/2299252_4848ea45_grounded-016-liquid-dnb-_th.jpg,https://d31fr2pwly4c4s.cloudfront.net/9/b/4/2299252_4848ea45_grounded-016-liquid-dnb-.jpg,https://d31fr2pwly4c4s.cloudfront.net/9/b/4/2299252_4848ea45_grounded-016-liquid-dnb-_1024.jpg,https://d31fr2pwly4c4s.cloudfront.net/9/b/4/2299252_4848ea45_grounded-016-liquid-dnb-_1024.webp,https://www.skiddle.com/whats-on/London/The-Mezzanine/Grounded-016-liquid-dnb/42571130/,2026-07-24,2026-07-24T19:30:00+00:00,2026-07-25T01:30:00+00:00,"Liquid drum and bass in Tooting Market
Sick line up // Sick sound system // not one to be missed!","{'doorsopen': '19:30', 'doorsclose': '01:30', 'lastentry': '00:00'}",18,,0,0,True,"{'minPrice': 7, 'maxPrice': 7}",,public,,False,{'enabled': False},#080808,GBP,"[{'artistid': '123619728', 'name': 'Kathryn Brenna', 'image': 'https://d1mdxzfl9p8pzo.cloudfront.net/8/123619728_1_1024.jpg', 'spotifyartisturl': 'spotify:artist:5O1ehFx9nNbc8XOe2l4dVc'}]","[{'genreid': '8', 'name': 'Drum and Bass'}, {'genreid': '80', 'name': 'Jungle'}]",[]
42534912,2293926,False,7bBHvQDyR2,False,0,CLUB,Central London Pub Crawl - Every Friday,0,,,,,"{'id': 66338, 'name': 'Zoo Bar And Club', 'address': '13-17 Bear Street', 'town': 'Leicester Square', 'postcode_lookup': 'London', 'postcode': 'WC2H 7AQ', 'region': 'London', 'country': 'GB', 'phone': '', 'latitude': 51.5105358, 'longitude': -0.1295907, 'type': 'Nightclub', 'rating': 2, 'reviewCount': 4, 'distance': 408.2855001046106}",https://d31fr2pwly4c4s.cloudfront.net/8/b/d/2250574_6d11ca07_central-london-pub-crawl-every-friday_th.jpg,https://d31fr2pwly4c4s.cloudfront.net/8/b/d/2250574_6d11ca07_central-london-pub-crawl-every-friday.jpg,https://d31fr2pwly4c4s.cloudfront.net/8/b/d/2250574_6d11ca07_central-london-pub-crawl-every-friday_1024.jpg,https://d31fr2pwly4c4s.cloudfront.net/8/b/d/2250574_6d11ca07_central-london-pub-crawl-every-friday_1024.webp,https://www.skiddle.com/whats-on/London/Zoo-Bar-And-Club/Central-London-Pub-Crawl---Every-Friday/42534912/,2026-07-24,2026-07-24T19:45:00+00:00,2026-07-25T01:00:00+00:00,"Start at Zoo Bar 7:45pm
Visit top Central London pubs and bars
Free shots along the way, student tickets available all night","{'doorsopen': '19:45', 'doorsclose': '01:00', 'lastentry': '19:45'}",18,,0,0,True,"{'minPrice': 16.5, 'maxPrice': 23.5}",,public,,False,{'enabled': False},,GBP,[],[],[]
42535178,2293952,False,DeRNE4wm5V,False,0,CLUB,Popworld Watling Street - Every Friday,0,,,,,"{'id': 113435, 'name': 'Popworld Watling Street', 'address': '17 Watling Street', 'town': 'London', 'postcode_lookup': 'London', 'postcode': 'EC4M 9BB', 'region': 'London', 'country': 'GB', 'phone': '', 'latitude': 51.5130997, 'longitude': -0.0945379, 'type': 'Nightclub', 'rating': 0, 'reviewCount': 0, 'distance': 2413.0323627776843}",https://d31fr2pwly4c4s.cloudfront.net/6/a/a/2250618_be01fdd7_popworld-watling-street-every-friday_th.jpg,https://d31fr2pwly4c4s.cloudfront.net/6/a/a/2250618_be01fdd7_popworld-watling-street-every-friday.jpg,https://d31fr2pwly4c4s.cloudfront.net/6/a/a/2250618_be01fdd7_popworld-watling-street-every-friday_1024.jpg,https://d31fr2pwly4c4s.cloudfront.net/6/a/a/2250618_be01fdd7_popworld-watling-street-every-friday_1024.webp,https://www.skiddle.com/whats-on/London/Popworld-Watling-Street/Popworld-Watling-Street---Every-Friday/42535178/,2026-07-24,2026-07-24T20:00:00+00:00,2026-07-25T04:00:00+00:00,"Fridaylicious at Pop World Watling Street. 50% off drinks till 11pm, plus pop anthems and singalong hits all night. Grab tickets ahead.","{'doorsopen': '20:00', 'doorsclose': '04:00', 'lastentry': '03:00'}",18,,0,0,True,"{'minPrice': 4.5, 'maxPrice': 6.5}",,public,,False,{'enabled': False},,GBP,[],[],[]
42534124,2293860,False,2293860,False,0,CLUB,Ed Vedra & Friends free Friday night party,0,,,,,"{'id': 9978, 'name': 'Horse And Groom', 'address': '28 Curtain Road', 'town': 'London', 'postcode_lookup': 'London', 'postcode': 'EC2A 3NZ', 'region': 'London', 'country': 'GB', 'phone': '0871 984 1312', 'latitude': 51.522927, 'longitude': -0.080331, 'type': 'bar', 'rating': 4, 'reviewCount': 245, 'distance': 3743.9439459782134}",https://d31fr2pwly4c4s.cloudfront.net/7/b/b/2293860_50415164_Ed-Vedra---Friends-free-Friday-night-party_th.jpg,https://d31fr2pwly4c4s.cloudfront.net/7/b/b/2293860_50415164_Ed-Vedra---Friends-free-Friday-night-party.jpg,https://d31fr2pwly4c4s.cloudfront.net/7/b/b/2293860_50415164_Ed-Vedra---Friends-free-Friday-night-party_1024.jpg,https://d31fr2pwly4c4s.cloudfront.net/7/b/b/2293860_50415164_Ed-Vedra---Friends-free-Friday-night-party_1024.webp,https://www.skiddle.com/whats-on/London/Horse-And-Groom/Ed-Vedra--Friends-free-Friday-night-party/42534124/,2026-07-24,2026-07-24T20:00:00+00:00,2026-07-25T01:00:00+00:00,"Ed Vedra  throws a new monthly Friday special,  expect great music plus all  free tickets include a £6 cocktail offer through the night.","{'doorsopen': '20:00', 'doorsclose': '01:00', 'lastentry': '00:45'}",18,,0,0,True,"{'minPrice': 0, 'maxPrice': 0}",,public,,False,{'enabled': False},#282828,GBP,[],"[{'genreid': '1', 'name': 'House'}, {'genreid': '57', 'name': 'Disco'}, {'genreid': '87', 'name': 'Nu Disco'}]",[]
42573169,2299681,False,2299681,False,0,CLUB,Roll On London 2026 Opening Night,0,,,,,"{'id': 97560, 'name': 'Rollernation ', 'address': ' 117 Bruce Grove ', 'town': 'London', 'postcode_lookup': 'London', 'postcode': 'N17 6UR', 'region': 'London', 'country': 'GB', 'phone': '020 7720 9140', 'latitude': 51.59482, 'longitude': -0.070397, 'type': 'Nightclub', 'rating': 4, 'reviewCount': 3926, 'distance': 10546.149238688688}",https://d31fr2pwly4c4s.cloudfront.net/b/8/f/2299681_93968610_Roll-On-London-2026-Opening-Night_th.jpg,https://d31fr2pwly4c4s.cloudfront.net/b/8/f/2299681_93968610_Roll-On-London-2026-Opening-Night.jpg,https://d31fr2pwly4c4s.cloudfront.net/b/8/f/2299681_93968610_Roll-On-London-2026-Opening-Night_1024.jpg,https://d31fr2pwly4c4s.cloudfront.net/b/8/f/2299681_93968610_Roll-On-London-2026-Opening-Night_1024.webp,https://www.skiddle.com/whats-on/London/Rollernation-/Roll-On-London-2026-Opening-Night/42573169/,2026-07-24,2026-07-24T20:00:00+00:00,2026-07-25T02:00:00+00:00,The NC's Roll On London returns to Roller Nation!,"{'doorsopen': '20:00', 'doorsclose': '02:00', 'lastentry': '00:30'}",18,,0,0,True,"{'minPrice': 20, 'maxPrice': 30}",,public,,False,{'enabled': False},#684838,GBP,[],"[{'genreid': '1', 'name': 'House'}, {'genreid': '4', 'name': 'R&B'}, {'genreid': '39', 'name': 'Hip Hop'}]",[]
42517278,2289802,False,2289802,False,0,CLUB,Des Was a Bowie Fan at Walthamstow Trades Hall,0,,,,,"{'id': 111991, 'name': 'Walthamstow Trades Hall', 'address': '61-63 Tower Hamlets Road', 'town': 'Walthamstow London', 'postcode_lookup': 'London', 'postcode': 'E17 4RQ', 'region': 'London', 'country': 'GB', 'phone': '020 8520 3806', 'latitude': 51.5879747, 'longitude': -0.0188463, 'type': 'live', 'rating': 3, 'reviewCount': 1, 'distance': 11749.08503455143}",https://d31fr2pwly4c4s.cloudfront.net/8/f/7/2289802_80247804_Des-Was-a-Bowie-Fan-at-Walthamstow-Trades-Hall_th.jpg,https://d31fr2pwly4c4s.cloudfront.net/8/f/7/2289802_80247804_Des-Was-a-Bowie-Fan-at-Walthamstow-Trades-Hall.jpg,https://d31fr2pwly4c4s.cloudfront.net/8/f/7/2289802_80247804_Des-Was-a-Bowie-Fan-at-Walthamstow-Trades-Hall_1024.jpg,https://d31fr2pwly4c4s.cloudfront.net/8/f/7/2289802_80247804_Des-Was-a-Bowie-Fan-at-Walthamstow-Trades-Hall_1024.webp,https://www.skiddle.com/whats-on/London/Walthamstow-Trades-Hall/Des-Was-a-Bowie-Fan-at-Walthamstow-Trades-Hall/42517278/,2026-07-24,2026-07-24T20:00:00+00:00,2026-07-25T01:00:00+00:00,"""One of London's best indie / 60s clubs"" - NME","{'doorsopen': '20:00', 'doorsclose': '01:00', 'lastentry': ''}",18,,0,0,True,"{'minPrice': 7, 'maxPrice': 7}",,public,,False,{'enabled': False},#080808,GBP,[],"[{'genreid': '46', 'name': 'Alternative'}, {'genreid': '62', 'name': '1980s'}, {'genreid': '63', 'name': '1960s'}, {'genreid': '96', 'name': 'New Wave'}]",[]
42581565,2301482,False,2301482,False,0,CLUB,SERELLE WAVE 4- mid summer,0,,,,,"{'id': 134965, 'name': 'Winkers Nightclub', 'address': 'Denham Lane', 'town': 'Gerrards Cross', 'postcode_lookup': 'Slough', 'postcode': 'SL9 0QJ', 'region': 'Berkshire', 'country': 'GB', 'phone': '01753888704', 'latitude': 51.6084459, 'longitude': -0.5419573, 'type': 'Nightclub', 'rating': 3, 'reviewCount': 100, 'distance': 30760.923967506365}",https://d31fr2pwly4c4s.cloudfront.net/4/8/d/2301482_e3b46403_serelle-wave-4-mid-summer_th.jpg,https://d31fr2pwly4c4s.cloudfront.net/4/8/d/2301482_e3b46403_serelle-wave-4-mid-summer.jpg,https://d31fr2pwly4c4s.cloudfront.net/4/8/d/2301482_e3b46403_serelle-wave-4-mid-summer_1024.jpg,https://d31fr2pwly4c4s.cloudfront.net/4/8/d/2301482_e3b46403_serelle-wave-4-mid-summer_1024.webp,https://www.skiddle.com/whats-on/Slough/Winkers-Nightclub/SERELLE-WAVE-4--mid-summer/42581565/,2026-07-24,2026-07-24T20:00:00+00:00,2026-07-25T00:45:00+00:00,"WE'RE BACK! Serelle returns to winkers for wave 4- a mid summer party for 14-17 year olds

-no alcohol
- strictly 14-17
-smart casual dress code","{'doorsopen': '20:00', 'doorsclose': '00:45', 'lastentry': '21:30'}",14,,0,0,True,"{'minPrice': 8, 'maxPrice': 28}",,public,,True,{'enabled': False},#080808,GBP,[],[],[]
42141382,2214355,False,2214355,False,0,CLUB,The Roxy every Friday,0,,,,,"{'id': 124914, 'name': 'The Roxy, London', 'address': '3-5 Rathbone Place', 'town': 'London', 'postcode_lookup': 'London', 'postcode': 'W1T 1HJ', 'region': 'London', 'country': 'GB', 'phone': '', 'latitude': 51.5166448, 'longitude': -0.1330285, 'type': 'Nightclub', 'rating': 4, 'reviewCount': 8, 'distance': 1127.4955857495231}",https://d31fr2pwly4c4s.cloudfront.net/0/0/3/2214333_c0af2fa6_the-roxy-every-friday_th.jpg,https://d31fr2pwly4c4s.cloudfront.net/0/0/3/2214333_c0af2fa6_the-roxy-every-friday.jpg,https://d31fr2pwly4c4s.cloudfront.net/0/0/3/2214333_c0af2fa6_the-roxy-every-friday_1024.jpg,https://d31fr2pwly4c4s.cloudfront.net/0/0/3/2214333_c0af2fa6_the-roxy-every-friday_1024.webp,https://www.skiddle.com/whats-on/London/The-Roxy%2C-London/The-Roxy-every-Friday/42141382/,2026-07-24,2026-07-24T21:00:00+00:00,2026-07-25T03:30:00+00:00,"Experience electric Fridays at The Roxy: House, Disco, RnB beats, cocktails, and epic vibes in the heart of London!","{'doorsopen': '21:00', 'doorsclose': '03:30', 'lastentry': '01:00'}",18,,0,0,True,"{'minPrice': 4, 'maxPrice': 6}",,public,,False,{'enabled': False},,GBP,[],"[{'genreid': '1', 'name': 'House'}, {'genreid': '57', 'name': 'Disco'}]",[]
42160247,2219132,False,2219132,False,0,CLUB,Piano Works Farringdon Fridays,0,,,,,"{'id': 127489, 'name': 'The Piano Works Farringdon, London, United Kingdom', 'address': '113-117 Farringdon Road, Corner Of Ray Street, London', 'town': 'London', 'postcode_lookup': 'London', 'postcode': 'EC1R 3BX', 'region': 'London', 'country': 'GB', 'phone': '', 'latitude': 51.5228928, 'longitude': -0.1080405, 'type': 'Nightclub', 'rating': 0, 'reviewCount': 0, 'distance': 2242.892361388614}",https://d31fr2pwly4c4s.cloudfront.net/0/8/c/2219132_81669611_Piano-Works-Farringdon-Fridays_th.jpg,https://d31fr2pwly4c4s.cloudfront.net/0/8/c/2219132_81669611_Piano-Works-Farringdon-Fridays.jpg,https://d31fr2pwly4c4s.cloudfront.net/0/8/c/2219132_81669611_Piano-Works-Farringdon-Fridays_1024.jpg,https://d31fr2pwly4c4s.cloudfront.net/0/8/c/2219132_81669611_Piano-Works-Farringdon-Fridays_1024.webp,https://www.skiddle.com/whats-on/London/The-Piano-Works-Farringdon%2C-London%2C-United-Kingdom/Piano-Works-Farringdon-Fridays/42160247/,2026-07-24,2026-07-24T21:00:00+00:00,2026-07-25T03:00:00+00:00,Live music every Friday at The Piano Works Farringdon. Request your favourite songs and enjoy nonstop hits all night long in the heart of the city!,"{'doorsopen': '21:00', 'doorsclose': '03:00', 'lastentry': '00:00'}",18,,0,0,True,"{'minPrice': 4, 'maxPrice': 8}",,public,,False,{'enabled': False},#080808,GBP,[],[],[]
42589550,2303921,False,2303921,False,0,CLUB,Stand on the Word,0,,,,,"{'id': 58972, 'name': 'Eagle London', 'address': '349 Kennington Road', 'town': 'London', 'postcode_lookup': 'London', 'postcode': 'SE11 5QY', 'region': 'London', 'country': 'GB', 'phone': '', 'latitude': 51.4861955, 'longitude': -0.119418, 'type': 'Nightclub', 'rating': 0, 'reviewCount': 0, 'distance': 2388.424209288659}",https://d31fr2pwly4c4s.cloudfront.net/1/0/7/2303921_2dacaa3d_stand-on-the-word_th.jpg,https://d31fr2pwly4c4s.cloudfront.net/1/0/7/2303921_2dacaa3d_stand-on-the-word.jpg,https://d31fr2pwly4c4s.cloudfront.net/1/0/7/2303921_2dacaa3d_stand-on-the-word_1024.jpg,https://d31fr2pwly4c4s.cloudfront.net/1/0/7/2303921_2dacaa3d_stand-on-the-word_1024.webp,https://www.skiddle.com/whats-on/London/Eagle-London/Stand-on-the-Word/42589550/,2026-07-24,2026-07-24T21:00:00+00:00,2026-07-25T04:00:00+00:00,Q&A with author Paul Spike followed by a house party fundraiser with Terry Farley.,"{'doorsopen': '21:00', 'doorsclose': '04:00', 'lastentry': '02:30'}",18,,0,0,True,"{'minPrice': 8, 'maxPrice': 8}",,public,,False,{'enabled': False},#f8f8f8,GBP,"[{'artistid': '123502808', 'name': 'Terry Farley', 'image': 'https://d1mdxzfl9p8pzo.cloudfront.net/8/123502808_1_1024.jpg', 'spotifyartisturl': 'spotify:artist:2UAG5mYlpXcDsj3sLUk3ty'}, {'artistid': '123598233', 'name': 'Martyn Fitzgerald - Handsome', 'image': 'https://d1mdxzfl9p8pzo.cloudfront.net/3/123598233_1e54b27b_1024.jpg', 'spotifyartisturl': None}]","[{'genreid': '1', 'name': 'House'}, {'genreid': '57', 'name': 'Disco'}]",[]
42543484,2295005,False,2295005,False,0,CLUB,Bashment X Soca - Shoreditch Party - Everyone Free Before 12AM,0,,,,,"{'id': 77751, 'name': 'The Lighthouse Bar And Club', 'address': '62 Rivington Street', 'town': 'London', 'postcode_lookup': 'London', 'postcode': 'EC2A 3AY', 'region': 'London', 'country': 'GB', 'phone': '02077393817', 'latitude': 51.5261933, 'longitude': -0.0788466, 'type': 'Nightclub', 'rating': 2, 'reviewCount': 38, 'distance': 4015.327171761518}",https://d31fr2pwly4c4s.cloudfront.net/6/6/2/2295005_522715b5_bashment-x-soca-shoreditch-party-everyone-free-before-12am_th.jpg,https://d31fr2pwly4c4s.cloudfront.net/6/6/2/2295005_522715b5_bashment-x-soca-shoreditch-party-everyone-free-before-12am.jpg,https://d31fr2pwly4c4s.cloudfront.net/6/6/2/2295005_522715b5_bashment-x-soca-shoreditch-party-everyone-free-before-12am_1024.jpg,https://d31fr2pwly4c4s.cloudfront.net/6/6/2/2295005_522715b5_bashment-x-soca-shoreditch-party-everyone-free-before-12am_1024.webp,https://www.skiddle.com/whats-on/London/The-Lighthouse-Bar-And-Club/Bashment-X-Soca---Shoreditch-Party---Everyone-Free-Before-12AM/42543484/,2026-07-24,2026-07-24T21:00:00+00:00,2026-07-25T04:00:00+00:00,"Bashment X Soca Is Finally Back !

Bashment X Soca Like You Have Never Heard It Before!","{'doorsopen': '21:00', 'doorsclose': '04:00', 'lastentry': '00:30'}",18,,0,0,True,"{'minPrice': 0, 'maxPrice': 15}",,public,,False,{'enabled': False},#f8f8f8,GBP,[],"[{'genreid': '4', 'name': 'R&B'}, {'genreid': '24', 'name': 'Dancehall'}, {'genreid': '39', 'name': 'Hip Hop'}, {'genreid': '95', 'name': 'Afrobeat'}]",[]
42474310,2276691,False,2276691,False,0,CLUB,Bashment & Afrobeats Shoreditch Party - Everyone Free Before 12,0,,,,,"{'id': 77751, 'name': 'The Lighthouse Bar And Club', 'address': '62 Rivington Street', 'town': 'London', 'postcode_lookup': 'London', 'postcode': 'EC2A 3AY', 'region': 'London', 'country': 'GB', 'phone': '02077393817', 'latitude': 51.5261933, 'longitude': -0.0788466, 'type': 'Nightclub', 'rating': 2, 'reviewCount': 38, 'distance': 4015.327171761518}",https://d31fr2pwly4c4s.cloudfront.net/a/b/5/2276691_7daf38e4_bashment-afrobeats-shoreditch-party-everyone-free-before-12_th.jpg,https://d31fr2pwly4c4s.cloudfront.net/a/b/5/2276691_7daf38e4_bashment-afrobeats-shoreditch-party-everyone-free-before-12.jpg,https://d31fr2pwly4c4s.cloudfront.net/a/b/5/2276691_7daf38e4_bashment-afrobeats-shoreditch-party-everyone-free-before-12_1024.jpg,https://d31fr2pwly4c4s.cloudfront.net/a/b/5/2276691_7daf38e4_bashment-afrobeats-shoreditch-party-everyone-free-before-12_1024.webp,https://www.skiddle.com/whats-on/London/The-Lighthouse-Bar-And-Club/Bashment--Afrobeats-Shoreditch-Party---Everyone-Free-Before-12/42474310/,2026-07-24,2026-07-24T21:00:00+00:00,2026-07-25T04:00:00+00:00,Everyone Free Before 12AM - Londons Biggest Party Of The Year!,"{'doorsopen': '21:00', 'doorsclose': '04:00', 'lastentry': '00:30'}",18,,0,0,True,"{'minPrice': 0, 'maxPrice': 15}",,public,,False,{'enabled': False},#f8f8f8,GBP,[],[],[]
42463919,2273662,False,kb1EiDp6em,False,0,CLUB,Bridgebar Presents: Friday Cocktail Club,0,,,,,"{'id': 130015, 'name': 'Bridgebar Beckenham', 'address': '2-4 High Street', 'town': 'Beckenham', 'postcode_lookup': 'Bromley', 'postcode': 'BR3 1AZ', 'region': 'London', 'country': 'GB', 'phone': '', 'latitude': 51.4107734, 'longitude': -0.0251473, 'type': 'Nightclub', 'rating': 3, 'reviewCount': 52, 'distance': 12855.63795363494}",https://d31fr2pwly4c4s.cloudfront.net/4/3/3/2130918_41268190_bridgebar-presents-friday-cocktail-club_th.jpg,https://d31fr2pwly4c4s.cloudfront.net/4/3/3/2130918_41268190_bridgebar-presents-friday-cocktail-club.jpg,https://d31fr2pwly4c4s.cloudfront.net/4/3/3/2130918_41268190_bridgebar-presents-friday-cocktail-club_1024.jpg,https://d31fr2pwly4c4s.cloudfront.net/4/3/3/2130918_41268190_bridgebar-presents-friday-cocktail-club_1024.webp,https://www.skiddle.com/whats-on/Bromley/Bridgebar-Beckenham/Bridgebar-Presents-Friday-Cocktail-Club/42463919/,2026-07-24,2026-07-24T21:00:00+00:00,2026-07-25T03:00:00+00:00,"Cocktails, DJs and Beckenhams biggest Friday night.","{'doorsopen': '21:00', 'doorsclose': '03:00', 'lastentry': '01:00'}",21,,0,0,True,"{'minPrice': 6, 'maxPrice': 160}",,public,,False,{'enabled': False},,GBP,[],[],[]
42468666,2274546,False,alWgORNsDh,False,0,CLUB,Fridays @ Zebrano Soho - Every Friday,0,,,,,"{'id': 8132, 'name': 'Zebrano Soho', 'address': '18 Greek Street, Soho', 'town': 'London', 'postcode_lookup': 'London', 'postcode': 'W1D 4DS', 'region': 'London', 'country': 'GB', 'phone': '02072875267', 'latitude': 51.5140173, 'longitude': -0.1305949, 'type': 'bar', 'rating': 2, 'reviewCount': 8, 'distance': 800.6871225298354}",https://d31fr2pwly4c4s.cloudfront.net/e/9/2/2109172_56eabc07_fridays-zebrano-soho-every-friday_th.jpg,https://d31fr2pwly4c4s.cloudfront.net/e/9/2/2109172_56eabc07_fridays-zebrano-soho-every-friday.jpg,https://d31fr2pwly4c4s.cloudfront.net/e/9/2/2109172_56eabc07_fridays-zebrano-soho-every-friday_1024.jpg,https://d31fr2pwly4c4s.cloudfront.net/e/9/2/2109172_56eabc07_fridays-zebrano-soho-every-friday_1024.webp,https://www.skiddle.com/whats-on/London/Zebrano-Soho/Fridays--Zebrano-Soho---Every-Friday/42468666/,2026-07-24,2026-07-24T22:00:00+00:00,2026-07-25T03:00:00+00:00,Start your weekend the best way possible at Zebano's Soho!,"{'doorsopen': '22:00', 'doorsclose': '03:00', 'lastentry': '02:00'}",18,,0,0,True,"{'minPrice': 6.5, 'maxPrice': 9.5}",,public,,False,{'enabled': False},,GBP,[],[],[]
42147498,2215999,False,RhXTojyhHb,False,0,CLUB,Trapeze Big Top Weekends!,0,,,,,"{'id': 52162, 'name': 'Trapeze Bar', 'address': ' 89 Great Eastern Street, London, EC2A', 'town': 'London', 'postcode_lookup': 'London', 'postcode': 'EC2A 3HX', 'region': 'London', 'country': 'GB', 'phone': '07857 147900', 'latitude': 51.52573, 'longitude': -0.083352, 'type': 'Nightclub', 'rating': 3, 'reviewCount': 55, 'distance': 3725.8852390445504}",https://d31fr2pwly4c4s.cloudfront.net/b/0/e/2215956_4667409f_trapeze-big-top-weekends-_th.jpg,https://d31fr2pwly4c4s.cloudfront.net/b/0/e/2215956_4667409f_trapeze-big-top-weekends-.jpg,https://d31fr2pwly4c4s.cloudfront.net/b/0/e/2215956_4667409f_trapeze-big-top-weekends-_1024.jpg,https://d31fr2pwly4c4s.cloudfront.net/b/0/e/2215956_4667409f_trapeze-big-top-weekends-_1024.webp,https://www.skiddle.com/whats-on/London/Trapeze-Bar/Trapeze-Big-Top-Weekends/42147498/,2026-07-24,2026-07-24T22:00:00+00:00,2026-07-25T03:30:00+00:00,Step into the spectacle and party under the big top every weekend at Trapeze - London's ultimate circus-themed playground.,"{'doorsopen': '22:00', 'doorsclose': '03:30', 'lastentry': '02:00'}",18,,0,0,True,"{'minPrice': 5, 'maxPrice': 5}",,public,,False,{'enabled': False},,GBP,[],"[{'genreid': '1', 'name': 'House'}, {'genreid': '4', 'name': 'R&B'}, {'genreid': '39', 'name': 'Hip Hop'}, {'genreid': '82', 'name': '1990s'}, {'genreid': '83', 'name': '2000s'}]",[]
42162516,2219943,False,2219943,False,0,CLUB,Trapeze Shoreditch Every Friday,0,,,,,"{'id': 115608, 'name': 'Trapeze Shoreditch', 'address': '89 Great Eastern St', 'town': 'London', 'postcode_lookup': 'London', 'postcode': 'EC2A 3HX', 'region': 'London', 'country': 'GB', 'phone': '', 'latitude': 51.5257366, 'longitude': -0.0833574, 'type': 'Nightclub', 'rating': 4, 'reviewCount': 2, 'distance': 3725.988928839937}",https://d31fr2pwly4c4s.cloudfront.net/d/3/2/2219922_181b27f0_trapeze-shoreditch-every-friday_th.jpg,https://d31fr2pwly4c4s.cloudfront.net/d/3/2/2219922_181b27f0_trapeze-shoreditch-every-friday.jpg,https://d31fr2pwly4c4s.cloudfront.net/d/3/2/2219922_181b27f0_trapeze-shoreditch-every-friday_1024.jpg,https://d31fr2pwly4c4s.cloudfront.net/d/3/2/2219922_181b27f0_trapeze-shoreditch-every-friday_1024.webp,https://www.skiddle.com/whats-on/London/Trapeze-Shoreditch/Trapeze-Shoreditch-Every-Friday/42162516/,2026-07-24,2026-07-24T22:00:00+00:00,2026-07-25T03:00:00+00:00,"Friday nights at Trapeze Shoreditch: happy hour, top DJs and epic vibes. Hip-hop, R&B and house power an unforgettable, wild party experience.","{'doorsopen': '22:00', 'doorsclose': '03:00', 'lastentry': '00:00'}",18,,0,0,True,"{'minPrice': 4, 'maxPrice': 8}",,public,,False,{'enabled': False},,GBP,[],[],[]
42542583,2294615,False,94kJjGm5CI,False,0,CLUB,Trapeze Shoreditch - Every Friday,0,,,,,"{'id': 138959, 'name': '89 Great Eastern St, London EC2A 3HX', 'address': '89 Great Eastern Street', 'town': 'London', 'postcode_lookup': 'London', 'postcode': 'EC2A 3HX', 'region': 'London', 'country': 'GB', 'phone': '', 'latitude': 51.5257369, 'longitude': -0.0833489, 'type': 'Nightclub', 'rating': 0, 'reviewCount': 0, 'distance': 3726.4928289011746}",https://d31fr2pwly4c4s.cloudfront.net/2/4/0/2250730_ae54bf4a_trapeze-shoreditch-every-friday_th.jpg,https://d31fr2pwly4c4s.cloudfront.net/2/4/0/2250730_ae54bf4a_trapeze-shoreditch-every-friday.jpg,https://d31fr2pwly4c4s.cloudfront.net/2/4/0/2250730_ae54bf4a_trapeze-shoreditch-every-friday_1024.jpg,https://d31fr2pwly4c4s.cloudfront.net/2/4/0/2250730_ae54bf4a_trapeze-shoreditch-every-friday_1024.webp,https://www.skiddle.com/whats-on/London/89-Great-Eastern-St%2C-London-EC2A-3HX/Trapeze-Shoreditch---Every-Friday/42542583/,2026-07-24,2026-07-24T22:00:00+00:00,2026-07-25T03:30:00+00:00,"Trapeze Fridays at Shoreditch’s iconic party spot. Circus vibes, great music, and non-stop dancing all night. Secure your spot ahead of time.","{'doorsopen': '22:00', 'doorsclose': '03:30', 'lastentry': '02:00'}",18,,0,0,True,"{'minPrice': 4.5, 'maxPrice': 7.5}",,public,,False,{'enabled': False},,GBP,[],[],[]
42568659,2298359,False,2298359,False,0,CLUB,Get Wild Shoreditch Party - Everyone Free Before 12AM,0,,,,,"{'id': 77751, 'name': 'The Lighthouse Bar And Club', 'address': '62 Rivington Street', 'town': 'London', 'postcode_lookup': 'London', 'postcode': 'EC2A 3AY', 'region': 'London', 'country': 'GB', 'phone': '02077393817', 'latitude': 51.5261933, 'longitude': -0.0788466, 'type': 'Nightclub', 'rating': 2, 'reviewCount': 38, 'distance': 4015.327171761518}",https://d31fr2pwly4c4s.cloudfront.net/b/1/2/2298359_ea80d60a_get-wild-shoreditch-party-everyone-free-before-12am_th.jpg,https://d31fr2pwly4c4s.cloudfront.net/b/1/2/2298359_ea80d60a_get-wild-shoreditch-party-everyone-free-before-12am.jpg,https://d31fr2pwly4c4s.cloudfront.net/b/1/2/2298359_ea80d60a_get-wild-shoreditch-party-everyone-free-before-12am_1024.jpg,https://d31fr2pwly4c4s.cloudfront.net/b/1/2/2298359_ea80d60a_get-wild-shoreditch-party-everyone-free-before-12am_1024.webp,https://www.skiddle.com/whats-on/London/The-Lighthouse-Bar-And-Club/Get-Wild-Shoreditch-Party---Everyone-Free-Before-12AM/42568659/,2026-07-24,2026-07-24T22:00:00+00:00,2026-07-25T16:00:00+00:00,London's Craziest Party Arrives In Shoreditch!,"{'doorsopen': '22:00', 'doorsclose': '16:00', 'lastentry': '00:30'}",18,,0,0,True,"{'minPrice': 0, 'maxPrice': 15}",,public,,False,{'enabled': False},#080808,GBP,[],"[{'genreid': '4', 'name': 'R&B'}, {'genreid': '24', 'name': 'Dancehall'}, {'genreid': '39', 'name': 'Hip Hop'}, {'genreid': '95', 'name': 'Afrobeat'}]",[]
42421281,2263821,False,2263821,False,0,CLUB,Party In Your Pants LONDON - MAYhem,0,,,,,"{'id': 91455, 'name': 'Low Profile Studios', 'address': '94 Vale Road', 'town': 'London', 'postcode_lookup': 'London', 'postcode': 'N4 1PT', 'region': 'London', 'country': 'GB', 'phone': '', 'latitude': 51.575403, 'longitude': -0.089677, 'type': 'Nightclub', 'rating': 4, 'reviewCount': 51, 'distance': 8054.602619331084}",https://d31fr2pwly4c4s.cloudfront.net/3/1/b/2263821_18614184_Party-In-Your-Pants-LONDON---MAYhem_th.jpg,https://d31fr2pwly4c4s.cloudfront.net/3/1/b/2263821_18614184_Party-In-Your-Pants-LONDON---MAYhem.jpg,https://d31fr2pwly4c4s.cloudfront.net/3/1/b/2263821_18614184_Party-In-Your-Pants-LONDON---MAYhem_1024.jpg,https://d31fr2pwly4c4s.cloudfront.net/3/1/b/2263821_18614184_Party-In-Your-Pants-LONDON---MAYhem_1024.webp,https://www.skiddle.com/whats-on/London/Low-Profile-Studios/Party-In-Your-Pants-LONDON---MAYhem/42421281/,2026-07-24,2026-07-24T22:00:00+00:00,2026-07-25T04:00:00+00:00,"Topless, inclusive feminist, neon paint party for all genders. Fiercely anti-harassment.","{'doorsopen': '22:00', 'doorsclose': '04:00', 'lastentry': '01:45'}",18,,0,0,True,"{'minPrice': 0, 'maxPrice': 0}",,public,,False,{'enabled': False},#080808,GBP,"[{'artistid': '123596195', 'name': 'Charlie Duncan', 'image': 'https://d1mdxzfl9p8pzo.cloudfront.net/5/123596195_c66b08f5_1024.jpg', 'spotifyartisturl': 'spotify:artist:7BLJfFN7Dl4qwU00vdJOgw'}]","[{'genreid': '8', 'name': 'Drum and Bass'}, {'genreid': '15', 'name': 'Acid House'}, {'genreid': '30', 'name': 'Cheesy Dance'}, {'genreid': '57', 'name': 'Disco'}]",[]
42534097,2293836,False,2293836,False,0,CLUB,"FABRICLIVE: Fabio & Grooverider, Djinn, Diagnostix, dogger, Gaia",0,,,,,"{'id': 106931, 'name': 'Fabric London', 'address': '77A Charterhouse St', 'town': 'London', 'postcode_lookup': 'London', 'postcode': 'EC1M6HJ', 'region': 'London', 'country': 'GB', 'phone': '', 'latitude': 51.5195736, 'longitude': -0.1025053, 'type': 'Nightclub', 'rating': 4, 'reviewCount': 525, 'distance': 2251.0641729212593}",https://d31fr2pwly4c4s.cloudfront.net/0/e/2/2293836_8f36ec32_fabriclive-fabio-grooverider-djinn-diagnostix-dogger-gaia_th.jpg,https://d31fr2pwly4c4s.cloudfront.net/0/e/2/2293836_8f36ec32_fabriclive-fabio-grooverider-djinn-diagnostix-dogger-gaia.jpg,https://d31fr2pwly4c4s.cloudfront.net/0/e/2/2293836_8f36ec32_fabriclive-fabio-grooverider-djinn-diagnostix-dogger-gaia_1024.jpg,https://d31fr2pwly4c4s.cloudfront.net/0/e/2/2293836_8f36ec32_fabriclive-fabio-grooverider-djinn-diagnostix-dogger-gaia_1024.webp,https://www.skiddle.com/whats-on/London/Fabric-London/FABRICLIVE-Fabio--Grooverider-Djinn-Diagnostix-dogger-Gaia/42534097/,2026-07-24,2026-07-24T23:00:00+00:00,2026-07-25T06:00:00+00:00,"Entry 18+. Please remember to bring ID with you. No ID, no Entry.","{'doorsopen': '23:00', 'doorsclose': '06:00', 'lastentry': ''}",18,,0,0,True,"{'minPrice': 10, 'maxPrice': 49}",,public,,False,{'enabled': False},#080808,GBP,"[{'artistid': '123527360', 'name': 'MC GQ', 'image': 'https://d1mdxzfl9p8pzo.cloudfront.net/0/123527360_1_1024.jpg', 'spotifyartisturl': 'spotify:artist:5TPHXAqLtiWJi5EkTtLxoi'}, {'artistid': '123459811', 'name': 'Djinn', 'image': 'https://d1mdxzfl9p8pzo.cloudfront.net/1/123459811_4_1024.jpg', 'spotifyartisturl': 'spotify:artist:4USqtEZcXxf8ATtOrqNG9L'}, {'artistid': '123565023', 'name': 'Olivia Rose', 'image': 'https://d1plawd8huk6hh.cloudfront.net/assets/default400.png', 'spotifyartisturl': 'spotify:artist:55EcMrZOMG0MMhS2GezigU'}, {'artistid': '123577079', 'name': 'Scuffed', 'image': 'https://d1plawd8huk6hh.cloudfront.net/assets/default400.png', 'spotifyartisturl': 'spotify:artist:5gk7SCbjOQhObM1jRySXdC'}, {'artistid': '123578072', 'name': 'Dogger', 'image': 'https://d1mdxzfl9p8pzo.cloudfront.net/2/123578072_1_1024.jpg', 'spotifyartisturl': 'spotify:artist:79gz89B3EUt31SNQVQW1tU'}, {'artistid': '123580302', 'name': 'Diagnostix', 'image': 'https://d1plawd8huk6hh.cloudfront.net/assets/default400.png', 'spotifyartisturl': 'spotify:artist:1KBqYPChHN4Bn4iZ9uRQu5'}, {'artistid': '123592589', 'name': 'J Bookey', 'image': 'https://d1mdxzfl9p8pzo.cloudfront.net/9/123592589_cbc5fc0c_1024.jpg', 'spotifyartisturl': 'spotify:artist:2fnWn2arMNwYLP2OURItc2'}]",[],[]
42517711,2289992,False,2289992,False,0,CLUB,Pop & RnB All Night Long - Limited Free Tickets,0,,,,,"{'id': 115976, 'name': 'Lightbox London,', 'address': '6 South Lambeth Place', 'town': 'London', 'postcode_lookup': 'London', 'postcode': 'SW8 1SP', 'region': 'London', 'country': 'GB', 'phone': '', 'latitude': 51.485189, 'longitude': -0.1236522, 'type': 'Nightclub', 'rating': 3, 'reviewCount': 743, 'distance': 2443.880420246338}",https://d31fr2pwly4c4s.cloudfront.net/4/0/8/2289992_ac5d0f38_pop-rnb-all-night-long-limited-free-tickets_th.jpg,https://d31fr2pwly4c4s.cloudfront.net/4/0/8/2289992_ac5d0f38_pop-rnb-all-night-long-limited-free-tickets.jpg,https://d31fr2pwly4c4s.cloudfront.net/4/0/8/2289992_ac5d0f38_pop-rnb-all-night-long-limited-free-tickets_1024.jpg,https://d31fr2pwly4c4s.cloudfront.net/4/0/8/2289992_ac5d0f38_pop-rnb-all-night-long-limited-free-tickets_1024.webp,https://www.skiddle.com/whats-on/London/Lightbox-London%2C/Pop--RnB-All-Night-Long---Limited-Free-Tickets/42517711/,2026-07-24,2026-07-24T23:00:00+00:00,2026-07-25T05:00:00+00:00,"Join us every Friday at London super-club LIGHTBOX for London's Best Free Party! 

Free Entry Before 23:30 Tickets Limited Availability!","{'doorsopen': '23:00', 'doorsclose': '05:00', 'lastentry': '02:00'}",18,,0,0,True,"{'minPrice': 0, 'maxPrice': 12}",,public,,False,{'enabled': False},#f8f818,GBP,[],"[{'genreid': '4', 'name': 'R&B'}, {'genreid': '20', 'name': 'Pop'}, {'genreid': '39', 'name': 'Hip Hop'}]",[]
42527872,2291452,False,2291452,False,0,CLUB,NEUROHEADZ x MONSTER ENERGY: LOCKED IN,0,,,,,"{'id': 112458, 'name': 'Oslo Hackney London', 'address': '1A Amhurst Road', 'town': 'London', 'postcode_lookup': 'London', 'postcode': 'E8 1JB', 'region': 'London', 'country': 'GB', 'phone': '', 'latitude': 51.5471772, 'longitude': -0.0554208, 'type': 'bar', 'rating': 4, 'reviewCount': 85, 'distance': 6720.781709324598}",https://d31fr2pwly4c4s.cloudfront.net/2/5/0/2291452_e122a244_neuroheadz-x-monster-energy-locked-in_th.jpg,https://d31fr2pwly4c4s.cloudfront.net/2/5/0/2291452_e122a244_neuroheadz-x-monster-energy-locked-in.jpg,https://d31fr2pwly4c4s.cloudfront.net/2/5/0/2291452_e122a244_neuroheadz-x-monster-energy-locked-in_1024.jpg,https://d31fr2pwly4c4s.cloudfront.net/2/5/0/2291452_e122a244_neuroheadz-x-monster-energy-locked-in_1024.webp,https://www.skiddle.com/whats-on/London/Oslo-Hackney-London/NEUROHEADZ-x-MONSTER-ENERGY-LOCKED-IN/42527872/,2026-07-24,2026-07-24T23:00:00+00:00,2026-07-25T03:30:00+00:00,An exciting new event concept bought to you by Neuroheadz & Monster Energy,"{'doorsopen': '23:00', 'doorsclose': '03:30', 'lastentry': '00:00'}",18,,0,0,True,"{'minPrice': 0, 'maxPrice': 0}",,public,,False,{'enabled': False},#080808,GBP,[],[],[]
41942713,2186086,False,KRquHfCFaS,False,0,CLUB,Afrobeats Fridays,0,,,,,"{'id': 115894, 'name': 'CQ Lounge', 'address': '9 Warspite Road', 'town': 'London', 'postcode_lookup': 'London', 'postcode': 'SE18 5NU', 'region': 'London', 'country': 'GB', 'phone': '', 'latitude': 51.4943349, 'longitude': 0.0451715, 'type': 'Nightclub', 'rating': 0, 'reviewCount': 0, 'distance': 12069.289845743213}",https://d31fr2pwly4c4s.cloudfront.net/a/3/4/2186030_c05e86c2_afrobeats-fridays_th.jpg,https://d31fr2pwly4c4s.cloudfront.net/a/3/4/2186030_c05e86c2_afrobeats-fridays.jpg,https://d31fr2pwly4c4s.cloudfront.net/a/3/4/2186030_c05e86c2_afrobeats-fridays_1024.jpg,https://d31fr2pwly4c4s.cloudfront.net/a/3/4/2186030_c05e86c2_afrobeats-fridays_1024.webp,https://www.skiddle.com/whats-on/London/CQ-Lounge/Afrobeats-Fridays/41942713/,2026-07-24,2026-07-24T23:00:00+00:00,2026-07-25T05:00:00+00:00,"AFROBEATS FRIDAYS @ CQ LOUNGE
Get ready for the hottest Friday night in the city as Afrobeats Fridays takes over CQ Lounge every week.","{'doorsopen': '23:00', 'doorsclose': '05:00', 'lastentry': '03:00'}",18,,0,0,True,"{'minPrice': 0, 'maxPrice': 10}",,public,,False,{'enabled': False},,GBP,[],"[{'genreid': '4', 'name': 'R&B'}, {'genreid': '22', 'name': 'Funky House'}, {'genreid': '39', 'name': 'Hip Hop'}, {'genreid': '95', 'name': 'Afrobeat'}, {'genreid': '110', 'name': 'Amapiano'}]",[]
42519893,2290138,False,2290138,False,0,CLUB,A:M After Hours,0,,,,,"{'id': 115976, 'name': 'Lightbox London,', 'address': '6 South Lambeth Place', 'town': 'London', 'postcode_lookup': 'London', 'postcode': 'SW8 1SP', 'region': 'London', 'country': 'GB', 'phone': '', 'latitude': 51.485189, 'longitude': -0.1236522, 'type': 'Nightclub', 'rating': 3, 'reviewCount': 743, 'distance': 2443.880420246338}",https://d31fr2pwly4c4s.cloudfront.net/1/f/7/2290138_8f701c06_a-m-after-hours_th.jpg,https://d31fr2pwly4c4s.cloudfront.net/1/f/7/2290138_8f701c06_a-m-after-hours.jpg,https://d31fr2pwly4c4s.cloudfront.net/1/f/7/2290138_8f701c06_a-m-after-hours_1024.jpg,https://d31fr2pwly4c4s.cloudfront.net/1/f/7/2290138_8f701c06_a-m-after-hours_1024.webp,https://www.skiddle.com/whats-on/London/Lightbox-London%2C/AM-After-Hours/42519893/,2026-07-25,2026-07-25T03:00:00+00:00,2026-07-25T10:00:00+00:00,Friday Nights Biggest After Hours! Party With Us UNTIL 10AM! Dirty House Beats All Night Long with Club Kid Hosts & Dancers.,"{'doorsopen': '03:00', 'doorsclose': '10:00', 'lastentry': ''}",18,,0,0,True,"{'minPrice': 0, 'maxPrice': 15}",,public,,False,{'enabled': False},#080808,GBP,[],"[{'genreid': '1', 'name': 'House'}, {'genreid': '14', 'name': 'Tech House'}, {'genreid': '20', 'name': 'Pop'}]",[]
42497759,2283364,False,2283364,False,0,CLUB,Thegoodgrooves Saturday Brunch,0,,,,,"{'id': 132838, 'name': 'The Woodcote Flying Club', 'address': 'Hillcrest House', 'town': 'Wallington', 'postcode_lookup': 'Sutton', 'postcode': 'SM6 0LT', 'region': 'London', 'country': 'GB', 'phone': '', 'latitude': 51.3580894, 'longitude': -0.1490727, 'type': 'bar', 'rating': 4, 'reviewCount': 13, 'distance': 16622.4428505835}",https://d31fr2pwly4c4s.cloudfront.net/8/a/4/2283364_69904955_Thegoodgrooves-Saturday-Brunch_th.jpg,https://d31fr2pwly4c4s.cloudfront.net/8/a/4/2283364_69904955_Thegoodgrooves-Saturday-Brunch.jpg,https://d31fr2pwly4c4s.cloudfront.net/8/a/4/2283364_69904955_Thegoodgrooves-Saturday-Brunch_1024.jpg,https://d31fr2pwly4c4s.cloudfront.net/8/a/4/2283364_69904955_Thegoodgrooves-Saturday-Brunch_1024.webp,https://www.skiddle.com/whats-on/Sutton/The-Woodcote-Flying-Club/Thegoodgrooves-Saturday-Brunch/42497759/,2026-07-25,2026-07-25T11:30:00+00:00,2026-07-25T17:00:00+00:00,Come and join me as we return again for another one of our garden parties throughout the summer at The Flying Club in Wallington Surrey,"{'doorsopen': '11:30', 'doorsclose': '17:00', 'lastentry': '16:45'}",18,,0,0,True,"{'minPrice': 10, 'maxPrice': 192}",,public,,False,{'enabled': False},#080808,GBP,"[{'artistid': '123561189', 'name': 'DJ Charlie Brown', 'image': 'https://d1mdxzfl9p8pzo.cloudfront.net/9/123561189_7_1024.jpg', 'spotifyartisturl': None}]","[{'genreid': '19', 'name': 'Old Skool'}, {'genreid': '21', 'name': 'Club Classics'}]",[]
42561963,2296404,False,w5iyEjL47y,False,0,CLUB,Arcade Nights Every Saturday @ NQ64 Soho,0,,,,,"{'id': 125071, 'name': 'NQ64 SOHO', 'address': '53 Berwick St, London W1F 8SP', 'town': 'London', 'postcode_lookup': 'London', 'postcode': 'W1F 8SP', 'region': 'London', 'country': 'GB', 'phone': '', 'latitude': 51.5155446, 'longitude': -0.1364362, 'type': 'bar', 'rating': 3, 'reviewCount': 4, 'distance': 1115.1500102547207}",https://d31fr2pwly4c4s.cloudfront.net/4/7/2/2254710_f7f2ec11_arcade-nights-every-saturday-nq64-soho_th.jpg,https://d31fr2pwly4c4s.cloudfront.net/4/7/2/2254710_f7f2ec11_arcade-nights-every-saturday-nq64-soho.jpg,https://d31fr2pwly4c4s.cloudfront.net/4/7/2/2254710_f7f2ec11_arcade-nights-every-saturday-nq64-soho_1024.jpg,https://d31fr2pwly4c4s.cloudfront.net/4/7/2/2254710_f7f2ec11_arcade-nights-every-saturday-nq64-soho_1024.webp,https://www.skiddle.com/whats-on/London/NQ64-SOHO/Arcade-Nights-Every-Saturday--NQ64-Soho/42561963/,2026-07-25,2026-07-25T12:00:00+00:00,2026-07-26T03:00:00+00:00,"Arcade Night at NQ64 every Monday
5 game tokens plus drinks from £3.50
50+ arcade games in an underground bar","{'doorsopen': '12:00', 'doorsclose': '03:00', 'lastentry': '02:00'}",18,,0,0,True,"{'minPrice': 6.5, 'maxPrice': 8.5}",,public,,False,{'enabled': False},,GBP,[],[],[]
42352770,2249622,False,2249622,False,0,CLUB,Ibiza Anthems Brunch Rooftop Party,0,,,,,"{'id': 122162, 'name': 'Night Tales Loft', 'address': '207, 1 Westgate St, London', 'town': 'London', 'postcode_lookup': 'London', 'postcode': 'E8 3RL', 'region': 'London', 'country': 'GB', 'phone': '', 'latitude': 51.5374407, 'longitude': -0.0579347, 'type': 'Nightclub', 'rating': 4, 'reviewCount': 6, 'distance': 5912.394516476655}",https://d31fr2pwly4c4s.cloudfront.net/1/5/d/2249622_49643577_Ibiza-Anthems-Brunch-Rooftop-Party_th.jpg,https://d31fr2pwly4c4s.cloudfront.net/1/5/d/2249622_49643577_Ibiza-Anthems-Brunch-Rooftop-Party.jpg,https://d31fr2pwly4c4s.cloudfront.net/1/5/d/2249622_49643577_Ibiza-Anthems-Brunch-Rooftop-Party_1024.jpg,https://d31fr2pwly4c4s.cloudfront.net/1/5/d/2249622_49643577_Ibiza-Anthems-Brunch-Rooftop-Party_1024.webp,https://www.skiddle.com/whats-on/London/Night-Tales-Loft/Ibiza-Anthems-Brunch-Rooftop-Party/42352770/,2026-07-25,2026-07-25T12:00:00+00:00,2026-07-25T20:00:00+00:00,IAB return to the capital for an unmissable Rooftop party at Night Tales Loft in East London!,"{'doorsopen': '12:00', 'doorsclose': '20:00', 'lastentry': '17:00'}",18,,0,0,True,"{'minPrice': 17.5, 'maxPrice': 17.5}",,public,,False,{'enabled': False},#f8f8e8,GBP,[],"[{'genreid': '1', 'name': 'House'}, {'genreid': '10', 'name': 'Deep House'}, {'genreid': '12', 'name': 'Retro House'}, {'genreid': '14', 'name': 'Tech House'}]",[]
42502443,2284235,False,2284235,False,0,CLUB,RnB Vs Bashment Brunch,1,2026-07-09 17:56:59,cancelled,Automatic cancellation: All future dates in the event series have been cancelled,,"{'id': 140036, 'name': 'Blac Lounge', 'address': '1302 High Road', 'town': 'London', 'postcode_lookup': 'London', 'postcode': 'N20 9HJ', 'region': 'London', 'country': 'GB', 'phone': '', 'latitude': 51.6312466, 'longitude': -0.1748574, 'type': 'bar', 'rating': 0, 'reviewCount': 0, 'distance': 14190.118248160366}",https://d31fr2pwly4c4s.cloudfront.net/c/6/b/2284235_981e2af7_rnb-vs-bashment-brunch_th.jpg,https://d31fr2pwly4c4s.cloudfront.net/c/6/b/2284235_981e2af7_rnb-vs-bashment-brunch.jpg,https://d31fr2pwly4c4s.cloudfront.net/c/6/b/2284235_981e2af7_rnb-vs-bashment-brunch_1024.jpg,https://d31fr2pwly4c4s.cloudfront.net/c/6/b/2284235_981e2af7_rnb-vs-bashment-brunch_1024.webp,https://www.skiddle.com/whats-on/London/Blac-Lounge/RnB-Vs-Bashment-Brunch/42502443/,2026-07-25,2026-07-25T12:00:00+00:00,2026-07-25T17:00:00+00:00,"We bring you the best of RnB & Bashment together for a feel-good brunch party for foodies, drinks, DJs, games & birthday vibes!","{'doorsopen': '12:00', 'doorsclose': '17:00', 'lastentry': '15:30'}",,,0,0,False,"{'minPrice': 15, 'maxPrice': 500}",,public,,False,{'enabled': False},#f8f8f8,GBP,"[{'artistid': '123610156', 'name': 'Shay Mula', 'image': 'https://d1mdxzfl9p8pzo.cloudfront.net/6/123610156_f54d411d_1024.jpg', 'spotifyartisturl': 'spotify:artist:3g75KaSPS8HaMD5SIeHTLX'}]","[{'genreid': '3', 'name': 'UK Garage'}, {'genreid': '4', 'name': 'R&B'}, {'genreid': '24', 'name': 'Dancehall'}, {'genreid': '43', 'name': 'Soul'}]",[]
42136164,2213041,False,2213041,False,0,CLUB,Get Reloaded presents 25 Years of Amber D,0,,,,,"{'id': 108465, 'name': 'Rolling Stock', 'address': '48 Kingsland Road', 'town': 'London', 'postcode_lookup': 'London', 'postcode': 'E2 8DA', 'region': 'London', 'country': 'GB', 'phone': '', 'latitude': 51.528584, 'longitude': -0.077675, 'type': 'Nightclub', 'rating': 4, 'reviewCount': 142, 'distance': 4229.1404895730475}",https://d31fr2pwly4c4s.cloudfront.net/8/7/1/2213041_26586c16_get-reloaded-presents-25-years-of-amber-d_th.jpg,https://d31fr2pwly4c4s.cloudfront.net/8/7/1/2213041_26586c16_get-reloaded-presents-25-years-of-amber-d.jpg,https://d31fr2pwly4c4s.cloudfront.net/8/7/1/2213041_26586c16_get-reloaded-presents-25-years-of-amber-d_1024.jpg,https://d31fr2pwly4c4s.cloudfront.net/8/7/1/2213041_26586c16_get-reloaded-presents-25-years-of-amber-d_1024.webp,https://www.skiddle.com/whats-on/London/Rolling-Stock/Get-Reloaded-presents-25-Years-of-Amber-D/42136164/,2026-07-25,2026-07-25T13:00:00+00:00,2026-07-25T20:00:00+00:00,Get Reloaded is proud to be supporting Amber D's 25th Anniversary Tour! It's time to give this legend the celebration she deserves.,"{'doorsopen': '13:00', 'doorsclose': '20:00', 'lastentry': '19:00'}",18,,0,0,True,"{'minPrice': 10, 'maxPrice': 20}",,public,,False,{'enabled': False},#981808,GBP,"[{'artistid': '123461769', 'name': 'Amber D', 'image': 'https://d1mdxzfl9p8pzo.cloudfront.net/9/123461769_1_267.jpg', 'spotifyartisturl': 'spotify:artist:3XKFwd5psu31LJUnt2V6W5'}]","[{'genreid': '16', 'name': 'Hard House'}, {'genreid': '28', 'name': 'Hard Trance'}, {'genreid': '81', 'name': 'Hard Dance'}]",[]
42516658,2289387,False,2289387,False,0,CLUB,Love Come Down 5,0,,,,,"{'id': 80306, 'name': 'The George Staples', 'address': '273 Blackfen Road', 'town': 'Blackfen', 'postcode_lookup': 'Dartford', 'postcode': 'DA15 8PR', 'region': 'Kent', 'country': 'GB', 'phone': '', 'latitude': 51.450732, 'longitude': 0.102911, 'type': 'bar', 'rating': 0, 'reviewCount': 0, 'distance': 17171.62838144368}",https://d31fr2pwly4c4s.cloudfront.net/d/7/0/2289387_9d505082_love-come-down-5_th.jpg,https://d31fr2pwly4c4s.cloudfront.net/d/7/0/2289387_9d505082_love-come-down-5.jpg,https://d31fr2pwly4c4s.cloudfront.net/d/7/0/2289387_9d505082_love-come-down-5_1024.jpg,https://d31fr2pwly4c4s.cloudfront.net/d/7/0/2289387_9d505082_love-come-down-5_1024.webp,https://www.skiddle.com/whats-on/Dartford/The-George-Staples/Love-Come-Down-5/42516658/,2026-07-25,2026-07-25T13:30:00+00:00,2026-07-25T22:15:00+00:00,"Love Come Down Summer Garden Party  House, Disco & Old School Classics with DJs & live acts. Sat 25 July at George Staples. Who's ready !","{'doorsopen': '13:30', 'doorsclose': '22:15', 'lastentry': '18:15'}",18,,0,0,True,"{'minPrice': 9.8, 'maxPrice': 16}",,public,,False,{'enabled': False},#f8c858,GBP,"[{'artistid': '123588002', 'name': 'DJ Tony R MBE', 'image': 'https://d1mdxzfl9p8pzo.cloudfront.net/2/123588002_5b3c863c_1024.jpg', 'spotifyartisturl': None}]","[{'genreid': '1', 'name': 'House'}, {'genreid': '19', 'name': 'Old Skool'}, {'genreid': '57', 'name': 'Disco'}]",[]
42259954,2228521,False,2228521,False,0,CLUB,Rattled Underground Live (London Edition),1,2026-07-09 22:43:10,cancelled,Automatic cancellation: All future dates in the event series have been cancelled,,"{'id': 19708, 'name': 'Basing House', 'address': '25 Kingsland Road', 'town': 'London', 'postcode_lookup': 'London', 'postcode': 'E2 8AA', 'region': 'London', 'country': 'GB', 'phone': '020 7688 0339', 'latitude': 51.5289, 'longitude': -0.078002, 'type': 'Nightclub', 'rating': 4, 'reviewCount': 274, 'distance': 4230.643950476438}",https://d31fr2pwly4c4s.cloudfront.net/e/7/b/2228521_c7f91d98_rattled-underground-live-london-edition-_th.jpg,https://d31fr2pwly4c4s.cloudfront.net/e/7/b/2228521_c7f91d98_rattled-underground-live-london-edition-.jpg,https://d31fr2pwly4c4s.cloudfront.net/e/7/b/2228521_c7f91d98_rattled-underground-live-london-edition-_1024.jpg,https://d31fr2pwly4c4s.cloudfront.net/e/7/b/2228521_c7f91d98_rattled-underground-live-london-edition-_1024.webp,https://www.skiddle.com/whats-on/London/Basing-House/Rattled-Underground-Live-London-Edition/42259954/,2026-07-25,2026-07-25T14:00:00+00:00,2026-07-25T21:00:00+00:00,"RATTLED UNDERGROUND LIVE lands in London! 
Snake Bite Audio brings a full-force underground hard house takeover to Basing House.","{'doorsopen': '14:00', 'doorsclose': '21:00', 'lastentry': ''}",18,,0,0,False,"{'minPrice': 10, 'maxPrice': 12.5}",,public,,False,"{'enabled': True, 'eligible': True, 'minCommission': 0, 'maxCommission': 0}",#080808,GBP,"[{'artistid': '123569432', 'name': 'Jon Hemming', 'image': 'https://d1plawd8huk6hh.cloudfront.net/assets/default400.png', 'spotifyartisturl': 'spotify:artist:0H82spE4kcV8ljYbHulLfV'}, {'artistid': '123601756', 'name': 'Andy Roden', 'image': 'https://d1mdxzfl9p8pzo.cloudfront.net/6/123601756_0889cb76_1024.jpg', 'spotifyartisturl': 'spotify:artist:4EU47EUie0HtbRrZuRg2qy'}, {'artistid': '123604415', 'name': 'Double Trouble AKA Preacher & Hornsby', 'image': 'https://d1mdxzfl9p8pzo.cloudfront.net/5/123604415_40b99fab_1024.jpg', 'spotifyartisturl': None}]","[{'genreid': '16', 'name': 'Hard House'}, {'genreid': '28', 'name': 'Hard Trance'}, {'genreid': '81', 'name': 'Hard Dance'}, {'genreid': '114', 'name': 'Bounce'}]",[]
42491722,2282326,False,2282326,False,0,CLUB,Charley Says Daytime Party,0,,,,,"{'id': 139953, 'name': 'Loud Lounge', 'address': 'Queen Elizabeth Rd', 'town': 'Kingston-upon-thames', 'postcode_lookup': 'Kingston-Upon-Thames', 'postcode': 'KT26RH', 'region': 'London', 'country': 'GB', 'phone': '', 'latitude': 51.4116629, 'longitude': -0.2964885, 'type': 'Nightclub', 'rating': 0, 'reviewCount': 0, 'distance': 15768.537359537211}",https://d31fr2pwly4c4s.cloudfront.net/d/0/7/2282326_ad6e4eec_charley-says-daytime-party_th.jpg,https://d31fr2pwly4c4s.cloudfront.net/d/0/7/2282326_ad6e4eec_charley-says-daytime-party.jpg,https://d31fr2pwly4c4s.cloudfront.net/d/0/7/2282326_ad6e4eec_charley-says-daytime-party_1024.jpg,https://d31fr2pwly4c4s.cloudfront.net/d/0/7/2282326_ad6e4eec_charley-says-daytime-party_1024.webp,https://www.skiddle.com/whats-on/Kingston-Upon-Thames/Loud-Lounge/Charley-Says-Daytime-Party/42491722/,2026-07-25,2026-07-25T14:00:00+00:00,2026-07-25T22:00:00+00:00,A quality House Music Daytime experience without travelling to central London. Huge Sound and big name Djs.,"{'doorsopen': '14:00', 'doorsclose': '22:00', 'lastentry': '21:00'}",18,,0,0,True,"{'minPrice': 10, 'maxPrice': 15}",,public,,False,{'enabled': False},#080808,GBP,"[{'artistid': '123486130', 'name': 'Jumping Jack Frost', 'image': 'https://d1mdxzfl9p8pzo.cloudfront.net/0/123486130_1_1024.jpg', 'spotifyartisturl': 'spotify:artist:3kqd6xEHvPGeKjn3Rhgzzr'}, {'artistid': '123534206', 'name': 'Jumpin Jack Frost', 'image': 'https://d1mdxzfl9p8pzo.cloudfront.net/6/123534206_1_1024.jpg', 'spotifyartisturl': 'spotify:artist:4ATb2sOmVCBIURq5P3Fkn8'}]","[{'genreid': '1', 'name': 'House'}, {'genreid': '3', 'name': 'UK Garage'}]",[]
42400713,2258367,False,2258367,False,0,CLUB,"An Afternoon of Emo & 90s, 00s Rock Daytime Special (3pm-7pm)",0,,,,,"{'id': 2463, 'name': 'The Phoenix', 'address': '37 Cavendish Square', 'town': 'London', 'postcode_lookup': 'London', 'postcode': 'W1G 0PP', 'region': 'London', 'country': 'GB', 'phone': '020 7493 8003', 'latitude': 51.516125, 'longitude': -0.143586, 'type': 'Nightclub', 'rating': 4, 'reviewCount': 2, 'distance': 1480.8427795163952}",https://d31fr2pwly4c4s.cloudfront.net/9/f/b/2258367_0ca7d51e_an-afternoon-of-rock-90s-00s-emo-daytime-special-3pm-7pm-_th.jpg,https://d31fr2pwly4c4s.cloudfront.net/9/f/b/2258367_0ca7d51e_an-afternoon-of-rock-90s-00s-emo-daytime-special-3pm-7pm-.jpg,https://d31fr2pwly4c4s.cloudfront.net/9/f/b/2258367_0ca7d51e_an-afternoon-of-rock-90s-00s-emo-daytime-special-3pm-7pm-_1024.jpg,https://d31fr2pwly4c4s.cloudfront.net/9/f/b/2258367_0ca7d51e_an-afternoon-of-rock-90s-00s-emo-daytime-special-3pm-7pm-_1024.webp,https://www.skiddle.com/whats-on/London/The-Phoenix/An-Afternoon-of-Emo--90s-00s-Rock-Daytime-Special-3pm-7pm/42400713/,2026-07-25,2026-07-25T15:00:00+00:00,2026-07-25T19:00:00+00:00,"Join us for this special edition of An Afternoon of Rock, where we concentrate solely on the best 90s, 00s & Emo rock hits!","{'doorsopen': '15:00', 'doorsclose': '19:00', 'lastentry': '18:00'}",18,,0,0,True,"{'minPrice': 9, 'maxPrice': 9}",,public,,False,{'enabled': False},#28a858,GBP,[],"[{'genreid': '5', 'name': 'Rock'}, {'genreid': '27', 'name': 'Metal'}, {'genreid': '85', 'name': 'Nu Metal'}, {'genreid': '88', 'name': 'Emo'}, {'genreid': '113', 'name': 'Pop Punk'}]",[]
42321435,2241582,False,2241582,False,0,CLUB,Planet V BBQ,0,,,,,"{'id': 13254, 'name': 'Electric Ballroom', 'address': '184 Camden High Street', 'town': 'Camden Town', 'postcode_lookup': 'London', 'postcode': 'NW1 8QP', 'region': 'London', 'country': 'GB', 'phone': '020 7485 9006', 'latitude': 51.539701, 'longitude': -0.143032, 'type': 'live', 'rating': 4, 'reviewCount': 525, 'distance': 3781.9927036745935}",https://d31fr2pwly4c4s.cloudfront.net/2/5/4/2241582_9b5bfe8e_planet-v-bbq_th.jpg,https://d31fr2pwly4c4s.cloudfront.net/2/5/4/2241582_9b5bfe8e_planet-v-bbq.jpg,https://d31fr2pwly4c4s.cloudfront.net/2/5/4/2241582_9b5bfe8e_planet-v-bbq_1024.jpg,https://d31fr2pwly4c4s.cloudfront.net/2/5/4/2241582_9b5bfe8e_planet-v-bbq_1024.webp,https://www.skiddle.com/whats-on/London/Electric-Ballroom/Planet-V-BBQ/42321435/,2026-07-25,2026-07-25T15:00:00+00:00,2026-07-25T22:00:00+00:00,Planet V returns to Camden for a heavyweight two-area daytime takeover this July,"{'doorsopen': '15:00', 'doorsclose': '22:00', 'lastentry': ''}",18,,0,0,True,"{'minPrice': 10, 'maxPrice': 80}",,public,,False,{'enabled': False},#e8e8d8,GBP,[],"[{'genreid': '8', 'name': 'Drum and Bass'}, {'genreid': '80', 'name': 'Jungle'}]",[]
42508186,2286385,False,2286385,False,0,CLUB,The Elmhurst Summer Garden Party with The Ukulele Ska Collective,0,,,,,"{'id': 67616, 'name': 'The Elmhurst', 'address': '131 Lordship Lane', 'town': 'London', 'postcode_lookup': 'London', 'postcode': 'N17 6XE', 'region': 'London', 'country': 'GB', 'phone': '07542782238', 'latitude': 51.598443, 'longitude': -0.075235, 'type': 'bar', 'rating': 5, 'reviewCount': 1, 'distance': 10802.67063489544}",https://d31fr2pwly4c4s.cloudfront.net/9/e/b/2286385_95728225_The-Elmhurst-Summer-Garden-Party-with-The-Ukulele-Ska-Collective_th.jpg,https://d31fr2pwly4c4s.cloudfront.net/9/e/b/2286385_95728225_The-Elmhurst-Summer-Garden-Party-with-The-Ukulele-Ska-Collective.jpg,https://d31fr2pwly4c4s.cloudfront.net/9/e/b/2286385_95728225_The-Elmhurst-Summer-Garden-Party-with-The-Ukulele-Ska-Collective_1024.jpg,https://d31fr2pwly4c4s.cloudfront.net/9/e/b/2286385_95728225_The-Elmhurst-Summer-Garden-Party-with-The-Ukulele-Ska-Collective_1024.webp,https://www.skiddle.com/whats-on/London/The-Elmhurst/The-Elmhurst-Summer-Garden-Party-with-The-Ukulele-Ska-Collective/42508186/,2026-07-25,2026-07-25T15:00:00+00:00,2026-07-25T22:30:00+00:00,Join us for a fantastic Summer Garden Party featuring the wonderful The Ukulele Ska Collective &  DJ support/ free tickets include 2 for 1 cocktails,"{'doorsopen': '15:00', 'doorsclose': '22:30', 'lastentry': '22:30'}",18,,0,0,True,"{'minPrice': 0, 'maxPrice': 0}",,public,,False,{'enabled': False},#f8f8f8,GBP,[],"[{'genreid': '41', 'name': 'Ska'}, {'genreid': '43', 'name': 'Soul'}, {'genreid': '68', 'name': 'Reggae'}, {'genreid': '103', 'name': 'Dub'}]",[]
42482517,2278853,False,2278853,False,0,CLUB,Country Music Brunch | Sutton SM1 1DJ,0,,,,,"{'id': 136527, 'name': ""Ranger's Bar Lounge And Restaurant"", 'address': '33-35 High street', 'town': 'Sutton', 'postcode_lookup': 'Sutton', 'postcode': 'Sm1 1dj', 'region': 'London', 'country': 'GB', 'phone': '07899309683', 'latitude': 51.3608889, 'longitude': -0.1921675, 'type': 'bar', 'rating': 4, 'reviewCount': 16, 'distance': 16844.7509101932}",https://d31fr2pwly4c4s.cloudfront.net/4/1/c/2278853_075a0f6f_country-music-brunch-sutton-sm1-1dj_th.jpg,https://d31fr2pwly4c4s.cloudfront.net/4/1/c/2278853_075a0f6f_country-music-brunch-sutton-sm1-1dj.jpg,https://d31fr2pwly4c4s.cloudfront.net/4/1/c/2278853_075a0f6f_country-music-brunch-sutton-sm1-1dj_1024.jpg,https://d31fr2pwly4c4s.cloudfront.net/4/1/c/2278853_075a0f6f_country-music-brunch-sutton-sm1-1dj_1024.webp,https://www.skiddle.com/whats-on/Sutton/Ranger%27s-Bar-Lounge-And-Restaurant/Country-Music-Brunch--Sutton-SM1-1DJ/42482517/,2026-07-25,2026-07-25T15:00:00+00:00,2026-07-25T20:00:00+00:00,"Join us for a day of Country Music Vibes 

Saturday 25th July","{'doorsopen': '15:00', 'doorsclose': '20:00', 'lastentry': ''}",16,,0,0,True,"{'minPrice': 34, 'maxPrice': 34}",,public,,False,{'enabled': False},#080808,GBP,[],[],[]
42000627,2200211,False,2200211,False,0,CLUB,Cheeky House,0,,,,,"{'id': 130226, 'name': 'The Golden Crane, Upminster', 'address': 'Avon Road', 'town': 'Upminster', 'postcode_lookup': 'Romford', 'postcode': 'RM14 1RQ', 'region': 'London', 'country': 'GB', 'phone': '', 'latitude': 51.5688258, 'longitude': 0.2665776, 'type': 'Nightclub', 'rating': 5, 'reviewCount': 1, 'distance': 28142.708663922935}",https://d31fr2pwly4c4s.cloudfront.net/c/b/8/2200211_55e6a1c8_cheeky-house_th.jpg,https://d31fr2pwly4c4s.cloudfront.net/c/b/8/2200211_55e6a1c8_cheeky-house.jpg,https://d31fr2pwly4c4s.cloudfront.net/c/b/8/2200211_55e6a1c8_cheeky-house_1024.jpg,https://d31fr2pwly4c4s.cloudfront.net/c/b/8/2200211_55e6a1c8_cheeky-house_1024.webp,https://www.skiddle.com/whats-on/Romford/The-Golden-Crane%2C-Upminster/Cheeky-House/42000627/,2026-07-25,2026-07-25T15:00:00+00:00,2026-07-26T00:00:00+00:00,An all day event 3pm till midnight with the godfather or the rave scene DJ SLIPMATT alongside a stellar line up. It's house music all day/night long,"{'doorsopen': '15:00', 'doorsclose': '00:00', 'lastentry': '22:00'}",18,,0,0,True,"{'minPrice': 15, 'maxPrice': 15}",,public,,False,{'enabled': False},#081838,GBP,"[{'artistid': '123497732', 'name': 'Slipmatt', 'image': 'https://d1mdxzfl9p8pzo.cloudfront.net/2/123497732_267.jpg', 'spotifyartisturl': 'spotify:artist:0F71ra6iKMvn6ndmnaM2Lr'}]","[{'genreid': '1', 'name': 'House'}, {'genreid': '14', 'name': 'Tech House'}, {'genreid': '19', 'name': 'Old Skool'}]",[]
42587977,2303357,False,2303357,False,0,CLUB,"Semi Delicious - Day into Night: Demi Riquisimo, Eden Burns,",0,,,,,"{'id': 138299, 'name': 'Gaffe (New Location)', 'address': '1 Anthony Way', 'town': 'London', 'postcode_lookup': 'London', 'postcode': 'N18 3QT', 'region': 'London', 'country': 'GB', 'phone': '', 'latitude': 51.6084853, 'longitude': -0.040756, 'type': 'Nightclub', 'rating': 0, 'reviewCount': 0, 'distance': 12795.374413164416}",https://d31fr2pwly4c4s.cloudfront.net/3/f/9/2303357_f7bc769e_semi-delicious-day-into-night-demi-riquisimo-eden-burns-_th.jpg,https://d31fr2pwly4c4s.cloudfront.net/3/f/9/2303357_f7bc769e_semi-delicious-day-into-night-demi-riquisimo-eden-burns-.jpg,https://d31fr2pwly4c4s.cloudfront.net/3/f/9/2303357_f7bc769e_semi-delicious-day-into-night-demi-riquisimo-eden-burns-_1024.jpg,https://d31fr2pwly4c4s.cloudfront.net/3/f/9/2303357_f7bc769e_semi-delicious-day-into-night-demi-riquisimo-eden-burns-_1024.webp,https://www.skiddle.com/whats-on/London/Gaffe-%28New-Location%29/Semi-Delicious---Day-into-Night-Demi-Riquisimo-Eden-Burns/42587977/,2026-07-25,2026-07-25T16:00:00+00:00,2026-07-26T04:00:00+00:00,"Demi Riquisimo
Aldonna 
B.Love & Jhobei 
Eden Burns 
Jive Talk 
Lulah Francs 
Michelle Manetti","{'doorsopen': '16:00', 'doorsclose': '04:00', 'lastentry': ''}",18,,0,0,True,"{'minPrice': 15, 'maxPrice': 25}",,public,,False,{'enabled': False},#f86808,GBP,"[{'artistid': '123542592', 'name': 'Michelle Manetti', 'image': 'https://d1mdxzfl9p8pzo.cloudfront.net/2/123542592_1_1024.jpg', 'spotifyartisturl': 'spotify:artist:5LcNSaw8X9bRD2r0GU3DyI'}, {'artistid': '123570848', 'name': 'Jive Talk', 'image': 'https://d1mdxzfl9p8pzo.cloudfront.net/8/123570848_1_1024.jpg', 'spotifyartisturl': 'spotify:artist:2cb8ZOVWvMznWqkdSy9uWI'}, {'artistid': '123573432', 'name': 'Lulah Francs', 'image': 'https://d1mdxzfl9p8pzo.cloudfront.net/2/123573432_1_1024.jpg', 'spotifyartisturl': 'spotify:artist:23tHZ1foBtSQO2vN6NuWSc'}]",[],[]
42080900,2204014,False,2204014,False,0,CLUB,Over 30s Daytime Clubbing - Watford,0,,,,,"{'id': 136380, 'name': 'Dunnings 2', 'address': '76 The Parade', 'town': 'Watford', 'postcode_lookup': 'Watford', 'postcode': 'WD17 1AW', 'region': 'Hertfordshire', 'country': 'GB', 'phone': '', 'latitude': 51.658262, 'longitude': -0.4005271, 'type': 'bar', 'rating': 3, 'reviewCount': 18, 'distance': 25248.279777312455}",https://d31fr2pwly4c4s.cloudfront.net/0/e/2/2204014_11100061_Over-30s-Daytime-Clubbing---Watford_th.jpg,https://d31fr2pwly4c4s.cloudfront.net/0/e/2/2204014_11100061_Over-30s-Daytime-Clubbing---Watford.jpg,https://d31fr2pwly4c4s.cloudfront.net/0/e/2/2204014_11100061_Over-30s-Daytime-Clubbing---Watford_1024.jpg,https://d31fr2pwly4c4s.cloudfront.net/0/e/2/2204014_11100061_Over-30s-Daytime-Clubbing---Watford_1024.webp,https://www.skiddle.com/whats-on/Watford/Dunnings-2/Over-30s-Daytime-Clubbing---Watford/42080900/,2026-07-25,2026-07-25T16:00:00+00:00,2026-07-25T21:00:00+00:00,Over 30s Daytime Clubbing - Watford,"{'doorsopen': '16:00', 'doorsclose': '21:00', 'lastentry': '18:00'}",25,,0,0,True,"{'minPrice': 14, 'maxPrice': 14}",,public,,False,{'enabled': False},#c868e8,GBP,[],"[{'genreid': '21', 'name': 'Club Classics'}]",[]
42512922,2288207,False,2288207,False,0,CLUB,This Is APEX,0,,,,,"{'id': 137718, 'name': '45th And 7th', 'address': '45 Curtain Road', 'town': 'London', 'postcode_lookup': 'London', 'postcode': 'EC2A 3PT', 'region': 'London', 'country': 'GB', 'phone': '', 'latitude': 51.523876, 'longitude': -0.0805019, 'type': 'Other', 'rating': 5, 'reviewCount': 2, 'distance': 3784.694409577593}",https://d31fr2pwly4c4s.cloudfront.net/6/7/2/2288207_1503bf06_this-is-apex_th.jpg,https://d31fr2pwly4c4s.cloudfront.net/6/7/2/2288207_1503bf06_this-is-apex.jpg,https://d31fr2pwly4c4s.cloudfront.net/6/7/2/2288207_1503bf06_this-is-apex_1024.jpg,https://d31fr2pwly4c4s.cloudfront.net/6/7/2/2288207_1503bf06_this-is-apex_1024.webp,https://www.skiddle.com/whats-on/London/45th-And-7th/This-Is-APEX/42512922/,2026-07-25,2026-07-25T17:00:00+00:00,2026-07-25T22:00:00+00:00,"A Prime Elevated Experience.

An exclusive rooftop experience blending luxury, music, premium drinks and unforgettable energy.","{'doorsopen': '17:00', 'doorsclose': '22:00', 'lastentry': '18:30'}",18,,0,0,True,"{'minPrice': 20, 'maxPrice': 20}",,public,,False,{'enabled': False},#f8f8f8,GBP,[],"[{'genreid': '4', 'name': 'R&B'}, {'genreid': '24', 'name': 'Dancehall'}, {'genreid': '36', 'name': 'Rap'}, {'genreid': '39', 'name': 'Hip Hop'}, {'genreid': '95', 'name': 'Afrobeat'}]",[]
42276706,2233276,False,2233276,False,0,CLUB,PURE HOUSE LDN presents... its 4th birthday bash,0,,,,,"{'id': 9978, 'name': 'Horse And Groom', 'address': '28 Curtain Road', 'town': 'London', 'postcode_lookup': 'London', 'postcode': 'EC2A 3NZ', 'region': 'London', 'country': 'GB', 'phone': '0871 984 1312', 'latitude': 51.522927, 'longitude': -0.080331, 'type': 'bar', 'rating': 4, 'reviewCount': 245, 'distance': 3743.9439459782134}",https://d31fr2pwly4c4s.cloudfront.net/6/a/e/2233276_39473877_PURE-HOUSE-LDN-presents----its-4th-birthday-bash_th.jpg,https://d31fr2pwly4c4s.cloudfront.net/6/a/e/2233276_39473877_PURE-HOUSE-LDN-presents----its-4th-birthday-bash.jpg,https://d31fr2pwly4c4s.cloudfront.net/6/a/e/2233276_39473877_PURE-HOUSE-LDN-presents----its-4th-birthday-bash_1024.jpg,https://d31fr2pwly4c4s.cloudfront.net/6/a/e/2233276_39473877_PURE-HOUSE-LDN-presents----its-4th-birthday-bash_1024.webp,https://www.skiddle.com/whats-on/London/Horse-And-Groom/PURE-HOUSE-LDN-presents-its-4th-birthday-bash/42276706/,2026-07-25,2026-07-25T18:00:00+00:00,2026-07-26T02:00:00+00:00,"A celebration of House music, our community, and talent. We are keeping our 4th bday minimalistic, stripped back, raw, authentic and funky. Letz go!","{'doorsopen': '18:00', 'doorsclose': '02:00', 'lastentry': '20:00'}",25,,0,0,True,"{'minPrice': 10, 'maxPrice': 10}",,public,,False,{'enabled': False},#f8f8f8,GBP,"[{'artistid': '123513284', 'name': 'Jesse James', 'image': 'https://d1mdxzfl9p8pzo.cloudfront.net/4/123513284_1_1024.jpg', 'spotifyartisturl': 'spotify:artist:7vSl4G7S0hX7FSOuEF3eG2'}, {'artistid': '123606376', 'name': 'Dan Cluskey', 'image': 'https://d1mdxzfl9p8pzo.cloudfront.net/6/123606376_94e1b58d_1024.jpg', 'spotifyartisturl': None}]","[{'genreid': '1', 'name': 'House'}]",[]
42162648,2220025,False,2220025,False,0,CLUB,The ABBA Boat Party - 25th July 2026 SOLD OUT!,0,,,,,"{'id': 98211, 'name': 'THE DUTCH MASTER BOAT', 'address': 'Tower Millennium Pier, Three Quays Walk, London', 'town': 'London', 'postcode_lookup': 'London', 'postcode': 'EC3N 4DT', 'region': 'London', 'country': 'GB', 'phone': '', 'latitude': 51.507376, 'longitude': -0.079065, 'type': 'Other', 'rating': 4, 'reviewCount': 68, 'distance': 3387.027348644885}",https://d31fr2pwly4c4s.cloudfront.net/a/0/1/2220025_66217035_The-ABBA-Boat-Party---25th-July-2026_th.jpg,https://d31fr2pwly4c4s.cloudfront.net/a/0/1/2220025_66217035_The-ABBA-Boat-Party---25th-July-2026.jpg,https://d31fr2pwly4c4s.cloudfront.net/a/0/1/2220025_66217035_The-ABBA-Boat-Party---25th-July-2026_1024.jpg,https://d31fr2pwly4c4s.cloudfront.net/a/0/1/2220025_66217035_The-ABBA-Boat-Party---25th-July-2026_1024.webp,https://www.skiddle.com/whats-on/London/THE-DUTCH-MASTER-BOAT/The-ABBA-Boat-Party---25th-July-2026-SOLD-OUT/42162648/,2026-07-25,2026-07-25T18:45:00+00:00,2026-07-25T23:00:00+00:00,The unmissable ABBA Boat Party returns to the waves this Summer,"{'doorsopen': '18:45', 'doorsclose': '23:00', 'lastentry': '19:00'}",18,,0,0,True,"{'minPrice': 25, 'maxPrice': 30}",,public,,False,{'enabled': False},#48b8d8,GBP,[],"[{'genreid': '20', 'name': 'Pop'}, {'genreid': '57', 'name': 'Disco'}]",[]
42296545,2237077,False,2237077,False,0,CLUB,Bad Bunny Summer Party (London),0,,,,,"{'id': 104980, 'name': 'Between The Bridges', 'address': 'Jubilee Gardens, Queens Walk', 'town': 'London', 'postcode_lookup': 'London', 'postcode': 'SE1 8XX', 'region': 'London', 'country': 'GB', 'phone': '', 'latitude': 51.504813, 'longitude': -0.117548, 'type': 'Outdoors', 'rating': 4, 'reviewCount': 64, 'distance': 763.1782870806937}",https://d31fr2pwly4c4s.cloudfront.net/4/e/f/2237077_422dde71_bad-bunny-summer-party-london-_th.jpg,https://d31fr2pwly4c4s.cloudfront.net/4/e/f/2237077_422dde71_bad-bunny-summer-party-london-.jpg,https://d31fr2pwly4c4s.cloudfront.net/4/e/f/2237077_422dde71_bad-bunny-summer-party-london-_1024.jpg,https://d31fr2pwly4c4s.cloudfront.net/4/e/f/2237077_422dde71_bad-bunny-summer-party-london-_1024.webp,https://www.skiddle.com/whats-on/London/Between-The-Bridges/Bad-Bunny-Summer-Party-London/42296545/,2026-07-25,2026-07-25T19:00:00+00:00,2026-07-25T23:00:00+00:00,¡DALE! The ULTIMATE Bad Bunny Summer Party in London,"{'doorsopen': '19:00', 'doorsclose': '23:00', 'lastentry': '21:00'}",18,,0,0,True,"{'minPrice': 13, 'maxPrice': 13}",,public,,False,{'enabled': False},#d8c8b8,GBP,[],"[{'genreid': '50', 'name': 'Latin'}]",[]
42364951,2252517,False,2252517,False,0,CLUB,UK Garage & RnB Night,0,,,,,"{'id': 133627, 'name': 'LORD HILL BEXLEYHEATH', 'address': '40 Watling Street', 'town': 'Bexleyheath', 'postcode_lookup': 'Dartford', 'postcode': 'DA6 7QG', 'region': 'Kent', 'country': 'GB', 'phone': '', 'latitude': 51.455094, 'longitude': 0.154755, 'type': 'bar', 'rating': 4, 'reviewCount': 37, 'distance': 20413.51675650958}",https://d31fr2pwly4c4s.cloudfront.net/0/2/7/2252517_6335ba3b_uk-garage-rnb-night_th.jpg,https://d31fr2pwly4c4s.cloudfront.net/0/2/7/2252517_6335ba3b_uk-garage-rnb-night.jpg,https://d31fr2pwly4c4s.cloudfront.net/0/2/7/2252517_6335ba3b_uk-garage-rnb-night_1024.jpg,https://d31fr2pwly4c4s.cloudfront.net/0/2/7/2252517_6335ba3b_uk-garage-rnb-night_1024.webp,https://www.skiddle.com/whats-on/Dartford/LORD-HILL-BEXLEYHEATH/UK-Garage--RnB-Night/42364951/,2026-07-25,2026-07-25T19:00:00+00:00,2026-07-26T01:00:00+00:00,"Get ready for R&B vibes, and pure Garage energy! Join DJs M4rk, Brookie, EV5, Jake Power & MC Scottie B at The Lord Hill, Bexleyheath from 7PM-1AM.","{'doorsopen': '19:00', 'doorsclose': '01:00', 'lastentry': '21:00'}",18,,0,0,True,"{'minPrice': 5, 'maxPrice': 5}",,public,,False,{'enabled': False},#080808,GBP,[],"[{'genreid': '3', 'name': 'UK Garage'}, {'genreid': '4', 'name': 'R&B'}, {'genreid': '69', 'name': 'Bassline'}, {'genreid': '78', 'name': 'Bass Music'}]",[]
