id,listingid,isSBT,uniquelistingidentifier,hascollapsedresults,countcollapsedresults,EventCode,eventname,cancelled,cancellationDate,cancellationType,cancellationReason,rescheduledDate,venue,imageurl,largeimageurl,xlargeimageurl,xlargeimageurlWebP,link,date,startdate,enddate,description,openingtimes,minage,imgoing,goingtos,goingtocount,tickets,ticketpricing,entryprice,eventvisibility,ticketUrl,hotSeller,rep,headerHex,currency,artists,genres,healthAndSafety
42569150,2298394,False,2298394,False,0,THEATRE,The Importance of Being Earnest,0,,,,,"{'id': 140331, 'name': 'Roman Theatre Of Verulamium', 'address': 'Bluehouse Hill', 'town': 'St Albans', 'postcode_lookup': 'St-Albans', 'postcode': 'AL3 6AE', 'region': 'London', 'country': 'GB', 'phone': '', 'latitude': 51.7540857, 'longitude': -0.3582714, 'type': 'Theatre', 'rating': 0, 'reviewCount': 0, 'distance': 31740.683577753818}",https://d1plawd8huk6hh.cloudfront.net/assets/default400.png,https://d1plawd8huk6hh.cloudfront.net/assets/default400.png,https://d1plawd8huk6hh.cloudfront.net/assets/default400.png,False,https://www.skiddle.com/whats-on/St-Albans/Roman-Theatre-Of-Verulamium/The-Importance-of-Being-Earnest/42569150/,2026-07-03,2026-07-03T19:30:00+00:00,2026-07-18T22:00:00+00:00,"Jazzy, sassy, and sparkling in the open air","{'doorsopen': '19:30', 'doorsclose': '22:00', 'lastentry': ''}",,,0,0,False,,29.43,public,,False,{'enabled': False},,GBP,[],[],[]
42370108,2254350,False,1HXAJ,False,0,THEATRE,Black Is The Color Of My Voice [garrick],0,,,,,"{'id': 25670, 'name': 'The Garrick Theatre', 'address': '2 Charing Cross Road', 'town': 'London', 'postcode_lookup': 'London', 'postcode': 'WC2H 0HH', 'region': 'London', 'country': 'GB', 'phone': '0844 482 967', 'latitude': 51.5099441, 'longitude': -0.1278073, 'type': 'Theatre', 'rating': 0, 'reviewCount': 0, 'distance': 327.63752840732576}",https://d31fr2pwly4c4s.cloudfront.net/f/1/c/2254350_1776702882_black-is-the-color-of-my-voice-garrick_th.jpg,https://d31fr2pwly4c4s.cloudfront.net/f/1/c/2254350_1776702882_black-is-the-color-of-my-voice-garrick.jpg,https://d31fr2pwly4c4s.cloudfront.net/f/1/c/2254350_1776702882_black-is-the-color-of-my-voice-garrick_1024.jpg,https://d31fr2pwly4c4s.cloudfront.net/f/1/c/2254350_1776702882_black-is-the-color-of-my-voice-garrick_1024.webp,https://www.skiddle.com/whats-on/London/The-Garrick-Theatre/Black-Is-The-Color-Of-My-Voice-garrick/42370108/,2026-07-12,2026-07-12T19:00:00+00:00,2026-07-12T21:00:00+00:00,Apphia Campbell’s acclaimed play follows a singer and civil rights activist on a journey to redemption and jazz stardom.,"{'doorsopen': '15:30', 'doorsclose': '00:00', 'lastentry': '00:00'}",0,,0,0,False,,£35.40 - £47.40,public,https%3A%2F%2Fentertainment.skiddle.com%2Fbook%2F1HXAJ-black-is-the-color-of-my-voice-garrick%2F,False,{'enabled': False},,GBP,[],[],[]
42482440,2278788,False,0sYaq3EP4C,False,0,THEATRE,Sirens: The Concert Series,0,,,,,"{'id': 134956, 'name': 'The Emerald Theatre', 'address': '8 Victoria Embankment', 'town': 'London', 'postcode_lookup': 'London', 'postcode': 'WC2R 2AB', 'region': 'London', 'country': 'GB', 'phone': '', 'latitude': 51.509886, 'longitude': -0.1182697, 'type': 'Theatre', 'rating': 4, 'reviewCount': 18, 'distance': 745.9632621316904}",https://d31fr2pwly4c4s.cloudfront.net/8/0/5/2277254_75574251_sirens-the-concert-series_th.jpg,https://d31fr2pwly4c4s.cloudfront.net/8/0/5/2277254_75574251_sirens-the-concert-series.jpg,https://d31fr2pwly4c4s.cloudfront.net/8/0/5/2277254_75574251_sirens-the-concert-series_1024.jpg,https://d31fr2pwly4c4s.cloudfront.net/8/0/5/2277254_75574251_sirens-the-concert-series_1024.webp,https://www.skiddle.com/whats-on/London/The-Emerald-Theatre/Sirens-The-Concert-Series/42482440/,2026-07-12,2026-07-12T19:30:00+00:00,2026-07-12T21:00:00+00:00,"Five Women. One Sound. No apologies. A concert-theatre experience for everyone who has ever needed a night that was entirely, unapologetically theirs.","{'doorsopen': '19:30', 'doorsclose': '21:00', 'lastentry': '19:30'}",,,0,0,True,"{'minPrice': 20, 'maxPrice': 20}",,public,,False,{'enabled': False},,GBP,[],[],[]
42363211,2251646,False,1H2AJ,False,0,THEATRE,The Producers,0,,,,,"{'id': 25670, 'name': 'The Garrick Theatre', 'address': '2 Charing Cross Road', 'town': 'London', 'postcode_lookup': 'London', 'postcode': 'WC2H 0HH', 'region': 'London', 'country': 'GB', 'phone': '0844 482 967', 'latitude': 51.5099441, 'longitude': -0.1278073, 'type': 'Theatre', 'rating': 0, 'reviewCount': 0, 'distance': 327.63752840732576}",https://d31fr2pwly4c4s.cloudfront.net/c/7/f/2251646_1776401210_the-producers_th.jpg,https://d31fr2pwly4c4s.cloudfront.net/c/7/f/2251646_1776401210_the-producers.jpg,https://d31fr2pwly4c4s.cloudfront.net/c/7/f/2251646_1776401210_the-producers_1024.jpg,https://d31fr2pwly4c4s.cloudfront.net/c/7/f/2251646_1776401210_the-producers_1024.webp,https://www.skiddle.com/whats-on/London/The-Garrick-Theatre/The-Producers/42363211/,2026-07-13,2026-07-13T19:00:00+00:00,2026-07-13T21:00:00+00:00,"Mel Brooks’ The Producers transfers to the West End after a sold-out Menier run, backed by a record twelve Tony Award-winning pedigree.","{'doorsopen': '19:00', 'doorsclose': '00:00', 'lastentry': '00:00'}",0,,0,0,False,"{'minPrice': 20, 'maxPrice': 20}",£30.00 - £150.00,public,https%3A%2F%2Fentertainment.skiddle.com%2Fbook%2F1H2AJ-the-producers%2F,False,{'enabled': False},,GBP,[],[],[]
42504244,2284970,False,1J214,False,0,THEATRE,Arcadia,0,,,,,"{'id': 60029, 'name': ""Duke Of York's Theatre"", 'address': ""St Martin's Lane, London"", 'town': 'London', 'postcode_lookup': 'London', 'postcode': 'WC2N 4BG', 'region': 'London', 'country': 'GB', 'phone': '0844 871 3051', 'latitude': 51.5101643, 'longitude': -0.1275101, 'type': 'other', 'rating': 0, 'reviewCount': 0, 'distance': 353.48008599263017}",https://d31fr2pwly4c4s.cloudfront.net/c/3/b/2284970_1781526484_arcadia_th.jpg,https://d31fr2pwly4c4s.cloudfront.net/c/3/b/2284970_1781526484_arcadia.jpg,https://d31fr2pwly4c4s.cloudfront.net/c/3/b/2284970_1781526484_arcadia_1024.jpg,https://d31fr2pwly4c4s.cloudfront.net/c/3/b/2284970_1781526484_arcadia_1024.webp,https://www.skiddle.com/whats-on/London/Duke-Of-York%27s-Theatre/Arcadia/42504244/,2026-07-13,2026-07-13T19:00:00+00:00,2026-07-13T21:00:00+00:00,"Arcadia transfers to the West End in Carrie Cracknell’s critically acclaimed, witty and deeply moving production.","{'doorsopen': '19:00', 'doorsclose': '00:00', 'lastentry': '00:00'}",0,,0,0,False,"{'minPrice': 20, 'maxPrice': 20}",£24.00 - £186.00,public,https%3A%2F%2Fentertainment.skiddle.com%2Fbook%2F1J214-arcadia%2F,False,{'enabled': False},,GBP,[],[],[]
42261431,2229383,False,1HV64,False,0,THEATRE,To Kill A Mockingbird,0,,,,,"{'id': 130649, 'name': 'Wyndhams Theatre', 'address': '32 Charing Cross', 'town': 'London', 'postcode_lookup': 'London', 'postcode': 'WC2H 0DA', 'region': 'London', 'country': 'GB', 'phone': '', 'latitude': 51.5111248, 'longitude': -0.1282324, 'type': 'Theatre', 'rating': 0, 'reviewCount': 0, 'distance': 458.9381039999993}",https://d31fr2pwly4c4s.cloudfront.net/a/8/2/2229383_1773677868_to-kill-a-mockingbird_th.jpg,https://d31fr2pwly4c4s.cloudfront.net/a/8/2/2229383_1773677868_to-kill-a-mockingbird.jpg,https://d31fr2pwly4c4s.cloudfront.net/a/8/2/2229383_1773677868_to-kill-a-mockingbird_1024.jpg,https://d31fr2pwly4c4s.cloudfront.net/a/8/2/2229383_1773677868_to-kill-a-mockingbird_1024.webp,https://www.skiddle.com/whats-on/London/Wyndhams-Theatre/To-Kill-A-Mockingbird/42261431/,2026-07-13,2026-07-13T19:00:00+00:00,2026-07-13T21:00:00+00:00,Aaron Sorkin’s award-winning To Kill a Mockingbird returns in a powerful West End production with Richard Coyle.,"{'doorsopen': '19:00', 'doorsclose': '00:00', 'lastentry': '00:00'}",0,,0,0,False,"{'minPrice': 20, 'maxPrice': 20}",£24.00 - £210.00,public,https%3A%2F%2Fentertainment.skiddle.com%2Fbook%2F1HV64-to-kill-a-mockingbird%2F,False,{'enabled': False},,GBP,[],[],[]
42363216,2251651,False,1HHVY,False,0,THEATRE,"Oh, Mary!",0,,,,,"{'id': 103989, 'name': 'Trafalgar Theatre', 'address': ' 14 Whitehall', 'town': 'London', 'postcode_lookup': 'London', 'postcode': 'SW1A 2DY', 'region': 'London', 'country': 'GB', 'phone': '', 'latitude': 51.506486, 'longitude': -0.127232, 'type': 'Theatre', 'rating': 0, 'reviewCount': 0, 'distance': 78.05105205853825}",https://d31fr2pwly4c4s.cloudfront.net/b/1/b/2251651_1776401214_oh-mary_th.jpg,https://d31fr2pwly4c4s.cloudfront.net/b/1/b/2251651_1776401214_oh-mary.jpg,https://d31fr2pwly4c4s.cloudfront.net/b/1/b/2251651_1776401214_oh-mary_1024.jpg,https://d31fr2pwly4c4s.cloudfront.net/b/1/b/2251651_1776401214_oh-mary_1024.webp,https://www.skiddle.com/whats-on/London/Trafalgar-Theatre/Oh-Mary/42363216/,2026-07-13,2026-07-13T19:30:00+00:00,2026-07-13T21:30:00+00:00,"Award-winning dark comedy Oh, Mary! stars Mason Alexander Park in a fast, wildly funny take on Mary Todd Lincoln.","{'doorsopen': '19:30', 'doorsclose': '00:00', 'lastentry': '00:00'}",0,,0,0,False,"{'minPrice': 20, 'maxPrice': 20}",£35.12 - £270.00,public,https%3A%2F%2Fentertainment.skiddle.com%2Fbook%2F1HHVY-oh-mary%2F,False,{'enabled': False},,GBP,[],[],[]
42363222,2251657,False,1H9ZU,False,0,THEATRE,Cabaret,0,,,,,"{'id': 60790, 'name': 'The Playhouse', 'address': 'Northumberland Avenue, London', 'town': 'London', 'postcode_lookup': 'London', 'postcode': 'WC2N 5DE', 'region': 'London', 'country': 'GB', 'phone': '0844 871 7627', 'latitude': 51.507219, 'longitude': -0.126668, 'type': 'Nightclub', 'rating': 0, 'reviewCount': 0, 'distance': 95.34410915170115}",https://d31fr2pwly4c4s.cloudfront.net/0/0/3/2251657_1776401220_cabaret_th.jpg,https://d31fr2pwly4c4s.cloudfront.net/0/0/3/2251657_1776401220_cabaret.jpg,https://d31fr2pwly4c4s.cloudfront.net/0/0/3/2251657_1776401220_cabaret_1024.jpg,https://d31fr2pwly4c4s.cloudfront.net/0/0/3/2251657_1776401220_cabaret_1024.webp,https://www.skiddle.com/whats-on/London/The-Playhouse/Cabaret/42363222/,2026-07-13,2026-07-13T19:30:00+00:00,2026-07-13T21:30:00+00:00,"Record-breaking seven Olivier Award-winning CABARET is an intimate, electrifying revival packed with iconic songs.","{'doorsopen': '19:30', 'doorsclose': '00:00', 'lastentry': '00:00'}",0,,0,0,False,"{'minPrice': 20, 'maxPrice': 20}",£40.98 - £307.50,public,https%3A%2F%2Fentertainment.skiddle.com%2Fbook%2F1H9ZU-cabaret%2F,False,{'enabled': False},,GBP,[],[],[]
42589512,2303883,False,1FU7R,False,0,THEATRE,The Phantom Of The Opera,0,,,,,"{'id': 116916, 'name': 'His Majestys Theatre', 'address': 'Haymarket', 'town': 'London', 'postcode_lookup': 'London', 'postcode': 'SW1Y 4QL', 'region': 'London', 'country': 'GB', 'phone': '', 'latitude': 51.508123, 'longitude': -0.1320321, 'type': 'Theatre', 'rating': 0, 'reviewCount': 0, 'distance': 305.72524768900695}",https://d31fr2pwly4c4s.cloudfront.net/5/3/9/2303883_1783831680_the-phantom-of-the-opera_th.jpg,https://d31fr2pwly4c4s.cloudfront.net/5/3/9/2303883_1783831680_the-phantom-of-the-opera.jpg,https://d31fr2pwly4c4s.cloudfront.net/5/3/9/2303883_1783831680_the-phantom-of-the-opera_1024.jpg,https://d31fr2pwly4c4s.cloudfront.net/5/3/9/2303883_1783831680_the-phantom-of-the-opera_1024.webp,https://www.skiddle.com/whats-on/London/His-Majestys-Theatre/The-Phantom-Of-The-Opera/42589512/,2026-07-13,2026-07-13T19:30:00+00:00,2026-07-13T22:00:00+00:00,"Andrew Lloyd Webber’s mesmerising score, jaw-dropping scenery and breathtaking special effects bring this tragic love story to life.","{'doorsopen': '19:30', 'doorsclose': '22:00', 'lastentry': ''}",0,,0,0,False,"{'minPrice': 20, 'maxPrice': 20}",£30.00 - £270.00,public,https%3A%2F%2Fentertainment.skiddle.com%2Fbook%2F1FU7R-the-phantom-of-the-opera%2F,False,{'enabled': False},,GBP,[],[],[]
42364739,2252367,False,1GZHW,False,0,THEATRE,The Book Of Mormon,0,,,,,"{'id': 13875, 'name': 'Prince Of Wales Theatre', 'address': 'Coventry Street', 'town': 'London', 'postcode_lookup': 'London', 'postcode': 'W1D 6AS', 'region': 'London', 'country': 'GB', 'phone': ' 0344 482 515', 'latitude': 51.510243, 'longitude': -0.132095, 'type': 'Theatre', 'rating': 4, 'reviewCount': 4, 'distance': 458.642514925465}",https://d31fr2pwly4c4s.cloudfront.net/8/8/5/2252367_1776487583_the-book-of-mormon_th.jpg,https://d31fr2pwly4c4s.cloudfront.net/8/8/5/2252367_1776487583_the-book-of-mormon.jpg,https://d31fr2pwly4c4s.cloudfront.net/8/8/5/2252367_1776487583_the-book-of-mormon_1024.jpg,https://d31fr2pwly4c4s.cloudfront.net/8/8/5/2252367_1776487583_the-book-of-mormon_1024.webp,https://www.skiddle.com/whats-on/London/Prince-Of-Wales-Theatre/The-Book-Of-Mormon/42364739/,2026-07-13,2026-07-13T19:30:00+00:00,2026-07-13T21:30:00+00:00,"Smash-hit musical The Book of Mormon, winner of four Olivier Awards, is a hilarious, unexpectedly endearing West End favourite.","{'doorsopen': '19:30', 'doorsclose': '00:00', 'lastentry': '00:00'}",0,,0,0,False,"{'minPrice': 20, 'maxPrice': 20}",£24.00 - £210.00,public,https%3A%2F%2Fentertainment.skiddle.com%2Fbook%2F1GZHW-the-book-of-mormon%2F,False,{'enabled': False},,GBP,[],[],[]
42098186,2209352,False,1HUCK,False,0,THEATRE,Cyrano De Bergerac,0,,,,,"{'id': 96625, 'name': 'Noel Coward Theatre', 'address': '90 St. Martin&#39;s Lane', 'town': 'London', 'postcode_lookup': 'London', 'postcode': 'WC2N 4AP', 'region': 'London', 'country': 'GB', 'phone': '0844 482 5140', 'latitude': 51.511144, 'longitude': -0.127223, 'type': 'Theatre', 'rating': 0, 'reviewCount': 0, 'distance': 463.9170729601019}",https://d31fr2pwly4c4s.cloudfront.net/7/5/c/2209352_1771254113_cyrano-de-bergerac_th.jpg,https://d31fr2pwly4c4s.cloudfront.net/7/5/c/2209352_1771254113_cyrano-de-bergerac.jpg,https://d31fr2pwly4c4s.cloudfront.net/7/5/c/2209352_1771254113_cyrano-de-bergerac_1024.jpg,https://d31fr2pwly4c4s.cloudfront.net/7/5/c/2209352_1771254113_cyrano-de-bergerac_1024.webp,https://www.skiddle.com/whats-on/London/Noel-Coward-Theatre/Cyrano-De-Bergerac/42098186/,2026-07-13,2026-07-13T19:30:00+00:00,2026-07-13T21:30:00+00:00,"A hugely acclaimed, witty and romantic reimagining of Cyrano de Bergerac, with Adrian Lester in a West End transfer.","{'doorsopen': '19:30', 'doorsclose': '00:00', 'lastentry': '00:00'}",0,,0,0,False,"{'minPrice': 20, 'maxPrice': 20}",£18.00 - £180.00,public,https%3A%2F%2Fentertainment.skiddle.com%2Fbook%2F1HUCK-cyrano-de-bergerac%2F,False,{'enabled': False},,GBP,[],[],[]
42363192,2251627,False,1GWN6,False,0,THEATRE,Les Misérables,0,,,,,"{'id': 35030, 'name': ""Queen's Theatre"", 'address': '51 Shaftesbury Avenue', 'town': 'London', 'postcode_lookup': 'London', 'postcode': 'W1D 6BA', 'region': 'London', 'country': 'GB', 'phone': '0844 482 5160', 'latitude': 51.5121057, 'longitude': -0.1330943, 'type': 'Theatre', 'rating': 0, 'reviewCount': 0, 'distance': 668.2887808180164}",https://d31fr2pwly4c4s.cloudfront.net/f/2/0/2251627_1776401191_les-misrables_th.jpg,https://d31fr2pwly4c4s.cloudfront.net/f/2/0/2251627_1776401191_les-misrables.jpg,https://d31fr2pwly4c4s.cloudfront.net/f/2/0/2251627_1776401191_les-misrables_1024.jpg,https://d31fr2pwly4c4s.cloudfront.net/f/2/0/2251627_1776401191_les-misrables_1024.webp,https://www.skiddle.com/whats-on/London/Queen%27s-Theatre/Les-Misrables/42363192/,2026-07-13,2026-07-13T19:30:00+00:00,2026-07-13T21:30:00+00:00,"An acclaimed fully staged new production of Les Misérables, with a magnificent score and seen by over 130 million worldwide.","{'doorsopen': '19:30', 'doorsclose': '00:00', 'lastentry': '00:00'}",0,,0,0,False,"{'minPrice': 20, 'maxPrice': 20}",£30.00 - £300.00,public,https%3A%2F%2Fentertainment.skiddle.com%2Fbook%2F1GWN6-les-miserables%2F,False,{'enabled': False},,GBP,[],[],[]
42363209,2251644,False,1DVRJ,False,0,THEATRE,Moulin Rouge! The Musical,0,,,,,"{'id': 13874, 'name': 'Piccadilly Theatre', 'address': 'Denman Street', 'town': 'London', 'postcode_lookup': 'London', 'postcode': 'W1D 7DY', 'region': 'London', 'country': 'GB', 'phone': ' ', 'latitude': 51.510777, 'longitude': -0.13552, 'type': 'Theatre', 'rating': 0, 'reviewCount': 0, 'distance': 668.7614469163402}",https://d31fr2pwly4c4s.cloudfront.net/c/7/2/2251644_1776401209_moulin-rouge-the-musical_th.jpg,https://d31fr2pwly4c4s.cloudfront.net/c/7/2/2251644_1776401209_moulin-rouge-the-musical.jpg,https://d31fr2pwly4c4s.cloudfront.net/c/7/2/2251644_1776401209_moulin-rouge-the-musical_1024.jpg,https://d31fr2pwly4c4s.cloudfront.net/c/7/2/2251644_1776401209_moulin-rouge-the-musical_1024.webp,https://www.skiddle.com/whats-on/London/Piccadilly-Theatre/Moulin-Rouge-The-Musical/42363209/,2026-07-13,2026-07-13T19:30:00+00:00,2026-07-13T21:30:00+00:00,"Baz Luhrmann’s film comes to life on stage in a dazzling musical mash-up of splendour, romance and electrifying glamour.","{'doorsopen': '19:30', 'doorsclose': '00:00', 'lastentry': '00:00'}",0,,0,0,False,"{'minPrice': 20, 'maxPrice': 20}",£29.27 - £360.00,public,https%3A%2F%2Fentertainment.skiddle.com%2Fbook%2F1DVRJ-moulin-rouge-the-musical%2F,False,{'enabled': False},,GBP,[],[],[]
41560528,2144234,False,1HM82,False,0,THEATRE,Beetlejuice,0,,,,,"{'id': 128871, 'name': 'Prince Edward Theatre Old Compton St London W1D 4HS', 'address': 'Old Compton St', 'town': 'London', 'postcode_lookup': 'London', 'postcode': 'W1D 4HS', 'region': 'London', 'country': 'GB', 'phone': '344 482 5151', 'latitude': 51.5135117, 'longitude': -0.1307417, 'type': 'Theatre', 'rating': 0, 'reviewCount': 0, 'distance': 748.5132542443824}",https://d31fr2pwly4c4s.cloudfront.net/e/c/e/2144234_1762876201_beetlejuice_th.jpg,https://d31fr2pwly4c4s.cloudfront.net/e/c/e/2144234_1762876201_beetlejuice.jpg,https://d31fr2pwly4c4s.cloudfront.net/e/c/e/2144234_1762876201_beetlejuice_1024.jpg,https://d31fr2pwly4c4s.cloudfront.net/e/c/e/2144234_1762876201_beetlejuice_1024.webp,https://www.skiddle.com/whats-on/London/Prince-Edward-Theatre-Old-Compton-St-London-W1D-4HS/Beetlejuice/41560528/,2026-07-13,2026-07-13T19:30:00+00:00,2026-07-13T21:30:00+00:00,"The Broadway sensation Beetlejuice is a wildly funny, life-affirming musical based on Tim Burton’s beloved movie classic.","{'doorsopen': '19:30', 'doorsclose': '00:00', 'lastentry': '00:00'}",0,,0,0,False,"{'minPrice': 20, 'maxPrice': 20}",£30.00 - £270.00,public,https%3A%2F%2Fentertainment.skiddle.com%2Fbook%2F1HM82-beetlejuice%2F,False,{'enabled': False},,GBP,[],[],[]
42364746,2252374,False,1H4KU,False,0,THEATRE,Mamma Mia!,0,,,,,"{'id': 60642, 'name': 'Novello Theatre', 'address': 'Aldwych, London', 'town': 'London', 'postcode_lookup': 'London', 'postcode': 'WC2B 4LD', 'region': 'London', 'country': 'GB', 'phone': '0844 482 5170', 'latitude': 51.5119231, 'longitude': -0.1194107, 'type': 'other', 'rating': 0, 'reviewCount': 0, 'distance': 808.0937189817157}",https://d31fr2pwly4c4s.cloudfront.net/2/d/6/2252374_1776487586_mamma-mia_th.jpg,https://d31fr2pwly4c4s.cloudfront.net/2/d/6/2252374_1776487586_mamma-mia.jpg,https://d31fr2pwly4c4s.cloudfront.net/2/d/6/2252374_1776487586_mamma-mia_1024.jpg,https://d31fr2pwly4c4s.cloudfront.net/2/d/6/2252374_1776487586_mamma-mia_1024.webp,https://www.skiddle.com/whats-on/London/Novello-Theatre/Mamma-Mia/42364746/,2026-07-13,2026-07-13T19:30:00+00:00,2026-07-13T21:30:00+00:00,"Join the feel-good smash-hit MAMMA MIA!, where ABBA’s timeless songs drive a funny Greek island story that’s delighted millions.","{'doorsopen': '19:30', 'doorsclose': '00:00', 'lastentry': '00:00'}",0,,0,0,False,"{'minPrice': 20, 'maxPrice': 20}",£18.00 - £234.00,public,https%3A%2F%2Fentertainment.skiddle.com%2Fbook%2F1H4KU-mamma-mia%2F,False,{'enabled': False},,GBP,[],[],[]
42363225,2251660,False,1GVLR,False,0,THEATRE,Disney's Hercules,0,,,,,"{'id': 14074, 'name': 'Theatre Royal Drury Lane', 'address': 'Catherine Street', 'town': 'London', 'postcode_lookup': 'London', 'postcode': 'WC2B 5JF', 'region': 'London', 'country': 'GB', 'phone': ' ', 'latitude': 51.51291, 'longitude': -0.120349, 'type': 'Theatre', 'rating': 1, 'reviewCount': 1, 'distance': 843.9285622119403}",https://d31fr2pwly4c4s.cloudfront.net/6/f/3/2251660_1776401223_disneys-hercules_th.jpg,https://d31fr2pwly4c4s.cloudfront.net/6/f/3/2251660_1776401223_disneys-hercules.jpg,https://d31fr2pwly4c4s.cloudfront.net/6/f/3/2251660_1776401223_disneys-hercules_1024.jpg,https://d31fr2pwly4c4s.cloudfront.net/6/f/3/2251660_1776401223_disneys-hercules_1024.webp,https://www.skiddle.com/whats-on/London/Theatre-Royal-Drury-Lane/Disneys-Hercules/42363225/,2026-07-13,2026-07-13T19:30:00+00:00,2026-07-13T21:30:00+00:00,"Disney’s Hercules is a wise-cracking musical adventure of self-discovery and love, directed and choreographed by Casey Nicholaw.","{'doorsopen': '19:30', 'doorsclose': '21:30', 'lastentry': '00:00'}",0,,0,0,False,"{'minPrice': 20, 'maxPrice': 20}",£35.40 - £180.00,public,https%3A%2F%2Fentertainment.skiddle.com%2Fbook%2F1GVLR-disney-s-hercules%2F,False,{'enabled': False},,GBP,[],[],[]
42356650,2250170,False,1HMDJ,False,0,THEATRE,Avenue Q,0,,,,,"{'id': 20714, 'name': 'Shaftesbury Theatre ', 'address': '210 Shaftesbury Avenue ', 'town': 'London ', 'postcode_lookup': 'London', 'postcode': 'WC2H 8DP', 'region': 'London', 'country': 'GB', 'phone': '020 7379 3345', 'latitude': 51.5162548, 'longitude': -0.1255342, 'type': 'Theatre', 'rating': 0, 'reviewCount': 0, 'distance': 1043.1351861755406}",https://d31fr2pwly4c4s.cloudfront.net/f/d/b/2250170_1776314822_avenue-q_th.jpg,https://d31fr2pwly4c4s.cloudfront.net/f/d/b/2250170_1776314822_avenue-q.jpg,https://d31fr2pwly4c4s.cloudfront.net/f/d/b/2250170_1776314822_avenue-q_1024.jpg,https://d31fr2pwly4c4s.cloudfront.net/f/d/b/2250170_1776314822_avenue-q_1024.webp,https://www.skiddle.com/whats-on/London/Shaftesbury-Theatre-/Avenue-Q/42356650/,2026-07-13,2026-07-13T19:30:00+00:00,2026-07-13T21:30:00+00:00,"Three-time Tony Award-winning Avenue Q returns in a mischievous, charming musical with infectious songs and lovable characters.","{'doorsopen': '19:30', 'doorsclose': '00:00', 'lastentry': '00:00'}",0,,0,0,False,"{'minPrice': 20, 'maxPrice': 20}",£30.00 - £198.00,public,https%3A%2F%2Fentertainment.skiddle.com%2Fbook%2F1HMDJ-avenue-q%2F,False,{'enabled': False},,GBP,[],[],[]
42458131,2271811,False,1HXE2,False,0,THEATRE,Glengarry Glen Ross,0,,,,,"{'id': 34268, 'name': 'Old Vic Theatre', 'address': 'The Old Vic, 103 The Cut,', 'town': 'London', 'postcode_lookup': 'London', 'postcode': 'SE1 8NB', 'region': 'London', 'country': 'GB', 'phone': '0844 8717628', 'latitude': 51.50215, 'longitude': -0.109559, 'type': 'Theatre', 'rating': 0, 'reviewCount': 0, 'distance': 1385.6241668041894}",https://d31fr2pwly4c4s.cloudfront.net/f/0/9/2271811_1779352590_glengarry-glen-ross_th.jpg,https://d31fr2pwly4c4s.cloudfront.net/f/0/9/2271811_1779352590_glengarry-glen-ross.jpg,https://d31fr2pwly4c4s.cloudfront.net/f/0/9/2271811_1779352590_glengarry-glen-ross_1024.jpg,https://d31fr2pwly4c4s.cloudfront.net/f/0/9/2271811_1779352590_glengarry-glen-ross_1024.webp,https://www.skiddle.com/whats-on/London/Old-Vic-Theatre/Glengarry-Glen-Ross/42458131/,2026-07-13,2026-07-13T19:30:00+00:00,2026-07-13T21:30:00+00:00,David Mamet’s modern classic Glengarry Glen Ross is staged by Tony Award-winning director Patrick Marber with an all-female cast.,"{'doorsopen': '19:30', 'doorsclose': '00:00', 'lastentry': '00:00'}",0,,0,0,False,"{'minPrice': 20, 'maxPrice': 20}",£19.80 - £91.80,public,https%3A%2F%2Fentertainment.skiddle.com%2Fbook%2F1HXE2-glengarry-glen-ross%2F,False,{'enabled': False},,GBP,[],[],[]
42369708,2253950,False,1HXE0,False,0,THEATRE,The Oresteia,0,,,,,"{'id': 120533, 'name': 'Bridge Theatre', 'address': '3 Potters Field Park, Potters Field', 'town': 'London', 'postcode_lookup': 'London', 'postcode': 'SE1 2SG', 'region': 'London', 'country': 'GB', 'phone': '', 'latitude': 51.5040906, 'longitude': -0.0772691, 'type': 'Theatre', 'rating': 0, 'reviewCount': 0, 'distance': 3526.0624687546324}",https://d31fr2pwly4c4s.cloudfront.net/3/b/9/2253950_1776702867_the-oresteia_th.jpg,https://d31fr2pwly4c4s.cloudfront.net/3/b/9/2253950_1776702867_the-oresteia.jpg,https://d31fr2pwly4c4s.cloudfront.net/3/b/9/2253950_1776702867_the-oresteia_1024.jpg,https://d31fr2pwly4c4s.cloudfront.net/3/b/9/2253950_1776702867_the-oresteia_1024.webp,https://www.skiddle.com/whats-on/London/Bridge-Theatre/The-Oresteia/42369708/,2026-07-13,2026-07-13T19:30:00+00:00,2026-07-13T21:30:00+00:00,Simon Stone's bold reimagining of The Oresteia follows a contemporary family trapped in a gripping Greek myth drama.,"{'doorsopen': '19:00', 'doorsclose': '22:35', 'lastentry': '00:00'}",0,,0,0,False,"{'minPrice': 20, 'maxPrice': 20}",£35.40 - £150.00,public,https%3A%2F%2Fentertainment.skiddle.com%2Fbook%2F1HXE0-the-oresteia%2F,False,{'enabled': False},,GBP,[],[],[]
41380355,2113029,False,1HFY2,False,0,THEATRE,Relics,0,,,,,"{'id': 10976, 'name': 'Lyric Hammersmith', 'address': 'Lyric Square, King St', 'town': 'London', 'postcode_lookup': 'London', 'postcode': 'W6 0QL', 'region': 'London', 'country': 'GB', 'phone': '020 8741 6850', 'latitude': 51.49289, 'longitude': -0.23499, 'type': 'Theatre', 'rating': 0, 'reviewCount': 0, 'distance': 7570.287310206998}",https://d31fr2pwly4c4s.cloudfront.net/b/a/b/2113029_1758550199_relics_th.jpg,https://d31fr2pwly4c4s.cloudfront.net/b/a/b/2113029_1758550199_relics.jpg,https://d31fr2pwly4c4s.cloudfront.net/b/a/b/2113029_1758550199_relics_1024.jpg,https://d31fr2pwly4c4s.cloudfront.net/b/a/b/2113029_1758550199_relics_1024.webp,https://www.skiddle.com/whats-on/London/Lyric-Hammersmith/Relics/41380355/,2026-07-13,2026-07-13T19:30:00+00:00,2026-07-13T21:30:00+00:00,"World premiere of Ben Ockrent’s darkly comic family drama, directed by award-winning Michael Longhurst, about inherited legacies.","{'doorsopen': '19:30', 'doorsclose': '21:45', 'lastentry': '00:00'}",0,,0,0,False,"{'minPrice': 20, 'maxPrice': 20}",£18.00 - £66.00,public,https%3A%2F%2Fentertainment.skiddle.com%2Fbook%2F1HFY2-relics%2F,False,{'enabled': False},,GBP,[],[],[]
42482441,2278789,False,0sYaq3EP4C,False,0,THEATRE,Sirens: The Concert Series,0,,,,,"{'id': 134956, 'name': 'The Emerald Theatre', 'address': '8 Victoria Embankment', 'town': 'London', 'postcode_lookup': 'London', 'postcode': 'WC2R 2AB', 'region': 'London', 'country': 'GB', 'phone': '', 'latitude': 51.509886, 'longitude': -0.1182697, 'type': 'Theatre', 'rating': 4, 'reviewCount': 18, 'distance': 745.9632621316904}",https://d31fr2pwly4c4s.cloudfront.net/b/6/6/2277254_75574251_sirens-the-concert-series_th.jpg,https://d31fr2pwly4c4s.cloudfront.net/b/6/6/2277254_75574251_sirens-the-concert-series.jpg,https://d31fr2pwly4c4s.cloudfront.net/b/6/6/2277254_75574251_sirens-the-concert-series_1024.jpg,https://d31fr2pwly4c4s.cloudfront.net/b/6/6/2277254_75574251_sirens-the-concert-series_1024.webp,https://www.skiddle.com/whats-on/London/The-Emerald-Theatre/Sirens-The-Concert-Series/42482441/,2026-07-13,2026-07-13T20:00:00+00:00,2026-07-13T21:30:00+00:00,"Five Women. One Sound. No apologies. A concert-theatre experience for everyone who has ever needed a night that was entirely, unapologetically theirs.","{'doorsopen': '20:00', 'doorsclose': '21:30', 'lastentry': '20:00'}",,,0,0,True,"{'minPrice': 20, 'maxPrice': 20}",,public,,False,{'enabled': False},,GBP,[],[],[]
42079772,2203425,False,1HU76,False,0,THEATRE,Sinatra The Musical,0,,,,,"{'id': 13872, 'name': 'Aldwych Theatre', 'address': 'Aldwych', 'town': 'London', 'postcode_lookup': 'London', 'postcode': 'WC2B 4DF', 'region': 'London', 'country': 'GB', 'phone': ' 0345 200 798', 'latitude': 51.513183, 'longitude': -0.118852, 'type': 'Theatre', 'rating': 5, 'reviewCount': 2, 'distance': 934.5995506585996}",https://d31fr2pwly4c4s.cloudfront.net/9/2/e/2203425_1770221513_sinatra-the-musical_th.jpg,https://d31fr2pwly4c4s.cloudfront.net/9/2/e/2203425_1770221513_sinatra-the-musical.jpg,https://d31fr2pwly4c4s.cloudfront.net/9/2/e/2203425_1770221513_sinatra-the-musical_1024.jpg,https://d31fr2pwly4c4s.cloudfront.net/9/2/e/2203425_1770221513_sinatra-the-musical_1024.webp,https://www.skiddle.com/whats-on/London/Aldwych-Theatre/Sinatra-The-Musical/42079772/,2026-07-14,2026-07-14T14:30:00+00:00,2026-07-14T16:30:00+00:00,"Joe DiPietro brings Frank Sinatra’s rise, romance and comeback story to the West End in a hit-packed new musical.","{'doorsopen': '14:30', 'doorsclose': '00:00', 'lastentry': '00:00'}",0,,0,0,False,"{'minPrice': 20, 'maxPrice': 20}",£42.00 - £234.00,public,https%3A%2F%2Fentertainment.skiddle.com%2Fbook%2F1HU76-sinatra-the-musical%2F,False,{'enabled': False},,GBP,[],[],[]
42364721,2252349,False,1H2AJ,False,0,THEATRE,The Producers,0,,,,,"{'id': 25670, 'name': 'The Garrick Theatre', 'address': '2 Charing Cross Road', 'town': 'London', 'postcode_lookup': 'London', 'postcode': 'WC2H 0HH', 'region': 'London', 'country': 'GB', 'phone': '0844 482 967', 'latitude': 51.5099441, 'longitude': -0.1278073, 'type': 'Theatre', 'rating': 0, 'reviewCount': 0, 'distance': 327.63752840732576}",https://d31fr2pwly4c4s.cloudfront.net/f/2/0/2252349_1776487569_the-producers_th.jpg,https://d31fr2pwly4c4s.cloudfront.net/f/2/0/2252349_1776487569_the-producers.jpg,https://d31fr2pwly4c4s.cloudfront.net/f/2/0/2252349_1776487569_the-producers_1024.jpg,https://d31fr2pwly4c4s.cloudfront.net/f/2/0/2252349_1776487569_the-producers_1024.webp,https://www.skiddle.com/whats-on/London/The-Garrick-Theatre/The-Producers/42364721/,2026-07-14,2026-07-14T19:00:00+00:00,2026-07-14T21:00:00+00:00,"Mel Brooks’ The Producers transfers to the West End after a sold-out Menier run, backed by a record twelve Tony Award-winning pedigree.","{'doorsopen': '19:00', 'doorsclose': '00:00', 'lastentry': '00:00'}",0,,0,0,False,"{'minPrice': 20, 'maxPrice': 20}",£30.00 - £150.00,public,https%3A%2F%2Fentertainment.skiddle.com%2Fbook%2F1H2AJ-the-producers%2F,False,{'enabled': False},,GBP,[],[],[]
42504254,2284980,False,1J214,False,0,THEATRE,Arcadia,0,,,,,"{'id': 60029, 'name': ""Duke Of York's Theatre"", 'address': ""St Martin's Lane, London"", 'town': 'London', 'postcode_lookup': 'London', 'postcode': 'WC2N 4BG', 'region': 'London', 'country': 'GB', 'phone': '0844 871 3051', 'latitude': 51.5101643, 'longitude': -0.1275101, 'type': 'other', 'rating': 0, 'reviewCount': 0, 'distance': 353.48008599263017}",https://d31fr2pwly4c4s.cloudfront.net/d/2/2/2284980_1781526484_arcadia_th.jpg,https://d31fr2pwly4c4s.cloudfront.net/d/2/2/2284980_1781526484_arcadia.jpg,https://d31fr2pwly4c4s.cloudfront.net/d/2/2/2284980_1781526484_arcadia_1024.jpg,https://d31fr2pwly4c4s.cloudfront.net/d/2/2/2284980_1781526484_arcadia_1024.webp,https://www.skiddle.com/whats-on/London/Duke-Of-York%27s-Theatre/Arcadia/42504254/,2026-07-14,2026-07-14T19:00:00+00:00,2026-07-14T21:00:00+00:00,"Arcadia transfers to the West End in Carrie Cracknell’s critically acclaimed, witty and deeply moving production.","{'doorsopen': '19:00', 'doorsclose': '00:00', 'lastentry': '00:00'}",0,,0,0,False,"{'minPrice': 20, 'maxPrice': 20}",£24.00 - £186.00,public,https%3A%2F%2Fentertainment.skiddle.com%2Fbook%2F1J214-arcadia%2F,False,{'enabled': False},,GBP,[],[],[]
42469654,2274803,False,1J3DU,False,0,THEATRE,Allegra,0,,,,,"{'id': 59999, 'name': 'Harold Pinter Theatre', 'address': 'Panton Street, London', 'town': 'London', 'postcode_lookup': 'London', 'postcode': 'SW1Y 4DN', 'region': 'London', 'country': 'GB', 'phone': '0844 871 7627', 'latitude': 51.509346, 'longitude': -0.131662, 'type': 'Theatre', 'rating': 0, 'reviewCount': 0, 'distance': 363.70464176427635}",https://d31fr2pwly4c4s.cloudfront.net/c/a/d/2274803_1779981553_allegra_th.jpg,https://d31fr2pwly4c4s.cloudfront.net/c/a/d/2274803_1779981553_allegra.jpg,https://d31fr2pwly4c4s.cloudfront.net/c/a/d/2274803_1779981553_allegra_1024.jpg,https://d31fr2pwly4c4s.cloudfront.net/c/a/d/2274803_1779981553_allegra_1024.webp,https://www.skiddle.com/whats-on/London/Harold-Pinter-Theatre/Allegra/42469654/,2026-07-14,2026-07-14T19:00:00+00:00,2026-07-14T21:00:00+00:00,"Best offer: Now £75.00 (Save 49%) Dame Maureen Lipman stars in Peter Quilter’s heart-warming comedy with music, a tender, hilarious and life-affirming story.","{'doorsopen': '19:00', 'doorsclose': '00:00', 'lastentry': '00:00'}",0,,0,0,False,"{'minPrice': 20, 'maxPrice': 20}",£20.00 - £148.00,public,https%3A%2F%2Fentertainment.skiddle.com%2Fbook%2F1J3DU-allegra%2F,False,{'enabled': False},,GBP,[],[],[]
42261417,2229369,False,1HV64,False,0,THEATRE,To Kill A Mockingbird,0,,,,,"{'id': 130649, 'name': 'Wyndhams Theatre', 'address': '32 Charing Cross', 'town': 'London', 'postcode_lookup': 'London', 'postcode': 'WC2H 0DA', 'region': 'London', 'country': 'GB', 'phone': '', 'latitude': 51.5111248, 'longitude': -0.1282324, 'type': 'Theatre', 'rating': 0, 'reviewCount': 0, 'distance': 458.9381039999993}",https://d31fr2pwly4c4s.cloudfront.net/5/3/7/2229369_1773677868_to-kill-a-mockingbird_th.jpg,https://d31fr2pwly4c4s.cloudfront.net/5/3/7/2229369_1773677868_to-kill-a-mockingbird.jpg,https://d31fr2pwly4c4s.cloudfront.net/5/3/7/2229369_1773677868_to-kill-a-mockingbird_1024.jpg,https://d31fr2pwly4c4s.cloudfront.net/5/3/7/2229369_1773677868_to-kill-a-mockingbird_1024.webp,https://www.skiddle.com/whats-on/London/Wyndhams-Theatre/To-Kill-A-Mockingbird/42261417/,2026-07-14,2026-07-14T19:00:00+00:00,2026-07-14T21:00:00+00:00,Aaron Sorkin’s award-winning To Kill a Mockingbird returns in a powerful West End production with Richard Coyle.,"{'doorsopen': '19:00', 'doorsclose': '00:00', 'lastentry': '00:00'}",0,,0,0,False,"{'minPrice': 20, 'maxPrice': 20}",£24.00 - £210.00,public,https%3A%2F%2Fentertainment.skiddle.com%2Fbook%2F1HV64-to-kill-a-mockingbird%2F,False,{'enabled': False},,GBP,[],[],[]
42364751,2252379,False,1H4KN,False,0,THEATRE,Oliver!,0,,,,,"{'id': 60405, 'name': 'Gielgud Theatre', 'address': 'Shaftesbury Avenue, London', 'town': 'London', 'postcode_lookup': 'London', 'postcode': 'W1D 6AR', 'region': 'London', 'country': 'GB', 'phone': '0844 482 5130', 'latitude': 51.5120089, 'longitude': -0.1332279, 'type': 'other', 'rating': 4, 'reviewCount': 1, 'distance': 664.159857541524}",https://d31fr2pwly4c4s.cloudfront.net/7/4/c/2252379_1776487590_oliver_th.jpg,https://d31fr2pwly4c4s.cloudfront.net/7/4/c/2252379_1776487590_oliver.jpg,https://d31fr2pwly4c4s.cloudfront.net/7/4/c/2252379_1776487590_oliver_1024.jpg,https://d31fr2pwly4c4s.cloudfront.net/7/4/c/2252379_1776487590_oliver_1024.webp,https://www.skiddle.com/whats-on/London/Gielgud-Theatre/Oliver/42364751/,2026-07-14,2026-07-14T19:00:00+00:00,2026-07-14T21:00:00+00:00,Cameron Mackintosh’s new production of Lionel Bart’s iconic musical Oliver! follows a sold-out season at Chichester Festival Theatre.,"{'doorsopen': '19:00', 'doorsclose': '00:00', 'lastentry': '00:00'}",0,,0,0,False,"{'minPrice': 20, 'maxPrice': 20}",£24.00 - £240.00,public,https%3A%2F%2Fentertainment.skiddle.com%2Fbook%2F1H4KN-oliver%2F,False,{'enabled': False},,GBP,[],[],[]
42395268,2257337,False,1HX9G,False,0,THEATRE,Laura Benanti - Nobody Cares,0,,,,,"{'id': 4916, 'name': 'The Soho Revue Bar', 'address': '11 - 12 Walkers Court', 'town': 'London', 'postcode_lookup': 'London', 'postcode': 'W1F 0ED', 'region': 'London', 'country': 'GB', 'phone': '02074394089', 'latitude': 51.51242899, 'longitude': -0.13414, 'type': 'Nightclub', 'rating': 0, 'reviewCount': 0, 'distance': 738.2313308925337}",https://d31fr2pwly4c4s.cloudfront.net/3/5/f/2257337_1776936217_laura-benanti--nobody-cares_th.jpg,https://d31fr2pwly4c4s.cloudfront.net/3/5/f/2257337_1776936217_laura-benanti--nobody-cares.jpg,https://d31fr2pwly4c4s.cloudfront.net/3/5/f/2257337_1776936217_laura-benanti--nobody-cares_1024.jpg,https://d31fr2pwly4c4s.cloudfront.net/3/5/f/2257337_1776936217_laura-benanti--nobody-cares_1024.webp,https://www.skiddle.com/whats-on/London/The-Soho-Revue-Bar/Laura-Benanti---Nobody-Cares/42395268/,2026-07-14,2026-07-14T19:00:00+00:00,2026-07-14T20:05:00+00:00,"Tony Award winner Laura Benanti's one-woman comedy show blends sharp storytelling and original songs in a heartfelt, hilarious take on life.","{'doorsopen': '19:00', 'doorsclose': '20:05', 'lastentry': '00:00'}",0,,0,0,False,"{'minPrice': 20, 'maxPrice': 20}",,public,https%3A%2F%2Fentertainment.skiddle.com%2Fbook%2F1HX9G-laura-benanti-nobody-cares%2F,False,{'enabled': False},,GBP,[],[],[]
42364722,2252350,False,1FHDY,False,0,THEATRE,Stranger Things: The First Shadow,0,,,,,"{'id': 83481, 'name': 'Phoenix Theatre', 'address': '110 Charing Cross Road', 'town': 'London', 'postcode_lookup': 'London', 'postcode': 'WC2H 0JP', 'region': 'London', 'country': 'GB', 'phone': '', 'latitude': 51.5143773, 'longitude': -0.1294848, 'type': 'Theatre', 'rating': 0, 'reviewCount': 0, 'distance': 826.7255851741454}",https://d31fr2pwly4c4s.cloudfront.net/1/4/4/2252350_1776487570_stranger-things-the-first-shadow_th.jpg,https://d31fr2pwly4c4s.cloudfront.net/1/4/4/2252350_1776487570_stranger-things-the-first-shadow.jpg,https://d31fr2pwly4c4s.cloudfront.net/1/4/4/2252350_1776487570_stranger-things-the-first-shadow_1024.jpg,https://d31fr2pwly4c4s.cloudfront.net/1/4/4/2252350_1776487570_stranger-things-the-first-shadow_1024.webp,https://www.skiddle.com/whats-on/London/Phoenix-Theatre/Stranger-Things-The-First-Shadow/42364722/,2026-07-14,2026-07-14T19:00:00+00:00,2026-07-14T21:00:00+00:00,"Stranger Things: The First Shadow is a gripping new adventure from a multi-award-winning team, taking the story back to the beginning.","{'doorsopen': '19:00', 'doorsclose': '00:00', 'lastentry': '00:00'}",0,,0,0,False,"{'minPrice': 20, 'maxPrice': 20}",£35.12 - £343.50,public,https%3A%2F%2Fentertainment.skiddle.com%2Fbook%2F1FHDY-stranger-things-the-first-shadow%2F,False,{'enabled': False},,GBP,[],[],[]
42363229,2251664,False,1G7HA,False,0,THEATRE,My Neighbour Totoro,0,,,,,"{'id': 103561, 'name': 'Gillian Lynne Theatre', 'address': '166 Drury Lane', 'town': 'London', 'postcode_lookup': 'London', 'postcode': 'WC2B 5PF', 'region': 'London', 'country': 'GB', 'phone': '', 'latitude': 51.51528, 'longitude': -0.12265, 'type': 'Theatre', 'rating': 0, 'reviewCount': 0, 'distance': 992.347103520854}",https://d31fr2pwly4c4s.cloudfront.net/0/b/e/2251664_1776401231_my-neighbour-totoro_th.jpg,https://d31fr2pwly4c4s.cloudfront.net/0/b/e/2251664_1776401231_my-neighbour-totoro.jpg,https://d31fr2pwly4c4s.cloudfront.net/0/b/e/2251664_1776401231_my-neighbour-totoro_1024.jpg,https://d31fr2pwly4c4s.cloudfront.net/0/b/e/2251664_1776401231_my-neighbour-totoro_1024.webp,https://www.skiddle.com/whats-on/London/Gillian-Lynne-Theatre/My-Neighbour-Totoro/42363229/,2026-07-14,2026-07-14T19:00:00+00:00,2026-07-14T21:40:00+00:00,"The record-breaking, award-winning My Neighbour Totoro returns in a five-star, six-Olivier-Award-winning West End staging.","{'doorsopen': '19:00', 'doorsclose': '21:40', 'lastentry': '00:00'}",0,,0,0,False,"{'minPrice': 20, 'maxPrice': 20}",£30.00 - £198.00,public,https%3A%2F%2Fentertainment.skiddle.com%2Fbook%2F1G7HA-my-neighbour-totoro%2F,False,{'enabled': False},,GBP,[],[],[]
42469888,2275037,False,1J3PC,False,0,THEATRE,The Smile Of Her,0,,,,,"{'id': 112301, 'name': 'Marylebone Theatre ', 'address': '35 park road ', 'town': 'London', 'postcode_lookup': 'London', 'postcode': 'NW1 6XT', 'region': 'London', 'country': 'GB', 'phone': '', 'latitude': 51.517721, 'longitude': -0.160652, 'type': 'Theatre', 'rating': 0, 'reviewCount': 0, 'distance': 2554.772085097865}",https://d31fr2pwly4c4s.cloudfront.net/c/9/f/2275037_1779981603_the-smile-of-her_th.jpg,https://d31fr2pwly4c4s.cloudfront.net/c/9/f/2275037_1779981603_the-smile-of-her.jpg,https://d31fr2pwly4c4s.cloudfront.net/c/9/f/2275037_1779981603_the-smile-of-her_1024.jpg,https://d31fr2pwly4c4s.cloudfront.net/c/9/f/2275037_1779981603_the-smile-of-her_1024.webp,https://www.skiddle.com/whats-on/London/Marylebone-Theatre-/The-Smile-Of-Her/42469888/,2026-07-14,2026-07-14T19:00:00+00:00,2026-07-14T21:00:00+00:00,"Christine Lahti stars in The Smile of Her, a funny, furious and deeply human autobiographical play about reclaiming yourself.","{'doorsopen': '19:00', 'doorsclose': '00:00', 'lastentry': '00:00'}",0,,0,0,False,"{'minPrice': 20, 'maxPrice': 20}",£9.50 - £81.50,public,https%3A%2F%2Fentertainment.skiddle.com%2Fbook%2F1J3PC-the-smile-of-her%2F,False,{'enabled': False},,GBP,[],[],[]
42581603,2301520,False,1HXE0,False,0,THEATRE,The Oresteia,0,,,,,"{'id': 120533, 'name': 'Bridge Theatre', 'address': '3 Potters Field Park, Potters Field', 'town': 'London', 'postcode_lookup': 'London', 'postcode': 'SE1 2SG', 'region': 'London', 'country': 'GB', 'phone': '', 'latitude': 51.5040906, 'longitude': -0.0772691, 'type': 'Theatre', 'rating': 0, 'reviewCount': 0, 'distance': 3526.0624687546324}",https://d31fr2pwly4c4s.cloudfront.net/e/5/8/2301520_1783486013_the-oresteia_th.jpg,https://d31fr2pwly4c4s.cloudfront.net/e/5/8/2301520_1783486013_the-oresteia.jpg,https://d31fr2pwly4c4s.cloudfront.net/e/5/8/2301520_1783486013_the-oresteia_1024.jpg,https://d31fr2pwly4c4s.cloudfront.net/e/5/8/2301520_1783486013_the-oresteia_1024.webp,https://www.skiddle.com/whats-on/London/Bridge-Theatre/The-Oresteia/42581603/,2026-07-14,2026-07-14T19:00:00+00:00,2026-07-14T22:40:00+00:00,Simon Stone's bold reimagining of The Oresteia follows a contemporary family trapped in a gripping Greek myth drama.,"{'doorsopen': '19:00', 'doorsclose': '22:35', 'lastentry': '00:00'}",0,,0,0,False,"{'minPrice': 20, 'maxPrice': 20}",£35.40 - £150.00,public,https%3A%2F%2Fentertainment.skiddle.com%2Fbook%2F1HXE0-the-oresteia%2F,False,{'enabled': False},,GBP,[],[],[]
42363217,2251652,False,1HHVY,False,0,THEATRE,"Oh, Mary!",0,,,,,"{'id': 103989, 'name': 'Trafalgar Theatre', 'address': ' 14 Whitehall', 'town': 'London', 'postcode_lookup': 'London', 'postcode': 'SW1A 2DY', 'region': 'London', 'country': 'GB', 'phone': '', 'latitude': 51.506486, 'longitude': -0.127232, 'type': 'Theatre', 'rating': 0, 'reviewCount': 0, 'distance': 78.05105205853825}",https://d31fr2pwly4c4s.cloudfront.net/9/f/2/2251652_1776401215_oh-mary_th.jpg,https://d31fr2pwly4c4s.cloudfront.net/9/f/2/2251652_1776401215_oh-mary.jpg,https://d31fr2pwly4c4s.cloudfront.net/9/f/2/2251652_1776401215_oh-mary_1024.jpg,https://d31fr2pwly4c4s.cloudfront.net/9/f/2/2251652_1776401215_oh-mary_1024.webp,https://www.skiddle.com/whats-on/London/Trafalgar-Theatre/Oh-Mary/42363217/,2026-07-14,2026-07-14T19:30:00+00:00,2026-07-14T21:30:00+00:00,"Award-winning dark comedy Oh, Mary! stars Mason Alexander Park in a fast, wildly funny take on Mary Todd Lincoln.","{'doorsopen': '19:30', 'doorsclose': '00:00', 'lastentry': '00:00'}",0,,0,0,False,"{'minPrice': 20, 'maxPrice': 20}",£35.12 - £270.00,public,https%3A%2F%2Fentertainment.skiddle.com%2Fbook%2F1HHVY-oh-mary%2F,False,{'enabled': False},,GBP,[],[],[]
42364698,2252326,False,1H9ZU,False,0,THEATRE,Cabaret,0,,,,,"{'id': 60790, 'name': 'The Playhouse', 'address': 'Northumberland Avenue, London', 'town': 'London', 'postcode_lookup': 'London', 'postcode': 'WC2N 5DE', 'region': 'London', 'country': 'GB', 'phone': '0844 871 7627', 'latitude': 51.507219, 'longitude': -0.126668, 'type': 'Nightclub', 'rating': 0, 'reviewCount': 0, 'distance': 95.34410915170115}",https://d31fr2pwly4c4s.cloudfront.net/b/9/3/2252326_1776487546_cabaret_th.jpg,https://d31fr2pwly4c4s.cloudfront.net/b/9/3/2252326_1776487546_cabaret.jpg,https://d31fr2pwly4c4s.cloudfront.net/b/9/3/2252326_1776487546_cabaret_1024.jpg,https://d31fr2pwly4c4s.cloudfront.net/b/9/3/2252326_1776487546_cabaret_1024.webp,https://www.skiddle.com/whats-on/London/The-Playhouse/Cabaret/42364698/,2026-07-14,2026-07-14T19:30:00+00:00,2026-07-14T21:30:00+00:00,"Record-breaking seven Olivier Award-winning CABARET is an intimate, electrifying revival packed with iconic songs.","{'doorsopen': '19:30', 'doorsclose': '00:00', 'lastentry': '00:00'}",0,,0,0,False,"{'minPrice': 20, 'maxPrice': 20}",£40.98 - £307.50,public,https%3A%2F%2Fentertainment.skiddle.com%2Fbook%2F1H9ZU-cabaret%2F,False,{'enabled': False},,GBP,[],[],[]
42260957,2228909,False,1HVUU,False,0,THEATRE,Dark Of The Moon,0,,,,,"{'id': 26352, 'name': 'Charing Cross Theatre', 'address': 'The Arches, Villiers Street', 'town': 'London', 'postcode_lookup': 'London', 'postcode': 'WC2N 6NL', 'region': 'London', 'country': 'GB', 'phone': '020 7907 7075', 'latitude': 51.5080868, 'longitude': -0.1241223, 'type': 'Theatre', 'rating': 0, 'reviewCount': 0, 'distance': 294.3225782997616}",https://d31fr2pwly4c4s.cloudfront.net/c/4/5/2228909_1773677838_dark-of-the-moon_th.jpg,https://d31fr2pwly4c4s.cloudfront.net/c/4/5/2228909_1773677838_dark-of-the-moon.jpg,https://d31fr2pwly4c4s.cloudfront.net/c/4/5/2228909_1773677838_dark-of-the-moon_1024.jpg,https://d31fr2pwly4c4s.cloudfront.net/c/4/5/2228909_1773677838_dark-of-the-moon_1024.webp,https://www.skiddle.com/whats-on/London/Charing-Cross-Theatre/Dark-Of-The-Moon/42260957/,2026-07-14,2026-07-14T19:30:00+00:00,2026-07-14T21:30:00+00:00,"Spellbinding new musical blending country/bluegrass and rock in a supernatural tale of love, witchcraft and small-town prejudice.","{'doorsopen': '19:30', 'doorsclose': '00:00', 'lastentry': '00:00'}",0,,0,0,False,"{'minPrice': 20, 'maxPrice': 20}",£25.00 - £85.00,public,https%3A%2F%2Fentertainment.skiddle.com%2Fbook%2F1HVUU-dark-of-the-moon%2F,False,{'enabled': False},,GBP,[],[],[]
42364725,2252353,False,1FU7R,False,0,THEATRE,The Phantom Of The Opera,0,,,,,"{'id': 116916, 'name': 'His Majestys Theatre', 'address': 'Haymarket', 'town': 'London', 'postcode_lookup': 'London', 'postcode': 'SW1Y 4QL', 'region': 'London', 'country': 'GB', 'phone': '', 'latitude': 51.508123, 'longitude': -0.1320321, 'type': 'Theatre', 'rating': 0, 'reviewCount': 0, 'distance': 305.72524768900695}",https://d31fr2pwly4c4s.cloudfront.net/7/9/c/2252353_1776487571_the-phantom-of-the-opera_th.jpg,https://d31fr2pwly4c4s.cloudfront.net/7/9/c/2252353_1776487571_the-phantom-of-the-opera.jpg,https://d31fr2pwly4c4s.cloudfront.net/7/9/c/2252353_1776487571_the-phantom-of-the-opera_1024.jpg,https://d31fr2pwly4c4s.cloudfront.net/7/9/c/2252353_1776487571_the-phantom-of-the-opera_1024.webp,https://www.skiddle.com/whats-on/London/His-Majestys-Theatre/The-Phantom-Of-The-Opera/42364725/,2026-07-14,2026-07-14T19:30:00+00:00,2026-07-14T22:00:00+00:00,"Andrew Lloyd Webber’s mesmerising score, jaw-dropping scenery and breathtaking special effects bring this tragic love story to life.","{'doorsopen': '19:30', 'doorsclose': '22:00', 'lastentry': '00:00'}",0,,0,0,False,"{'minPrice': 20, 'maxPrice': 20}",£30.00 - £270.00,public,https%3A%2F%2Fentertainment.skiddle.com%2Fbook%2F1FU7R-the-phantom-of-the-opera%2F,False,{'enabled': False},,GBP,[],[],[]
42364740,2252368,False,1GZHW,False,0,THEATRE,The Book Of Mormon,0,,,,,"{'id': 13875, 'name': 'Prince Of Wales Theatre', 'address': 'Coventry Street', 'town': 'London', 'postcode_lookup': 'London', 'postcode': 'W1D 6AS', 'region': 'London', 'country': 'GB', 'phone': ' 0344 482 515', 'latitude': 51.510243, 'longitude': -0.132095, 'type': 'Theatre', 'rating': 4, 'reviewCount': 4, 'distance': 458.642514925465}",https://d31fr2pwly4c4s.cloudfront.net/7/3/a/2252368_1776487583_the-book-of-mormon_th.jpg,https://d31fr2pwly4c4s.cloudfront.net/7/3/a/2252368_1776487583_the-book-of-mormon.jpg,https://d31fr2pwly4c4s.cloudfront.net/7/3/a/2252368_1776487583_the-book-of-mormon_1024.jpg,https://d31fr2pwly4c4s.cloudfront.net/7/3/a/2252368_1776487583_the-book-of-mormon_1024.webp,https://www.skiddle.com/whats-on/London/Prince-Of-Wales-Theatre/The-Book-Of-Mormon/42364740/,2026-07-14,2026-07-14T19:30:00+00:00,2026-07-14T21:30:00+00:00,"Smash-hit musical The Book of Mormon, winner of four Olivier Awards, is a hilarious, unexpectedly endearing West End favourite.","{'doorsopen': '19:30', 'doorsclose': '00:00', 'lastentry': '00:00'}",0,,0,0,False,"{'minPrice': 20, 'maxPrice': 20}",£24.00 - £210.00,public,https%3A%2F%2Fentertainment.skiddle.com%2Fbook%2F1GZHW-the-book-of-mormon%2F,False,{'enabled': False},,GBP,[],[],[]
42098185,2209351,False,1HUCK,False,0,THEATRE,Cyrano De Bergerac,0,,,,,"{'id': 96625, 'name': 'Noel Coward Theatre', 'address': '90 St. Martin&#39;s Lane', 'town': 'London', 'postcode_lookup': 'London', 'postcode': 'WC2N 4AP', 'region': 'London', 'country': 'GB', 'phone': '0844 482 5140', 'latitude': 51.511144, 'longitude': -0.127223, 'type': 'Theatre', 'rating': 0, 'reviewCount': 0, 'distance': 463.9170729601019}",https://d31fr2pwly4c4s.cloudfront.net/7/f/6/2209351_1771254113_cyrano-de-bergerac_th.jpg,https://d31fr2pwly4c4s.cloudfront.net/7/f/6/2209351_1771254113_cyrano-de-bergerac.jpg,https://d31fr2pwly4c4s.cloudfront.net/7/f/6/2209351_1771254113_cyrano-de-bergerac_1024.jpg,https://d31fr2pwly4c4s.cloudfront.net/7/f/6/2209351_1771254113_cyrano-de-bergerac_1024.webp,https://www.skiddle.com/whats-on/London/Noel-Coward-Theatre/Cyrano-De-Bergerac/42098185/,2026-07-14,2026-07-14T19:30:00+00:00,2026-07-14T21:30:00+00:00,"A hugely acclaimed, witty and romantic reimagining of Cyrano de Bergerac, with Adrian Lester in a West End transfer.","{'doorsopen': '19:30', 'doorsclose': '00:00', 'lastentry': '00:00'}",0,,0,0,False,"{'minPrice': 20, 'maxPrice': 20}",£18.00 - £180.00,public,https%3A%2F%2Fentertainment.skiddle.com%2Fbook%2F1HUCK-cyrano-de-bergerac%2F,False,{'enabled': False},,GBP,[],[],[]
42365783,2252669,False,1GTBN,False,0,THEATRE,Titanique,0,,,,,"{'id': 45964, 'name': 'Criterion Theatre', 'address': '2 Jermyn Street', 'town': 'London ', 'postcode_lookup': 'London', 'postcode': 'SW1Y 4XA', 'region': 'London', 'country': 'GB', 'phone': '020 7839 8811', 'latitude': 51.5096966, 'longitude': -0.1337116, 'type': 'Theatre', 'rating': 0, 'reviewCount': 0, 'distance': 496.1485918449154}",https://d31fr2pwly4c4s.cloudfront.net/6/d/8/2252669_1776574010_titanique_th.jpg,https://d31fr2pwly4c4s.cloudfront.net/6/d/8/2252669_1776574010_titanique.jpg,https://d31fr2pwly4c4s.cloudfront.net/6/d/8/2252669_1776574010_titanique_1024.jpg,https://d31fr2pwly4c4s.cloudfront.net/6/d/8/2252669_1776574010_titanique_1024.webp,https://www.skiddle.com/whats-on/London/Criterion-Theatre/Titanique/42365783/,2026-07-14,2026-07-14T19:30:00+00:00,2026-07-14T21:25:00+00:00,"Titanique is an award-winning, campy musical fantasia powered by Céline Dion’s hits, powerhouse voices and a full live band.","{'doorsopen': '19:30', 'doorsclose': '21:25', 'lastentry': '00:00'}",0,,0,0,False,"{'minPrice': 20, 'maxPrice': 20}",£28.50 - £160.50,public,https%3A%2F%2Fentertainment.skiddle.com%2Fbook%2F1GTBN-titanique%2F,False,{'enabled': False},,GBP,[],[],[]
42364728,2252356,False,1GWN6,False,0,THEATRE,Les Misérables,0,,,,,"{'id': 35030, 'name': ""Queen's Theatre"", 'address': '51 Shaftesbury Avenue', 'town': 'London', 'postcode_lookup': 'London', 'postcode': 'W1D 6BA', 'region': 'London', 'country': 'GB', 'phone': '0844 482 5160', 'latitude': 51.5121057, 'longitude': -0.1330943, 'type': 'Theatre', 'rating': 0, 'reviewCount': 0, 'distance': 668.2887808180164}",https://d31fr2pwly4c4s.cloudfront.net/3/1/1/2252356_1776487574_les-misrables_th.jpg,https://d31fr2pwly4c4s.cloudfront.net/3/1/1/2252356_1776487574_les-misrables.jpg,https://d31fr2pwly4c4s.cloudfront.net/3/1/1/2252356_1776487574_les-misrables_1024.jpg,https://d31fr2pwly4c4s.cloudfront.net/3/1/1/2252356_1776487574_les-misrables_1024.webp,https://www.skiddle.com/whats-on/London/Queen%27s-Theatre/Les-Misrables/42364728/,2026-07-14,2026-07-14T19:30:00+00:00,2026-07-14T21:30:00+00:00,"An acclaimed fully staged new production of Les Misérables, with a magnificent score and seen by over 130 million worldwide.","{'doorsopen': '19:30', 'doorsclose': '00:00', 'lastentry': '00:00'}",0,,0,0,False,"{'minPrice': 20, 'maxPrice': 20}",£30.00 - £300.00,public,https%3A%2F%2Fentertainment.skiddle.com%2Fbook%2F1GWN6-les-miserables%2F,False,{'enabled': False},,GBP,[],[],[]
42364700,2252328,False,1DVRJ,False,0,THEATRE,Moulin Rouge! The Musical,0,,,,,"{'id': 13874, 'name': 'Piccadilly Theatre', 'address': 'Denman Street', 'town': 'London', 'postcode_lookup': 'London', 'postcode': 'W1D 7DY', 'region': 'London', 'country': 'GB', 'phone': ' ', 'latitude': 51.510777, 'longitude': -0.13552, 'type': 'Theatre', 'rating': 0, 'reviewCount': 0, 'distance': 668.7614469163402}",https://d31fr2pwly4c4s.cloudfront.net/d/d/7/2252328_1776487547_moulin-rouge-the-musical_th.jpg,https://d31fr2pwly4c4s.cloudfront.net/d/d/7/2252328_1776487547_moulin-rouge-the-musical.jpg,https://d31fr2pwly4c4s.cloudfront.net/d/d/7/2252328_1776487547_moulin-rouge-the-musical_1024.jpg,https://d31fr2pwly4c4s.cloudfront.net/d/d/7/2252328_1776487547_moulin-rouge-the-musical_1024.webp,https://www.skiddle.com/whats-on/London/Piccadilly-Theatre/Moulin-Rouge-The-Musical/42364700/,2026-07-14,2026-07-14T19:30:00+00:00,2026-07-14T21:30:00+00:00,"Baz Luhrmann’s film comes to life on stage in a dazzling musical mash-up of splendour, romance and electrifying glamour.","{'doorsopen': '19:30', 'doorsclose': '00:00', 'lastentry': '00:00'}",0,,0,0,False,"{'minPrice': 20, 'maxPrice': 20}",£29.27 - £360.00,public,https%3A%2F%2Fentertainment.skiddle.com%2Fbook%2F1DVRJ-moulin-rouge-the-musical%2F,False,{'enabled': False},,GBP,[],[],[]
41560527,2144233,False,1HM82,False,0,THEATRE,Beetlejuice,0,,,,,"{'id': 128871, 'name': 'Prince Edward Theatre Old Compton St London W1D 4HS', 'address': 'Old Compton St', 'town': 'London', 'postcode_lookup': 'London', 'postcode': 'W1D 4HS', 'region': 'London', 'country': 'GB', 'phone': '344 482 5151', 'latitude': 51.5135117, 'longitude': -0.1307417, 'type': 'Theatre', 'rating': 0, 'reviewCount': 0, 'distance': 748.5132542443824}",https://d31fr2pwly4c4s.cloudfront.net/1/d/d/2144233_1762876201_beetlejuice_th.jpg,https://d31fr2pwly4c4s.cloudfront.net/1/d/d/2144233_1762876201_beetlejuice.jpg,https://d31fr2pwly4c4s.cloudfront.net/1/d/d/2144233_1762876201_beetlejuice_1024.jpg,https://d31fr2pwly4c4s.cloudfront.net/1/d/d/2144233_1762876201_beetlejuice_1024.webp,https://www.skiddle.com/whats-on/London/Prince-Edward-Theatre-Old-Compton-St-London-W1D-4HS/Beetlejuice/41560527/,2026-07-14,2026-07-14T19:30:00+00:00,2026-07-14T21:30:00+00:00,"The Broadway sensation Beetlejuice is a wildly funny, life-affirming musical based on Tim Burton’s beloved movie classic.","{'doorsopen': '19:30', 'doorsclose': '00:00', 'lastentry': '00:00'}",0,,0,0,False,"{'minPrice': 20, 'maxPrice': 20}",£30.00 - £270.00,public,https%3A%2F%2Fentertainment.skiddle.com%2Fbook%2F1HM82-beetlejuice%2F,False,{'enabled': False},,GBP,[],[],[]
42363205,2251640,False,1DR6R,False,0,THEATRE,Disney's The Lion King,0,,,,,"{'id': 74544, 'name': 'The Lyceum Theatre', 'address': '21 Wellington Street', 'town': 'London', 'postcode_lookup': 'London', 'postcode': 'WC2E 7RQ', 'region': 'London', 'country': 'GB', 'phone': '', 'latitude': 51.5117077, 'longitude': -0.119996, 'type': 'Theatre', 'rating': 0, 'reviewCount': 0, 'distance': 762.1349308586977}",https://d31fr2pwly4c4s.cloudfront.net/9/e/4/2251640_1776401203_disneys-the-lion-king_th.jpg,https://d31fr2pwly4c4s.cloudfront.net/9/e/4/2251640_1776401203_disneys-the-lion-king.jpg,https://d31fr2pwly4c4s.cloudfront.net/9/e/4/2251640_1776401203_disneys-the-lion-king_1024.jpg,https://d31fr2pwly4c4s.cloudfront.net/9/e/4/2251640_1776401203_disneys-the-lion-king_1024.webp,https://www.skiddle.com/whats-on/London/The-Lyceum-Theatre/Disneys-The-Lion-King/42363205/,2026-07-14,2026-07-14T19:30:00+00:00,2026-07-14T21:30:00+00:00,"Disney's The Lion King is a spectacular Julie Taymor stage production with glorious colours, stunning effects and enchanting music.","{'doorsopen': '19:30', 'doorsclose': '00:00', 'lastentry': '00:00'}",0,,0,0,False,"{'minPrice': 20, 'maxPrice': 20}",£42.00 - £300.00,public,https%3A%2F%2Fentertainment.skiddle.com%2Fbook%2F1DR6R-disney-s-the-lion-king%2F,False,{'enabled': False},,GBP,[],[],[]
42365792,2252678,False,1H4KU,False,0,THEATRE,Mamma Mia!,0,,,,,"{'id': 60642, 'name': 'Novello Theatre', 'address': 'Aldwych, London', 'town': 'London', 'postcode_lookup': 'London', 'postcode': 'WC2B 4LD', 'region': 'London', 'country': 'GB', 'phone': '0844 482 5170', 'latitude': 51.5119231, 'longitude': -0.1194107, 'type': 'other', 'rating': 0, 'reviewCount': 0, 'distance': 808.0937189817157}",https://d31fr2pwly4c4s.cloudfront.net/0/3/2/2252678_1776574019_mamma-mia_th.jpg,https://d31fr2pwly4c4s.cloudfront.net/0/3/2/2252678_1776574019_mamma-mia.jpg,https://d31fr2pwly4c4s.cloudfront.net/0/3/2/2252678_1776574019_mamma-mia_1024.jpg,https://d31fr2pwly4c4s.cloudfront.net/0/3/2/2252678_1776574019_mamma-mia_1024.webp,https://www.skiddle.com/whats-on/London/Novello-Theatre/Mamma-Mia/42365792/,2026-07-14,2026-07-14T19:30:00+00:00,2026-07-14T21:30:00+00:00,"Join the feel-good smash-hit MAMMA MIA!, where ABBA’s timeless songs drive a funny Greek island story that’s delighted millions.","{'doorsopen': '19:30', 'doorsclose': '00:00', 'lastentry': '00:00'}",0,,0,0,False,"{'minPrice': 20, 'maxPrice': 20}",£18.00 - £234.00,public,https%3A%2F%2Fentertainment.skiddle.com%2Fbook%2F1H4KU-mamma-mia%2F,False,{'enabled': False},,GBP,[],[],[]
42364768,2252396,False,1GVLR,False,0,THEATRE,Disney's Hercules,0,,,,,"{'id': 14074, 'name': 'Theatre Royal Drury Lane', 'address': 'Catherine Street', 'town': 'London', 'postcode_lookup': 'London', 'postcode': 'WC2B 5JF', 'region': 'London', 'country': 'GB', 'phone': ' ', 'latitude': 51.51291, 'longitude': -0.120349, 'type': 'Theatre', 'rating': 1, 'reviewCount': 1, 'distance': 843.9285622119403}",https://d31fr2pwly4c4s.cloudfront.net/6/9/1/2252396_1776487604_disneys-hercules_th.jpg,https://d31fr2pwly4c4s.cloudfront.net/6/9/1/2252396_1776487604_disneys-hercules.jpg,https://d31fr2pwly4c4s.cloudfront.net/6/9/1/2252396_1776487604_disneys-hercules_1024.jpg,https://d31fr2pwly4c4s.cloudfront.net/6/9/1/2252396_1776487604_disneys-hercules_1024.webp,https://www.skiddle.com/whats-on/London/Theatre-Royal-Drury-Lane/Disneys-Hercules/42364768/,2026-07-14,2026-07-14T19:30:00+00:00,2026-07-14T21:30:00+00:00,"Disney’s Hercules is a wise-cracking musical adventure of self-discovery and love, directed and choreographed by Casey Nicholaw.","{'doorsopen': '19:30', 'doorsclose': '21:30', 'lastentry': '00:00'}",0,,0,0,False,"{'minPrice': 20, 'maxPrice': 20}",£35.40 - £180.00,public,https%3A%2F%2Fentertainment.skiddle.com%2Fbook%2F1GVLR-disney-s-hercules%2F,False,{'enabled': False},,GBP,[],[],[]
42356651,2250171,False,1HMDJ,False,0,THEATRE,Avenue Q,0,,,,,"{'id': 20714, 'name': 'Shaftesbury Theatre ', 'address': '210 Shaftesbury Avenue ', 'town': 'London ', 'postcode_lookup': 'London', 'postcode': 'WC2H 8DP', 'region': 'London', 'country': 'GB', 'phone': '020 7379 3345', 'latitude': 51.5162548, 'longitude': -0.1255342, 'type': 'Theatre', 'rating': 0, 'reviewCount': 0, 'distance': 1043.1351861755406}",https://d31fr2pwly4c4s.cloudfront.net/1/9/4/2250171_1776314823_avenue-q_th.jpg,https://d31fr2pwly4c4s.cloudfront.net/1/9/4/2250171_1776314823_avenue-q.jpg,https://d31fr2pwly4c4s.cloudfront.net/1/9/4/2250171_1776314823_avenue-q_1024.jpg,https://d31fr2pwly4c4s.cloudfront.net/1/9/4/2250171_1776314823_avenue-q_1024.webp,https://www.skiddle.com/whats-on/London/Shaftesbury-Theatre-/Avenue-Q/42356651/,2026-07-14,2026-07-14T19:30:00+00:00,2026-07-14T21:30:00+00:00,"Three-time Tony Award-winning Avenue Q returns in a mischievous, charming musical with infectious songs and lovable characters.","{'doorsopen': '19:30', 'doorsclose': '00:00', 'lastentry': '00:00'}",0,,0,0,False,"{'minPrice': 20, 'maxPrice': 20}",£30.00 - £198.00,public,https%3A%2F%2Fentertainment.skiddle.com%2Fbook%2F1HMDJ-avenue-q%2F,False,{'enabled': False},,GBP,[],[],[]
42458132,2271812,False,1HXE2,False,0,THEATRE,Glengarry Glen Ross,0,,,,,"{'id': 34268, 'name': 'Old Vic Theatre', 'address': 'The Old Vic, 103 The Cut,', 'town': 'London', 'postcode_lookup': 'London', 'postcode': 'SE1 8NB', 'region': 'London', 'country': 'GB', 'phone': '0844 8717628', 'latitude': 51.50215, 'longitude': -0.109559, 'type': 'Theatre', 'rating': 0, 'reviewCount': 0, 'distance': 1385.6241668041894}",https://d31fr2pwly4c4s.cloudfront.net/c/b/e/2271812_1779352590_glengarry-glen-ross_th.jpg,https://d31fr2pwly4c4s.cloudfront.net/c/b/e/2271812_1779352590_glengarry-glen-ross.jpg,https://d31fr2pwly4c4s.cloudfront.net/c/b/e/2271812_1779352590_glengarry-glen-ross_1024.jpg,https://d31fr2pwly4c4s.cloudfront.net/c/b/e/2271812_1779352590_glengarry-glen-ross_1024.webp,https://www.skiddle.com/whats-on/London/Old-Vic-Theatre/Glengarry-Glen-Ross/42458132/,2026-07-14,2026-07-14T19:30:00+00:00,2026-07-14T21:30:00+00:00,David Mamet’s modern classic Glengarry Glen Ross is staged by Tony Award-winning director Patrick Marber with an all-female cast.,"{'doorsopen': '19:30', 'doorsclose': '00:00', 'lastentry': '00:00'}",0,,0,0,False,"{'minPrice': 20, 'maxPrice': 20}",£19.80 - £91.80,public,https%3A%2F%2Fentertainment.skiddle.com%2Fbook%2F1HXE2-glengarry-glen-ross%2F,False,{'enabled': False},,GBP,[],[],[]
42364783,2252411,False,1DU1L,False,0,THEATRE,Wicked,0,,,,,"{'id': 36264, 'name': 'Apollo Victoria Theater', 'address': '17 Wilton Road  City of Westminster', 'town': 'London', 'postcode_lookup': 'London', 'postcode': 'SW1V 1LG', 'region': 'London', 'country': 'GB', 'phone': '0203 318 3832', 'latitude': 51.4957746, 'longitude': -0.1426793, 'type': 'Theatre', 'rating': 0, 'reviewCount': 0, 'distance': 1609.4883118490623}",https://d31fr2pwly4c4s.cloudfront.net/b/6/d/2252411_1776487615_wicked_th.jpg,https://d31fr2pwly4c4s.cloudfront.net/b/6/d/2252411_1776487615_wicked.jpg,https://d31fr2pwly4c4s.cloudfront.net/b/6/d/2252411_1776487615_wicked_1024.jpg,https://d31fr2pwly4c4s.cloudfront.net/b/6/d/2252411_1776487615_wicked_1024.webp,https://www.skiddle.com/whats-on/London/Apollo-Victoria-Theater/Wicked/42364783/,2026-07-14,2026-07-14T19:30:00+00:00,2026-07-14T21:30:00+00:00,"WICKED is the multi award-winning musical sensation, revealing the untold story of the Wicked Witch of the West.","{'doorsopen': '19:30', 'doorsclose': '00:00', 'lastentry': '00:00'}",0,,0,0,False,"{'minPrice': 20, 'maxPrice': 20}",£30.00 - £295.20,public,https%3A%2F%2Fentertainment.skiddle.com%2Fbook%2F1DU1L-wicked%2F,False,{'enabled': False},,GBP,[],[],[]
41380354,2113028,False,1HFY2,False,0,THEATRE,Relics,0,,,,,"{'id': 10976, 'name': 'Lyric Hammersmith', 'address': 'Lyric Square, King St', 'town': 'London', 'postcode_lookup': 'London', 'postcode': 'W6 0QL', 'region': 'London', 'country': 'GB', 'phone': '020 8741 6850', 'latitude': 51.49289, 'longitude': -0.23499, 'type': 'Theatre', 'rating': 0, 'reviewCount': 0, 'distance': 7570.287310206998}",https://d31fr2pwly4c4s.cloudfront.net/d/8/8/2113028_1758550199_relics_th.jpg,https://d31fr2pwly4c4s.cloudfront.net/d/8/8/2113028_1758550199_relics.jpg,https://d31fr2pwly4c4s.cloudfront.net/d/8/8/2113028_1758550199_relics_1024.jpg,https://d31fr2pwly4c4s.cloudfront.net/d/8/8/2113028_1758550199_relics_1024.webp,https://www.skiddle.com/whats-on/London/Lyric-Hammersmith/Relics/41380354/,2026-07-14,2026-07-14T19:30:00+00:00,2026-07-14T21:30:00+00:00,"World premiere of Ben Ockrent’s darkly comic family drama, directed by award-winning Michael Longhurst, about inherited legacies.","{'doorsopen': '19:30', 'doorsclose': '21:45', 'lastentry': '00:00'}",0,,0,0,False,"{'minPrice': 20, 'maxPrice': 20}",£18.00 - £66.00,public,https%3A%2F%2Fentertainment.skiddle.com%2Fbook%2F1HFY2-relics%2F,False,{'enabled': False},,GBP,[],[],[]
42504651,2285377,False,1HUN0,False,0,THEATRE,The Hunger Games On Stage,0,,,,,"{'id': 140065, 'name': 'Troubadour Canary Wharf Theatre', 'address': '11 Water Street', 'town': 'London', 'postcode_lookup': 'London', 'postcode': 'E14 5GX', 'region': 'London', 'country': 'GB', 'phone': '', 'latitude': 51.493231, 'longitude': -0.004119, 'type': 'Theatre', 'rating': 0, 'reviewCount': 0, 'distance': 8710.696476382309}",https://d31fr2pwly4c4s.cloudfront.net/2/5/2/2285377_1781526576_the-hunger-games-on-stage_th.jpg,https://d31fr2pwly4c4s.cloudfront.net/2/5/2/2285377_1781526576_the-hunger-games-on-stage.jpg,https://d31fr2pwly4c4s.cloudfront.net/2/5/2/2285377_1781526576_the-hunger-games-on-stage_1024.jpg,https://d31fr2pwly4c4s.cloudfront.net/2/5/2/2285377_1781526576_the-hunger-games-on-stage_1024.webp,https://www.skiddle.com/whats-on/London/Troubadour-Canary-Wharf-Theatre/The-Hunger-Games-On-Stage/42504651/,2026-07-14,2026-07-14T19:30:00+00:00,2026-07-14T21:30:00+00:00,"Experience the first-ever theatre adaptation of The Hunger Games, brought to life by award-winning playwright Conor McPherson.","{'doorsopen': '19:30', 'doorsclose': '00:00', 'lastentry': '00:00'}",0,,0,0,False,"{'minPrice': 20, 'maxPrice': 20}",£27.60 - £207.60,public,https%3A%2F%2Fentertainment.skiddle.com%2Fbook%2F1HUN0-the-hunger-games-on-stage%2F,False,{'enabled': False},,GBP,[],[],[]
42504261,2284987,False,1J214,False,0,THEATRE,Arcadia,0,,,,,"{'id': 60029, 'name': ""Duke Of York's Theatre"", 'address': ""St Martin's Lane, London"", 'town': 'London', 'postcode_lookup': 'London', 'postcode': 'WC2N 4BG', 'region': 'London', 'country': 'GB', 'phone': '0844 871 3051', 'latitude': 51.5101643, 'longitude': -0.1275101, 'type': 'other', 'rating': 0, 'reviewCount': 0, 'distance': 353.48008599263017}",https://d31fr2pwly4c4s.cloudfront.net/6/5/b/2284987_1781526484_arcadia_th.jpg,https://d31fr2pwly4c4s.cloudfront.net/6/5/b/2284987_1781526484_arcadia.jpg,https://d31fr2pwly4c4s.cloudfront.net/6/5/b/2284987_1781526484_arcadia_1024.jpg,https://d31fr2pwly4c4s.cloudfront.net/6/5/b/2284987_1781526484_arcadia_1024.webp,https://www.skiddle.com/whats-on/London/Duke-Of-York%27s-Theatre/Arcadia/42504261/,2026-07-15,2026-07-15T13:30:00+00:00,2026-07-15T15:30:00+00:00,"Arcadia transfers to the West End in Carrie Cracknell’s critically acclaimed, witty and deeply moving production.","{'doorsopen': '13:30', 'doorsclose': '00:00', 'lastentry': '00:00'}",0,,0,0,False,"{'minPrice': 20, 'maxPrice': 20}",£24.00 - £186.00,public,https%3A%2F%2Fentertainment.skiddle.com%2Fbook%2F1J214-arcadia%2F,False,{'enabled': False},,GBP,[],[],[]
42365752,2252638,False,1H9ZU,False,0,THEATRE,Cabaret,0,,,,,"{'id': 60790, 'name': 'The Playhouse', 'address': 'Northumberland Avenue, London', 'town': 'London', 'postcode_lookup': 'London', 'postcode': 'WC2N 5DE', 'region': 'London', 'country': 'GB', 'phone': '0844 871 7627', 'latitude': 51.507219, 'longitude': -0.126668, 'type': 'Nightclub', 'rating': 0, 'reviewCount': 0, 'distance': 95.34410915170115}",https://d31fr2pwly4c4s.cloudfront.net/a/6/b/2252638_1776573983_cabaret_th.jpg,https://d31fr2pwly4c4s.cloudfront.net/a/6/b/2252638_1776573983_cabaret.jpg,https://d31fr2pwly4c4s.cloudfront.net/a/6/b/2252638_1776573983_cabaret_1024.jpg,https://d31fr2pwly4c4s.cloudfront.net/a/6/b/2252638_1776573983_cabaret_1024.webp,https://www.skiddle.com/whats-on/London/The-Playhouse/Cabaret/42365752/,2026-07-15,2026-07-15T14:00:00+00:00,2026-07-15T16:00:00+00:00,"Record-breaking seven Olivier Award-winning CABARET is an intimate, electrifying revival packed with iconic songs.","{'doorsopen': '14:00', 'doorsclose': '00:00', 'lastentry': '00:00'}",0,,0,0,False,"{'minPrice': 20, 'maxPrice': 20}",£40.98 - £307.50,public,https%3A%2F%2Fentertainment.skiddle.com%2Fbook%2F1H9ZU-cabaret%2F,False,{'enabled': False},,GBP,[],[],[]
42469653,2274802,False,1J3DU,False,0,THEATRE,Allegra,0,,,,,"{'id': 59999, 'name': 'Harold Pinter Theatre', 'address': 'Panton Street, London', 'town': 'London', 'postcode_lookup': 'London', 'postcode': 'SW1Y 4DN', 'region': 'London', 'country': 'GB', 'phone': '0844 871 7627', 'latitude': 51.509346, 'longitude': -0.131662, 'type': 'Theatre', 'rating': 0, 'reviewCount': 0, 'distance': 363.70464176427635}",https://d31fr2pwly4c4s.cloudfront.net/0/0/8/2274802_1779981553_allegra_th.jpg,https://d31fr2pwly4c4s.cloudfront.net/0/0/8/2274802_1779981553_allegra.jpg,https://d31fr2pwly4c4s.cloudfront.net/0/0/8/2274802_1779981553_allegra_1024.jpg,https://d31fr2pwly4c4s.cloudfront.net/0/0/8/2274802_1779981553_allegra_1024.webp,https://www.skiddle.com/whats-on/London/Harold-Pinter-Theatre/Allegra/42469653/,2026-07-15,2026-07-15T14:00:00+00:00,2026-07-15T16:00:00+00:00,"Best offer: Now £75.00 (Save 49%) Dame Maureen Lipman stars in Peter Quilter’s heart-warming comedy with music, a tender, hilarious and life-affirming story.","{'doorsopen': '14:00', 'doorsclose': '00:00', 'lastentry': '00:00'}",0,,0,0,False,"{'minPrice': 20, 'maxPrice': 20}",£20.00 - £148.00,public,https%3A%2F%2Fentertainment.skiddle.com%2Fbook%2F1J3DU-allegra%2F,False,{'enabled': False},,GBP,[],[],[]
42261432,2229384,False,1HV64,False,0,THEATRE,To Kill A Mockingbird,0,,,,,"{'id': 130649, 'name': 'Wyndhams Theatre', 'address': '32 Charing Cross', 'town': 'London', 'postcode_lookup': 'London', 'postcode': 'WC2H 0DA', 'region': 'London', 'country': 'GB', 'phone': '', 'latitude': 51.5111248, 'longitude': -0.1282324, 'type': 'Theatre', 'rating': 0, 'reviewCount': 0, 'distance': 458.9381039999993}",https://d31fr2pwly4c4s.cloudfront.net/6/3/2/2229384_1773677868_to-kill-a-mockingbird_th.jpg,https://d31fr2pwly4c4s.cloudfront.net/6/3/2/2229384_1773677868_to-kill-a-mockingbird.jpg,https://d31fr2pwly4c4s.cloudfront.net/6/3/2/2229384_1773677868_to-kill-a-mockingbird_1024.jpg,https://d31fr2pwly4c4s.cloudfront.net/6/3/2/2229384_1773677868_to-kill-a-mockingbird_1024.webp,https://www.skiddle.com/whats-on/London/Wyndhams-Theatre/To-Kill-A-Mockingbird/42261432/,2026-07-15,2026-07-15T14:00:00+00:00,2026-07-15T16:00:00+00:00,Aaron Sorkin’s award-winning To Kill a Mockingbird returns in a powerful West End production with Richard Coyle.,"{'doorsopen': '14:00', 'doorsclose': '00:00', 'lastentry': '00:00'}",0,,0,0,False,"{'minPrice': 20, 'maxPrice': 20}",£24.00 - £210.00,public,https%3A%2F%2Fentertainment.skiddle.com%2Fbook%2F1HV64-to-kill-a-mockingbird%2F,False,{'enabled': False},,GBP,[],[],[]
42098184,2209350,False,1HUCK,False,0,THEATRE,Cyrano De Bergerac,0,,,,,"{'id': 96625, 'name': 'Noel Coward Theatre', 'address': '90 St. Martin&#39;s Lane', 'town': 'London', 'postcode_lookup': 'London', 'postcode': 'WC2N 4AP', 'region': 'London', 'country': 'GB', 'phone': '0844 482 5140', 'latitude': 51.511144, 'longitude': -0.127223, 'type': 'Theatre', 'rating': 0, 'reviewCount': 0, 'distance': 463.9170729601019}",https://d31fr2pwly4c4s.cloudfront.net/f/5/b/2209350_1771254113_cyrano-de-bergerac_th.jpg,https://d31fr2pwly4c4s.cloudfront.net/f/5/b/2209350_1771254113_cyrano-de-bergerac.jpg,https://d31fr2pwly4c4s.cloudfront.net/f/5/b/2209350_1771254113_cyrano-de-bergerac_1024.jpg,https://d31fr2pwly4c4s.cloudfront.net/f/5/b/2209350_1771254113_cyrano-de-bergerac_1024.webp,https://www.skiddle.com/whats-on/London/Noel-Coward-Theatre/Cyrano-De-Bergerac/42098184/,2026-07-15,2026-07-15T14:00:00+00:00,2026-07-15T16:00:00+00:00,"A hugely acclaimed, witty and romantic reimagining of Cyrano de Bergerac, with Adrian Lester in a West End transfer.","{'doorsopen': '14:00', 'doorsclose': '00:00', 'lastentry': '00:00'}",0,,0,0,False,"{'minPrice': 20, 'maxPrice': 20}",£18.00 - £180.00,public,https%3A%2F%2Fentertainment.skiddle.com%2Fbook%2F1HUCK-cyrano-de-bergerac%2F,False,{'enabled': False},,GBP,[],[],[]
42260958,2228910,False,1HVUU,False,0,THEATRE,Dark Of The Moon,0,,,,,"{'id': 26352, 'name': 'Charing Cross Theatre', 'address': 'The Arches, Villiers Street', 'town': 'London', 'postcode_lookup': 'London', 'postcode': 'WC2N 6NL', 'region': 'London', 'country': 'GB', 'phone': '020 7907 7075', 'latitude': 51.5080868, 'longitude': -0.1241223, 'type': 'Theatre', 'rating': 0, 'reviewCount': 0, 'distance': 294.3225782997616}",https://d31fr2pwly4c4s.cloudfront.net/d/9/d/2228910_1773677838_dark-of-the-moon_th.jpg,https://d31fr2pwly4c4s.cloudfront.net/d/9/d/2228910_1773677838_dark-of-the-moon.jpg,https://d31fr2pwly4c4s.cloudfront.net/d/9/d/2228910_1773677838_dark-of-the-moon_1024.jpg,https://d31fr2pwly4c4s.cloudfront.net/d/9/d/2228910_1773677838_dark-of-the-moon_1024.webp,https://www.skiddle.com/whats-on/London/Charing-Cross-Theatre/Dark-Of-The-Moon/42260958/,2026-07-15,2026-07-15T14:30:00+00:00,2026-07-15T16:30:00+00:00,"Spellbinding new musical blending country/bluegrass and rock in a supernatural tale of love, witchcraft and small-town prejudice.","{'doorsopen': '14:30', 'doorsclose': '00:00', 'lastentry': '00:00'}",0,,0,0,False,"{'minPrice': 20, 'maxPrice': 20}",£25.00 - £85.00,public,https%3A%2F%2Fentertainment.skiddle.com%2Fbook%2F1HVUU-dark-of-the-moon%2F,False,{'enabled': False},,GBP,[],[],[]
42365803,2252689,False,1FU7R,False,0,THEATRE,The Phantom Of The Opera,0,,,,,"{'id': 116916, 'name': 'His Majestys Theatre', 'address': 'Haymarket', 'town': 'London', 'postcode_lookup': 'London', 'postcode': 'SW1Y 4QL', 'region': 'London', 'country': 'GB', 'phone': '', 'latitude': 51.508123, 'longitude': -0.1320321, 'type': 'Theatre', 'rating': 0, 'reviewCount': 0, 'distance': 305.72524768900695}",https://d31fr2pwly4c4s.cloudfront.net/d/8/5/2252689_1776574027_the-phantom-of-the-opera_th.jpg,https://d31fr2pwly4c4s.cloudfront.net/d/8/5/2252689_1776574027_the-phantom-of-the-opera.jpg,https://d31fr2pwly4c4s.cloudfront.net/d/8/5/2252689_1776574027_the-phantom-of-the-opera_1024.jpg,https://d31fr2pwly4c4s.cloudfront.net/d/8/5/2252689_1776574027_the-phantom-of-the-opera_1024.webp,https://www.skiddle.com/whats-on/London/His-Majestys-Theatre/The-Phantom-Of-The-Opera/42365803/,2026-07-15,2026-07-15T14:30:00+00:00,2026-07-15T22:00:00+00:00,"Andrew Lloyd Webber’s mesmerising score, jaw-dropping scenery and breathtaking special effects bring this tragic love story to life.","{'doorsopen': '14:30', 'doorsclose': '22:00', 'lastentry': '00:00'}",0,,0,0,False,"{'minPrice': 20, 'maxPrice': 20}",£30.00 - £270.00,public,https%3A%2F%2Fentertainment.skiddle.com%2Fbook%2F1FU7R-the-phantom-of-the-opera%2F,False,{'enabled': False},,GBP,[],[],[]
42365753,2252639,False,1H4KN,False,0,THEATRE,Oliver!,0,,,,,"{'id': 60405, 'name': 'Gielgud Theatre', 'address': 'Shaftesbury Avenue, London', 'town': 'London', 'postcode_lookup': 'London', 'postcode': 'W1D 6AR', 'region': 'London', 'country': 'GB', 'phone': '0844 482 5130', 'latitude': 51.5120089, 'longitude': -0.1332279, 'type': 'other', 'rating': 4, 'reviewCount': 1, 'distance': 664.159857541524}",https://d31fr2pwly4c4s.cloudfront.net/d/1/6/2252639_1776573983_oliver_th.jpg,https://d31fr2pwly4c4s.cloudfront.net/d/1/6/2252639_1776573983_oliver.jpg,https://d31fr2pwly4c4s.cloudfront.net/d/1/6/2252639_1776573983_oliver_1024.jpg,https://d31fr2pwly4c4s.cloudfront.net/d/1/6/2252639_1776573983_oliver_1024.webp,https://www.skiddle.com/whats-on/London/Gielgud-Theatre/Oliver/42365753/,2026-07-15,2026-07-15T14:30:00+00:00,2026-07-15T16:30:00+00:00,Cameron Mackintosh’s new production of Lionel Bart’s iconic musical Oliver! follows a sold-out season at Chichester Festival Theatre.,"{'doorsopen': '14:30', 'doorsclose': '00:00', 'lastentry': '00:00'}",0,,0,0,False,"{'minPrice': 20, 'maxPrice': 20}",£24.00 - £240.00,public,https%3A%2F%2Fentertainment.skiddle.com%2Fbook%2F1H4KN-oliver%2F,False,{'enabled': False},,GBP,[],[],[]
42364717,2252345,False,1DR6R,False,0,THEATRE,Disney's The Lion King,0,,,,,"{'id': 74544, 'name': 'The Lyceum Theatre', 'address': '21 Wellington Street', 'town': 'London', 'postcode_lookup': 'London', 'postcode': 'WC2E 7RQ', 'region': 'London', 'country': 'GB', 'phone': '', 'latitude': 51.5117077, 'longitude': -0.119996, 'type': 'Theatre', 'rating': 0, 'reviewCount': 0, 'distance': 762.1349308586977}",https://d31fr2pwly4c4s.cloudfront.net/c/6/4/2252345_1776487566_disneys-the-lion-king_th.jpg,https://d31fr2pwly4c4s.cloudfront.net/c/6/4/2252345_1776487566_disneys-the-lion-king.jpg,https://d31fr2pwly4c4s.cloudfront.net/c/6/4/2252345_1776487566_disneys-the-lion-king_1024.jpg,https://d31fr2pwly4c4s.cloudfront.net/c/6/4/2252345_1776487566_disneys-the-lion-king_1024.webp,https://www.skiddle.com/whats-on/London/The-Lyceum-Theatre/Disneys-The-Lion-King/42364717/,2026-07-15,2026-07-15T14:30:00+00:00,2026-07-15T16:30:00+00:00,"Disney's The Lion King is a spectacular Julie Taymor stage production with glorious colours, stunning effects and enchanting music.","{'doorsopen': '14:30', 'doorsclose': '00:00', 'lastentry': '00:00'}",0,,0,0,False,"{'minPrice': 20, 'maxPrice': 20}",£42.00 - £300.00,public,https%3A%2F%2Fentertainment.skiddle.com%2Fbook%2F1DR6R-disney-s-the-lion-king%2F,False,{'enabled': False},,GBP,[],[],[]
42458133,2271813,False,1HXE2,False,0,THEATRE,Glengarry Glen Ross,0,,,,,"{'id': 34268, 'name': 'Old Vic Theatre', 'address': 'The Old Vic, 103 The Cut,', 'town': 'London', 'postcode_lookup': 'London', 'postcode': 'SE1 8NB', 'region': 'London', 'country': 'GB', 'phone': '0844 8717628', 'latitude': 51.50215, 'longitude': -0.109559, 'type': 'Theatre', 'rating': 0, 'reviewCount': 0, 'distance': 1385.6241668041894}",https://d31fr2pwly4c4s.cloudfront.net/e/e/9/2271813_1779352590_glengarry-glen-ross_th.jpg,https://d31fr2pwly4c4s.cloudfront.net/e/e/9/2271813_1779352590_glengarry-glen-ross.jpg,https://d31fr2pwly4c4s.cloudfront.net/e/e/9/2271813_1779352590_glengarry-glen-ross_1024.jpg,https://d31fr2pwly4c4s.cloudfront.net/e/e/9/2271813_1779352590_glengarry-glen-ross_1024.webp,https://www.skiddle.com/whats-on/London/Old-Vic-Theatre/Glengarry-Glen-Ross/42458133/,2026-07-15,2026-07-15T14:30:00+00:00,2026-07-15T16:30:00+00:00,David Mamet’s modern classic Glengarry Glen Ross is staged by Tony Award-winning director Patrick Marber with an all-female cast.,"{'doorsopen': '14:30', 'doorsclose': '00:00', 'lastentry': '00:00'}",0,,0,0,False,"{'minPrice': 20, 'maxPrice': 20}",£19.80 - £91.80,public,https%3A%2F%2Fentertainment.skiddle.com%2Fbook%2F1HXE2-glengarry-glen-ross%2F,False,{'enabled': False},,GBP,[],[],[]
42365744,2252630,False,1DU1L,False,0,THEATRE,Wicked,0,,,,,"{'id': 36264, 'name': 'Apollo Victoria Theater', 'address': '17 Wilton Road  City of Westminster', 'town': 'London', 'postcode_lookup': 'London', 'postcode': 'SW1V 1LG', 'region': 'London', 'country': 'GB', 'phone': '0203 318 3832', 'latitude': 51.4957746, 'longitude': -0.1426793, 'type': 'Theatre', 'rating': 0, 'reviewCount': 0, 'distance': 1609.4883118490623}",https://d31fr2pwly4c4s.cloudfront.net/8/c/c/2252630_1776573977_wicked_th.jpg,https://d31fr2pwly4c4s.cloudfront.net/8/c/c/2252630_1776573977_wicked.jpg,https://d31fr2pwly4c4s.cloudfront.net/8/c/c/2252630_1776573977_wicked_1024.jpg,https://d31fr2pwly4c4s.cloudfront.net/8/c/c/2252630_1776573977_wicked_1024.webp,https://www.skiddle.com/whats-on/London/Apollo-Victoria-Theater/Wicked/42365744/,2026-07-15,2026-07-15T14:30:00+00:00,2026-07-15T16:30:00+00:00,"WICKED is the multi award-winning musical sensation, revealing the untold story of the Wicked Witch of the West.","{'doorsopen': '14:30', 'doorsclose': '00:00', 'lastentry': '00:00'}",0,,0,0,False,"{'minPrice': 20, 'maxPrice': 20}",£30.00 - £295.20,public,https%3A%2F%2Fentertainment.skiddle.com%2Fbook%2F1DU1L-wicked%2F,False,{'enabled': False},,GBP,[],[],[]
41380353,2113027,False,1HFY2,False,0,THEATRE,Relics,0,,,,,"{'id': 10976, 'name': 'Lyric Hammersmith', 'address': 'Lyric Square, King St', 'town': 'London', 'postcode_lookup': 'London', 'postcode': 'W6 0QL', 'region': 'London', 'country': 'GB', 'phone': '020 8741 6850', 'latitude': 51.49289, 'longitude': -0.23499, 'type': 'Theatre', 'rating': 0, 'reviewCount': 0, 'distance': 7570.287310206998}",https://d31fr2pwly4c4s.cloudfront.net/0/0/c/2113027_1758550199_relics_th.jpg,https://d31fr2pwly4c4s.cloudfront.net/0/0/c/2113027_1758550199_relics.jpg,https://d31fr2pwly4c4s.cloudfront.net/0/0/c/2113027_1758550199_relics_1024.jpg,https://d31fr2pwly4c4s.cloudfront.net/0/0/c/2113027_1758550199_relics_1024.webp,https://www.skiddle.com/whats-on/London/Lyric-Hammersmith/Relics/41380353/,2026-07-15,2026-07-15T14:30:00+00:00,2026-07-15T16:30:00+00:00,"World premiere of Ben Ockrent’s darkly comic family drama, directed by award-winning Michael Longhurst, about inherited legacies.","{'doorsopen': '14:30', 'doorsclose': '21:45', 'lastentry': '00:00'}",0,,0,0,False,"{'minPrice': 20, 'maxPrice': 20}",£18.00 - £66.00,public,https%3A%2F%2Fentertainment.skiddle.com%2Fbook%2F1HFY2-relics%2F,False,{'enabled': False},,GBP,[],[],[]
42395269,2257338,False,1HX9G,False,0,THEATRE,Laura Benanti - Nobody Cares,0,,,,,"{'id': 4916, 'name': 'The Soho Revue Bar', 'address': '11 - 12 Walkers Court', 'town': 'London', 'postcode_lookup': 'London', 'postcode': 'W1F 0ED', 'region': 'London', 'country': 'GB', 'phone': '02074394089', 'latitude': 51.51242899, 'longitude': -0.13414, 'type': 'Nightclub', 'rating': 0, 'reviewCount': 0, 'distance': 738.2313308925337}",https://d31fr2pwly4c4s.cloudfront.net/c/3/b/2257338_1776936217_laura-benanti--nobody-cares_th.jpg,https://d31fr2pwly4c4s.cloudfront.net/c/3/b/2257338_1776936217_laura-benanti--nobody-cares.jpg,https://d31fr2pwly4c4s.cloudfront.net/c/3/b/2257338_1776936217_laura-benanti--nobody-cares_1024.jpg,https://d31fr2pwly4c4s.cloudfront.net/c/3/b/2257338_1776936217_laura-benanti--nobody-cares_1024.webp,https://www.skiddle.com/whats-on/London/The-Soho-Revue-Bar/Laura-Benanti---Nobody-Cares/42395269/,2026-07-15,2026-07-15T19:00:00+00:00,2026-07-15T20:05:00+00:00,"Tony Award winner Laura Benanti's one-woman comedy show blends sharp storytelling and original songs in a heartfelt, hilarious take on life.","{'doorsopen': '19:00', 'doorsclose': '20:05', 'lastentry': '00:00'}",0,,0,0,False,"{'minPrice': 20, 'maxPrice': 20}",,public,https%3A%2F%2Fentertainment.skiddle.com%2Fbook%2F1HX9G-laura-benanti-nobody-cares%2F,False,{'enabled': False},,GBP,[],[],[]
42365780,2252666,False,1FHDY,False,0,THEATRE,Stranger Things: The First Shadow,0,,,,,"{'id': 83481, 'name': 'Phoenix Theatre', 'address': '110 Charing Cross Road', 'town': 'London', 'postcode_lookup': 'London', 'postcode': 'WC2H 0JP', 'region': 'London', 'country': 'GB', 'phone': '', 'latitude': 51.5143773, 'longitude': -0.1294848, 'type': 'Theatre', 'rating': 0, 'reviewCount': 0, 'distance': 826.7255851741454}",https://d31fr2pwly4c4s.cloudfront.net/4/7/0/2252666_1776574008_stranger-things-the-first-shadow_th.jpg,https://d31fr2pwly4c4s.cloudfront.net/4/7/0/2252666_1776574008_stranger-things-the-first-shadow.jpg,https://d31fr2pwly4c4s.cloudfront.net/4/7/0/2252666_1776574008_stranger-things-the-first-shadow_1024.jpg,https://d31fr2pwly4c4s.cloudfront.net/4/7/0/2252666_1776574008_stranger-things-the-first-shadow_1024.webp,https://www.skiddle.com/whats-on/London/Phoenix-Theatre/Stranger-Things-The-First-Shadow/42365780/,2026-07-15,2026-07-15T19:00:00+00:00,2026-07-15T21:00:00+00:00,"Stranger Things: The First Shadow is a gripping new adventure from a multi-award-winning team, taking the story back to the beginning.","{'doorsopen': '19:00', 'doorsclose': '00:00', 'lastentry': '00:00'}",0,,0,0,False,"{'minPrice': 20, 'maxPrice': 20}",£35.12 - £343.50,public,https%3A%2F%2Fentertainment.skiddle.com%2Fbook%2F1FHDY-stranger-things-the-first-shadow%2F,False,{'enabled': False},,GBP,[],[],[]
42364752,2252380,False,1G7HA,False,0,THEATRE,My Neighbour Totoro,0,,,,,"{'id': 103561, 'name': 'Gillian Lynne Theatre', 'address': '166 Drury Lane', 'town': 'London', 'postcode_lookup': 'London', 'postcode': 'WC2B 5PF', 'region': 'London', 'country': 'GB', 'phone': '', 'latitude': 51.51528, 'longitude': -0.12265, 'type': 'Theatre', 'rating': 0, 'reviewCount': 0, 'distance': 992.347103520854}",https://d31fr2pwly4c4s.cloudfront.net/c/3/c/2252380_1776487592_my-neighbour-totoro_th.jpg,https://d31fr2pwly4c4s.cloudfront.net/c/3/c/2252380_1776487592_my-neighbour-totoro.jpg,https://d31fr2pwly4c4s.cloudfront.net/c/3/c/2252380_1776487592_my-neighbour-totoro_1024.jpg,https://d31fr2pwly4c4s.cloudfront.net/c/3/c/2252380_1776487592_my-neighbour-totoro_1024.webp,https://www.skiddle.com/whats-on/London/Gillian-Lynne-Theatre/My-Neighbour-Totoro/42364752/,2026-07-15,2026-07-15T19:00:00+00:00,2026-07-15T21:40:00+00:00,"The record-breaking, award-winning My Neighbour Totoro returns in a five-star, six-Olivier-Award-winning West End staging.","{'doorsopen': '19:00', 'doorsclose': '21:40', 'lastentry': '00:00'}",0,,0,0,False,"{'minPrice': 20, 'maxPrice': 20}",£30.00 - £198.00,public,https%3A%2F%2Fentertainment.skiddle.com%2Fbook%2F1G7HA-my-neighbour-totoro%2F,False,{'enabled': False},,GBP,[],[],[]
42469889,2275038,False,1J3PC,False,0,THEATRE,The Smile Of Her,0,,,,,"{'id': 112301, 'name': 'Marylebone Theatre ', 'address': '35 park road ', 'town': 'London', 'postcode_lookup': 'London', 'postcode': 'NW1 6XT', 'region': 'London', 'country': 'GB', 'phone': '', 'latitude': 51.517721, 'longitude': -0.160652, 'type': 'Theatre', 'rating': 0, 'reviewCount': 0, 'distance': 2554.772085097865}",https://d31fr2pwly4c4s.cloudfront.net/d/b/b/2275038_1779981603_the-smile-of-her_th.jpg,https://d31fr2pwly4c4s.cloudfront.net/d/b/b/2275038_1779981603_the-smile-of-her.jpg,https://d31fr2pwly4c4s.cloudfront.net/d/b/b/2275038_1779981603_the-smile-of-her_1024.jpg,https://d31fr2pwly4c4s.cloudfront.net/d/b/b/2275038_1779981603_the-smile-of-her_1024.webp,https://www.skiddle.com/whats-on/London/Marylebone-Theatre-/The-Smile-Of-Her/42469889/,2026-07-15,2026-07-15T19:00:00+00:00,2026-07-15T21:00:00+00:00,"Christine Lahti stars in The Smile of Her, a funny, furious and deeply human autobiographical play about reclaiming yourself.","{'doorsopen': '19:00', 'doorsclose': '00:00', 'lastentry': '00:00'}",0,,0,0,False,"{'minPrice': 20, 'maxPrice': 20}",£9.50 - £81.50,public,https%3A%2F%2Fentertainment.skiddle.com%2Fbook%2F1J3PC-the-smile-of-her%2F,False,{'enabled': False},,GBP,[],[],[]
42364774,2252402,False,1HHVY,False,0,THEATRE,"Oh, Mary!",0,,,,,"{'id': 103989, 'name': 'Trafalgar Theatre', 'address': ' 14 Whitehall', 'town': 'London', 'postcode_lookup': 'London', 'postcode': 'SW1A 2DY', 'region': 'London', 'country': 'GB', 'phone': '', 'latitude': 51.506486, 'longitude': -0.127232, 'type': 'Theatre', 'rating': 0, 'reviewCount': 0, 'distance': 78.05105205853825}",https://d31fr2pwly4c4s.cloudfront.net/c/0/d/2252402_1776487609_oh-mary_th.jpg,https://d31fr2pwly4c4s.cloudfront.net/c/0/d/2252402_1776487609_oh-mary.jpg,https://d31fr2pwly4c4s.cloudfront.net/c/0/d/2252402_1776487609_oh-mary_1024.jpg,https://d31fr2pwly4c4s.cloudfront.net/c/0/d/2252402_1776487609_oh-mary_1024.webp,https://www.skiddle.com/whats-on/London/Trafalgar-Theatre/Oh-Mary/42364774/,2026-07-15,2026-07-15T19:30:00+00:00,2026-07-15T21:30:00+00:00,"Award-winning dark comedy Oh, Mary! stars Mason Alexander Park in a fast, wildly funny take on Mary Todd Lincoln.","{'doorsopen': '19:30', 'doorsclose': '00:00', 'lastentry': '00:00'}",0,,0,0,False,"{'minPrice': 20, 'maxPrice': 20}",£35.12 - £270.00,public,https%3A%2F%2Fentertainment.skiddle.com%2Fbook%2F1HHVY-oh-mary%2F,False,{'enabled': False},,GBP,[],[],[]
42365779,2252665,False,1H2AJ,False,0,THEATRE,The Producers,0,,,,,"{'id': 25670, 'name': 'The Garrick Theatre', 'address': '2 Charing Cross Road', 'town': 'London', 'postcode_lookup': 'London', 'postcode': 'WC2H 0HH', 'region': 'London', 'country': 'GB', 'phone': '0844 482 967', 'latitude': 51.5099441, 'longitude': -0.1278073, 'type': 'Theatre', 'rating': 0, 'reviewCount': 0, 'distance': 327.63752840732576}",https://d31fr2pwly4c4s.cloudfront.net/e/6/0/2252665_1776574008_the-producers_th.jpg,https://d31fr2pwly4c4s.cloudfront.net/e/6/0/2252665_1776574008_the-producers.jpg,https://d31fr2pwly4c4s.cloudfront.net/e/6/0/2252665_1776574008_the-producers_1024.jpg,https://d31fr2pwly4c4s.cloudfront.net/e/6/0/2252665_1776574008_the-producers_1024.webp,https://www.skiddle.com/whats-on/London/The-Garrick-Theatre/The-Producers/42365779/,2026-07-15,2026-07-15T19:30:00+00:00,2026-07-15T21:30:00+00:00,"Mel Brooks’ The Producers transfers to the West End after a sold-out Menier run, backed by a record twelve Tony Award-winning pedigree.","{'doorsopen': '19:30', 'doorsclose': '00:00', 'lastentry': '00:00'}",0,,0,0,False,"{'minPrice': 20, 'maxPrice': 20}",£30.00 - £150.00,public,https%3A%2F%2Fentertainment.skiddle.com%2Fbook%2F1H2AJ-the-producers%2F,False,{'enabled': False},,GBP,[],[],[]
42365794,2252680,False,1GZHW,False,0,THEATRE,The Book Of Mormon,0,,,,,"{'id': 13875, 'name': 'Prince Of Wales Theatre', 'address': 'Coventry Street', 'town': 'London', 'postcode_lookup': 'London', 'postcode': 'W1D 6AS', 'region': 'London', 'country': 'GB', 'phone': ' 0344 482 515', 'latitude': 51.510243, 'longitude': -0.132095, 'type': 'Theatre', 'rating': 4, 'reviewCount': 4, 'distance': 458.642514925465}",https://d31fr2pwly4c4s.cloudfront.net/6/5/a/2252680_1776574020_the-book-of-mormon_th.jpg,https://d31fr2pwly4c4s.cloudfront.net/6/5/a/2252680_1776574020_the-book-of-mormon.jpg,https://d31fr2pwly4c4s.cloudfront.net/6/5/a/2252680_1776574020_the-book-of-mormon_1024.jpg,https://d31fr2pwly4c4s.cloudfront.net/6/5/a/2252680_1776574020_the-book-of-mormon_1024.webp,https://www.skiddle.com/whats-on/London/Prince-Of-Wales-Theatre/The-Book-Of-Mormon/42365794/,2026-07-15,2026-07-15T19:30:00+00:00,2026-07-15T21:30:00+00:00,"Smash-hit musical The Book of Mormon, winner of four Olivier Awards, is a hilarious, unexpectedly endearing West End favourite.","{'doorsopen': '19:30', 'doorsclose': '00:00', 'lastentry': '00:00'}",0,,0,0,False,"{'minPrice': 20, 'maxPrice': 20}",£24.00 - £210.00,public,https%3A%2F%2Fentertainment.skiddle.com%2Fbook%2F1GZHW-the-book-of-mormon%2F,False,{'enabled': False},,GBP,[],[],[]
42365784,2252670,False,1GTBN,False,0,THEATRE,Titanique,0,,,,,"{'id': 45964, 'name': 'Criterion Theatre', 'address': '2 Jermyn Street', 'town': 'London ', 'postcode_lookup': 'London', 'postcode': 'SW1Y 4XA', 'region': 'London', 'country': 'GB', 'phone': '020 7839 8811', 'latitude': 51.5096966, 'longitude': -0.1337116, 'type': 'Theatre', 'rating': 0, 'reviewCount': 0, 'distance': 496.1485918449154}",https://d31fr2pwly4c4s.cloudfront.net/e/b/d/2252670_1776574011_titanique_th.jpg,https://d31fr2pwly4c4s.cloudfront.net/e/b/d/2252670_1776574011_titanique.jpg,https://d31fr2pwly4c4s.cloudfront.net/e/b/d/2252670_1776574011_titanique_1024.jpg,https://d31fr2pwly4c4s.cloudfront.net/e/b/d/2252670_1776574011_titanique_1024.webp,https://www.skiddle.com/whats-on/London/Criterion-Theatre/Titanique/42365784/,2026-07-15,2026-07-15T19:30:00+00:00,2026-07-15T21:25:00+00:00,"Titanique is an award-winning, campy musical fantasia powered by Céline Dion’s hits, powerhouse voices and a full live band.","{'doorsopen': '19:30', 'doorsclose': '21:25', 'lastentry': '00:00'}",0,,0,0,False,"{'minPrice': 20, 'maxPrice': 20}",£28.50 - £160.50,public,https%3A%2F%2Fentertainment.skiddle.com%2Fbook%2F1GTBN-titanique%2F,False,{'enabled': False},,GBP,[],[],[]
42365800,2252686,False,1GWN6,False,0,THEATRE,Les Misérables,0,,,,,"{'id': 35030, 'name': ""Queen's Theatre"", 'address': '51 Shaftesbury Avenue', 'town': 'London', 'postcode_lookup': 'London', 'postcode': 'W1D 6BA', 'region': 'London', 'country': 'GB', 'phone': '0844 482 5160', 'latitude': 51.5121057, 'longitude': -0.1330943, 'type': 'Theatre', 'rating': 0, 'reviewCount': 0, 'distance': 668.2887808180164}",https://d31fr2pwly4c4s.cloudfront.net/6/c/a/2252686_1776574024_les-misrables_th.jpg,https://d31fr2pwly4c4s.cloudfront.net/6/c/a/2252686_1776574024_les-misrables.jpg,https://d31fr2pwly4c4s.cloudfront.net/6/c/a/2252686_1776574024_les-misrables_1024.jpg,https://d31fr2pwly4c4s.cloudfront.net/6/c/a/2252686_1776574024_les-misrables_1024.webp,https://www.skiddle.com/whats-on/London/Queen%27s-Theatre/Les-Misrables/42365800/,2026-07-15,2026-07-15T19:30:00+00:00,2026-07-15T21:30:00+00:00,"An acclaimed fully staged new production of Les Misérables, with a magnificent score and seen by over 130 million worldwide.","{'doorsopen': '19:30', 'doorsclose': '00:00', 'lastentry': '00:00'}",0,,0,0,False,"{'minPrice': 20, 'maxPrice': 20}",£30.00 - £300.00,public,https%3A%2F%2Fentertainment.skiddle.com%2Fbook%2F1GWN6-les-miserables%2F,False,{'enabled': False},,GBP,[],[],[]
42365788,2252674,False,1DVRJ,False,0,THEATRE,Moulin Rouge! The Musical,0,,,,,"{'id': 13874, 'name': 'Piccadilly Theatre', 'address': 'Denman Street', 'town': 'London', 'postcode_lookup': 'London', 'postcode': 'W1D 7DY', 'region': 'London', 'country': 'GB', 'phone': ' ', 'latitude': 51.510777, 'longitude': -0.13552, 'type': 'Theatre', 'rating': 0, 'reviewCount': 0, 'distance': 668.7614469163402}",https://d31fr2pwly4c4s.cloudfront.net/5/4/3/2252674_1776574015_moulin-rouge-the-musical_th.jpg,https://d31fr2pwly4c4s.cloudfront.net/5/4/3/2252674_1776574015_moulin-rouge-the-musical.jpg,https://d31fr2pwly4c4s.cloudfront.net/5/4/3/2252674_1776574015_moulin-rouge-the-musical_1024.jpg,https://d31fr2pwly4c4s.cloudfront.net/5/4/3/2252674_1776574015_moulin-rouge-the-musical_1024.webp,https://www.skiddle.com/whats-on/London/Piccadilly-Theatre/Moulin-Rouge-The-Musical/42365788/,2026-07-15,2026-07-15T19:30:00+00:00,2026-07-15T21:30:00+00:00,"Baz Luhrmann’s film comes to life on stage in a dazzling musical mash-up of splendour, romance and electrifying glamour.","{'doorsopen': '19:30', 'doorsclose': '00:00', 'lastentry': '00:00'}",0,,0,0,False,"{'minPrice': 20, 'maxPrice': 20}",£29.27 - £360.00,public,https%3A%2F%2Fentertainment.skiddle.com%2Fbook%2F1DVRJ-moulin-rouge-the-musical%2F,False,{'enabled': False},,GBP,[],[],[]
41560526,2144232,False,1HM82,False,0,THEATRE,Beetlejuice,0,,,,,"{'id': 128871, 'name': 'Prince Edward Theatre Old Compton St London W1D 4HS', 'address': 'Old Compton St', 'town': 'London', 'postcode_lookup': 'London', 'postcode': 'W1D 4HS', 'region': 'London', 'country': 'GB', 'phone': '344 482 5151', 'latitude': 51.5135117, 'longitude': -0.1307417, 'type': 'Theatre', 'rating': 0, 'reviewCount': 0, 'distance': 748.5132542443824}",https://d31fr2pwly4c4s.cloudfront.net/c/4/d/2144232_1762876201_beetlejuice_th.jpg,https://d31fr2pwly4c4s.cloudfront.net/c/4/d/2144232_1762876201_beetlejuice.jpg,https://d31fr2pwly4c4s.cloudfront.net/c/4/d/2144232_1762876201_beetlejuice_1024.jpg,https://d31fr2pwly4c4s.cloudfront.net/c/4/d/2144232_1762876201_beetlejuice_1024.webp,https://www.skiddle.com/whats-on/London/Prince-Edward-Theatre-Old-Compton-St-London-W1D-4HS/Beetlejuice/41560526/,2026-07-15,2026-07-15T19:30:00+00:00,2026-07-15T21:30:00+00:00,"The Broadway sensation Beetlejuice is a wildly funny, life-affirming musical based on Tim Burton’s beloved movie classic.","{'doorsopen': '19:30', 'doorsclose': '00:00', 'lastentry': '00:00'}",0,,0,0,False,"{'minPrice': 20, 'maxPrice': 20}",£30.00 - £270.00,public,https%3A%2F%2Fentertainment.skiddle.com%2Fbook%2F1HM82-beetlejuice%2F,False,{'enabled': False},,GBP,[],[],[]
42365793,2252679,False,1H4KU,False,0,THEATRE,Mamma Mia!,0,,,,,"{'id': 60642, 'name': 'Novello Theatre', 'address': 'Aldwych, London', 'town': 'London', 'postcode_lookup': 'London', 'postcode': 'WC2B 4LD', 'region': 'London', 'country': 'GB', 'phone': '0844 482 5170', 'latitude': 51.5119231, 'longitude': -0.1194107, 'type': 'other', 'rating': 0, 'reviewCount': 0, 'distance': 808.0937189817157}",https://d31fr2pwly4c4s.cloudfront.net/0/c/6/2252679_1776574019_mamma-mia_th.jpg,https://d31fr2pwly4c4s.cloudfront.net/0/c/6/2252679_1776574019_mamma-mia.jpg,https://d31fr2pwly4c4s.cloudfront.net/0/c/6/2252679_1776574019_mamma-mia_1024.jpg,https://d31fr2pwly4c4s.cloudfront.net/0/c/6/2252679_1776574019_mamma-mia_1024.webp,https://www.skiddle.com/whats-on/London/Novello-Theatre/Mamma-Mia/42365793/,2026-07-15,2026-07-15T19:30:00+00:00,2026-07-15T21:30:00+00:00,"Join the feel-good smash-hit MAMMA MIA!, where ABBA’s timeless songs drive a funny Greek island story that’s delighted millions.","{'doorsopen': '19:30', 'doorsclose': '00:00', 'lastentry': '00:00'}",0,,0,0,False,"{'minPrice': 20, 'maxPrice': 20}",£18.00 - £234.00,public,https%3A%2F%2Fentertainment.skiddle.com%2Fbook%2F1H4KU-mamma-mia%2F,False,{'enabled': False},,GBP,[],[],[]
42365796,2252682,False,1GVLR,False,0,THEATRE,Disney's Hercules,0,,,,,"{'id': 14074, 'name': 'Theatre Royal Drury Lane', 'address': 'Catherine Street', 'town': 'London', 'postcode_lookup': 'London', 'postcode': 'WC2B 5JF', 'region': 'London', 'country': 'GB', 'phone': ' ', 'latitude': 51.51291, 'longitude': -0.120349, 'type': 'Theatre', 'rating': 1, 'reviewCount': 1, 'distance': 843.9285622119403}",https://d31fr2pwly4c4s.cloudfront.net/6/1/d/2252682_1776574021_disneys-hercules_th.jpg,https://d31fr2pwly4c4s.cloudfront.net/6/1/d/2252682_1776574021_disneys-hercules.jpg,https://d31fr2pwly4c4s.cloudfront.net/6/1/d/2252682_1776574021_disneys-hercules_1024.jpg,https://d31fr2pwly4c4s.cloudfront.net/6/1/d/2252682_1776574021_disneys-hercules_1024.webp,https://www.skiddle.com/whats-on/London/Theatre-Royal-Drury-Lane/Disneys-Hercules/42365796/,2026-07-15,2026-07-15T19:30:00+00:00,2026-07-15T21:30:00+00:00,"Disney’s Hercules is a wise-cracking musical adventure of self-discovery and love, directed and choreographed by Casey Nicholaw.","{'doorsopen': '19:30', 'doorsclose': '21:30', 'lastentry': '00:00'}",0,,0,0,False,"{'minPrice': 20, 'maxPrice': 20}",£35.40 - £180.00,public,https%3A%2F%2Fentertainment.skiddle.com%2Fbook%2F1GVLR-disney-s-hercules%2F,False,{'enabled': False},,GBP,[],[],[]
42079771,2203424,False,1HU76,False,0,THEATRE,Sinatra The Musical,0,,,,,"{'id': 13872, 'name': 'Aldwych Theatre', 'address': 'Aldwych', 'town': 'London', 'postcode_lookup': 'London', 'postcode': 'WC2B 4DF', 'region': 'London', 'country': 'GB', 'phone': ' 0345 200 798', 'latitude': 51.513183, 'longitude': -0.118852, 'type': 'Theatre', 'rating': 5, 'reviewCount': 2, 'distance': 934.5995506585996}",https://d31fr2pwly4c4s.cloudfront.net/b/a/c/2203424_1770221513_sinatra-the-musical_th.jpg,https://d31fr2pwly4c4s.cloudfront.net/b/a/c/2203424_1770221513_sinatra-the-musical.jpg,https://d31fr2pwly4c4s.cloudfront.net/b/a/c/2203424_1770221513_sinatra-the-musical_1024.jpg,https://d31fr2pwly4c4s.cloudfront.net/b/a/c/2203424_1770221513_sinatra-the-musical_1024.webp,https://www.skiddle.com/whats-on/London/Aldwych-Theatre/Sinatra-The-Musical/42079771/,2026-07-15,2026-07-15T19:30:00+00:00,2026-07-15T21:30:00+00:00,"Joe DiPietro brings Frank Sinatra’s rise, romance and comeback story to the West End in a hit-packed new musical.","{'doorsopen': '19:30', 'doorsclose': '00:00', 'lastentry': '00:00'}",0,,0,0,False,"{'minPrice': 20, 'maxPrice': 20}",£42.00 - £234.00,public,https%3A%2F%2Fentertainment.skiddle.com%2Fbook%2F1HU76-sinatra-the-musical%2F,False,{'enabled': False},,GBP,[],[],[]
42364695,2252323,False,1HMDJ,False,0,THEATRE,Avenue Q,0,,,,,"{'id': 20714, 'name': 'Shaftesbury Theatre ', 'address': '210 Shaftesbury Avenue ', 'town': 'London ', 'postcode_lookup': 'London', 'postcode': 'WC2H 8DP', 'region': 'London', 'country': 'GB', 'phone': '020 7379 3345', 'latitude': 51.5162548, 'longitude': -0.1255342, 'type': 'Theatre', 'rating': 0, 'reviewCount': 0, 'distance': 1043.1351861755406}",https://d31fr2pwly4c4s.cloudfront.net/f/a/9/2252323_1776487543_avenue-q_th.jpg,https://d31fr2pwly4c4s.cloudfront.net/f/a/9/2252323_1776487543_avenue-q.jpg,https://d31fr2pwly4c4s.cloudfront.net/f/a/9/2252323_1776487543_avenue-q_1024.jpg,https://d31fr2pwly4c4s.cloudfront.net/f/a/9/2252323_1776487543_avenue-q_1024.webp,https://www.skiddle.com/whats-on/London/Shaftesbury-Theatre-/Avenue-Q/42364695/,2026-07-15,2026-07-15T19:30:00+00:00,2026-07-15T21:30:00+00:00,"Three-time Tony Award-winning Avenue Q returns in a mischievous, charming musical with infectious songs and lovable characters.","{'doorsopen': '19:30', 'doorsclose': '00:00', 'lastentry': '00:00'}",0,,0,0,False,"{'minPrice': 20, 'maxPrice': 20}",£30.00 - £198.00,public,https%3A%2F%2Fentertainment.skiddle.com%2Fbook%2F1HMDJ-avenue-q%2F,False,{'enabled': False},,GBP,[],[],[]
42369709,2253951,False,1HXE0,False,0,THEATRE,The Oresteia,0,,,,,"{'id': 120533, 'name': 'Bridge Theatre', 'address': '3 Potters Field Park, Potters Field', 'town': 'London', 'postcode_lookup': 'London', 'postcode': 'SE1 2SG', 'region': 'London', 'country': 'GB', 'phone': '', 'latitude': 51.5040906, 'longitude': -0.0772691, 'type': 'Theatre', 'rating': 0, 'reviewCount': 0, 'distance': 3526.0624687546324}",https://d31fr2pwly4c4s.cloudfront.net/d/e/a/2253951_1776702867_the-oresteia_th.jpg,https://d31fr2pwly4c4s.cloudfront.net/d/e/a/2253951_1776702867_the-oresteia.jpg,https://d31fr2pwly4c4s.cloudfront.net/d/e/a/2253951_1776702867_the-oresteia_1024.jpg,https://d31fr2pwly4c4s.cloudfront.net/d/e/a/2253951_1776702867_the-oresteia_1024.webp,https://www.skiddle.com/whats-on/London/Bridge-Theatre/The-Oresteia/42369709/,2026-07-15,2026-07-15T19:30:00+00:00,2026-07-15T21:30:00+00:00,Simon Stone's bold reimagining of The Oresteia follows a contemporary family trapped in a gripping Greek myth drama.,"{'doorsopen': '19:00', 'doorsclose': '22:35', 'lastentry': '00:00'}",0,,0,0,False,"{'minPrice': 20, 'maxPrice': 20}",£35.40 - £150.00,public,https%3A%2F%2Fentertainment.skiddle.com%2Fbook%2F1HXE0-the-oresteia%2F,False,{'enabled': False},,GBP,[],[],[]
42504649,2285375,False,1HUN0,False,0,THEATRE,The Hunger Games On Stage,0,,,,,"{'id': 140065, 'name': 'Troubadour Canary Wharf Theatre', 'address': '11 Water Street', 'town': 'London', 'postcode_lookup': 'London', 'postcode': 'E14 5GX', 'region': 'London', 'country': 'GB', 'phone': '', 'latitude': 51.493231, 'longitude': -0.004119, 'type': 'Theatre', 'rating': 0, 'reviewCount': 0, 'distance': 8710.696476382309}",https://d31fr2pwly4c4s.cloudfront.net/8/5/0/2285375_1781526576_the-hunger-games-on-stage_th.jpg,https://d31fr2pwly4c4s.cloudfront.net/8/5/0/2285375_1781526576_the-hunger-games-on-stage.jpg,https://d31fr2pwly4c4s.cloudfront.net/8/5/0/2285375_1781526576_the-hunger-games-on-stage_1024.jpg,https://d31fr2pwly4c4s.cloudfront.net/8/5/0/2285375_1781526576_the-hunger-games-on-stage_1024.webp,https://www.skiddle.com/whats-on/London/Troubadour-Canary-Wharf-Theatre/The-Hunger-Games-On-Stage/42504649/,2026-07-15,2026-07-15T19:30:00+00:00,2026-07-15T21:30:00+00:00,"Experience the first-ever theatre adaptation of The Hunger Games, brought to life by award-winning playwright Conor McPherson.","{'doorsopen': '19:30', 'doorsclose': '00:00', 'lastentry': '00:00'}",0,,0,0,False,"{'minPrice': 20, 'maxPrice': 20}",£27.60 - £207.60,public,https%3A%2F%2Fentertainment.skiddle.com%2Fbook%2F1HUN0-the-hunger-games-on-stage%2F,False,{'enabled': False},,GBP,[],[],[]
42482442,2278790,False,0sYaq3EP4C,False,0,THEATRE,Sirens: The Concert Series,0,,,,,"{'id': 134956, 'name': 'The Emerald Theatre', 'address': '8 Victoria Embankment', 'town': 'London', 'postcode_lookup': 'London', 'postcode': 'WC2R 2AB', 'region': 'London', 'country': 'GB', 'phone': '', 'latitude': 51.509886, 'longitude': -0.1182697, 'type': 'Theatre', 'rating': 4, 'reviewCount': 18, 'distance': 745.9632621316904}",https://d31fr2pwly4c4s.cloudfront.net/8/8/4/2277254_75574251_sirens-the-concert-series_th.jpg,https://d31fr2pwly4c4s.cloudfront.net/8/8/4/2277254_75574251_sirens-the-concert-series.jpg,https://d31fr2pwly4c4s.cloudfront.net/8/8/4/2277254_75574251_sirens-the-concert-series_1024.jpg,https://d31fr2pwly4c4s.cloudfront.net/8/8/4/2277254_75574251_sirens-the-concert-series_1024.webp,https://www.skiddle.com/whats-on/London/The-Emerald-Theatre/Sirens-The-Concert-Series/42482442/,2026-07-15,2026-07-15T20:00:00+00:00,2026-07-15T21:30:00+00:00,"Five Women. One Sound. No apologies. A concert-theatre experience for everyone who has ever needed a night that was entirely, unapologetically theirs.","{'doorsopen': '20:00', 'doorsclose': '21:30', 'lastentry': '20:00'}",,,0,0,True,"{'minPrice': 20, 'maxPrice': 20}",,public,,False,{'enabled': False},,GBP,[],[],[]
42365765,2252651,False,1G7HA,False,0,THEATRE,My Neighbour Totoro,0,,,,,"{'id': 103561, 'name': 'Gillian Lynne Theatre', 'address': '166 Drury Lane', 'town': 'London', 'postcode_lookup': 'London', 'postcode': 'WC2B 5PF', 'region': 'London', 'country': 'GB', 'phone': '', 'latitude': 51.51528, 'longitude': -0.12265, 'type': 'Theatre', 'rating': 0, 'reviewCount': 0, 'distance': 992.347103520854}",https://d31fr2pwly4c4s.cloudfront.net/8/b/1/2252651_1776573995_my-neighbour-totoro_th.jpg,https://d31fr2pwly4c4s.cloudfront.net/8/b/1/2252651_1776573995_my-neighbour-totoro.jpg,https://d31fr2pwly4c4s.cloudfront.net/8/b/1/2252651_1776573995_my-neighbour-totoro_1024.jpg,https://d31fr2pwly4c4s.cloudfront.net/8/b/1/2252651_1776573995_my-neighbour-totoro_1024.webp,https://www.skiddle.com/whats-on/London/Gillian-Lynne-Theatre/My-Neighbour-Totoro/42365765/,2026-07-16,2026-07-16T14:00:00+00:00,2026-07-16T21:40:00+00:00,"The record-breaking, award-winning My Neighbour Totoro returns in a five-star, six-Olivier-Award-winning West End staging.","{'doorsopen': '14:00', 'doorsclose': '21:40', 'lastentry': '00:00'}",0,,0,0,False,"{'minPrice': 20, 'maxPrice': 20}",£30.00 - £198.00,public,https%3A%2F%2Fentertainment.skiddle.com%2Fbook%2F1G7HA-my-neighbour-totoro%2F,False,{'enabled': False},,GBP,[],[],[]
42369595,2253837,False,1HWME,False,0,THEATRE,Trainspotting - The Musical,0,,,,,"{'id': 60755, 'name': 'Theatre Royal Haymarket', 'address': '18 Suffolk Street, London', 'town': 'London', 'postcode_lookup': 'London', 'postcode': 'SW1Y 4HT', 'region': 'London', 'country': 'GB', 'phone': '020 7930 8890', 'latitude': 51.50831, 'longitude': -0.130625, 'type': 'Nightclub', 'rating': 0, 'reviewCount': 0, 'distance': 232.85838835483398}",https://d31fr2pwly4c4s.cloudfront.net/c/3/7/2253837_1776702860_trainspotting--the-musical_th.jpg,https://d31fr2pwly4c4s.cloudfront.net/c/3/7/2253837_1776702860_trainspotting--the-musical.jpg,https://d31fr2pwly4c4s.cloudfront.net/c/3/7/2253837_1776702860_trainspotting--the-musical_1024.jpg,https://d31fr2pwly4c4s.cloudfront.net/c/3/7/2253837_1776702860_trainspotting--the-musical_1024.webp,https://www.skiddle.com/whats-on/London/Theatre-Royal-Haymarket/Trainspotting---The-Musical/42369595/,2026-07-16,2026-07-16T14:30:00+00:00,2026-07-16T16:30:00+00:00,"Thirty years on from the film that changed everything, Trainspotting: The Musical brings electrifying tracks, original songs and live, loud defiance.","{'doorsopen': '14:30', 'doorsclose': '00:00', 'lastentry': '00:00'}",0,,0,0,False,"{'minPrice': 20, 'maxPrice': 20}",£15.00 - £175.80,public,https%3A%2F%2Fentertainment.skiddle.com%2Fbook%2F1HWME-trainspotting-the-musical%2F,False,{'enabled': False},,GBP,[],[],[]
42365781,2252667,False,1H2AJ,False,0,THEATRE,The Producers,0,,,,,"{'id': 25670, 'name': 'The Garrick Theatre', 'address': '2 Charing Cross Road', 'town': 'London', 'postcode_lookup': 'London', 'postcode': 'WC2H 0HH', 'region': 'London', 'country': 'GB', 'phone': '0844 482 967', 'latitude': 51.5099441, 'longitude': -0.1278073, 'type': 'Theatre', 'rating': 0, 'reviewCount': 0, 'distance': 327.63752840732576}",https://d31fr2pwly4c4s.cloudfront.net/4/b/a/2252667_1776574009_the-producers_th.jpg,https://d31fr2pwly4c4s.cloudfront.net/4/b/a/2252667_1776574009_the-producers.jpg,https://d31fr2pwly4c4s.cloudfront.net/4/b/a/2252667_1776574009_the-producers_1024.jpg,https://d31fr2pwly4c4s.cloudfront.net/4/b/a/2252667_1776574009_the-producers_1024.webp,https://www.skiddle.com/whats-on/London/The-Garrick-Theatre/The-Producers/42365781/,2026-07-16,2026-07-16T14:30:00+00:00,2026-07-16T16:30:00+00:00,"Mel Brooks’ The Producers transfers to the West End after a sold-out Menier run, backed by a record twelve Tony Award-winning pedigree.","{'doorsopen': '14:30', 'doorsclose': '00:00', 'lastentry': '00:00'}",0,,0,0,False,"{'minPrice': 20, 'maxPrice': 20}",£30.00 - £150.00,public,https%3A%2F%2Fentertainment.skiddle.com%2Fbook%2F1H2AJ-the-producers%2F,False,{'enabled': False},,GBP,[],[],[]
42365801,2252687,False,1GWN6,False,0,THEATRE,Les Misérables,0,,,,,"{'id': 35030, 'name': ""Queen's Theatre"", 'address': '51 Shaftesbury Avenue', 'town': 'London', 'postcode_lookup': 'London', 'postcode': 'W1D 6BA', 'region': 'London', 'country': 'GB', 'phone': '0844 482 5160', 'latitude': 51.5121057, 'longitude': -0.1330943, 'type': 'Theatre', 'rating': 0, 'reviewCount': 0, 'distance': 668.2887808180164}",https://d31fr2pwly4c4s.cloudfront.net/9/2/3/2252687_1776574024_les-misrables_th.jpg,https://d31fr2pwly4c4s.cloudfront.net/9/2/3/2252687_1776574024_les-misrables.jpg,https://d31fr2pwly4c4s.cloudfront.net/9/2/3/2252687_1776574024_les-misrables_1024.jpg,https://d31fr2pwly4c4s.cloudfront.net/9/2/3/2252687_1776574024_les-misrables_1024.webp,https://www.skiddle.com/whats-on/London/Queen%27s-Theatre/Les-Misrables/42365801/,2026-07-16,2026-07-16T14:30:00+00:00,2026-07-16T16:30:00+00:00,"An acclaimed fully staged new production of Les Misérables, with a magnificent score and seen by over 130 million worldwide.","{'doorsopen': '14:30', 'doorsclose': '00:00', 'lastentry': '00:00'}",0,,0,0,False,"{'minPrice': 20, 'maxPrice': 20}",£30.00 - £300.00,public,https%3A%2F%2Fentertainment.skiddle.com%2Fbook%2F1GWN6-les-miserables%2F,False,{'enabled': False},,GBP,[],[],[]
42365789,2252675,False,1DVRJ,False,0,THEATRE,Moulin Rouge! The Musical,0,,,,,"{'id': 13874, 'name': 'Piccadilly Theatre', 'address': 'Denman Street', 'town': 'London', 'postcode_lookup': 'London', 'postcode': 'W1D 7DY', 'region': 'London', 'country': 'GB', 'phone': ' ', 'latitude': 51.510777, 'longitude': -0.13552, 'type': 'Theatre', 'rating': 0, 'reviewCount': 0, 'distance': 668.7614469163402}",https://d31fr2pwly4c4s.cloudfront.net/c/2/2/2252675_1776574015_moulin-rouge-the-musical_th.jpg,https://d31fr2pwly4c4s.cloudfront.net/c/2/2/2252675_1776574015_moulin-rouge-the-musical.jpg,https://d31fr2pwly4c4s.cloudfront.net/c/2/2/2252675_1776574015_moulin-rouge-the-musical_1024.jpg,https://d31fr2pwly4c4s.cloudfront.net/c/2/2/2252675_1776574015_moulin-rouge-the-musical_1024.webp,https://www.skiddle.com/whats-on/London/Piccadilly-Theatre/Moulin-Rouge-The-Musical/42365789/,2026-07-16,2026-07-16T14:30:00+00:00,2026-07-16T16:30:00+00:00,"Baz Luhrmann’s film comes to life on stage in a dazzling musical mash-up of splendour, romance and electrifying glamour.","{'doorsopen': '14:30', 'doorsclose': '00:00', 'lastentry': '00:00'}",0,,0,0,False,"{'minPrice': 20, 'maxPrice': 20}",£29.27 - £360.00,public,https%3A%2F%2Fentertainment.skiddle.com%2Fbook%2F1DVRJ-moulin-rouge-the-musical%2F,False,{'enabled': False},,GBP,[],[],[]
42365797,2252683,False,1GVLR,False,0,THEATRE,Disney's Hercules,0,,,,,"{'id': 14074, 'name': 'Theatre Royal Drury Lane', 'address': 'Catherine Street', 'town': 'London', 'postcode_lookup': 'London', 'postcode': 'WC2B 5JF', 'region': 'London', 'country': 'GB', 'phone': ' ', 'latitude': 51.51291, 'longitude': -0.120349, 'type': 'Theatre', 'rating': 1, 'reviewCount': 1, 'distance': 843.9285622119403}",https://d31fr2pwly4c4s.cloudfront.net/5/0/1/2252683_1776574021_disneys-hercules_th.jpg,https://d31fr2pwly4c4s.cloudfront.net/5/0/1/2252683_1776574021_disneys-hercules.jpg,https://d31fr2pwly4c4s.cloudfront.net/5/0/1/2252683_1776574021_disneys-hercules_1024.jpg,https://d31fr2pwly4c4s.cloudfront.net/5/0/1/2252683_1776574021_disneys-hercules_1024.webp,https://www.skiddle.com/whats-on/London/Theatre-Royal-Drury-Lane/Disneys-Hercules/42365797/,2026-07-16,2026-07-16T14:30:00+00:00,2026-07-16T16:30:00+00:00,"Disney’s Hercules is a wise-cracking musical adventure of self-discovery and love, directed and choreographed by Casey Nicholaw.","{'doorsopen': '14:30', 'doorsclose': '21:30', 'lastentry': '00:00'}",0,,0,0,False,"{'minPrice': 20, 'maxPrice': 20}",£35.40 - £180.00,public,https%3A%2F%2Fentertainment.skiddle.com%2Fbook%2F1GVLR-disney-s-hercules%2F,False,{'enabled': False},,GBP,[],[],[]
42079770,2203423,False,1HU76,False,0,THEATRE,Sinatra The Musical,0,,,,,"{'id': 13872, 'name': 'Aldwych Theatre', 'address': 'Aldwych', 'town': 'London', 'postcode_lookup': 'London', 'postcode': 'WC2B 4DF', 'region': 'London', 'country': 'GB', 'phone': ' 0345 200 798', 'latitude': 51.513183, 'longitude': -0.118852, 'type': 'Theatre', 'rating': 5, 'reviewCount': 2, 'distance': 934.5995506585996}",https://d31fr2pwly4c4s.cloudfront.net/b/f/0/2203423_1770221513_sinatra-the-musical_th.jpg,https://d31fr2pwly4c4s.cloudfront.net/b/f/0/2203423_1770221513_sinatra-the-musical.jpg,https://d31fr2pwly4c4s.cloudfront.net/b/f/0/2203423_1770221513_sinatra-the-musical_1024.jpg,https://d31fr2pwly4c4s.cloudfront.net/b/f/0/2203423_1770221513_sinatra-the-musical_1024.webp,https://www.skiddle.com/whats-on/London/Aldwych-Theatre/Sinatra-The-Musical/42079770/,2026-07-16,2026-07-16T14:30:00+00:00,2026-07-16T16:30:00+00:00,"Joe DiPietro brings Frank Sinatra’s rise, romance and comeback story to the West End in a hit-packed new musical.","{'doorsopen': '14:30', 'doorsclose': '00:00', 'lastentry': '00:00'}",0,,0,0,False,"{'minPrice': 20, 'maxPrice': 20}",£42.00 - £234.00,public,https%3A%2F%2Fentertainment.skiddle.com%2Fbook%2F1HU76-sinatra-the-musical%2F,False,{'enabled': False},,GBP,[],[],[]
42365799,2252685,False,1HMDJ,False,0,THEATRE,Avenue Q,0,,,,,"{'id': 20714, 'name': 'Shaftesbury Theatre ', 'address': '210 Shaftesbury Avenue ', 'town': 'London ', 'postcode_lookup': 'London', 'postcode': 'WC2H 8DP', 'region': 'London', 'country': 'GB', 'phone': '020 7379 3345', 'latitude': 51.5162548, 'longitude': -0.1255342, 'type': 'Theatre', 'rating': 0, 'reviewCount': 0, 'distance': 1043.1351861755406}",https://d31fr2pwly4c4s.cloudfront.net/b/2/b/2252685_1776574022_avenue-q_th.jpg,https://d31fr2pwly4c4s.cloudfront.net/b/2/b/2252685_1776574022_avenue-q.jpg,https://d31fr2pwly4c4s.cloudfront.net/b/2/b/2252685_1776574022_avenue-q_1024.jpg,https://d31fr2pwly4c4s.cloudfront.net/b/2/b/2252685_1776574022_avenue-q_1024.webp,https://www.skiddle.com/whats-on/London/Shaftesbury-Theatre-/Avenue-Q/42365799/,2026-07-16,2026-07-16T14:30:00+00:00,2026-07-16T16:30:00+00:00,"Three-time Tony Award-winning Avenue Q returns in a mischievous, charming musical with infectious songs and lovable characters.","{'doorsopen': '14:30', 'doorsclose': '00:00', 'lastentry': '00:00'}",0,,0,0,False,"{'minPrice': 20, 'maxPrice': 20}",£30.00 - £198.00,public,https%3A%2F%2Fentertainment.skiddle.com%2Fbook%2F1HMDJ-avenue-q%2F,False,{'enabled': False},,GBP,[],[],[]
42369710,2253952,False,1HXE0,False,0,THEATRE,The Oresteia,0,,,,,"{'id': 120533, 'name': 'Bridge Theatre', 'address': '3 Potters Field Park, Potters Field', 'town': 'London', 'postcode_lookup': 'London', 'postcode': 'SE1 2SG', 'region': 'London', 'country': 'GB', 'phone': '', 'latitude': 51.5040906, 'longitude': -0.0772691, 'type': 'Theatre', 'rating': 0, 'reviewCount': 0, 'distance': 3526.0624687546324}",https://d31fr2pwly4c4s.cloudfront.net/c/8/f/2253952_1776702867_the-oresteia_th.jpg,https://d31fr2pwly4c4s.cloudfront.net/c/8/f/2253952_1776702867_the-oresteia.jpg,https://d31fr2pwly4c4s.cloudfront.net/c/8/f/2253952_1776702867_the-oresteia_1024.jpg,https://d31fr2pwly4c4s.cloudfront.net/c/8/f/2253952_1776702867_the-oresteia_1024.webp,https://www.skiddle.com/whats-on/London/Bridge-Theatre/The-Oresteia/42369710/,2026-07-16,2026-07-16T14:30:00+00:00,2026-07-16T16:30:00+00:00,Simon Stone's bold reimagining of The Oresteia follows a contemporary family trapped in a gripping Greek myth drama.,"{'doorsopen': '14:00', 'doorsclose': '22:35', 'lastentry': '00:00'}",0,,0,0,False,"{'minPrice': 20, 'maxPrice': 20}",£35.40 - £150.00,public,https%3A%2F%2Fentertainment.skiddle.com%2Fbook%2F1HXE0-the-oresteia%2F,False,{'enabled': False},,GBP,[],[],[]
42370498,2254646,False,1H4KU,False,0,THEATRE,Mamma Mia!,0,,,,,"{'id': 60642, 'name': 'Novello Theatre', 'address': 'Aldwych, London', 'town': 'London', 'postcode_lookup': 'London', 'postcode': 'WC2B 4LD', 'region': 'London', 'country': 'GB', 'phone': '0844 482 5170', 'latitude': 51.5119231, 'longitude': -0.1194107, 'type': 'other', 'rating': 0, 'reviewCount': 0, 'distance': 808.0937189817157}",https://d31fr2pwly4c4s.cloudfront.net/2/e/3/2254646_1776746791_mamma-mia_th.jpg,https://d31fr2pwly4c4s.cloudfront.net/2/e/3/2254646_1776746791_mamma-mia.jpg,https://d31fr2pwly4c4s.cloudfront.net/2/e/3/2254646_1776746791_mamma-mia_1024.jpg,https://d31fr2pwly4c4s.cloudfront.net/2/e/3/2254646_1776746791_mamma-mia_1024.webp,https://www.skiddle.com/whats-on/London/Novello-Theatre/Mamma-Mia/42370498/,2026-07-16,2026-07-16T15:00:00+00:00,2026-07-16T17:00:00+00:00,"Join the feel-good smash-hit MAMMA MIA!, where ABBA’s timeless songs drive a funny Greek island story that’s delighted millions.","{'doorsopen': '15:00', 'doorsclose': '00:00', 'lastentry': '00:00'}",0,,0,0,False,"{'minPrice': 20, 'maxPrice': 20}",£18.00 - £234.00,public,https%3A%2F%2Fentertainment.skiddle.com%2Fbook%2F1H4KU-mamma-mia%2F,False,{'enabled': False},,GBP,[],[],[]
42365798,2252684,False,1HHVY,False,0,THEATRE,"Oh, Mary!",0,,,,,"{'id': 103989, 'name': 'Trafalgar Theatre', 'address': ' 14 Whitehall', 'town': 'London', 'postcode_lookup': 'London', 'postcode': 'SW1A 2DY', 'region': 'London', 'country': 'GB', 'phone': '', 'latitude': 51.506486, 'longitude': -0.127232, 'type': 'Theatre', 'rating': 0, 'reviewCount': 0, 'distance': 78.05105205853825}",https://d31fr2pwly4c4s.cloudfront.net/4/2/f/2252684_1776574022_oh-mary_th.jpg,https://d31fr2pwly4c4s.cloudfront.net/4/2/f/2252684_1776574022_oh-mary.jpg,https://d31fr2pwly4c4s.cloudfront.net/4/2/f/2252684_1776574022_oh-mary_1024.jpg,https://d31fr2pwly4c4s.cloudfront.net/4/2/f/2252684_1776574022_oh-mary_1024.webp,https://www.skiddle.com/whats-on/London/Trafalgar-Theatre/Oh-Mary/42365798/,2026-07-16,2026-07-16T17:30:00+00:00,2026-07-16T19:30:00+00:00,"Award-winning dark comedy Oh, Mary! stars Mason Alexander Park in a fast, wildly funny take on Mary Todd Lincoln.","{'doorsopen': '17:30', 'doorsclose': '00:00', 'lastentry': '00:00'}",0,,0,0,False,"{'minPrice': 20, 'maxPrice': 20}",£35.12 - £270.00,public,https%3A%2F%2Fentertainment.skiddle.com%2Fbook%2F1HHVY-oh-mary%2F,False,{'enabled': False},,GBP,[],[],[]
42504260,2284986,False,1J214,False,0,THEATRE,Arcadia,0,,,,,"{'id': 60029, 'name': ""Duke Of York's Theatre"", 'address': ""St Martin's Lane, London"", 'town': 'London', 'postcode_lookup': 'London', 'postcode': 'WC2N 4BG', 'region': 'London', 'country': 'GB', 'phone': '0844 871 3051', 'latitude': 51.5101643, 'longitude': -0.1275101, 'type': 'other', 'rating': 0, 'reviewCount': 0, 'distance': 353.48008599263017}",https://d31fr2pwly4c4s.cloudfront.net/7/4/b/2284986_1781526484_arcadia_th.jpg,https://d31fr2pwly4c4s.cloudfront.net/7/4/b/2284986_1781526484_arcadia.jpg,https://d31fr2pwly4c4s.cloudfront.net/7/4/b/2284986_1781526484_arcadia_1024.jpg,https://d31fr2pwly4c4s.cloudfront.net/7/4/b/2284986_1781526484_arcadia_1024.webp,https://www.skiddle.com/whats-on/London/Duke-Of-York%27s-Theatre/Arcadia/42504260/,2026-07-16,2026-07-16T19:00:00+00:00,2026-07-16T21:00:00+00:00,"Arcadia transfers to the West End in Carrie Cracknell’s critically acclaimed, witty and deeply moving production.","{'doorsopen': '19:00', 'doorsclose': '00:00', 'lastentry': '00:00'}",0,,0,0,False,"{'minPrice': 20, 'maxPrice': 20}",£24.00 - £186.00,public,https%3A%2F%2Fentertainment.skiddle.com%2Fbook%2F1J214-arcadia%2F,False,{'enabled': False},,GBP,[],[],[]
42469652,2274801,False,1J3DU,False,0,THEATRE,Allegra,0,,,,,"{'id': 59999, 'name': 'Harold Pinter Theatre', 'address': 'Panton Street, London', 'town': 'London', 'postcode_lookup': 'London', 'postcode': 'SW1Y 4DN', 'region': 'London', 'country': 'GB', 'phone': '0844 871 7627', 'latitude': 51.509346, 'longitude': -0.131662, 'type': 'Theatre', 'rating': 0, 'reviewCount': 0, 'distance': 363.70464176427635}",https://d31fr2pwly4c4s.cloudfront.net/a/d/a/2274801_1779981553_allegra_th.jpg,https://d31fr2pwly4c4s.cloudfront.net/a/d/a/2274801_1779981553_allegra.jpg,https://d31fr2pwly4c4s.cloudfront.net/a/d/a/2274801_1779981553_allegra_1024.jpg,https://d31fr2pwly4c4s.cloudfront.net/a/d/a/2274801_1779981553_allegra_1024.webp,https://www.skiddle.com/whats-on/London/Harold-Pinter-Theatre/Allegra/42469652/,2026-07-16,2026-07-16T19:00:00+00:00,2026-07-16T21:00:00+00:00,"Best offer: Now £75.00 (Save 49%) Dame Maureen Lipman stars in Peter Quilter’s heart-warming comedy with music, a tender, hilarious and life-affirming story.","{'doorsopen': '19:00', 'doorsclose': '00:00', 'lastentry': '00:00'}",0,,0,0,False,"{'minPrice': 20, 'maxPrice': 20}",£20.00 - £148.00,public,https%3A%2F%2Fentertainment.skiddle.com%2Fbook%2F1J3DU-allegra%2F,False,{'enabled': False},,GBP,[],[],[]
42261442,2229394,False,1HV64,False,0,THEATRE,To Kill A Mockingbird,0,,,,,"{'id': 130649, 'name': 'Wyndhams Theatre', 'address': '32 Charing Cross', 'town': 'London', 'postcode_lookup': 'London', 'postcode': 'WC2H 0DA', 'region': 'London', 'country': 'GB', 'phone': '', 'latitude': 51.5111248, 'longitude': -0.1282324, 'type': 'Theatre', 'rating': 0, 'reviewCount': 0, 'distance': 458.9381039999993}",https://d31fr2pwly4c4s.cloudfront.net/2/e/2/2229394_1773677868_to-kill-a-mockingbird_th.jpg,https://d31fr2pwly4c4s.cloudfront.net/2/e/2/2229394_1773677868_to-kill-a-mockingbird.jpg,https://d31fr2pwly4c4s.cloudfront.net/2/e/2/2229394_1773677868_to-kill-a-mockingbird_1024.jpg,https://d31fr2pwly4c4s.cloudfront.net/2/e/2/2229394_1773677868_to-kill-a-mockingbird_1024.webp,https://www.skiddle.com/whats-on/London/Wyndhams-Theatre/To-Kill-A-Mockingbird/42261442/,2026-07-16,2026-07-16T19:00:00+00:00,2026-07-16T21:00:00+00:00,Aaron Sorkin’s award-winning To Kill a Mockingbird returns in a powerful West End production with Richard Coyle.,"{'doorsopen': '19:00', 'doorsclose': '00:00', 'lastentry': '00:00'}",0,,0,0,False,"{'minPrice': 20, 'maxPrice': 20}",£24.00 - £210.00,public,https%3A%2F%2Fentertainment.skiddle.com%2Fbook%2F1HV64-to-kill-a-mockingbird%2F,False,{'enabled': False},,GBP,[],[],[]
42395270,2257339,False,1HX9G,False,0,THEATRE,Laura Benanti - Nobody Cares,0,,,,,"{'id': 4916, 'name': 'The Soho Revue Bar', 'address': '11 - 12 Walkers Court', 'town': 'London', 'postcode_lookup': 'London', 'postcode': 'W1F 0ED', 'region': 'London', 'country': 'GB', 'phone': '02074394089', 'latitude': 51.51242899, 'longitude': -0.13414, 'type': 'Nightclub', 'rating': 0, 'reviewCount': 0, 'distance': 738.2313308925337}",https://d31fr2pwly4c4s.cloudfront.net/5/5/8/2257339_1776936217_laura-benanti--nobody-cares_th.jpg,https://d31fr2pwly4c4s.cloudfront.net/5/5/8/2257339_1776936217_laura-benanti--nobody-cares.jpg,https://d31fr2pwly4c4s.cloudfront.net/5/5/8/2257339_1776936217_laura-benanti--nobody-cares_1024.jpg,https://d31fr2pwly4c4s.cloudfront.net/5/5/8/2257339_1776936217_laura-benanti--nobody-cares_1024.webp,https://www.skiddle.com/whats-on/London/The-Soho-Revue-Bar/Laura-Benanti---Nobody-Cares/42395270/,2026-07-16,2026-07-16T19:00:00+00:00,2026-07-16T20:05:00+00:00,"Tony Award winner Laura Benanti's one-woman comedy show blends sharp storytelling and original songs in a heartfelt, hilarious take on life.","{'doorsopen': '19:00', 'doorsclose': '20:05', 'lastentry': '00:00'}",0,,0,0,False,"{'minPrice': 20, 'maxPrice': 20}",,public,https%3A%2F%2Fentertainment.skiddle.com%2Fbook%2F1HX9G-laura-benanti-nobody-cares%2F,False,{'enabled': False},,GBP,[],[],[]
42365782,2252668,False,1FHDY,False,0,THEATRE,Stranger Things: The First Shadow,0,,,,,"{'id': 83481, 'name': 'Phoenix Theatre', 'address': '110 Charing Cross Road', 'town': 'London', 'postcode_lookup': 'London', 'postcode': 'WC2H 0JP', 'region': 'London', 'country': 'GB', 'phone': '', 'latitude': 51.5143773, 'longitude': -0.1294848, 'type': 'Theatre', 'rating': 0, 'reviewCount': 0, 'distance': 826.7255851741454}",https://d31fr2pwly4c4s.cloudfront.net/3/1/d/2252668_1776574009_stranger-things-the-first-shadow_th.jpg,https://d31fr2pwly4c4s.cloudfront.net/3/1/d/2252668_1776574009_stranger-things-the-first-shadow.jpg,https://d31fr2pwly4c4s.cloudfront.net/3/1/d/2252668_1776574009_stranger-things-the-first-shadow_1024.jpg,https://d31fr2pwly4c4s.cloudfront.net/3/1/d/2252668_1776574009_stranger-things-the-first-shadow_1024.webp,https://www.skiddle.com/whats-on/London/Phoenix-Theatre/Stranger-Things-The-First-Shadow/42365782/,2026-07-16,2026-07-16T19:00:00+00:00,2026-07-16T21:00:00+00:00,"Stranger Things: The First Shadow is a gripping new adventure from a multi-award-winning team, taking the story back to the beginning.","{'doorsopen': '19:00', 'doorsclose': '00:00', 'lastentry': '00:00'}",0,,0,0,False,"{'minPrice': 20, 'maxPrice': 20}",£35.12 - £343.50,public,https%3A%2F%2Fentertainment.skiddle.com%2Fbook%2F1FHDY-stranger-things-the-first-shadow%2F,False,{'enabled': False},,GBP,[],[],[]
42581625,2301542,False,1J3PC,False,0,THEATRE,The Smile Of Her,0,,,,,"{'id': 112301, 'name': 'Marylebone Theatre ', 'address': '35 park road ', 'town': 'London', 'postcode_lookup': 'London', 'postcode': 'NW1 6XT', 'region': 'London', 'country': 'GB', 'phone': '', 'latitude': 51.517721, 'longitude': -0.160652, 'type': 'Theatre', 'rating': 0, 'reviewCount': 0, 'distance': 2554.772085097865}",https://d31fr2pwly4c4s.cloudfront.net/6/9/4/2301542_1783486073_the-smile-of-her_th.jpg,https://d31fr2pwly4c4s.cloudfront.net/6/9/4/2301542_1783486073_the-smile-of-her.jpg,https://d31fr2pwly4c4s.cloudfront.net/6/9/4/2301542_1783486073_the-smile-of-her_1024.jpg,https://d31fr2pwly4c4s.cloudfront.net/6/9/4/2301542_1783486073_the-smile-of-her_1024.webp,https://www.skiddle.com/whats-on/London/Marylebone-Theatre-/The-Smile-Of-Her/42581625/,2026-07-16,2026-07-16T19:00:00+00:00,2026-07-16T21:00:00+00:00,"Christine Lahti stars in The Smile of Her, a funny, furious and deeply human autobiographical play about reclaiming yourself.","{'doorsopen': '19:00', 'doorsclose': '00:00', 'lastentry': '00:00'}",0,,0,0,False,"{'minPrice': 20, 'maxPrice': 20}",£9.50 - £81.50,public,https%3A%2F%2Fentertainment.skiddle.com%2Fbook%2F1J3PC-the-smile-of-her%2F,False,{'enabled': False},,GBP,[],[],[]
42564114,2296890,False,Tlz8NBGXg9,False,0,THEATRE,How to Be a Strong Woman in One Hour - A Comedy by Monica Hsueh,0,,,,,"{'id': 116112, 'name': 'The Coach House', 'address': '7 Oxendon Street', 'town': 'London', 'postcode_lookup': 'London', 'postcode': 'SW1Y 4EE', 'region': 'London', 'country': 'GB', 'phone': '20 7839 7261', 'latitude': 51.509739, 'longitude': -0.1320046, 'type': 'Other', 'rating': 0, 'reviewCount': 0, 'distance': 411.78991878237514}",https://d31fr2pwly4c4s.cloudfront.net/d/e/5/2296887_49912527_How-to-Be-a-Strong-Woman-in-One-Hour---A-Comedy-by-Monica-Hsueh_th.jpg,https://d31fr2pwly4c4s.cloudfront.net/d/e/5/2296887_49912527_How-to-Be-a-Strong-Woman-in-One-Hour---A-Comedy-by-Monica-Hsueh.jpg,https://d31fr2pwly4c4s.cloudfront.net/d/e/5/2296887_49912527_How-to-Be-a-Strong-Woman-in-One-Hour---A-Comedy-by-Monica-Hsueh_1024.jpg,https://d31fr2pwly4c4s.cloudfront.net/d/e/5/2296887_49912527_How-to-Be-a-Strong-Woman-in-One-Hour---A-Comedy-by-Monica-Hsueh_1024.webp,https://www.skiddle.com/whats-on/London/The-Coach-House/How-to-Be-a-Strong-Woman-in-One-Hour---A-Comedy-by-Monica-Hsueh/42564114/,2026-07-16,2026-07-16T19:15:00+00:00,2026-07-16T20:15:00+00:00,"As seen on BBC and viral on Instagram. Expect big laughs, dating misadventures & witty wisdom - a feel-good night out in the West End.","{'doorsopen': '19:15', 'doorsclose': '20:15', 'lastentry': '19:15'}",16,,0,0,True,"{'minPrice': 10, 'maxPrice': 10}",,public,,False,{'enabled': False},,GBP,[],[],[]
42370475,2254623,False,1H9ZU,False,0,THEATRE,Cabaret,0,,,,,"{'id': 60790, 'name': 'The Playhouse', 'address': 'Northumberland Avenue, London', 'town': 'London', 'postcode_lookup': 'London', 'postcode': 'WC2N 5DE', 'region': 'London', 'country': 'GB', 'phone': '0844 871 7627', 'latitude': 51.507219, 'longitude': -0.126668, 'type': 'Nightclub', 'rating': 0, 'reviewCount': 0, 'distance': 95.34410915170115}",https://d31fr2pwly4c4s.cloudfront.net/c/d/3/2254623_1776746766_cabaret_th.jpg,https://d31fr2pwly4c4s.cloudfront.net/c/d/3/2254623_1776746766_cabaret.jpg,https://d31fr2pwly4c4s.cloudfront.net/c/d/3/2254623_1776746766_cabaret_1024.jpg,https://d31fr2pwly4c4s.cloudfront.net/c/d/3/2254623_1776746766_cabaret_1024.webp,https://www.skiddle.com/whats-on/London/The-Playhouse/Cabaret/42370475/,2026-07-16,2026-07-16T19:30:00+00:00,2026-07-16T21:30:00+00:00,"Record-breaking seven Olivier Award-winning CABARET is an intimate, electrifying revival packed with iconic songs.","{'doorsopen': '19:30', 'doorsclose': '00:00', 'lastentry': '00:00'}",0,,0,0,False,"{'minPrice': 10, 'maxPrice': 10}",£40.98 - £307.50,public,https%3A%2F%2Fentertainment.skiddle.com%2Fbook%2F1H9ZU-cabaret%2F,False,{'enabled': False},,GBP,[],[],[]
42260959,2228911,False,1HVUU,False,0,THEATRE,Dark Of The Moon,0,,,,,"{'id': 26352, 'name': 'Charing Cross Theatre', 'address': 'The Arches, Villiers Street', 'town': 'London', 'postcode_lookup': 'London', 'postcode': 'WC2N 6NL', 'region': 'London', 'country': 'GB', 'phone': '020 7907 7075', 'latitude': 51.5080868, 'longitude': -0.1241223, 'type': 'Theatre', 'rating': 0, 'reviewCount': 0, 'distance': 294.3225782997616}",https://d31fr2pwly4c4s.cloudfront.net/8/e/7/2228911_1773677838_dark-of-the-moon_th.jpg,https://d31fr2pwly4c4s.cloudfront.net/8/e/7/2228911_1773677838_dark-of-the-moon.jpg,https://d31fr2pwly4c4s.cloudfront.net/8/e/7/2228911_1773677838_dark-of-the-moon_1024.jpg,https://d31fr2pwly4c4s.cloudfront.net/8/e/7/2228911_1773677838_dark-of-the-moon_1024.webp,https://www.skiddle.com/whats-on/London/Charing-Cross-Theatre/Dark-Of-The-Moon/42260959/,2026-07-16,2026-07-16T19:30:00+00:00,2026-07-16T21:30:00+00:00,"Spellbinding new musical blending country/bluegrass and rock in a supernatural tale of love, witchcraft and small-town prejudice.","{'doorsopen': '19:30', 'doorsclose': '00:00', 'lastentry': '00:00'}",0,,0,0,False,"{'minPrice': 10, 'maxPrice': 10}",£25.00 - £85.00,public,https%3A%2F%2Fentertainment.skiddle.com%2Fbook%2F1HVUU-dark-of-the-moon%2F,False,{'enabled': False},,GBP,[],[],[]
42370501,2254649,False,1FU7R,False,0,THEATRE,The Phantom Of The Opera,0,,,,,"{'id': 116916, 'name': 'His Majestys Theatre', 'address': 'Haymarket', 'town': 'London', 'postcode_lookup': 'London', 'postcode': 'SW1Y 4QL', 'region': 'London', 'country': 'GB', 'phone': '', 'latitude': 51.508123, 'longitude': -0.1320321, 'type': 'Theatre', 'rating': 0, 'reviewCount': 0, 'distance': 305.72524768900695}",https://d31fr2pwly4c4s.cloudfront.net/8/4/d/2254649_1776746794_the-phantom-of-the-opera_th.jpg,https://d31fr2pwly4c4s.cloudfront.net/8/4/d/2254649_1776746794_the-phantom-of-the-opera.jpg,https://d31fr2pwly4c4s.cloudfront.net/8/4/d/2254649_1776746794_the-phantom-of-the-opera_1024.jpg,https://d31fr2pwly4c4s.cloudfront.net/8/4/d/2254649_1776746794_the-phantom-of-the-opera_1024.webp,https://www.skiddle.com/whats-on/London/His-Majestys-Theatre/The-Phantom-Of-The-Opera/42370501/,2026-07-16,2026-07-16T19:30:00+00:00,2026-07-16T22:00:00+00:00,"Andrew Lloyd Webber’s mesmerising score, jaw-dropping scenery and breathtaking special effects bring this tragic love story to life.","{'doorsopen': '19:30', 'doorsclose': '22:00', 'lastentry': '00:00'}",0,,0,0,False,"{'minPrice': 10, 'maxPrice': 10}",£30.00 - £270.00,public,https%3A%2F%2Fentertainment.skiddle.com%2Fbook%2F1FU7R-the-phantom-of-the-opera%2F,False,{'enabled': False},,GBP,[],[],[]
42365795,2252681,False,1GZHW,False,0,THEATRE,The Book Of Mormon,0,,,,,"{'id': 13875, 'name': 'Prince Of Wales Theatre', 'address': 'Coventry Street', 'town': 'London', 'postcode_lookup': 'London', 'postcode': 'W1D 6AS', 'region': 'London', 'country': 'GB', 'phone': ' 0344 482 515', 'latitude': 51.510243, 'longitude': -0.132095, 'type': 'Theatre', 'rating': 4, 'reviewCount': 4, 'distance': 458.642514925465}",https://d31fr2pwly4c4s.cloudfront.net/e/1/b/2252681_1776574021_the-book-of-mormon_th.jpg,https://d31fr2pwly4c4s.cloudfront.net/e/1/b/2252681_1776574021_the-book-of-mormon.jpg,https://d31fr2pwly4c4s.cloudfront.net/e/1/b/2252681_1776574021_the-book-of-mormon_1024.jpg,https://d31fr2pwly4c4s.cloudfront.net/e/1/b/2252681_1776574021_the-book-of-mormon_1024.webp,https://www.skiddle.com/whats-on/London/Prince-Of-Wales-Theatre/The-Book-Of-Mormon/42365795/,2026-07-16,2026-07-16T19:30:00+00:00,2026-07-16T21:30:00+00:00,"Smash-hit musical The Book of Mormon, winner of four Olivier Awards, is a hilarious, unexpectedly endearing West End favourite.","{'doorsopen': '19:30', 'doorsclose': '00:00', 'lastentry': '00:00'}",0,,0,0,False,"{'minPrice': 10, 'maxPrice': 10}",£24.00 - £210.00,public,https%3A%2F%2Fentertainment.skiddle.com%2Fbook%2F1GZHW-the-book-of-mormon%2F,False,{'enabled': False},,GBP,[],[],[]
42098182,2209348,False,1HUCK,False,0,THEATRE,Cyrano De Bergerac,0,,,,,"{'id': 96625, 'name': 'Noel Coward Theatre', 'address': '90 St. Martin&#39;s Lane', 'town': 'London', 'postcode_lookup': 'London', 'postcode': 'WC2N 4AP', 'region': 'London', 'country': 'GB', 'phone': '0844 482 5140', 'latitude': 51.511144, 'longitude': -0.127223, 'type': 'Theatre', 'rating': 0, 'reviewCount': 0, 'distance': 463.9170729601019}",https://d31fr2pwly4c4s.cloudfront.net/d/b/b/2209348_1771254113_cyrano-de-bergerac_th.jpg,https://d31fr2pwly4c4s.cloudfront.net/d/b/b/2209348_1771254113_cyrano-de-bergerac.jpg,https://d31fr2pwly4c4s.cloudfront.net/d/b/b/2209348_1771254113_cyrano-de-bergerac_1024.jpg,https://d31fr2pwly4c4s.cloudfront.net/d/b/b/2209348_1771254113_cyrano-de-bergerac_1024.webp,https://www.skiddle.com/whats-on/London/Noel-Coward-Theatre/Cyrano-De-Bergerac/42098182/,2026-07-16,2026-07-16T19:30:00+00:00,2026-07-16T21:30:00+00:00,"A hugely acclaimed, witty and romantic reimagining of Cyrano de Bergerac, with Adrian Lester in a West End transfer.","{'doorsopen': '19:30', 'doorsclose': '00:00', 'lastentry': '00:00'}",0,,0,0,False,"{'minPrice': 10, 'maxPrice': 10}",£18.00 - £180.00,public,https%3A%2F%2Fentertainment.skiddle.com%2Fbook%2F1HUCK-cyrano-de-bergerac%2F,False,{'enabled': False},,GBP,[],[],[]
42366236,2252928,False,1GTBN,False,0,THEATRE,Titanique,0,,,,,"{'id': 45964, 'name': 'Criterion Theatre', 'address': '2 Jermyn Street', 'town': 'London ', 'postcode_lookup': 'London', 'postcode': 'SW1Y 4XA', 'region': 'London', 'country': 'GB', 'phone': '020 7839 8811', 'latitude': 51.5096966, 'longitude': -0.1337116, 'type': 'Theatre', 'rating': 0, 'reviewCount': 0, 'distance': 496.1485918449154}",https://d31fr2pwly4c4s.cloudfront.net/e/d/3/2252928_1776660426_titanique_th.jpg,https://d31fr2pwly4c4s.cloudfront.net/e/d/3/2252928_1776660426_titanique.jpg,https://d31fr2pwly4c4s.cloudfront.net/e/d/3/2252928_1776660426_titanique_1024.jpg,https://d31fr2pwly4c4s.cloudfront.net/e/d/3/2252928_1776660426_titanique_1024.webp,https://www.skiddle.com/whats-on/London/Criterion-Theatre/Titanique/42366236/,2026-07-16,2026-07-16T19:30:00+00:00,2026-07-16T21:25:00+00:00,"Titanique is an award-winning, campy musical fantasia powered by Céline Dion’s hits, powerhouse voices and a full live band.","{'doorsopen': '19:30', 'doorsclose': '21:25', 'lastentry': '00:00'}",0,,0,0,False,"{'minPrice': 10, 'maxPrice': 10}",£28.50 - £160.50,public,https%3A%2F%2Fentertainment.skiddle.com%2Fbook%2F1GTBN-titanique%2F,False,{'enabled': False},,GBP,[],[],[]
42366233,2252925,False,1H4KN,False,0,THEATRE,Oliver!,0,,,,,"{'id': 60405, 'name': 'Gielgud Theatre', 'address': 'Shaftesbury Avenue, London', 'town': 'London', 'postcode_lookup': 'London', 'postcode': 'W1D 6AR', 'region': 'London', 'country': 'GB', 'phone': '0844 482 5130', 'latitude': 51.5120089, 'longitude': -0.1332279, 'type': 'other', 'rating': 4, 'reviewCount': 1, 'distance': 664.159857541524}",https://d31fr2pwly4c4s.cloudfront.net/e/5/7/2252925_1776660415_oliver_th.jpg,https://d31fr2pwly4c4s.cloudfront.net/e/5/7/2252925_1776660415_oliver.jpg,https://d31fr2pwly4c4s.cloudfront.net/e/5/7/2252925_1776660415_oliver_1024.jpg,https://d31fr2pwly4c4s.cloudfront.net/e/5/7/2252925_1776660415_oliver_1024.webp,https://www.skiddle.com/whats-on/London/Gielgud-Theatre/Oliver/42366233/,2026-07-16,2026-07-16T19:30:00+00:00,2026-07-16T21:30:00+00:00,Cameron Mackintosh’s new production of Lionel Bart’s iconic musical Oliver! follows a sold-out season at Chichester Festival Theatre.,"{'doorsopen': '19:30', 'doorsclose': '00:00', 'lastentry': '00:00'}",0,,0,0,False,"{'minPrice': 10, 'maxPrice': 10}",£24.00 - £240.00,public,https%3A%2F%2Fentertainment.skiddle.com%2Fbook%2F1H4KN-oliver%2F,False,{'enabled': False},,GBP,[],[],[]
41560524,2144230,False,1HM82,False,0,THEATRE,Beetlejuice,0,,,,,"{'id': 128871, 'name': 'Prince Edward Theatre Old Compton St London W1D 4HS', 'address': 'Old Compton St', 'town': 'London', 'postcode_lookup': 'London', 'postcode': 'W1D 4HS', 'region': 'London', 'country': 'GB', 'phone': '344 482 5151', 'latitude': 51.5135117, 'longitude': -0.1307417, 'type': 'Theatre', 'rating': 0, 'reviewCount': 0, 'distance': 748.5132542443824}",https://d31fr2pwly4c4s.cloudfront.net/a/0/1/2144230_1762876201_beetlejuice_th.jpg,https://d31fr2pwly4c4s.cloudfront.net/a/0/1/2144230_1762876201_beetlejuice.jpg,https://d31fr2pwly4c4s.cloudfront.net/a/0/1/2144230_1762876201_beetlejuice_1024.jpg,https://d31fr2pwly4c4s.cloudfront.net/a/0/1/2144230_1762876201_beetlejuice_1024.webp,https://www.skiddle.com/whats-on/London/Prince-Edward-Theatre-Old-Compton-St-London-W1D-4HS/Beetlejuice/41560524/,2026-07-16,2026-07-16T19:30:00+00:00,2026-07-16T21:30:00+00:00,"The Broadway sensation Beetlejuice is a wildly funny, life-affirming musical based on Tim Burton’s beloved movie classic.","{'doorsopen': '19:30', 'doorsclose': '00:00', 'lastentry': '00:00'}",0,,0,0,False,"{'minPrice': 10, 'maxPrice': 10}",£30.00 - £270.00,public,https%3A%2F%2Fentertainment.skiddle.com%2Fbook%2F1HM82-beetlejuice%2F,False,{'enabled': False},,GBP,[],[],[]
42365775,2252661,False,1DR6R,False,0,THEATRE,Disney's The Lion King,0,,,,,"{'id': 74544, 'name': 'The Lyceum Theatre', 'address': '21 Wellington Street', 'town': 'London', 'postcode_lookup': 'London', 'postcode': 'WC2E 7RQ', 'region': 'London', 'country': 'GB', 'phone': '', 'latitude': 51.5117077, 'longitude': -0.119996, 'type': 'Theatre', 'rating': 0, 'reviewCount': 0, 'distance': 762.1349308586977}",https://d31fr2pwly4c4s.cloudfront.net/d/6/f/2252661_1776574004_disneys-the-lion-king_th.jpg,https://d31fr2pwly4c4s.cloudfront.net/d/6/f/2252661_1776574004_disneys-the-lion-king.jpg,https://d31fr2pwly4c4s.cloudfront.net/d/6/f/2252661_1776574004_disneys-the-lion-king_1024.jpg,https://d31fr2pwly4c4s.cloudfront.net/d/6/f/2252661_1776574004_disneys-the-lion-king_1024.webp,https://www.skiddle.com/whats-on/London/The-Lyceum-Theatre/Disneys-The-Lion-King/42365775/,2026-07-16,2026-07-16T19:30:00+00:00,2026-07-16T21:30:00+00:00,"Disney's The Lion King is a spectacular Julie Taymor stage production with glorious colours, stunning effects and enchanting music.","{'doorsopen': '19:30', 'doorsclose': '00:00', 'lastentry': '00:00'}",0,,0,0,False,"{'minPrice': 10, 'maxPrice': 10}",£42.00 - £300.00,public,https%3A%2F%2Fentertainment.skiddle.com%2Fbook%2F1DR6R-disney-s-the-lion-king%2F,False,{'enabled': False},,GBP,[],[],[]
42458134,2271814,False,1HXE2,False,0,THEATRE,Glengarry Glen Ross,0,,,,,"{'id': 34268, 'name': 'Old Vic Theatre', 'address': 'The Old Vic, 103 The Cut,', 'town': 'London', 'postcode_lookup': 'London', 'postcode': 'SE1 8NB', 'region': 'London', 'country': 'GB', 'phone': '0844 8717628', 'latitude': 51.50215, 'longitude': -0.109559, 'type': 'Theatre', 'rating': 0, 'reviewCount': 0, 'distance': 1385.6241668041894}",https://d31fr2pwly4c4s.cloudfront.net/0/a/1/2271814_1779352590_glengarry-glen-ross_th.jpg,https://d31fr2pwly4c4s.cloudfront.net/0/a/1/2271814_1779352590_glengarry-glen-ross.jpg,https://d31fr2pwly4c4s.cloudfront.net/0/a/1/2271814_1779352590_glengarry-glen-ross_1024.jpg,https://d31fr2pwly4c4s.cloudfront.net/0/a/1/2271814_1779352590_glengarry-glen-ross_1024.webp,https://www.skiddle.com/whats-on/London/Old-Vic-Theatre/Glengarry-Glen-Ross/42458134/,2026-07-16,2026-07-16T19:30:00+00:00,2026-07-16T21:30:00+00:00,David Mamet’s modern classic Glengarry Glen Ross is staged by Tony Award-winning director Patrick Marber with an all-female cast.,"{'doorsopen': '19:30', 'doorsclose': '00:00', 'lastentry': '00:00'}",0,,0,0,False,"{'minPrice': 10, 'maxPrice': 10}",£19.80 - £91.80,public,https%3A%2F%2Fentertainment.skiddle.com%2Fbook%2F1HXE2-glengarry-glen-ross%2F,False,{'enabled': False},,GBP,[],[],[]
42366228,2252920,False,1DU1L,False,0,THEATRE,Wicked,0,,,,,"{'id': 36264, 'name': 'Apollo Victoria Theater', 'address': '17 Wilton Road  City of Westminster', 'town': 'London', 'postcode_lookup': 'London', 'postcode': 'SW1V 1LG', 'region': 'London', 'country': 'GB', 'phone': '0203 318 3832', 'latitude': 51.4957746, 'longitude': -0.1426793, 'type': 'Theatre', 'rating': 0, 'reviewCount': 0, 'distance': 1609.4883118490623}",https://d31fr2pwly4c4s.cloudfront.net/4/5/7/2252920_1776660410_wicked_th.jpg,https://d31fr2pwly4c4s.cloudfront.net/4/5/7/2252920_1776660410_wicked.jpg,https://d31fr2pwly4c4s.cloudfront.net/4/5/7/2252920_1776660410_wicked_1024.jpg,https://d31fr2pwly4c4s.cloudfront.net/4/5/7/2252920_1776660410_wicked_1024.webp,https://www.skiddle.com/whats-on/London/Apollo-Victoria-Theater/Wicked/42366228/,2026-07-16,2026-07-16T19:30:00+00:00,2026-07-16T21:30:00+00:00,"WICKED is the multi award-winning musical sensation, revealing the untold story of the Wicked Witch of the West.","{'doorsopen': '19:30', 'doorsclose': '00:00', 'lastentry': '00:00'}",0,,0,0,False,"{'minPrice': 10, 'maxPrice': 10}",£30.00 - £295.20,public,https%3A%2F%2Fentertainment.skiddle.com%2Fbook%2F1DU1L-wicked%2F,False,{'enabled': False},,GBP,[],[],[]
41380352,2113026,False,1HFY2,False,0,THEATRE,Relics,0,,,,,"{'id': 10976, 'name': 'Lyric Hammersmith', 'address': 'Lyric Square, King St', 'town': 'London', 'postcode_lookup': 'London', 'postcode': 'W6 0QL', 'region': 'London', 'country': 'GB', 'phone': '020 8741 6850', 'latitude': 51.49289, 'longitude': -0.23499, 'type': 'Theatre', 'rating': 0, 'reviewCount': 0, 'distance': 7570.287310206998}",https://d31fr2pwly4c4s.cloudfront.net/0/f/1/2113026_1758550199_relics_th.jpg,https://d31fr2pwly4c4s.cloudfront.net/0/f/1/2113026_1758550199_relics.jpg,https://d31fr2pwly4c4s.cloudfront.net/0/f/1/2113026_1758550199_relics_1024.jpg,https://d31fr2pwly4c4s.cloudfront.net/0/f/1/2113026_1758550199_relics_1024.webp,https://www.skiddle.com/whats-on/London/Lyric-Hammersmith/Relics/41380352/,2026-07-16,2026-07-16T19:30:00+00:00,2026-07-16T21:30:00+00:00,"World premiere of Ben Ockrent’s darkly comic family drama, directed by award-winning Michael Longhurst, about inherited legacies.","{'doorsopen': '19:30', 'doorsclose': '21:45', 'lastentry': '00:00'}",0,,0,0,False,"{'minPrice': 10, 'maxPrice': 10}",£18.00 - £66.00,public,https%3A%2F%2Fentertainment.skiddle.com%2Fbook%2F1HFY2-relics%2F,False,{'enabled': False},,GBP,[],[],[]
42504647,2285373,False,1HUN0,False,0,THEATRE,The Hunger Games On Stage,0,,,,,"{'id': 140065, 'name': 'Troubadour Canary Wharf Theatre', 'address': '11 Water Street', 'town': 'London', 'postcode_lookup': 'London', 'postcode': 'E14 5GX', 'region': 'London', 'country': 'GB', 'phone': '', 'latitude': 51.493231, 'longitude': -0.004119, 'type': 'Theatre', 'rating': 0, 'reviewCount': 0, 'distance': 8710.696476382309}",https://d31fr2pwly4c4s.cloudfront.net/5/6/1/2285373_1781526576_the-hunger-games-on-stage_th.jpg,https://d31fr2pwly4c4s.cloudfront.net/5/6/1/2285373_1781526576_the-hunger-games-on-stage.jpg,https://d31fr2pwly4c4s.cloudfront.net/5/6/1/2285373_1781526576_the-hunger-games-on-stage_1024.jpg,https://d31fr2pwly4c4s.cloudfront.net/5/6/1/2285373_1781526576_the-hunger-games-on-stage_1024.webp,https://www.skiddle.com/whats-on/London/Troubadour-Canary-Wharf-Theatre/The-Hunger-Games-On-Stage/42504647/,2026-07-16,2026-07-16T19:30:00+00:00,2026-07-16T21:30:00+00:00,"Experience the first-ever theatre adaptation of The Hunger Games, brought to life by award-winning playwright Conor McPherson.","{'doorsopen': '19:30', 'doorsclose': '00:00', 'lastentry': '00:00'}",0,,0,0,False,"{'minPrice': 10, 'maxPrice': 10}",£27.60 - £207.60,public,https%3A%2F%2Fentertainment.skiddle.com%2Fbook%2F1HUN0-the-hunger-games-on-stage%2F,False,{'enabled': False},,GBP,[],[],[]
42482443,2278791,False,0sYaq3EP4C,False,0,THEATRE,Sirens: The Concert Series,0,,,,,"{'id': 134956, 'name': 'The Emerald Theatre', 'address': '8 Victoria Embankment', 'town': 'London', 'postcode_lookup': 'London', 'postcode': 'WC2R 2AB', 'region': 'London', 'country': 'GB', 'phone': '', 'latitude': 51.509886, 'longitude': -0.1182697, 'type': 'Theatre', 'rating': 4, 'reviewCount': 18, 'distance': 745.9632621316904}",https://d31fr2pwly4c4s.cloudfront.net/9/2/4/2277254_75574251_sirens-the-concert-series_th.jpg,https://d31fr2pwly4c4s.cloudfront.net/9/2/4/2277254_75574251_sirens-the-concert-series.jpg,https://d31fr2pwly4c4s.cloudfront.net/9/2/4/2277254_75574251_sirens-the-concert-series_1024.jpg,https://d31fr2pwly4c4s.cloudfront.net/9/2/4/2277254_75574251_sirens-the-concert-series_1024.webp,https://www.skiddle.com/whats-on/London/The-Emerald-Theatre/Sirens-The-Concert-Series/42482443/,2026-07-16,2026-07-16T20:00:00+00:00,2026-07-16T21:30:00+00:00,"Five Women. One Sound. No apologies. A concert-theatre experience for everyone who has ever needed a night that was entirely, unapologetically theirs.","{'doorsopen': '20:00', 'doorsclose': '21:30', 'lastentry': '20:00'}",,,0,0,True,"{'minPrice': 20, 'maxPrice': 20}",,public,,False,{'enabled': False},,GBP,[],[],[]
42410874,2261065,False,9gN3sY7VXi,False,0,THEATRE,Fingers of Flame: The typewriter poetry slam,0,,,,,"{'id': 24490, 'name': 'Off Broadway', 'address': '63-65 Broadway Market', 'town': 'London', 'postcode_lookup': 'London', 'postcode': 'E8 4PH', 'region': 'London', 'country': 'GB', 'phone': '020 7241 2786', 'latitude': 51.5367507, 'longitude': -0.0619061, 'type': 'bar', 'rating': 0, 'reviewCount': 0, 'distance': 5644.001941537689}",https://d31fr2pwly4c4s.cloudfront.net/4/1/4/2261062_4d21bbd1_fingers-of-flame-the-typewriter-poetry-slam_th.jpg,https://d31fr2pwly4c4s.cloudfront.net/4/1/4/2261062_4d21bbd1_fingers-of-flame-the-typewriter-poetry-slam.jpg,https://d31fr2pwly4c4s.cloudfront.net/4/1/4/2261062_4d21bbd1_fingers-of-flame-the-typewriter-poetry-slam_1024.jpg,https://d31fr2pwly4c4s.cloudfront.net/4/1/4/2261062_4d21bbd1_fingers-of-flame-the-typewriter-poetry-slam_1024.webp,https://www.skiddle.com/whats-on/London/Off-Broadway/Fingers-of-Flame-The-typewriter-poetry-slam/42410874/,2026-07-16,2026-07-16T20:00:00+00:00,2026-07-16T22:30:00+00:00,"An exciting typewriter poetry slam, bringing fast fingers and sharp tongues under one room for a night of hits","{'doorsopen': '20:00', 'doorsclose': '22:30', 'lastentry': ''}",,,0,0,True,"{'minPrice': 10, 'maxPrice': 10}",,public,,False,{'enabled': False},,GBP,[],[],[]
41651484,2163780,False,1HN8U,False,0,THEATRE,The Gruffalo,0,,,,,"{'id': 40140, 'name': 'The Lyric Theatre', 'address': 'Shaftesbury Avenue, London W1D 7ES', 'town': 'London', 'postcode_lookup': 'London', 'postcode': 'W1D 7ES', 'region': 'London', 'country': 'GB', 'phone': '0844 412 4661', 'latitude': 51.5112376, 'longitude': -0.1339224, 'type': 'Theatre', 'rating': 0, 'reviewCount': 0, 'distance': 624.5173293483233}",https://d31fr2pwly4c4s.cloudfront.net/6/c/6/2163780_1765181534_the-gruffalo_th.jpg,https://d31fr2pwly4c4s.cloudfront.net/6/c/6/2163780_1765181534_the-gruffalo.jpg,https://d31fr2pwly4c4s.cloudfront.net/6/c/6/2163780_1765181534_the-gruffalo_1024.jpg,https://d31fr2pwly4c4s.cloudfront.net/6/c/6/2163780_1765181534_the-gruffalo_1024.webp,https://www.skiddle.com/whats-on/London/The-Lyric-Theatre/The-Gruffalo/41651484/,2026-07-17,2026-07-17T11:00:00+00:00,2026-07-17T13:00:00+00:00,"Tall Stories’ magical, musical adaptation of The Gruffalo returns for its 25th anniversary, with songs, laughs and mischievous fun.","{'doorsopen': '11:00', 'doorsclose': '00:00', 'lastentry': '00:00'}",0,,0,0,False,"{'minPrice': 10, 'maxPrice': 10}",£12.00 - £35.40,public,https%3A%2F%2Fentertainment.skiddle.com%2Fbook%2F1HN8U-the-gruffalo%2F,False,{'enabled': False},,GBP,[],[],[]
42366235,2252927,False,1FHDY,False,0,THEATRE,Stranger Things: The First Shadow,0,,,,,"{'id': 83481, 'name': 'Phoenix Theatre', 'address': '110 Charing Cross Road', 'town': 'London', 'postcode_lookup': 'London', 'postcode': 'WC2H 0JP', 'region': 'London', 'country': 'GB', 'phone': '', 'latitude': 51.5143773, 'longitude': -0.1294848, 'type': 'Theatre', 'rating': 0, 'reviewCount': 0, 'distance': 826.7255851741454}",https://d31fr2pwly4c4s.cloudfront.net/6/8/7/2252927_1776660424_stranger-things-the-first-shadow_th.jpg,https://d31fr2pwly4c4s.cloudfront.net/6/8/7/2252927_1776660424_stranger-things-the-first-shadow.jpg,https://d31fr2pwly4c4s.cloudfront.net/6/8/7/2252927_1776660424_stranger-things-the-first-shadow_1024.jpg,https://d31fr2pwly4c4s.cloudfront.net/6/8/7/2252927_1776660424_stranger-things-the-first-shadow_1024.webp,https://www.skiddle.com/whats-on/London/Phoenix-Theatre/Stranger-Things-The-First-Shadow/42366235/,2026-07-17,2026-07-17T13:00:00+00:00,2026-07-17T15:00:00+00:00,"Stranger Things: The First Shadow is a gripping new adventure from a multi-award-winning team, taking the story back to the beginning.","{'doorsopen': '13:00', 'doorsclose': '00:00', 'lastentry': '00:00'}",0,,0,0,False,"{'minPrice': 10, 'maxPrice': 10}",£35.12 - £343.50,public,https%3A%2F%2Fentertainment.skiddle.com%2Fbook%2F1FHDY-stranger-things-the-first-shadow%2F,False,{'enabled': False},,GBP,[],[],[]
42370487,2254635,False,1GZHW,False,0,THEATRE,The Book Of Mormon,0,,,,,"{'id': 13875, 'name': 'Prince Of Wales Theatre', 'address': 'Coventry Street', 'town': 'London', 'postcode_lookup': 'London', 'postcode': 'W1D 6AS', 'region': 'London', 'country': 'GB', 'phone': ' 0344 482 515', 'latitude': 51.510243, 'longitude': -0.132095, 'type': 'Theatre', 'rating': 4, 'reviewCount': 4, 'distance': 458.642514925465}",https://d31fr2pwly4c4s.cloudfront.net/d/9/b/2254635_1776746777_the-book-of-mormon_th.jpg,https://d31fr2pwly4c4s.cloudfront.net/d/9/b/2254635_1776746777_the-book-of-mormon.jpg,https://d31fr2pwly4c4s.cloudfront.net/d/9/b/2254635_1776746777_the-book-of-mormon_1024.jpg,https://d31fr2pwly4c4s.cloudfront.net/d/9/b/2254635_1776746777_the-book-of-mormon_1024.webp,https://www.skiddle.com/whats-on/London/Prince-Of-Wales-Theatre/The-Book-Of-Mormon/42370487/,2026-07-17,2026-07-17T14:30:00+00:00,2026-07-17T16:30:00+00:00,"Smash-hit musical The Book of Mormon, winner of four Olivier Awards, is a hilarious, unexpectedly endearing West End favourite.","{'doorsopen': '14:30', 'doorsclose': '00:00', 'lastentry': '00:00'}",0,,0,0,False,"{'minPrice': 10, 'maxPrice': 10}",£24.00 - £210.00,public,https%3A%2F%2Fentertainment.skiddle.com%2Fbook%2F1GZHW-the-book-of-mormon%2F,False,{'enabled': False},,GBP,[],[],[]
42504645,2285371,False,1HUN0,False,0,THEATRE,The Hunger Games On Stage,0,,,,,"{'id': 140065, 'name': 'Troubadour Canary Wharf Theatre', 'address': '11 Water Street', 'town': 'London', 'postcode_lookup': 'London', 'postcode': 'E14 5GX', 'region': 'London', 'country': 'GB', 'phone': '', 'latitude': 51.493231, 'longitude': -0.004119, 'type': 'Theatre', 'rating': 0, 'reviewCount': 0, 'distance': 8710.696476382309}",https://d31fr2pwly4c4s.cloudfront.net/6/f/1/2285371_1781526576_the-hunger-games-on-stage_th.jpg,https://d31fr2pwly4c4s.cloudfront.net/6/f/1/2285371_1781526576_the-hunger-games-on-stage.jpg,https://d31fr2pwly4c4s.cloudfront.net/6/f/1/2285371_1781526576_the-hunger-games-on-stage_1024.jpg,https://d31fr2pwly4c4s.cloudfront.net/6/f/1/2285371_1781526576_the-hunger-games-on-stage_1024.webp,https://www.skiddle.com/whats-on/London/Troubadour-Canary-Wharf-Theatre/The-Hunger-Games-On-Stage/42504645/,2026-07-17,2026-07-17T14:30:00+00:00,2026-07-17T16:30:00+00:00,"Experience the first-ever theatre adaptation of The Hunger Games, brought to life by award-winning playwright Conor McPherson.","{'doorsopen': '14:30', 'doorsclose': '00:00', 'lastentry': '00:00'}",0,,0,0,False,"{'minPrice': 10, 'maxPrice': 10}",£27.60 - £207.60,public,https%3A%2F%2Fentertainment.skiddle.com%2Fbook%2F1HUN0-the-hunger-games-on-stage%2F,False,{'enabled': False},,GBP,[],[],[]
41560517,2144223,False,1HM82,False,0,THEATRE,Beetlejuice,0,,,,,"{'id': 128871, 'name': 'Prince Edward Theatre Old Compton St London W1D 4HS', 'address': 'Old Compton St', 'town': 'London', 'postcode_lookup': 'London', 'postcode': 'W1D 4HS', 'region': 'London', 'country': 'GB', 'phone': '344 482 5151', 'latitude': 51.5135117, 'longitude': -0.1307417, 'type': 'Theatre', 'rating': 0, 'reviewCount': 0, 'distance': 748.5132542443824}",https://d31fr2pwly4c4s.cloudfront.net/e/6/c/2144223_1762876201_beetlejuice_th.jpg,https://d31fr2pwly4c4s.cloudfront.net/e/6/c/2144223_1762876201_beetlejuice.jpg,https://d31fr2pwly4c4s.cloudfront.net/e/6/c/2144223_1762876201_beetlejuice_1024.jpg,https://d31fr2pwly4c4s.cloudfront.net/e/6/c/2144223_1762876201_beetlejuice_1024.webp,https://www.skiddle.com/whats-on/London/Prince-Edward-Theatre-Old-Compton-St-London-W1D-4HS/Beetlejuice/41560517/,2026-07-17,2026-07-17T15:00:00+00:00,2026-07-17T17:00:00+00:00,"The Broadway sensation Beetlejuice is a wildly funny, life-affirming musical based on Tim Burton’s beloved movie classic.","{'doorsopen': '15:00', 'doorsclose': '00:00', 'lastentry': '00:00'}",0,,0,0,False,"{'minPrice': 10, 'maxPrice': 10}",£30.00 - £270.00,public,https%3A%2F%2Fentertainment.skiddle.com%2Fbook%2F1HM82-beetlejuice%2F,False,{'enabled': False},,GBP,[],[],[]
42504259,2284985,False,1J214,False,0,THEATRE,Arcadia,0,,,,,"{'id': 60029, 'name': ""Duke Of York's Theatre"", 'address': ""St Martin's Lane, London"", 'town': 'London', 'postcode_lookup': 'London', 'postcode': 'WC2N 4BG', 'region': 'London', 'country': 'GB', 'phone': '0844 871 3051', 'latitude': 51.5101643, 'longitude': -0.1275101, 'type': 'other', 'rating': 0, 'reviewCount': 0, 'distance': 353.48008599263017}",https://d31fr2pwly4c4s.cloudfront.net/0/0/a/2284985_1781526484_arcadia_th.jpg,https://d31fr2pwly4c4s.cloudfront.net/0/0/a/2284985_1781526484_arcadia.jpg,https://d31fr2pwly4c4s.cloudfront.net/0/0/a/2284985_1781526484_arcadia_1024.jpg,https://d31fr2pwly4c4s.cloudfront.net/0/0/a/2284985_1781526484_arcadia_1024.webp,https://www.skiddle.com/whats-on/London/Duke-Of-York%27s-Theatre/Arcadia/42504259/,2026-07-17,2026-07-17T19:00:00+00:00,2026-07-17T21:00:00+00:00,"Arcadia transfers to the West End in Carrie Cracknell’s critically acclaimed, witty and deeply moving production.","{'doorsopen': '19:00', 'doorsclose': '00:00', 'lastentry': '00:00'}",0,,0,0,False,"{'minPrice': 10, 'maxPrice': 10}",£24.00 - £186.00,public,https%3A%2F%2Fentertainment.skiddle.com%2Fbook%2F1J214-arcadia%2F,False,{'enabled': False},,GBP,[],[],[]
42469651,2274800,False,1J3DU,False,0,THEATRE,Allegra,0,,,,,"{'id': 59999, 'name': 'Harold Pinter Theatre', 'address': 'Panton Street, London', 'town': 'London', 'postcode_lookup': 'London', 'postcode': 'SW1Y 4DN', 'region': 'London', 'country': 'GB', 'phone': '0844 871 7627', 'latitude': 51.509346, 'longitude': -0.131662, 'type': 'Theatre', 'rating': 0, 'reviewCount': 0, 'distance': 363.70464176427635}",https://d31fr2pwly4c4s.cloudfront.net/d/6/1/2274800_1779981553_allegra_th.jpg,https://d31fr2pwly4c4s.cloudfront.net/d/6/1/2274800_1779981553_allegra.jpg,https://d31fr2pwly4c4s.cloudfront.net/d/6/1/2274800_1779981553_allegra_1024.jpg,https://d31fr2pwly4c4s.cloudfront.net/d/6/1/2274800_1779981553_allegra_1024.webp,https://www.skiddle.com/whats-on/London/Harold-Pinter-Theatre/Allegra/42469651/,2026-07-17,2026-07-17T19:00:00+00:00,2026-07-17T21:00:00+00:00,"Best offer: Now £75.00 (Save 49%) Dame Maureen Lipman stars in Peter Quilter’s heart-warming comedy with music, a tender, hilarious and life-affirming story.","{'doorsopen': '19:00', 'doorsclose': '00:00', 'lastentry': '00:00'}",0,,0,0,False,"{'minPrice': 10, 'maxPrice': 10}",£20.00 - £148.00,public,https%3A%2F%2Fentertainment.skiddle.com%2Fbook%2F1J3DU-allegra%2F,False,{'enabled': False},,GBP,[],[],[]
42261448,2229400,False,1HV64,False,0,THEATRE,To Kill A Mockingbird,0,,,,,"{'id': 130649, 'name': 'Wyndhams Theatre', 'address': '32 Charing Cross', 'town': 'London', 'postcode_lookup': 'London', 'postcode': 'WC2H 0DA', 'region': 'London', 'country': 'GB', 'phone': '', 'latitude': 51.5111248, 'longitude': -0.1282324, 'type': 'Theatre', 'rating': 0, 'reviewCount': 0, 'distance': 458.9381039999993}",https://d31fr2pwly4c4s.cloudfront.net/f/8/9/2229400_1773677869_to-kill-a-mockingbird_th.jpg,https://d31fr2pwly4c4s.cloudfront.net/f/8/9/2229400_1773677869_to-kill-a-mockingbird.jpg,https://d31fr2pwly4c4s.cloudfront.net/f/8/9/2229400_1773677869_to-kill-a-mockingbird_1024.jpg,https://d31fr2pwly4c4s.cloudfront.net/f/8/9/2229400_1773677869_to-kill-a-mockingbird_1024.webp,https://www.skiddle.com/whats-on/London/Wyndhams-Theatre/To-Kill-A-Mockingbird/42261448/,2026-07-17,2026-07-17T19:00:00+00:00,2026-07-17T21:00:00+00:00,Aaron Sorkin’s award-winning To Kill a Mockingbird returns in a powerful West End production with Richard Coyle.,"{'doorsopen': '19:00', 'doorsclose': '00:00', 'lastentry': '00:00'}",0,,0,0,False,"{'minPrice': 10, 'maxPrice': 10}",£24.00 - £210.00,public,https%3A%2F%2Fentertainment.skiddle.com%2Fbook%2F1HV64-to-kill-a-mockingbird%2F,False,{'enabled': False},,GBP,[],[],[]
42395271,2257340,False,1HX9G,False,0,THEATRE,Laura Benanti - Nobody Cares,0,,,,,"{'id': 4916, 'name': 'The Soho Revue Bar', 'address': '11 - 12 Walkers Court', 'town': 'London', 'postcode_lookup': 'London', 'postcode': 'W1F 0ED', 'region': 'London', 'country': 'GB', 'phone': '02074394089', 'latitude': 51.51242899, 'longitude': -0.13414, 'type': 'Nightclub', 'rating': 0, 'reviewCount': 0, 'distance': 738.2313308925337}",https://d31fr2pwly4c4s.cloudfront.net/b/2/7/2257340_1776936217_laura-benanti--nobody-cares_th.jpg,https://d31fr2pwly4c4s.cloudfront.net/b/2/7/2257340_1776936217_laura-benanti--nobody-cares.jpg,https://d31fr2pwly4c4s.cloudfront.net/b/2/7/2257340_1776936217_laura-benanti--nobody-cares_1024.jpg,https://d31fr2pwly4c4s.cloudfront.net/b/2/7/2257340_1776936217_laura-benanti--nobody-cares_1024.webp,https://www.skiddle.com/whats-on/London/The-Soho-Revue-Bar/Laura-Benanti---Nobody-Cares/42395271/,2026-07-17,2026-07-17T19:00:00+00:00,2026-07-17T20:05:00+00:00,"Tony Award winner Laura Benanti's one-woman comedy show blends sharp storytelling and original songs in a heartfelt, hilarious take on life.","{'doorsopen': '19:00', 'doorsclose': '20:05', 'lastentry': '00:00'}",0,,0,0,False,"{'minPrice': 10, 'maxPrice': 10}",,public,https%3A%2F%2Fentertainment.skiddle.com%2Fbook%2F1HX9G-laura-benanti-nobody-cares%2F,False,{'enabled': False},,GBP,[],[],[]
42366229,2252921,False,1G7HA,False,0,THEATRE,My Neighbour Totoro,0,,,,,"{'id': 103561, 'name': 'Gillian Lynne Theatre', 'address': '166 Drury Lane', 'town': 'London', 'postcode_lookup': 'London', 'postcode': 'WC2B 5PF', 'region': 'London', 'country': 'GB', 'phone': '', 'latitude': 51.51528, 'longitude': -0.12265, 'type': 'Theatre', 'rating': 0, 'reviewCount': 0, 'distance': 992.347103520854}",https://d31fr2pwly4c4s.cloudfront.net/a/d/c/2252921_1776660411_my-neighbour-totoro_th.jpg,https://d31fr2pwly4c4s.cloudfront.net/a/d/c/2252921_1776660411_my-neighbour-totoro.jpg,https://d31fr2pwly4c4s.cloudfront.net/a/d/c/2252921_1776660411_my-neighbour-totoro_1024.jpg,https://d31fr2pwly4c4s.cloudfront.net/a/d/c/2252921_1776660411_my-neighbour-totoro_1024.webp,https://www.skiddle.com/whats-on/London/Gillian-Lynne-Theatre/My-Neighbour-Totoro/42366229/,2026-07-17,2026-07-17T19:00:00+00:00,2026-07-17T21:40:00+00:00,"The record-breaking, award-winning My Neighbour Totoro returns in a five-star, six-Olivier-Award-winning West End staging.","{'doorsopen': '19:00', 'doorsclose': '21:40', 'lastentry': '00:00'}",0,,0,0,False,"{'minPrice': 10, 'maxPrice': 10}",£30.00 - £198.00,public,https%3A%2F%2Fentertainment.skiddle.com%2Fbook%2F1G7HA-my-neighbour-totoro%2F,False,{'enabled': False},,GBP,[],[],[]
42469890,2275039,False,1J3PC,False,0,THEATRE,The Smile Of Her,0,,,,,"{'id': 112301, 'name': 'Marylebone Theatre ', 'address': '35 park road ', 'town': 'London', 'postcode_lookup': 'London', 'postcode': 'NW1 6XT', 'region': 'London', 'country': 'GB', 'phone': '', 'latitude': 51.517721, 'longitude': -0.160652, 'type': 'Theatre', 'rating': 0, 'reviewCount': 0, 'distance': 2554.772085097865}",https://d31fr2pwly4c4s.cloudfront.net/1/2/4/2275039_1779981603_the-smile-of-her_th.jpg,https://d31fr2pwly4c4s.cloudfront.net/1/2/4/2275039_1779981603_the-smile-of-her.jpg,https://d31fr2pwly4c4s.cloudfront.net/1/2/4/2275039_1779981603_the-smile-of-her_1024.jpg,https://d31fr2pwly4c4s.cloudfront.net/1/2/4/2275039_1779981603_the-smile-of-her_1024.webp,https://www.skiddle.com/whats-on/London/Marylebone-Theatre-/The-Smile-Of-Her/42469890/,2026-07-17,2026-07-17T19:00:00+00:00,2026-07-17T21:00:00+00:00,"Christine Lahti stars in The Smile of Her, a funny, furious and deeply human autobiographical play about reclaiming yourself.","{'doorsopen': '19:00', 'doorsclose': '00:00', 'lastentry': '00:00'}",0,,0,0,False,"{'minPrice': 10, 'maxPrice': 10}",£9.50 - £81.50,public,https%3A%2F%2Fentertainment.skiddle.com%2Fbook%2F1J3PC-the-smile-of-her%2F,False,{'enabled': False},,GBP,[],[],[]
42370490,2254638,False,1HHVY,False,0,THEATRE,"Oh, Mary!",0,,,,,"{'id': 103989, 'name': 'Trafalgar Theatre', 'address': ' 14 Whitehall', 'town': 'London', 'postcode_lookup': 'London', 'postcode': 'SW1A 2DY', 'region': 'London', 'country': 'GB', 'phone': '', 'latitude': 51.506486, 'longitude': -0.127232, 'type': 'Theatre', 'rating': 0, 'reviewCount': 0, 'distance': 78.05105205853825}",https://d31fr2pwly4c4s.cloudfront.net/8/0/8/2254638_1776746781_oh-mary_th.jpg,https://d31fr2pwly4c4s.cloudfront.net/8/0/8/2254638_1776746781_oh-mary.jpg,https://d31fr2pwly4c4s.cloudfront.net/8/0/8/2254638_1776746781_oh-mary_1024.jpg,https://d31fr2pwly4c4s.cloudfront.net/8/0/8/2254638_1776746781_oh-mary_1024.webp,https://www.skiddle.com/whats-on/London/Trafalgar-Theatre/Oh-Mary/42370490/,2026-07-17,2026-07-17T19:30:00+00:00,2026-07-17T21:30:00+00:00,"Award-winning dark comedy Oh, Mary! stars Mason Alexander Park in a fast, wildly funny take on Mary Todd Lincoln.","{'doorsopen': '19:30', 'doorsclose': '00:00', 'lastentry': '00:00'}",0,,0,0,False,"{'minPrice': 10, 'maxPrice': 10}",£35.12 - £270.00,public,https%3A%2F%2Fentertainment.skiddle.com%2Fbook%2F1HHVY-oh-mary%2F,False,{'enabled': False},,GBP,[],[],[]
42375163,2255961,False,1H9ZU,False,0,THEATRE,Cabaret,0,,,,,"{'id': 60790, 'name': 'The Playhouse', 'address': 'Northumberland Avenue, London', 'town': 'London', 'postcode_lookup': 'London', 'postcode': 'WC2N 5DE', 'region': 'London', 'country': 'GB', 'phone': '0844 871 7627', 'latitude': 51.507219, 'longitude': -0.126668, 'type': 'Nightclub', 'rating': 0, 'reviewCount': 0, 'distance': 95.34410915170115}",https://d31fr2pwly4c4s.cloudfront.net/0/1/2/2255961_1776796081_cabaret_th.jpg,https://d31fr2pwly4c4s.cloudfront.net/0/1/2/2255961_1776796081_cabaret.jpg,https://d31fr2pwly4c4s.cloudfront.net/0/1/2/2255961_1776796081_cabaret_1024.jpg,https://d31fr2pwly4c4s.cloudfront.net/0/1/2/2255961_1776796081_cabaret_1024.webp,https://www.skiddle.com/whats-on/London/The-Playhouse/Cabaret/42375163/,2026-07-17,2026-07-17T19:30:00+00:00,2026-07-17T21:30:00+00:00,"Record-breaking seven Olivier Award-winning CABARET is an intimate, electrifying revival packed with iconic songs.","{'doorsopen': '19:30', 'doorsclose': '00:00', 'lastentry': '00:00'}",0,,0,0,False,"{'minPrice': 10, 'maxPrice': 10}",£40.98 - £307.50,public,https%3A%2F%2Fentertainment.skiddle.com%2Fbook%2F1H9ZU-cabaret%2F,False,{'enabled': False},,GBP,[],[],[]
42260960,2228912,False,1HVUU,False,0,THEATRE,Dark Of The Moon,0,,,,,"{'id': 26352, 'name': 'Charing Cross Theatre', 'address': 'The Arches, Villiers Street', 'town': 'London', 'postcode_lookup': 'London', 'postcode': 'WC2N 6NL', 'region': 'London', 'country': 'GB', 'phone': '020 7907 7075', 'latitude': 51.5080868, 'longitude': -0.1241223, 'type': 'Theatre', 'rating': 0, 'reviewCount': 0, 'distance': 294.3225782997616}",https://d31fr2pwly4c4s.cloudfront.net/1/1/d/2228912_1773677838_dark-of-the-moon_th.jpg,https://d31fr2pwly4c4s.cloudfront.net/1/1/d/2228912_1773677838_dark-of-the-moon.jpg,https://d31fr2pwly4c4s.cloudfront.net/1/1/d/2228912_1773677838_dark-of-the-moon_1024.jpg,https://d31fr2pwly4c4s.cloudfront.net/1/1/d/2228912_1773677838_dark-of-the-moon_1024.webp,https://www.skiddle.com/whats-on/London/Charing-Cross-Theatre/Dark-Of-The-Moon/42260960/,2026-07-17,2026-07-17T19:30:00+00:00,2026-07-17T21:30:00+00:00,"Spellbinding new musical blending country/bluegrass and rock in a supernatural tale of love, witchcraft and small-town prejudice.","{'doorsopen': '19:30', 'doorsclose': '00:00', 'lastentry': '00:00'}",0,,0,0,False,"{'minPrice': 10, 'maxPrice': 10}",£25.00 - £85.00,public,https%3A%2F%2Fentertainment.skiddle.com%2Fbook%2F1HVUU-dark-of-the-moon%2F,False,{'enabled': False},,GBP,[],[],[]
42375174,2255972,False,1FU7R,False,0,THEATRE,The Phantom Of The Opera,0,,,,,"{'id': 116916, 'name': 'His Majestys Theatre', 'address': 'Haymarket', 'town': 'London', 'postcode_lookup': 'London', 'postcode': 'SW1Y 4QL', 'region': 'London', 'country': 'GB', 'phone': '', 'latitude': 51.508123, 'longitude': -0.1320321, 'type': 'Theatre', 'rating': 0, 'reviewCount': 0, 'distance': 305.72524768900695}",https://d31fr2pwly4c4s.cloudfront.net/0/c/6/2255972_1776796214_the-phantom-of-the-opera_th.jpg,https://d31fr2pwly4c4s.cloudfront.net/0/c/6/2255972_1776796214_the-phantom-of-the-opera.jpg,https://d31fr2pwly4c4s.cloudfront.net/0/c/6/2255972_1776796214_the-phantom-of-the-opera_1024.jpg,https://d31fr2pwly4c4s.cloudfront.net/0/c/6/2255972_1776796214_the-phantom-of-the-opera_1024.webp,https://www.skiddle.com/whats-on/London/His-Majestys-Theatre/The-Phantom-Of-The-Opera/42375174/,2026-07-17,2026-07-17T19:30:00+00:00,2026-07-17T22:00:00+00:00,"Andrew Lloyd Webber’s mesmerising score, jaw-dropping scenery and breathtaking special effects bring this tragic love story to life.","{'doorsopen': '19:30', 'doorsclose': '22:00', 'lastentry': '00:00'}",0,,0,0,False,"{'minPrice': 10, 'maxPrice': 10}",£30.00 - £270.00,public,https%3A%2F%2Fentertainment.skiddle.com%2Fbook%2F1FU7R-the-phantom-of-the-opera%2F,False,{'enabled': False},,GBP,[],[],[]
42375175,2255973,False,1H2AJ,False,0,THEATRE,The Producers,0,,,,,"{'id': 25670, 'name': 'The Garrick Theatre', 'address': '2 Charing Cross Road', 'town': 'London', 'postcode_lookup': 'London', 'postcode': 'WC2H 0HH', 'region': 'London', 'country': 'GB', 'phone': '0844 482 967', 'latitude': 51.5099441, 'longitude': -0.1278073, 'type': 'Theatre', 'rating': 0, 'reviewCount': 0, 'distance': 327.63752840732576}",https://d31fr2pwly4c4s.cloudfront.net/0/f/4/2255973_1776796216_the-producers_th.jpg,https://d31fr2pwly4c4s.cloudfront.net/0/f/4/2255973_1776796216_the-producers.jpg,https://d31fr2pwly4c4s.cloudfront.net/0/f/4/2255973_1776796216_the-producers_1024.jpg,https://d31fr2pwly4c4s.cloudfront.net/0/f/4/2255973_1776796216_the-producers_1024.webp,https://www.skiddle.com/whats-on/London/The-Garrick-Theatre/The-Producers/42375175/,2026-07-17,2026-07-17T19:30:00+00:00,2026-07-17T21:30:00+00:00,"Mel Brooks’ The Producers transfers to the West End after a sold-out Menier run, backed by a record twelve Tony Award-winning pedigree.","{'doorsopen': '19:30', 'doorsclose': '00:00', 'lastentry': '00:00'}",0,,0,0,False,"{'minPrice': 10, 'maxPrice': 10}",£30.00 - £150.00,public,https%3A%2F%2Fentertainment.skiddle.com%2Fbook%2F1H2AJ-the-producers%2F,False,{'enabled': False},,GBP,[],[],[]
42369811,2254053,False,1HW0J,False,0,THEATRE,Swan Lake,0,,,,,"{'id': 99230, 'name': 'Coliseum London ', 'address': 'London Coliseum, St. Martin&#39;s Lane', 'town': 'London', 'postcode_lookup': 'London', 'postcode': 'WC2N 4ES', 'region': 'London', 'country': 'GB', 'phone': '', 'latitude': 51.50993, 'longitude': -0.1263325, 'type': 'Theatre', 'rating': 0, 'reviewCount': 0, 'distance': 345.6343944135487}",https://d31fr2pwly4c4s.cloudfront.net/2/b/a/2254053_1776702869_swan-lake_th.jpg,https://d31fr2pwly4c4s.cloudfront.net/2/b/a/2254053_1776702869_swan-lake.jpg,https://d31fr2pwly4c4s.cloudfront.net/2/b/a/2254053_1776702869_swan-lake_1024.jpg,https://d31fr2pwly4c4s.cloudfront.net/2/b/a/2254053_1776702869_swan-lake_1024.webp,https://www.skiddle.com/whats-on/London/Coliseum-London-/Swan-Lake/42369811/,2026-07-17,2026-07-17T19:30:00+00:00,2026-07-17T21:30:00+00:00,"The State Ballet of Georgia brings Swan Lake to life in a lavish, acclaimed production of ballet’s greatest love story.","{'doorsopen': '19:30', 'doorsclose': '00:00', 'lastentry': '00:00'}",0,,0,0,False,"{'minPrice': 10, 'maxPrice': 10}",£37.50 - £151.50,public,https%3A%2F%2Fentertainment.skiddle.com%2Fbook%2F1HW0J-swan-lake%2F,False,{'enabled': False},,GBP,[],[],[]
42098175,2209341,False,1HUCK,False,0,THEATRE,Cyrano De Bergerac,0,,,,,"{'id': 96625, 'name': 'Noel Coward Theatre', 'address': '90 St. Martin&#39;s Lane', 'town': 'London', 'postcode_lookup': 'London', 'postcode': 'WC2N 4AP', 'region': 'London', 'country': 'GB', 'phone': '0844 482 5140', 'latitude': 51.511144, 'longitude': -0.127223, 'type': 'Theatre', 'rating': 0, 'reviewCount': 0, 'distance': 463.9170729601019}",https://d31fr2pwly4c4s.cloudfront.net/5/e/b/2209341_1771254113_cyrano-de-bergerac_th.jpg,https://d31fr2pwly4c4s.cloudfront.net/5/e/b/2209341_1771254113_cyrano-de-bergerac.jpg,https://d31fr2pwly4c4s.cloudfront.net/5/e/b/2209341_1771254113_cyrano-de-bergerac_1024.jpg,https://d31fr2pwly4c4s.cloudfront.net/5/e/b/2209341_1771254113_cyrano-de-bergerac_1024.webp,https://www.skiddle.com/whats-on/London/Noel-Coward-Theatre/Cyrano-De-Bergerac/42098175/,2026-07-17,2026-07-17T19:30:00+00:00,2026-07-17T21:30:00+00:00,"A hugely acclaimed, witty and romantic reimagining of Cyrano de Bergerac, with Adrian Lester in a West End transfer.","{'doorsopen': '19:30', 'doorsclose': '00:00', 'lastentry': '00:00'}",0,,0,0,False,"{'minPrice': 10, 'maxPrice': 10}",£18.00 - £180.00,public,https%3A%2F%2Fentertainment.skiddle.com%2Fbook%2F1HUCK-cyrano-de-bergerac%2F,False,{'enabled': False},,GBP,[],[],[]
42366237,2252929,False,1GTBN,False,0,THEATRE,Titanique,0,,,,,"{'id': 45964, 'name': 'Criterion Theatre', 'address': '2 Jermyn Street', 'town': 'London ', 'postcode_lookup': 'London', 'postcode': 'SW1Y 4XA', 'region': 'London', 'country': 'GB', 'phone': '020 7839 8811', 'latitude': 51.5096966, 'longitude': -0.1337116, 'type': 'Theatre', 'rating': 0, 'reviewCount': 0, 'distance': 496.1485918449154}",https://d31fr2pwly4c4s.cloudfront.net/6/7/f/2252929_1776660427_titanique_th.jpg,https://d31fr2pwly4c4s.cloudfront.net/6/7/f/2252929_1776660427_titanique.jpg,https://d31fr2pwly4c4s.cloudfront.net/6/7/f/2252929_1776660427_titanique_1024.jpg,https://d31fr2pwly4c4s.cloudfront.net/6/7/f/2252929_1776660427_titanique_1024.webp,https://www.skiddle.com/whats-on/London/Criterion-Theatre/Titanique/42366237/,2026-07-17,2026-07-17T19:30:00+00:00,2026-07-17T21:25:00+00:00,"Titanique is an award-winning, campy musical fantasia powered by Céline Dion’s hits, powerhouse voices and a full live band.","{'doorsopen': '19:30', 'doorsclose': '21:25', 'lastentry': '00:00'}",0,,0,0,False,"{'minPrice': 10, 'maxPrice': 10}",£28.50 - £160.50,public,https%3A%2F%2Fentertainment.skiddle.com%2Fbook%2F1GTBN-titanique%2F,False,{'enabled': False},,GBP,[],[],[]
42375168,2255966,False,1H4KN,False,0,THEATRE,Oliver!,0,,,,,"{'id': 60405, 'name': 'Gielgud Theatre', 'address': 'Shaftesbury Avenue, London', 'town': 'London', 'postcode_lookup': 'London', 'postcode': 'W1D 6AR', 'region': 'London', 'country': 'GB', 'phone': '0844 482 5130', 'latitude': 51.5120089, 'longitude': -0.1332279, 'type': 'other', 'rating': 4, 'reviewCount': 1, 'distance': 664.159857541524}",https://d31fr2pwly4c4s.cloudfront.net/9/3/b/2255966_1776796140_oliver_th.jpg,https://d31fr2pwly4c4s.cloudfront.net/9/3/b/2255966_1776796140_oliver.jpg,https://d31fr2pwly4c4s.cloudfront.net/9/3/b/2255966_1776796140_oliver_1024.jpg,https://d31fr2pwly4c4s.cloudfront.net/9/3/b/2255966_1776796140_oliver_1024.webp,https://www.skiddle.com/whats-on/London/Gielgud-Theatre/Oliver/42375168/,2026-07-17,2026-07-17T19:30:00+00:00,2026-07-17T21:30:00+00:00,Cameron Mackintosh’s new production of Lionel Bart’s iconic musical Oliver! follows a sold-out season at Chichester Festival Theatre.,"{'doorsopen': '19:30', 'doorsclose': '00:00', 'lastentry': '00:00'}",0,,0,0,False,"{'minPrice': 10, 'maxPrice': 10}",£24.00 - £240.00,public,https%3A%2F%2Fentertainment.skiddle.com%2Fbook%2F1H4KN-oliver%2F,False,{'enabled': False},,GBP,[],[],[]
42375169,2255967,False,1GWN6,False,0,THEATRE,Les Misérables,0,,,,,"{'id': 35030, 'name': ""Queen's Theatre"", 'address': '51 Shaftesbury Avenue', 'town': 'London', 'postcode_lookup': 'London', 'postcode': 'W1D 6BA', 'region': 'London', 'country': 'GB', 'phone': '0844 482 5160', 'latitude': 51.5121057, 'longitude': -0.1330943, 'type': 'Theatre', 'rating': 0, 'reviewCount': 0, 'distance': 668.2887808180164}",https://d31fr2pwly4c4s.cloudfront.net/0/0/f/2255967_1776796147_les-misrables_th.jpg,https://d31fr2pwly4c4s.cloudfront.net/0/0/f/2255967_1776796147_les-misrables.jpg,https://d31fr2pwly4c4s.cloudfront.net/0/0/f/2255967_1776796147_les-misrables_1024.jpg,https://d31fr2pwly4c4s.cloudfront.net/0/0/f/2255967_1776796147_les-misrables_1024.webp,https://www.skiddle.com/whats-on/London/Queen%27s-Theatre/Les-Misrables/42375169/,2026-07-17,2026-07-17T19:30:00+00:00,2026-07-17T21:30:00+00:00,"An acclaimed fully staged new production of Les Misérables, with a magnificent score and seen by over 130 million worldwide.","{'doorsopen': '19:30', 'doorsclose': '00:00', 'lastentry': '00:00'}",0,,0,0,False,"{'minPrice': 10, 'maxPrice': 10}",£30.00 - £300.00,public,https%3A%2F%2Fentertainment.skiddle.com%2Fbook%2F1GWN6-les-miserables%2F,False,{'enabled': False},,GBP,[],[],[]
42375172,2255970,False,1DVRJ,False,0,THEATRE,Moulin Rouge! The Musical,0,,,,,"{'id': 13874, 'name': 'Piccadilly Theatre', 'address': 'Denman Street', 'town': 'London', 'postcode_lookup': 'London', 'postcode': 'W1D 7DY', 'region': 'London', 'country': 'GB', 'phone': ' ', 'latitude': 51.510777, 'longitude': -0.13552, 'type': 'Theatre', 'rating': 0, 'reviewCount': 0, 'distance': 668.7614469163402}",https://d31fr2pwly4c4s.cloudfront.net/f/5/e/2255970_1776796196_moulin-rouge-the-musical_th.jpg,https://d31fr2pwly4c4s.cloudfront.net/f/5/e/2255970_1776796196_moulin-rouge-the-musical.jpg,https://d31fr2pwly4c4s.cloudfront.net/f/5/e/2255970_1776796196_moulin-rouge-the-musical_1024.jpg,https://d31fr2pwly4c4s.cloudfront.net/f/5/e/2255970_1776796196_moulin-rouge-the-musical_1024.webp,https://www.skiddle.com/whats-on/London/Piccadilly-Theatre/Moulin-Rouge-The-Musical/42375172/,2026-07-17,2026-07-17T19:30:00+00:00,2026-07-17T21:30:00+00:00,"Baz Luhrmann’s film comes to life on stage in a dazzling musical mash-up of splendour, romance and electrifying glamour.","{'doorsopen': '19:30', 'doorsclose': '00:00', 'lastentry': '00:00'}",0,,0,0,False,"{'minPrice': 10, 'maxPrice': 10}",£29.27 - £360.00,public,https%3A%2F%2Fentertainment.skiddle.com%2Fbook%2F1DVRJ-moulin-rouge-the-musical%2F,False,{'enabled': False},,GBP,[],[],[]
42482444,2278792,False,0sYaq3EP4C,False,0,THEATRE,Sirens: The Concert Series,0,,,,,"{'id': 134956, 'name': 'The Emerald Theatre', 'address': '8 Victoria Embankment', 'town': 'London', 'postcode_lookup': 'London', 'postcode': 'WC2R 2AB', 'region': 'London', 'country': 'GB', 'phone': '', 'latitude': 51.509886, 'longitude': -0.1182697, 'type': 'Theatre', 'rating': 4, 'reviewCount': 18, 'distance': 745.9632621316904}",https://d31fr2pwly4c4s.cloudfront.net/a/4/c/2277254_75574251_sirens-the-concert-series_th.jpg,https://d31fr2pwly4c4s.cloudfront.net/a/4/c/2277254_75574251_sirens-the-concert-series.jpg,https://d31fr2pwly4c4s.cloudfront.net/a/4/c/2277254_75574251_sirens-the-concert-series_1024.jpg,https://d31fr2pwly4c4s.cloudfront.net/a/4/c/2277254_75574251_sirens-the-concert-series_1024.webp,https://www.skiddle.com/whats-on/London/The-Emerald-Theatre/Sirens-The-Concert-Series/42482444/,2026-07-17,2026-07-17T19:30:00+00:00,2026-07-17T21:00:00+00:00,"Five Women. One Sound. No apologies. A concert-theatre experience for everyone who has ever needed a night that was entirely, unapologetically theirs.","{'doorsopen': '19:30', 'doorsclose': '21:00', 'lastentry': '19:30'}",,,0,0,True,"{'minPrice': 20, 'maxPrice': 20}",,public,,False,{'enabled': False},,GBP,[],[],[]
42366234,2252926,False,1DR6R,False,0,THEATRE,Disney's The Lion King,0,,,,,"{'id': 74544, 'name': 'The Lyceum Theatre', 'address': '21 Wellington Street', 'town': 'London', 'postcode_lookup': 'London', 'postcode': 'WC2E 7RQ', 'region': 'London', 'country': 'GB', 'phone': '', 'latitude': 51.5117077, 'longitude': -0.119996, 'type': 'Theatre', 'rating': 0, 'reviewCount': 0, 'distance': 762.1349308586977}",https://d31fr2pwly4c4s.cloudfront.net/d/d/9/2252926_1776660416_disneys-the-lion-king_th.jpg,https://d31fr2pwly4c4s.cloudfront.net/d/d/9/2252926_1776660416_disneys-the-lion-king.jpg,https://d31fr2pwly4c4s.cloudfront.net/d/d/9/2252926_1776660416_disneys-the-lion-king_1024.jpg,https://d31fr2pwly4c4s.cloudfront.net/d/d/9/2252926_1776660416_disneys-the-lion-king_1024.webp,https://www.skiddle.com/whats-on/London/The-Lyceum-Theatre/Disneys-The-Lion-King/42366234/,2026-07-17,2026-07-17T19:30:00+00:00,2026-07-17T21:30:00+00:00,"Disney's The Lion King is a spectacular Julie Taymor stage production with glorious colours, stunning effects and enchanting music.","{'doorsopen': '19:30', 'doorsclose': '00:00', 'lastentry': '00:00'}",0,,0,0,False,"{'minPrice': 20, 'maxPrice': 20}",£42.00 - £300.00,public,https%3A%2F%2Fentertainment.skiddle.com%2Fbook%2F1DR6R-disney-s-the-lion-king%2F,False,{'enabled': False},,GBP,[],[],[]
42394941,2257182,False,1H4KU,False,0,THEATRE,Mamma Mia!,0,,,,,"{'id': 60642, 'name': 'Novello Theatre', 'address': 'Aldwych, London', 'town': 'London', 'postcode_lookup': 'London', 'postcode': 'WC2B 4LD', 'region': 'London', 'country': 'GB', 'phone': '0844 482 5170', 'latitude': 51.5119231, 'longitude': -0.1194107, 'type': 'other', 'rating': 0, 'reviewCount': 0, 'distance': 808.0937189817157}",https://d31fr2pwly4c4s.cloudfront.net/3/b/d/2257182_1776919785_mamma-mia_th.jpg,https://d31fr2pwly4c4s.cloudfront.net/3/b/d/2257182_1776919785_mamma-mia.jpg,https://d31fr2pwly4c4s.cloudfront.net/3/b/d/2257182_1776919785_mamma-mia_1024.jpg,https://d31fr2pwly4c4s.cloudfront.net/3/b/d/2257182_1776919785_mamma-mia_1024.webp,https://www.skiddle.com/whats-on/London/Novello-Theatre/Mamma-Mia/42394941/,2026-07-17,2026-07-17T19:30:00+00:00,2026-07-17T21:30:00+00:00,"Join the feel-good smash-hit MAMMA MIA!, where ABBA’s timeless songs drive a funny Greek island story that’s delighted millions.","{'doorsopen': '19:30', 'doorsclose': '00:00', 'lastentry': '00:00'}",0,,0,0,False,"{'minPrice': 20, 'maxPrice': 20}",£18.00 - £234.00,public,https%3A%2F%2Fentertainment.skiddle.com%2Fbook%2F1H4KU-mamma-mia%2F,False,{'enabled': False},,GBP,[],[],[]
42375167,2255965,False,1GVLR,False,0,THEATRE,Disney's Hercules,0,,,,,"{'id': 14074, 'name': 'Theatre Royal Drury Lane', 'address': 'Catherine Street', 'town': 'London', 'postcode_lookup': 'London', 'postcode': 'WC2B 5JF', 'region': 'London', 'country': 'GB', 'phone': ' ', 'latitude': 51.51291, 'longitude': -0.120349, 'type': 'Theatre', 'rating': 1, 'reviewCount': 1, 'distance': 843.9285622119403}",https://d31fr2pwly4c4s.cloudfront.net/7/4/e/2255965_1776796125_disneys-hercules_th.jpg,https://d31fr2pwly4c4s.cloudfront.net/7/4/e/2255965_1776796125_disneys-hercules.jpg,https://d31fr2pwly4c4s.cloudfront.net/7/4/e/2255965_1776796125_disneys-hercules_1024.jpg,https://d31fr2pwly4c4s.cloudfront.net/7/4/e/2255965_1776796125_disneys-hercules_1024.webp,https://www.skiddle.com/whats-on/London/Theatre-Royal-Drury-Lane/Disneys-Hercules/42375167/,2026-07-17,2026-07-17T19:30:00+00:00,2026-07-17T21:30:00+00:00,"Disney’s Hercules is a wise-cracking musical adventure of self-discovery and love, directed and choreographed by Casey Nicholaw.","{'doorsopen': '19:30', 'doorsclose': '21:30', 'lastentry': '00:00'}",0,,0,0,False,"{'minPrice': 20, 'maxPrice': 20}",£35.40 - £180.00,public,https%3A%2F%2Fentertainment.skiddle.com%2Fbook%2F1GVLR-disney-s-hercules%2F,False,{'enabled': False},,GBP,[],[],[]
42079768,2203421,False,1HU76,False,0,THEATRE,Sinatra The Musical,0,,,,,"{'id': 13872, 'name': 'Aldwych Theatre', 'address': 'Aldwych', 'town': 'London', 'postcode_lookup': 'London', 'postcode': 'WC2B 4DF', 'region': 'London', 'country': 'GB', 'phone': ' 0345 200 798', 'latitude': 51.513183, 'longitude': -0.118852, 'type': 'Theatre', 'rating': 5, 'reviewCount': 2, 'distance': 934.5995506585996}",https://d31fr2pwly4c4s.cloudfront.net/6/1/9/2203421_1770221513_sinatra-the-musical_th.jpg,https://d31fr2pwly4c4s.cloudfront.net/6/1/9/2203421_1770221513_sinatra-the-musical.jpg,https://d31fr2pwly4c4s.cloudfront.net/6/1/9/2203421_1770221513_sinatra-the-musical_1024.jpg,https://d31fr2pwly4c4s.cloudfront.net/6/1/9/2203421_1770221513_sinatra-the-musical_1024.webp,https://www.skiddle.com/whats-on/London/Aldwych-Theatre/Sinatra-The-Musical/42079768/,2026-07-17,2026-07-17T19:30:00+00:00,2026-07-17T21:30:00+00:00,"Joe DiPietro brings Frank Sinatra’s rise, romance and comeback story to the West End in a hit-packed new musical.","{'doorsopen': '19:30', 'doorsclose': '00:00', 'lastentry': '00:00'}",0,,0,0,False,"{'minPrice': 20, 'maxPrice': 20}",£42.00 - £234.00,public,https%3A%2F%2Fentertainment.skiddle.com%2Fbook%2F1HU76-sinatra-the-musical%2F,False,{'enabled': False},,GBP,[],[],[]
42370430,2254578,False,1HMDJ,False,0,THEATRE,Avenue Q,0,,,,,"{'id': 20714, 'name': 'Shaftesbury Theatre ', 'address': '210 Shaftesbury Avenue ', 'town': 'London ', 'postcode_lookup': 'London', 'postcode': 'WC2H 8DP', 'region': 'London', 'country': 'GB', 'phone': '020 7379 3345', 'latitude': 51.5162548, 'longitude': -0.1255342, 'type': 'Theatre', 'rating': 0, 'reviewCount': 0, 'distance': 1043.1351861755406}",https://d31fr2pwly4c4s.cloudfront.net/5/5/e/2254578_1776746746_avenue-q_th.jpg,https://d31fr2pwly4c4s.cloudfront.net/5/5/e/2254578_1776746746_avenue-q.jpg,https://d31fr2pwly4c4s.cloudfront.net/5/5/e/2254578_1776746746_avenue-q_1024.jpg,https://d31fr2pwly4c4s.cloudfront.net/5/5/e/2254578_1776746746_avenue-q_1024.webp,https://www.skiddle.com/whats-on/London/Shaftesbury-Theatre-/Avenue-Q/42370430/,2026-07-17,2026-07-17T19:30:00+00:00,2026-07-17T21:30:00+00:00,"Three-time Tony Award-winning Avenue Q returns in a mischievous, charming musical with infectious songs and lovable characters.","{'doorsopen': '19:30', 'doorsclose': '00:00', 'lastentry': '00:00'}",0,,0,0,False,"{'minPrice': 20, 'maxPrice': 20}",£30.00 - £198.00,public,https%3A%2F%2Fentertainment.skiddle.com%2Fbook%2F1HMDJ-avenue-q%2F,False,{'enabled': False},,GBP,[],[],[]
42458135,2271815,False,1HXE2,False,0,THEATRE,Glengarry Glen Ross,0,,,,,"{'id': 34268, 'name': 'Old Vic Theatre', 'address': 'The Old Vic, 103 The Cut,', 'town': 'London', 'postcode_lookup': 'London', 'postcode': 'SE1 8NB', 'region': 'London', 'country': 'GB', 'phone': '0844 8717628', 'latitude': 51.50215, 'longitude': -0.109559, 'type': 'Theatre', 'rating': 0, 'reviewCount': 0, 'distance': 1385.6241668041894}",https://d31fr2pwly4c4s.cloudfront.net/d/4/0/2271815_1779352590_glengarry-glen-ross_th.jpg,https://d31fr2pwly4c4s.cloudfront.net/d/4/0/2271815_1779352590_glengarry-glen-ross.jpg,https://d31fr2pwly4c4s.cloudfront.net/d/4/0/2271815_1779352590_glengarry-glen-ross_1024.jpg,https://d31fr2pwly4c4s.cloudfront.net/d/4/0/2271815_1779352590_glengarry-glen-ross_1024.webp,https://www.skiddle.com/whats-on/London/Old-Vic-Theatre/Glengarry-Glen-Ross/42458135/,2026-07-17,2026-07-17T19:30:00+00:00,2026-07-17T21:30:00+00:00,David Mamet’s modern classic Glengarry Glen Ross is staged by Tony Award-winning director Patrick Marber with an all-female cast.,"{'doorsopen': '19:30', 'doorsclose': '00:00', 'lastentry': '00:00'}",0,,0,0,False,"{'minPrice': 20, 'maxPrice': 20}",£19.80 - £91.80,public,https%3A%2F%2Fentertainment.skiddle.com%2Fbook%2F1HXE2-glengarry-glen-ross%2F,False,{'enabled': False},,GBP,[],[],[]
42375171,2255969,False,1DU1L,False,0,THEATRE,Wicked,0,,,,,"{'id': 36264, 'name': 'Apollo Victoria Theater', 'address': '17 Wilton Road  City of Westminster', 'town': 'London', 'postcode_lookup': 'London', 'postcode': 'SW1V 1LG', 'region': 'London', 'country': 'GB', 'phone': '0203 318 3832', 'latitude': 51.4957746, 'longitude': -0.1426793, 'type': 'Theatre', 'rating': 0, 'reviewCount': 0, 'distance': 1609.4883118490623}",https://d31fr2pwly4c4s.cloudfront.net/d/2/5/2255969_1776796193_wicked_th.jpg,https://d31fr2pwly4c4s.cloudfront.net/d/2/5/2255969_1776796193_wicked.jpg,https://d31fr2pwly4c4s.cloudfront.net/d/2/5/2255969_1776796193_wicked_1024.jpg,https://d31fr2pwly4c4s.cloudfront.net/d/2/5/2255969_1776796193_wicked_1024.webp,https://www.skiddle.com/whats-on/London/Apollo-Victoria-Theater/Wicked/42375171/,2026-07-17,2026-07-17T19:30:00+00:00,2026-07-17T21:30:00+00:00,"WICKED is the multi award-winning musical sensation, revealing the untold story of the Wicked Witch of the West.","{'doorsopen': '19:30', 'doorsclose': '00:00', 'lastentry': '00:00'}",0,,0,0,False,"{'minPrice': 20, 'maxPrice': 20}",£30.00 - £295.20,public,https%3A%2F%2Fentertainment.skiddle.com%2Fbook%2F1DU1L-wicked%2F,False,{'enabled': False},,GBP,[],[],[]
42369711,2253953,False,1HXE0,False,0,THEATRE,The Oresteia,0,,,,,"{'id': 120533, 'name': 'Bridge Theatre', 'address': '3 Potters Field Park, Potters Field', 'town': 'London', 'postcode_lookup': 'London', 'postcode': 'SE1 2SG', 'region': 'London', 'country': 'GB', 'phone': '', 'latitude': 51.5040906, 'longitude': -0.0772691, 'type': 'Theatre', 'rating': 0, 'reviewCount': 0, 'distance': 3526.0624687546324}",https://d31fr2pwly4c4s.cloudfront.net/3/0/b/2253953_1776702867_the-oresteia_th.jpg,https://d31fr2pwly4c4s.cloudfront.net/3/0/b/2253953_1776702867_the-oresteia.jpg,https://d31fr2pwly4c4s.cloudfront.net/3/0/b/2253953_1776702867_the-oresteia_1024.jpg,https://d31fr2pwly4c4s.cloudfront.net/3/0/b/2253953_1776702867_the-oresteia_1024.webp,https://www.skiddle.com/whats-on/London/Bridge-Theatre/The-Oresteia/42369711/,2026-07-17,2026-07-17T19:30:00+00:00,2026-07-17T21:30:00+00:00,Simon Stone's bold reimagining of The Oresteia follows a contemporary family trapped in a gripping Greek myth drama.,"{'doorsopen': '19:00', 'doorsclose': '22:35', 'lastentry': '00:00'}",0,,0,0,False,"{'minPrice': 20, 'maxPrice': 20}",£35.40 - £150.00,public,https%3A%2F%2Fentertainment.skiddle.com%2Fbook%2F1HXE0-the-oresteia%2F,False,{'enabled': False},,GBP,[],[],[]
41380351,2113025,False,1HFY2,False,0,THEATRE,Relics,0,,,,,"{'id': 10976, 'name': 'Lyric Hammersmith', 'address': 'Lyric Square, King St', 'town': 'London', 'postcode_lookup': 'London', 'postcode': 'W6 0QL', 'region': 'London', 'country': 'GB', 'phone': '020 8741 6850', 'latitude': 51.49289, 'longitude': -0.23499, 'type': 'Theatre', 'rating': 0, 'reviewCount': 0, 'distance': 7570.287310206998}",https://d31fr2pwly4c4s.cloudfront.net/8/e/9/2113025_1758550199_relics_th.jpg,https://d31fr2pwly4c4s.cloudfront.net/8/e/9/2113025_1758550199_relics.jpg,https://d31fr2pwly4c4s.cloudfront.net/8/e/9/2113025_1758550199_relics_1024.jpg,https://d31fr2pwly4c4s.cloudfront.net/8/e/9/2113025_1758550199_relics_1024.webp,https://www.skiddle.com/whats-on/London/Lyric-Hammersmith/Relics/41380351/,2026-07-17,2026-07-17T19:30:00+00:00,2026-07-17T21:30:00+00:00,"World premiere of Ben Ockrent’s darkly comic family drama, directed by award-winning Michael Longhurst, about inherited legacies.","{'doorsopen': '19:30', 'doorsclose': '21:45', 'lastentry': '00:00'}",0,,0,0,False,"{'minPrice': 20, 'maxPrice': 20}",£18.00 - £66.00,public,https%3A%2F%2Fentertainment.skiddle.com%2Fbook%2F1HFY2-relics%2F,False,{'enabled': False},,GBP,[],[],[]
41651506,2163802,False,1HN8U,False,0,THEATRE,The Gruffalo,0,,,,,"{'id': 40140, 'name': 'The Lyric Theatre', 'address': 'Shaftesbury Avenue, London W1D 7ES', 'town': 'London', 'postcode_lookup': 'London', 'postcode': 'W1D 7ES', 'region': 'London', 'country': 'GB', 'phone': '0844 412 4661', 'latitude': 51.5112376, 'longitude': -0.1339224, 'type': 'Theatre', 'rating': 0, 'reviewCount': 0, 'distance': 624.5173293483233}",https://d31fr2pwly4c4s.cloudfront.net/d/6/b/2163802_1765181535_the-gruffalo_th.jpg,https://d31fr2pwly4c4s.cloudfront.net/d/6/b/2163802_1765181535_the-gruffalo.jpg,https://d31fr2pwly4c4s.cloudfront.net/d/6/b/2163802_1765181535_the-gruffalo_1024.jpg,https://d31fr2pwly4c4s.cloudfront.net/d/6/b/2163802_1765181535_the-gruffalo_1024.webp,https://www.skiddle.com/whats-on/London/The-Lyric-Theatre/The-Gruffalo/41651506/,2026-07-18,2026-07-18T10:15:00+00:00,2026-07-18T12:15:00+00:00,"Tall Stories’ magical, musical adaptation of The Gruffalo returns for its 25th anniversary, with songs, laughs and mischievous fun.","{'doorsopen': '10:15', 'doorsclose': '00:00', 'lastentry': '00:00'}",0,,0,0,False,"{'minPrice': 20, 'maxPrice': 20}",£12.00 - £35.40,public,https%3A%2F%2Fentertainment.skiddle.com%2Fbook%2F1HN8U-the-gruffalo%2F,False,{'enabled': False},,GBP,[],[],[]
42394916,2257157,False,1FHDY,False,0,THEATRE,Stranger Things: The First Shadow,0,,,,,"{'id': 83481, 'name': 'Phoenix Theatre', 'address': '110 Charing Cross Road', 'town': 'London', 'postcode_lookup': 'London', 'postcode': 'WC2H 0JP', 'region': 'London', 'country': 'GB', 'phone': '', 'latitude': 51.5143773, 'longitude': -0.1294848, 'type': 'Theatre', 'rating': 0, 'reviewCount': 0, 'distance': 826.7255851741454}",https://d31fr2pwly4c4s.cloudfront.net/b/0/5/2257157_1776919673_stranger-things-the-first-shadow_th.jpg,https://d31fr2pwly4c4s.cloudfront.net/b/0/5/2257157_1776919673_stranger-things-the-first-shadow.jpg,https://d31fr2pwly4c4s.cloudfront.net/b/0/5/2257157_1776919673_stranger-things-the-first-shadow_1024.jpg,https://d31fr2pwly4c4s.cloudfront.net/b/0/5/2257157_1776919673_stranger-things-the-first-shadow_1024.webp,https://www.skiddle.com/whats-on/London/Phoenix-Theatre/Stranger-Things-The-First-Shadow/42394916/,2026-07-18,2026-07-18T13:00:00+00:00,2026-07-18T15:00:00+00:00,"Stranger Things: The First Shadow is a gripping new adventure from a multi-award-winning team, taking the story back to the beginning.","{'doorsopen': '13:00', 'doorsclose': '00:00', 'lastentry': '00:00'}",0,,0,0,False,"{'minPrice': 20, 'maxPrice': 20}",£35.12 - £343.50,public,https%3A%2F%2Fentertainment.skiddle.com%2Fbook%2F1FHDY-stranger-things-the-first-shadow%2F,False,{'enabled': False},,GBP,[],[],[]
42504258,2284984,False,1J214,False,0,THEATRE,Arcadia,0,,,,,"{'id': 60029, 'name': ""Duke Of York's Theatre"", 'address': ""St Martin's Lane, London"", 'town': 'London', 'postcode_lookup': 'London', 'postcode': 'WC2N 4BG', 'region': 'London', 'country': 'GB', 'phone': '0844 871 3051', 'latitude': 51.5101643, 'longitude': -0.1275101, 'type': 'other', 'rating': 0, 'reviewCount': 0, 'distance': 353.48008599263017}",https://d31fr2pwly4c4s.cloudfront.net/7/f/7/2284984_1781526484_arcadia_th.jpg,https://d31fr2pwly4c4s.cloudfront.net/7/f/7/2284984_1781526484_arcadia.jpg,https://d31fr2pwly4c4s.cloudfront.net/7/f/7/2284984_1781526484_arcadia_1024.jpg,https://d31fr2pwly4c4s.cloudfront.net/7/f/7/2284984_1781526484_arcadia_1024.webp,https://www.skiddle.com/whats-on/London/Duke-Of-York%27s-Theatre/Arcadia/42504258/,2026-07-18,2026-07-18T13:30:00+00:00,2026-07-18T15:30:00+00:00,"Arcadia transfers to the West End in Carrie Cracknell’s critically acclaimed, witty and deeply moving production.","{'doorsopen': '13:30', 'doorsclose': '00:00', 'lastentry': '00:00'}",0,,0,0,False,"{'minPrice': 20, 'maxPrice': 20}",£24.00 - £186.00,public,https%3A%2F%2Fentertainment.skiddle.com%2Fbook%2F1J214-arcadia%2F,False,{'enabled': False},,GBP,[],[],[]
42394937,2257178,False,1H9ZU,False,0,THEATRE,Cabaret,0,,,,,"{'id': 60790, 'name': 'The Playhouse', 'address': 'Northumberland Avenue, London', 'town': 'London', 'postcode_lookup': 'London', 'postcode': 'WC2N 5DE', 'region': 'London', 'country': 'GB', 'phone': '0844 871 7627', 'latitude': 51.507219, 'longitude': -0.126668, 'type': 'Nightclub', 'rating': 0, 'reviewCount': 0, 'distance': 95.34410915170115}",https://d31fr2pwly4c4s.cloudfront.net/8/1/6/2257178_1776919766_cabaret_th.jpg,https://d31fr2pwly4c4s.cloudfront.net/8/1/6/2257178_1776919766_cabaret.jpg,https://d31fr2pwly4c4s.cloudfront.net/8/1/6/2257178_1776919766_cabaret_1024.jpg,https://d31fr2pwly4c4s.cloudfront.net/8/1/6/2257178_1776919766_cabaret_1024.webp,https://www.skiddle.com/whats-on/London/The-Playhouse/Cabaret/42394937/,2026-07-18,2026-07-18T14:00:00+00:00,2026-07-18T16:00:00+00:00,"Record-breaking seven Olivier Award-winning CABARET is an intimate, electrifying revival packed with iconic songs.","{'doorsopen': '14:00', 'doorsclose': '00:00', 'lastentry': '00:00'}",0,,0,0,False,"{'minPrice': 20, 'maxPrice': 20}",£40.98 - £307.50,public,https%3A%2F%2Fentertainment.skiddle.com%2Fbook%2F1H9ZU-cabaret%2F,False,{'enabled': False},,GBP,[],[],[]
42261447,2229399,False,1HV64,False,0,THEATRE,To Kill A Mockingbird,0,,,,,"{'id': 130649, 'name': 'Wyndhams Theatre', 'address': '32 Charing Cross', 'town': 'London', 'postcode_lookup': 'London', 'postcode': 'WC2H 0DA', 'region': 'London', 'country': 'GB', 'phone': '', 'latitude': 51.5111248, 'longitude': -0.1282324, 'type': 'Theatre', 'rating': 0, 'reviewCount': 0, 'distance': 458.9381039999993}",https://d31fr2pwly4c4s.cloudfront.net/0/d/e/2229399_1773677869_to-kill-a-mockingbird_th.jpg,https://d31fr2pwly4c4s.cloudfront.net/0/d/e/2229399_1773677869_to-kill-a-mockingbird.jpg,https://d31fr2pwly4c4s.cloudfront.net/0/d/e/2229399_1773677869_to-kill-a-mockingbird_1024.jpg,https://d31fr2pwly4c4s.cloudfront.net/0/d/e/2229399_1773677869_to-kill-a-mockingbird_1024.webp,https://www.skiddle.com/whats-on/London/Wyndhams-Theatre/To-Kill-A-Mockingbird/42261447/,2026-07-18,2026-07-18T14:00:00+00:00,2026-07-18T16:00:00+00:00,Aaron Sorkin’s award-winning To Kill a Mockingbird returns in a powerful West End production with Richard Coyle.,"{'doorsopen': '14:00', 'doorsclose': '00:00', 'lastentry': '00:00'}",0,,0,0,False,"{'minPrice': 20, 'maxPrice': 20}",£24.00 - £210.00,public,https%3A%2F%2Fentertainment.skiddle.com%2Fbook%2F1HV64-to-kill-a-mockingbird%2F,False,{'enabled': False},,GBP,[],[],[]
42098181,2209347,False,1HUCK,False,0,THEATRE,Cyrano De Bergerac,0,,,,,"{'id': 96625, 'name': 'Noel Coward Theatre', 'address': '90 St. Martin&#39;s Lane', 'town': 'London', 'postcode_lookup': 'London', 'postcode': 'WC2N 4AP', 'region': 'London', 'country': 'GB', 'phone': '0844 482 5140', 'latitude': 51.511144, 'longitude': -0.127223, 'type': 'Theatre', 'rating': 0, 'reviewCount': 0, 'distance': 463.9170729601019}",https://d31fr2pwly4c4s.cloudfront.net/b/e/0/2209347_1771254113_cyrano-de-bergerac_th.jpg,https://d31fr2pwly4c4s.cloudfront.net/b/e/0/2209347_1771254113_cyrano-de-bergerac.jpg,https://d31fr2pwly4c4s.cloudfront.net/b/e/0/2209347_1771254113_cyrano-de-bergerac_1024.jpg,https://d31fr2pwly4c4s.cloudfront.net/b/e/0/2209347_1771254113_cyrano-de-bergerac_1024.webp,https://www.skiddle.com/whats-on/London/Noel-Coward-Theatre/Cyrano-De-Bergerac/42098181/,2026-07-18,2026-07-18T14:00:00+00:00,2026-07-18T16:00:00+00:00,"A hugely acclaimed, witty and romantic reimagining of Cyrano de Bergerac, with Adrian Lester in a West End transfer.","{'doorsopen': '14:00', 'doorsclose': '00:00', 'lastentry': '00:00'}",0,,0,0,False,"{'minPrice': 20, 'maxPrice': 20}",£18.00 - £180.00,public,https%3A%2F%2Fentertainment.skiddle.com%2Fbook%2F1HUCK-cyrano-de-bergerac%2F,False,{'enabled': False},,GBP,[],[],[]
42375173,2255971,False,1G7HA,False,0,THEATRE,My Neighbour Totoro,0,,,,,"{'id': 103561, 'name': 'Gillian Lynne Theatre', 'address': '166 Drury Lane', 'town': 'London', 'postcode_lookup': 'London', 'postcode': 'WC2B 5PF', 'region': 'London', 'country': 'GB', 'phone': '', 'latitude': 51.51528, 'longitude': -0.12265, 'type': 'Theatre', 'rating': 0, 'reviewCount': 0, 'distance': 992.347103520854}",https://d31fr2pwly4c4s.cloudfront.net/d/f/b/2255971_1776796207_my-neighbour-totoro_th.jpg,https://d31fr2pwly4c4s.cloudfront.net/d/f/b/2255971_1776796207_my-neighbour-totoro.jpg,https://d31fr2pwly4c4s.cloudfront.net/d/f/b/2255971_1776796207_my-neighbour-totoro_1024.jpg,https://d31fr2pwly4c4s.cloudfront.net/d/f/b/2255971_1776796207_my-neighbour-totoro_1024.webp,https://www.skiddle.com/whats-on/London/Gillian-Lynne-Theatre/My-Neighbour-Totoro/42375173/,2026-07-18,2026-07-18T14:00:00+00:00,2026-07-18T16:40:00+00:00,"The record-breaking, award-winning My Neighbour Totoro returns in a five-star, six-Olivier-Award-winning West End staging.","{'doorsopen': '14:00', 'doorsclose': '21:40', 'lastentry': '00:00'}",0,,0,0,False,"{'minPrice': 20, 'maxPrice': 20}",£30.00 - £198.00,public,https%3A%2F%2Fentertainment.skiddle.com%2Fbook%2F1G7HA-my-neighbour-totoro%2F,False,{'enabled': False},,GBP,[],[],[]
42394940,2257181,False,1FU7R,False,0,THEATRE,The Phantom Of The Opera,0,,,,,"{'id': 116916, 'name': 'His Majestys Theatre', 'address': 'Haymarket', 'town': 'London', 'postcode_lookup': 'London', 'postcode': 'SW1Y 4QL', 'region': 'London', 'country': 'GB', 'phone': '', 'latitude': 51.508123, 'longitude': -0.1320321, 'type': 'Theatre', 'rating': 0, 'reviewCount': 0, 'distance': 305.72524768900695}",https://d31fr2pwly4c4s.cloudfront.net/f/a/b/2257181_1776919782_the-phantom-of-the-opera_th.jpg,https://d31fr2pwly4c4s.cloudfront.net/f/a/b/2257181_1776919782_the-phantom-of-the-opera.jpg,https://d31fr2pwly4c4s.cloudfront.net/f/a/b/2257181_1776919782_the-phantom-of-the-opera_1024.jpg,https://d31fr2pwly4c4s.cloudfront.net/f/a/b/2257181_1776919782_the-phantom-of-the-opera_1024.webp,https://www.skiddle.com/whats-on/London/His-Majestys-Theatre/The-Phantom-Of-The-Opera/42394940/,2026-07-18,2026-07-18T14:30:00+00:00,2026-07-18T22:00:00+00:00,"Andrew Lloyd Webber’s mesmerising score, jaw-dropping scenery and breathtaking special effects bring this tragic love story to life.","{'doorsopen': '14:30', 'doorsclose': '22:00', 'lastentry': '00:00'}",0,,0,0,False,"{'minPrice': 20, 'maxPrice': 20}",£30.00 - £270.00,public,https%3A%2F%2Fentertainment.skiddle.com%2Fbook%2F1FU7R-the-phantom-of-the-opera%2F,False,{'enabled': False},,GBP,[],[],[]
42394938,2257179,False,1H2AJ,False,0,THEATRE,The Producers,0,,,,,"{'id': 25670, 'name': 'The Garrick Theatre', 'address': '2 Charing Cross Road', 'town': 'London', 'postcode_lookup': 'London', 'postcode': 'WC2H 0HH', 'region': 'London', 'country': 'GB', 'phone': '0844 482 967', 'latitude': 51.5099441, 'longitude': -0.1278073, 'type': 'Theatre', 'rating': 0, 'reviewCount': 0, 'distance': 327.63752840732576}",https://d31fr2pwly4c4s.cloudfront.net/d/5/e/2257179_1776919768_the-producers_th.jpg,https://d31fr2pwly4c4s.cloudfront.net/d/5/e/2257179_1776919768_the-producers.jpg,https://d31fr2pwly4c4s.cloudfront.net/d/5/e/2257179_1776919768_the-producers_1024.jpg,https://d31fr2pwly4c4s.cloudfront.net/d/5/e/2257179_1776919768_the-producers_1024.webp,https://www.skiddle.com/whats-on/London/The-Garrick-Theatre/The-Producers/42394938/,2026-07-18,2026-07-18T14:30:00+00:00,2026-07-18T16:30:00+00:00,"Mel Brooks’ The Producers transfers to the West End after a sold-out Menier run, backed by a record twelve Tony Award-winning pedigree.","{'doorsopen': '14:30', 'doorsclose': '00:00', 'lastentry': '00:00'}",0,,0,0,False,"{'minPrice': 20, 'maxPrice': 20}",£30.00 - £150.00,public,https%3A%2F%2Fentertainment.skiddle.com%2Fbook%2F1H2AJ-the-producers%2F,False,{'enabled': False},,GBP,[],[],[]
42369812,2254054,False,1HW0J,False,0,THEATRE,Swan Lake,0,,,,,"{'id': 99230, 'name': 'Coliseum London ', 'address': 'London Coliseum, St. Martin&#39;s Lane', 'town': 'London', 'postcode_lookup': 'London', 'postcode': 'WC2N 4ES', 'region': 'London', 'country': 'GB', 'phone': '', 'latitude': 51.50993, 'longitude': -0.1263325, 'type': 'Theatre', 'rating': 0, 'reviewCount': 0, 'distance': 345.6343944135487}",https://d31fr2pwly4c4s.cloudfront.net/9/5/7/2254054_1776702869_swan-lake_th.jpg,https://d31fr2pwly4c4s.cloudfront.net/9/5/7/2254054_1776702869_swan-lake.jpg,https://d31fr2pwly4c4s.cloudfront.net/9/5/7/2254054_1776702869_swan-lake_1024.jpg,https://d31fr2pwly4c4s.cloudfront.net/9/5/7/2254054_1776702869_swan-lake_1024.webp,https://www.skiddle.com/whats-on/London/Coliseum-London-/Swan-Lake/42369812/,2026-07-18,2026-07-18T14:30:00+00:00,2026-07-18T16:30:00+00:00,"The State Ballet of Georgia brings Swan Lake to life in a lavish, acclaimed production of ballet’s greatest love story.","{'doorsopen': '14:30', 'doorsclose': '00:00', 'lastentry': '00:00'}",0,,0,0,False,"{'minPrice': 20, 'maxPrice': 20}",£37.50 - £151.50,public,https%3A%2F%2Fentertainment.skiddle.com%2Fbook%2F1HW0J-swan-lake%2F,False,{'enabled': False},,GBP,[],[],[]
42469650,2274799,False,1J3DU,False,0,THEATRE,Allegra,0,,,,,"{'id': 59999, 'name': 'Harold Pinter Theatre', 'address': 'Panton Street, London', 'town': 'London', 'postcode_lookup': 'London', 'postcode': 'SW1Y 4DN', 'region': 'London', 'country': 'GB', 'phone': '0844 871 7627', 'latitude': 51.509346, 'longitude': -0.131662, 'type': 'Theatre', 'rating': 0, 'reviewCount': 0, 'distance': 363.70464176427635}",https://d31fr2pwly4c4s.cloudfront.net/b/c/8/2274799_1779981553_allegra_th.jpg,https://d31fr2pwly4c4s.cloudfront.net/b/c/8/2274799_1779981553_allegra.jpg,https://d31fr2pwly4c4s.cloudfront.net/b/c/8/2274799_1779981553_allegra_1024.jpg,https://d31fr2pwly4c4s.cloudfront.net/b/c/8/2274799_1779981553_allegra_1024.webp,https://www.skiddle.com/whats-on/London/Harold-Pinter-Theatre/Allegra/42469650/,2026-07-18,2026-07-18T14:30:00+00:00,2026-07-18T16:30:00+00:00,"Best offer: Now £75.00 (Save 49%) Dame Maureen Lipman stars in Peter Quilter’s heart-warming comedy with music, a tender, hilarious and life-affirming story.","{'doorsopen': '14:30', 'doorsclose': '00:00', 'lastentry': '00:00'}",0,,0,0,False,"{'minPrice': 20, 'maxPrice': 20}",£20.00 - £148.00,public,https%3A%2F%2Fentertainment.skiddle.com%2Fbook%2F1J3DU-allegra%2F,False,{'enabled': False},,GBP,[],[],[]
42394913,2257154,False,1GZHW,False,0,THEATRE,The Book Of Mormon,0,,,,,"{'id': 13875, 'name': 'Prince Of Wales Theatre', 'address': 'Coventry Street', 'town': 'London', 'postcode_lookup': 'London', 'postcode': 'W1D 6AS', 'region': 'London', 'country': 'GB', 'phone': ' 0344 482 515', 'latitude': 51.510243, 'longitude': -0.132095, 'type': 'Theatre', 'rating': 4, 'reviewCount': 4, 'distance': 458.642514925465}",https://d31fr2pwly4c4s.cloudfront.net/4/7/a/2257154_1776919662_the-book-of-mormon_th.jpg,https://d31fr2pwly4c4s.cloudfront.net/4/7/a/2257154_1776919662_the-book-of-mormon.jpg,https://d31fr2pwly4c4s.cloudfront.net/4/7/a/2257154_1776919662_the-book-of-mormon_1024.jpg,https://d31fr2pwly4c4s.cloudfront.net/4/7/a/2257154_1776919662_the-book-of-mormon_1024.webp,https://www.skiddle.com/whats-on/London/Prince-Of-Wales-Theatre/The-Book-Of-Mormon/42394913/,2026-07-18,2026-07-18T14:30:00+00:00,2026-07-18T16:30:00+00:00,"Smash-hit musical The Book of Mormon, winner of four Olivier Awards, is a hilarious, unexpectedly endearing West End favourite.","{'doorsopen': '14:30', 'doorsclose': '00:00', 'lastentry': '00:00'}",0,,0,0,False,"{'minPrice': 20, 'maxPrice': 20}",£24.00 - £210.00,public,https%3A%2F%2Fentertainment.skiddle.com%2Fbook%2F1GZHW-the-book-of-mormon%2F,False,{'enabled': False},,GBP,[],[],[]
42394939,2257180,False,1H4KN,False,0,THEATRE,Oliver!,0,,,,,"{'id': 60405, 'name': 'Gielgud Theatre', 'address': 'Shaftesbury Avenue, London', 'town': 'London', 'postcode_lookup': 'London', 'postcode': 'W1D 6AR', 'region': 'London', 'country': 'GB', 'phone': '0844 482 5130', 'latitude': 51.5120089, 'longitude': -0.1332279, 'type': 'other', 'rating': 4, 'reviewCount': 1, 'distance': 664.159857541524}",https://d31fr2pwly4c4s.cloudfront.net/b/c/e/2257180_1776919770_oliver_th.jpg,https://d31fr2pwly4c4s.cloudfront.net/b/c/e/2257180_1776919770_oliver.jpg,https://d31fr2pwly4c4s.cloudfront.net/b/c/e/2257180_1776919770_oliver_1024.jpg,https://d31fr2pwly4c4s.cloudfront.net/b/c/e/2257180_1776919770_oliver_1024.webp,https://www.skiddle.com/whats-on/London/Gielgud-Theatre/Oliver/42394939/,2026-07-18,2026-07-18T14:30:00+00:00,2026-07-18T16:30:00+00:00,Cameron Mackintosh’s new production of Lionel Bart’s iconic musical Oliver! follows a sold-out season at Chichester Festival Theatre.,"{'doorsopen': '14:30', 'doorsclose': '00:00', 'lastentry': '00:00'}",0,,0,0,False,"{'minPrice': 20, 'maxPrice': 20}",£24.00 - £240.00,public,https%3A%2F%2Fentertainment.skiddle.com%2Fbook%2F1H4KN-oliver%2F,False,{'enabled': False},,GBP,[],[],[]
42394908,2257149,False,1GWN6,False,0,THEATRE,Les Misérables,0,,,,,"{'id': 35030, 'name': ""Queen's Theatre"", 'address': '51 Shaftesbury Avenue', 'town': 'London', 'postcode_lookup': 'London', 'postcode': 'W1D 6BA', 'region': 'London', 'country': 'GB', 'phone': '0844 482 5160', 'latitude': 51.5121057, 'longitude': -0.1330943, 'type': 'Theatre', 'rating': 0, 'reviewCount': 0, 'distance': 668.2887808180164}",https://d31fr2pwly4c4s.cloudfront.net/8/e/2/2257149_1776919650_les-misrables_th.jpg,https://d31fr2pwly4c4s.cloudfront.net/8/e/2/2257149_1776919650_les-misrables.jpg,https://d31fr2pwly4c4s.cloudfront.net/8/e/2/2257149_1776919650_les-misrables_1024.jpg,https://d31fr2pwly4c4s.cloudfront.net/8/e/2/2257149_1776919650_les-misrables_1024.webp,https://www.skiddle.com/whats-on/London/Queen%27s-Theatre/Les-Misrables/42394908/,2026-07-18,2026-07-18T14:30:00+00:00,2026-07-18T16:30:00+00:00,"An acclaimed fully staged new production of Les Misérables, with a magnificent score and seen by over 130 million worldwide.","{'doorsopen': '14:30', 'doorsclose': '00:00', 'lastentry': '00:00'}",0,,0,0,False,"{'minPrice': 20, 'maxPrice': 20}",£30.00 - £300.00,public,https%3A%2F%2Fentertainment.skiddle.com%2Fbook%2F1GWN6-les-miserables%2F,False,{'enabled': False},,GBP,[],[],[]
42394933,2257174,False,1DVRJ,False,0,THEATRE,Moulin Rouge! The Musical,0,,,,,"{'id': 13874, 'name': 'Piccadilly Theatre', 'address': 'Denman Street', 'town': 'London', 'postcode_lookup': 'London', 'postcode': 'W1D 7DY', 'region': 'London', 'country': 'GB', 'phone': ' ', 'latitude': 51.510777, 'longitude': -0.13552, 'type': 'Theatre', 'rating': 0, 'reviewCount': 0, 'distance': 668.7614469163402}",https://d31fr2pwly4c4s.cloudfront.net/4/7/d/2257174_1776919743_moulin-rouge-the-musical_th.jpg,https://d31fr2pwly4c4s.cloudfront.net/4/7/d/2257174_1776919743_moulin-rouge-the-musical.jpg,https://d31fr2pwly4c4s.cloudfront.net/4/7/d/2257174_1776919743_moulin-rouge-the-musical_1024.jpg,https://d31fr2pwly4c4s.cloudfront.net/4/7/d/2257174_1776919743_moulin-rouge-the-musical_1024.webp,https://www.skiddle.com/whats-on/London/Piccadilly-Theatre/Moulin-Rouge-The-Musical/42394933/,2026-07-18,2026-07-18T14:30:00+00:00,2026-07-18T16:30:00+00:00,"Baz Luhrmann’s film comes to life on stage in a dazzling musical mash-up of splendour, romance and electrifying glamour.","{'doorsopen': '14:30', 'doorsclose': '00:00', 'lastentry': '00:00'}",0,,0,0,False,"{'minPrice': 20, 'maxPrice': 20}",£29.27 - £360.00,public,https%3A%2F%2Fentertainment.skiddle.com%2Fbook%2F1DVRJ-moulin-rouge-the-musical%2F,False,{'enabled': False},,GBP,[],[],[]
42375160,2255958,False,1DR6R,False,0,THEATRE,Disney's The Lion King,0,,,,,"{'id': 74544, 'name': 'The Lyceum Theatre', 'address': '21 Wellington Street', 'town': 'London', 'postcode_lookup': 'London', 'postcode': 'WC2E 7RQ', 'region': 'London', 'country': 'GB', 'phone': '', 'latitude': 51.5117077, 'longitude': -0.119996, 'type': 'Theatre', 'rating': 0, 'reviewCount': 0, 'distance': 762.1349308586977}",https://d31fr2pwly4c4s.cloudfront.net/b/d/8/2255958_1776795819_disneys-the-lion-king_th.jpg,https://d31fr2pwly4c4s.cloudfront.net/b/d/8/2255958_1776795819_disneys-the-lion-king.jpg,https://d31fr2pwly4c4s.cloudfront.net/b/d/8/2255958_1776795819_disneys-the-lion-king_1024.jpg,https://d31fr2pwly4c4s.cloudfront.net/b/d/8/2255958_1776795819_disneys-the-lion-king_1024.webp,https://www.skiddle.com/whats-on/London/The-Lyceum-Theatre/Disneys-The-Lion-King/42375160/,2026-07-18,2026-07-18T14:30:00+00:00,2026-07-18T16:30:00+00:00,"Disney's The Lion King is a spectacular Julie Taymor stage production with glorious colours, stunning effects and enchanting music.","{'doorsopen': '14:30', 'doorsclose': '00:00', 'lastentry': '00:00'}",0,,0,0,False,"{'minPrice': 20, 'maxPrice': 20}",£42.00 - £300.00,public,https%3A%2F%2Fentertainment.skiddle.com%2Fbook%2F1DR6R-disney-s-the-lion-king%2F,False,{'enabled': False},,GBP,[],[],[]
42394902,2257143,False,1GVLR,False,0,THEATRE,Disney's Hercules,0,,,,,"{'id': 14074, 'name': 'Theatre Royal Drury Lane', 'address': 'Catherine Street', 'town': 'London', 'postcode_lookup': 'London', 'postcode': 'WC2B 5JF', 'region': 'London', 'country': 'GB', 'phone': ' ', 'latitude': 51.51291, 'longitude': -0.120349, 'type': 'Theatre', 'rating': 1, 'reviewCount': 1, 'distance': 843.9285622119403}",https://d31fr2pwly4c4s.cloudfront.net/e/f/a/2257143_1776919637_disneys-hercules_th.jpg,https://d31fr2pwly4c4s.cloudfront.net/e/f/a/2257143_1776919637_disneys-hercules.jpg,https://d31fr2pwly4c4s.cloudfront.net/e/f/a/2257143_1776919637_disneys-hercules_1024.jpg,https://d31fr2pwly4c4s.cloudfront.net/e/f/a/2257143_1776919637_disneys-hercules_1024.webp,https://www.skiddle.com/whats-on/London/Theatre-Royal-Drury-Lane/Disneys-Hercules/42394902/,2026-07-18,2026-07-18T14:30:00+00:00,2026-07-18T16:30:00+00:00,"Disney’s Hercules is a wise-cracking musical adventure of self-discovery and love, directed and choreographed by Casey Nicholaw.","{'doorsopen': '14:30', 'doorsclose': '21:30', 'lastentry': '00:00'}",0,,0,0,False,"{'minPrice': 20, 'maxPrice': 20}",£35.40 - £180.00,public,https%3A%2F%2Fentertainment.skiddle.com%2Fbook%2F1GVLR-disney-s-hercules%2F,False,{'enabled': False},,GBP,[],[],[]
42079750,2203403,False,1HU76,False,0,THEATRE,Sinatra The Musical,0,,,,,"{'id': 13872, 'name': 'Aldwych Theatre', 'address': 'Aldwych', 'town': 'London', 'postcode_lookup': 'London', 'postcode': 'WC2B 4DF', 'region': 'London', 'country': 'GB', 'phone': ' 0345 200 798', 'latitude': 51.513183, 'longitude': -0.118852, 'type': 'Theatre', 'rating': 5, 'reviewCount': 2, 'distance': 934.5995506585996}",https://d31fr2pwly4c4s.cloudfront.net/a/6/5/2203403_1770221512_sinatra-the-musical_th.jpg,https://d31fr2pwly4c4s.cloudfront.net/a/6/5/2203403_1770221512_sinatra-the-musical.jpg,https://d31fr2pwly4c4s.cloudfront.net/a/6/5/2203403_1770221512_sinatra-the-musical_1024.jpg,https://d31fr2pwly4c4s.cloudfront.net/a/6/5/2203403_1770221512_sinatra-the-musical_1024.webp,https://www.skiddle.com/whats-on/London/Aldwych-Theatre/Sinatra-The-Musical/42079750/,2026-07-18,2026-07-18T14:30:00+00:00,2026-07-18T16:30:00+00:00,"Joe DiPietro brings Frank Sinatra’s rise, romance and comeback story to the West End in a hit-packed new musical.","{'doorsopen': '14:30', 'doorsclose': '00:00', 'lastentry': '00:00'}",0,,0,0,False,"{'minPrice': 20, 'maxPrice': 20}",£42.00 - £234.00,public,https%3A%2F%2Fentertainment.skiddle.com%2Fbook%2F1HU76-sinatra-the-musical%2F,False,{'enabled': False},,GBP,[],[],[]
42375162,2255960,False,1HMDJ,False,0,THEATRE,Avenue Q,0,,,,,"{'id': 20714, 'name': 'Shaftesbury Theatre ', 'address': '210 Shaftesbury Avenue ', 'town': 'London ', 'postcode_lookup': 'London', 'postcode': 'WC2H 8DP', 'region': 'London', 'country': 'GB', 'phone': '020 7379 3345', 'latitude': 51.5162548, 'longitude': -0.1255342, 'type': 'Theatre', 'rating': 0, 'reviewCount': 0, 'distance': 1043.1351861755406}",https://d31fr2pwly4c4s.cloudfront.net/3/e/3/2255960_1776796068_avenue-q_th.jpg,https://d31fr2pwly4c4s.cloudfront.net/3/e/3/2255960_1776796068_avenue-q.jpg,https://d31fr2pwly4c4s.cloudfront.net/3/e/3/2255960_1776796068_avenue-q_1024.jpg,https://d31fr2pwly4c4s.cloudfront.net/3/e/3/2255960_1776796068_avenue-q_1024.webp,https://www.skiddle.com/whats-on/London/Shaftesbury-Theatre-/Avenue-Q/42375162/,2026-07-18,2026-07-18T14:30:00+00:00,2026-07-18T16:30:00+00:00,"Three-time Tony Award-winning Avenue Q returns in a mischievous, charming musical with infectious songs and lovable characters.","{'doorsopen': '14:30', 'doorsclose': '00:00', 'lastentry': '00:00'}",0,,0,0,False,"{'minPrice': 20, 'maxPrice': 20}",£30.00 - £198.00,public,https%3A%2F%2Fentertainment.skiddle.com%2Fbook%2F1HMDJ-avenue-q%2F,False,{'enabled': False},,GBP,[],[],[]
42458156,2271836,False,1HXE2,False,0,THEATRE,Glengarry Glen Ross,0,,,,,"{'id': 34268, 'name': 'Old Vic Theatre', 'address': 'The Old Vic, 103 The Cut,', 'town': 'London', 'postcode_lookup': 'London', 'postcode': 'SE1 8NB', 'region': 'London', 'country': 'GB', 'phone': '0844 8717628', 'latitude': 51.50215, 'longitude': -0.109559, 'type': 'Theatre', 'rating': 0, 'reviewCount': 0, 'distance': 1385.6241668041894}",https://d31fr2pwly4c4s.cloudfront.net/7/2/c/2271836_1779352590_glengarry-glen-ross_th.jpg,https://d31fr2pwly4c4s.cloudfront.net/7/2/c/2271836_1779352590_glengarry-glen-ross.jpg,https://d31fr2pwly4c4s.cloudfront.net/7/2/c/2271836_1779352590_glengarry-glen-ross_1024.jpg,https://d31fr2pwly4c4s.cloudfront.net/7/2/c/2271836_1779352590_glengarry-glen-ross_1024.webp,https://www.skiddle.com/whats-on/London/Old-Vic-Theatre/Glengarry-Glen-Ross/42458156/,2026-07-18,2026-07-18T14:30:00+00:00,2026-07-18T16:30:00+00:00,David Mamet’s modern classic Glengarry Glen Ross is staged by Tony Award-winning director Patrick Marber with an all-female cast.,"{'doorsopen': '14:30', 'doorsclose': '00:00', 'lastentry': '00:00'}",0,,0,0,False,"{'minPrice': 20, 'maxPrice': 20}",£19.80 - £91.80,public,https%3A%2F%2Fentertainment.skiddle.com%2Fbook%2F1HXE2-glengarry-glen-ross%2F,False,{'enabled': False},,GBP,[],[],[]
42394909,2257150,False,1DU1L,False,0,THEATRE,Wicked,0,,,,,"{'id': 36264, 'name': 'Apollo Victoria Theater', 'address': '17 Wilton Road  City of Westminster', 'town': 'London', 'postcode_lookup': 'London', 'postcode': 'SW1V 1LG', 'region': 'London', 'country': 'GB', 'phone': '0203 318 3832', 'latitude': 51.4957746, 'longitude': -0.1426793, 'type': 'Theatre', 'rating': 0, 'reviewCount': 0, 'distance': 1609.4883118490623}",https://d31fr2pwly4c4s.cloudfront.net/4/1/5/2257150_1776919651_wicked_th.jpg,https://d31fr2pwly4c4s.cloudfront.net/4/1/5/2257150_1776919651_wicked.jpg,https://d31fr2pwly4c4s.cloudfront.net/4/1/5/2257150_1776919651_wicked_1024.jpg,https://d31fr2pwly4c4s.cloudfront.net/4/1/5/2257150_1776919651_wicked_1024.webp,https://www.skiddle.com/whats-on/London/Apollo-Victoria-Theater/Wicked/42394909/,2026-07-18,2026-07-18T14:30:00+00:00,2026-07-18T16:30:00+00:00,"WICKED is the multi award-winning musical sensation, revealing the untold story of the Wicked Witch of the West.","{'doorsopen': '14:30', 'doorsclose': '00:00', 'lastentry': '00:00'}",0,,0,0,False,"{'minPrice': 20, 'maxPrice': 20}",£30.00 - £295.20,public,https%3A%2F%2Fentertainment.skiddle.com%2Fbook%2F1DU1L-wicked%2F,False,{'enabled': False},,GBP,[],[],[]
42369712,2253954,False,1HXE0,False,0,THEATRE,The Oresteia,0,,,,,"{'id': 120533, 'name': 'Bridge Theatre', 'address': '3 Potters Field Park, Potters Field', 'town': 'London', 'postcode_lookup': 'London', 'postcode': 'SE1 2SG', 'region': 'London', 'country': 'GB', 'phone': '', 'latitude': 51.5040906, 'longitude': -0.0772691, 'type': 'Theatre', 'rating': 0, 'reviewCount': 0, 'distance': 3526.0624687546324}",https://d31fr2pwly4c4s.cloudfront.net/b/7/5/2253954_1776702867_the-oresteia_th.jpg,https://d31fr2pwly4c4s.cloudfront.net/b/7/5/2253954_1776702867_the-oresteia.jpg,https://d31fr2pwly4c4s.cloudfront.net/b/7/5/2253954_1776702867_the-oresteia_1024.jpg,https://d31fr2pwly4c4s.cloudfront.net/b/7/5/2253954_1776702867_the-oresteia_1024.webp,https://www.skiddle.com/whats-on/London/Bridge-Theatre/The-Oresteia/42369712/,2026-07-18,2026-07-18T14:30:00+00:00,2026-07-18T16:30:00+00:00,Simon Stone's bold reimagining of The Oresteia follows a contemporary family trapped in a gripping Greek myth drama.,"{'doorsopen': '14:00', 'doorsclose': '22:35', 'lastentry': '00:00'}",0,,0,0,False,"{'minPrice': 20, 'maxPrice': 20}",£35.40 - £150.00,public,https%3A%2F%2Fentertainment.skiddle.com%2Fbook%2F1HXE0-the-oresteia%2F,False,{'enabled': False},,GBP,[],[],[]
41380373,2113047,False,1HFY2,False,0,THEATRE,Relics,0,,,,,"{'id': 10976, 'name': 'Lyric Hammersmith', 'address': 'Lyric Square, King St', 'town': 'London', 'postcode_lookup': 'London', 'postcode': 'W6 0QL', 'region': 'London', 'country': 'GB', 'phone': '020 8741 6850', 'latitude': 51.49289, 'longitude': -0.23499, 'type': 'Theatre', 'rating': 0, 'reviewCount': 0, 'distance': 7570.287310206998}",https://d31fr2pwly4c4s.cloudfront.net/1/c/1/2113047_1758550199_relics_th.jpg,https://d31fr2pwly4c4s.cloudfront.net/1/c/1/2113047_1758550199_relics.jpg,https://d31fr2pwly4c4s.cloudfront.net/1/c/1/2113047_1758550199_relics_1024.jpg,https://d31fr2pwly4c4s.cloudfront.net/1/c/1/2113047_1758550199_relics_1024.webp,https://www.skiddle.com/whats-on/London/Lyric-Hammersmith/Relics/41380373/,2026-07-18,2026-07-18T14:30:00+00:00,2026-07-18T16:30:00+00:00,"World premiere of Ben Ockrent’s darkly comic family drama, directed by award-winning Michael Longhurst, about inherited legacies.","{'doorsopen': '14:30', 'doorsclose': '21:45', 'lastentry': '00:00'}",0,,0,0,False,"{'minPrice': 20, 'maxPrice': 20}",£18.00 - £66.00,public,https%3A%2F%2Fentertainment.skiddle.com%2Fbook%2F1HFY2-relics%2F,False,{'enabled': False},,GBP,[],[],[]
42504642,2285368,False,1HUN0,False,0,THEATRE,The Hunger Games On Stage,0,,,,,"{'id': 140065, 'name': 'Troubadour Canary Wharf Theatre', 'address': '11 Water Street', 'town': 'London', 'postcode_lookup': 'London', 'postcode': 'E14 5GX', 'region': 'London', 'country': 'GB', 'phone': '', 'latitude': 51.493231, 'longitude': -0.004119, 'type': 'Theatre', 'rating': 0, 'reviewCount': 0, 'distance': 8710.696476382309}",https://d31fr2pwly4c4s.cloudfront.net/3/9/6/2285368_1781526576_the-hunger-games-on-stage_th.jpg,https://d31fr2pwly4c4s.cloudfront.net/3/9/6/2285368_1781526576_the-hunger-games-on-stage.jpg,https://d31fr2pwly4c4s.cloudfront.net/3/9/6/2285368_1781526576_the-hunger-games-on-stage_1024.jpg,https://d31fr2pwly4c4s.cloudfront.net/3/9/6/2285368_1781526576_the-hunger-games-on-stage_1024.webp,https://www.skiddle.com/whats-on/London/Troubadour-Canary-Wharf-Theatre/The-Hunger-Games-On-Stage/42504642/,2026-07-18,2026-07-18T14:30:00+00:00,2026-07-18T16:30:00+00:00,"Experience the first-ever theatre adaptation of The Hunger Games, brought to life by award-winning playwright Conor McPherson.","{'doorsopen': '14:30', 'doorsclose': '00:00', 'lastentry': '00:00'}",0,,0,0,False,"{'minPrice': 20, 'maxPrice': 20}",£27.60 - £207.60,public,https%3A%2F%2Fentertainment.skiddle.com%2Fbook%2F1HUN0-the-hunger-games-on-stage%2F,False,{'enabled': False},,GBP,[],[],[]
42260961,2228913,False,1HVUU,False,0,THEATRE,Dark Of The Moon,0,,,,,"{'id': 26352, 'name': 'Charing Cross Theatre', 'address': 'The Arches, Villiers Street', 'town': 'London', 'postcode_lookup': 'London', 'postcode': 'WC2N 6NL', 'region': 'London', 'country': 'GB', 'phone': '020 7907 7075', 'latitude': 51.5080868, 'longitude': -0.1241223, 'type': 'Theatre', 'rating': 0, 'reviewCount': 0, 'distance': 294.3225782997616}",https://d31fr2pwly4c4s.cloudfront.net/f/c/4/2228913_1773677838_dark-of-the-moon_th.jpg,https://d31fr2pwly4c4s.cloudfront.net/f/c/4/2228913_1773677838_dark-of-the-moon.jpg,https://d31fr2pwly4c4s.cloudfront.net/f/c/4/2228913_1773677838_dark-of-the-moon_1024.jpg,https://d31fr2pwly4c4s.cloudfront.net/f/c/4/2228913_1773677838_dark-of-the-moon_1024.webp,https://www.skiddle.com/whats-on/London/Charing-Cross-Theatre/Dark-Of-The-Moon/42260961/,2026-07-18,2026-07-18T15:00:00+00:00,2026-07-18T17:00:00+00:00,"Spellbinding new musical blending country/bluegrass and rock in a supernatural tale of love, witchcraft and small-town prejudice.","{'doorsopen': '15:00', 'doorsclose': '00:00', 'lastentry': '00:00'}",0,,0,0,False,"{'minPrice': 20, 'maxPrice': 20}",£25.00 - £85.00,public,https%3A%2F%2Fentertainment.skiddle.com%2Fbook%2F1HVUU-dark-of-the-moon%2F,False,{'enabled': False},,GBP,[],[],[]
42375457,2256024,False,1GTBN,False,0,THEATRE,Titanique,0,,,,,"{'id': 45964, 'name': 'Criterion Theatre', 'address': '2 Jermyn Street', 'town': 'London ', 'postcode_lookup': 'London', 'postcode': 'SW1Y 4XA', 'region': 'London', 'country': 'GB', 'phone': '020 7839 8811', 'latitude': 51.5096966, 'longitude': -0.1337116, 'type': 'Theatre', 'rating': 0, 'reviewCount': 0, 'distance': 496.1485918449154}",https://d31fr2pwly4c4s.cloudfront.net/f/5/5/2256024_1776833180_titanique_th.jpg,https://d31fr2pwly4c4s.cloudfront.net/f/5/5/2256024_1776833180_titanique.jpg,https://d31fr2pwly4c4s.cloudfront.net/f/5/5/2256024_1776833180_titanique_1024.jpg,https://d31fr2pwly4c4s.cloudfront.net/f/5/5/2256024_1776833180_titanique_1024.webp,https://www.skiddle.com/whats-on/London/Criterion-Theatre/Titanique/42375457/,2026-07-18,2026-07-18T15:00:00+00:00,2026-07-18T16:55:00+00:00,"Titanique is an award-winning, campy musical fantasia powered by Céline Dion’s hits, powerhouse voices and a full live band.","{'doorsopen': '15:00', 'doorsclose': '21:25', 'lastentry': '00:00'}",0,,0,0,False,"{'minPrice': 20, 'maxPrice': 20}",£28.50 - £160.50,public,https%3A%2F%2Fentertainment.skiddle.com%2Fbook%2F1GTBN-titanique%2F,False,{'enabled': False},,GBP,[],[],[]
41560523,2144229,False,1HM82,False,0,THEATRE,Beetlejuice,0,,,,,"{'id': 128871, 'name': 'Prince Edward Theatre Old Compton St London W1D 4HS', 'address': 'Old Compton St', 'town': 'London', 'postcode_lookup': 'London', 'postcode': 'W1D 4HS', 'region': 'London', 'country': 'GB', 'phone': '344 482 5151', 'latitude': 51.5135117, 'longitude': -0.1307417, 'type': 'Theatre', 'rating': 0, 'reviewCount': 0, 'distance': 748.5132542443824}",https://d31fr2pwly4c4s.cloudfront.net/b/5/7/2144229_1762876201_beetlejuice_th.jpg,https://d31fr2pwly4c4s.cloudfront.net/b/5/7/2144229_1762876201_beetlejuice.jpg,https://d31fr2pwly4c4s.cloudfront.net/b/5/7/2144229_1762876201_beetlejuice_1024.jpg,https://d31fr2pwly4c4s.cloudfront.net/b/5/7/2144229_1762876201_beetlejuice_1024.webp,https://www.skiddle.com/whats-on/London/Prince-Edward-Theatre-Old-Compton-St-London-W1D-4HS/Beetlejuice/41560523/,2026-07-18,2026-07-18T15:00:00+00:00,2026-07-18T17:00:00+00:00,"The Broadway sensation Beetlejuice is a wildly funny, life-affirming musical based on Tim Burton’s beloved movie classic.","{'doorsopen': '15:00', 'doorsclose': '00:00', 'lastentry': '00:00'}",0,,0,0,False,"{'minPrice': 20, 'maxPrice': 20}",£30.00 - £270.00,public,https%3A%2F%2Fentertainment.skiddle.com%2Fbook%2F1HM82-beetlejuice%2F,False,{'enabled': False},,GBP,[],[],[]
42400556,2258265,False,1H4KU,False,0,THEATRE,Mamma Mia!,0,,,,,"{'id': 60642, 'name': 'Novello Theatre', 'address': 'Aldwych, London', 'town': 'London', 'postcode_lookup': 'London', 'postcode': 'WC2B 4LD', 'region': 'London', 'country': 'GB', 'phone': '0844 482 5170', 'latitude': 51.5119231, 'longitude': -0.1194107, 'type': 'other', 'rating': 0, 'reviewCount': 0, 'distance': 808.0937189817157}",https://d31fr2pwly4c4s.cloudfront.net/4/4/c/2258265_1777006007_mamma-mia_th.jpg,https://d31fr2pwly4c4s.cloudfront.net/4/4/c/2258265_1777006007_mamma-mia.jpg,https://d31fr2pwly4c4s.cloudfront.net/4/4/c/2258265_1777006007_mamma-mia_1024.jpg,https://d31fr2pwly4c4s.cloudfront.net/4/4/c/2258265_1777006007_mamma-mia_1024.webp,https://www.skiddle.com/whats-on/London/Novello-Theatre/Mamma-Mia/42400556/,2026-07-18,2026-07-18T15:00:00+00:00,2026-07-18T17:00:00+00:00,"Join the feel-good smash-hit MAMMA MIA!, where ABBA’s timeless songs drive a funny Greek island story that’s delighted millions.","{'doorsopen': '15:00', 'doorsclose': '00:00', 'lastentry': '00:00'}",0,,0,0,False,"{'minPrice': 20, 'maxPrice': 20}",£18.00 - £234.00,public,https%3A%2F%2Fentertainment.skiddle.com%2Fbook%2F1H4KU-mamma-mia%2F,False,{'enabled': False},,GBP,[],[],[]
42469891,2275040,False,1J3PC,False,0,THEATRE,The Smile Of Her,0,,,,,"{'id': 112301, 'name': 'Marylebone Theatre ', 'address': '35 park road ', 'town': 'London', 'postcode_lookup': 'London', 'postcode': 'NW1 6XT', 'region': 'London', 'country': 'GB', 'phone': '', 'latitude': 51.517721, 'longitude': -0.160652, 'type': 'Theatre', 'rating': 0, 'reviewCount': 0, 'distance': 2554.772085097865}",https://d31fr2pwly4c4s.cloudfront.net/1/5/f/2275040_1779981603_the-smile-of-her_th.jpg,https://d31fr2pwly4c4s.cloudfront.net/1/5/f/2275040_1779981603_the-smile-of-her.jpg,https://d31fr2pwly4c4s.cloudfront.net/1/5/f/2275040_1779981603_the-smile-of-her_1024.jpg,https://d31fr2pwly4c4s.cloudfront.net/1/5/f/2275040_1779981603_the-smile-of-her_1024.webp,https://www.skiddle.com/whats-on/London/Marylebone-Theatre-/The-Smile-Of-Her/42469891/,2026-07-18,2026-07-18T15:00:00+00:00,2026-07-18T17:00:00+00:00,"Christine Lahti stars in The Smile of Her, a funny, furious and deeply human autobiographical play about reclaiming yourself.","{'doorsopen': '15:00', 'doorsclose': '00:00', 'lastentry': '00:00'}",0,,0,0,False,"{'minPrice': 20, 'maxPrice': 20}",£9.50 - £81.50,public,https%3A%2F%2Fentertainment.skiddle.com%2Fbook%2F1J3PC-the-smile-of-her%2F,False,{'enabled': False},,GBP,[],[],[]
42375170,2255968,False,1HHVY,False,0,THEATRE,"Oh, Mary!",0,,,,,"{'id': 103989, 'name': 'Trafalgar Theatre', 'address': ' 14 Whitehall', 'town': 'London', 'postcode_lookup': 'London', 'postcode': 'SW1A 2DY', 'region': 'London', 'country': 'GB', 'phone': '', 'latitude': 51.506486, 'longitude': -0.127232, 'type': 'Theatre', 'rating': 0, 'reviewCount': 0, 'distance': 78.05105205853825}",https://d31fr2pwly4c4s.cloudfront.net/8/0/e/2255968_1776796160_oh-mary_th.jpg,https://d31fr2pwly4c4s.cloudfront.net/8/0/e/2255968_1776796160_oh-mary.jpg,https://d31fr2pwly4c4s.cloudfront.net/8/0/e/2255968_1776796160_oh-mary_1024.jpg,https://d31fr2pwly4c4s.cloudfront.net/8/0/e/2255968_1776796160_oh-mary_1024.webp,https://www.skiddle.com/whats-on/London/Trafalgar-Theatre/Oh-Mary/42375170/,2026-07-18,2026-07-18T15:30:00+00:00,2026-07-18T17:30:00+00:00,"Award-winning dark comedy Oh, Mary! stars Mason Alexander Park in a fast, wildly funny take on Mary Todd Lincoln.","{'doorsopen': '15:30', 'doorsclose': '00:00', 'lastentry': '00:00'}",0,,0,0,False,"{'minPrice': 20, 'maxPrice': 20}",£35.12 - £270.00,public,https%3A%2F%2Fentertainment.skiddle.com%2Fbook%2F1HHVY-oh-mary%2F,False,{'enabled': False},,GBP,[],[],[]
42395272,2257341,False,1HX9G,False,0,THEATRE,Laura Benanti - Nobody Cares,0,,,,,"{'id': 4916, 'name': 'The Soho Revue Bar', 'address': '11 - 12 Walkers Court', 'town': 'London', 'postcode_lookup': 'London', 'postcode': 'W1F 0ED', 'region': 'London', 'country': 'GB', 'phone': '02074394089', 'latitude': 51.51242899, 'longitude': -0.13414, 'type': 'Nightclub', 'rating': 0, 'reviewCount': 0, 'distance': 738.2313308925337}",https://d31fr2pwly4c4s.cloudfront.net/0/0/7/2257341_1776936217_laura-benanti--nobody-cares_th.jpg,https://d31fr2pwly4c4s.cloudfront.net/0/0/7/2257341_1776936217_laura-benanti--nobody-cares.jpg,https://d31fr2pwly4c4s.cloudfront.net/0/0/7/2257341_1776936217_laura-benanti--nobody-cares_1024.jpg,https://d31fr2pwly4c4s.cloudfront.net/0/0/7/2257341_1776936217_laura-benanti--nobody-cares_1024.webp,https://www.skiddle.com/whats-on/London/The-Soho-Revue-Bar/Laura-Benanti---Nobody-Cares/42395272/,2026-07-18,2026-07-18T17:00:00+00:00,2026-07-18T21:05:00+00:00,"Tony Award winner Laura Benanti's one-woman comedy show blends sharp storytelling and original songs in a heartfelt, hilarious take on life.","{'doorsopen': '17:00', 'doorsclose': '21:05', 'lastentry': '00:00'}",0,,0,0,False,"{'minPrice': 20, 'maxPrice': 20}",,public,https%3A%2F%2Fentertainment.skiddle.com%2Fbook%2F1HX9G-laura-benanti-nobody-cares%2F,False,{'enabled': False},,GBP,[],[],[]
42482445,2278793,False,0sYaq3EP4C,False,0,THEATRE,Sirens: The Concert Series,0,,,,,"{'id': 134956, 'name': 'The Emerald Theatre', 'address': '8 Victoria Embankment', 'town': 'London', 'postcode_lookup': 'London', 'postcode': 'WC2R 2AB', 'region': 'London', 'country': 'GB', 'phone': '', 'latitude': 51.509886, 'longitude': -0.1182697, 'type': 'Theatre', 'rating': 4, 'reviewCount': 18, 'distance': 745.9632621316904}",https://d31fr2pwly4c4s.cloudfront.net/6/8/8/2277254_75574251_sirens-the-concert-series_th.jpg,https://d31fr2pwly4c4s.cloudfront.net/6/8/8/2277254_75574251_sirens-the-concert-series.jpg,https://d31fr2pwly4c4s.cloudfront.net/6/8/8/2277254_75574251_sirens-the-concert-series_1024.jpg,https://d31fr2pwly4c4s.cloudfront.net/6/8/8/2277254_75574251_sirens-the-concert-series_1024.webp,https://www.skiddle.com/whats-on/London/The-Emerald-Theatre/Sirens-The-Concert-Series/42482445/,2026-07-18,2026-07-18T19:30:00+00:00,2026-07-18T21:00:00+00:00,"Five Women. One Sound. No apologies. A concert-theatre experience for everyone who has ever needed a night that was entirely, unapologetically theirs.","{'doorsopen': '19:30', 'doorsclose': '21:00', 'lastentry': '19:30'}",,,0,0,True,"{'minPrice': 20, 'maxPrice': 20}",,public,,False,{'enabled': False},,GBP,[],[],[]
42093345,2208372,False,1HN8U,False,0,THEATRE,The Gruffalo,0,,,,,"{'id': 40140, 'name': 'The Lyric Theatre', 'address': 'Shaftesbury Avenue, London W1D 7ES', 'town': 'London', 'postcode_lookup': 'London', 'postcode': 'W1D 7ES', 'region': 'London', 'country': 'GB', 'phone': '0844 412 4661', 'latitude': 51.5112376, 'longitude': -0.1339224, 'type': 'Theatre', 'rating': 0, 'reviewCount': 0, 'distance': 624.5173293483233}",https://d31fr2pwly4c4s.cloudfront.net/b/3/c/2208372_1771053225_the-gruffalo_th.jpg,https://d31fr2pwly4c4s.cloudfront.net/b/3/c/2208372_1771053225_the-gruffalo.jpg,https://d31fr2pwly4c4s.cloudfront.net/b/3/c/2208372_1771053225_the-gruffalo_1024.jpg,https://d31fr2pwly4c4s.cloudfront.net/b/3/c/2208372_1771053225_the-gruffalo_1024.webp,https://www.skiddle.com/whats-on/London/The-Lyric-Theatre/The-Gruffalo/42093345/,2026-07-19,2026-07-19T10:30:00+00:00,2026-07-19T12:30:00+00:00,"Tall Stories’ magical, musical adaptation of The Gruffalo returns for its 25th anniversary, with songs, laughs and mischievous fun.","{'doorsopen': '10:30', 'doorsclose': '00:00', 'lastentry': '00:00'}",0,,0,0,False,"{'minPrice': 20, 'maxPrice': 20}",£12.00 - £35.40,public,https%3A%2F%2Fentertainment.skiddle.com%2Fbook%2F1HN8U-the-gruffalo%2F,False,{'enabled': False},,GBP,[],[],[]
42400565,2258274,False,1G7HA,False,0,THEATRE,My Neighbour Totoro,0,,,,,"{'id': 103561, 'name': 'Gillian Lynne Theatre', 'address': '166 Drury Lane', 'town': 'London', 'postcode_lookup': 'London', 'postcode': 'WC2B 5PF', 'region': 'London', 'country': 'GB', 'phone': '', 'latitude': 51.51528, 'longitude': -0.12265, 'type': 'Theatre', 'rating': 0, 'reviewCount': 0, 'distance': 992.347103520854}",https://d31fr2pwly4c4s.cloudfront.net/b/5/a/2258274_1777006023_my-neighbour-totoro_th.jpg,https://d31fr2pwly4c4s.cloudfront.net/b/5/a/2258274_1777006023_my-neighbour-totoro.jpg,https://d31fr2pwly4c4s.cloudfront.net/b/5/a/2258274_1777006023_my-neighbour-totoro_1024.jpg,https://d31fr2pwly4c4s.cloudfront.net/b/5/a/2258274_1777006023_my-neighbour-totoro_1024.webp,https://www.skiddle.com/whats-on/London/Gillian-Lynne-Theatre/My-Neighbour-Totoro/42400565/,2026-07-19,2026-07-19T14:00:00+00:00,2026-07-19T16:40:00+00:00,"The record-breaking, award-winning My Neighbour Totoro returns in a five-star, six-Olivier-Award-winning West End staging.","{'doorsopen': '14:00', 'doorsclose': '16:40', 'lastentry': '00:00'}",0,,0,0,False,"{'minPrice': 20, 'maxPrice': 20}",£30.00 - £198.00,public,https%3A%2F%2Fentertainment.skiddle.com%2Fbook%2F1G7HA-my-neighbour-totoro%2F,False,{'enabled': False},,GBP,[],[],[]
42369813,2254055,False,1HW0J,False,0,THEATRE,Swan Lake,0,,,,,"{'id': 99230, 'name': 'Coliseum London ', 'address': 'London Coliseum, St. Martin&#39;s Lane', 'town': 'London', 'postcode_lookup': 'London', 'postcode': 'WC2N 4ES', 'region': 'London', 'country': 'GB', 'phone': '', 'latitude': 51.50993, 'longitude': -0.1263325, 'type': 'Theatre', 'rating': 0, 'reviewCount': 0, 'distance': 345.6343944135487}",https://d31fr2pwly4c4s.cloudfront.net/8/6/0/2254055_1776702869_swan-lake_th.jpg,https://d31fr2pwly4c4s.cloudfront.net/8/6/0/2254055_1776702869_swan-lake.jpg,https://d31fr2pwly4c4s.cloudfront.net/8/6/0/2254055_1776702869_swan-lake_1024.jpg,https://d31fr2pwly4c4s.cloudfront.net/8/6/0/2254055_1776702869_swan-lake_1024.webp,https://www.skiddle.com/whats-on/London/Coliseum-London-/Swan-Lake/42369813/,2026-07-19,2026-07-19T14:30:00+00:00,2026-07-19T16:30:00+00:00,"The State Ballet of Georgia brings Swan Lake to life in a lavish, acclaimed production of ballet’s greatest love story.","{'doorsopen': '14:30', 'doorsclose': '00:00', 'lastentry': '00:00'}",0,,0,0,False,"{'minPrice': 20, 'maxPrice': 20}",£37.50 - £151.50,public,https%3A%2F%2Fentertainment.skiddle.com%2Fbook%2F1HW0J-swan-lake%2F,False,{'enabled': False},,GBP,[],[],[]
42400554,2258263,False,1GTBN,False,0,THEATRE,Titanique,0,,,,,"{'id': 45964, 'name': 'Criterion Theatre', 'address': '2 Jermyn Street', 'town': 'London ', 'postcode_lookup': 'London', 'postcode': 'SW1Y 4XA', 'region': 'London', 'country': 'GB', 'phone': '020 7839 8811', 'latitude': 51.5096966, 'longitude': -0.1337116, 'type': 'Theatre', 'rating': 0, 'reviewCount': 0, 'distance': 496.1485918449154}",https://d31fr2pwly4c4s.cloudfront.net/c/a/c/2258263_1777006002_titanique_th.jpg,https://d31fr2pwly4c4s.cloudfront.net/c/a/c/2258263_1777006002_titanique.jpg,https://d31fr2pwly4c4s.cloudfront.net/c/a/c/2258263_1777006002_titanique_1024.jpg,https://d31fr2pwly4c4s.cloudfront.net/c/a/c/2258263_1777006002_titanique_1024.webp,https://www.skiddle.com/whats-on/London/Criterion-Theatre/Titanique/42400554/,2026-07-19,2026-07-19T14:30:00+00:00,2026-07-19T16:25:00+00:00,"Titanique is an award-winning, campy musical fantasia powered by Céline Dion’s hits, powerhouse voices and a full live band.","{'doorsopen': '14:30', 'doorsclose': '20:55', 'lastentry': '00:00'}",0,,0,0,False,"{'minPrice': 20, 'maxPrice': 20}",£28.50 - £160.50,public,https%3A%2F%2Fentertainment.skiddle.com%2Fbook%2F1GTBN-titanique%2F,False,{'enabled': False},,GBP,[],[],[]
42400544,2258253,False,1H4KN,False,0,THEATRE,Oliver!,0,,,,,"{'id': 60405, 'name': 'Gielgud Theatre', 'address': 'Shaftesbury Avenue, London', 'town': 'London', 'postcode_lookup': 'London', 'postcode': 'W1D 6AR', 'region': 'London', 'country': 'GB', 'phone': '0844 482 5130', 'latitude': 51.5120089, 'longitude': -0.1332279, 'type': 'other', 'rating': 4, 'reviewCount': 1, 'distance': 664.159857541524}",https://d31fr2pwly4c4s.cloudfront.net/0/9/1/2258253_1777005979_oliver_th.jpg,https://d31fr2pwly4c4s.cloudfront.net/0/9/1/2258253_1777005979_oliver.jpg,https://d31fr2pwly4c4s.cloudfront.net/0/9/1/2258253_1777005979_oliver_1024.jpg,https://d31fr2pwly4c4s.cloudfront.net/0/9/1/2258253_1777005979_oliver_1024.webp,https://www.skiddle.com/whats-on/London/Gielgud-Theatre/Oliver/42400544/,2026-07-19,2026-07-19T14:30:00+00:00,2026-07-19T16:30:00+00:00,Cameron Mackintosh’s new production of Lionel Bart’s iconic musical Oliver! follows a sold-out season at Chichester Festival Theatre.,"{'doorsopen': '14:30', 'doorsclose': '00:00', 'lastentry': '00:00'}",0,,0,0,False,"{'minPrice': 20, 'maxPrice': 20}",£24.00 - £240.00,public,https%3A%2F%2Fentertainment.skiddle.com%2Fbook%2F1H4KN-oliver%2F,False,{'enabled': False},,GBP,[],[],[]
42394936,2257177,False,1DR6R,False,0,THEATRE,Disney's The Lion King,0,,,,,"{'id': 74544, 'name': 'The Lyceum Theatre', 'address': '21 Wellington Street', 'town': 'London', 'postcode_lookup': 'London', 'postcode': 'WC2E 7RQ', 'region': 'London', 'country': 'GB', 'phone': '', 'latitude': 51.5117077, 'longitude': -0.119996, 'type': 'Theatre', 'rating': 0, 'reviewCount': 0, 'distance': 762.1349308586977}",https://d31fr2pwly4c4s.cloudfront.net/7/2/4/2257177_1776919764_disneys-the-lion-king_th.jpg,https://d31fr2pwly4c4s.cloudfront.net/7/2/4/2257177_1776919764_disneys-the-lion-king.jpg,https://d31fr2pwly4c4s.cloudfront.net/7/2/4/2257177_1776919764_disneys-the-lion-king_1024.jpg,https://d31fr2pwly4c4s.cloudfront.net/7/2/4/2257177_1776919764_disneys-the-lion-king_1024.webp,https://www.skiddle.com/whats-on/London/The-Lyceum-Theatre/Disneys-The-Lion-King/42394936/,2026-07-19,2026-07-19T14:30:00+00:00,2026-07-19T16:30:00+00:00,"Disney's The Lion King is a spectacular Julie Taymor stage production with glorious colours, stunning effects and enchanting music.","{'doorsopen': '14:30', 'doorsclose': '00:00', 'lastentry': '00:00'}",0,,0,0,False,"{'minPrice': 20, 'maxPrice': 20}",£42.00 - £300.00,public,https%3A%2F%2Fentertainment.skiddle.com%2Fbook%2F1DR6R-disney-s-the-lion-king%2F,False,{'enabled': False},,GBP,[],[],[]
42400551,2258260,False,1DU1L,False,0,THEATRE,Wicked,0,,,,,"{'id': 36264, 'name': 'Apollo Victoria Theater', 'address': '17 Wilton Road  City of Westminster', 'town': 'London', 'postcode_lookup': 'London', 'postcode': 'SW1V 1LG', 'region': 'London', 'country': 'GB', 'phone': '0203 318 3832', 'latitude': 51.4957746, 'longitude': -0.1426793, 'type': 'Theatre', 'rating': 0, 'reviewCount': 0, 'distance': 1609.4883118490623}",https://d31fr2pwly4c4s.cloudfront.net/a/f/c/2258260_1777005994_wicked_th.jpg,https://d31fr2pwly4c4s.cloudfront.net/a/f/c/2258260_1777005994_wicked.jpg,https://d31fr2pwly4c4s.cloudfront.net/a/f/c/2258260_1777005994_wicked_1024.jpg,https://d31fr2pwly4c4s.cloudfront.net/a/f/c/2258260_1777005994_wicked_1024.webp,https://www.skiddle.com/whats-on/London/Apollo-Victoria-Theater/Wicked/42400551/,2026-07-19,2026-07-19T14:30:00+00:00,2026-07-19T16:30:00+00:00,"WICKED is the multi award-winning musical sensation, revealing the untold story of the Wicked Witch of the West.","{'doorsopen': '14:30', 'doorsclose': '00:00', 'lastentry': '00:00'}",0,,0,0,False,"{'minPrice': 20, 'maxPrice': 20}",£30.00 - £295.20,public,https%3A%2F%2Fentertainment.skiddle.com%2Fbook%2F1DU1L-wicked%2F,False,{'enabled': False},,GBP,[],[],[]
42504633,2285359,False,1HUN0,False,0,THEATRE,The Hunger Games On Stage,0,,,,,"{'id': 140065, 'name': 'Troubadour Canary Wharf Theatre', 'address': '11 Water Street', 'town': 'London', 'postcode_lookup': 'London', 'postcode': 'E14 5GX', 'region': 'London', 'country': 'GB', 'phone': '', 'latitude': 51.493231, 'longitude': -0.004119, 'type': 'Theatre', 'rating': 0, 'reviewCount': 0, 'distance': 8710.696476382309}",https://d31fr2pwly4c4s.cloudfront.net/1/2/5/2285359_1781526576_the-hunger-games-on-stage_th.jpg,https://d31fr2pwly4c4s.cloudfront.net/1/2/5/2285359_1781526576_the-hunger-games-on-stage.jpg,https://d31fr2pwly4c4s.cloudfront.net/1/2/5/2285359_1781526576_the-hunger-games-on-stage_1024.jpg,https://d31fr2pwly4c4s.cloudfront.net/1/2/5/2285359_1781526576_the-hunger-games-on-stage_1024.webp,https://www.skiddle.com/whats-on/London/Troubadour-Canary-Wharf-Theatre/The-Hunger-Games-On-Stage/42504633/,2026-07-19,2026-07-19T14:30:00+00:00,2026-07-19T16:30:00+00:00,"Experience the first-ever theatre adaptation of The Hunger Games, brought to life by award-winning playwright Conor McPherson.","{'doorsopen': '14:30', 'doorsclose': '00:00', 'lastentry': '00:00'}",0,,0,0,False,"{'minPrice': 20, 'maxPrice': 20}",£27.60 - £207.60,public,https%3A%2F%2Fentertainment.skiddle.com%2Fbook%2F1HUN0-the-hunger-games-on-stage%2F,False,{'enabled': False},,GBP,[],[],[]
42260947,2228899,False,1HVUU,False,0,THEATRE,Dark Of The Moon,0,,,,,"{'id': 26352, 'name': 'Charing Cross Theatre', 'address': 'The Arches, Villiers Street', 'town': 'London', 'postcode_lookup': 'London', 'postcode': 'WC2N 6NL', 'region': 'London', 'country': 'GB', 'phone': '020 7907 7075', 'latitude': 51.5080868, 'longitude': -0.1241223, 'type': 'Theatre', 'rating': 0, 'reviewCount': 0, 'distance': 294.3225782997616}",https://d31fr2pwly4c4s.cloudfront.net/8/f/7/2228899_1773677838_dark-of-the-moon_th.jpg,https://d31fr2pwly4c4s.cloudfront.net/8/f/7/2228899_1773677838_dark-of-the-moon.jpg,https://d31fr2pwly4c4s.cloudfront.net/8/f/7/2228899_1773677838_dark-of-the-moon_1024.jpg,https://d31fr2pwly4c4s.cloudfront.net/8/f/7/2228899_1773677838_dark-of-the-moon_1024.webp,https://www.skiddle.com/whats-on/London/Charing-Cross-Theatre/Dark-Of-The-Moon/42260947/,2026-07-19,2026-07-19T15:00:00+00:00,2026-07-19T17:00:00+00:00,"Spellbinding new musical blending country/bluegrass and rock in a supernatural tale of love, witchcraft and small-town prejudice.","{'doorsopen': '15:00', 'doorsclose': '00:00', 'lastentry': '00:00'}",0,,0,0,False,"{'minPrice': 20, 'maxPrice': 20}",£25.00 - £85.00,public,https%3A%2F%2Fentertainment.skiddle.com%2Fbook%2F1HVUU-dark-of-the-moon%2F,False,{'enabled': False},,GBP,[],[],[]
42469649,2274798,False,1J3DU,False,0,THEATRE,Allegra,0,,,,,"{'id': 59999, 'name': 'Harold Pinter Theatre', 'address': 'Panton Street, London', 'town': 'London', 'postcode_lookup': 'London', 'postcode': 'SW1Y 4DN', 'region': 'London', 'country': 'GB', 'phone': '0844 871 7627', 'latitude': 51.509346, 'longitude': -0.131662, 'type': 'Theatre', 'rating': 0, 'reviewCount': 0, 'distance': 363.70464176427635}",https://d31fr2pwly4c4s.cloudfront.net/b/4/1/2274798_1779981553_allegra_th.jpg,https://d31fr2pwly4c4s.cloudfront.net/b/4/1/2274798_1779981553_allegra.jpg,https://d31fr2pwly4c4s.cloudfront.net/b/4/1/2274798_1779981553_allegra_1024.jpg,https://d31fr2pwly4c4s.cloudfront.net/b/4/1/2274798_1779981553_allegra_1024.webp,https://www.skiddle.com/whats-on/London/Harold-Pinter-Theatre/Allegra/42469649/,2026-07-19,2026-07-19T15:00:00+00:00,2026-07-19T17:00:00+00:00,"Best offer: Now £75.00 (Save 49%) Dame Maureen Lipman stars in Peter Quilter’s heart-warming comedy with music, a tender, hilarious and life-affirming story.","{'doorsopen': '15:00', 'doorsclose': '00:00', 'lastentry': '00:00'}",0,,0,0,False,"{'minPrice': 20, 'maxPrice': 20}",£20.00 - £148.00,public,https%3A%2F%2Fentertainment.skiddle.com%2Fbook%2F1J3DU-allegra%2F,False,{'enabled': False},,GBP,[],[],[]
42395273,2257342,False,1HX9G,False,0,THEATRE,Laura Benanti - Nobody Cares,0,,,,,"{'id': 4916, 'name': 'The Soho Revue Bar', 'address': '11 - 12 Walkers Court', 'town': 'London', 'postcode_lookup': 'London', 'postcode': 'W1F 0ED', 'region': 'London', 'country': 'GB', 'phone': '02074394089', 'latitude': 51.51242899, 'longitude': -0.13414, 'type': 'Nightclub', 'rating': 0, 'reviewCount': 0, 'distance': 738.2313308925337}",https://d31fr2pwly4c4s.cloudfront.net/e/5/a/2257342_1776936217_laura-benanti--nobody-cares_th.jpg,https://d31fr2pwly4c4s.cloudfront.net/e/5/a/2257342_1776936217_laura-benanti--nobody-cares.jpg,https://d31fr2pwly4c4s.cloudfront.net/e/5/a/2257342_1776936217_laura-benanti--nobody-cares_1024.jpg,https://d31fr2pwly4c4s.cloudfront.net/e/5/a/2257342_1776936217_laura-benanti--nobody-cares_1024.webp,https://www.skiddle.com/whats-on/London/The-Soho-Revue-Bar/Laura-Benanti---Nobody-Cares/42395273/,2026-07-19,2026-07-19T15:00:00+00:00,2026-07-19T16:05:00+00:00,"Tony Award winner Laura Benanti's one-woman comedy show blends sharp storytelling and original songs in a heartfelt, hilarious take on life.","{'doorsopen': '15:00', 'doorsclose': '16:05', 'lastentry': '00:00'}",0,,0,0,False,"{'minPrice': 20, 'maxPrice': 20}",,public,https%3A%2F%2Fentertainment.skiddle.com%2Fbook%2F1HX9G-laura-benanti-nobody-cares%2F,False,{'enabled': False},,GBP,[],[],[]
42400752,2258391,False,1FHDY,False,0,THEATRE,Stranger Things: The First Shadow,0,,,,,"{'id': 83481, 'name': 'Phoenix Theatre', 'address': '110 Charing Cross Road', 'town': 'London', 'postcode_lookup': 'London', 'postcode': 'WC2H 0JP', 'region': 'London', 'country': 'GB', 'phone': '', 'latitude': 51.5143773, 'longitude': -0.1294848, 'type': 'Theatre', 'rating': 0, 'reviewCount': 0, 'distance': 826.7255851741454}",https://d1plawd8huk6hh.cloudfront.net/assets/default400.png,https://d1plawd8huk6hh.cloudfront.net/assets/default400.png,https://d1plawd8huk6hh.cloudfront.net/assets/default400.png,False,https://www.skiddle.com/whats-on/London/Phoenix-Theatre/Stranger-Things-The-First-Shadow/42400752/,2026-07-19,2026-07-19T15:00:00+00:00,2026-07-19T17:00:00+00:00,"Stranger Things: The First Shadow is a gripping new adventure from a multi-award-winning team, taking the story back to the beginning.","{'doorsopen': '15:00', 'doorsclose': '00:00', 'lastentry': '00:00'}",0,,0,0,False,"{'minPrice': 20, 'maxPrice': 20}",£35.12 - £343.50,public,https%3A%2F%2Fentertainment.skiddle.com%2Fbook%2F1FHDY-stranger-things-the-first-shadow%2F,False,{'enabled': False},,GBP,[],[],[]
42469892,2275041,False,1J3PC,False,0,THEATRE,The Smile Of Her,0,,,,,"{'id': 112301, 'name': 'Marylebone Theatre ', 'address': '35 park road ', 'town': 'London', 'postcode_lookup': 'London', 'postcode': 'NW1 6XT', 'region': 'London', 'country': 'GB', 'phone': '', 'latitude': 51.517721, 'longitude': -0.160652, 'type': 'Theatre', 'rating': 0, 'reviewCount': 0, 'distance': 2554.772085097865}",https://d31fr2pwly4c4s.cloudfront.net/3/5/5/2275041_1779981603_the-smile-of-her_th.jpg,https://d31fr2pwly4c4s.cloudfront.net/3/5/5/2275041_1779981603_the-smile-of-her.jpg,https://d31fr2pwly4c4s.cloudfront.net/3/5/5/2275041_1779981603_the-smile-of-her_1024.jpg,https://d31fr2pwly4c4s.cloudfront.net/3/5/5/2275041_1779981603_the-smile-of-her_1024.webp,https://www.skiddle.com/whats-on/London/Marylebone-Theatre-/The-Smile-Of-Her/42469892/,2026-07-19,2026-07-19T15:00:00+00:00,2026-07-19T17:00:00+00:00,"Christine Lahti stars in The Smile of Her, a funny, furious and deeply human autobiographical play about reclaiming yourself.","{'doorsopen': '15:00', 'doorsclose': '00:00', 'lastentry': '00:00'}",0,,0,0,False,"{'minPrice': 20, 'maxPrice': 20}",£9.50 - £81.50,public,https%3A%2F%2Fentertainment.skiddle.com%2Fbook%2F1J3PC-the-smile-of-her%2F,False,{'enabled': False},,GBP,[],[],[]
42482446,2278794,False,0sYaq3EP4C,False,0,THEATRE,Sirens: The Concert Series,0,,,,,"{'id': 134956, 'name': 'The Emerald Theatre', 'address': '8 Victoria Embankment', 'town': 'London', 'postcode_lookup': 'London', 'postcode': 'WC2R 2AB', 'region': 'London', 'country': 'GB', 'phone': '', 'latitude': 51.509886, 'longitude': -0.1182697, 'type': 'Theatre', 'rating': 4, 'reviewCount': 18, 'distance': 745.9632621316904}",https://d31fr2pwly4c4s.cloudfront.net/f/3/d/2277254_75574251_sirens-the-concert-series_th.jpg,https://d31fr2pwly4c4s.cloudfront.net/f/3/d/2277254_75574251_sirens-the-concert-series.jpg,https://d31fr2pwly4c4s.cloudfront.net/f/3/d/2277254_75574251_sirens-the-concert-series_1024.jpg,https://d31fr2pwly4c4s.cloudfront.net/f/3/d/2277254_75574251_sirens-the-concert-series_1024.webp,https://www.skiddle.com/whats-on/London/The-Emerald-Theatre/Sirens-The-Concert-Series/42482446/,2026-07-19,2026-07-19T19:30:00+00:00,2026-07-19T21:00:00+00:00,"Five Women. One Sound. No apologies. A concert-theatre experience for everyone who has ever needed a night that was entirely, unapologetically theirs.","{'doorsopen': '19:30', 'doorsclose': '21:00', 'lastentry': '19:30'}",,,0,0,True,"{'minPrice': 20, 'maxPrice': 20}",,public,,False,{'enabled': False},,GBP,[],[],[]
41651508,2163804,False,1HN8U,False,0,THEATRE,The Gruffalo,0,,,,,"{'id': 40140, 'name': 'The Lyric Theatre', 'address': 'Shaftesbury Avenue, London W1D 7ES', 'town': 'London', 'postcode_lookup': 'London', 'postcode': 'W1D 7ES', 'region': 'London', 'country': 'GB', 'phone': '0844 412 4661', 'latitude': 51.5112376, 'longitude': -0.1339224, 'type': 'Theatre', 'rating': 0, 'reviewCount': 0, 'distance': 624.5173293483233}",https://d31fr2pwly4c4s.cloudfront.net/7/c/8/2163804_1765181535_the-gruffalo_th.jpg,https://d31fr2pwly4c4s.cloudfront.net/7/c/8/2163804_1765181535_the-gruffalo.jpg,https://d31fr2pwly4c4s.cloudfront.net/7/c/8/2163804_1765181535_the-gruffalo_1024.jpg,https://d31fr2pwly4c4s.cloudfront.net/7/c/8/2163804_1765181535_the-gruffalo_1024.webp,https://www.skiddle.com/whats-on/London/The-Lyric-Theatre/The-Gruffalo/41651508/,2026-07-20,2026-07-20T11:00:00+00:00,2026-07-20T13:00:00+00:00,"Tall Stories’ magical, musical adaptation of The Gruffalo returns for its 25th anniversary, with songs, laughs and mischievous fun.","{'doorsopen': '11:00', 'doorsclose': '00:00', 'lastentry': '00:00'}",0,,0,0,False,"{'minPrice': 20, 'maxPrice': 20}",£12.00 - £35.40,public,https%3A%2F%2Fentertainment.skiddle.com%2Fbook%2F1HN8U-the-gruffalo%2F,False,{'enabled': False},,GBP,[],[],[]
42400543,2258252,False,1H2AJ,False,0,THEATRE,The Producers,0,,,,,"{'id': 25670, 'name': 'The Garrick Theatre', 'address': '2 Charing Cross Road', 'town': 'London', 'postcode_lookup': 'London', 'postcode': 'WC2H 0HH', 'region': 'London', 'country': 'GB', 'phone': '0844 482 967', 'latitude': 51.5099441, 'longitude': -0.1278073, 'type': 'Theatre', 'rating': 0, 'reviewCount': 0, 'distance': 327.63752840732576}",https://d31fr2pwly4c4s.cloudfront.net/7/a/2/2258252_1777005977_the-producers_th.jpg,https://d31fr2pwly4c4s.cloudfront.net/7/a/2/2258252_1777005977_the-producers.jpg,https://d31fr2pwly4c4s.cloudfront.net/7/a/2/2258252_1777005977_the-producers_1024.jpg,https://d31fr2pwly4c4s.cloudfront.net/7/a/2/2258252_1777005977_the-producers_1024.webp,https://www.skiddle.com/whats-on/London/The-Garrick-Theatre/The-Producers/42400543/,2026-07-20,2026-07-20T19:00:00+00:00,2026-07-20T21:00:00+00:00,"Mel Brooks’ The Producers transfers to the West End after a sold-out Menier run, backed by a record twelve Tony Award-winning pedigree.","{'doorsopen': '19:00', 'doorsclose': '00:00', 'lastentry': '00:00'}",0,,0,0,False,"{'minPrice': 20, 'maxPrice': 20}",£30.00 - £150.00,public,https%3A%2F%2Fentertainment.skiddle.com%2Fbook%2F1H2AJ-the-producers%2F,False,{'enabled': False},,GBP,[],[],[]
42504257,2284983,False,1J214,False,0,THEATRE,Arcadia,0,,,,,"{'id': 60029, 'name': ""Duke Of York's Theatre"", 'address': ""St Martin's Lane, London"", 'town': 'London', 'postcode_lookup': 'London', 'postcode': 'WC2N 4BG', 'region': 'London', 'country': 'GB', 'phone': '0844 871 3051', 'latitude': 51.5101643, 'longitude': -0.1275101, 'type': 'other', 'rating': 0, 'reviewCount': 0, 'distance': 353.48008599263017}",https://d31fr2pwly4c4s.cloudfront.net/a/4/1/2284983_1781526484_arcadia_th.jpg,https://d31fr2pwly4c4s.cloudfront.net/a/4/1/2284983_1781526484_arcadia.jpg,https://d31fr2pwly4c4s.cloudfront.net/a/4/1/2284983_1781526484_arcadia_1024.jpg,https://d31fr2pwly4c4s.cloudfront.net/a/4/1/2284983_1781526484_arcadia_1024.webp,https://www.skiddle.com/whats-on/London/Duke-Of-York%27s-Theatre/Arcadia/42504257/,2026-07-20,2026-07-20T19:00:00+00:00,2026-07-20T21:00:00+00:00,"Arcadia transfers to the West End in Carrie Cracknell’s critically acclaimed, witty and deeply moving production.","{'doorsopen': '19:00', 'doorsclose': '00:00', 'lastentry': '00:00'}",0,,0,0,False,"{'minPrice': 20, 'maxPrice': 20}",£24.00 - £186.00,public,https%3A%2F%2Fentertainment.skiddle.com%2Fbook%2F1J214-arcadia%2F,False,{'enabled': False},,GBP,[],[],[]
42261446,2229398,False,1HV64,False,0,THEATRE,To Kill A Mockingbird,0,,,,,"{'id': 130649, 'name': 'Wyndhams Theatre', 'address': '32 Charing Cross', 'town': 'London', 'postcode_lookup': 'London', 'postcode': 'WC2H 0DA', 'region': 'London', 'country': 'GB', 'phone': '', 'latitude': 51.5111248, 'longitude': -0.1282324, 'type': 'Theatre', 'rating': 0, 'reviewCount': 0, 'distance': 458.9381039999993}",https://d31fr2pwly4c4s.cloudfront.net/d/3/c/2229398_1773677869_to-kill-a-mockingbird_th.jpg,https://d31fr2pwly4c4s.cloudfront.net/d/3/c/2229398_1773677869_to-kill-a-mockingbird.jpg,https://d31fr2pwly4c4s.cloudfront.net/d/3/c/2229398_1773677869_to-kill-a-mockingbird_1024.jpg,https://d31fr2pwly4c4s.cloudfront.net/d/3/c/2229398_1773677869_to-kill-a-mockingbird_1024.webp,https://www.skiddle.com/whats-on/London/Wyndhams-Theatre/To-Kill-A-Mockingbird/42261446/,2026-07-20,2026-07-20T19:00:00+00:00,2026-07-20T21:00:00+00:00,Aaron Sorkin’s award-winning To Kill a Mockingbird returns in a powerful West End production with Richard Coyle.,"{'doorsopen': '19:00', 'doorsclose': '00:00', 'lastentry': '00:00'}",0,,0,0,False,"{'minPrice': 20, 'maxPrice': 20}",£24.00 - £210.00,public,https%3A%2F%2Fentertainment.skiddle.com%2Fbook%2F1HV64-to-kill-a-mockingbird%2F,False,{'enabled': False},,GBP,[],[],[]
42512021,2287838,False,1HHVY,False,0,THEATRE,"Oh, Mary!",0,,,,,"{'id': 103989, 'name': 'Trafalgar Theatre', 'address': ' 14 Whitehall', 'town': 'London', 'postcode_lookup': 'London', 'postcode': 'SW1A 2DY', 'region': 'London', 'country': 'GB', 'phone': '', 'latitude': 51.506486, 'longitude': -0.127232, 'type': 'Theatre', 'rating': 0, 'reviewCount': 0, 'distance': 78.05105205853825}",https://d31fr2pwly4c4s.cloudfront.net/0/8/c/2287838_1781758060_oh-mary_th.jpg,https://d31fr2pwly4c4s.cloudfront.net/0/8/c/2287838_1781758060_oh-mary.jpg,https://d31fr2pwly4c4s.cloudfront.net/0/8/c/2287838_1781758060_oh-mary_1024.jpg,https://d31fr2pwly4c4s.cloudfront.net/0/8/c/2287838_1781758060_oh-mary_1024.webp,https://www.skiddle.com/whats-on/London/Trafalgar-Theatre/Oh-Mary/42512021/,2026-07-20,2026-07-20T19:30:00+00:00,2026-07-20T21:30:00+00:00,"Award-winning dark comedy Oh, Mary! stars Mason Alexander Park in a fast, wildly funny take on Mary Todd Lincoln.","{'doorsopen': '19:30', 'doorsclose': '00:00', 'lastentry': '00:00'}",0,,0,0,False,"{'minPrice': 20, 'maxPrice': 20}",£35.12 - £270.00,public,https%3A%2F%2Fentertainment.skiddle.com%2Fbook%2F1HHVY-oh-mary%2F,False,{'enabled': False},,GBP,[],[],[]
42400555,2258264,False,1H9ZU,False,0,THEATRE,Cabaret,0,,,,,"{'id': 60790, 'name': 'The Playhouse', 'address': 'Northumberland Avenue, London', 'town': 'London', 'postcode_lookup': 'London', 'postcode': 'WC2N 5DE', 'region': 'London', 'country': 'GB', 'phone': '0844 871 7627', 'latitude': 51.507219, 'longitude': -0.126668, 'type': 'Nightclub', 'rating': 0, 'reviewCount': 0, 'distance': 95.34410915170115}",https://d31fr2pwly4c4s.cloudfront.net/c/8/6/2258264_1777006004_cabaret_th.jpg,https://d31fr2pwly4c4s.cloudfront.net/c/8/6/2258264_1777006004_cabaret.jpg,https://d31fr2pwly4c4s.cloudfront.net/c/8/6/2258264_1777006004_cabaret_1024.jpg,https://d31fr2pwly4c4s.cloudfront.net/c/8/6/2258264_1777006004_cabaret_1024.webp,https://www.skiddle.com/whats-on/London/The-Playhouse/Cabaret/42400555/,2026-07-20,2026-07-20T19:30:00+00:00,2026-07-20T21:30:00+00:00,"Record-breaking seven Olivier Award-winning CABARET is an intimate, electrifying revival packed with iconic songs.","{'doorsopen': '19:30', 'doorsclose': '00:00', 'lastentry': '00:00'}",0,,0,0,False,"{'minPrice': 20, 'maxPrice': 20}",£40.98 - £307.50,public,https%3A%2F%2Fentertainment.skiddle.com%2Fbook%2F1H9ZU-cabaret%2F,False,{'enabled': False},,GBP,[],[],[]
42369599,2253841,False,1HWME,False,0,THEATRE,Trainspotting - The Musical,0,,,,,"{'id': 60755, 'name': 'Theatre Royal Haymarket', 'address': '18 Suffolk Street, London', 'town': 'London', 'postcode_lookup': 'London', 'postcode': 'SW1Y 4HT', 'region': 'London', 'country': 'GB', 'phone': '020 7930 8890', 'latitude': 51.50831, 'longitude': -0.130625, 'type': 'Nightclub', 'rating': 0, 'reviewCount': 0, 'distance': 232.85838835483398}",https://d31fr2pwly4c4s.cloudfront.net/d/1/4/2253841_1776702860_trainspotting--the-musical_th.jpg,https://d31fr2pwly4c4s.cloudfront.net/d/1/4/2253841_1776702860_trainspotting--the-musical.jpg,https://d31fr2pwly4c4s.cloudfront.net/d/1/4/2253841_1776702860_trainspotting--the-musical_1024.jpg,https://d31fr2pwly4c4s.cloudfront.net/d/1/4/2253841_1776702860_trainspotting--the-musical_1024.webp,https://www.skiddle.com/whats-on/London/Theatre-Royal-Haymarket/Trainspotting---The-Musical/42369599/,2026-07-20,2026-07-20T19:30:00+00:00,2026-07-20T21:30:00+00:00,"Thirty years on from the film that changed everything, Trainspotting: The Musical brings electrifying tracks, original songs and live, loud defiance.","{'doorsopen': '19:30', 'doorsclose': '00:00', 'lastentry': '00:00'}",0,,0,0,False,"{'minPrice': 20, 'maxPrice': 20}",£15.00 - £175.80,public,https%3A%2F%2Fentertainment.skiddle.com%2Fbook%2F1HWME-trainspotting-the-musical%2F,False,{'enabled': False},,GBP,[],[],[]
42400579,2258288,False,1FU7R,False,0,THEATRE,The Phantom Of The Opera,0,,,,,"{'id': 116916, 'name': 'His Majestys Theatre', 'address': 'Haymarket', 'town': 'London', 'postcode_lookup': 'London', 'postcode': 'SW1Y 4QL', 'region': 'London', 'country': 'GB', 'phone': '', 'latitude': 51.508123, 'longitude': -0.1320321, 'type': 'Theatre', 'rating': 0, 'reviewCount': 0, 'distance': 305.72524768900695}",https://d31fr2pwly4c4s.cloudfront.net/a/0/e/2258288_1777006057_the-phantom-of-the-opera_th.jpg,https://d31fr2pwly4c4s.cloudfront.net/a/0/e/2258288_1777006057_the-phantom-of-the-opera.jpg,https://d31fr2pwly4c4s.cloudfront.net/a/0/e/2258288_1777006057_the-phantom-of-the-opera_1024.jpg,https://d31fr2pwly4c4s.cloudfront.net/a/0/e/2258288_1777006057_the-phantom-of-the-opera_1024.webp,https://www.skiddle.com/whats-on/London/His-Majestys-Theatre/The-Phantom-Of-The-Opera/42400579/,2026-07-20,2026-07-20T19:30:00+00:00,2026-07-20T22:00:00+00:00,"Andrew Lloyd Webber’s mesmerising score, jaw-dropping scenery and breathtaking special effects bring this tragic love story to life.","{'doorsopen': '19:30', 'doorsclose': '22:00', 'lastentry': '00:00'}",0,,0,0,False,"{'minPrice': 20, 'maxPrice': 20}",£30.00 - £270.00,public,https%3A%2F%2Fentertainment.skiddle.com%2Fbook%2F1FU7R-the-phantom-of-the-opera%2F,False,{'enabled': False},,GBP,[],[],[]
42400987,2258540,False,1GZHW,False,0,THEATRE,The Book Of Mormon,0,,,,,"{'id': 13875, 'name': 'Prince Of Wales Theatre', 'address': 'Coventry Street', 'town': 'London', 'postcode_lookup': 'London', 'postcode': 'W1D 6AS', 'region': 'London', 'country': 'GB', 'phone': ' 0344 482 515', 'latitude': 51.510243, 'longitude': -0.132095, 'type': 'Theatre', 'rating': 4, 'reviewCount': 4, 'distance': 458.642514925465}",https://d1plawd8huk6hh.cloudfront.net/assets/default400.png,https://d1plawd8huk6hh.cloudfront.net/assets/default400.png,https://d1plawd8huk6hh.cloudfront.net/assets/default400.png,False,https://www.skiddle.com/whats-on/London/Prince-Of-Wales-Theatre/The-Book-Of-Mormon/42400987/,2026-07-20,2026-07-20T19:30:00+00:00,2026-07-20T21:30:00+00:00,"Smash-hit musical The Book of Mormon, winner of four Olivier Awards, is a hilarious, unexpectedly endearing West End favourite.","{'doorsopen': '19:30', 'doorsclose': '00:00', 'lastentry': '00:00'}",0,,0,0,False,"{'minPrice': 20, 'maxPrice': 20}",£24.00 - £210.00,public,https%3A%2F%2Fentertainment.skiddle.com%2Fbook%2F1GZHW-the-book-of-mormon%2F,False,{'enabled': False},,GBP,[],[],[]
