id,listingid,isSBT,uniquelistingidentifier,hascollapsedresults,countcollapsedresults,EventCode,eventname,cancelled,cancellationDate,cancellationType,cancellationReason,rescheduledDate,venue,imageurl,largeimageurl,xlargeimageurl,xlargeimageurlWebP,link,date,startdate,enddate,description,openingtimes,minage,imgoing,goingtos,goingtocount,tickets,ticketpricing,entryprice,eventvisibility,ticketUrl,hotSeller,rep,headerHex,currency,artists,genres,healthAndSafety
41747375,2170296,False,2170296,False,0,LIVE,The Humdrum Express (Full Band Show),0,,,,,"{'id': 133265, 'name': 'Rock N Roll Brewhouse Birmingham', 'address': '19 Hall Street, Birmingham', 'town': 'BIRMINGHAM', 'postcode_lookup': 'Birmingham', 'postcode': 'B18 6BB', 'region': 'Birmingham', 'country': 'GB', 'phone': '', 'latitude': 52.4879337, 'longitude': -1.9089077, 'type': 'bar', 'rating': 0, 'reviewCount': 0, 'distance': 7748.053936603505}",https://d31fr2pwly4c4s.cloudfront.net/f/1/4/2170296_35f80ef4_the-humdrum-express-full-band-show-_th.jpg,https://d31fr2pwly4c4s.cloudfront.net/f/1/4/2170296_35f80ef4_the-humdrum-express-full-band-show-.jpg,https://d31fr2pwly4c4s.cloudfront.net/f/1/4/2170296_35f80ef4_the-humdrum-express-full-band-show-_1024.jpg,https://d31fr2pwly4c4s.cloudfront.net/f/1/4/2170296_35f80ef4_the-humdrum-express-full-band-show-_1024.webp,https://www.skiddle.com/whats-on/Birmingham/Rock-N-Roll-Brewhouse-Birmingham/The-Humdrum-Express-Full-Band-Show/41747375/,2026-02-12,2026-02-12T19:00:00+00:00,2026-12-15T22:30:00+00:00,"After the triumphant release of their album 'Rastrophiliopustrocity Pomposity', The Humdrum Express play a rare full-band show in Brum.","{'doorsopen': '19:00', 'doorsclose': '22:30', 'lastentry': '20:00'}",18,,0,23,True,"{'minPrice': 0, 'maxPrice': 0}",,public,,False,{'enabled': False},#080808,GBP,[],"[{'genreid': '26', 'name': 'Indie'}, {'genreid': '46', 'name': 'Alternative'}]",[]
42262348,2229788,False,2229788,False,0,LIVE,The Sugar Hill Gang,0,,,,,"{'id': 38008, 'name': 'The Jam House', 'address': ""3-5 St. Paul's square"", 'town': 'Birmingham ', 'postcode_lookup': 'Birmingham', 'postcode': 'B3 1QU', 'region': 'Birmingham', 'country': 'GB', 'phone': '0121 200 3030', 'latitude': 52.485231, 'longitude': -1.904536, 'type': 'live', 'rating': 4, 'reviewCount': 81, 'distance': 8102.218714239657}",https://d31fr2pwly4c4s.cloudfront.net/4/1/4/2229788_81659e7f_the-sugar-hill-gang_th.jpg,https://d31fr2pwly4c4s.cloudfront.net/4/1/4/2229788_81659e7f_the-sugar-hill-gang.jpg,https://d31fr2pwly4c4s.cloudfront.net/4/1/4/2229788_81659e7f_the-sugar-hill-gang_1024.jpg,https://d31fr2pwly4c4s.cloudfront.net/4/1/4/2229788_81659e7f_the-sugar-hill-gang_1024.webp,https://www.skiddle.com/whats-on/Birmingham/The-Jam-House/The-Sugar-Hill-Gang/42262348/,2026-07-15,2026-07-15T18:00:00+00:00,2026-07-15T23:45:00+00:00,"Hip-Hop legends behind ""Rappers Delight""","{'doorsopen': '18:00', 'doorsclose': '23:45', 'lastentry': '20:45'}",18,,0,12,True,"{'minPrice': 30, 'maxPrice': 30}",,public,,False,{'enabled': False},#080808,GBP,"[{'artistid': '123549776', 'name': 'The Sugarhill Gang', 'image': 'https://d1mdxzfl9p8pzo.cloudfront.net/6/123549776_1_1024.jpg', 'spotifyartisturl': 'spotify:artist:7zliF6Q946WznVk3ZMYhZX'}]","[{'genreid': '36', 'name': 'Rap'}, {'genreid': '39', 'name': 'Hip Hop'}]",[]
42469356,2274629,False,2274629,False,0,LIVE,The In Crowd Songwriters night,1,2026-07-12 21:40:07,rescheduled,"Due to England World cup Semi-Final, The In Crowd will take place on week later on 22nd July",2026-07-22,"{'id': 135873, 'name': 'Crown Joules Codsall', 'address': '1 Wood Road', 'town': 'Wolverhampton', 'postcode_lookup': 'Wolverhampton', 'postcode': 'WV8 1DB', 'region': 'West Midlands', 'country': 'GB', 'phone': '', 'latitude': 52.6306974, 'longitude': -2.201296, 'type': 'Gallery', 'rating': 4, 'reviewCount': 26, 'distance': 18796.013213911196}",https://d31fr2pwly4c4s.cloudfront.net/8/9/3/2274629_dfba7d13_the-in-crowd-songwriters-night_th.jpg,https://d31fr2pwly4c4s.cloudfront.net/8/9/3/2274629_dfba7d13_the-in-crowd-songwriters-night.jpg,https://d31fr2pwly4c4s.cloudfront.net/8/9/3/2274629_dfba7d13_the-in-crowd-songwriters-night_1024.jpg,https://d31fr2pwly4c4s.cloudfront.net/8/9/3/2274629_dfba7d13_the-in-crowd-songwriters-night_1024.webp,https://www.skiddle.com/whats-on/Wolverhampton/Crown-Joules-Codsall/The-In-Crowd-Songwriters-night/42469356/,2026-07-15,2026-07-15T19:00:00+00:00,2026-07-15T22:00:00+00:00,The In Crowd - a night where the spotlight shines on the song. Experience an intimate evening of storytelling and original country music.,"{'doorsopen': '19:00', 'doorsclose': '22:00', 'lastentry': '19:30'}",14,,0,14,False,"{'minPrice': 10, 'maxPrice': 10}",,public,,False,{'enabled': False},#080808,GBP,"[{'artistid': '123581601', 'name': 'Rhiannon Paige', 'image': 'https://d1mdxzfl9p8pzo.cloudfront.net/1/123581601_1_1024.jpg', 'spotifyartisturl': 'spotify:artist:2FtYDjtpjwhnq39Wog6N6e'}, {'artistid': '123610178', 'name': 'Ryan evans', 'image': 'https://d1mdxzfl9p8pzo.cloudfront.net/8/123610178_ef1d906b_1024.jpg', 'spotifyartisturl': 'spotify:artist:3Bh8jiUJxPdka2UlApwFJa'}]","[{'genreid': '42', 'name': 'Acoustic'}, {'genreid': '71', 'name': 'Country/Americana'}]",[]
42542866,2294660,False,2294660,False,0,LIVE,Noah Stoneman Trio - Upstairs at Cherry Reds,0,,,,,"{'id': 57072, 'name': 'Cherry Reds Birmingham City Centre', 'address': '88-90 John Bright Street', 'town': 'Birmingham', 'postcode_lookup': 'Birmingham', 'postcode': 'B1 1BN', 'region': 'Birmingham', 'country': 'GB', 'phone': '0121 643 5716', 'latitude': 52.4765588, 'longitude': -1.9009001, 'type': 'bar', 'rating': 4, 'reviewCount': 74, 'distance': 8609.724032100203}",https://d31fr2pwly4c4s.cloudfront.net/0/9/2/2294660_db7bf386_noah-stoneman-trio-upstairs-at-cherry-reds_th.jpg,https://d31fr2pwly4c4s.cloudfront.net/0/9/2/2294660_db7bf386_noah-stoneman-trio-upstairs-at-cherry-reds.jpg,https://d31fr2pwly4c4s.cloudfront.net/0/9/2/2294660_db7bf386_noah-stoneman-trio-upstairs-at-cherry-reds_1024.jpg,https://d31fr2pwly4c4s.cloudfront.net/0/9/2/2294660_db7bf386_noah-stoneman-trio-upstairs-at-cherry-reds_1024.webp,https://www.skiddle.com/whats-on/Birmingham/Cherry-Reds-Birmingham-City-Centre/Noah-Stoneman-Trio---Upstairs-at-Cherry-Reds/42542866/,2026-07-15,2026-07-15T19:30:00+00:00,2026-07-15T22:00:00+00:00,"Noah Stoneman brings his world-class trio, featuring Freddie Jensen and Jacob Patrone, for an evening of new music at Cherry Reds!","{'doorsopen': '19:30', 'doorsclose': '22:00', 'lastentry': '20:00'}",,,0,10,True,"{'minPrice': 5, 'maxPrice': 7}",,public,,False,{'enabled': False},#080808,GBP,[],"[{'genreid': '25', 'name': 'Jazz'}]",[]
42486663,2280549,False,2280549,False,0,LIVE,D4YS B4 44: The Show,0,,,,,"{'id': 11059, 'name': 'The Victoria', 'address': '48 John Bright Street,', 'town': 'Birmingham', 'postcode_lookup': 'Birmingham', 'postcode': 'B1 1BN', 'region': 'Birmingham', 'country': 'GB', 'phone': '0121 633 9439', 'latitude': 52.475999, 'longitude': -1.900695, 'type': 'bar', 'rating': 4, 'reviewCount': 87, 'distance': 8643.511408538057}",https://d31fr2pwly4c4s.cloudfront.net/3/f/d/2280549_655a6270_d4ys-b4-44-the-show_th.jpg,https://d31fr2pwly4c4s.cloudfront.net/3/f/d/2280549_655a6270_d4ys-b4-44-the-show.jpg,https://d31fr2pwly4c4s.cloudfront.net/3/f/d/2280549_655a6270_d4ys-b4-44-the-show_1024.jpg,https://d31fr2pwly4c4s.cloudfront.net/3/f/d/2280549_655a6270_d4ys-b4-44-the-show_1024.webp,https://www.skiddle.com/whats-on/Birmingham/The-Victoria/D4YS-B4-44-The-Show/42486663/,2026-07-15,2026-07-15T20:00:00+00:00,2026-07-15T23:00:00+00:00,Mayday's Debut Solo show,"{'doorsopen': '20:00', 'doorsclose': '23:00', 'lastentry': ''}",,,0,28,True,"{'minPrice': 4.44, 'maxPrice': 4.44}",,public,,False,{'enabled': False},#f8f8f8,GBP,[],"[{'genreid': '70', 'name': 'Grime'}]",[]
42427141,2264836,False,2264836,False,0,LIVE,Ricky Cool & In-Crowd World Cup Escape Party @ The Blue Piano,0,,,,,"{'id': 105699, 'name': 'The Blue Piano', 'address': '24-26 Harborne Road', 'town': 'Birmingham', 'postcode_lookup': 'Birmingham', 'postcode': 'B15 3AA', 'region': 'Birmingham', 'country': 'GB', 'phone': '', 'latitude': 52.4708267, 'longitude': -1.9222384, 'type': 'live', 'rating': 4, 'reviewCount': 246, 'distance': 7532.341067481073}",https://d31fr2pwly4c4s.cloudfront.net/7/0/a/2264836_97048888_Ricky-Cool---In-Crowd-World-Cup-Escape-Party---The-Blue-Piano_th.jpg,https://d31fr2pwly4c4s.cloudfront.net/7/0/a/2264836_97048888_Ricky-Cool---In-Crowd-World-Cup-Escape-Party---The-Blue-Piano.jpg,https://d31fr2pwly4c4s.cloudfront.net/7/0/a/2264836_97048888_Ricky-Cool---In-Crowd-World-Cup-Escape-Party---The-Blue-Piano_1024.jpg,https://d31fr2pwly4c4s.cloudfront.net/7/0/a/2264836_97048888_Ricky-Cool---In-Crowd-World-Cup-Escape-Party---The-Blue-Piano_1024.webp,https://www.skiddle.com/whats-on/Birmingham/The-Blue-Piano/Ricky-Cool--In-Crowd-World-Cup-Escape-Party--The-Blue-Piano/42427141/,2026-07-16,2026-07-16T17:00:00+00:00,2026-07-16T22:30:00+00:00,"Ricky Cool and the In Crowd World Cup Escape Party
Doors 5.00pm
Music kicks off 7.30pm","{'doorsopen': '17:00', 'doorsclose': '22:30', 'lastentry': '19:30'}",,,0,23,True,"{'minPrice': 8, 'maxPrice': 10}",,public,,False,{'enabled': False},#485858,GBP,[],[],[]
42414179,2261660,False,2261660,False,0,LIVE,DFIU Events Birmingham Presents: The C*ntressas Tour,0,,,,,"{'id': 60457, 'name': 'The Village Inn', 'address': '152 Hurst Street, Birmingham', 'town': 'Birmingham', 'postcode_lookup': 'Birmingham', 'postcode': 'B5 6RY', 'region': 'Birmingham', 'country': 'GB', 'phone': '0121 622 4742', 'latitude': 52.4723546, 'longitude': -1.8941671, 'type': 'other', 'rating': 5, 'reviewCount': 1, 'distance': 9198.904842790047}",https://d31fr2pwly4c4s.cloudfront.net/c/8/8/2261660_4fdcd839_dfiu-events-birmingham-presents-the-c-ntressas-tour_th.jpg,https://d31fr2pwly4c4s.cloudfront.net/c/8/8/2261660_4fdcd839_dfiu-events-birmingham-presents-the-c-ntressas-tour.jpg,https://d31fr2pwly4c4s.cloudfront.net/c/8/8/2261660_4fdcd839_dfiu-events-birmingham-presents-the-c-ntressas-tour_1024.jpg,https://d31fr2pwly4c4s.cloudfront.net/c/8/8/2261660_4fdcd839_dfiu-events-birmingham-presents-the-c-ntressas-tour_1024.webp,https://www.skiddle.com/whats-on/Birmingham/The-Village-Inn/DFIU-Events-Birmingham-Presents-The-Cntressas-Tour/42414179/,2026-07-16,2026-07-16T18:00:00+00:00,2026-07-16T23:00:00+00:00,"Winner of Drag Race UK vs The World Season 3 Gawdland is hitting stages across the UK and Ireland alongside Mariah, Sminty and Zahirah","{'doorsopen': '18:00', 'doorsclose': '23:00', 'lastentry': ''}",18,,0,0,True,"{'minPrice': 20, 'maxPrice': 30}",,public,,False,{'enabled': False},#080808,GBP,[],[],[]
42472061,2275887,False,2275887,False,0,LIVE,ACUA - Psych Pop from Cologne,0,,,,,"{'id': 121518, 'name': 'The Victoria Birmingham', 'address': '48 John Bright Street', 'town': 'Birmingham', 'postcode_lookup': 'Birmingham', 'postcode': 'B1 1BN', 'region': 'Birmingham', 'country': 'GB', 'phone': '0121 633 9439', 'latitude': 52.4760813, 'longitude': -1.9007447, 'type': 'live', 'rating': 4, 'reviewCount': 85, 'distance': 8637.274485188855}",https://d31fr2pwly4c4s.cloudfront.net/b/3/6/2275887_504ac0cf_acua-psych-pop-from-cologne_th.jpg,https://d31fr2pwly4c4s.cloudfront.net/b/3/6/2275887_504ac0cf_acua-psych-pop-from-cologne.jpg,https://d31fr2pwly4c4s.cloudfront.net/b/3/6/2275887_504ac0cf_acua-psych-pop-from-cologne_1024.jpg,https://d31fr2pwly4c4s.cloudfront.net/b/3/6/2275887_504ac0cf_acua-psych-pop-from-cologne_1024.webp,https://www.skiddle.com/whats-on/Birmingham/The-Victoria-Birmingham/ACUA---Psych-Pop-from-Cologne/42472061/,2026-07-16,2026-07-16T19:30:00+00:00,2026-07-16T23:00:00+00:00,"ACUA headline The Victoria, Birmingham, on Thursday, 16th July!","{'doorsopen': '19:30', 'doorsclose': '23:00', 'lastentry': ''}",18,,0,0,True,"{'minPrice': 12, 'maxPrice': 12}",,public,,False,{'enabled': False},#d8c8c8,GBP,[],"[{'genreid': '20', 'name': 'Pop'}, {'genreid': '26', 'name': 'Indie'}, {'genreid': '98', 'name': 'Indie Pop'}]",[]
42486605,2280502,False,2280502,False,0,LIVE,Lex Alex,0,,,,,"{'id': 2058, 'name': 'The Sunflower Lounge', 'address': '76 Smallbrook Queensway', 'town': 'Birmingham', 'postcode_lookup': 'Birmingham', 'postcode': 'B5 4EG', 'region': 'Birmingham', 'country': 'GB', 'phone': '0121 632 6756', 'latitude': 52.476205, 'longitude': -1.897554, 'type': 'bar', 'rating': 4, 'reviewCount': 554, 'distance': 8836.736049148043}",https://d31fr2pwly4c4s.cloudfront.net/f/1/c/2280502_f66f92cd_lex-alex_th.jpg,https://d31fr2pwly4c4s.cloudfront.net/f/1/c/2280502_f66f92cd_lex-alex.jpg,https://d31fr2pwly4c4s.cloudfront.net/f/1/c/2280502_f66f92cd_lex-alex_1024.jpg,https://d31fr2pwly4c4s.cloudfront.net/f/1/c/2280502_f66f92cd_lex-alex_1024.webp,https://www.skiddle.com/whats-on/Birmingham/The-Sunflower-Lounge/Lex-Alex/42486605/,2026-07-16,2026-07-16T19:30:00+00:00,2026-07-16T22:30:00+00:00,"AEG Presents
Lex Alex
Plus special guests","{'doorsopen': '19:30', 'doorsclose': '22:30', 'lastentry': ''}",16,,0,26,True,"{'minPrice': 10, 'maxPrice': 10}",,public,,False,{'enabled': False},#e84818,GBP,[],[],[]
42436596,2267882,False,2267882,False,0,LIVE,Santù,0,,,,,"{'id': 38952, 'name': 'Hare And Hounds Kings Heath', 'address': '106 High Street, Kings Heath', 'town': 'Birmingham', 'postcode_lookup': 'Birmingham', 'postcode': 'B14 7JZ', 'region': 'Birmingham', 'country': 'GB', 'phone': '0121 444 2081', 'latitude': 52.434622, 'longitude': -1.89298, 'type': 'live', 'rating': 4, 'reviewCount': 15186, 'distance': 11460.213562936333}",https://d31fr2pwly4c4s.cloudfront.net/d/3/6/2267882_f8ad7d87_sant-_th.jpg,https://d31fr2pwly4c4s.cloudfront.net/d/3/6/2267882_f8ad7d87_sant-.jpg,https://d31fr2pwly4c4s.cloudfront.net/d/3/6/2267882_f8ad7d87_sant-_1024.jpg,https://d31fr2pwly4c4s.cloudfront.net/d/3/6/2267882_f8ad7d87_sant-_1024.webp,https://www.skiddle.com/whats-on/Birmingham/Hare-And-Hounds-Kings-Heath/Sant/42436596/,2026-07-16,2026-07-16T19:30:00+00:00,2026-07-16T23:00:00+00:00,Alt-rock band from the West Midlands,"{'doorsopen': '19:30', 'doorsclose': '23:00', 'lastentry': ''}",14,,0,22,True,"{'minPrice': 10.6, 'maxPrice': 10.6}",,public,,False,{'enabled': False},#080808,GBP,[],"[{'genreid': '5', 'name': 'Rock'}, {'genreid': '46', 'name': 'Alternative'}]",[]
41230046,2069803,False,2069803,False,0,LIVE,Disco Classical,0,,,,,"{'id': 105374, 'name': 'Tudor Grange Park Solihull', 'address': ' Monkspath Hall Road ', 'town': 'Solihull ', 'postcode_lookup': 'Solihull', 'postcode': 'B91 3LU', 'region': 'Birmingham', 'country': 'GB', 'phone': '', 'latitude': 52.409267, 'longitude': -1.786656, 'type': 'Outdoors', 'rating': 3, 'reviewCount': 605, 'distance': 18933.294572726325}",https://d31fr2pwly4c4s.cloudfront.net/c/2/7/2069803_d862037f_disco-classical_th.jpg,https://d31fr2pwly4c4s.cloudfront.net/c/2/7/2069803_d862037f_disco-classical.jpg,https://d31fr2pwly4c4s.cloudfront.net/c/2/7/2069803_d862037f_disco-classical_1024.jpg,https://d31fr2pwly4c4s.cloudfront.net/c/2/7/2069803_d862037f_disco-classical_1024.webp,https://www.skiddle.com/whats-on/Solihull/Tudor-Grange-Park-Solihull/Disco-Classical/41230046/,2026-07-17,2026-07-17T17:00:00+00:00,2026-07-17T22:30:00+00:00,An incredible journey of Discos most iconic anthems performed by a 50-piece orchestra,"{'doorsopen': '17:00', 'doorsclose': '22:30', 'lastentry': ''}",,,0,1550,True,"{'minPrice': 25, 'maxPrice': 40}",,public,,True,{'enabled': False},#080808,GBP,[],[],[]
42482005,2278610,False,mCLzwbmEVb,False,0,LIVE,Live Music & Happy Hour at The Dry Spy Every Friday & Saturday,0,,,,,"{'id': 115863, 'name': 'The Dry Spy Knowle', 'address': '1673 High St, Knowle, Solihull ', 'town': 'Solihull', 'postcode_lookup': 'Solihull', 'postcode': 'B93 0NA', 'region': 'Birmingham', 'country': 'GB', 'phone': '07711917247', 'latitude': 52.388444, 'longitude': -1.7350295, 'type': 'bar', 'rating': 4, 'reviewCount': 7, 'distance': 23132.041930611493}",https://d31fr2pwly4c4s.cloudfront.net/8/9/b/2278603_dd4a3703_live-music-happy-hour-at-the-dry-spy-every-friday-saturday_th.jpg,https://d31fr2pwly4c4s.cloudfront.net/8/9/b/2278603_dd4a3703_live-music-happy-hour-at-the-dry-spy-every-friday-saturday.jpg,https://d31fr2pwly4c4s.cloudfront.net/8/9/b/2278603_dd4a3703_live-music-happy-hour-at-the-dry-spy-every-friday-saturday_1024.jpg,https://d31fr2pwly4c4s.cloudfront.net/8/9/b/2278603_dd4a3703_live-music-happy-hour-at-the-dry-spy-every-friday-saturday_1024.webp,https://www.skiddle.com/whats-on/Solihull/The-Dry-Spy-Knowle/Live-Music--Happy-Hour-at-The-Dry-Spy-Every-Friday--Saturday/42482005/,2026-07-17,2026-07-17T17:00:00+00:00,2026-07-17T23:45:00+00:00,"Live Music Friday & Saturday 
Happy Hour 5pm-7pm
Book tables Direct on Website
Table Reservations Available 
Open Thurs 241 Drinks","{'doorsopen': '17:00', 'doorsclose': '23:45', 'lastentry': ''}",18,,0,0,True,"{'minPrice': 0, 'maxPrice': 0}",,public,,False,{'enabled': False},,GBP,[],"[{'genreid': '42', 'name': 'Acoustic'}]",[]
42469957,2275106,False,2275106,False,0,LIVE,The Kasters - Birmingham,0,,,,,"{'id': 99974, 'name': 'Dead Wax', 'address': '28 Adderley Street', 'town': 'Birmingham', 'postcode_lookup': 'Birmingham', 'postcode': 'B9 4ED', 'region': 'Birmingham', 'country': 'GB', 'phone': '', 'latitude': 52.4746387, 'longitude': -1.8789963, 'type': 'bar', 'rating': 4, 'reviewCount': 706, 'distance': 10084.834114657357}",https://d31fr2pwly4c4s.cloudfront.net/b/0/4/2275106_7e2f218b_the-kasters-birmingham_th.jpg,https://d31fr2pwly4c4s.cloudfront.net/b/0/4/2275106_7e2f218b_the-kasters-birmingham.jpg,https://d31fr2pwly4c4s.cloudfront.net/b/0/4/2275106_7e2f218b_the-kasters-birmingham_1024.jpg,https://d31fr2pwly4c4s.cloudfront.net/b/0/4/2275106_7e2f218b_the-kasters-birmingham_1024.webp,https://www.skiddle.com/whats-on/Birmingham/Dead-Wax/The-Kasters---Birmingham/42469957/,2026-07-17,2026-07-17T19:00:00+00:00,2026-07-17T22:00:00+00:00,"""If you're going to see the emergence of a new great band you'll see them at This Feeling first."" Carl Barat","{'doorsopen': '19:00', 'doorsclose': '22:00', 'lastentry': ''}",18,,0,32,True,"{'minPrice': 10, 'maxPrice': 10}",,public,,False,{'enabled': False},#080808,GBP,[],"[{'genreid': '26', 'name': 'Indie'}, {'genreid': '46', 'name': 'Alternative'}, {'genreid': '86', 'name': 'Nu Indie'}, {'genreid': '98', 'name': 'Indie Pop'}]",[]
41493459,2140700,False,2140700,False,0,LIVE,Bat Sabbath,0,,,,,"{'id': 80637, 'name': 'The Castle And Falcon', 'address': '402 Moseley Road', 'town': 'Birmingham', 'postcode_lookup': 'Birmingham', 'postcode': 'B12 9AT', 'region': 'Birmingham', 'country': 'GB', 'phone': '0121 440 4278', 'latitude': 52.4599842, 'longitude': -1.884336, 'type': 'live', 'rating': 4, 'reviewCount': 2027, 'distance': 10367.31784588706}",https://d31fr2pwly4c4s.cloudfront.net/7/f/3/2140700_0cf7ba29_bat-sabbath_th.jpg,https://d31fr2pwly4c4s.cloudfront.net/7/f/3/2140700_0cf7ba29_bat-sabbath.jpg,https://d31fr2pwly4c4s.cloudfront.net/7/f/3/2140700_0cf7ba29_bat-sabbath_1024.jpg,https://d31fr2pwly4c4s.cloudfront.net/7/f/3/2140700_0cf7ba29_bat-sabbath_1024.webp,https://www.skiddle.com/whats-on/Birmingham/The-Castle-And-Falcon/Bat-Sabbath/41493459/,2026-07-17,2026-07-17T19:00:00+00:00,2026-07-17T23:00:00+00:00,"Canadian Whiskey Metal Punks, Cancer Bats show their raw admiration and love for the greatest metal band of all time Black Sabbath.","{'doorsopen': '19:00', 'doorsclose': '23:00', 'lastentry': ''}",14,,0,141,True,"{'minPrice': 21.5, 'maxPrice': 21.5}",,public,,False,{'enabled': False},#080808,GBP,"[{'artistid': '961839', 'name': 'Cancer Bats', 'image': 'https://d1mdxzfl9p8pzo.cloudfront.net/9/961839_1_1024.jpg', 'spotifyartisturl': 'spotify:artist:10YNQq86z4shHwDSymTyWc'}]","[{'genreid': '27', 'name': 'Metal'}, {'genreid': '48', 'name': 'Covers Band/Tribute Act'}]",[]
42084709,2205411,False,2205411,False,0,LIVE,Midway Still + Dealing With Damage + Mega Fishy 4,0,,,,,"{'id': 38952, 'name': 'Hare And Hounds Kings Heath', 'address': '106 High Street, Kings Heath', 'town': 'Birmingham', 'postcode_lookup': 'Birmingham', 'postcode': 'B14 7JZ', 'region': 'Birmingham', 'country': 'GB', 'phone': '0121 444 2081', 'latitude': 52.434622, 'longitude': -1.89298, 'type': 'live', 'rating': 4, 'reviewCount': 15186, 'distance': 11460.213562936333}",https://d31fr2pwly4c4s.cloudfront.net/3/f/3/2205411_b7189b94_midway-still-dealing-with-damage-mega-fishy-4_th.jpg,https://d31fr2pwly4c4s.cloudfront.net/3/f/3/2205411_b7189b94_midway-still-dealing-with-damage-mega-fishy-4.jpg,https://d31fr2pwly4c4s.cloudfront.net/3/f/3/2205411_b7189b94_midway-still-dealing-with-damage-mega-fishy-4_1024.jpg,https://d31fr2pwly4c4s.cloudfront.net/3/f/3/2205411_b7189b94_midway-still-dealing-with-damage-mega-fishy-4_1024.webp,https://www.skiddle.com/whats-on/Birmingham/Hare-And-Hounds-Kings-Heath/Midway-Still--Dealing-With-Damage--Mega-Fishy-4/42084709/,2026-07-17,2026-07-17T19:00:00+00:00,2026-07-17T23:00:00+00:00,Midway Still return in 2026 - they dented the Indie charts in the early 90s with singles 'I Won't Try' & 'Better Than Before'.,"{'doorsopen': '19:00', 'doorsclose': '23:00', 'lastentry': ''}",18,,0,25,True,"{'minPrice': 13.6, 'maxPrice': 13.6}",,public,,False,{'enabled': False},#f8d898,GBP,"[{'artistid': '123463205', 'name': 'Midway Still', 'image': 'https://d1mdxzfl9p8pzo.cloudfront.net/5/123463205_267.jpg', 'spotifyartisturl': 'spotify:artist:6CQYO1CuFlvjWXoW9mMNUM'}]","[{'genreid': '26', 'name': 'Indie'}, {'genreid': '46', 'name': 'Alternative'}]",[]
42585154,2302375,False,2302375,False,0,LIVE,NBHD Presents: NBHD Open Jam Summer Series (Ft: Zakariah.),0,,,,,"{'id': 64096, 'name': 'The Night Owl', 'address': '17-18 Lower Trinity Street', 'town': 'Birmingham', 'postcode_lookup': 'Birmingham', 'postcode': 'B9 4AG', 'region': 'Birmingham', 'country': 'GB', 'phone': '', 'latitude': 52.4751658, 'longitude': -1.8818523, 'type': 'Nightclub', 'rating': 4, 'reviewCount': 164, 'distance': 9882.733294032021}",https://d31fr2pwly4c4s.cloudfront.net/c/9/8/2302375_3d444b0a_nbhd-presents-nbhd-open-jam-summer-series-ft-zakariah-_th.jpg,https://d31fr2pwly4c4s.cloudfront.net/c/9/8/2302375_3d444b0a_nbhd-presents-nbhd-open-jam-summer-series-ft-zakariah-.jpg,https://d31fr2pwly4c4s.cloudfront.net/c/9/8/2302375_3d444b0a_nbhd-presents-nbhd-open-jam-summer-series-ft-zakariah-_1024.jpg,https://d31fr2pwly4c4s.cloudfront.net/c/9/8/2302375_3d444b0a_nbhd-presents-nbhd-open-jam-summer-series-ft-zakariah-_1024.webp,https://www.skiddle.com/whats-on/Birmingham/The-Night-Owl/NBHD-Presents-NBHD-Open-Jam-Summer-Series-Ft-Zakariah/42585154/,2026-07-17,2026-07-17T20:30:00+00:00,2026-07-17T23:45:00+00:00,"Kicking off NBHD Summer Series with some real heat! Friday Night Jam's return with special performances from Zakariah, NBHD House Band & Live DJs","{'doorsopen': '20:30', 'doorsclose': '23:45', 'lastentry': ''}",18,,0,20,True,"{'minPrice': 0, 'maxPrice': 6}",,public,,False,{'enabled': False},#080808,GBP,[],"[{'genreid': '4', 'name': 'R&B'}, {'genreid': '25', 'name': 'Jazz'}, {'genreid': '39', 'name': 'Hip Hop'}, {'genreid': '43', 'name': 'Soul'}]",[]
42159238,2218826,False,2218826,False,0,LIVE,Flesh Creep EP Launch + Support from Birmingham Bands!,0,,,,,"{'id': 80637, 'name': 'The Castle And Falcon', 'address': '402 Moseley Road', 'town': 'Birmingham', 'postcode_lookup': 'Birmingham', 'postcode': 'B12 9AT', 'region': 'Birmingham', 'country': 'GB', 'phone': '0121 440 4278', 'latitude': 52.4599842, 'longitude': -1.884336, 'type': 'live', 'rating': 4, 'reviewCount': 2027, 'distance': 10367.31784588706}",https://d31fr2pwly4c4s.cloudfront.net/c/4/d/2218826_057bbb07_flesh-creep-ep-launch-support-from-birmingham-bands-_th.jpg,https://d31fr2pwly4c4s.cloudfront.net/c/4/d/2218826_057bbb07_flesh-creep-ep-launch-support-from-birmingham-bands-.jpg,https://d31fr2pwly4c4s.cloudfront.net/c/4/d/2218826_057bbb07_flesh-creep-ep-launch-support-from-birmingham-bands-_1024.jpg,https://d31fr2pwly4c4s.cloudfront.net/c/4/d/2218826_057bbb07_flesh-creep-ep-launch-support-from-birmingham-bands-_1024.webp,https://www.skiddle.com/whats-on/Birmingham/The-Castle-And-Falcon/Flesh-Creep-EP-Launch--Support-from-Birmingham-Bands/42159238/,2026-07-18,2026-07-18T17:00:00+00:00,2026-07-18T22:15:00+00:00,"Supersonic presents: Flesh Creep EP Launch + THEBIGHELL, Monoxide Brothers, Not Soup, Cattle Hammer - Saturday 18th July - Castle & Falcon Bham","{'doorsopen': '17:00', 'doorsclose': '22:15', 'lastentry': ''}",18,,0,7,True,"{'minPrice': 15, 'maxPrice': 15}",,public,,False,{'enabled': False},#e868a8,GBP,"[{'artistid': '123578417', 'name': 'Flesh Creep', 'image': 'https://d1plawd8huk6hh.cloudfront.net/assets/default400.png', 'spotifyartisturl': 'spotify:artist:4YEeBiTV6sVnZfT3goCtOY'}, {'artistid': '123592577', 'name': 'Not Soup', 'image': 'https://d1mdxzfl9p8pzo.cloudfront.net/7/123592577_f3a2ba4a_1024.jpg', 'spotifyartisturl': 'spotify:artist:7DUNKFEXQzoP41jaVKeJaT'}, {'artistid': '123599989', 'name': 'Monoxide Brothers', 'image': 'https://d1mdxzfl9p8pzo.cloudfront.net/9/123599989_510957e4_1024.jpg', 'spotifyartisturl': 'spotify:artist:5DpIUe7cIndqMR7VryBaU1'}, {'artistid': '123600530', 'name': 'The Big Hell', 'image': 'https://d1mdxzfl9p8pzo.cloudfront.net/0/123600530_a2c3880e_1024.jpg', 'spotifyartisturl': None}]","[{'genreid': '5', 'name': 'Rock'}, {'genreid': '27', 'name': 'Metal'}, {'genreid': '91', 'name': 'Experimental'}]",[]
42436039,2267549,False,2267549,False,0,LIVE,Fleetwood Mac Experience - Live in Birmingham (Tribute Show),0,,,,,"{'id': 101969, 'name': ""Mama Roux's"", 'address': '3 Lower Trinity Street, Deritend, United Kingdom', 'town': 'Birmingham', 'postcode_lookup': 'Birmingham', 'postcode': 'B9 4AG', 'region': 'Birmingham', 'country': 'GB', 'phone': '', 'latitude': 52.475379, 'longitude': -1.882496, 'type': 'bar', 'rating': 4, 'reviewCount': 647, 'distance': 9834.006594055081}",https://d31fr2pwly4c4s.cloudfront.net/4/a/3/2267549_18283678_Fleetwood-Mac-Experience---Live-in-Birmingham--Tribute-Show-_th.jpg,https://d31fr2pwly4c4s.cloudfront.net/4/a/3/2267549_18283678_Fleetwood-Mac-Experience---Live-in-Birmingham--Tribute-Show-.jpg,https://d31fr2pwly4c4s.cloudfront.net/4/a/3/2267549_18283678_Fleetwood-Mac-Experience---Live-in-Birmingham--Tribute-Show-_1024.jpg,https://d31fr2pwly4c4s.cloudfront.net/4/a/3/2267549_18283678_Fleetwood-Mac-Experience---Live-in-Birmingham--Tribute-Show-_1024.webp,https://www.skiddle.com/whats-on/Birmingham/Mama-Roux%27s/Fleetwood-Mac-Experience---Live-in-Birmingham-Tribute-Show/42436039/,2026-07-18,2026-07-18T19:00:00+00:00,2026-07-18T22:00:00+00:00,Fleetwood Mac Experience - Live in Birmingham (Tribute Show),"{'doorsopen': '19:00', 'doorsclose': '22:00', 'lastentry': '20:00'}",25,,0,12,True,"{'minPrice': 15, 'maxPrice': 15}",,public,,False,{'enabled': False},#f8e868,GBP,"[{'artistid': '123510708', 'name': 'Fleetwood Mac', 'image': 'https://d1mdxzfl9p8pzo.cloudfront.net/8/123510708_267.jpg', 'spotifyartisturl': 'spotify:artist:08GQAI4eElDnROBrJRGE0X'}]","[{'genreid': '5', 'name': 'Rock'}]",[]
42405304,2259459,False,2259459,False,0,LIVE,The Subterraneans,0,,,,,"{'id': 106360, 'name': 'The Rhodehouse', 'address': '123 Parade', 'town': 'Sutton Coldfield', 'postcode_lookup': 'Sutton-Coldfield', 'postcode': 'B72 1PU', 'region': 'Birmingham', 'country': 'GB', 'phone': '', 'latitude': 52.560161, 'longitude': -1.825201, 'type': 'live', 'rating': 4, 'reviewCount': 2536, 'distance': 14739.120403282686}",https://d31fr2pwly4c4s.cloudfront.net/b/d/9/2259459_50026496_The-Subterraneans_th.jpg,https://d31fr2pwly4c4s.cloudfront.net/b/d/9/2259459_50026496_The-Subterraneans.jpg,https://d31fr2pwly4c4s.cloudfront.net/b/d/9/2259459_50026496_The-Subterraneans_1024.jpg,https://d31fr2pwly4c4s.cloudfront.net/b/d/9/2259459_50026496_The-Subterraneans_1024.webp,https://www.skiddle.com/whats-on/Sutton-Coldfield/The-Rhodehouse/The-Subterraneans/42405304/,2026-07-18,2026-07-18T19:00:00+00:00,2026-07-18T23:45:00+00:00,A powerhouse of music from one of the regions favourite guitar based party bands!,"{'doorsopen': '19:00', 'doorsclose': '23:45', 'lastentry': ''}",18,,0,17,True,"{'minPrice': 10, 'maxPrice': 10}",,public,,False,{'enabled': False},#f8f8e8,GBP,[],"[{'genreid': '5', 'name': 'Rock'}, {'genreid': '20', 'name': 'Pop'}, {'genreid': '46', 'name': 'Alternative'}, {'genreid': '62', 'name': '1980s'}, {'genreid': '82', 'name': '1990s'}]",[]
41739911,2169695,False,2169695,False,0,LIVE,Roxy Magic [Live],0,,,,,"{'id': 38952, 'name': 'Hare And Hounds Kings Heath', 'address': '106 High Street, Kings Heath', 'town': 'Birmingham', 'postcode_lookup': 'Birmingham', 'postcode': 'B14 7JZ', 'region': 'Birmingham', 'country': 'GB', 'phone': '0121 444 2081', 'latitude': 52.434622, 'longitude': -1.89298, 'type': 'live', 'rating': 4, 'reviewCount': 15186, 'distance': 11460.213562936333}",https://d31fr2pwly4c4s.cloudfront.net/1/c/d/2169695_c70a9e1f_roxy-magic-live-_th.jpg,https://d31fr2pwly4c4s.cloudfront.net/1/c/d/2169695_c70a9e1f_roxy-magic-live-.jpg,https://d31fr2pwly4c4s.cloudfront.net/1/c/d/2169695_c70a9e1f_roxy-magic-live-_1024.jpg,https://d31fr2pwly4c4s.cloudfront.net/1/c/d/2169695_c70a9e1f_roxy-magic-live-_1024.webp,https://www.skiddle.com/whats-on/Birmingham/Hare-And-Hounds-Kings-Heath/Roxy-Magic-Live/41739911/,2026-07-18,2026-07-18T20:00:00+00:00,2026-07-19T00:00:00+00:00,Britain's best and longest running Bryan Ferry and Roxy Music tribute!,"{'doorsopen': '20:00', 'doorsclose': '00:00', 'lastentry': ''}",18,,0,83,True,"{'minPrice': 15.6, 'maxPrice': 15.6}",,public,,False,{'enabled': False},#281818,GBP,"[{'artistid': '123572593', 'name': 'Roxy Magic', 'image': 'https://d1mdxzfl9p8pzo.cloudfront.net/3/123572593_1_1024.jpg', 'spotifyartisturl': 'spotify:artist:71M6HdJlfkbjH26w2j9In9'}]",[],[]
42497360,2283184,False,2283184,False,0,LIVE,Jazz Speakeasy,0,,,,,"{'id': 2058, 'name': 'The Sunflower Lounge', 'address': '76 Smallbrook Queensway', 'town': 'Birmingham', 'postcode_lookup': 'Birmingham', 'postcode': 'B5 4EG', 'region': 'Birmingham', 'country': 'GB', 'phone': '0121 632 6756', 'latitude': 52.476205, 'longitude': -1.897554, 'type': 'bar', 'rating': 4, 'reviewCount': 554, 'distance': 8836.736049148043}",https://d31fr2pwly4c4s.cloudfront.net/3/8/8/2283184_4c18a467_jazz-speakeasy_th.jpg,https://d31fr2pwly4c4s.cloudfront.net/3/8/8/2283184_4c18a467_jazz-speakeasy.jpg,https://d31fr2pwly4c4s.cloudfront.net/3/8/8/2283184_4c18a467_jazz-speakeasy_1024.jpg,https://d31fr2pwly4c4s.cloudfront.net/3/8/8/2283184_4c18a467_jazz-speakeasy_1024.webp,https://www.skiddle.com/whats-on/Birmingham/The-Sunflower-Lounge/Jazz-Speakeasy/42497360/,2026-07-19,2026-07-19T14:00:00+00:00,2026-07-19T20:00:00+00:00,The Lounge Presents: Jazz Speakeasy at The Sunflower Lounge,"{'doorsopen': '14:00', 'doorsclose': '20:00', 'lastentry': ''}",16,,0,10,True,"{'minPrice': 5, 'maxPrice': 15}",,public,,False,{'enabled': False},#280808,GBP,[],"[{'genreid': '25', 'name': 'Jazz'}]",[]
42264236,2230736,False,2230736,False,0,LIVE,An Afternoon of Rock & Roll,0,,,,,"{'id': 111825, 'name': 'Great Barr Library', 'address': 'Great Barr Library', 'town': 'Birmingham', 'postcode_lookup': 'Birmingham', 'postcode': 'B43 6NW', 'region': 'Birmingham', 'country': 'GB', 'phone': '0121 569 4929', 'latitude': 52.5466522, 'longitude': -1.9331475, 'type': 'Other', 'rating': 0, 'reviewCount': 0, 'distance': 7744.548397273109}",https://d31fr2pwly4c4s.cloudfront.net/9/6/8/2230736_30ba17c3_an-afternoon-of-rock-roll_th.jpg,https://d31fr2pwly4c4s.cloudfront.net/9/6/8/2230736_30ba17c3_an-afternoon-of-rock-roll.jpg,https://d31fr2pwly4c4s.cloudfront.net/9/6/8/2230736_30ba17c3_an-afternoon-of-rock-roll_1024.jpg,https://d31fr2pwly4c4s.cloudfront.net/9/6/8/2230736_30ba17c3_an-afternoon-of-rock-roll_1024.webp,https://www.skiddle.com/whats-on/Birmingham/Great-Barr-Library/An-Afternoon-of-Rock--Roll/42264236/,2026-07-20,2026-07-20T14:15:00+00:00,2026-07-20T16:30:00+00:00,"An afternoon of classic 1950s & 1960s hits made famous by artists such as Johnny Cash, Jerry Lee Lewis, Bill Haley & Elvis Presley","{'doorsopen': '14:15', 'doorsclose': '16:30', 'lastentry': '14:15'}",,,0,0,False,"{'minPrice': 5, 'maxPrice': 15}",,public,,False,{'enabled': False},#f8e8c8,GBP,"[{'artistid': '123568194', 'name': 'Tom Heyes', 'image': 'https://d1mdxzfl9p8pzo.cloudfront.net/4/123568194_2_1024.jpg', 'spotifyartisturl': None}]","[{'genreid': '60', 'name': 'Rock & Roll / 1950s'}, {'genreid': '71', 'name': 'Country/Americana'}]",[]
42589721,2304062,False,2304062,False,0,LIVE,The In Crowd Songwriters night,0,,,,,"{'id': 135873, 'name': 'Crown Joules Codsall', 'address': '1 Wood Road', 'town': 'Wolverhampton', 'postcode_lookup': 'Wolverhampton', 'postcode': 'WV8 1DB', 'region': 'West Midlands', 'country': 'GB', 'phone': '', 'latitude': 52.6306974, 'longitude': -2.201296, 'type': 'Gallery', 'rating': 4, 'reviewCount': 26, 'distance': 18796.013213911196}",https://d31fr2pwly4c4s.cloudfront.net/a/9/d/2304062_dfba7d13_the-in-crowd-songwriters-night_th.jpg,https://d31fr2pwly4c4s.cloudfront.net/a/9/d/2304062_dfba7d13_the-in-crowd-songwriters-night.jpg,https://d31fr2pwly4c4s.cloudfront.net/a/9/d/2304062_dfba7d13_the-in-crowd-songwriters-night_1024.jpg,https://d31fr2pwly4c4s.cloudfront.net/a/9/d/2304062_dfba7d13_the-in-crowd-songwriters-night_1024.webp,https://www.skiddle.com/whats-on/Wolverhampton/Crown-Joules-Codsall/The-In-Crowd-Songwriters-night/42589721/,2026-07-22,2026-07-22T19:00:00+00:00,2026-07-22T22:00:00+00:00,The In Crowd - a night where the spotlight shines on the song. Experience an intimate evening of storytelling and original country music.,"{'doorsopen': '19:00', 'doorsclose': '22:00', 'lastentry': '19:30'}",14,,0,0,True,"{'minPrice': 10, 'maxPrice': 10}",,public,,False,{'enabled': False},#080808,GBP,"[{'artistid': '123581601', 'name': 'Rhiannon Paige', 'image': 'https://d1mdxzfl9p8pzo.cloudfront.net/1/123581601_1_1024.jpg', 'spotifyartisturl': 'spotify:artist:2FtYDjtpjwhnq39Wog6N6e'}, {'artistid': '123610178', 'name': 'Ryan evans', 'image': 'https://d1mdxzfl9p8pzo.cloudfront.net/8/123610178_ef1d906b_1024.jpg', 'spotifyartisturl': 'spotify:artist:3Bh8jiUJxPdka2UlApwFJa'}]","[{'genreid': '42', 'name': 'Acoustic'}, {'genreid': '71', 'name': 'Country/Americana'}]",[]
42436408,2267796,False,2267796,False,0,LIVE,The Loft Sessions,0,,,,,"{'id': 121518, 'name': 'The Victoria Birmingham', 'address': '48 John Bright Street', 'town': 'Birmingham', 'postcode_lookup': 'Birmingham', 'postcode': 'B1 1BN', 'region': 'Birmingham', 'country': 'GB', 'phone': '0121 633 9439', 'latitude': 52.4760813, 'longitude': -1.9007447, 'type': 'live', 'rating': 4, 'reviewCount': 85, 'distance': 8637.274485188855}",https://d31fr2pwly4c4s.cloudfront.net/0/e/0/2267796_17881451_The-Loft-Sessions_th.jpg,https://d31fr2pwly4c4s.cloudfront.net/0/e/0/2267796_17881451_The-Loft-Sessions.jpg,https://d31fr2pwly4c4s.cloudfront.net/0/e/0/2267796_17881451_The-Loft-Sessions_1024.jpg,https://d31fr2pwly4c4s.cloudfront.net/0/e/0/2267796_17881451_The-Loft-Sessions_1024.webp,https://www.skiddle.com/whats-on/Birmingham/The-Victoria-Birmingham/The-Loft-Sessions/42436408/,2026-07-23,2026-07-23T19:00:00+00:00,2026-07-23T22:00:00+00:00,"The Loft Sessions: Liam Price, Ryan Evans & Zoe Unsworth join host Pete Hubbard for a country writers' round in Birmingham.","{'doorsopen': '19:00', 'doorsclose': '22:00', 'lastentry': '19:30'}",18,,0,4,True,"{'minPrice': 10, 'maxPrice': 10}",,public,,False,{'enabled': False},#080808,GBP,"[{'artistid': '123610178', 'name': 'Ryan evans', 'image': 'https://d1mdxzfl9p8pzo.cloudfront.net/8/123610178_ef1d906b_1024.jpg', 'spotifyartisturl': 'spotify:artist:3Bh8jiUJxPdka2UlApwFJa'}, {'artistid': '123612275', 'name': 'Liam Price', 'image': 'https://d1mdxzfl9p8pzo.cloudfront.net/5/123612275_83971ba6_1024.jpg', 'spotifyartisturl': 'spotify:artist:3NsHfBA9K4ZQeGVtWRW1li'}, {'artistid': '123621681', 'name': 'Pete Hubbard', 'image': 'https://d1mdxzfl9p8pzo.cloudfront.net/1/123621681_99d03a43_1024.jpg', 'spotifyartisturl': None}]","[{'genreid': '40', 'name': 'Blues'}, {'genreid': '42', 'name': 'Acoustic'}, {'genreid': '43', 'name': 'Soul'}, {'genreid': '44', 'name': 'Folk'}, {'genreid': '71', 'name': 'Country/Americana'}]",[]
42560523,2296068,False,2296068,False,0,LIVE,Emerging Artists Showcase 6,0,,,,,"{'id': 2058, 'name': 'The Sunflower Lounge', 'address': '76 Smallbrook Queensway', 'town': 'Birmingham', 'postcode_lookup': 'Birmingham', 'postcode': 'B5 4EG', 'region': 'Birmingham', 'country': 'GB', 'phone': '0121 632 6756', 'latitude': 52.476205, 'longitude': -1.897554, 'type': 'bar', 'rating': 4, 'reviewCount': 554, 'distance': 8836.736049148043}",https://d31fr2pwly4c4s.cloudfront.net/5/f/6/2296068_069b6066_emerging-artists-showcase-6_th.jpg,https://d31fr2pwly4c4s.cloudfront.net/5/f/6/2296068_069b6066_emerging-artists-showcase-6.jpg,https://d31fr2pwly4c4s.cloudfront.net/5/f/6/2296068_069b6066_emerging-artists-showcase-6_1024.jpg,https://d31fr2pwly4c4s.cloudfront.net/5/f/6/2296068_069b6066_emerging-artists-showcase-6_1024.webp,https://www.skiddle.com/whats-on/Birmingham/The-Sunflower-Lounge/Emerging-Artists-Showcase-6/42560523/,2026-07-23,2026-07-23T19:30:00+00:00,2026-07-23T22:30:00+00:00,Yampy Promotions presents new local talent,"{'doorsopen': '19:30', 'doorsclose': '22:30', 'lastentry': ''}",16,,0,0,True,"{'minPrice': 8, 'maxPrice': 8}",,public,,False,{'enabled': False},#181848,GBP,[],[],[]
42482006,2278611,False,mCLzwbmEVb,False,0,LIVE,Live Music & Happy Hour at The Dry Spy Every Friday & Saturday,0,,,,,"{'id': 115863, 'name': 'The Dry Spy Knowle', 'address': '1673 High St, Knowle, Solihull ', 'town': 'Solihull', 'postcode_lookup': 'Solihull', 'postcode': 'B93 0NA', 'region': 'Birmingham', 'country': 'GB', 'phone': '07711917247', 'latitude': 52.388444, 'longitude': -1.7350295, 'type': 'bar', 'rating': 4, 'reviewCount': 7, 'distance': 23132.041930611493}",https://d31fr2pwly4c4s.cloudfront.net/d/f/3/2278603_dd4a3703_live-music-happy-hour-at-the-dry-spy-every-friday-saturday_th.jpg,https://d31fr2pwly4c4s.cloudfront.net/d/f/3/2278603_dd4a3703_live-music-happy-hour-at-the-dry-spy-every-friday-saturday.jpg,https://d31fr2pwly4c4s.cloudfront.net/d/f/3/2278603_dd4a3703_live-music-happy-hour-at-the-dry-spy-every-friday-saturday_1024.jpg,https://d31fr2pwly4c4s.cloudfront.net/d/f/3/2278603_dd4a3703_live-music-happy-hour-at-the-dry-spy-every-friday-saturday_1024.webp,https://www.skiddle.com/whats-on/Solihull/The-Dry-Spy-Knowle/Live-Music--Happy-Hour-at-The-Dry-Spy-Every-Friday--Saturday/42482006/,2026-07-24,2026-07-24T17:00:00+00:00,2026-07-24T23:45:00+00:00,"Live Music Friday & Saturday 
Happy Hour 5pm-7pm
Book tables Direct on Website
Table Reservations Available 
Open Thurs 241 Drinks","{'doorsopen': '17:00', 'doorsclose': '23:45', 'lastentry': ''}",18,,0,0,True,"{'minPrice': 0, 'maxPrice': 0}",,public,,False,{'enabled': False},,GBP,[],"[{'genreid': '42', 'name': 'Acoustic'}]",[]
42564702,2297132,False,2297132,False,0,LIVE,Bromsgrove Reggae Sessions,0,,,,,"{'id': 16483, 'name': 'Catshill Social Club', 'address': '13 Meadow  Road', 'town': 'Bromsgrove', 'postcode_lookup': 'Birmingham', 'postcode': 'B61 0JJ', 'region': 'Birmingham', 'country': 'GB', 'phone': '#', 'latitude': 52.361126, 'longitude': -2.063549, 'type': 'live', 'rating': 4, 'reviewCount': 29, 'distance': 15927.897463198859}",https://d31fr2pwly4c4s.cloudfront.net/d/2/2/2297132_860f03a6_bromsgrove-reggae-sessions_th.jpg,https://d31fr2pwly4c4s.cloudfront.net/d/2/2/2297132_860f03a6_bromsgrove-reggae-sessions.jpg,https://d31fr2pwly4c4s.cloudfront.net/d/2/2/2297132_860f03a6_bromsgrove-reggae-sessions_1024.jpg,https://d31fr2pwly4c4s.cloudfront.net/d/2/2/2297132_860f03a6_bromsgrove-reggae-sessions_1024.webp,https://www.skiddle.com/whats-on/Birmingham/Catshill-Social-Club/Bromsgrove-Reggae-Sessions/42564702/,2026-07-24,2026-07-24T18:00:00+00:00,2026-07-25T00:00:00+00:00,"Back for its 4th installment, Bromsgrove Reggae Sessions returns for Riverside Riddimz warm up session ft full Lime Grove Sound crew.","{'doorsopen': '18:00', 'doorsclose': '00:00', 'lastentry': '18:00'}",,,0,3,True,"{'minPrice': 2, 'maxPrice': 7}",,public,,False,{'enabled': False},#187808,GBP,[],"[{'genreid': '68', 'name': 'Reggae'}, {'genreid': '103', 'name': 'Dub'}]",[]
42405629,2259596,False,2259596,False,0,LIVE,Armanii - The Impact Tour - Birmingham,0,,,,,"{'id': 19260, 'name': 'O2 Institute', 'address': '78 Digbeth, Birmingham', 'town': 'Birmingham', 'postcode_lookup': 'Birmingham', 'postcode': 'B5 6DY', 'region': 'Birmingham', 'country': 'GB', 'phone': '0121 437 4150', 'latitude': 52.475569, 'longitude': -1.887443, 'type': 'live', 'rating': 4, 'reviewCount': 997, 'distance': 9508.550366288544}",https://d31fr2pwly4c4s.cloudfront.net/b/7/4/2259596_b471a459_armanii-the-impact-tour-birmingham_th.jpg,https://d31fr2pwly4c4s.cloudfront.net/b/7/4/2259596_b471a459_armanii-the-impact-tour-birmingham.jpg,https://d31fr2pwly4c4s.cloudfront.net/b/7/4/2259596_b471a459_armanii-the-impact-tour-birmingham_1024.jpg,https://d31fr2pwly4c4s.cloudfront.net/b/7/4/2259596_b471a459_armanii-the-impact-tour-birmingham_1024.webp,https://www.skiddle.com/whats-on/Birmingham/O2-Institute/Armanii---The-Impact-Tour---Birmingham/42405629/,2026-07-24,2026-07-24T19:00:00+00:00,2026-07-24T23:00:00+00:00,Dancehall sensation Armanii lands in the UK for a run of headline shows this summer. Presented by Caribbean Rocks,"{'doorsopen': '19:00', 'doorsclose': '23:00', 'lastentry': '21:00'}",14,,0,129,True,"{'minPrice': 26.95, 'maxPrice': 31.95}",,public,,False,{'enabled': False},#080808,GBP,"[{'artistid': '123602346', 'name': 'Armanii', 'image': 'https://d1plawd8huk6hh.cloudfront.net/assets/default400.png', 'spotifyartisturl': 'spotify:artist:48ZXHIYtqeBiklzhu3lAey'}]","[{'genreid': '4', 'name': 'R&B'}, {'genreid': '24', 'name': 'Dancehall'}, {'genreid': '68', 'name': 'Reggae'}]",[]
42128354,2211482,False,2211482,False,0,LIVE,Clockwork Orange plus special guests The Detached Collective,0,,,,,"{'id': 134039, 'name': 'The Flapper Birmingham', 'address': '8 Kingston Row', 'town': 'Birmingham', 'postcode_lookup': 'Birmingham', 'postcode': 'B1 2NU', 'region': 'Birmingham', 'country': 'GB', 'phone': '', 'latitude': 52.4804906, 'longitude': -1.9121944, 'type': 'Nightclub', 'rating': 4, 'reviewCount': 9, 'distance': 7745.19333550514}",https://d31fr2pwly4c4s.cloudfront.net/d/1/f/2211482_9e7c5fdc_clockwork-orange-plus-special-guests-the-detached-collective_th.jpg,https://d31fr2pwly4c4s.cloudfront.net/d/1/f/2211482_9e7c5fdc_clockwork-orange-plus-special-guests-the-detached-collective.jpg,https://d31fr2pwly4c4s.cloudfront.net/d/1/f/2211482_9e7c5fdc_clockwork-orange-plus-special-guests-the-detached-collective_1024.jpg,https://d31fr2pwly4c4s.cloudfront.net/d/1/f/2211482_9e7c5fdc_clockwork-orange-plus-special-guests-the-detached-collective_1024.webp,https://www.skiddle.com/whats-on/Birmingham/The-Flapper-Birmingham/Clockwork-Orange-plus-special-guests-The-Detached-Collective/42128354/,2026-07-24,2026-07-24T19:30:00+00:00,2026-07-24T23:00:00+00:00,Two of Birminghams finest Indie bands Clockwork Orange & The Detached collective return to their hometown for a one off show at The Flapper,"{'doorsopen': '19:30', 'doorsclose': '23:00', 'lastentry': '20:00'}",18,,0,0,True,"{'minPrice': 6, 'maxPrice': 6}",,public,,False,{'enabled': False},#080808,GBP,[],"[{'genreid': '26', 'name': 'Indie'}]",[]
42161492,2219609,False,2219609,False,0,LIVE,Ocean Colour Scene's Andy Bennett,0,,,,,"{'id': 121518, 'name': 'The Victoria Birmingham', 'address': '48 John Bright Street', 'town': 'Birmingham', 'postcode_lookup': 'Birmingham', 'postcode': 'B1 1BN', 'region': 'Birmingham', 'country': 'GB', 'phone': '0121 633 9439', 'latitude': 52.4760813, 'longitude': -1.9007447, 'type': 'live', 'rating': 4, 'reviewCount': 85, 'distance': 8637.274485188855}",https://d31fr2pwly4c4s.cloudfront.net/b/6/f/2219609_a9f7c2ef_ocean-colour-scene-s-andy-bennett_th.jpg,https://d31fr2pwly4c4s.cloudfront.net/b/6/f/2219609_a9f7c2ef_ocean-colour-scene-s-andy-bennett.jpg,https://d31fr2pwly4c4s.cloudfront.net/b/6/f/2219609_a9f7c2ef_ocean-colour-scene-s-andy-bennett_1024.jpg,https://d31fr2pwly4c4s.cloudfront.net/b/6/f/2219609_a9f7c2ef_ocean-colour-scene-s-andy-bennett_1024.webp,https://www.skiddle.com/whats-on/Birmingham/The-Victoria-Birmingham/Ocean-Colour-Scenes-Andy-Bennett/42161492/,2026-07-24,2026-07-24T20:00:00+00:00,2026-07-24T23:00:00+00:00,"Ocean Colour Scene's Andy Bennett performs at The Victoria, Birmingham, on Friday, 10th April, for a night of fan favourites and brand-new material!","{'doorsopen': '20:00', 'doorsclose': '23:00', 'lastentry': ''}",18,,0,1,True,"{'minPrice': 15, 'maxPrice': 15}",,public,,False,{'enabled': False},#080808,GBP,[],"[{'genreid': '5', 'name': 'Rock'}, {'genreid': '26', 'name': 'Indie'}]",[]
42436248,2267698,False,2267698,False,0,LIVE,2nd City Battles - Launch Party,0,,,,,"{'id': 80637, 'name': 'The Castle And Falcon', 'address': '402 Moseley Road', 'town': 'Birmingham', 'postcode_lookup': 'Birmingham', 'postcode': 'B12 9AT', 'region': 'Birmingham', 'country': 'GB', 'phone': '0121 440 4278', 'latitude': 52.4599842, 'longitude': -1.884336, 'type': 'live', 'rating': 4, 'reviewCount': 2027, 'distance': 10367.31784588706}",https://d31fr2pwly4c4s.cloudfront.net/6/3/a/2267698_f1a19106_2nd-city-battles-launch-party_th.jpg,https://d31fr2pwly4c4s.cloudfront.net/6/3/a/2267698_f1a19106_2nd-city-battles-launch-party.jpg,https://d31fr2pwly4c4s.cloudfront.net/6/3/a/2267698_f1a19106_2nd-city-battles-launch-party_1024.jpg,https://d31fr2pwly4c4s.cloudfront.net/6/3/a/2267698_f1a19106_2nd-city-battles-launch-party_1024.webp,https://www.skiddle.com/whats-on/Birmingham/The-Castle-And-Falcon/2nd-City-Battles---Launch-Party/42436248/,2026-07-25,2026-07-25T12:00:00+00:00,2026-07-25T18:00:00+00:00,2nd City Battles - Launch Party,"{'doorsopen': '12:00', 'doorsclose': '18:00', 'lastentry': ''}",18,,0,1,True,"{'minPrice': 10, 'maxPrice': 10}",,public,,False,{'enabled': False},#f8f8f8,GBP,[],[],[]
42405317,2259462,False,2259462,False,0,LIVE,Under The Covers,0,,,,,"{'id': 106360, 'name': 'The Rhodehouse', 'address': '123 Parade', 'town': 'Sutton Coldfield', 'postcode_lookup': 'Sutton-Coldfield', 'postcode': 'B72 1PU', 'region': 'Birmingham', 'country': 'GB', 'phone': '', 'latitude': 52.560161, 'longitude': -1.825201, 'type': 'live', 'rating': 4, 'reviewCount': 2536, 'distance': 14739.120403282686}",https://d31fr2pwly4c4s.cloudfront.net/a/b/2/2259462_35385312_Under-The-Covers_th.jpg,https://d31fr2pwly4c4s.cloudfront.net/a/b/2/2259462_35385312_Under-The-Covers.jpg,https://d31fr2pwly4c4s.cloudfront.net/a/b/2/2259462_35385312_Under-The-Covers_1024.jpg,https://d31fr2pwly4c4s.cloudfront.net/a/b/2/2259462_35385312_Under-The-Covers_1024.webp,https://www.skiddle.com/whats-on/Sutton-Coldfield/The-Rhodehouse/Under-The-Covers/42405317/,2026-07-25,2026-07-25T19:00:00+00:00,2026-07-25T23:45:00+00:00,Always a full house when Under The Covers perform!,"{'doorsopen': '19:00', 'doorsclose': '23:45', 'lastentry': ''}",18,,0,16,True,"{'minPrice': 8, 'maxPrice': 8}",,public,,False,{'enabled': False},#080828,GBP,[],"[{'genreid': '5', 'name': 'Rock'}, {'genreid': '48', 'name': 'Covers Band/Tribute Act'}]",[]
42585171,2302392,False,2302392,False,0,LIVE,Lord Clifden Old Skool Classics Alldayer,0,,,,,"{'id': 139182, 'name': 'Lord Clifden', 'address': '34 Great Hampton Street', 'town': 'Birmingham', 'postcode_lookup': 'Birmingham', 'postcode': 'B18 6AA', 'region': 'Birmingham', 'country': 'GB', 'phone': '01214931437', 'latitude': 52.4902592, 'longitude': -1.9091511, 'type': 'live', 'rating': 5, 'reviewCount': 6, 'distance': 7683.582288323792}",https://d31fr2pwly4c4s.cloudfront.net/c/1/7/2302392_babaaf08_lord-clifden-old-skool-classics-alldayer_th.jpg,https://d31fr2pwly4c4s.cloudfront.net/c/1/7/2302392_babaaf08_lord-clifden-old-skool-classics-alldayer.jpg,https://d31fr2pwly4c4s.cloudfront.net/c/1/7/2302392_babaaf08_lord-clifden-old-skool-classics-alldayer_1024.jpg,https://d31fr2pwly4c4s.cloudfront.net/c/1/7/2302392_babaaf08_lord-clifden-old-skool-classics-alldayer_1024.webp,https://www.skiddle.com/whats-on/Birmingham/Lord-Clifden/Lord-Clifden-Old-Skool-Classics-Alldayer/42585171/,2026-07-26,2026-07-26T01:00:00+00:00,2026-07-26T21:00:00+00:00,"Lord Clifden Old Skool Classics Alldayer 

 Exclusive Ticket-Only Event","{'doorsopen': '01:00', 'doorsclose': '21:00', 'lastentry': ''}",,,0,1,True,"{'minPrice': 10, 'maxPrice': 10}",,public,,False,{'enabled': False},#0858c8,GBP,[],[],[]
42415660,2262207,False,2262207,False,0,LIVE,FLO: Acoustic Performance + Q&A (14+ with an Adult),0,,,,,"{'id': 111372, 'name': 'O2 Institute Birmingham', 'address': '78 Digbeth', 'town': 'Birmingham, West Mid', 'postcode_lookup': 'Birmingham', 'postcode': 'B5 6DY', 'region': 'Birmingham', 'country': 'GB', 'phone': '121 437 4150', 'latitude': 52.4758063, 'longitude': -1.8877936, 'type': 'live', 'rating': 4, 'reviewCount': 227, 'distance': 9477.816550246742}",https://d31fr2pwly4c4s.cloudfront.net/d/1/4/2262207_70885d23_flo-album-launch-show-14-with-an-adult-_th.jpg,https://d31fr2pwly4c4s.cloudfront.net/d/1/4/2262207_70885d23_flo-album-launch-show-14-with-an-adult-.jpg,https://d31fr2pwly4c4s.cloudfront.net/d/1/4/2262207_70885d23_flo-album-launch-show-14-with-an-adult-_1024.jpg,https://d31fr2pwly4c4s.cloudfront.net/d/1/4/2262207_70885d23_flo-album-launch-show-14-with-an-adult-_1024.webp,https://www.skiddle.com/whats-on/Birmingham/O2-Institute-Birmingham/FLO-Acoustic-Performance--QA-14-with-an-Adult/42415660/,2026-07-26,2026-07-26T19:00:00+00:00,2026-07-26T21:00:00+00:00,Jacaranda Records presents an acoustic performance + Q&A from FLO in support of their new album 'Therapy in the Club.' Albums will be posted out,"{'doorsopen': '19:00', 'doorsclose': '21:00', 'lastentry': '20:00'}",14,,0,371,True,"{'minPrice': 17.5, 'maxPrice': 34.32}",,public,,False,{'enabled': False},#080808,GBP,"[{'artistid': '123586159', 'name': 'FLO', 'image': 'https://d1mdxzfl9p8pzo.cloudfront.net/9/123586159_1_1024.jpg', 'spotifyartisturl': 'spotify:artist:0s4kXsjYeH0S1xRyVGN4NO'}]","[{'genreid': '4', 'name': 'R&B'}, {'genreid': '20', 'name': 'Pop'}, {'genreid': '43', 'name': 'Soul'}]",[]
42369570,2253812,False,2253812,False,0,LIVE,Caylee Hammack + Riley,0,,,,,"{'id': 38952, 'name': 'Hare And Hounds Kings Heath', 'address': '106 High Street, Kings Heath', 'town': 'Birmingham', 'postcode_lookup': 'Birmingham', 'postcode': 'B14 7JZ', 'region': 'Birmingham', 'country': 'GB', 'phone': '0121 444 2081', 'latitude': 52.434622, 'longitude': -1.89298, 'type': 'live', 'rating': 4, 'reviewCount': 15186, 'distance': 11460.213562936333}",https://d31fr2pwly4c4s.cloudfront.net/0/b/d/2253812_9887da13_caylee-hammack_th.jpg,https://d31fr2pwly4c4s.cloudfront.net/0/b/d/2253812_9887da13_caylee-hammack.jpg,https://d31fr2pwly4c4s.cloudfront.net/0/b/d/2253812_9887da13_caylee-hammack_1024.jpg,https://d31fr2pwly4c4s.cloudfront.net/0/b/d/2253812_9887da13_caylee-hammack_1024.webp,https://www.skiddle.com/whats-on/Birmingham/Hare-And-Hounds-Kings-Heath/Caylee-Hammack--Riley/42369570/,2026-07-28,2026-07-28T19:00:00+00:00,2026-07-28T23:00:00+00:00,American country music singer-songwriter,"{'doorsopen': '19:00', 'doorsclose': '23:00', 'lastentry': ''}",14,,0,17,True,"{'minPrice': 16.6, 'maxPrice': 16.6}",,public,,False,{'enabled': False},#585838,GBP,[],"[{'genreid': '71', 'name': 'Country/Americana'}]",[]
42570424,2298916,False,2298916,False,0,LIVE,"Weird On Purpose w/ Dusker, SQD & Bleach Fields",0,,,,,"{'id': 38952, 'name': 'Hare And Hounds Kings Heath', 'address': '106 High Street, Kings Heath', 'town': 'Birmingham', 'postcode_lookup': 'Birmingham', 'postcode': 'B14 7JZ', 'region': 'Birmingham', 'country': 'GB', 'phone': '0121 444 2081', 'latitude': 52.434622, 'longitude': -1.89298, 'type': 'live', 'rating': 4, 'reviewCount': 15186, 'distance': 11460.213562936333}",https://d31fr2pwly4c4s.cloudfront.net/5/e/2/2298916_fd42263c_weird-on-purpose-w-dusker-sqd-bleach-fields_th.jpg,https://d31fr2pwly4c4s.cloudfront.net/5/e/2/2298916_fd42263c_weird-on-purpose-w-dusker-sqd-bleach-fields.jpg,https://d31fr2pwly4c4s.cloudfront.net/5/e/2/2298916_fd42263c_weird-on-purpose-w-dusker-sqd-bleach-fields_1024.jpg,https://d31fr2pwly4c4s.cloudfront.net/5/e/2/2298916_fd42263c_weird-on-purpose-w-dusker-sqd-bleach-fields_1024.webp,https://www.skiddle.com/whats-on/Birmingham/Hare-And-Hounds-Kings-Heath/Weird-On-Purpose-w-Dusker-SQD--Bleach-Fields/42570424/,2026-07-29,2026-07-29T19:30:00+00:00,2026-07-29T22:30:00+00:00,"A monthly showcase curated by This Is Tmrw, celebrating emerging talent from the West Midlands. Tickets always £6! Genre: Post-punk, alternative","{'doorsopen': '19:30', 'doorsclose': '22:30', 'lastentry': ''}",14,,0,14,True,"{'minPrice': 6.6, 'maxPrice': 6.6}",,public,,False,{'enabled': False},#e8d8c8,GBP,[],"[{'genreid': '46', 'name': 'Alternative'}, {'genreid': '53', 'name': 'Punk'}]",[]
42343757,2248231,False,2248231,False,0,LIVE,Hot 8 Brass Band,0,,,,,"{'id': 80637, 'name': 'The Castle And Falcon', 'address': '402 Moseley Road', 'town': 'Birmingham', 'postcode_lookup': 'Birmingham', 'postcode': 'B12 9AT', 'region': 'Birmingham', 'country': 'GB', 'phone': '0121 440 4278', 'latitude': 52.4599842, 'longitude': -1.884336, 'type': 'live', 'rating': 4, 'reviewCount': 2027, 'distance': 10367.31784588706}",https://d31fr2pwly4c4s.cloudfront.net/8/3/f/2248231_5ae36d8b_hot-8-brass-band_th.jpg,https://d31fr2pwly4c4s.cloudfront.net/8/3/f/2248231_5ae36d8b_hot-8-brass-band.jpg,https://d31fr2pwly4c4s.cloudfront.net/8/3/f/2248231_5ae36d8b_hot-8-brass-band_1024.jpg,https://d31fr2pwly4c4s.cloudfront.net/8/3/f/2248231_5ae36d8b_hot-8-brass-band_1024.webp,https://www.skiddle.com/whats-on/Birmingham/The-Castle-And-Falcon/Hot-8-Brass-Band/42343757/,2026-07-30,2026-07-30T19:30:00+00:00,2026-07-30T22:30:00+00:00,"Leftfoot presents Hot 8 Brass Band live at the Castle & Falcon on Thursday, July 30th.","{'doorsopen': '19:30', 'doorsclose': '22:30', 'lastentry': ''}",14,,0,49,True,"{'minPrice': 25, 'maxPrice': 25}",,public,,False,{'enabled': False},#181818,GBP,"[{'artistid': '123535284', 'name': 'The Hot 8 Brass Band', 'image': 'https://d1mdxzfl9p8pzo.cloudfront.net/4/123535284_1_1024.jpg', 'spotifyartisturl': 'spotify:artist:1lvVzEkQ4u72rrZ7bNUkcD'}]","[{'genreid': '25', 'name': 'Jazz'}, {'genreid': '45', 'name': 'Funk'}]",[]
42257957,2227617,False,2227617,False,0,LIVE,The 19th Street Band,0,,,,,"{'id': 38952, 'name': 'Hare And Hounds Kings Heath', 'address': '106 High Street, Kings Heath', 'town': 'Birmingham', 'postcode_lookup': 'Birmingham', 'postcode': 'B14 7JZ', 'region': 'Birmingham', 'country': 'GB', 'phone': '0121 444 2081', 'latitude': 52.434622, 'longitude': -1.89298, 'type': 'live', 'rating': 4, 'reviewCount': 15186, 'distance': 11460.213562936333}",https://d31fr2pwly4c4s.cloudfront.net/6/5/0/2227617_97891727_the-19th-street-band_th.jpg,https://d31fr2pwly4c4s.cloudfront.net/6/5/0/2227617_97891727_the-19th-street-band.jpg,https://d31fr2pwly4c4s.cloudfront.net/6/5/0/2227617_97891727_the-19th-street-band_1024.jpg,https://d31fr2pwly4c4s.cloudfront.net/6/5/0/2227617_97891727_the-19th-street-band_1024.webp,https://www.skiddle.com/whats-on/Birmingham/Hare-And-Hounds-Kings-Heath/The-19th-Street-Band/42257957/,2026-07-30,2026-07-30T19:30:00+00:00,2026-07-30T23:00:00+00:00,"Loved for their strong vocal harmonies and driving rhythms, The 19th Street Band deliver high-energy Americana, indie-rockin', folking good time music","{'doorsopen': '19:30', 'doorsclose': '23:00', 'lastentry': ''}",14,,0,11,True,"{'minPrice': 10.6, 'maxPrice': 10.6}",,public,,False,{'enabled': False},#080808,GBP,[],"[{'genreid': '71', 'name': 'Country/Americana'}]",[]
42482007,2278612,False,mCLzwbmEVb,False,0,LIVE,Live Music & Happy Hour at The Dry Spy Every Friday & Saturday,0,,,,,"{'id': 115863, 'name': 'The Dry Spy Knowle', 'address': '1673 High St, Knowle, Solihull ', 'town': 'Solihull', 'postcode_lookup': 'Solihull', 'postcode': 'B93 0NA', 'region': 'Birmingham', 'country': 'GB', 'phone': '07711917247', 'latitude': 52.388444, 'longitude': -1.7350295, 'type': 'bar', 'rating': 4, 'reviewCount': 7, 'distance': 23132.041930611493}",https://d31fr2pwly4c4s.cloudfront.net/8/1/1/2278603_dd4a3703_live-music-happy-hour-at-the-dry-spy-every-friday-saturday_th.jpg,https://d31fr2pwly4c4s.cloudfront.net/8/1/1/2278603_dd4a3703_live-music-happy-hour-at-the-dry-spy-every-friday-saturday.jpg,https://d31fr2pwly4c4s.cloudfront.net/8/1/1/2278603_dd4a3703_live-music-happy-hour-at-the-dry-spy-every-friday-saturday_1024.jpg,https://d31fr2pwly4c4s.cloudfront.net/8/1/1/2278603_dd4a3703_live-music-happy-hour-at-the-dry-spy-every-friday-saturday_1024.webp,https://www.skiddle.com/whats-on/Solihull/The-Dry-Spy-Knowle/Live-Music--Happy-Hour-at-The-Dry-Spy-Every-Friday--Saturday/42482007/,2026-07-31,2026-07-31T17:00:00+00:00,2026-07-31T23:45:00+00:00,"Live Music Friday & Saturday 
Happy Hour 5pm-7pm
Book tables Direct on Website
Table Reservations Available 
Open Thurs 241 Drinks","{'doorsopen': '17:00', 'doorsclose': '23:45', 'lastentry': ''}",18,,0,0,True,"{'minPrice': 0, 'maxPrice': 0}",,public,,False,{'enabled': False},,GBP,[],"[{'genreid': '42', 'name': 'Acoustic'}]",[]
42408953,2260628,False,2260628,False,0,LIVE,The Masses,0,,,,,"{'id': 99974, 'name': 'Dead Wax', 'address': '28 Adderley Street', 'town': 'Birmingham', 'postcode_lookup': 'Birmingham', 'postcode': 'B9 4ED', 'region': 'Birmingham', 'country': 'GB', 'phone': '', 'latitude': 52.4746387, 'longitude': -1.8789963, 'type': 'bar', 'rating': 4, 'reviewCount': 706, 'distance': 10084.834114657357}",https://d31fr2pwly4c4s.cloudfront.net/9/f/6/2260628_e74fe99e_the-masses_th.jpg,https://d31fr2pwly4c4s.cloudfront.net/9/f/6/2260628_e74fe99e_the-masses.jpg,https://d31fr2pwly4c4s.cloudfront.net/9/f/6/2260628_e74fe99e_the-masses_1024.jpg,https://d31fr2pwly4c4s.cloudfront.net/9/f/6/2260628_e74fe99e_the-masses_1024.webp,https://www.skiddle.com/whats-on/Birmingham/Dead-Wax/The-Masses/42408953/,2026-07-31,2026-07-31T19:00:00+00:00,2026-07-31T23:00:00+00:00,The Masses headline Dead Wax Digbeth!,"{'doorsopen': '19:00', 'doorsclose': '23:00', 'lastentry': ''}",18,,0,39,True,"{'minPrice': 12, 'maxPrice': 12}",,public,,False,{'enabled': False},#181818,GBP,[],"[{'genreid': '5', 'name': 'Rock'}, {'genreid': '26', 'name': 'Indie'}, {'genreid': '46', 'name': 'Alternative'}]",[]
41309732,2091081,False,2091081,False,0,LIVE,Sabbotage,0,,,,,"{'id': 121518, 'name': 'The Victoria Birmingham', 'address': '48 John Bright Street', 'town': 'Birmingham', 'postcode_lookup': 'Birmingham', 'postcode': 'B1 1BN', 'region': 'Birmingham', 'country': 'GB', 'phone': '0121 633 9439', 'latitude': 52.4760813, 'longitude': -1.9007447, 'type': 'live', 'rating': 4, 'reviewCount': 85, 'distance': 8637.274485188855}",https://d31fr2pwly4c4s.cloudfront.net/c/c/3/2091081_2bf682b4_sabbotage_th.jpg,https://d31fr2pwly4c4s.cloudfront.net/c/c/3/2091081_2bf682b4_sabbotage.jpg,https://d31fr2pwly4c4s.cloudfront.net/c/c/3/2091081_2bf682b4_sabbotage_1024.jpg,https://d31fr2pwly4c4s.cloudfront.net/c/c/3/2091081_2bf682b4_sabbotage_1024.webp,https://www.skiddle.com/whats-on/Birmingham/The-Victoria-Birmingham/Sabbotage/41309732/,2026-07-31,2026-07-31T19:30:00+00:00,2026-07-31T23:00:00+00:00,"Sabbotage, the ultimate Black Sabbath tribute, returns to The Victoria, Birmingham, on Friday, 31st July!","{'doorsopen': '19:30', 'doorsclose': '23:00', 'lastentry': ''}",18,,0,1,True,"{'minPrice': 12, 'maxPrice': 12}",,public,,False,{'enabled': False},#f8f8f8,GBP,[],"[{'genreid': '5', 'name': 'Rock'}, {'genreid': '27', 'name': 'Metal'}]",[]
42572282,2299397,False,2299397,False,0,LIVE,LIVE AT THE ROYAL / A Tribute to Kasabian,0,,,,,"{'id': 135764, 'name': 'The Royal Sutton Coldfield', 'address': 'High Street', 'town': 'Sutton Coldfield', 'postcode_lookup': 'Sutton-Coldfield', 'postcode': 'B72 1UD', 'region': 'Birmingham', 'country': 'GB', 'phone': '0121 355 8222', 'latitude': 52.5659496, 'longitude': -1.8230434, 'type': 'Nightclub', 'rating': 3, 'reviewCount': 35, 'distance': 15160.644610873445}",https://d31fr2pwly4c4s.cloudfront.net/1/3/8/2299397_10ea3fe6_live-at-the-royal-a-tribute-to-kasabian_th.jpg,https://d31fr2pwly4c4s.cloudfront.net/1/3/8/2299397_10ea3fe6_live-at-the-royal-a-tribute-to-kasabian.jpg,https://d31fr2pwly4c4s.cloudfront.net/1/3/8/2299397_10ea3fe6_live-at-the-royal-a-tribute-to-kasabian_1024.jpg,https://d31fr2pwly4c4s.cloudfront.net/1/3/8/2299397_10ea3fe6_live-at-the-royal-a-tribute-to-kasabian_1024.webp,https://www.skiddle.com/whats-on/Sutton-Coldfield/The-Royal-Sutton-Coldfield/LIVE-AT-THE-ROYAL--A-Tribute-to-Kasabian/42572282/,2026-07-31,2026-07-31T20:00:00+00:00,2026-08-01T00:00:00+00:00,The UK's finest Kasabian tribute is coming to Sutton to take the roof off The Royal. A massive night of live indie anthems!,"{'doorsopen': '20:00', 'doorsclose': '00:00', 'lastentry': '21:45'}",21,,0,0,True,"{'minPrice': 8, 'maxPrice': 8}",,public,,False,{'enabled': False},#080808,GBP,[],"[{'genreid': '5', 'name': 'Rock'}, {'genreid': '26', 'name': 'Indie'}, {'genreid': '46', 'name': 'Alternative'}]",[]
42375448,2256015,False,2256015,False,0,LIVE,Anthem Social,0,,,,,"{'id': 38008, 'name': 'The Jam House', 'address': ""3-5 St. Paul's square"", 'town': 'Birmingham ', 'postcode_lookup': 'Birmingham', 'postcode': 'B3 1QU', 'region': 'Birmingham', 'country': 'GB', 'phone': '0121 200 3030', 'latitude': 52.485231, 'longitude': -1.904536, 'type': 'live', 'rating': 4, 'reviewCount': 81, 'distance': 8102.218714239657}",https://d31fr2pwly4c4s.cloudfront.net/3/d/3/2256015_0c60d4f8_anthem-social_th.jpg,https://d31fr2pwly4c4s.cloudfront.net/3/d/3/2256015_0c60d4f8_anthem-social.jpg,https://d31fr2pwly4c4s.cloudfront.net/3/d/3/2256015_0c60d4f8_anthem-social_1024.jpg,https://d31fr2pwly4c4s.cloudfront.net/3/d/3/2256015_0c60d4f8_anthem-social_1024.webp,https://www.skiddle.com/whats-on/Birmingham/The-Jam-House/Anthem-Social/42375448/,2026-08-01,2026-08-01T14:00:00+00:00,2026-08-01T18:00:00+00:00,"Daytime Clubbing experience like no other. With guest DJ Rue Jay Vs Pete Sherriff supported by DJ Mat B, this event is one  not to be missed.","{'doorsopen': '14:00', 'doorsclose': '18:00', 'lastentry': '14:00'}",25,,0,20,True,"{'minPrice': 10, 'maxPrice': 12}",,public,,False,{'enabled': False},#181818,GBP,"[{'artistid': '123593476', 'name': 'Rue Jay', 'image': 'https://d1mdxzfl9p8pzo.cloudfront.net/6/123593476_46c3c7d1_1024.jpg', 'spotifyartisturl': 'spotify:artist:6PRSGfADyj9452tYywGxq7'}]","[{'genreid': '1', 'name': 'House'}, {'genreid': '87', 'name': 'Nu Disco'}]",[]
42560657,2296199,False,2296199,False,0,LIVE,Exodus Movement X 3rd Generation Sound Boy,0,,,,,"{'id': 138551, 'name': 'Level Up Bar', 'address': '66 Worcester Street', 'town': 'Wolverhampton', 'postcode_lookup': 'Wolverhampton', 'postcode': 'WV2 4LQ', 'region': 'West Midlands', 'country': 'GB', 'phone': '07884533043', 'latitude': 52.5822768, 'longitude': -2.1310358, 'type': 'bar', 'rating': 4, 'reviewCount': 5, 'distance': 11621.255062122635}",https://d1plawd8huk6hh.cloudfront.net/assets/default400.png,https://d1plawd8huk6hh.cloudfront.net/assets/default400.png,https://d1plawd8huk6hh.cloudfront.net/assets/default400.png,False,https://www.skiddle.com/whats-on/Wolverhampton/Level-Up-Bar/Exodus-Movement-X-3rd-Generation-Sound-Boy/42560657/,2026-08-01,2026-08-01T15:00:00+00:00,2026-08-01T22:00:00+00:00,Celebrate Jamaican Independence Day with Exodus Movement X 3rd Generation Sound Boy at Level Up Bar this August the 1st,"{'doorsopen': '15:00', 'doorsclose': '22:00', 'lastentry': '16:00'}",,,0,0,True,"{'minPrice': 5, 'maxPrice': 10}",,public,,False,{'enabled': False},,GBP,[],"[{'genreid': '68', 'name': 'Reggae'}, {'genreid': '103', 'name': 'Dub'}]",[]
42467452,2274260,False,2274260,False,0,LIVE,This Is Tmrw presents Psych Summer All-Dayer,0,,,,,"{'id': 38952, 'name': 'Hare And Hounds Kings Heath', 'address': '106 High Street, Kings Heath', 'town': 'Birmingham', 'postcode_lookup': 'Birmingham', 'postcode': 'B14 7JZ', 'region': 'Birmingham', 'country': 'GB', 'phone': '0121 444 2081', 'latitude': 52.434622, 'longitude': -1.89298, 'type': 'live', 'rating': 4, 'reviewCount': 15186, 'distance': 11460.213562936333}",https://d31fr2pwly4c4s.cloudfront.net/c/6/a/2274260_7fe34f2f_psych-summer-all-dayer_th.jpg,https://d31fr2pwly4c4s.cloudfront.net/c/6/a/2274260_7fe34f2f_psych-summer-all-dayer.jpg,https://d31fr2pwly4c4s.cloudfront.net/c/6/a/2274260_7fe34f2f_psych-summer-all-dayer_1024.jpg,https://d31fr2pwly4c4s.cloudfront.net/c/6/a/2274260_7fe34f2f_psych-summer-all-dayer_1024.webp,https://www.skiddle.com/whats-on/Birmingham/Hare-And-Hounds-Kings-Heath/This-Is-Tmrw-presents-Psych-Summer-All-Dayer/42467452/,2026-08-01,2026-08-01T16:30:00+00:00,2026-08-01T23:00:00+00:00,"All-dayer featuring the best psychedelic sounds from the second city, with music from Brian Lightning, Lobby, Layla Tutt, Retinal Circus & Ocean Ivy!","{'doorsopen': '16:30', 'doorsclose': '23:00', 'lastentry': ''}",18,,0,30,True,"{'minPrice': 10.6, 'maxPrice': 12.6}",,public,,False,{'enabled': False},#e8d8c8,GBP,[],"[{'genreid': '5', 'name': 'Rock'}, {'genreid': '26', 'name': 'Indie'}, {'genreid': '46', 'name': 'Alternative'}, {'genreid': '125', 'name': 'Progressive Rock'}]",[]
42004257,2200616,False,2200616,False,0,LIVE,BEAR - Live @ The Flapper [w/ Fluoxetine & The Spoils],0,,,,,"{'id': 476, 'name': 'The Flapper', 'address': 'Cambrian Wharf, 8 Kingston Row, Birmingham', 'town': 'Birmingham', 'postcode_lookup': 'Birmingham', 'postcode': 'B1 2NU', 'region': 'Birmingham', 'country': 'GB', 'phone': '0121 236 2421', 'latitude': 52.480479, 'longitude': -1.912217, 'type': 'Nightclub', 'rating': 4, 'reviewCount': 281, 'distance': 7744.135718582458}",https://d31fr2pwly4c4s.cloudfront.net/6/4/4/2200616_fce468b2_bear-live-the-flapper-w-fluoxetine-more-tbc-_th.jpg,https://d31fr2pwly4c4s.cloudfront.net/6/4/4/2200616_fce468b2_bear-live-the-flapper-w-fluoxetine-more-tbc-.jpg,https://d31fr2pwly4c4s.cloudfront.net/6/4/4/2200616_fce468b2_bear-live-the-flapper-w-fluoxetine-more-tbc-_1024.jpg,https://d31fr2pwly4c4s.cloudfront.net/6/4/4/2200616_fce468b2_bear-live-the-flapper-w-fluoxetine-more-tbc-_1024.webp,https://www.skiddle.com/whats-on/Birmingham/The-Flapper/BEAR---Live--The-Flapper-w-Fluoxetine--The-Spoils/42004257/,2026-08-01,2026-08-01T19:00:00+00:00,2026-08-01T23:00:00+00:00,"BEAR debuts live with heavy, confrontational metal and a show made for the room, not the algorithm.
August 1st. The Flapper. Be there.","{'doorsopen': '19:00', 'doorsclose': '23:00', 'lastentry': '19:30'}",18,,0,2,True,"{'minPrice': 6, 'maxPrice': 6}",,public,,False,{'enabled': False},#f8f8f8,GBP,[],"[{'genreid': '27', 'name': 'Metal'}, {'genreid': '46', 'name': 'Alternative'}]",[]
42176042,2223436,False,2223436,False,0,LIVE,Spinfest Vol.2: Capital punishment + special guests,1,2026-05-06 10:42:10,cancelled,Automatic cancellation: All future dates in the event series have been cancelled,,"{'id': 138065, 'name': 'Dead Wax Birmingham', 'address': '28 adderly street', 'town': 'Birmingham', 'postcode_lookup': 'Birmingham', 'postcode': 'B9 4ed', 'region': 'Birmingham', 'country': 'GB', 'phone': '', 'latitude': 52.4750015, 'longitude': -1.8796849, 'type': 'live', 'rating': 0, 'reviewCount': 0, 'distance': 10028.204842358695}",https://d1plawd8huk6hh.cloudfront.net/assets/default400.png,https://d1plawd8huk6hh.cloudfront.net/assets/default400.png,https://d1plawd8huk6hh.cloudfront.net/assets/default400.png,False,https://www.skiddle.com/whats-on/Birmingham/Dead-Wax-Birmingham/Spinfest-Vol2-Capital-punishment--special-guests/42176042/,2026-08-01,2026-08-01T19:00:00+00:00,2026-08-01T23:00:00+00:00,"Capital punishment headline spinfest vol.2 eith support coming from final words, hacked up, 12 gauge autopsy, knifepoint and barbed wire","{'doorsopen': '19:00', 'doorsclose': '23:00', 'lastentry': ''}",16,,0,0,False,"{'minPrice': 10, 'maxPrice': 10}",,public,,False,{'enabled': False},#080808,GBP,[],"[{'genreid': '99', 'name': 'Hardcore Punk'}]",[]
42560659,2296201,False,2296201,False,0,LIVE,Big Stevie's 70s & 80s,0,,,,,"{'id': 106360, 'name': 'The Rhodehouse', 'address': '123 Parade', 'town': 'Sutton Coldfield', 'postcode_lookup': 'Sutton-Coldfield', 'postcode': 'B72 1PU', 'region': 'Birmingham', 'country': 'GB', 'phone': '', 'latitude': 52.560161, 'longitude': -1.825201, 'type': 'live', 'rating': 4, 'reviewCount': 2536, 'distance': 14739.120403282686}",https://d31fr2pwly4c4s.cloudfront.net/4/f/7/2296201_c96590e1_big-stevie-s-70s-80s_th.jpg,https://d31fr2pwly4c4s.cloudfront.net/4/f/7/2296201_c96590e1_big-stevie-s-70s-80s.jpg,https://d31fr2pwly4c4s.cloudfront.net/4/f/7/2296201_c96590e1_big-stevie-s-70s-80s_1024.jpg,https://d31fr2pwly4c4s.cloudfront.net/4/f/7/2296201_c96590e1_big-stevie-s-70s-80s_1024.webp,https://www.skiddle.com/whats-on/Sutton-Coldfield/The-Rhodehouse/Big-Stevies-70s--80s/42560659/,2026-08-01,2026-08-01T19:00:00+00:00,2026-08-01T23:45:00+00:00,"Big Stevie's bringing the 70s & 80s back. Live music, disco floors, and guilty pleasures you never stopped loving. With live performance by Julian!","{'doorsopen': '19:00', 'doorsclose': '23:45', 'lastentry': ''}",18,,0,6,True,"{'minPrice': 5, 'maxPrice': 5}",,public,,False,{'enabled': False},#080808,GBP,[],"[{'genreid': '20', 'name': 'Pop'}, {'genreid': '43', 'name': 'Soul'}, {'genreid': '45', 'name': 'Funk'}, {'genreid': '57', 'name': 'Disco'}]",[]
42580668,2301178,False,2301178,False,0,LIVE,"A Night of Jagged Little Pill live at The Robin, Bilston",0,,,,,"{'id': 858, 'name': 'The Robin', 'address': '20-22 Mount Pleasant', 'town': 'Bilston', 'postcode_lookup': 'Wolverhampton', 'postcode': 'WV14 7LJ', 'region': 'West Midlands', 'country': 'GB', 'phone': '01384 637747', 'latitude': 52.567382, 'longitude': -2.07465, 'type': 'live', 'rating': 4, 'reviewCount': 32, 'distance': 8125.460391013146}",https://d31fr2pwly4c4s.cloudfront.net/4/b/6/2301178_95f646db_a-night-of-jagged-little-pill-live-at-the-robin-bilston_th.jpg,https://d31fr2pwly4c4s.cloudfront.net/4/b/6/2301178_95f646db_a-night-of-jagged-little-pill-live-at-the-robin-bilston.jpg,https://d31fr2pwly4c4s.cloudfront.net/4/b/6/2301178_95f646db_a-night-of-jagged-little-pill-live-at-the-robin-bilston_1024.jpg,https://d31fr2pwly4c4s.cloudfront.net/4/b/6/2301178_95f646db_a-night-of-jagged-little-pill-live-at-the-robin-bilston_1024.webp,https://www.skiddle.com/whats-on/Wolverhampton/The-Robin/A-Night-of-Jagged-Little-Pill-live-at-The-Robin-Bilston/42580668/,2026-08-01,2026-08-01T19:30:00+00:00,2026-08-01T22:30:00+00:00,"Join a full live, powerhouse band for a night of pure nostalgia as they perform the iconic ""Jagged Little Pill"" album in its entirety.","{'doorsopen': '19:30', 'doorsclose': '22:30', 'lastentry': '20:00'}",,,0,0,False,"{'minPrice': 5, 'maxPrice': 5}",,public,,False,{'enabled': False},#c8e8e8,GBP,[],"[{'genreid': '35', 'name': 'Themed'}, {'genreid': '48', 'name': 'Covers Band/Tribute Act'}, {'genreid': '82', 'name': '1990s'}, {'genreid': '107', 'name': 'Pop Rock'}, {'genreid': '126', 'name': 'Alternative Pop'}]",[]
42483203,2279153,False,2279153,False,0,LIVE,The Nature Centre + Sean Murray Album Launch,0,,,,,"{'id': 38952, 'name': 'Hare And Hounds Kings Heath', 'address': '106 High Street, Kings Heath', 'town': 'Birmingham', 'postcode_lookup': 'Birmingham', 'postcode': 'B14 7JZ', 'region': 'Birmingham', 'country': 'GB', 'phone': '0121 444 2081', 'latitude': 52.434622, 'longitude': -1.89298, 'type': 'live', 'rating': 4, 'reviewCount': 15186, 'distance': 11460.213562936333}",https://d31fr2pwly4c4s.cloudfront.net/9/0/c/2279153_1f5e82fc_the-nature-centre-sean-murray-album-launch_th.jpg,https://d31fr2pwly4c4s.cloudfront.net/9/0/c/2279153_1f5e82fc_the-nature-centre-sean-murray-album-launch.jpg,https://d31fr2pwly4c4s.cloudfront.net/9/0/c/2279153_1f5e82fc_the-nature-centre-sean-murray-album-launch_1024.jpg,https://d31fr2pwly4c4s.cloudfront.net/9/0/c/2279153_1f5e82fc_the-nature-centre-sean-murray-album-launch_1024.webp,https://www.skiddle.com/whats-on/Birmingham/Hare-And-Hounds-Kings-Heath/The-Nature-Centre--Sean-Murray-Album-Launch/42483203/,2026-08-02,2026-08-02T19:30:00+00:00,2026-08-02T23:00:00+00:00,support from Jessica Claire and The Catalysts!,"{'doorsopen': '19:30', 'doorsclose': '23:00', 'lastentry': ''}",14,,0,2,True,"{'minPrice': 10.6, 'maxPrice': 10.6}",,public,,False,{'enabled': False},#e8d898,GBP,[],"[{'genreid': '26', 'name': 'Indie'}, {'genreid': '46', 'name': 'Alternative'}]",[]
42585164,2302385,False,2302385,False,0,LIVE,NBHD Presents: NBHD OPEN JAM (Afro Summer Party),0,,,,,"{'id': 64096, 'name': 'The Night Owl', 'address': '17-18 Lower Trinity Street', 'town': 'Birmingham', 'postcode_lookup': 'Birmingham', 'postcode': 'B9 4AG', 'region': 'Birmingham', 'country': 'GB', 'phone': '', 'latitude': 52.4751658, 'longitude': -1.8818523, 'type': 'Nightclub', 'rating': 4, 'reviewCount': 164, 'distance': 9882.733294032021}",https://d31fr2pwly4c4s.cloudfront.net/f/d/4/2302385_5bec7944_nbhd-presents-nbhd-open-jam-afro-summer-party-_th.jpg,https://d31fr2pwly4c4s.cloudfront.net/f/d/4/2302385_5bec7944_nbhd-presents-nbhd-open-jam-afro-summer-party-.jpg,https://d31fr2pwly4c4s.cloudfront.net/f/d/4/2302385_5bec7944_nbhd-presents-nbhd-open-jam-afro-summer-party-_1024.jpg,https://d31fr2pwly4c4s.cloudfront.net/f/d/4/2302385_5bec7944_nbhd-presents-nbhd-open-jam-afro-summer-party-_1024.webp,https://www.skiddle.com/whats-on/Birmingham/The-Night-Owl/NBHD-Presents-NBHD-OPEN-JAM-Afro-Summer-Party/42585164/,2026-08-03,2026-08-03T19:30:00+00:00,2026-08-03T23:45:00+00:00,"We’re bringing Afro Summer energy to The Night Owl, with a night built around Afrobeats, Amapiano, Afrohouse and everything in between.","{'doorsopen': '19:30', 'doorsclose': '23:45', 'lastentry': ''}",18,,0,0,True,"{'minPrice': 5, 'maxPrice': 6}",,public,,False,{'enabled': False},#181808,GBP,[],"[{'genreid': '39', 'name': 'Hip Hop'}, {'genreid': '66', 'name': 'African'}, {'genreid': '95', 'name': 'Afrobeat'}, {'genreid': '110', 'name': 'Amapiano'}]",[]
42573211,2299723,False,2299723,False,0,LIVE,Jazz night with the Hard Bop Collective,0,,,,,"{'id': 140373, 'name': 'Alvechurch Sports And Social Club', 'address': 'Radford Road', 'town': 'Birmingham', 'postcode_lookup': 'Birmingham', 'postcode': 'B48 7LD', 'region': 'Birmingham', 'country': 'GB', 'phone': '07970662692', 'latitude': 52.3516939, 'longitude': -1.9588429, 'type': 'bar', 'rating': 0, 'reviewCount': 0, 'distance': 17236.47952681698}",https://d1plawd8huk6hh.cloudfront.net/assets/default400.png,https://d1plawd8huk6hh.cloudfront.net/assets/default400.png,https://d1plawd8huk6hh.cloudfront.net/assets/default400.png,False,https://www.skiddle.com/whats-on/Birmingham/Alvechurch-Sports-And-Social-Club/Jazz-night-with-the-Hard-Bop-Collective/42573211/,2026-08-03,2026-08-03T20:00:00+00:00,2026-08-03T22:30:00+00:00,An evening of live jazz with this exciting combo dedicated to the sounds of Bebop and Hard Bop,"{'doorsopen': '20:00', 'doorsclose': '22:30', 'lastentry': '20:00'}",,,0,0,False,"{'minPrice': 5, 'maxPrice': 6}",,public,,False,{'enabled': False},#f8f8f8,GBP,[],"[{'genreid': '25', 'name': 'Jazz'}, {'genreid': '40', 'name': 'Blues'}]",[]
42438564,2268745,False,2268745,False,0,LIVE,An Afternoon of Rock & Roll,0,,,,,"{'id': 109498, 'name': 'Stone Cross Library', 'address': 'Stone Cross Library, Beverley Road', 'town': 'West Bromwich', 'postcode_lookup': 'West-Bromwich', 'postcode': 'B71 2LH', 'region': 'Birmingham', 'country': 'GB', 'phone': '0121 569 4942', 'latitude': 52.5442096, 'longitude': -1.9859873, 'type': 'Other', 'rating': 0, 'reviewCount': 0, 'distance': 5257.389235005363}",https://d31fr2pwly4c4s.cloudfront.net/d/1/9/2268745_29062087_An-Afternoon-of-Rock---Roll_th.jpg,https://d31fr2pwly4c4s.cloudfront.net/d/1/9/2268745_29062087_An-Afternoon-of-Rock---Roll.jpg,https://d31fr2pwly4c4s.cloudfront.net/d/1/9/2268745_29062087_An-Afternoon-of-Rock---Roll_1024.jpg,https://d31fr2pwly4c4s.cloudfront.net/d/1/9/2268745_29062087_An-Afternoon-of-Rock---Roll_1024.webp,https://www.skiddle.com/whats-on/West-Bromwich/Stone-Cross-Library/An-Afternoon-of-Rock--Roll/42438564/,2026-08-04,2026-08-04T14:30:00+00:00,2026-08-04T16:30:00+00:00,"An afternoon of classic 50s' & 60s' hits made famous by artists such as Johnny Cash, Jerry Lee Lewis, Bill Haley & Elvis Presley.","{'doorsopen': '14:30', 'doorsclose': '16:30', 'lastentry': '14:30'}",,,0,0,False,"{'minPrice': 5, 'maxPrice': 6}",,public,,False,{'enabled': False},#f8c8e8,GBP,"[{'artistid': '123568194', 'name': 'Tom Heyes', 'image': 'https://d1mdxzfl9p8pzo.cloudfront.net/4/123568194_2_1024.jpg', 'spotifyartisturl': None}]","[{'genreid': '60', 'name': 'Rock & Roll / 1950s'}, {'genreid': '71', 'name': 'Country/Americana'}]",[]
42427496,2264923,False,2264923,False,0,LIVE,Jesse Royal,0,,,,,"{'id': 38008, 'name': 'The Jam House', 'address': ""3-5 St. Paul's square"", 'town': 'Birmingham ', 'postcode_lookup': 'Birmingham', 'postcode': 'B3 1QU', 'region': 'Birmingham', 'country': 'GB', 'phone': '0121 200 3030', 'latitude': 52.485231, 'longitude': -1.904536, 'type': 'live', 'rating': 4, 'reviewCount': 81, 'distance': 8102.218714239657}",https://d31fr2pwly4c4s.cloudfront.net/0/3/f/2264923_63e8da01_jesse-royal_th.jpg,https://d31fr2pwly4c4s.cloudfront.net/0/3/f/2264923_63e8da01_jesse-royal.jpg,https://d31fr2pwly4c4s.cloudfront.net/0/3/f/2264923_63e8da01_jesse-royal_1024.jpg,https://d31fr2pwly4c4s.cloudfront.net/0/3/f/2264923_63e8da01_jesse-royal_1024.webp,https://www.skiddle.com/whats-on/Birmingham/The-Jam-House/Jesse-Royal/42427496/,2026-08-04,2026-08-04T18:00:00+00:00,2026-08-04T23:45:00+00:00,"Jesse Royal stands as one of the defining voices of modern reggae, fusing the weight of 1970s roots with a sharp, contemporary edge.","{'doorsopen': '18:00', 'doorsclose': '23:45', 'lastentry': '20:45'}",18,,0,3,True,"{'minPrice': 16, 'maxPrice': 22}",,public,,False,{'enabled': False},#080808,GBP,"[{'artistid': '123549366', 'name': 'Jesse Royal', 'image': 'https://d1plawd8huk6hh.cloudfront.net/assets/default400.png', 'spotifyartisturl': 'spotify:artist:4aXUVIuNCDbLoRAYfuVDi1'}]","[{'genreid': '68', 'name': 'Reggae'}]",[]
42479266,2278263,False,2278263,False,0,LIVE,Inkline,0,,,,,"{'id': 2058, 'name': 'The Sunflower Lounge', 'address': '76 Smallbrook Queensway', 'town': 'Birmingham', 'postcode_lookup': 'Birmingham', 'postcode': 'B5 4EG', 'region': 'Birmingham', 'country': 'GB', 'phone': '0121 632 6756', 'latitude': 52.476205, 'longitude': -1.897554, 'type': 'bar', 'rating': 4, 'reviewCount': 554, 'distance': 8836.736049148043}",https://d31fr2pwly4c4s.cloudfront.net/4/5/2/2278263_f38bdf35_inkline_th.jpg,https://d31fr2pwly4c4s.cloudfront.net/4/5/2/2278263_f38bdf35_inkline.jpg,https://d31fr2pwly4c4s.cloudfront.net/4/5/2/2278263_f38bdf35_inkline_1024.jpg,https://d31fr2pwly4c4s.cloudfront.net/4/5/2/2278263_f38bdf35_inkline_1024.webp,https://www.skiddle.com/whats-on/Birmingham/The-Sunflower-Lounge/Inkline/42479266/,2026-08-04,2026-08-04T19:30:00+00:00,2026-08-04T22:30:00+00:00,Yampy Promotions & Tarius Events presents inkline plus ferb.,"{'doorsopen': '19:30', 'doorsclose': '22:30', 'lastentry': ''}",16,,0,2,True,"{'minPrice': 8, 'maxPrice': 8}",,public,,False,{'enabled': False},#080808,GBP,[],"[{'genreid': '26', 'name': 'Indie'}]",[]
42482008,2278613,False,mCLzwbmEVb,False,0,LIVE,Live Music & Happy Hour at The Dry Spy Every Friday & Saturday,0,,,,,"{'id': 115863, 'name': 'The Dry Spy Knowle', 'address': '1673 High St, Knowle, Solihull ', 'town': 'Solihull', 'postcode_lookup': 'Solihull', 'postcode': 'B93 0NA', 'region': 'Birmingham', 'country': 'GB', 'phone': '07711917247', 'latitude': 52.388444, 'longitude': -1.7350295, 'type': 'bar', 'rating': 4, 'reviewCount': 7, 'distance': 23132.041930611493}",https://d31fr2pwly4c4s.cloudfront.net/5/2/7/2278603_dd4a3703_live-music-happy-hour-at-the-dry-spy-every-friday-saturday_th.jpg,https://d31fr2pwly4c4s.cloudfront.net/5/2/7/2278603_dd4a3703_live-music-happy-hour-at-the-dry-spy-every-friday-saturday.jpg,https://d31fr2pwly4c4s.cloudfront.net/5/2/7/2278603_dd4a3703_live-music-happy-hour-at-the-dry-spy-every-friday-saturday_1024.jpg,https://d31fr2pwly4c4s.cloudfront.net/5/2/7/2278603_dd4a3703_live-music-happy-hour-at-the-dry-spy-every-friday-saturday_1024.webp,https://www.skiddle.com/whats-on/Solihull/The-Dry-Spy-Knowle/Live-Music--Happy-Hour-at-The-Dry-Spy-Every-Friday--Saturday/42482008/,2026-08-07,2026-08-07T17:00:00+00:00,2026-08-07T23:45:00+00:00,"Live Music Friday & Saturday 
Happy Hour 5pm-7pm
Book tables Direct on Website
Table Reservations Available 
Open Thurs 241 Drinks","{'doorsopen': '17:00', 'doorsclose': '23:45', 'lastentry': ''}",18,,0,0,True,"{'minPrice': 0, 'maxPrice': 0}",,public,,False,{'enabled': False},,GBP,[],"[{'genreid': '42', 'name': 'Acoustic'}]",[]
41499288,2142441,False,2142441,False,0,LIVE,Luke Combs UK - With Full Band Live - Birmingham,0,,,,,"{'id': 106508, 'name': 'Luna Springs Digbeth ', 'address': '17-18 Lower Trinity Street', 'town': 'Birmingham', 'postcode_lookup': 'Birmingham', 'postcode': 'B9 4AG', 'region': 'Birmingham', 'country': 'GB', 'phone': '0121 633 6293', 'latitude': 52.475036, 'longitude': -1.8814649, 'type': 'Nightclub', 'rating': 3, 'reviewCount': 1493, 'distance': 9912.112814875822}",https://d31fr2pwly4c4s.cloudfront.net/f/b/4/2142441_ab306816_luke-combs-uk-with-full-band-live-birmingham_th.jpg,https://d31fr2pwly4c4s.cloudfront.net/f/b/4/2142441_ab306816_luke-combs-uk-with-full-band-live-birmingham.jpg,https://d31fr2pwly4c4s.cloudfront.net/f/b/4/2142441_ab306816_luke-combs-uk-with-full-band-live-birmingham_1024.jpg,https://d31fr2pwly4c4s.cloudfront.net/f/b/4/2142441_ab306816_luke-combs-uk-with-full-band-live-birmingham_1024.webp,https://www.skiddle.com/whats-on/Birmingham/Luna-Springs-Digbeth-/Luke-Combs-UK---With-Full-Band-Live---Birmingham/41499288/,2026-08-07,2026-08-07T18:00:00+00:00,2026-08-07T22:00:00+00:00,The Uk's Leading Tribute to Luke Combs UK is Coming to Birmingham with a Full band Performing all the Hits of Luke Combs Himself - At Luna Springs,"{'doorsopen': '18:00', 'doorsclose': '22:00', 'lastentry': ''}",18,,0,59,True,"{'minPrice': 20, 'maxPrice': 25}",,public,,False,{'enabled': False},#081828,GBP,[],"[{'genreid': '44', 'name': 'Folk'}, {'genreid': '71', 'name': 'Country/Americana'}]",[]
42345209,2248595,False,2248595,False,0,LIVE,Gramps Morgan UK Tour,0,,,,,"{'id': 132655, 'name': 'O2 Institute Birmingham', 'address': '78 Digbeth', 'town': 'Birmingham', 'postcode_lookup': 'Birmingham', 'postcode': 'B5 6DY', 'region': 'Birmingham', 'country': 'GB', 'phone': '', 'latitude': 52.4755583, 'longitude': -1.8874453, 'type': 'Nightclub', 'rating': 4, 'reviewCount': 14, 'distance': 9508.774502072381}",https://d31fr2pwly4c4s.cloudfront.net/1/0/a/2248595_33045090_Gramps-Morgan-UK-Tour_th.jpg,https://d31fr2pwly4c4s.cloudfront.net/1/0/a/2248595_33045090_Gramps-Morgan-UK-Tour.jpg,https://d31fr2pwly4c4s.cloudfront.net/1/0/a/2248595_33045090_Gramps-Morgan-UK-Tour_1024.jpg,https://d31fr2pwly4c4s.cloudfront.net/1/0/a/2248595_33045090_Gramps-Morgan-UK-Tour_1024.webp,https://www.skiddle.com/whats-on/Birmingham/O2-Institute-Birmingham/Gramps-Morgan-UK-Tour/42345209/,2026-08-07,2026-08-07T19:00:00+00:00,2026-08-07T23:00:00+00:00,"GRAMMY-winning Gramps Morgan brings country reggae to the UK with ""No Water In My Whisky"" Tour","{'doorsopen': '19:00', 'doorsclose': '23:00', 'lastentry': ''}",,,0,9,True,"{'minPrice': 25, 'maxPrice': 30}",,public,,False,{'enabled': False},#f8f8f8,GBP,"[{'artistid': '123517872', 'name': 'Morgan Heritage', 'image': 'https://d1mdxzfl9p8pzo.cloudfront.net/2/123517872_267.jpg', 'spotifyartisturl': 'spotify:artist:3VV18HyGcfLTqNjSjbROA1'}]","[{'genreid': '68', 'name': 'Reggae'}]",[]
42573545,2299846,False,2299846,False,0,LIVE,Blue Eyed Soulsters,0,,,,,"{'id': 106360, 'name': 'The Rhodehouse', 'address': '123 Parade', 'town': 'Sutton Coldfield', 'postcode_lookup': 'Sutton-Coldfield', 'postcode': 'B72 1PU', 'region': 'Birmingham', 'country': 'GB', 'phone': '', 'latitude': 52.560161, 'longitude': -1.825201, 'type': 'live', 'rating': 4, 'reviewCount': 2536, 'distance': 14739.120403282686}",https://d31fr2pwly4c4s.cloudfront.net/4/2/7/2299846_956ed86e_blue-eyed-soulsters_th.jpg,https://d31fr2pwly4c4s.cloudfront.net/4/2/7/2299846_956ed86e_blue-eyed-soulsters.jpg,https://d31fr2pwly4c4s.cloudfront.net/4/2/7/2299846_956ed86e_blue-eyed-soulsters_1024.jpg,https://d31fr2pwly4c4s.cloudfront.net/4/2/7/2299846_956ed86e_blue-eyed-soulsters_1024.webp,https://www.skiddle.com/whats-on/Sutton-Coldfield/The-Rhodehouse/Blue-Eyed-Soulsters/42573545/,2026-08-07,2026-08-07T19:00:00+00:00,2026-08-07T23:45:00+00:00,Classic soul live at The Rhodehouse,"{'doorsopen': '19:00', 'doorsclose': '23:45', 'lastentry': ''}",18,,0,0,True,"{'minPrice': 0, 'maxPrice': 0}",,public,,False,{'enabled': False},#080808,GBP,[],"[{'genreid': '40', 'name': 'Blues'}, {'genreid': '43', 'name': 'Soul'}]",[]
42262301,2229747,False,2229747,False,0,LIVE,Heathen Apostles + Beltane Moon,0,,,,,"{'id': 38952, 'name': 'Hare And Hounds Kings Heath', 'address': '106 High Street, Kings Heath', 'town': 'Birmingham', 'postcode_lookup': 'Birmingham', 'postcode': 'B14 7JZ', 'region': 'Birmingham', 'country': 'GB', 'phone': '0121 444 2081', 'latitude': 52.434622, 'longitude': -1.89298, 'type': 'live', 'rating': 4, 'reviewCount': 15186, 'distance': 11460.213562936333}",https://d31fr2pwly4c4s.cloudfront.net/3/8/b/2229747_7d6e9461_heathen-apostles_th.jpg,https://d31fr2pwly4c4s.cloudfront.net/3/8/b/2229747_7d6e9461_heathen-apostles.jpg,https://d31fr2pwly4c4s.cloudfront.net/3/8/b/2229747_7d6e9461_heathen-apostles_1024.jpg,https://d31fr2pwly4c4s.cloudfront.net/3/8/b/2229747_7d6e9461_heathen-apostles_1024.webp,https://www.skiddle.com/whats-on/Birmingham/Hare-And-Hounds-Kings-Heath/Heathen-Apostles--Beltane-Moon/42262301/,2026-08-07,2026-08-07T19:30:00+00:00,2026-08-07T23:00:00+00:00,"Gothic Americana band formed in 2013 who perform a mix of western music, with post-punk and gothic rock elements.","{'doorsopen': '19:30', 'doorsclose': '23:00', 'lastentry': ''}",18,,0,15,True,"{'minPrice': 10.6, 'maxPrice': 15.6}",,public,,False,{'enabled': False},#885848,GBP,[],"[{'genreid': '5', 'name': 'Rock'}, {'genreid': '71', 'name': 'Country/Americana'}]",[]
41776067,2171683,False,2171683,False,0,LIVE,The Lower Angel Band,1,2026-07-01 10:22:46,cancelled,Automatic cancellation: All future dates in the event series have been cancelled,,"{'id': 99974, 'name': 'Dead Wax', 'address': '28 Adderley Street', 'town': 'Birmingham', 'postcode_lookup': 'Birmingham', 'postcode': 'B9 4ED', 'region': 'Birmingham', 'country': 'GB', 'phone': '', 'latitude': 52.4746387, 'longitude': -1.8789963, 'type': 'bar', 'rating': 4, 'reviewCount': 706, 'distance': 10084.834114657357}",https://d31fr2pwly4c4s.cloudfront.net/d/3/2/2171683_81514294_The-Lower-Angel-Band_th.jpg,https://d31fr2pwly4c4s.cloudfront.net/d/3/2/2171683_81514294_The-Lower-Angel-Band.jpg,https://d31fr2pwly4c4s.cloudfront.net/d/3/2/2171683_81514294_The-Lower-Angel-Band_1024.jpg,https://d31fr2pwly4c4s.cloudfront.net/d/3/2/2171683_81514294_The-Lower-Angel-Band_1024.webp,https://www.skiddle.com/whats-on/Birmingham/Dead-Wax/The-Lower-Angel-Band/41776067/,2026-08-08,2026-08-08T19:00:00+00:00,2026-08-08T22:30:00+00:00,"Warrington based The Lower Angel Band bring their unique folk rock sounds on tour, following their recent SOLD OUT album launch!","{'doorsopen': '19:00', 'doorsclose': '22:30', 'lastentry': '19:30'}",18,,0,0,False,"{'minPrice': 8, 'maxPrice': 10}",,public,,False,{'enabled': False},#080808,GBP,"[{'artistid': '123611601', 'name': 'The Lower Angel Band', 'image': 'https://d1mdxzfl9p8pzo.cloudfront.net/1/123611601_fb9cf669_1024.jpg', 'spotifyartisturl': 'spotify:artist:45HIVtV2PJzI1iHjOi5bWS'}]","[{'genreid': '5', 'name': 'Rock'}, {'genreid': '44', 'name': 'Folk'}]",[]
42560684,2296205,False,2296205,False,0,LIVE,DJ Nick Deeming's 'Soulful of Classics',0,,,,,"{'id': 106360, 'name': 'The Rhodehouse', 'address': '123 Parade', 'town': 'Sutton Coldfield', 'postcode_lookup': 'Sutton-Coldfield', 'postcode': 'B72 1PU', 'region': 'Birmingham', 'country': 'GB', 'phone': '', 'latitude': 52.560161, 'longitude': -1.825201, 'type': 'live', 'rating': 4, 'reviewCount': 2536, 'distance': 14739.120403282686}",https://d31fr2pwly4c4s.cloudfront.net/7/1/b/2296205_17d3e566_dj-nick-deeming-s-soulful-of-classics-_th.jpg,https://d31fr2pwly4c4s.cloudfront.net/7/1/b/2296205_17d3e566_dj-nick-deeming-s-soulful-of-classics-.jpg,https://d31fr2pwly4c4s.cloudfront.net/7/1/b/2296205_17d3e566_dj-nick-deeming-s-soulful-of-classics-_1024.jpg,https://d31fr2pwly4c4s.cloudfront.net/7/1/b/2296205_17d3e566_dj-nick-deeming-s-soulful-of-classics-_1024.webp,https://www.skiddle.com/whats-on/Sutton-Coldfield/The-Rhodehouse/DJ-Nick-Deemings-Soulful-of-Classics/42560684/,2026-08-08,2026-08-08T19:00:00+00:00,2026-08-08T23:45:00+00:00,"One of the UK's premier R&B DJs, plus a live performance from Sir Louis. Soul, classics, and the grooves that never get old.","{'doorsopen': '19:00', 'doorsclose': '23:45', 'lastentry': ''}",18,,0,2,True,"{'minPrice': 5, 'maxPrice': 5}",,public,,False,{'enabled': False},#080808,GBP,[],"[{'genreid': '4', 'name': 'R&B'}, {'genreid': '40', 'name': 'Blues'}, {'genreid': '43', 'name': 'Soul'}]",[]
42402649,2258642,False,2258642,False,0,LIVE,ARSE @ The Sunflower Lounge,0,,,,,"{'id': 2058, 'name': 'The Sunflower Lounge', 'address': '76 Smallbrook Queensway', 'town': 'Birmingham', 'postcode_lookup': 'Birmingham', 'postcode': 'B5 4EG', 'region': 'Birmingham', 'country': 'GB', 'phone': '0121 632 6756', 'latitude': 52.476205, 'longitude': -1.897554, 'type': 'bar', 'rating': 4, 'reviewCount': 554, 'distance': 8836.736049148043}",https://d31fr2pwly4c4s.cloudfront.net/e/2/0/2258642_b47cde16_arse-the-sunflower-lounge_th.jpg,https://d31fr2pwly4c4s.cloudfront.net/e/2/0/2258642_b47cde16_arse-the-sunflower-lounge.jpg,https://d31fr2pwly4c4s.cloudfront.net/e/2/0/2258642_b47cde16_arse-the-sunflower-lounge_1024.jpg,https://d31fr2pwly4c4s.cloudfront.net/e/2/0/2258642_b47cde16_arse-the-sunflower-lounge_1024.webp,https://www.skiddle.com/whats-on/Birmingham/The-Sunflower-Lounge/ARSE--The-Sunflower-Lounge/42402649/,2026-08-08,2026-08-08T19:30:00+00:00,2026-08-08T23:00:00+00:00,Yampy Promotions present ARSE + guests,"{'doorsopen': '19:30', 'doorsclose': '23:00', 'lastentry': ''}",18,,0,4,True,"{'minPrice': 10, 'maxPrice': 10}",,public,,False,{'enabled': False},#181818,GBP,[],"[{'genreid': '5', 'name': 'Rock'}, {'genreid': '46', 'name': 'Alternative'}, {'genreid': '53', 'name': 'Punk'}]",[]
42327982,2242989,False,2242989,False,0,LIVE,The Leo Celebration,0,,,,,"{'id': 133466, 'name': 'Chambers Nightclub Walsall And Venue Hire  WS1 1JQ', 'address': 'Unit 2', 'town': 'Walsall', 'postcode_lookup': 'Walsall', 'postcode': 'WS1 1JQ', 'region': 'West Midlands', 'country': 'GB', 'phone': '07990456992', 'latitude': 52.58500659, 'longitude': -1.97901318, 'type': 'Nightclub', 'rating': 1, 'reviewCount': 1, 'distance': 9656.76959989569}",https://d31fr2pwly4c4s.cloudfront.net/d/0/b/2242989_3e8e7051_the-leo-celebration_th.jpg,https://d31fr2pwly4c4s.cloudfront.net/d/0/b/2242989_3e8e7051_the-leo-celebration.jpg,https://d31fr2pwly4c4s.cloudfront.net/d/0/b/2242989_3e8e7051_the-leo-celebration_1024.jpg,https://d31fr2pwly4c4s.cloudfront.net/d/0/b/2242989_3e8e7051_the-leo-celebration_1024.webp,https://www.skiddle.com/whats-on/Walsall/Chambers-Nightclub-Walsall-And-Venue-Hire--WS1-1JQ/The-Leo-Celebration/42327982/,2026-08-08,2026-08-08T21:00:00+00:00,2026-08-09T04:00:00+00:00,"Celebrating all Leo's, live from JA Rory Stone Love and Courtney Melody supported by Tony Krystal, Hurricane Jermaine, Mr Len and Foody Blacks","{'doorsopen': '21:00', 'doorsclose': '04:00', 'lastentry': '23:00'}",18,,0,0,True,"{'minPrice': 20, 'maxPrice': 20}",,public,,False,{'enabled': False},#080808,GBP,[],[],[]
42375593,2256087,False,2256087,False,0,LIVE,Misery Index plus Special Guests,1,2026-07-13 09:07:14,cancelled,Automatic cancellation: All future dates in the event series have been cancelled,,"{'id': 80637, 'name': 'The Castle And Falcon', 'address': '402 Moseley Road', 'town': 'Birmingham', 'postcode_lookup': 'Birmingham', 'postcode': 'B12 9AT', 'region': 'Birmingham', 'country': 'GB', 'phone': '0121 440 4278', 'latitude': 52.4599842, 'longitude': -1.884336, 'type': 'live', 'rating': 4, 'reviewCount': 2027, 'distance': 10367.31784588706}",https://d31fr2pwly4c4s.cloudfront.net/1/e/a/2256087_218ec6c2_misery-index-plus-special-guests_th.jpg,https://d31fr2pwly4c4s.cloudfront.net/1/e/a/2256087_218ec6c2_misery-index-plus-special-guests.jpg,https://d31fr2pwly4c4s.cloudfront.net/1/e/a/2256087_218ec6c2_misery-index-plus-special-guests_1024.jpg,https://d31fr2pwly4c4s.cloudfront.net/1/e/a/2256087_218ec6c2_misery-index-plus-special-guests_1024.webp,https://www.skiddle.com/whats-on/Birmingham/The-Castle-And-Falcon/Misery-Index-plus-Special-Guests/42375593/,2026-08-10,2026-08-10T19:00:00+00:00,2026-08-10T23:00:00+00:00,"Misery Index unleash a ferocious blend of death metal with hardcore-punk influences, both musically and lyrically.","{'doorsopen': '19:00', 'doorsclose': '23:00', 'lastentry': ''}",14,,0,0,False,"{'minPrice': 20, 'maxPrice': 20}",,public,,False,{'enabled': False},#080808,GBP,[],"[{'genreid': '27', 'name': 'Metal'}]",[]
42504148,2284875,False,2284875,False,0,LIVE,Miki Berenyi Trio,0,,,,,"{'id': 38952, 'name': 'Hare And Hounds Kings Heath', 'address': '106 High Street, Kings Heath', 'town': 'Birmingham', 'postcode_lookup': 'Birmingham', 'postcode': 'B14 7JZ', 'region': 'Birmingham', 'country': 'GB', 'phone': '0121 444 2081', 'latitude': 52.434622, 'longitude': -1.89298, 'type': 'live', 'rating': 4, 'reviewCount': 15186, 'distance': 11460.213562936333}",https://d31fr2pwly4c4s.cloudfront.net/3/8/f/2284875_460e53e8_miki-berenyi-trio_th.jpg,https://d31fr2pwly4c4s.cloudfront.net/3/8/f/2284875_460e53e8_miki-berenyi-trio.jpg,https://d31fr2pwly4c4s.cloudfront.net/3/8/f/2284875_460e53e8_miki-berenyi-trio_1024.jpg,https://d31fr2pwly4c4s.cloudfront.net/3/8/f/2284875_460e53e8_miki-berenyi-trio_1024.webp,https://www.skiddle.com/whats-on/Birmingham/Hare-And-Hounds-Kings-Heath/Miki-Berenyi-Trio/42504148/,2026-08-12,2026-08-12T19:30:00+00:00,2026-08-12T23:00:00+00:00,"Miki Berenyi Trio are Miki Berenyi (ex-Lush, Piroshka), Kevin 'Moose' McKillop (ex-Moose, Piroshka) and Oliver Cherer (Gilroy Mere, Aircooled).","{'doorsopen': '19:30', 'doorsclose': '23:00', 'lastentry': ''}",14,,0,21,True,"{'minPrice': 15.6, 'maxPrice': 15.6}",,public,,False,{'enabled': False},#080808,GBP,"[{'artistid': '123603566', 'name': 'Miki Berenyi Trio', 'image': 'https://d1plawd8huk6hh.cloudfront.net/assets/default400.png', 'spotifyartisturl': 'spotify:artist:3Scu03tOOZROXquwsaUj19'}]","[{'genreid': '26', 'name': 'Indie'}, {'genreid': '46', 'name': 'Alternative'}, {'genreid': '130', 'name': 'Shoegaze'}]",[]
42411009,2261118,False,2261118,False,0,LIVE,James Johnston *SOLD OUT*,0,,,,,"{'id': 38952, 'name': 'Hare And Hounds Kings Heath', 'address': '106 High Street, Kings Heath', 'town': 'Birmingham', 'postcode_lookup': 'Birmingham', 'postcode': 'B14 7JZ', 'region': 'Birmingham', 'country': 'GB', 'phone': '0121 444 2081', 'latitude': 52.434622, 'longitude': -1.89298, 'type': 'live', 'rating': 4, 'reviewCount': 15186, 'distance': 11460.213562936333}",https://d31fr2pwly4c4s.cloudfront.net/6/5/d/2261118_61718116_James-Johnston_th.jpg,https://d31fr2pwly4c4s.cloudfront.net/6/5/d/2261118_61718116_James-Johnston.jpg,https://d31fr2pwly4c4s.cloudfront.net/6/5/d/2261118_61718116_James-Johnston_1024.jpg,https://d31fr2pwly4c4s.cloudfront.net/6/5/d/2261118_61718116_James-Johnston_1024.webp,https://www.skiddle.com/whats-on/Birmingham/Hare-And-Hounds-Kings-Heath/James-Johnston-SOLD-OUT/42411009/,2026-08-12,2026-08-12T19:30:00+00:00,2026-08-12T23:00:00+00:00,Night 1 of 2! Australian country music powerhouse James Johnston is bringing his electrifying live show to the UK for the very first time this August.,"{'doorsopen': '19:30', 'doorsclose': '23:00', 'lastentry': ''}",14,,0,111,True,"{'minPrice': 20.6, 'maxPrice': 20.6}",,public,,False,{'enabled': False},#281818,GBP,[],"[{'genreid': '71', 'name': 'Country/Americana'}]",[]
42491681,2282286,False,2282286,False,0,LIVE,The Fazeleys - 'In Any Room' E.P. Launch Party,0,,,,,"{'id': 38952, 'name': 'Hare And Hounds Kings Heath', 'address': '106 High Street, Kings Heath', 'town': 'Birmingham', 'postcode_lookup': 'Birmingham', 'postcode': 'B14 7JZ', 'region': 'Birmingham', 'country': 'GB', 'phone': '0121 444 2081', 'latitude': 52.434622, 'longitude': -1.89298, 'type': 'live', 'rating': 4, 'reviewCount': 15186, 'distance': 11460.213562936333}",https://d31fr2pwly4c4s.cloudfront.net/a/f/e/2282286_a81e911a_the-fazeleys-in-any-room-e-p-launch-party_th.jpg,https://d31fr2pwly4c4s.cloudfront.net/a/f/e/2282286_a81e911a_the-fazeleys-in-any-room-e-p-launch-party.jpg,https://d31fr2pwly4c4s.cloudfront.net/a/f/e/2282286_a81e911a_the-fazeleys-in-any-room-e-p-launch-party_1024.jpg,https://d31fr2pwly4c4s.cloudfront.net/a/f/e/2282286_a81e911a_the-fazeleys-in-any-room-e-p-launch-party_1024.webp,https://www.skiddle.com/whats-on/Birmingham/Hare-And-Hounds-Kings-Heath/The-Fazeleys---In-Any-Room-EP-Launch-Party/42491681/,2026-08-13,2026-08-13T19:30:00+00:00,2026-08-13T23:00:00+00:00,"Brum-based indie rockers The Fazeleys launch their debut E.P. recorded with producer Gavin Monaghan (Editors, Ocean Colour Scene).","{'doorsopen': '19:30', 'doorsclose': '23:00', 'lastentry': ''}",14,,0,1,True,"{'minPrice': 5.6, 'maxPrice': 5.6}",,public,,False,{'enabled': False},#080818,GBP,[],"[{'genreid': '5', 'name': 'Rock'}, {'genreid': '46', 'name': 'Alternative'}]",[]
42400048,2258144,False,2258144,False,0,LIVE,James Johnston *SOLD OUT*,0,,,,,"{'id': 38952, 'name': 'Hare And Hounds Kings Heath', 'address': '106 High Street, Kings Heath', 'town': 'Birmingham', 'postcode_lookup': 'Birmingham', 'postcode': 'B14 7JZ', 'region': 'Birmingham', 'country': 'GB', 'phone': '0121 444 2081', 'latitude': 52.434622, 'longitude': -1.89298, 'type': 'live', 'rating': 4, 'reviewCount': 15186, 'distance': 11460.213562936333}",https://d31fr2pwly4c4s.cloudfront.net/9/7/0/2258144_00b0c121_james-johnston_th.jpg,https://d31fr2pwly4c4s.cloudfront.net/9/7/0/2258144_00b0c121_james-johnston.jpg,https://d31fr2pwly4c4s.cloudfront.net/9/7/0/2258144_00b0c121_james-johnston_1024.jpg,https://d31fr2pwly4c4s.cloudfront.net/9/7/0/2258144_00b0c121_james-johnston_1024.webp,https://www.skiddle.com/whats-on/Birmingham/Hare-And-Hounds-Kings-Heath/James-Johnston-SOLD-OUT/42400048/,2026-08-13,2026-08-13T19:30:00+00:00,2026-08-13T23:00:00+00:00,Australian country music powerhouse James Johnston is bringing his electrifying live show to the UK for the very first time this August.,"{'doorsopen': '19:30', 'doorsclose': '23:00', 'lastentry': ''}",14,,0,119,True,"{'minPrice': 20.6, 'maxPrice': 20.6}",,public,,False,{'enabled': False},#281818,GBP,[],"[{'genreid': '71', 'name': 'Country/Americana'}]",[]
42482009,2278614,False,mCLzwbmEVb,False,0,LIVE,Live Music & Happy Hour at The Dry Spy Every Friday & Saturday,0,,,,,"{'id': 115863, 'name': 'The Dry Spy Knowle', 'address': '1673 High St, Knowle, Solihull ', 'town': 'Solihull', 'postcode_lookup': 'Solihull', 'postcode': 'B93 0NA', 'region': 'Birmingham', 'country': 'GB', 'phone': '07711917247', 'latitude': 52.388444, 'longitude': -1.7350295, 'type': 'bar', 'rating': 4, 'reviewCount': 7, 'distance': 23132.041930611493}",https://d31fr2pwly4c4s.cloudfront.net/a/7/e/2278603_dd4a3703_live-music-happy-hour-at-the-dry-spy-every-friday-saturday_th.jpg,https://d31fr2pwly4c4s.cloudfront.net/a/7/e/2278603_dd4a3703_live-music-happy-hour-at-the-dry-spy-every-friday-saturday.jpg,https://d31fr2pwly4c4s.cloudfront.net/a/7/e/2278603_dd4a3703_live-music-happy-hour-at-the-dry-spy-every-friday-saturday_1024.jpg,https://d31fr2pwly4c4s.cloudfront.net/a/7/e/2278603_dd4a3703_live-music-happy-hour-at-the-dry-spy-every-friday-saturday_1024.webp,https://www.skiddle.com/whats-on/Solihull/The-Dry-Spy-Knowle/Live-Music--Happy-Hour-at-The-Dry-Spy-Every-Friday--Saturday/42482009/,2026-08-14,2026-08-14T17:00:00+00:00,2026-08-14T23:45:00+00:00,"Live Music Friday & Saturday 
Happy Hour 5pm-7pm
Book tables Direct on Website
Table Reservations Available 
Open Thurs 241 Drinks","{'doorsopen': '17:00', 'doorsclose': '23:45', 'lastentry': ''}",18,,0,0,True,"{'minPrice': 0, 'maxPrice': 0}",,public,,False,{'enabled': False},,GBP,[],"[{'genreid': '42', 'name': 'Acoustic'}]",[]
42573546,2299847,False,2299847,False,0,LIVE,The Brothers Emery,0,,,,,"{'id': 106360, 'name': 'The Rhodehouse', 'address': '123 Parade', 'town': 'Sutton Coldfield', 'postcode_lookup': 'Sutton-Coldfield', 'postcode': 'B72 1PU', 'region': 'Birmingham', 'country': 'GB', 'phone': '', 'latitude': 52.560161, 'longitude': -1.825201, 'type': 'live', 'rating': 4, 'reviewCount': 2536, 'distance': 14739.120403282686}",https://d31fr2pwly4c4s.cloudfront.net/8/3/c/2299847_ff7c5c66_the-brothers-emery_th.jpg,https://d31fr2pwly4c4s.cloudfront.net/8/3/c/2299847_ff7c5c66_the-brothers-emery.jpg,https://d31fr2pwly4c4s.cloudfront.net/8/3/c/2299847_ff7c5c66_the-brothers-emery_1024.jpg,https://d31fr2pwly4c4s.cloudfront.net/8/3/c/2299847_ff7c5c66_the-brothers-emery_1024.webp,https://www.skiddle.com/whats-on/Sutton-Coldfield/The-Rhodehouse/The-Brothers-Emery/42573546/,2026-08-14,2026-08-14T19:00:00+00:00,2026-08-14T23:45:00+00:00,"Rip-roaring guitar, deep blues grooves, soulful vocals and rock n roll played at full tilt.","{'doorsopen': '19:00', 'doorsclose': '23:45', 'lastentry': ''}",18,,0,4,True,"{'minPrice': 0, 'maxPrice': 0}",,public,,False,{'enabled': False},#080808,GBP,[],"[{'genreid': '40', 'name': 'Blues'}, {'genreid': '60', 'name': 'Rock & Roll / 1950s'}]",[]
42405330,2259474,False,2259474,False,0,LIVE,Cosey Mueller,0,,,,,"{'id': 38952, 'name': 'Hare And Hounds Kings Heath', 'address': '106 High Street, Kings Heath', 'town': 'Birmingham', 'postcode_lookup': 'Birmingham', 'postcode': 'B14 7JZ', 'region': 'Birmingham', 'country': 'GB', 'phone': '0121 444 2081', 'latitude': 52.434622, 'longitude': -1.89298, 'type': 'live', 'rating': 4, 'reviewCount': 15186, 'distance': 11460.213562936333}",https://d31fr2pwly4c4s.cloudfront.net/d/f/5/2259474_99a42d49_cosey-mueller_th.jpg,https://d31fr2pwly4c4s.cloudfront.net/d/f/5/2259474_99a42d49_cosey-mueller.jpg,https://d31fr2pwly4c4s.cloudfront.net/d/f/5/2259474_99a42d49_cosey-mueller_1024.jpg,https://d31fr2pwly4c4s.cloudfront.net/d/f/5/2259474_99a42d49_cosey-mueller_1024.webp,https://www.skiddle.com/whats-on/Birmingham/Hare-And-Hounds-Kings-Heath/Cosey-Mueller/42405330/,2026-08-14,2026-08-14T19:30:00+00:00,2026-08-14T23:00:00+00:00,Berlin-based artist making new wave post-punk tinged with Berlin techno.,"{'doorsopen': '19:30', 'doorsclose': '23:00', 'lastentry': ''}",18,,0,13,True,"{'minPrice': 10.6, 'maxPrice': 13.1}",,public,,False,{'enabled': False},#98d8e8,GBP,[],"[{'genreid': '9', 'name': 'Techno'}, {'genreid': '46', 'name': 'Alternative'}, {'genreid': '96', 'name': 'New Wave'}]",[]
42324026,2242401,False,2242401,False,0,LIVE,UB40 (Tribute),0,,,,,"{'id': 121518, 'name': 'The Victoria Birmingham', 'address': '48 John Bright Street', 'town': 'Birmingham', 'postcode_lookup': 'Birmingham', 'postcode': 'B1 1BN', 'region': 'Birmingham', 'country': 'GB', 'phone': '0121 633 9439', 'latitude': 52.4760813, 'longitude': -1.9007447, 'type': 'live', 'rating': 4, 'reviewCount': 85, 'distance': 8637.274485188855}",https://d31fr2pwly4c4s.cloudfront.net/7/5/3/2242401_50733048_UB40--Tribute-_th.jpg,https://d31fr2pwly4c4s.cloudfront.net/7/5/3/2242401_50733048_UB40--Tribute-.jpg,https://d31fr2pwly4c4s.cloudfront.net/7/5/3/2242401_50733048_UB40--Tribute-_1024.jpg,https://d31fr2pwly4c4s.cloudfront.net/7/5/3/2242401_50733048_UB40--Tribute-_1024.webp,https://www.skiddle.com/whats-on/Birmingham/The-Victoria-Birmingham/UB40-Tribute/42324026/,2026-08-14,2026-08-14T20:00:00+00:00,2026-08-14T23:00:00+00:00,"Experience the unmistakable sound of UB40 in this outstanding tribute show, celebrating one of the UK's most iconic reggae and pop bands.","{'doorsopen': '20:00', 'doorsclose': '23:00', 'lastentry': ''}",18,,0,1,True,"{'minPrice': 10, 'maxPrice': 10}",,public,,False,{'enabled': False},#f80808,GBP,[],"[{'genreid': '20', 'name': 'Pop'}, {'genreid': '68', 'name': 'Reggae'}]",[]
41634050,2158148,False,2158148,False,0,LIVE,Rammlied BIRMINGHAM - The Rammstein Party Returns!,0,,,,,"{'id': 121151, 'name': 'Billesley Rock Club', 'address': 'Brook Lane, Kings Heath', 'town': 'Birmingham', 'postcode_lookup': 'Birmingham', 'postcode': 'B13 0AB', 'region': 'Birmingham', 'country': 'GB', 'phone': '', 'latitude': 52.4313708, 'longitude': -1.8778614, 'type': 'Nightclub', 'rating': 4, 'reviewCount': 35, 'distance': 12478.08966646526}",https://d31fr2pwly4c4s.cloudfront.net/5/a/1/2158148_79525559_Rammlied-BIRMINGHAM---The-Rammstein-Party-Returns-_th.jpg,https://d31fr2pwly4c4s.cloudfront.net/5/a/1/2158148_79525559_Rammlied-BIRMINGHAM---The-Rammstein-Party-Returns-.jpg,https://d31fr2pwly4c4s.cloudfront.net/5/a/1/2158148_79525559_Rammlied-BIRMINGHAM---The-Rammstein-Party-Returns-_1024.jpg,https://d31fr2pwly4c4s.cloudfront.net/5/a/1/2158148_79525559_Rammlied-BIRMINGHAM---The-Rammstein-Party-Returns-_1024.webp,https://www.skiddle.com/whats-on/Birmingham/Billesley-Rock-Club/Rammlied-BIRMINGHAM---The-Rammstein-Party-Returns/41634050/,2026-08-15,2026-08-15T19:00:00+00:00,2026-08-15T23:00:00+00:00,Join The Rammstein Party with Rammlied! The UK's number one tribute act return to Billesley Rock Club in Birmingham on Saturday August 15th 2026,"{'doorsopen': '19:00', 'doorsclose': '23:00', 'lastentry': '20:00'}",18,,0,17,True,"{'minPrice': 0, 'maxPrice': 0}",,public,,False,{'enabled': False},#080808,GBP,"[{'artistid': '123580577', 'name': 'Rammlied', 'image': 'https://d1mdxzfl9p8pzo.cloudfront.net/7/123580577_1_1024.jpg', 'spotifyartisturl': None}]","[{'genreid': '48', 'name': 'Covers Band/Tribute Act'}]",[]
42560781,2296246,False,2296246,False,0,LIVE,Country Ho-down with DJ K-Dogg,0,,,,,"{'id': 106360, 'name': 'The Rhodehouse', 'address': '123 Parade', 'town': 'Sutton Coldfield', 'postcode_lookup': 'Sutton-Coldfield', 'postcode': 'B72 1PU', 'region': 'Birmingham', 'country': 'GB', 'phone': '', 'latitude': 52.560161, 'longitude': -1.825201, 'type': 'live', 'rating': 4, 'reviewCount': 2536, 'distance': 14739.120403282686}",https://d31fr2pwly4c4s.cloudfront.net/f/9/4/2296246_a260aa76_country-ho-down-with-dj-k-dogg_th.jpg,https://d31fr2pwly4c4s.cloudfront.net/f/9/4/2296246_a260aa76_country-ho-down-with-dj-k-dogg.jpg,https://d31fr2pwly4c4s.cloudfront.net/f/9/4/2296246_a260aa76_country-ho-down-with-dj-k-dogg_1024.jpg,https://d31fr2pwly4c4s.cloudfront.net/f/9/4/2296246_a260aa76_country-ho-down-with-dj-k-dogg_1024.webp,https://www.skiddle.com/whats-on/Sutton-Coldfield/The-Rhodehouse/Country-Ho-down-with-DJ-K-Dogg/42560781/,2026-08-15,2026-08-15T19:00:00+00:00,2026-08-15T23:45:00+00:00,"DJ K-Dogg is bringing a full night of Country & Western hits to The Rhodehouse. Boots, line dancing, and all that western sound! Yeehaw!","{'doorsopen': '19:00', 'doorsclose': '23:45', 'lastentry': ''}",18,,0,1,True,"{'minPrice': 5, 'maxPrice': 5}",,public,,False,{'enabled': False},#080808,GBP,[],[],[]
42254729,2226246,False,2226246,False,0,LIVE,The AC30'S,0,,,,,"{'id': 105699, 'name': 'The Blue Piano', 'address': '24-26 Harborne Road', 'town': 'Birmingham', 'postcode_lookup': 'Birmingham', 'postcode': 'B15 3AA', 'region': 'Birmingham', 'country': 'GB', 'phone': '', 'latitude': 52.4708267, 'longitude': -1.9222384, 'type': 'live', 'rating': 4, 'reviewCount': 246, 'distance': 7532.341067481073}",https://d31fr2pwly4c4s.cloudfront.net/d/c/8/2226246_86204780_The-AC30-S_th.jpg,https://d31fr2pwly4c4s.cloudfront.net/d/c/8/2226246_86204780_The-AC30-S.jpg,https://d31fr2pwly4c4s.cloudfront.net/d/c/8/2226246_86204780_The-AC30-S_1024.jpg,https://d31fr2pwly4c4s.cloudfront.net/d/c/8/2226246_86204780_The-AC30-S_1024.webp,https://www.skiddle.com/whats-on/Birmingham/The-Blue-Piano/The-AC30S/42254729/,2026-08-15,2026-08-15T19:30:00+00:00,2026-08-15T22:00:00+00:00,"The AC30'S are back at The Blue Piano  bringing you a summer garden party 
playing the very best in Ska and Reggae","{'doorsopen': '19:30', 'doorsclose': '22:00', 'lastentry': ''}",,,0,51,True,"{'minPrice': 15, 'maxPrice': 17.5}",,public,,False,{'enabled': False},#080808,GBP,"[{'artistid': '123580944', 'name': ""The AC30's"", 'image': 'https://d1plawd8huk6hh.cloudfront.net/assets/default400.png', 'spotifyartisturl': 'spotify:artist:1LFcCtov9Ahfm3upydi9CE'}]",[],[]
42368839,2253512,False,2253512,False,0,LIVE,Absolutely Anytime,0,,,,,"{'id': 2058, 'name': 'The Sunflower Lounge', 'address': '76 Smallbrook Queensway', 'town': 'Birmingham', 'postcode_lookup': 'Birmingham', 'postcode': 'B5 4EG', 'region': 'Birmingham', 'country': 'GB', 'phone': '0121 632 6756', 'latitude': 52.476205, 'longitude': -1.897554, 'type': 'bar', 'rating': 4, 'reviewCount': 554, 'distance': 8836.736049148043}",https://d31fr2pwly4c4s.cloudfront.net/f/3/0/2253512_535b8e3f_absolutely-anytime_th.jpg,https://d31fr2pwly4c4s.cloudfront.net/f/3/0/2253512_535b8e3f_absolutely-anytime.jpg,https://d31fr2pwly4c4s.cloudfront.net/f/3/0/2253512_535b8e3f_absolutely-anytime_1024.jpg,https://d31fr2pwly4c4s.cloudfront.net/f/3/0/2253512_535b8e3f_absolutely-anytime_1024.webp,https://www.skiddle.com/whats-on/Birmingham/The-Sunflower-Lounge/Absolutely-Anytime/42368839/,2026-08-15,2026-08-15T19:30:00+00:00,2026-08-15T23:00:00+00:00,Yampy Promotions presents Absolutely Anytime + guests,"{'doorsopen': '19:30', 'doorsclose': '23:00', 'lastentry': ''}",18,,0,3,True,"{'minPrice': 8, 'maxPrice': 8}",,public,,False,{'enabled': False},#080808,GBP,[],"[{'genreid': '26', 'name': 'Indie'}, {'genreid': '46', 'name': 'Alternative'}, {'genreid': '98', 'name': 'Indie Pop'}]",[]
42497781,2283384,False,2283384,False,0,LIVE,Blues Alldayer with Blue Nation,0,,,,,"{'id': 38008, 'name': 'The Jam House', 'address': ""3-5 St. Paul's square"", 'town': 'Birmingham ', 'postcode_lookup': 'Birmingham', 'postcode': 'B3 1QU', 'region': 'Birmingham', 'country': 'GB', 'phone': '0121 200 3030', 'latitude': 52.485231, 'longitude': -1.904536, 'type': 'live', 'rating': 4, 'reviewCount': 81, 'distance': 8102.218714239657}",https://d31fr2pwly4c4s.cloudfront.net/9/8/1/2283384_f013befa_blues-alldayer-with-blue-nation_th.jpg,https://d31fr2pwly4c4s.cloudfront.net/9/8/1/2283384_f013befa_blues-alldayer-with-blue-nation.jpg,https://d31fr2pwly4c4s.cloudfront.net/9/8/1/2283384_f013befa_blues-alldayer-with-blue-nation_1024.jpg,https://d31fr2pwly4c4s.cloudfront.net/9/8/1/2283384_f013befa_blues-alldayer-with-blue-nation_1024.webp,https://www.skiddle.com/whats-on/Birmingham/The-Jam-House/Blues-Alldayer-with-Blue-Nation/42497781/,2026-08-16,2026-08-16T15:00:00+00:00,2026-08-16T20:00:00+00:00,"Sunday Blues Alldayer from 3pm til 8pm with Blue Nation, The Dirt Road Band, Adams & Friends and Gabriella Jones","{'doorsopen': '15:00', 'doorsclose': '20:00', 'lastentry': '15:45'}",18,,0,2,True,"{'minPrice': 15, 'maxPrice': 15}",,public,,False,{'enabled': False},#f8a818,GBP,[],"[{'genreid': '5', 'name': 'Rock'}, {'genreid': '40', 'name': 'Blues'}]",[]
42474935,2276926,False,2276926,False,0,LIVE,Willow Hill,0,,,,,"{'id': 118351, 'name': 'Bromsgrove Arts   The Home Of Fairfield Music', 'address': 'Stourbridge Road', 'town': 'Bromsgrove', 'postcode_lookup': 'Birmingham', 'postcode': 'B61 9LZ', 'region': 'Birmingham', 'country': 'GB', 'phone': '', 'latitude': 52.3736643, 'longitude': -2.0772622, 'type': 'live', 'rating': 5, 'reviewCount': 1, 'distance': 14771.149744870818}",https://d31fr2pwly4c4s.cloudfront.net/1/6/a/2276926_90736151_Willow-Hill_th.jpg,https://d31fr2pwly4c4s.cloudfront.net/1/6/a/2276926_90736151_Willow-Hill.jpg,https://d31fr2pwly4c4s.cloudfront.net/1/6/a/2276926_90736151_Willow-Hill_1024.jpg,https://d31fr2pwly4c4s.cloudfront.net/1/6/a/2276926_90736151_Willow-Hill_1024.webp,https://www.skiddle.com/whats-on/Birmingham/Bromsgrove-Arts---The-Home-Of-Fairfield-Music/Willow-Hill/42474935/,2026-08-19,2026-08-19T19:15:00+00:00,2026-08-19T22:00:00+00:00,Nashville's powerhouse duo to delivers a fresh and modern twist on the classic country sound,"{'doorsopen': '19:15', 'doorsclose': '22:00', 'lastentry': '20:00'}",,,0,1,True,"{'minPrice': 12.5, 'maxPrice': 12.5}",,public,,False,{'enabled': False},#d8e8f8,GBP,"[{'artistid': '123599629', 'name': 'Willow Hill', 'image': 'https://d1mdxzfl9p8pzo.cloudfront.net/9/123599629_5fc7c953_1024.jpg', 'spotifyartisturl': 'spotify:artist:0CohwcAcTmJgjKFJG7CPG3'}]","[{'genreid': '20', 'name': 'Pop'}, {'genreid': '71', 'name': 'Country/Americana'}]",[]
42563818,2296798,False,2296798,False,0,LIVE,Marskiii at the Sunflower Lounge,0,,,,,"{'id': 2058, 'name': 'The Sunflower Lounge', 'address': '76 Smallbrook Queensway', 'town': 'Birmingham', 'postcode_lookup': 'Birmingham', 'postcode': 'B5 4EG', 'region': 'Birmingham', 'country': 'GB', 'phone': '0121 632 6756', 'latitude': 52.476205, 'longitude': -1.897554, 'type': 'bar', 'rating': 4, 'reviewCount': 554, 'distance': 8836.736049148043}",https://d31fr2pwly4c4s.cloudfront.net/5/a/8/2296798_eb0b9e2f_marskiii-at-the-sunflower-lounge_th.jpg,https://d31fr2pwly4c4s.cloudfront.net/5/a/8/2296798_eb0b9e2f_marskiii-at-the-sunflower-lounge.jpg,https://d31fr2pwly4c4s.cloudfront.net/5/a/8/2296798_eb0b9e2f_marskiii-at-the-sunflower-lounge_1024.jpg,https://d31fr2pwly4c4s.cloudfront.net/5/a/8/2296798_eb0b9e2f_marskiii-at-the-sunflower-lounge_1024.webp,https://www.skiddle.com/whats-on/Birmingham/The-Sunflower-Lounge/Marskiii-at-the-Sunflower-Lounge/42563818/,2026-08-19,2026-08-19T19:30:00+00:00,2026-08-19T22:30:00+00:00,Marskiii takes the stage in Birmingham for her third headliner since her debut with support from Brooke Ellen.,"{'doorsopen': '19:30', 'doorsclose': '22:30', 'lastentry': '20:00'}",14,,0,48,True,"{'minPrice': 12, 'maxPrice': 25}",,public,,False,{'enabled': False},#081858,GBP,[],"[{'genreid': '42', 'name': 'Acoustic'}, {'genreid': '44', 'name': 'Folk'}, {'genreid': '46', 'name': 'Alternative'}, {'genreid': '98', 'name': 'Indie Pop'}]",[]
42147579,2216076,False,2216076,False,0,LIVE,The Bats,0,,,,,"{'id': 38952, 'name': 'Hare And Hounds Kings Heath', 'address': '106 High Street, Kings Heath', 'town': 'Birmingham', 'postcode_lookup': 'Birmingham', 'postcode': 'B14 7JZ', 'region': 'Birmingham', 'country': 'GB', 'phone': '0121 444 2081', 'latitude': 52.434622, 'longitude': -1.89298, 'type': 'live', 'rating': 4, 'reviewCount': 15186, 'distance': 11460.213562936333}",https://d31fr2pwly4c4s.cloudfront.net/c/3/8/2216076_a7cc6936_the-bats_th.jpg,https://d31fr2pwly4c4s.cloudfront.net/c/3/8/2216076_a7cc6936_the-bats.jpg,https://d31fr2pwly4c4s.cloudfront.net/c/3/8/2216076_a7cc6936_the-bats_1024.jpg,https://d31fr2pwly4c4s.cloudfront.net/c/3/8/2216076_a7cc6936_the-bats_1024.webp,https://www.skiddle.com/whats-on/Birmingham/Hare-And-Hounds-Kings-Heath/The-Bats/42147579/,2026-08-19,2026-08-19T19:30:00+00:00,2026-08-19T22:30:00+00:00,"New Zealand psych-pop band formed in 1982, part of the legendary Flying Nun label.","{'doorsopen': '19:30', 'doorsclose': '22:30', 'lastentry': ''}",14,,0,28,True,"{'minPrice': 15.6, 'maxPrice': 18.6}",,public,,False,{'enabled': False},#080808,GBP,[],"[{'genreid': '26', 'name': 'Indie'}, {'genreid': '46', 'name': 'Alternative'}, {'genreid': '126', 'name': 'Alternative Pop'}]",[]
42482010,2278615,False,mCLzwbmEVb,False,0,LIVE,Live Music & Happy Hour at The Dry Spy Every Friday & Saturday,0,,,,,"{'id': 115863, 'name': 'The Dry Spy Knowle', 'address': '1673 High St, Knowle, Solihull ', 'town': 'Solihull', 'postcode_lookup': 'Solihull', 'postcode': 'B93 0NA', 'region': 'Birmingham', 'country': 'GB', 'phone': '07711917247', 'latitude': 52.388444, 'longitude': -1.7350295, 'type': 'bar', 'rating': 4, 'reviewCount': 7, 'distance': 23132.041930611493}",https://d31fr2pwly4c4s.cloudfront.net/4/e/0/2278603_dd4a3703_live-music-happy-hour-at-the-dry-spy-every-friday-saturday_th.jpg,https://d31fr2pwly4c4s.cloudfront.net/4/e/0/2278603_dd4a3703_live-music-happy-hour-at-the-dry-spy-every-friday-saturday.jpg,https://d31fr2pwly4c4s.cloudfront.net/4/e/0/2278603_dd4a3703_live-music-happy-hour-at-the-dry-spy-every-friday-saturday_1024.jpg,https://d31fr2pwly4c4s.cloudfront.net/4/e/0/2278603_dd4a3703_live-music-happy-hour-at-the-dry-spy-every-friday-saturday_1024.webp,https://www.skiddle.com/whats-on/Solihull/The-Dry-Spy-Knowle/Live-Music--Happy-Hour-at-The-Dry-Spy-Every-Friday--Saturday/42482010/,2026-08-21,2026-08-21T17:00:00+00:00,2026-08-21T23:45:00+00:00,"Live Music Friday & Saturday 
Happy Hour 5pm-7pm
Book tables Direct on Website
Table Reservations Available 
Open Thurs 241 Drinks","{'doorsopen': '17:00', 'doorsclose': '23:45', 'lastentry': ''}",18,,0,0,True,"{'minPrice': 0, 'maxPrice': 0}",,public,,False,{'enabled': False},,GBP,[],"[{'genreid': '42', 'name': 'Acoustic'}]",[]
42580978,2301363,False,2301363,False,0,LIVE,Split Second / Zero Sun / Love Nor Money / Gambol / CherryAid,0,,,,,"{'id': 38952, 'name': 'Hare And Hounds Kings Heath', 'address': '106 High Street, Kings Heath', 'town': 'Birmingham', 'postcode_lookup': 'Birmingham', 'postcode': 'B14 7JZ', 'region': 'Birmingham', 'country': 'GB', 'phone': '0121 444 2081', 'latitude': 52.434622, 'longitude': -1.89298, 'type': 'live', 'rating': 4, 'reviewCount': 15186, 'distance': 11460.213562936333}",https://d31fr2pwly4c4s.cloudfront.net/e/3/6/2301363_558c8210_split-second-zero-sun-love-nor-money-gambol-cherryaid_th.jpg,https://d31fr2pwly4c4s.cloudfront.net/e/3/6/2301363_558c8210_split-second-zero-sun-love-nor-money-gambol-cherryaid.jpg,https://d31fr2pwly4c4s.cloudfront.net/e/3/6/2301363_558c8210_split-second-zero-sun-love-nor-money-gambol-cherryaid_1024.jpg,https://d31fr2pwly4c4s.cloudfront.net/e/3/6/2301363_558c8210_split-second-zero-sun-love-nor-money-gambol-cherryaid_1024.webp,https://www.skiddle.com/whats-on/Birmingham/Hare-And-Hounds-Kings-Heath/Split-Second--Zero-Sun--Love-Nor-Money--Gambol--CherryAid/42580978/,2026-08-21,2026-08-21T19:00:00+00:00,2026-08-21T23:00:00+00:00,"The Catapult Club presents

Split Second / Zero Sun / Love Nor Money / Gambol / CherryAid

at the Hare and Hounds Kings Heath Birmingham (venue 1)","{'doorsopen': '19:00', 'doorsclose': '23:00', 'lastentry': ''}",18,,0,1,True,"{'minPrice': 11.11, 'maxPrice': 11.11}",,public,,False,{'enabled': False},#080808,GBP,[],[],[]
42573547,2299848,False,2299848,False,0,LIVE,Rock The 80s,0,,,,,"{'id': 106360, 'name': 'The Rhodehouse', 'address': '123 Parade', 'town': 'Sutton Coldfield', 'postcode_lookup': 'Sutton-Coldfield', 'postcode': 'B72 1PU', 'region': 'Birmingham', 'country': 'GB', 'phone': '', 'latitude': 52.560161, 'longitude': -1.825201, 'type': 'live', 'rating': 4, 'reviewCount': 2536, 'distance': 14739.120403282686}",https://d31fr2pwly4c4s.cloudfront.net/9/7/6/2299848_1d775c55_rock-the-80s_th.jpg,https://d31fr2pwly4c4s.cloudfront.net/9/7/6/2299848_1d775c55_rock-the-80s.jpg,https://d31fr2pwly4c4s.cloudfront.net/9/7/6/2299848_1d775c55_rock-the-80s_1024.jpg,https://d31fr2pwly4c4s.cloudfront.net/9/7/6/2299848_1d775c55_rock-the-80s_1024.webp,https://www.skiddle.com/whats-on/Sutton-Coldfield/The-Rhodehouse/Rock-The-80s/42573547/,2026-08-21,2026-08-21T19:00:00+00:00,2026-08-21T23:45:00+00:00,"The decade's biggest rock and pop anthems, from Bon Jovi to Bowie.","{'doorsopen': '19:00', 'doorsclose': '23:45', 'lastentry': ''}",18,,0,1,True,"{'minPrice': 5, 'maxPrice': 5}",,public,,False,{'enabled': False},#080808,GBP,[],"[{'genreid': '5', 'name': 'Rock'}, {'genreid': '96', 'name': 'New Wave'}, {'genreid': '124', 'name': 'Hard Rock'}]",[]
42370923,2254749,False,2254749,False,0,LIVE,Pablo Bloom,0,,,,,"{'id': 16483, 'name': 'Catshill Social Club', 'address': '13 Meadow  Road', 'town': 'Bromsgrove', 'postcode_lookup': 'Birmingham', 'postcode': 'B61 0JJ', 'region': 'Birmingham', 'country': 'GB', 'phone': '#', 'latitude': 52.361126, 'longitude': -2.063549, 'type': 'live', 'rating': 4, 'reviewCount': 29, 'distance': 15927.897463198859}",https://d1plawd8huk6hh.cloudfront.net/assets/default400.png,https://d1plawd8huk6hh.cloudfront.net/assets/default400.png,https://d1plawd8huk6hh.cloudfront.net/assets/default400.png,False,https://www.skiddle.com/whats-on/Birmingham/Catshill-Social-Club/Pablo-Bloom/42370923/,2026-08-21,2026-08-21T19:00:00+00:00,2026-08-21T23:30:00+00:00,Benidorm comes to Bromsgrove with the amazing Pablo bloom,"{'doorsopen': '19:00', 'doorsclose': '23:30', 'lastentry': '20:00'}",,,0,10,True,"{'minPrice': 15, 'maxPrice': 15}",,public,,False,{'enabled': False},,GBP,[],[],[]
42487391,2280772,False,2280772,False,0,LIVE,ELI - 'This Song' Tour,0,,,,,"{'id': 2058, 'name': 'The Sunflower Lounge', 'address': '76 Smallbrook Queensway', 'town': 'Birmingham', 'postcode_lookup': 'Birmingham', 'postcode': 'B5 4EG', 'region': 'Birmingham', 'country': 'GB', 'phone': '0121 632 6756', 'latitude': 52.476205, 'longitude': -1.897554, 'type': 'bar', 'rating': 4, 'reviewCount': 554, 'distance': 8836.736049148043}",https://d1plawd8huk6hh.cloudfront.net/assets/default400.png,https://d1plawd8huk6hh.cloudfront.net/assets/default400.png,https://d1plawd8huk6hh.cloudfront.net/assets/default400.png,False,https://www.skiddle.com/whats-on/Birmingham/The-Sunflower-Lounge/ELI---This-Song-Tour/42487391/,2026-08-21,2026-08-21T19:30:00+00:00,2026-08-21T23:00:00+00:00,"Alternative pop artist ELI headlines The Sunflower Lounge, Birmingham, on Friday, 21st August!","{'doorsopen': '19:30', 'doorsclose': '23:00', 'lastentry': ''}",18,,0,0,True,"{'minPrice': 12.5, 'maxPrice': 12.5}",,public,,False,{'enabled': False},,GBP,[],"[{'genreid': '4', 'name': 'R&B'}, {'genreid': '26', 'name': 'Indie'}, {'genreid': '98', 'name': 'Indie Pop'}]",[]
41994036,2198011,False,2198011,False,0,LIVE,Twiggy & Friends,0,,,,,"{'id': 34518, 'name': 'SUKi10C', 'address': '21 Bordesley Street', 'town': 'Birmingham', 'postcode_lookup': 'Birmingham', 'postcode': 'B5 5PJ', 'region': 'Birmingham', 'country': 'GB', 'phone': '07535966314', 'latitude': 52.478255, 'longitude': -1.888436, 'type': 'Nightclub', 'rating': 4, 'reviewCount': 911, 'distance': 9355.734318434575}",https://d31fr2pwly4c4s.cloudfront.net/2/3/c/2198011_01440388_twiggy-friends_th.jpg,https://d31fr2pwly4c4s.cloudfront.net/2/3/c/2198011_01440388_twiggy-friends.jpg,https://d31fr2pwly4c4s.cloudfront.net/2/3/c/2198011_01440388_twiggy-friends_1024.jpg,https://d31fr2pwly4c4s.cloudfront.net/2/3/c/2198011_01440388_twiggy-friends_1024.webp,https://www.skiddle.com/whats-on/Birmingham/SUKi10C/Twiggy--Friends/41994036/,2026-08-21,2026-08-21T21:00:00+00:00,2026-08-22T03:00:00+00:00,"Come join Twiggy and the boys for a jam packed night of high energy music! 

Ranging from Dubstep - Jungle - DNB & Jump up!!!","{'doorsopen': '21:00', 'doorsclose': '03:00', 'lastentry': '21:00'}",,,0,7,True,"{'minPrice': 5, 'maxPrice': 5}",,public,,False,{'enabled': False},#182828,GBP,[],"[{'genreid': '8', 'name': 'Drum and Bass'}, {'genreid': '65', 'name': 'Dubstep'}, {'genreid': '80', 'name': 'Jungle'}]",[]
42098289,2209455,False,2209455,False,0,LIVE,DarkFest - Midlands largest Goth & Alternative Music Festival,0,,,,,"{'id': 107814, 'name': ""KK's Steel Mill"", 'address': 'Starworks Warehouse Frederick Street, England', 'town': 'West Midlands', 'postcode_lookup': 'Wolverhampton', 'postcode': 'WV2 4DU', 'region': 'West Midlands', 'country': 'GB', 'phone': '', 'latitude': 52.5789892, 'longitude': -2.1284104, 'type': 'Other', 'rating': 0, 'reviewCount': 0, 'distance': 11227.378124237133}",https://d31fr2pwly4c4s.cloudfront.net/f/7/e/2209455_28139751_DarkFest---Midlands-largest-Goth---Alternative-Music-Festival_th.jpg,https://d31fr2pwly4c4s.cloudfront.net/f/7/e/2209455_28139751_DarkFest---Midlands-largest-Goth---Alternative-Music-Festival.jpg,https://d31fr2pwly4c4s.cloudfront.net/f/7/e/2209455_28139751_DarkFest---Midlands-largest-Goth---Alternative-Music-Festival_1024.jpg,https://d31fr2pwly4c4s.cloudfront.net/f/7/e/2209455_28139751_DarkFest---Midlands-largest-Goth---Alternative-Music-Festival_1024.webp,https://www.skiddle.com/whats-on/Wolverhampton/KK%27s-Steel-Mill/DarkFest---Midlands-largest-Goth--Alternative-Music-Festival/42098289/,2026-08-22,2026-08-22T18:00:00+00:00,2026-08-22T23:30:00+00:00,"DarkFest returns for its 3rd year in Wolverhampton, with an amazing line up of artists including Ghost Dance and headliners Sanctum Sanctorium","{'doorsopen': '18:00', 'doorsclose': '23:30', 'lastentry': '19:00'}",14,,0,0,True,"{'minPrice': 22, 'maxPrice': 22}",,public,,False,{'enabled': False},#080808,GBP,"[{'artistid': '123567556', 'name': 'Ghost Dance', 'image': 'https://d1mdxzfl9p8pzo.cloudfront.net/6/123567556_1_1024.jpg', 'spotifyartisturl': 'spotify:artist:72xnwCGF31iOuRh3l5JIwZ'}, {'artistid': '123589675', 'name': 'The Rose Of Avalanche', 'image': 'https://d1mdxzfl9p8pzo.cloudfront.net/5/123589675_1_1024.jpg', 'spotifyartisturl': 'spotify:artist:3haeIWZv8M8l5mWyVkFl8i'}, {'artistid': '123601760', 'name': 'sanctum sanctorium', 'image': 'https://d1mdxzfl9p8pzo.cloudfront.net/0/123601760_7a6087a2_1024.jpg', 'spotifyartisturl': None}]","[{'genreid': '46', 'name': 'Alternative'}, {'genreid': '62', 'name': '1980s'}, {'genreid': '88', 'name': 'Emo'}]",[]
42161473,2219590,False,2219590,False,0,LIVE,Park Drive Debut Tour - Birmingham,0,,,,,"{'id': 2058, 'name': 'The Sunflower Lounge', 'address': '76 Smallbrook Queensway', 'town': 'Birmingham', 'postcode_lookup': 'Birmingham', 'postcode': 'B5 4EG', 'region': 'Birmingham', 'country': 'GB', 'phone': '0121 632 6756', 'latitude': 52.476205, 'longitude': -1.897554, 'type': 'bar', 'rating': 4, 'reviewCount': 554, 'distance': 8836.736049148043}",https://d31fr2pwly4c4s.cloudfront.net/7/d/6/2219590_19587530_Park-Drive-Debut-Tour---Birmingham_th.jpg,https://d31fr2pwly4c4s.cloudfront.net/7/d/6/2219590_19587530_Park-Drive-Debut-Tour---Birmingham.jpg,https://d31fr2pwly4c4s.cloudfront.net/7/d/6/2219590_19587530_Park-Drive-Debut-Tour---Birmingham_1024.jpg,https://d31fr2pwly4c4s.cloudfront.net/7/d/6/2219590_19587530_Park-Drive-Debut-Tour---Birmingham_1024.webp,https://www.skiddle.com/whats-on/Birmingham/The-Sunflower-Lounge/Park-Drive-Debut-Tour---Birmingham/42161473/,2026-08-22,2026-08-22T19:00:00+00:00,2026-08-22T22:30:00+00:00,"Join Park Drive on their debut tour, alongside Headwired and some very special guests (TBC).","{'doorsopen': '19:00', 'doorsclose': '22:30', 'lastentry': '19:15'}",18,,0,61,True,"{'minPrice': 10, 'maxPrice': 10}",,public,,False,{'enabled': False},#080808,GBP,[],[],[]
42560786,2296250,False,2296250,False,0,LIVE,DJ Paul Kelly Sound of Detroit & Philadelphia,0,,,,,"{'id': 106360, 'name': 'The Rhodehouse', 'address': '123 Parade', 'town': 'Sutton Coldfield', 'postcode_lookup': 'Sutton-Coldfield', 'postcode': 'B72 1PU', 'region': 'Birmingham', 'country': 'GB', 'phone': '', 'latitude': 52.560161, 'longitude': -1.825201, 'type': 'live', 'rating': 4, 'reviewCount': 2536, 'distance': 14739.120403282686}",https://d31fr2pwly4c4s.cloudfront.net/c/f/7/2296250_a97c6611_dj-paul-kelly-sound-of-detroit-philadelphia_th.jpg,https://d31fr2pwly4c4s.cloudfront.net/c/f/7/2296250_a97c6611_dj-paul-kelly-sound-of-detroit-philadelphia.jpg,https://d31fr2pwly4c4s.cloudfront.net/c/f/7/2296250_a97c6611_dj-paul-kelly-sound-of-detroit-philadelphia_1024.jpg,https://d31fr2pwly4c4s.cloudfront.net/c/f/7/2296250_a97c6611_dj-paul-kelly-sound-of-detroit-philadelphia_1024.webp,https://www.skiddle.com/whats-on/Sutton-Coldfield/The-Rhodehouse/DJ-Paul-Kelly-Sound-of-Detroit--Philadelphia/42560786/,2026-08-22,2026-08-22T19:00:00+00:00,2026-08-22T23:45:00+00:00,"DJ Paul Kelly on Motown and Rare Soul, with a special live performance from Tamara Cherelle.","{'doorsopen': '19:00', 'doorsclose': '23:45', 'lastentry': ''}",18,,0,0,True,"{'minPrice': 5, 'maxPrice': 5}",,public,,False,{'enabled': False},#080808,GBP,[],"[{'genreid': '4', 'name': 'R&B'}, {'genreid': '20', 'name': 'Pop'}, {'genreid': '43', 'name': 'Soul'}, {'genreid': '57', 'name': 'Disco'}]",[]
42373243,2255203,False,2255203,False,0,LIVE,Automatic,0,,,,,"{'id': 38952, 'name': 'Hare And Hounds Kings Heath', 'address': '106 High Street, Kings Heath', 'town': 'Birmingham', 'postcode_lookup': 'Birmingham', 'postcode': 'B14 7JZ', 'region': 'Birmingham', 'country': 'GB', 'phone': '0121 444 2081', 'latitude': 52.434622, 'longitude': -1.89298, 'type': 'live', 'rating': 4, 'reviewCount': 15186, 'distance': 11460.213562936333}",https://d31fr2pwly4c4s.cloudfront.net/f/7/e/2255203_e427d0dc_automatic_th.jpg,https://d31fr2pwly4c4s.cloudfront.net/f/7/e/2255203_e427d0dc_automatic.jpg,https://d31fr2pwly4c4s.cloudfront.net/f/7/e/2255203_e427d0dc_automatic_1024.jpg,https://d31fr2pwly4c4s.cloudfront.net/f/7/e/2255203_e427d0dc_automatic_1024.webp,https://www.skiddle.com/whats-on/Birmingham/Hare-And-Hounds-Kings-Heath/Automatic/42373243/,2026-08-22,2026-08-22T19:30:00+00:00,2026-08-22T23:00:00+00:00,LA-based band making deviant electro alternative pop that cuts through the brainrot.,"{'doorsopen': '19:30', 'doorsclose': '23:00', 'lastentry': ''}",18,,0,27,True,"{'minPrice': 15.6, 'maxPrice': 15.6}",,public,,False,{'enabled': False},#283838,GBP,[],"[{'genreid': '46', 'name': 'Alternative'}, {'genreid': '96', 'name': 'New Wave'}, {'genreid': '126', 'name': 'Alternative Pop'}]",[]
42464942,2273858,False,2273858,False,0,LIVE,The Belair Lip Bombs,0,,,,,"{'id': 38952, 'name': 'Hare And Hounds Kings Heath', 'address': '106 High Street, Kings Heath', 'town': 'Birmingham', 'postcode_lookup': 'Birmingham', 'postcode': 'B14 7JZ', 'region': 'Birmingham', 'country': 'GB', 'phone': '0121 444 2081', 'latitude': 52.434622, 'longitude': -1.89298, 'type': 'live', 'rating': 4, 'reviewCount': 15186, 'distance': 11460.213562936333}",https://d31fr2pwly4c4s.cloudfront.net/3/e/5/2273858_bd0626b7_the-belair-lip-bombs_th.jpg,https://d31fr2pwly4c4s.cloudfront.net/3/e/5/2273858_bd0626b7_the-belair-lip-bombs.jpg,https://d31fr2pwly4c4s.cloudfront.net/3/e/5/2273858_bd0626b7_the-belair-lip-bombs_1024.jpg,https://d31fr2pwly4c4s.cloudfront.net/3/e/5/2273858_bd0626b7_the-belair-lip-bombs_1024.webp,https://www.skiddle.com/whats-on/Birmingham/Hare-And-Hounds-Kings-Heath/The-Belair-Lip-Bombs/42464942/,2026-08-23,2026-08-23T19:30:00+00:00,2026-08-23T23:00:00+00:00,Australian indie-rock band making waves over the world.,"{'doorsopen': '19:30', 'doorsclose': '23:00', 'lastentry': ''}",14,,0,29,True,"{'minPrice': 14.6, 'maxPrice': 14.6}",,public,,False,{'enabled': False},#181818,GBP,[],"[{'genreid': '5', 'name': 'Rock'}, {'genreid': '26', 'name': 'Indie'}, {'genreid': '46', 'name': 'Alternative'}]",[]
42459017,2272091,False,2272091,False,0,LIVE,Way Dynamic,0,,,,,"{'id': 38952, 'name': 'Hare And Hounds Kings Heath', 'address': '106 High Street, Kings Heath', 'town': 'Birmingham', 'postcode_lookup': 'Birmingham', 'postcode': 'B14 7JZ', 'region': 'Birmingham', 'country': 'GB', 'phone': '0121 444 2081', 'latitude': 52.434622, 'longitude': -1.89298, 'type': 'live', 'rating': 4, 'reviewCount': 15186, 'distance': 11460.213562936333}",https://d31fr2pwly4c4s.cloudfront.net/a/6/0/2272091_d89da7a0_way-dynamic_th.jpg,https://d31fr2pwly4c4s.cloudfront.net/a/6/0/2272091_d89da7a0_way-dynamic.jpg,https://d31fr2pwly4c4s.cloudfront.net/a/6/0/2272091_d89da7a0_way-dynamic_1024.jpg,https://d31fr2pwly4c4s.cloudfront.net/a/6/0/2272091_d89da7a0_way-dynamic_1024.webp,https://www.skiddle.com/whats-on/Birmingham/Hare-And-Hounds-Kings-Heath/Way-Dynamic/42459017/,2026-08-24,2026-08-24T19:30:00+00:00,2026-08-24T23:00:00+00:00,"Way Dynamic, the solo project of Melbourne's Dylan Young, makes minimalist folk-pop, art rock and baroque pop.","{'doorsopen': '19:30', 'doorsclose': '23:00', 'lastentry': ''}",14,,0,57,True,"{'minPrice': 15.6, 'maxPrice': 15.6}",,public,,False,{'enabled': False},#e8e8e8,GBP,[],"[{'genreid': '26', 'name': 'Indie'}, {'genreid': '44', 'name': 'Folk'}, {'genreid': '46', 'name': 'Alternative'}]",[]
42463231,2273558,False,2273558,False,0,LIVE,Clarion,0,,,,,"{'id': 38952, 'name': 'Hare And Hounds Kings Heath', 'address': '106 High Street, Kings Heath', 'town': 'Birmingham', 'postcode_lookup': 'Birmingham', 'postcode': 'B14 7JZ', 'region': 'Birmingham', 'country': 'GB', 'phone': '0121 444 2081', 'latitude': 52.434622, 'longitude': -1.89298, 'type': 'live', 'rating': 4, 'reviewCount': 15186, 'distance': 11460.213562936333}",https://d31fr2pwly4c4s.cloudfront.net/3/2/7/2273558_a001c262_clarion_th.jpg,https://d31fr2pwly4c4s.cloudfront.net/3/2/7/2273558_a001c262_clarion.jpg,https://d31fr2pwly4c4s.cloudfront.net/3/2/7/2273558_a001c262_clarion_1024.jpg,https://d31fr2pwly4c4s.cloudfront.net/3/2/7/2273558_a001c262_clarion_1024.webp,https://www.skiddle.com/whats-on/Birmingham/Hare-And-Hounds-Kings-Heath/Clarion/42463231/,2026-08-26,2026-08-26T19:30:00+00:00,2026-08-26T23:00:00+00:00,"Shoegaze, post-punk, and alternative rock trio from Los Angeles.","{'doorsopen': '19:30', 'doorsclose': '23:00', 'lastentry': ''}",14,,0,32,True,"{'minPrice': 16.6, 'maxPrice': 16.6}",,public,,False,{'enabled': False},#f8f8f8,GBP,"[{'artistid': '123621603', 'name': 'Clarion', 'image': 'https://d1mdxzfl9p8pzo.cloudfront.net/3/123621603_1_1024.jpg', 'spotifyartisturl': 'spotify:artist:7KJSk2ytUFik1LGqFGHOLW'}]","[{'genreid': '46', 'name': 'Alternative'}, {'genreid': '130', 'name': 'Shoegaze'}]",[]
42300675,2237623,False,2237623,False,0,LIVE,Part Chimp,0,,,,,"{'id': 38952, 'name': 'Hare And Hounds Kings Heath', 'address': '106 High Street, Kings Heath', 'town': 'Birmingham', 'postcode_lookup': 'Birmingham', 'postcode': 'B14 7JZ', 'region': 'Birmingham', 'country': 'GB', 'phone': '0121 444 2081', 'latitude': 52.434622, 'longitude': -1.89298, 'type': 'live', 'rating': 4, 'reviewCount': 15186, 'distance': 11460.213562936333}",https://d31fr2pwly4c4s.cloudfront.net/f/3/f/2237623_d8d026b6_part-chimp_th.jpg,https://d31fr2pwly4c4s.cloudfront.net/f/3/f/2237623_d8d026b6_part-chimp.jpg,https://d31fr2pwly4c4s.cloudfront.net/f/3/f/2237623_d8d026b6_part-chimp_1024.jpg,https://d31fr2pwly4c4s.cloudfront.net/f/3/f/2237623_d8d026b6_part-chimp_1024.webp,https://www.skiddle.com/whats-on/Birmingham/Hare-And-Hounds-Kings-Heath/Part-Chimp/42300675/,2026-08-27,2026-08-27T19:30:00+00:00,2026-08-27T23:00:00+00:00,"Noise-rock/punk band making it their business to shake speaker-stacks, fry brains and induce jouissance and tinnitus alike across the UK.","{'doorsopen': '19:30', 'doorsclose': '23:00', 'lastentry': ''}",14,,0,33,True,"{'minPrice': 15.6, 'maxPrice': 17.6}",,public,,False,{'enabled': False},#080808,GBP,"[{'artistid': '123552014', 'name': 'Part Chimp', 'image': 'https://d1mdxzfl9p8pzo.cloudfront.net/4/123552014_1_1024.jpg', 'spotifyartisturl': 'spotify:artist:7E5T06seybp7KCxaac22jz'}]","[{'genreid': '5', 'name': 'Rock'}, {'genreid': '53', 'name': 'Punk'}]",[]
42252023,2225684,False,2225684,False,0,LIVE,Lily Seabird + Layla Tutt,0,,,,,"{'id': 38952, 'name': 'Hare And Hounds Kings Heath', 'address': '106 High Street, Kings Heath', 'town': 'Birmingham', 'postcode_lookup': 'Birmingham', 'postcode': 'B14 7JZ', 'region': 'Birmingham', 'country': 'GB', 'phone': '0121 444 2081', 'latitude': 52.434622, 'longitude': -1.89298, 'type': 'live', 'rating': 4, 'reviewCount': 15186, 'distance': 11460.213562936333}",https://d31fr2pwly4c4s.cloudfront.net/b/0/a/2225684_9c962ed6_lily-seabird_th.jpg,https://d31fr2pwly4c4s.cloudfront.net/b/0/a/2225684_9c962ed6_lily-seabird.jpg,https://d31fr2pwly4c4s.cloudfront.net/b/0/a/2225684_9c962ed6_lily-seabird_1024.jpg,https://d31fr2pwly4c4s.cloudfront.net/b/0/a/2225684_9c962ed6_lily-seabird_1024.webp,https://www.skiddle.com/whats-on/Birmingham/Hare-And-Hounds-Kings-Heath/Lily-Seabird--Layla-Tutt/42252023/,2026-08-27,2026-08-27T19:30:00+00:00,2026-08-27T23:00:00+00:00,"Alt-folk artist from Burlington, Vermont","{'doorsopen': '19:30', 'doorsclose': '23:00', 'lastentry': ''}",14,,0,4,True,"{'minPrice': 12.6, 'maxPrice': 12.6}",,public,,False,{'enabled': False},#88c8e8,GBP,[],"[{'genreid': '26', 'name': 'Indie'}, {'genreid': '44', 'name': 'Folk'}, {'genreid': '46', 'name': 'Alternative'}]",[]
42482011,2278616,False,mCLzwbmEVb,False,0,LIVE,Live Music & Happy Hour at The Dry Spy Every Friday & Saturday,0,,,,,"{'id': 115863, 'name': 'The Dry Spy Knowle', 'address': '1673 High St, Knowle, Solihull ', 'town': 'Solihull', 'postcode_lookup': 'Solihull', 'postcode': 'B93 0NA', 'region': 'Birmingham', 'country': 'GB', 'phone': '07711917247', 'latitude': 52.388444, 'longitude': -1.7350295, 'type': 'bar', 'rating': 4, 'reviewCount': 7, 'distance': 23132.041930611493}",https://d31fr2pwly4c4s.cloudfront.net/b/7/f/2278603_dd4a3703_live-music-happy-hour-at-the-dry-spy-every-friday-saturday_th.jpg,https://d31fr2pwly4c4s.cloudfront.net/b/7/f/2278603_dd4a3703_live-music-happy-hour-at-the-dry-spy-every-friday-saturday.jpg,https://d31fr2pwly4c4s.cloudfront.net/b/7/f/2278603_dd4a3703_live-music-happy-hour-at-the-dry-spy-every-friday-saturday_1024.jpg,https://d31fr2pwly4c4s.cloudfront.net/b/7/f/2278603_dd4a3703_live-music-happy-hour-at-the-dry-spy-every-friday-saturday_1024.webp,https://www.skiddle.com/whats-on/Solihull/The-Dry-Spy-Knowle/Live-Music--Happy-Hour-at-The-Dry-Spy-Every-Friday--Saturday/42482011/,2026-08-28,2026-08-28T17:00:00+00:00,2026-08-28T23:45:00+00:00,"Live Music Friday & Saturday 
Happy Hour 5pm-7pm
Book tables Direct on Website
Table Reservations Available 
Open Thurs 241 Drinks","{'doorsopen': '17:00', 'doorsclose': '23:45', 'lastentry': ''}",18,,0,0,True,"{'minPrice': 0, 'maxPrice': 0}",,public,,False,{'enabled': False},,GBP,[],"[{'genreid': '42', 'name': 'Acoustic'}]",[]
42573548,2299849,False,2299849,False,0,LIVE,Code 3,0,,,,,"{'id': 106360, 'name': 'The Rhodehouse', 'address': '123 Parade', 'town': 'Sutton Coldfield', 'postcode_lookup': 'Sutton-Coldfield', 'postcode': 'B72 1PU', 'region': 'Birmingham', 'country': 'GB', 'phone': '', 'latitude': 52.560161, 'longitude': -1.825201, 'type': 'live', 'rating': 4, 'reviewCount': 2536, 'distance': 14739.120403282686}",https://d31fr2pwly4c4s.cloudfront.net/e/0/1/2299849_306de254_code-3_th.jpg,https://d31fr2pwly4c4s.cloudfront.net/e/0/1/2299849_306de254_code-3.jpg,https://d31fr2pwly4c4s.cloudfront.net/e/0/1/2299849_306de254_code-3_1024.jpg,https://d31fr2pwly4c4s.cloudfront.net/e/0/1/2299849_306de254_code-3_1024.webp,https://www.skiddle.com/whats-on/Sutton-Coldfield/The-Rhodehouse/Code-3/42573548/,2026-08-28,2026-08-28T19:00:00+00:00,2026-08-28T23:45:00+00:00,"Indie, Britpop, ska and new wave in three-part harmony.","{'doorsopen': '19:00', 'doorsclose': '23:45', 'lastentry': ''}",18,,0,0,True,"{'minPrice': 0, 'maxPrice': 0}",,public,,False,{'enabled': False},#080808,GBP,[],"[{'genreid': '5', 'name': 'Rock'}, {'genreid': '26', 'name': 'Indie'}, {'genreid': '93', 'name': 'Brit Pop'}, {'genreid': '98', 'name': 'Indie Pop'}]",[]
42402686,2258676,False,2258676,False,0,LIVE,Back to Blondie,0,,,,,"{'id': 121518, 'name': 'The Victoria Birmingham', 'address': '48 John Bright Street', 'town': 'Birmingham', 'postcode_lookup': 'Birmingham', 'postcode': 'B1 1BN', 'region': 'Birmingham', 'country': 'GB', 'phone': '0121 633 9439', 'latitude': 52.4760813, 'longitude': -1.9007447, 'type': 'live', 'rating': 4, 'reviewCount': 85, 'distance': 8637.274485188855}",https://d31fr2pwly4c4s.cloudfront.net/6/1/8/2258676_0150e7c7_back-to-blondie_th.jpg,https://d31fr2pwly4c4s.cloudfront.net/6/1/8/2258676_0150e7c7_back-to-blondie.jpg,https://d31fr2pwly4c4s.cloudfront.net/6/1/8/2258676_0150e7c7_back-to-blondie_1024.jpg,https://d31fr2pwly4c4s.cloudfront.net/6/1/8/2258676_0150e7c7_back-to-blondie_1024.webp,https://www.skiddle.com/whats-on/Birmingham/The-Victoria-Birmingham/Back-to-Blondie/42402686/,2026-08-28,2026-08-28T20:00:00+00:00,2026-08-28T23:00:00+00:00,A night of Blondie classics as Back to Blondie land at The Victoria on Friday 3rd July!,"{'doorsopen': '20:00', 'doorsclose': '23:00', 'lastentry': ''}",18,,0,0,True,"{'minPrice': 15, 'maxPrice': 15}",,public,,False,{'enabled': False},#080808,GBP,[],"[{'genreid': '48', 'name': 'Covers Band/Tribute Act'}, {'genreid': '96', 'name': 'New Wave'}]",[]
42467927,2274323,False,2274323,False,0,LIVE,Yaksta UK Tour,0,,,,,"{'id': 125271, 'name': 'XOYO', 'address': 'Lower Trinity Street, Deritend', 'town': 'Birmingham', 'postcode_lookup': 'Birmingham', 'postcode': 'B9 4AG', 'region': 'Birmingham', 'country': 'GB', 'phone': '0121 771 4391', 'latitude': 52.475038, 'longitude': -1.8809493, 'type': 'Nightclub', 'rating': 4, 'reviewCount': 7125, 'distance': 9945.324194887584}",https://d31fr2pwly4c4s.cloudfront.net/e/7/b/2274323_ae328037_yaksta-uk-tour_th.jpg,https://d31fr2pwly4c4s.cloudfront.net/e/7/b/2274323_ae328037_yaksta-uk-tour.jpg,https://d31fr2pwly4c4s.cloudfront.net/e/7/b/2274323_ae328037_yaksta-uk-tour_1024.jpg,https://d31fr2pwly4c4s.cloudfront.net/e/7/b/2274323_ae328037_yaksta-uk-tour_1024.webp,https://www.skiddle.com/whats-on/Birmingham/XOYO/Yaksta-UK-Tour/42467927/,2026-08-28,2026-08-28T21:00:00+00:00,2026-08-29T02:00:00+00:00,"Yaksta brings his unmistakable fusion of Reggae, Dancehall and conscious storytelling to the UK this August for his highly anticipated debut UK Tour","{'doorsopen': '21:00', 'doorsclose': '02:00', 'lastentry': ''}",18,,0,6,True,"{'minPrice': 22.5, 'maxPrice': 25}",,public,,False,{'enabled': False},#081828,GBP,"[{'artistid': '123542093', 'name': 'X-Ta-C 4x4', 'image': 'https://d1plawd8huk6hh.cloudfront.net/assets/default400.png', 'spotifyartisturl': None}, {'artistid': '123603345', 'name': 'TRXXY', 'image': 'https://d1mdxzfl9p8pzo.cloudfront.net/5/123603345_52504d7d_1024.jpg', 'spotifyartisturl': 'spotify:artist:7uehOwssBD2yOV2MQrEAeR'}]","[{'genreid': '24', 'name': 'Dancehall'}, {'genreid': '68', 'name': 'Reggae'}]",[]
41958473,2190358,False,2190358,False,0,LIVE,Motown & Soul Magic,0,,,,,"{'id': 88367, 'name': 'Kingshurst Labour Club ', 'address': '51 Clopton Crescent', 'town': 'Birmingham', 'postcode_lookup': 'Birmingham', 'postcode': 'B37 6QU', 'region': 'Birmingham', 'country': 'GB', 'phone': '', 'latitude': 52.486533, 'longitude': -1.735523, 'type': 'live', 'rating': 4, 'reviewCount': 123, 'distance': 19403.181381232844}",https://d31fr2pwly4c4s.cloudfront.net/9/3/e/2190358_e1d5cdce_motown-soul-magic_th.jpg,https://d31fr2pwly4c4s.cloudfront.net/9/3/e/2190358_e1d5cdce_motown-soul-magic.jpg,https://d31fr2pwly4c4s.cloudfront.net/9/3/e/2190358_e1d5cdce_motown-soul-magic_1024.jpg,https://d31fr2pwly4c4s.cloudfront.net/9/3/e/2190358_e1d5cdce_motown-soul-magic_1024.webp,https://www.skiddle.com/whats-on/Birmingham/Kingshurst-Labour-Club-/Motown--Soul-Magic/41958473/,2026-08-29,2026-08-29T15:00:00+00:00,2026-08-29T20:00:00+00:00,An afternoon of Soul & Motown,"{'doorsopen': '15:00', 'doorsclose': '20:00', 'lastentry': ''}",25,,0,6,True,"{'minPrice': 5, 'maxPrice': 5}",,public,,False,{'enabled': False},#080808,GBP,[],[],[]
42497956,2283509,False,2283509,False,0,LIVE,Dnb360 & Noise Enforcement presents: MC YT's 40th Bday Bash,0,,,,,"{'id': 138418, 'name': 'Waxey Gordons', 'address': 'Unit 2b (Old Sadlers Bar) Conyers Trading Estate', 'town': 'Lye', 'postcode_lookup': 'Stourbridge', 'postcode': 'DY9 8ER', 'region': 'West Midlands', 'country': 'GB', 'phone': '', 'latitude': 52.4594959, 'longitude': -2.1145419, 'type': 'bar', 'rating': 0, 'reviewCount': 0, 'distance': 7903.56902290926}",https://d31fr2pwly4c4s.cloudfront.net/5/b/9/2283509_883d11d6_dnb360-noise-enforcement-presents-mc-yt-s-40th-bday-bash_th.jpg,https://d31fr2pwly4c4s.cloudfront.net/5/b/9/2283509_883d11d6_dnb360-noise-enforcement-presents-mc-yt-s-40th-bday-bash.jpg,https://d31fr2pwly4c4s.cloudfront.net/5/b/9/2283509_883d11d6_dnb360-noise-enforcement-presents-mc-yt-s-40th-bday-bash_1024.jpg,https://d31fr2pwly4c4s.cloudfront.net/5/b/9/2283509_883d11d6_dnb360-noise-enforcement-presents-mc-yt-s-40th-bday-bash_1024.webp,https://www.skiddle.com/whats-on/Stourbridge/Waxey-Gordons/Dnb360--Noise-Enforcement-presents-MC-YTs-40th-Bday-Bash/42497956/,2026-08-29,2026-08-29T17:00:00+00:00,2026-08-30T02:00:00+00:00,"Dnb360 & Noise Enforcement presents: MC YT's 40th Bday Bash w/ Filthy Habits, Herbzie DJ Looney + more","{'doorsopen': '17:00', 'doorsclose': '02:00', 'lastentry': ''}",18,,0,0,True,"{'minPrice': 5, 'maxPrice': 5}",,public,,False,{'enabled': False},#f8f8f8,GBP,"[{'artistid': '123541038', 'name': 'Filthy Habits', 'image': 'https://d1mdxzfl9p8pzo.cloudfront.net/8/123541038_1_1024.jpg', 'spotifyartisturl': 'spotify:artist:4MUyjTxCPuQW8yrgN7jTv5'}, {'artistid': '123583961', 'name': 'Herbzie', 'image': 'https://d1mdxzfl9p8pzo.cloudfront.net/1/123583961_1_1024.jpg', 'spotifyartisturl': None}, {'artistid': '123600197', 'name': 'Benny Colab', 'image': 'https://d1mdxzfl9p8pzo.cloudfront.net/7/123600197_ed35cc56_1024.jpg', 'spotifyartisturl': None}]","[{'genreid': '8', 'name': 'Drum and Bass'}]",[]
42560793,2296257,False,2296257,False,0,LIVE,Big Stevie's Bank Holiday Bangers,0,,,,,"{'id': 106360, 'name': 'The Rhodehouse', 'address': '123 Parade', 'town': 'Sutton Coldfield', 'postcode_lookup': 'Sutton-Coldfield', 'postcode': 'B72 1PU', 'region': 'Birmingham', 'country': 'GB', 'phone': '', 'latitude': 52.560161, 'longitude': -1.825201, 'type': 'live', 'rating': 4, 'reviewCount': 2536, 'distance': 14739.120403282686}",https://d31fr2pwly4c4s.cloudfront.net/e/d/9/2296257_47b54d6c_big-stevie-s-bank-holiday-bangers_th.jpg,https://d31fr2pwly4c4s.cloudfront.net/e/d/9/2296257_47b54d6c_big-stevie-s-bank-holiday-bangers.jpg,https://d31fr2pwly4c4s.cloudfront.net/e/d/9/2296257_47b54d6c_big-stevie-s-bank-holiday-bangers_1024.jpg,https://d31fr2pwly4c4s.cloudfront.net/e/d/9/2296257_47b54d6c_big-stevie-s-bank-holiday-bangers_1024.webp,https://www.skiddle.com/whats-on/Sutton-Coldfield/The-Rhodehouse/Big-Stevies-Bank-Holiday-Bangers/42560793/,2026-08-29,2026-08-29T19:00:00+00:00,2026-08-29T23:45:00+00:00,"Big Stevie closes out the summer with the biggest hits from the 60s to the 90s, plus a live performance from Chloe Black.","{'doorsopen': '19:00', 'doorsclose': '23:45', 'lastentry': ''}",18,,0,0,True,"{'minPrice': 5, 'maxPrice': 5}",,public,,False,{'enabled': False},#080808,GBP,[],"[{'genreid': '4', 'name': 'R&B'}, {'genreid': '20', 'name': 'Pop'}, {'genreid': '57', 'name': 'Disco'}]",[]
41939919,2185600,False,2185600,False,0,LIVE,Rats In The Kitchen,1,2026-04-21 12:19:36,cancelled,Automatic cancellation: All future dates in the event series have been cancelled,,"{'id': 124580, 'name': 'Sutton United Football Club', 'address': 'Coleshill Road', 'town': 'Sutton Coldfield', 'postcode_lookup': 'Sutton-Coldfield', 'postcode': 'B75 7BA', 'region': 'Birmingham', 'country': 'GB', 'phone': '07976662634', 'latitude': 52.5601959, 'longitude': -1.8136432, 'type': 'bar', 'rating': 4, 'reviewCount': 73, 'distance': 15447.078296853064}",https://d31fr2pwly4c4s.cloudfront.net/d/9/c/2185600_63473996_Rats-In-The-Kitchen_th.jpg,https://d31fr2pwly4c4s.cloudfront.net/d/9/c/2185600_63473996_Rats-In-The-Kitchen.jpg,https://d31fr2pwly4c4s.cloudfront.net/d/9/c/2185600_63473996_Rats-In-The-Kitchen_1024.jpg,https://d31fr2pwly4c4s.cloudfront.net/d/9/c/2185600_63473996_Rats-In-The-Kitchen_1024.webp,https://www.skiddle.com/whats-on/Sutton-Coldfield/Sutton-United-Football-Club/Rats-In-The-Kitchen/41939919/,2026-08-29,2026-08-29T19:00:00+00:00,2026-08-29T23:00:00+00:00,"The first time was so nice, we had to do it twice! Join us for the return of Rats In The Kitchen - the UK's Number 1 UB40 tribute band.","{'doorsopen': '19:00', 'doorsclose': '23:00', 'lastentry': '20:30'}",,,0,0,False,"{'minPrice': 10, 'maxPrice': 10}",,public,,False,{'enabled': False},#080808,GBP,"[{'artistid': '123595815', 'name': 'UB40 Tribute Rats in the Kitchen', 'image': 'https://d1mdxzfl9p8pzo.cloudfront.net/5/123595815_a55b2300_1024.jpg', 'spotifyartisturl': None}]","[{'genreid': '68', 'name': 'Reggae'}]",[]
42503935,2284797,False,2284797,False,0,LIVE,Hibushibire (Psychedelic Rock from Japan),0,,,,,"{'id': 2058, 'name': 'The Sunflower Lounge', 'address': '76 Smallbrook Queensway', 'town': 'Birmingham', 'postcode_lookup': 'Birmingham', 'postcode': 'B5 4EG', 'region': 'Birmingham', 'country': 'GB', 'phone': '0121 632 6756', 'latitude': 52.476205, 'longitude': -1.897554, 'type': 'bar', 'rating': 4, 'reviewCount': 554, 'distance': 8836.736049148043}",https://d31fr2pwly4c4s.cloudfront.net/5/8/4/2284797_a215a72f_hihushibire-psychedelic-rock-from-japan-_th.jpg,https://d31fr2pwly4c4s.cloudfront.net/5/8/4/2284797_a215a72f_hihushibire-psychedelic-rock-from-japan-.jpg,https://d31fr2pwly4c4s.cloudfront.net/5/8/4/2284797_a215a72f_hihushibire-psychedelic-rock-from-japan-_1024.jpg,https://d31fr2pwly4c4s.cloudfront.net/5/8/4/2284797_a215a72f_hihushibire-psychedelic-rock-from-japan-_1024.webp,https://www.skiddle.com/whats-on/Birmingham/The-Sunflower-Lounge/Hibushibire-Psychedelic-Rock-from-Japan/42503935/,2026-08-29,2026-08-29T19:30:00+00:00,2026-08-29T23:00:00+00:00,"Psychedelic Rock from Japan: for fans of Hawkwind, King Gizzard and the Lizard Wizard and Acid Mothers Temple","{'doorsopen': '19:30', 'doorsclose': '23:00', 'lastentry': '20:00'}",18,,0,12,True,"{'minPrice': 6, 'maxPrice': 12}",,public,,False,{'enabled': False},#f8f8f8,GBP,[],"[{'genreid': '5', 'name': 'Rock'}, {'genreid': '46', 'name': 'Alternative'}, {'genreid': '125', 'name': 'Progressive Rock'}]",[]
42469908,2275057,False,2275057,False,0,LIVE,Golden Years: Celebrating 50 Years of Punk (Live),0,,,,,"{'id': 38952, 'name': 'Hare And Hounds Kings Heath', 'address': '106 High Street, Kings Heath', 'town': 'Birmingham', 'postcode_lookup': 'Birmingham', 'postcode': 'B14 7JZ', 'region': 'Birmingham', 'country': 'GB', 'phone': '0121 444 2081', 'latitude': 52.434622, 'longitude': -1.89298, 'type': 'live', 'rating': 4, 'reviewCount': 15186, 'distance': 11460.213562936333}",https://d31fr2pwly4c4s.cloudfront.net/9/6/e/2275057_926fad95_golden-years-celebrating-50-years-of-punk-live-_th.jpg,https://d31fr2pwly4c4s.cloudfront.net/9/6/e/2275057_926fad95_golden-years-celebrating-50-years-of-punk-live-.jpg,https://d31fr2pwly4c4s.cloudfront.net/9/6/e/2275057_926fad95_golden-years-celebrating-50-years-of-punk-live-_1024.jpg,https://d31fr2pwly4c4s.cloudfront.net/9/6/e/2275057_926fad95_golden-years-celebrating-50-years-of-punk-live-_1024.webp,https://www.skiddle.com/whats-on/Birmingham/Hare-And-Hounds-Kings-Heath/Golden-Years-Celebrating-50-Years-of-Punk-Live/42469908/,2026-08-29,2026-08-29T20:00:00+00:00,2026-08-30T00:00:00+00:00,"Golden Years presents a celebration of punk, with Vaselines performing music from The Clash, Sex Pistols, Buzzcocks, The Stranglers & more!","{'doorsopen': '20:00', 'doorsclose': '00:00', 'lastentry': ''}",18,,0,22,True,"{'minPrice': 10, 'maxPrice': 13.1}",,public,,False,{'enabled': False},#080808,GBP,[],"[{'genreid': '5', 'name': 'Rock'}, {'genreid': '53', 'name': 'Punk'}]",[]
42581904,2301738,False,2301738,False,0,LIVE,70s & 80s Day Disco,0,,,,,"{'id': 106360, 'name': 'The Rhodehouse', 'address': '123 Parade', 'town': 'Sutton Coldfield', 'postcode_lookup': 'Sutton-Coldfield', 'postcode': 'B72 1PU', 'region': 'Birmingham', 'country': 'GB', 'phone': '', 'latitude': 52.560161, 'longitude': -1.825201, 'type': 'live', 'rating': 4, 'reviewCount': 2536, 'distance': 14739.120403282686}",https://d31fr2pwly4c4s.cloudfront.net/b/a/d/2301738_186d0501_70s-80s-day-disco_th.jpg,https://d31fr2pwly4c4s.cloudfront.net/b/a/d/2301738_186d0501_70s-80s-day-disco.jpg,https://d31fr2pwly4c4s.cloudfront.net/b/a/d/2301738_186d0501_70s-80s-day-disco_1024.jpg,https://d31fr2pwly4c4s.cloudfront.net/b/a/d/2301738_186d0501_70s-80s-day-disco_1024.webp,https://www.skiddle.com/whats-on/Sutton-Coldfield/The-Rhodehouse/70s--80s-Day-Disco/42581904/,2026-08-30,2026-08-30T13:30:00+00:00,2026-08-30T20:00:00+00:00,"Disco, rock and pop all afternoon from 2pm. Get the flares out, there's prizes for best fancy dress. Sunday 30 August at The Rhodehouse","{'doorsopen': '13:30', 'doorsclose': '20:00', 'lastentry': ''}",18,,0,0,True,"{'minPrice': 5, 'maxPrice': 5}",,public,,False,{'enabled': False},#080808,GBP,[],"[{'genreid': '5', 'name': 'Rock'}, {'genreid': '20', 'name': 'Pop'}, {'genreid': '57', 'name': 'Disco'}]",[]
42429697,2265779,False,2265779,False,0,LIVE,The Big Bulls Head  Reggae ALLDAYER,0,,,,,"{'id': 132378, 'name': 'The Big Bulls Head Digbeth', 'address': '75 Digbeth', 'town': 'Birmingham', 'postcode_lookup': 'Birmingham', 'postcode': 'B5 6DY', 'region': 'Birmingham', 'country': 'GB', 'phone': '', 'latitude': 52.4754531, 'longitude': -1.8871825, 'type': 'Outdoors', 'rating': 3, 'reviewCount': 6, 'distance': 9529.323288718988}",https://d31fr2pwly4c4s.cloudfront.net/a/5/c/2265779_7ed20a0a_the-big-bulls-head-reggae-alldayer_th.jpg,https://d31fr2pwly4c4s.cloudfront.net/a/5/c/2265779_7ed20a0a_the-big-bulls-head-reggae-alldayer.jpg,https://d31fr2pwly4c4s.cloudfront.net/a/5/c/2265779_7ed20a0a_the-big-bulls-head-reggae-alldayer_1024.jpg,https://d31fr2pwly4c4s.cloudfront.net/a/5/c/2265779_7ed20a0a_the-big-bulls-head-reggae-alldayer_1024.webp,https://www.skiddle.com/whats-on/Birmingham/The-Big-Bulls-Head-Digbeth/The-Big-Bulls-Head--Reggae-ALLDAYER/42429697/,2026-08-30,2026-08-30T15:00:00+00:00,2026-08-31T00:00:00+00:00,"Expect hours of pure,  non-stop Reggae and Dancehall anthems. 
BANK HOLIDAY AUGUST 
THE BIG BULLS HEAD, 75 DIGBETH
3:00 PM - MIDNIGHT","{'doorsopen': '15:00', 'doorsclose': '00:00', 'lastentry': ''}",,,0,22,True,"{'minPrice': 5, 'maxPrice': 12}",,public,,False,{'enabled': False},#f8f8f8,GBP,[],[],[]
42264344,2230780,False,2230780,False,0,LIVE,EDOwave UK,0,,,,,"{'id': 476, 'name': 'The Flapper', 'address': 'Cambrian Wharf, 8 Kingston Row, Birmingham', 'town': 'Birmingham', 'postcode_lookup': 'Birmingham', 'postcode': 'B1 2NU', 'region': 'Birmingham', 'country': 'GB', 'phone': '0121 236 2421', 'latitude': 52.480479, 'longitude': -1.912217, 'type': 'Nightclub', 'rating': 4, 'reviewCount': 281, 'distance': 7744.135718582458}",https://d31fr2pwly4c4s.cloudfront.net/0/a/c/2230780_909563cc_edowave-uk_th.jpg,https://d31fr2pwly4c4s.cloudfront.net/0/a/c/2230780_909563cc_edowave-uk.jpg,https://d31fr2pwly4c4s.cloudfront.net/0/a/c/2230780_909563cc_edowave-uk_1024.jpg,https://d31fr2pwly4c4s.cloudfront.net/0/a/c/2230780_909563cc_edowave-uk_1024.webp,https://www.skiddle.com/whats-on/Birmingham/The-Flapper/EDOwave-UK/42264344/,2026-08-30,2026-08-30T19:00:00+00:00,2026-08-30T23:00:00+00:00,"EDO WAVE is an annual international music festival held in Tokyo, Japan, but for the first time ever comes to the UK","{'doorsopen': '19:00', 'doorsclose': '23:00', 'lastentry': '19:30'}",,,0,18,True,"{'minPrice': 8, 'maxPrice': 8}",,public,,False,{'enabled': False},#f8f8f8,GBP,"[{'artistid': '123546890', 'name': 'Dead Happy', 'image': 'https://d1plawd8huk6hh.cloudfront.net/assets/default400.png', 'spotifyartisturl': 'spotify:artist:3UyhCB1LFDHivxcKDMT4iy'}]","[{'genreid': '5', 'name': 'Rock'}, {'genreid': '27', 'name': 'Metal'}, {'genreid': '46', 'name': 'Alternative'}, {'genreid': '53', 'name': 'Punk'}, {'genreid': '97', 'name': 'Synth Pop'}]",[]
42486636,2280532,False,2280532,False,0,LIVE,Transmissions Live - The Sunflower Lounge,0,,,,,"{'id': 2058, 'name': 'The Sunflower Lounge', 'address': '76 Smallbrook Queensway', 'town': 'Birmingham', 'postcode_lookup': 'Birmingham', 'postcode': 'B5 4EG', 'region': 'Birmingham', 'country': 'GB', 'phone': '0121 632 6756', 'latitude': 52.476205, 'longitude': -1.897554, 'type': 'bar', 'rating': 4, 'reviewCount': 554, 'distance': 8836.736049148043}",https://d1plawd8huk6hh.cloudfront.net/assets/default400.png,https://d1plawd8huk6hh.cloudfront.net/assets/default400.png,https://d1plawd8huk6hh.cloudfront.net/assets/default400.png,False,https://www.skiddle.com/whats-on/Birmingham/The-Sunflower-Lounge/Transmissions-Live---The-Sunflower-Lounge/42486636/,2026-08-30,2026-08-30T19:30:00+00:00,2026-08-30T23:00:00+00:00,"Transmissions celebrate the release of their third studio album ""I Saw the Pylon Leylines"" with support from Sue & Bucket Brigade.","{'doorsopen': '19:30', 'doorsclose': '23:00', 'lastentry': '20:00'}",,,0,0,True,"{'minPrice': 7, 'maxPrice': 7}",,public,,False,{'enabled': False},#5888b8,GBP,[],"[{'genreid': '26', 'name': 'Indie'}, {'genreid': '27', 'name': 'Metal'}, {'genreid': '46', 'name': 'Alternative'}, {'genreid': '89', 'name': 'Post Rock'}, {'genreid': '91', 'name': 'Experimental'}]",[]
42488710,2281290,False,2281290,False,0,LIVE,The Space Lady (An Early Evening Show),0,,,,,"{'id': 38952, 'name': 'Hare And Hounds Kings Heath', 'address': '106 High Street, Kings Heath', 'town': 'Birmingham', 'postcode_lookup': 'Birmingham', 'postcode': 'B14 7JZ', 'region': 'Birmingham', 'country': 'GB', 'phone': '0121 444 2081', 'latitude': 52.434622, 'longitude': -1.89298, 'type': 'live', 'rating': 4, 'reviewCount': 15186, 'distance': 11460.213562936333}",https://d31fr2pwly4c4s.cloudfront.net/f/0/e/2281290_4e565351_the-space-lady-an-early-evening-show-_th.jpg,https://d31fr2pwly4c4s.cloudfront.net/f/0/e/2281290_4e565351_the-space-lady-an-early-evening-show-.jpg,https://d31fr2pwly4c4s.cloudfront.net/f/0/e/2281290_4e565351_the-space-lady-an-early-evening-show-_1024.jpg,https://d31fr2pwly4c4s.cloudfront.net/f/0/e/2281290_4e565351_the-space-lady-an-early-evening-show-_1024.webp,https://www.skiddle.com/whats-on/Birmingham/Hare-And-Hounds-Kings-Heath/The-Space-Lady-An-Early-Evening-Show/42488710/,2026-08-31,2026-08-31T17:00:00+00:00,2026-08-31T20:00:00+00:00,"Special bank holiday, early evening show with the transcendental and experimental artist known as The Space Lady.","{'doorsopen': '17:00', 'doorsclose': '20:00', 'lastentry': ''}",,,0,11,True,"{'minPrice': 17.1, 'maxPrice': 17.1}",,public,,False,{'enabled': False},#c8b8b8,GBP,"[{'artistid': '123554211', 'name': 'The Space Lady', 'image': 'https://d1plawd8huk6hh.cloudfront.net/assets/default400.png', 'spotifyartisturl': 'spotify:artist:6KUKRy1D49ZxwfSFPcV7WF'}]","[{'genreid': '20', 'name': 'Pop'}, {'genreid': '91', 'name': 'Experimental'}]",[]
42577954,2300612,False,2300612,False,0,LIVE,Cardinals,0,,,,,"{'id': 38952, 'name': 'Hare And Hounds Kings Heath', 'address': '106 High Street, Kings Heath', 'town': 'Birmingham', 'postcode_lookup': 'Birmingham', 'postcode': 'B14 7JZ', 'region': 'Birmingham', 'country': 'GB', 'phone': '0121 444 2081', 'latitude': 52.434622, 'longitude': -1.89298, 'type': 'live', 'rating': 4, 'reviewCount': 15186, 'distance': 11460.213562936333}",https://d31fr2pwly4c4s.cloudfront.net/4/f/8/2300612_a2994d5a_cardinals_th.jpg,https://d31fr2pwly4c4s.cloudfront.net/4/f/8/2300612_a2994d5a_cardinals.jpg,https://d31fr2pwly4c4s.cloudfront.net/4/f/8/2300612_a2994d5a_cardinals_1024.jpg,https://d31fr2pwly4c4s.cloudfront.net/4/f/8/2300612_a2994d5a_cardinals_1024.webp,https://www.skiddle.com/whats-on/Birmingham/Hare-And-Hounds-Kings-Heath/Cardinals/42577954/,2026-09-01,2026-09-01T19:30:00+00:00,2026-09-01T22:30:00+00:00,Irish five-piece positioning themselves at the vanguard of the Irish independent rock scene.,"{'doorsopen': '19:30', 'doorsclose': '22:30', 'lastentry': ''}",14,,0,10,True,"{'minPrice': 15.6, 'maxPrice': 15.6}",,public,,False,{'enabled': False},#080808,GBP,[],"[{'genreid': '26', 'name': 'Indie'}, {'genreid': '46', 'name': 'Alternative'}, {'genreid': '53', 'name': 'Punk'}]",[]
42366047,2252784,False,2252784,False,0,LIVE,Wheels in Motion Tour,0,,,,,"{'id': 38952, 'name': 'Hare And Hounds Kings Heath', 'address': '106 High Street, Kings Heath', 'town': 'Birmingham', 'postcode_lookup': 'Birmingham', 'postcode': 'B14 7JZ', 'region': 'Birmingham', 'country': 'GB', 'phone': '0121 444 2081', 'latitude': 52.434622, 'longitude': -1.89298, 'type': 'live', 'rating': 4, 'reviewCount': 15186, 'distance': 11460.213562936333}",https://d31fr2pwly4c4s.cloudfront.net/5/0/c/2252784_f2b6d3cc_wheels-in-motion-tour_th.jpg,https://d31fr2pwly4c4s.cloudfront.net/5/0/c/2252784_f2b6d3cc_wheels-in-motion-tour.jpg,https://d31fr2pwly4c4s.cloudfront.net/5/0/c/2252784_f2b6d3cc_wheels-in-motion-tour_1024.jpg,https://d31fr2pwly4c4s.cloudfront.net/5/0/c/2252784_f2b6d3cc_wheels-in-motion-tour_1024.webp,https://www.skiddle.com/whats-on/Birmingham/Hare-And-Hounds-Kings-Heath/Wheels-in-Motion-Tour/42366047/,2026-09-02,2026-09-02T19:00:00+00:00,2026-09-02T23:00:00+00:00,"This coming September sees the start of 'The Wheels In Motion Tour', a three-band bill that will support indie venues up and down the country.","{'doorsopen': '19:00', 'doorsclose': '23:00', 'lastentry': ''}",16,,0,3,True,"{'minPrice': 15.5, 'maxPrice': 15.5}",,public,,False,{'enabled': False},#f8e8e8,GBP,"[{'artistid': '123586127', 'name': 'The Sukis', 'image': 'https://d1mdxzfl9p8pzo.cloudfront.net/7/123586127_2bf19e2c_1024.jpg', 'spotifyartisturl': 'spotify:artist:0z2w2g48teQXR561xEi3zT'}, {'artistid': '123577950', 'name': 'The Jacques', 'image': 'https://d1plawd8huk6hh.cloudfront.net/assets/default400.png', 'spotifyartisturl': 'spotify:artist:4PsjwNjuhm45waas7wa1xJ'}]","[{'genreid': '5', 'name': 'Rock'}, {'genreid': '26', 'name': 'Indie'}, {'genreid': '46', 'name': 'Alternative'}, {'genreid': '82', 'name': '1990s'}, {'genreid': '89', 'name': 'Post Rock'}]",[]
42158237,2218404,False,2218404,False,0,LIVE,A Place to Bury Strangers,0,,,,,"{'id': 38952, 'name': 'Hare And Hounds Kings Heath', 'address': '106 High Street, Kings Heath', 'town': 'Birmingham', 'postcode_lookup': 'Birmingham', 'postcode': 'B14 7JZ', 'region': 'Birmingham', 'country': 'GB', 'phone': '0121 444 2081', 'latitude': 52.434622, 'longitude': -1.89298, 'type': 'live', 'rating': 4, 'reviewCount': 15186, 'distance': 11460.213562936333}",https://d31fr2pwly4c4s.cloudfront.net/1/d/9/2218404_e3e3e404_a-place-to-bury-strangers_th.jpg,https://d31fr2pwly4c4s.cloudfront.net/1/d/9/2218404_e3e3e404_a-place-to-bury-strangers.jpg,https://d31fr2pwly4c4s.cloudfront.net/1/d/9/2218404_e3e3e404_a-place-to-bury-strangers_1024.jpg,https://d31fr2pwly4c4s.cloudfront.net/1/d/9/2218404_e3e3e404_a-place-to-bury-strangers_1024.webp,https://www.skiddle.com/whats-on/Birmingham/Hare-And-Hounds-Kings-Heath/A-Place-to-Bury-Strangers/42158237/,2026-09-02,2026-09-02T19:30:00+00:00,2026-09-02T22:30:00+00:00,"American rock band formed in 2002 in New York City. APTBS play a heavy, atmospheric Wall of Sound-influenced blend of noise rock, shoegaze and punk.","{'doorsopen': '19:30', 'doorsclose': '22:30', 'lastentry': ''}",14,,0,39,True,"{'minPrice': 15.6, 'maxPrice': 20.6}",,public,,False,{'enabled': False},#181818,GBP,"[{'artistid': '123540303', 'name': 'A Place to Bury Strangers', 'image': 'https://d1mdxzfl9p8pzo.cloudfront.net/3/123540303_1_1024.jpg', 'spotifyartisturl': 'spotify:artist:3kx1S2P2Qq3a9bG4DGsAjR'}]","[{'genreid': '5', 'name': 'Rock'}, {'genreid': '53', 'name': 'Punk'}, {'genreid': '89', 'name': 'Post Rock'}, {'genreid': '130', 'name': 'Shoegaze'}]",[]
42147206,2215898,False,2215898,False,0,LIVE,The South,0,,,,,"{'id': 38008, 'name': 'The Jam House', 'address': ""3-5 St. Paul's square"", 'town': 'Birmingham ', 'postcode_lookup': 'Birmingham', 'postcode': 'B3 1QU', 'region': 'Birmingham', 'country': 'GB', 'phone': '0121 200 3030', 'latitude': 52.485231, 'longitude': -1.904536, 'type': 'live', 'rating': 4, 'reviewCount': 81, 'distance': 8102.218714239657}",https://d31fr2pwly4c4s.cloudfront.net/9/b/d/2215898_0ad287f5_the-south_th.jpg,https://d31fr2pwly4c4s.cloudfront.net/9/b/d/2215898_0ad287f5_the-south.jpg,https://d31fr2pwly4c4s.cloudfront.net/9/b/d/2215898_0ad287f5_the-south_1024.jpg,https://d31fr2pwly4c4s.cloudfront.net/9/b/d/2215898_0ad287f5_the-south_1024.webp,https://www.skiddle.com/whats-on/Birmingham/The-Jam-House/The-South/42147206/,2026-09-03,2026-09-03T18:00:00+00:00,2026-09-03T23:45:00+00:00,"Featuring members of The Beautiful South bringing back the full sound of these treasured songs A Little Time , Perfect 10 & 'Rotterdam'","{'doorsopen': '18:00', 'doorsclose': '23:45', 'lastentry': '21:30'}",18,,0,4,True,"{'minPrice': 30, 'maxPrice': 30}",,public,,False,{'enabled': False},#080808,GBP,"[{'artistid': '123496742', 'name': 'The South', 'image': 'https://d1mdxzfl9p8pzo.cloudfront.net/2/123496742_1_1024.jpg', 'spotifyartisturl': 'spotify:artist:3K9HRi6OcFkNLDWJBwSY7H'}]","[{'genreid': '20', 'name': 'Pop'}, {'genreid': '62', 'name': '1980s'}, {'genreid': '82', 'name': '1990s'}, {'genreid': '83', 'name': '2000s'}]",[]
42006157,2201074,False,2201074,False,0,LIVE,Weird Nightmare,0,,,,,"{'id': 38952, 'name': 'Hare And Hounds Kings Heath', 'address': '106 High Street, Kings Heath', 'town': 'Birmingham', 'postcode_lookup': 'Birmingham', 'postcode': 'B14 7JZ', 'region': 'Birmingham', 'country': 'GB', 'phone': '0121 444 2081', 'latitude': 52.434622, 'longitude': -1.89298, 'type': 'live', 'rating': 4, 'reviewCount': 15186, 'distance': 11460.213562936333}",https://d31fr2pwly4c4s.cloudfront.net/7/f/5/2201074_5ce607a1_weird-nightmare_th.jpg,https://d31fr2pwly4c4s.cloudfront.net/7/f/5/2201074_5ce607a1_weird-nightmare.jpg,https://d31fr2pwly4c4s.cloudfront.net/7/f/5/2201074_5ce607a1_weird-nightmare_1024.jpg,https://d31fr2pwly4c4s.cloudfront.net/7/f/5/2201074_5ce607a1_weird-nightmare_1024.webp,https://www.skiddle.com/whats-on/Birmingham/Hare-And-Hounds-Kings-Heath/Weird-Nightmare/42006157/,2026-09-03,2026-09-03T19:30:00+00:00,2026-09-03T22:30:00+00:00,Former METZ frontman Alex Edkins brings his band Weird Nightmare to Birmingham to celebrate their new record out Hoopla (Sub Pop).,"{'doorsopen': '19:30', 'doorsclose': '22:30', 'lastentry': ''}",14,,0,9,True,"{'minPrice': 10.6, 'maxPrice': 15.6}",,public,,False,{'enabled': False},#e8e8e8,GBP,[],"[{'genreid': '26', 'name': 'Indie'}, {'genreid': '46', 'name': 'Alternative'}]",[]
42393282,2256494,False,2256494,False,0,LIVE,The Darling Buds,0,,,,,"{'id': 38952, 'name': 'Hare And Hounds Kings Heath', 'address': '106 High Street, Kings Heath', 'town': 'Birmingham', 'postcode_lookup': 'Birmingham', 'postcode': 'B14 7JZ', 'region': 'Birmingham', 'country': 'GB', 'phone': '0121 444 2081', 'latitude': 52.434622, 'longitude': -1.89298, 'type': 'live', 'rating': 4, 'reviewCount': 15186, 'distance': 11460.213562936333}",https://d31fr2pwly4c4s.cloudfront.net/c/a/0/2256494_2376454b_the-darling-buds_th.jpg,https://d31fr2pwly4c4s.cloudfront.net/c/a/0/2256494_2376454b_the-darling-buds.jpg,https://d31fr2pwly4c4s.cloudfront.net/c/a/0/2256494_2376454b_the-darling-buds_1024.jpg,https://d31fr2pwly4c4s.cloudfront.net/c/a/0/2256494_2376454b_the-darling-buds_1024.webp,https://www.skiddle.com/whats-on/Birmingham/Hare-And-Hounds-Kings-Heath/The-Darling-Buds/42393282/,2026-09-03,2026-09-03T19:30:00+00:00,2026-09-03T23:00:00+00:00,"Alternative rock band from Newport, Wales formed in 1986.","{'doorsopen': '19:30', 'doorsclose': '23:00', 'lastentry': ''}",14,,0,22,True,"{'minPrice': 20.6, 'maxPrice': 20.6}",,public,,False,{'enabled': False},#080808,GBP,[],"[{'genreid': '5', 'name': 'Rock'}, {'genreid': '26', 'name': 'Indie'}, {'genreid': '46', 'name': 'Alternative'}]",[]
42482012,2278617,False,mCLzwbmEVb,False,0,LIVE,Live Music & Happy Hour at The Dry Spy Every Friday & Saturday,0,,,,,"{'id': 115863, 'name': 'The Dry Spy Knowle', 'address': '1673 High St, Knowle, Solihull ', 'town': 'Solihull', 'postcode_lookup': 'Solihull', 'postcode': 'B93 0NA', 'region': 'Birmingham', 'country': 'GB', 'phone': '07711917247', 'latitude': 52.388444, 'longitude': -1.7350295, 'type': 'bar', 'rating': 4, 'reviewCount': 7, 'distance': 23132.041930611493}",https://d31fr2pwly4c4s.cloudfront.net/b/7/2/2278603_dd4a3703_live-music-happy-hour-at-the-dry-spy-every-friday-saturday_th.jpg,https://d31fr2pwly4c4s.cloudfront.net/b/7/2/2278603_dd4a3703_live-music-happy-hour-at-the-dry-spy-every-friday-saturday.jpg,https://d31fr2pwly4c4s.cloudfront.net/b/7/2/2278603_dd4a3703_live-music-happy-hour-at-the-dry-spy-every-friday-saturday_1024.jpg,https://d31fr2pwly4c4s.cloudfront.net/b/7/2/2278603_dd4a3703_live-music-happy-hour-at-the-dry-spy-every-friday-saturday_1024.webp,https://www.skiddle.com/whats-on/Solihull/The-Dry-Spy-Knowle/Live-Music--Happy-Hour-at-The-Dry-Spy-Every-Friday--Saturday/42482012/,2026-09-04,2026-09-04T17:00:00+00:00,2026-09-04T23:45:00+00:00,"Live Music Friday & Saturday 
Happy Hour 5pm-7pm
Book tables Direct on Website
Table Reservations Available 
Open Thurs 241 Drinks","{'doorsopen': '17:00', 'doorsclose': '23:45', 'lastentry': ''}",18,,0,0,True,"{'minPrice': 0, 'maxPrice': 0}",,public,,False,{'enabled': False},,GBP,[],"[{'genreid': '42', 'name': 'Acoustic'}]",[]
42565394,2297257,False,2297257,False,0,LIVE,Under The Covers,0,,,,,"{'id': 106360, 'name': 'The Rhodehouse', 'address': '123 Parade', 'town': 'Sutton Coldfield', 'postcode_lookup': 'Sutton-Coldfield', 'postcode': 'B72 1PU', 'region': 'Birmingham', 'country': 'GB', 'phone': '', 'latitude': 52.560161, 'longitude': -1.825201, 'type': 'live', 'rating': 4, 'reviewCount': 2536, 'distance': 14739.120403282686}",https://d31fr2pwly4c4s.cloudfront.net/9/a/3/2297257_53223527_Under-The-Covers_th.jpg,https://d31fr2pwly4c4s.cloudfront.net/9/a/3/2297257_53223527_Under-The-Covers.jpg,https://d31fr2pwly4c4s.cloudfront.net/9/a/3/2297257_53223527_Under-The-Covers_1024.jpg,https://d31fr2pwly4c4s.cloudfront.net/9/a/3/2297257_53223527_Under-The-Covers_1024.webp,https://www.skiddle.com/whats-on/Sutton-Coldfield/The-Rhodehouse/Under-The-Covers/42565394/,2026-09-04,2026-09-04T19:00:00+00:00,2026-09-04T23:45:00+00:00,Always a full house when Under The Covers perform!,"{'doorsopen': '19:00', 'doorsclose': '23:45', 'lastentry': ''}",18,,0,1,True,"{'minPrice': 8, 'maxPrice': 8}",,public,,False,{'enabled': False},#080828,GBP,[],"[{'genreid': '5', 'name': 'Rock'}, {'genreid': '48', 'name': 'Covers Band/Tribute Act'}]",[]
41978710,2194088,False,2194088,False,0,LIVE,The Jam UK,0,,,,,"{'id': 80637, 'name': 'The Castle And Falcon', 'address': '402 Moseley Road', 'town': 'Birmingham', 'postcode_lookup': 'Birmingham', 'postcode': 'B12 9AT', 'region': 'Birmingham', 'country': 'GB', 'phone': '0121 440 4278', 'latitude': 52.4599842, 'longitude': -1.884336, 'type': 'live', 'rating': 4, 'reviewCount': 2027, 'distance': 10367.31784588706}",https://d31fr2pwly4c4s.cloudfront.net/5/c/2/2194088_7d8a3ef4_the-jam-uk_th.jpg,https://d31fr2pwly4c4s.cloudfront.net/5/c/2/2194088_7d8a3ef4_the-jam-uk.jpg,https://d31fr2pwly4c4s.cloudfront.net/5/c/2/2194088_7d8a3ef4_the-jam-uk_1024.jpg,https://d31fr2pwly4c4s.cloudfront.net/5/c/2/2194088_7d8a3ef4_the-jam-uk_1024.webp,https://www.skiddle.com/whats-on/Birmingham/The-Castle-And-Falcon/The-Jam-UK/41978710/,2026-09-04,2026-09-04T19:30:00+00:00,2026-09-04T23:00:00+00:00,"The Jam UK are the ultimate tribute to one of Britain's most iconic bands, faithfully recreating the energy, sound and style of The Jam.","{'doorsopen': '19:30', 'doorsclose': '23:00', 'lastentry': ''}",14,,0,4,True,"{'minPrice': 15, 'maxPrice': 15}",,public,,False,{'enabled': False},#0838b8,GBP,"[{'artistid': '123610797', 'name': 'The Jam UK', 'image': 'https://d1mdxzfl9p8pzo.cloudfront.net/7/123610797_7d256092_1024.jpg', 'spotifyartisturl': None}]","[{'genreid': '5', 'name': 'Rock'}, {'genreid': '26', 'name': 'Indie'}, {'genreid': '48', 'name': 'Covers Band/Tribute Act'}]",[]
41461443,2131706,False,2131706,False,0,LIVE,Jilted Generation - Prodigy Tribute [Live],0,,,,,"{'id': 38952, 'name': 'Hare And Hounds Kings Heath', 'address': '106 High Street, Kings Heath', 'town': 'Birmingham', 'postcode_lookup': 'Birmingham', 'postcode': 'B14 7JZ', 'region': 'Birmingham', 'country': 'GB', 'phone': '0121 444 2081', 'latitude': 52.434622, 'longitude': -1.89298, 'type': 'live', 'rating': 4, 'reviewCount': 15186, 'distance': 11460.213562936333}",https://d31fr2pwly4c4s.cloudfront.net/6/f/b/2131706_b93d8396_jilted-generation-prodigy-tribute-live-_th.jpg,https://d31fr2pwly4c4s.cloudfront.net/6/f/b/2131706_b93d8396_jilted-generation-prodigy-tribute-live-.jpg,https://d31fr2pwly4c4s.cloudfront.net/6/f/b/2131706_b93d8396_jilted-generation-prodigy-tribute-live-_1024.jpg,https://d31fr2pwly4c4s.cloudfront.net/6/f/b/2131706_b93d8396_jilted-generation-prodigy-tribute-live-_1024.webp,https://www.skiddle.com/whats-on/Birmingham/Hare-And-Hounds-Kings-Heath/Jilted-Generation---Prodigy-Tribute-Live/41461443/,2026-09-04,2026-09-04T20:00:00+00:00,2026-09-05T00:00:00+00:00,"The longest running tribute to the Prodigy, Jilted Generation have been tearing it up around the UK and parts of Europe for two decades!","{'doorsopen': '20:00', 'doorsclose': '00:00', 'lastentry': ''}",18,,0,18,True,"{'minPrice': 10, 'maxPrice': 15.6}",,public,,False,{'enabled': False},#f8e8d8,GBP,"[{'artistid': '123543767', 'name': 'Jilted Generation', 'image': 'https://d1mdxzfl9p8pzo.cloudfront.net/7/123543767_1_1024.jpg', 'spotifyartisturl': 'spotify:artist:23Yj12YgOjcTeyKTx6VKXU'}]",[],[]
41999545,2199533,False,2199533,False,0,LIVE,True Order - The Sound of New Order (Live),0,,,,,"{'id': 38952, 'name': 'Hare And Hounds Kings Heath', 'address': '106 High Street, Kings Heath', 'town': 'Birmingham', 'postcode_lookup': 'Birmingham', 'postcode': 'B14 7JZ', 'region': 'Birmingham', 'country': 'GB', 'phone': '0121 444 2081', 'latitude': 52.434622, 'longitude': -1.89298, 'type': 'live', 'rating': 4, 'reviewCount': 15186, 'distance': 11460.213562936333}",https://d31fr2pwly4c4s.cloudfront.net/b/f/2/2199533_20114794_True-Order---The-Sound-of-New-Order--Live-_th.jpg,https://d31fr2pwly4c4s.cloudfront.net/b/f/2/2199533_20114794_True-Order---The-Sound-of-New-Order--Live-.jpg,https://d31fr2pwly4c4s.cloudfront.net/b/f/2/2199533_20114794_True-Order---The-Sound-of-New-Order--Live-_1024.jpg,https://d31fr2pwly4c4s.cloudfront.net/b/f/2/2199533_20114794_True-Order---The-Sound-of-New-Order--Live-_1024.webp,https://www.skiddle.com/whats-on/Birmingham/Hare-And-Hounds-Kings-Heath/True-Order---The-Sound-of-New-Order-Live/41999545/,2026-09-05,2026-09-05T19:00:00+00:00,2026-09-05T23:00:00+00:00,Europe's number 1 tribute to New Order!,"{'doorsopen': '19:00', 'doorsclose': '23:00', 'lastentry': ''}",18,,0,9,True,"{'minPrice': 15.6, 'maxPrice': 15.6}",,public,,False,{'enabled': False},#f8f8f8,GBP,"[{'artistid': '123544004', 'name': 'True Order', 'image': 'https://d1mdxzfl9p8pzo.cloudfront.net/4/123544004_1_1024.jpg', 'spotifyartisturl': None}]",[],[]
42146299,2215596,False,2215596,False,0,LIVE,Ultimate Drag Night - Longbridge,0,,,,,"{'id': 6611, 'name': 'Austin Sports And Social Club', 'address': '30 Tessall Lane', 'town': 'Longbridge', 'postcode_lookup': 'Birmingham', 'postcode': 'B31 2SF', 'region': 'Birmingham', 'country': 'GB', 'phone': '0121 4751641', 'latitude': 52.398005, 'longitude': -1.9815, 'type': 'live', 'rating': 4, 'reviewCount': 54, 'distance': 11869.515810243365}",https://d31fr2pwly4c4s.cloudfront.net/4/1/9/2215596_95aad272_ultimate-drag-night-longbridge_th.jpg,https://d31fr2pwly4c4s.cloudfront.net/4/1/9/2215596_95aad272_ultimate-drag-night-longbridge.jpg,https://d31fr2pwly4c4s.cloudfront.net/4/1/9/2215596_95aad272_ultimate-drag-night-longbridge_1024.jpg,https://d31fr2pwly4c4s.cloudfront.net/4/1/9/2215596_95aad272_ultimate-drag-night-longbridge_1024.webp,https://www.skiddle.com/whats-on/Birmingham/Austin-Sports-And-Social-Club/Ultimate-Drag-Night---Longbridge/42146299/,2026-09-05,2026-09-05T19:00:00+00:00,2026-09-06T00:00:00+00:00,"Ultimate Drag Night - Longbridge, Birmingham
Get ready for 4½ hours of unapologetic fun, glamour, and chaos at our Ultimate Drag Night!","{'doorsopen': '19:00', 'doorsclose': '00:00', 'lastentry': ''}",18,,0,0,True,"{'minPrice': 13.5, 'maxPrice': 13.5}",,public,,False,{'enabled': False},#281848,GBP,[],"[{'genreid': '20', 'name': 'Pop'}]",[]
42565397,2297260,False,2297260,False,0,LIVE,Killerstream Weekend Anthems,0,,,,,"{'id': 106360, 'name': 'The Rhodehouse', 'address': '123 Parade', 'town': 'Sutton Coldfield', 'postcode_lookup': 'Sutton-Coldfield', 'postcode': 'B72 1PU', 'region': 'Birmingham', 'country': 'GB', 'phone': '', 'latitude': 52.560161, 'longitude': -1.825201, 'type': 'live', 'rating': 4, 'reviewCount': 2536, 'distance': 14739.120403282686}",https://d31fr2pwly4c4s.cloudfront.net/6/4/2/2297260_41523510_Killerstream-Weekend-Anthems_th.jpg,https://d31fr2pwly4c4s.cloudfront.net/6/4/2/2297260_41523510_Killerstream-Weekend-Anthems.jpg,https://d31fr2pwly4c4s.cloudfront.net/6/4/2/2297260_41523510_Killerstream-Weekend-Anthems_1024.jpg,https://d31fr2pwly4c4s.cloudfront.net/6/4/2/2297260_41523510_Killerstream-Weekend-Anthems_1024.webp,https://www.skiddle.com/whats-on/Sutton-Coldfield/The-Rhodehouse/Killerstream-Weekend-Anthems/42565397/,2026-09-05,2026-09-05T19:00:00+00:00,2026-09-05T23:45:00+00:00,Fantastic covers band performing hits from across the decades. It'll be an absolutely great night!,"{'doorsopen': '19:00', 'doorsclose': '23:45', 'lastentry': ''}",18,,0,0,True,"{'minPrice': 8, 'maxPrice': 8}",,public,,False,{'enabled': False},#080808,GBP,[],"[{'genreid': '20', 'name': 'Pop'}, {'genreid': '26', 'name': 'Indie'}, {'genreid': '107', 'name': 'Pop Rock'}]",[]
41939926,2185607,False,2185607,False,0,LIVE,Subterraneans,0,,,,,"{'id': 124580, 'name': 'Sutton United Football Club', 'address': 'Coleshill Road', 'town': 'Sutton Coldfield', 'postcode_lookup': 'Sutton-Coldfield', 'postcode': 'B75 7BA', 'region': 'Birmingham', 'country': 'GB', 'phone': '07976662634', 'latitude': 52.5601959, 'longitude': -1.8136432, 'type': 'bar', 'rating': 4, 'reviewCount': 73, 'distance': 15447.078296853064}",https://d31fr2pwly4c4s.cloudfront.net/7/0/f/2185607_27841777_Subterraneans_th.jpg,https://d31fr2pwly4c4s.cloudfront.net/7/0/f/2185607_27841777_Subterraneans.jpg,https://d31fr2pwly4c4s.cloudfront.net/7/0/f/2185607_27841777_Subterraneans_1024.jpg,https://d31fr2pwly4c4s.cloudfront.net/7/0/f/2185607_27841777_Subterraneans_1024.webp,https://www.skiddle.com/whats-on/Sutton-Coldfield/Sutton-United-Football-Club/Subterraneans/41939926/,2026-09-05,2026-09-05T19:00:00+00:00,2026-09-05T23:00:00+00:00,The Subterraneans have quickly become fan favourites here for their energetic covers of all-time rock classics,"{'doorsopen': '19:00', 'doorsclose': '23:00', 'lastentry': '20:30'}",,,0,0,True,"{'minPrice': 8, 'maxPrice': 8}",,public,,False,{'enabled': False},#282828,GBP,[],"[{'genreid': '5', 'name': 'Rock'}]",[]
42097584,2209054,False,2209054,False,0,LIVE,Isabel van Gelder,0,,,,,"{'id': 2058, 'name': 'The Sunflower Lounge', 'address': '76 Smallbrook Queensway', 'town': 'Birmingham', 'postcode_lookup': 'Birmingham', 'postcode': 'B5 4EG', 'region': 'Birmingham', 'country': 'GB', 'phone': '0121 632 6756', 'latitude': 52.476205, 'longitude': -1.897554, 'type': 'bar', 'rating': 4, 'reviewCount': 554, 'distance': 8836.736049148043}",https://d1plawd8huk6hh.cloudfront.net/assets/default400.png,https://d1plawd8huk6hh.cloudfront.net/assets/default400.png,https://d1plawd8huk6hh.cloudfront.net/assets/default400.png,False,https://www.skiddle.com/whats-on/Birmingham/The-Sunflower-Lounge/Isabel-van-Gelder/42097584/,2026-09-05,2026-09-05T19:30:00+00:00,2026-09-05T23:00:00+00:00,"Kili Presents by arrangement with Phonic and United Talent Agency

Isabel van Gelder","{'doorsopen': '19:30', 'doorsclose': '23:00', 'lastentry': ''}",16,,0,5,True,"{'minPrice': 0, 'maxPrice': 0}",,public,,False,{'enabled': False},,GBP,[],[],[]
42402696,2258686,False,2258686,False,0,LIVE,Talia Mar *SOLD OUT*,0,,,,,"{'id': 38952, 'name': 'Hare And Hounds Kings Heath', 'address': '106 High Street, Kings Heath', 'town': 'Birmingham', 'postcode_lookup': 'Birmingham', 'postcode': 'B14 7JZ', 'region': 'Birmingham', 'country': 'GB', 'phone': '0121 444 2081', 'latitude': 52.434622, 'longitude': -1.89298, 'type': 'live', 'rating': 4, 'reviewCount': 15186, 'distance': 11460.213562936333}",https://d31fr2pwly4c4s.cloudfront.net/0/3/0/2258686_25cbe497_talia-mar_th.jpg,https://d31fr2pwly4c4s.cloudfront.net/0/3/0/2258686_25cbe497_talia-mar.jpg,https://d31fr2pwly4c4s.cloudfront.net/0/3/0/2258686_25cbe497_talia-mar_1024.jpg,https://d31fr2pwly4c4s.cloudfront.net/0/3/0/2258686_25cbe497_talia-mar_1024.webp,https://www.skiddle.com/whats-on/Birmingham/Hare-And-Hounds-Kings-Heath/Talia-Mar-SOLD-OUT/42402696/,2026-09-06,2026-09-06T19:00:00+00:00,2026-09-06T23:00:00+00:00,Pop singer/songwriter from South London,"{'doorsopen': '19:00', 'doorsclose': '23:00', 'lastentry': ''}",14,,0,36,True,"{'minPrice': 20.6, 'maxPrice': 20.6}",,public,,False,{'enabled': False},#a8b8d8,GBP,"[{'artistid': '123597714', 'name': 'talia mar', 'image': 'https://d1mdxzfl9p8pzo.cloudfront.net/4/123597714_ee7280f8_1024.jpg', 'spotifyartisturl': 'spotify:artist:7zoc6JsY8GWVcl2qFwiKay'}]","[{'genreid': '20', 'name': 'Pop'}]",[]
42394213,2256881,False,2256881,False,0,LIVE,Shallowater + Twine,0,,,,,"{'id': 38952, 'name': 'Hare And Hounds Kings Heath', 'address': '106 High Street, Kings Heath', 'town': 'Birmingham', 'postcode_lookup': 'Birmingham', 'postcode': 'B14 7JZ', 'region': 'Birmingham', 'country': 'GB', 'phone': '0121 444 2081', 'latitude': 52.434622, 'longitude': -1.89298, 'type': 'live', 'rating': 4, 'reviewCount': 15186, 'distance': 11460.213562936333}",https://d31fr2pwly4c4s.cloudfront.net/3/0/6/2256881_a5f4c814_shallowater-twine_th.jpg,https://d31fr2pwly4c4s.cloudfront.net/3/0/6/2256881_a5f4c814_shallowater-twine.jpg,https://d31fr2pwly4c4s.cloudfront.net/3/0/6/2256881_a5f4c814_shallowater-twine_1024.jpg,https://d31fr2pwly4c4s.cloudfront.net/3/0/6/2256881_a5f4c814_shallowater-twine_1024.webp,https://www.skiddle.com/whats-on/Birmingham/Hare-And-Hounds-Kings-Heath/Shallowater--Twine/42394213/,2026-09-06,2026-09-06T19:30:00+00:00,2026-09-06T23:00:00+00:00,"West-Texas raised trio combining slowcore, post-hardcore, country, and Americana elements that defy genre labels.","{'doorsopen': '19:30', 'doorsclose': '23:00', 'lastentry': ''}",14,,0,5,True,"{'minPrice': 14.6, 'maxPrice': 14.6}",,public,,False,{'enabled': False},#080808,GBP,[],"[{'genreid': '46', 'name': 'Alternative'}, {'genreid': '89', 'name': 'Post Rock'}]",[]
42460778,2272875,False,2272875,False,0,LIVE,Arcy Drive,0,,,,,"{'id': 2058, 'name': 'The Sunflower Lounge', 'address': '76 Smallbrook Queensway', 'town': 'Birmingham', 'postcode_lookup': 'Birmingham', 'postcode': 'B5 4EG', 'region': 'Birmingham', 'country': 'GB', 'phone': '0121 632 6756', 'latitude': 52.476205, 'longitude': -1.897554, 'type': 'bar', 'rating': 4, 'reviewCount': 554, 'distance': 8836.736049148043}",https://d1plawd8huk6hh.cloudfront.net/assets/default400.png,https://d1plawd8huk6hh.cloudfront.net/assets/default400.png,https://d1plawd8huk6hh.cloudfront.net/assets/default400.png,False,https://www.skiddle.com/whats-on/Birmingham/The-Sunflower-Lounge/Arcy-Drive/42460778/,2026-09-09,2026-09-09T19:30:00+00:00,2026-09-09T22:30:00+00:00,"SJM Concerts Present
Arcy Drive
Plus Support","{'doorsopen': '19:30', 'doorsclose': '22:30', 'lastentry': ''}",16,,0,5,True,"{'minPrice': 15, 'maxPrice': 15}",,public,,False,{'enabled': False},,GBP,[],"[{'genreid': '26', 'name': 'Indie'}, {'genreid': '46', 'name': 'Alternative'}]",[]
42460057,2272531,False,2272531,False,0,LIVE,Chanel Yates,0,,,,,"{'id': 38952, 'name': 'Hare And Hounds Kings Heath', 'address': '106 High Street, Kings Heath', 'town': 'Birmingham', 'postcode_lookup': 'Birmingham', 'postcode': 'B14 7JZ', 'region': 'Birmingham', 'country': 'GB', 'phone': '0121 444 2081', 'latitude': 52.434622, 'longitude': -1.89298, 'type': 'live', 'rating': 4, 'reviewCount': 15186, 'distance': 11460.213562936333}",https://d31fr2pwly4c4s.cloudfront.net/8/f/5/2272531_ef934fc7_chanel-yates_th.jpg,https://d31fr2pwly4c4s.cloudfront.net/8/f/5/2272531_ef934fc7_chanel-yates.jpg,https://d31fr2pwly4c4s.cloudfront.net/8/f/5/2272531_ef934fc7_chanel-yates_1024.jpg,https://d31fr2pwly4c4s.cloudfront.net/8/f/5/2272531_ef934fc7_chanel-yates_1024.webp,https://www.skiddle.com/whats-on/Birmingham/Hare-And-Hounds-Kings-Heath/Chanel-Yates/42460057/,2026-09-09,2026-09-09T19:30:00+00:00,2026-09-09T23:00:00+00:00,British pop and country singer and songwriter known for appearing on The Voice UK in 2021.,"{'doorsopen': '19:30', 'doorsclose': '23:00', 'lastentry': ''}",14,,0,20,True,"{'minPrice': 15.1, 'maxPrice': 15.1}",,public,,False,{'enabled': False},#c8d8e8,GBP,"[{'artistid': '123551781', 'name': 'Chanel Yates', 'image': 'https://d1mdxzfl9p8pzo.cloudfront.net/1/123551781_1_1024.jpg', 'spotifyartisturl': 'spotify:artist:5YABtAJlBJAzqxfIJA4nQd'}]","[{'genreid': '20', 'name': 'Pop'}, {'genreid': '71', 'name': 'Country/Americana'}]",[]
42585550,2302684,False,2302684,False,0,LIVE,SLIME CITY plus support at The Dark Horse Moseley,0,,,,,"{'id': 95250, 'name': 'Dark Horse', 'address': '145 Alcester Rd, Moseley', 'town': 'Birmingham', 'postcode_lookup': 'Birmingham', 'postcode': 'B13 8JP', 'region': 'Birmingham', 'country': 'GB', 'phone': '', 'latitude': 52.4459196, 'longitude': -1.8892868, 'type': 'bar', 'rating': 4, 'reviewCount': 18, 'distance': 10884.49270316622}",https://d31fr2pwly4c4s.cloudfront.net/b/5/c/2302684_45ebd696_slime-city-plus-support-at-the-dark-horse-moseley_th.jpg,https://d31fr2pwly4c4s.cloudfront.net/b/5/c/2302684_45ebd696_slime-city-plus-support-at-the-dark-horse-moseley.jpg,https://d31fr2pwly4c4s.cloudfront.net/b/5/c/2302684_45ebd696_slime-city-plus-support-at-the-dark-horse-moseley_1024.jpg,https://d31fr2pwly4c4s.cloudfront.net/b/5/c/2302684_45ebd696_slime-city-plus-support-at-the-dark-horse-moseley_1024.webp,https://www.skiddle.com/whats-on/Birmingham/Dark-Horse/SLIME-CITY-plus-support-at-The-Dark-Horse-Moseley/42585550/,2026-09-10,2026-09-10T19:30:00+00:00,2026-09-10T22:30:00+00:00,"DIE DAS DER present Glasgow's nerd-rock power trio, Slime City making their long-awaited return to Birmingham with special guests.","{'doorsopen': '19:30', 'doorsclose': '22:30', 'lastentry': '20:00'}",18,,0,4,True,"{'minPrice': 8, 'maxPrice': 8}",,public,,False,{'enabled': False},#482858,GBP,"[{'artistid': '123564963', 'name': 'Slime City', 'image': 'https://d1mdxzfl9p8pzo.cloudfront.net/3/123564963_1_1024.jpg', 'spotifyartisturl': 'spotify:artist:3RjXq1WhL5hCYs3qS0W9rz'}]","[{'genreid': '26', 'name': 'Indie'}, {'genreid': '46', 'name': 'Alternative'}, {'genreid': '53', 'name': 'Punk'}]",[]
42272999,2232525,False,2232525,False,0,LIVE,Devlin - Birmingham,0,,,,,"{'id': 38952, 'name': 'Hare And Hounds Kings Heath', 'address': '106 High Street, Kings Heath', 'town': 'Birmingham', 'postcode_lookup': 'Birmingham', 'postcode': 'B14 7JZ', 'region': 'Birmingham', 'country': 'GB', 'phone': '0121 444 2081', 'latitude': 52.434622, 'longitude': -1.89298, 'type': 'live', 'rating': 4, 'reviewCount': 15186, 'distance': 11460.213562936333}",https://d31fr2pwly4c4s.cloudfront.net/9/e/0/2232525_b50cbaf4_devlin-birmingham_th.jpg,https://d31fr2pwly4c4s.cloudfront.net/9/e/0/2232525_b50cbaf4_devlin-birmingham.jpg,https://d31fr2pwly4c4s.cloudfront.net/9/e/0/2232525_b50cbaf4_devlin-birmingham_1024.jpg,https://d31fr2pwly4c4s.cloudfront.net/9/e/0/2232525_b50cbaf4_devlin-birmingham_1024.webp,https://www.skiddle.com/whats-on/Birmingham/Hare-And-Hounds-Kings-Heath/Devlin---Birmingham/42272999/,2026-09-10,2026-09-10T19:30:00+00:00,2026-09-10T22:30:00+00:00,"UK Grime heavyweight Devlin takes over Hare And Hounds, Birmingham this September","{'doorsopen': '19:30', 'doorsclose': '22:30', 'lastentry': ''}",18,,0,102,True,"{'minPrice': 0, 'maxPrice': 0}",,public,,False,{'enabled': False},#282828,GBP,"[{'artistid': '123472878', 'name': 'Devlin', 'image': 'https://d1mdxzfl9p8pzo.cloudfront.net/8/123472878_267.jpg', 'spotifyartisturl': 'spotify:artist:7Ks3elJhSP20mD04lgiA68'}]","[{'genreid': '36', 'name': 'Rap'}, {'genreid': '70', 'name': 'Grime'}]",[]
42572048,2299337,False,2299337,False,0,LIVE,Johnny Foreigner + Victor Villarreal,0,,,,,"{'id': 38952, 'name': 'Hare And Hounds Kings Heath', 'address': '106 High Street, Kings Heath', 'town': 'Birmingham', 'postcode_lookup': 'Birmingham', 'postcode': 'B14 7JZ', 'region': 'Birmingham', 'country': 'GB', 'phone': '0121 444 2081', 'latitude': 52.434622, 'longitude': -1.89298, 'type': 'live', 'rating': 4, 'reviewCount': 15186, 'distance': 11460.213562936333}",https://d31fr2pwly4c4s.cloudfront.net/1/f/2/2299337_30c9c598_johnny-foreigner-victor-villarreal_th.jpg,https://d31fr2pwly4c4s.cloudfront.net/1/f/2/2299337_30c9c598_johnny-foreigner-victor-villarreal.jpg,https://d31fr2pwly4c4s.cloudfront.net/1/f/2/2299337_30c9c598_johnny-foreigner-victor-villarreal_1024.jpg,https://d31fr2pwly4c4s.cloudfront.net/1/f/2/2299337_30c9c598_johnny-foreigner-victor-villarreal_1024.webp,https://www.skiddle.com/whats-on/Birmingham/Hare-And-Hounds-Kings-Heath/Johnny-Foreigner--Victor-Villarreal/42572048/,2026-09-10,2026-09-10T19:30:00+00:00,2026-09-10T23:00:00+00:00,Birmingham indie-rock 4-piece return with their new record Forwards! out September 4th.,"{'doorsopen': '19:30', 'doorsclose': '23:00', 'lastentry': ''}",14,,0,21,True,"{'minPrice': 15.6, 'maxPrice': 15.6}",,public,,False,{'enabled': False},#280808,GBP,"[{'artistid': '123461373', 'name': 'Johnny Foreigner', 'image': 'https://d1mdxzfl9p8pzo.cloudfront.net/3/123461373_267.jpg', 'spotifyartisturl': 'spotify:artist:6cZKsPzeAAklHjbSe7fqEh'}]","[{'genreid': '26', 'name': 'Indie'}, {'genreid': '46', 'name': 'Alternative'}, {'genreid': '53', 'name': 'Punk'}, {'genreid': '88', 'name': 'Emo'}]",[]
42482013,2278618,False,mCLzwbmEVb,False,0,LIVE,Live Music & Happy Hour at The Dry Spy Every Friday & Saturday,0,,,,,"{'id': 115863, 'name': 'The Dry Spy Knowle', 'address': '1673 High St, Knowle, Solihull ', 'town': 'Solihull', 'postcode_lookup': 'Solihull', 'postcode': 'B93 0NA', 'region': 'Birmingham', 'country': 'GB', 'phone': '07711917247', 'latitude': 52.388444, 'longitude': -1.7350295, 'type': 'bar', 'rating': 4, 'reviewCount': 7, 'distance': 23132.041930611493}",https://d31fr2pwly4c4s.cloudfront.net/4/0/0/2278603_dd4a3703_live-music-happy-hour-at-the-dry-spy-every-friday-saturday_th.jpg,https://d31fr2pwly4c4s.cloudfront.net/4/0/0/2278603_dd4a3703_live-music-happy-hour-at-the-dry-spy-every-friday-saturday.jpg,https://d31fr2pwly4c4s.cloudfront.net/4/0/0/2278603_dd4a3703_live-music-happy-hour-at-the-dry-spy-every-friday-saturday_1024.jpg,https://d31fr2pwly4c4s.cloudfront.net/4/0/0/2278603_dd4a3703_live-music-happy-hour-at-the-dry-spy-every-friday-saturday_1024.webp,https://www.skiddle.com/whats-on/Solihull/The-Dry-Spy-Knowle/Live-Music--Happy-Hour-at-The-Dry-Spy-Every-Friday--Saturday/42482013/,2026-09-11,2026-09-11T17:00:00+00:00,2026-09-11T23:45:00+00:00,"Live Music Friday & Saturday 
Happy Hour 5pm-7pm
Book tables Direct on Website
Table Reservations Available 
Open Thurs 241 Drinks","{'doorsopen': '17:00', 'doorsclose': '23:45', 'lastentry': ''}",18,,0,0,True,"{'minPrice': 0, 'maxPrice': 0}",,public,,False,{'enabled': False},,GBP,[],"[{'genreid': '42', 'name': 'Acoustic'}]",[]
42333083,2244878,False,2244878,False,0,LIVE,Allegaeon x Gorod,0,,,,,"{'id': 132655, 'name': 'O2 Institute Birmingham', 'address': '78 Digbeth', 'town': 'Birmingham', 'postcode_lookup': 'Birmingham', 'postcode': 'B5 6DY', 'region': 'Birmingham', 'country': 'GB', 'phone': '', 'latitude': 52.4755583, 'longitude': -1.8874453, 'type': 'Nightclub', 'rating': 4, 'reviewCount': 14, 'distance': 9508.774502072381}",https://d31fr2pwly4c4s.cloudfront.net/0/a/8/2244878_ea8bc99a_allegaeon-x-gorod_th.jpg,https://d31fr2pwly4c4s.cloudfront.net/0/a/8/2244878_ea8bc99a_allegaeon-x-gorod.jpg,https://d31fr2pwly4c4s.cloudfront.net/0/a/8/2244878_ea8bc99a_allegaeon-x-gorod_1024.jpg,https://d31fr2pwly4c4s.cloudfront.net/0/a/8/2244878_ea8bc99a_allegaeon-x-gorod_1024.webp,https://www.skiddle.com/whats-on/Birmingham/O2-Institute-Birmingham/Allegaeon-x-Gorod/42333083/,2026-09-11,2026-09-11T18:00:00+00:00,2026-09-11T22:00:00+00:00,A tech-metal onslaught with Allegaeon x Gorod.,"{'doorsopen': '18:00', 'doorsclose': '22:00', 'lastentry': ''}",8,,0,0,False,"{'minPrice': 0, 'maxPrice': 0}",General Admission: GBP 20.00,public,,False,{'enabled': False},#080808,GBP,[],[],[]
42586834,2302904,False,2302904,False,0,LIVE,Mark Green as Elvis,0,,,,,"{'id': 106360, 'name': 'The Rhodehouse', 'address': '123 Parade', 'town': 'Sutton Coldfield', 'postcode_lookup': 'Sutton-Coldfield', 'postcode': 'B72 1PU', 'region': 'Birmingham', 'country': 'GB', 'phone': '', 'latitude': 52.560161, 'longitude': -1.825201, 'type': 'live', 'rating': 4, 'reviewCount': 2536, 'distance': 14739.120403282686}",https://d31fr2pwly4c4s.cloudfront.net/8/a/5/2302904_52205285_Mark-Green-as-Elvis_th.jpg,https://d31fr2pwly4c4s.cloudfront.net/8/a/5/2302904_52205285_Mark-Green-as-Elvis.jpg,https://d31fr2pwly4c4s.cloudfront.net/8/a/5/2302904_52205285_Mark-Green-as-Elvis_1024.jpg,https://d31fr2pwly4c4s.cloudfront.net/8/a/5/2302904_52205285_Mark-Green-as-Elvis_1024.webp,https://www.skiddle.com/whats-on/Sutton-Coldfield/The-Rhodehouse/Mark-Green-as-Elvis/42586834/,2026-09-11,2026-09-11T19:00:00+00:00,2026-09-11T23:45:00+00:00,"Elvis Tribute Show live at The Rhodehouse. Free entry before 8pm, £5 after.","{'doorsopen': '19:00', 'doorsclose': '23:45', 'lastentry': ''}",18,,0,0,False,"{'minPrice': 0, 'maxPrice': 0}",0,public,,False,{'enabled': False},#080808,GBP,[],"[{'genreid': '5', 'name': 'Rock'}, {'genreid': '60', 'name': 'Rock & Roll / 1950s'}, {'genreid': '63', 'name': '1960s'}, {'genreid': '64', 'name': '1970s'}]",[]
42310278,2239674,False,2239674,False,0,LIVE,Electricity OMD tribute + Support,0,,,,,"{'id': 48650, 'name': 'Stourport Civic Centre', 'address': ' Civic Centre New Street, Stourport-on-Severn', 'town': 'Worcestershire', 'postcode_lookup': 'Dudley', 'postcode': 'DY13 8UJ', 'region': 'West Midlands', 'country': 'GB', 'phone': '01299 877214', 'latitude': 52.339505, 'longitude': -2.282687, 'type': 'Theatre', 'rating': 0, 'reviewCount': 0, 'distance': 25325.665120540656}",https://d31fr2pwly4c4s.cloudfront.net/6/7/f/2239674_12325886_Electricity-OMD-tribute---Support_th.jpg,https://d31fr2pwly4c4s.cloudfront.net/6/7/f/2239674_12325886_Electricity-OMD-tribute---Support.jpg,https://d31fr2pwly4c4s.cloudfront.net/6/7/f/2239674_12325886_Electricity-OMD-tribute---Support_1024.jpg,https://d31fr2pwly4c4s.cloudfront.net/6/7/f/2239674_12325886_Electricity-OMD-tribute---Support_1024.webp,https://www.skiddle.com/whats-on/Dudley/Stourport-Civic-Centre/Electricity-OMD-tribute--Support/42310278/,2026-09-11,2026-09-11T19:00:00+00:00,2026-09-11T23:00:00+00:00,"Electricity Europe's premier OMD (Orchestral Manoeuvres in the Dark) tribute band, with their new UK shows ""Hits and more tour""","{'doorsopen': '19:00', 'doorsclose': '23:00', 'lastentry': '21:00'}",,,0,0,True,"{'minPrice': 18, 'maxPrice': 24}",,public,,False,{'enabled': False},#080808,GBP,"[{'artistid': '123603507', 'name': 'Electricity OMD tribute band', 'image': 'https://d1mdxzfl9p8pzo.cloudfront.net/7/123603507_3f607111_1024.jpg', 'spotifyartisturl': None}]","[{'genreid': '48', 'name': 'Covers Band/Tribute Act'}, {'genreid': '61', 'name': 'Electronic'}, {'genreid': '62', 'name': '1980s'}, {'genreid': '97', 'name': 'Synth Pop'}, {'genreid': '126', 'name': 'Alternative Pop'}]",[]
41110630,2042141,False,2042141,False,0,LIVE,Moments Of Pleasure - The Ultimate Tribute To Kate Bush,1,2026-01-08 20:03:37,cancelled,Automatic cancellation: All future dates in the event series have been cancelled,,"{'id': 80637, 'name': 'The Castle And Falcon', 'address': '402 Moseley Road', 'town': 'Birmingham', 'postcode_lookup': 'Birmingham', 'postcode': 'B12 9AT', 'region': 'Birmingham', 'country': 'GB', 'phone': '0121 440 4278', 'latitude': 52.4599842, 'longitude': -1.884336, 'type': 'live', 'rating': 4, 'reviewCount': 2027, 'distance': 10367.31784588706}",https://d31fr2pwly4c4s.cloudfront.net/2/9/7/2042141_a6f87bf6_moments-of-pleasure-the-ultimate-tribute-to-kate-bush_th.jpg,https://d31fr2pwly4c4s.cloudfront.net/2/9/7/2042141_a6f87bf6_moments-of-pleasure-the-ultimate-tribute-to-kate-bush.jpg,https://d31fr2pwly4c4s.cloudfront.net/2/9/7/2042141_a6f87bf6_moments-of-pleasure-the-ultimate-tribute-to-kate-bush_1024.jpg,https://d31fr2pwly4c4s.cloudfront.net/2/9/7/2042141_a6f87bf6_moments-of-pleasure-the-ultimate-tribute-to-kate-bush_1024.webp,https://www.skiddle.com/whats-on/Birmingham/The-Castle-And-Falcon/Moments-Of-Pleasure---The-Ultimate-Tribute-To-Kate-Bush/41110630/,2026-09-11,2026-09-11T19:30:00+00:00,2026-09-11T23:00:00+00:00,"Since arriving on the tribute scene back in 2019, Moments Of Pleasure have rapidly emerged as one of the most acclaimed tribute bands in the UK.","{'doorsopen': '19:30', 'doorsclose': '23:00', 'lastentry': ''}",14,,0,0,False,"{'minPrice': 18, 'maxPrice': 18}",,public,,False,{'enabled': False},#080808,GBP,"[{'artistid': '123584215', 'name': 'Moments of Pleasure', 'image': 'https://d1mdxzfl9p8pzo.cloudfront.net/5/123584215_1_1024.jpg', 'spotifyartisturl': None}]","[{'genreid': '48', 'name': 'Covers Band/Tribute Act'}]",[]
41997744,2198922,False,2198922,False,0,LIVE,R.E.M by Stipe,0,,,,,"{'id': 80637, 'name': 'The Castle And Falcon', 'address': '402 Moseley Road', 'town': 'Birmingham', 'postcode_lookup': 'Birmingham', 'postcode': 'B12 9AT', 'region': 'Birmingham', 'country': 'GB', 'phone': '0121 440 4278', 'latitude': 52.4599842, 'longitude': -1.884336, 'type': 'live', 'rating': 4, 'reviewCount': 2027, 'distance': 10367.31784588706}",https://d31fr2pwly4c4s.cloudfront.net/0/e/0/2198922_bddf2b8a_r-e-m-by-stipe_th.jpg,https://d31fr2pwly4c4s.cloudfront.net/0/e/0/2198922_bddf2b8a_r-e-m-by-stipe.jpg,https://d31fr2pwly4c4s.cloudfront.net/0/e/0/2198922_bddf2b8a_r-e-m-by-stipe_1024.jpg,https://d31fr2pwly4c4s.cloudfront.net/0/e/0/2198922_bddf2b8a_r-e-m-by-stipe_1024.webp,https://www.skiddle.com/whats-on/Birmingham/The-Castle-And-Falcon/REM-by-Stipe/41997744/,2026-09-11,2026-09-11T19:30:00+00:00,2026-09-11T23:00:00+00:00,Stipe return for a bumper set of R.E.M classics in their authentic style.,"{'doorsopen': '19:30', 'doorsclose': '23:00', 'lastentry': '20:30'}",18,,0,16,True,"{'minPrice': 17, 'maxPrice': 17}",,public,,False,{'enabled': False},#f8f8f8,GBP,"[{'artistid': '123570809', 'name': 'R.E.M. by Stipe', 'image': 'https://d1mdxzfl9p8pzo.cloudfront.net/9/123570809_2_1024.jpg', 'spotifyartisturl': None}]","[{'genreid': '26', 'name': 'Indie'}, {'genreid': '46', 'name': 'Alternative'}]",[]
42313417,2240278,False,2240278,False,0,LIVE,Kurt Vile & the Violators,0,,,,,"{'id': 125271, 'name': 'XOYO', 'address': 'Lower Trinity Street, Deritend', 'town': 'Birmingham', 'postcode_lookup': 'Birmingham', 'postcode': 'B9 4AG', 'region': 'Birmingham', 'country': 'GB', 'phone': '0121 771 4391', 'latitude': 52.475038, 'longitude': -1.8809493, 'type': 'Nightclub', 'rating': 4, 'reviewCount': 7125, 'distance': 9945.324194887584}",https://d31fr2pwly4c4s.cloudfront.net/c/d/2/2240278_2fb45e41_kurt-vile-the-violators_th.jpg,https://d31fr2pwly4c4s.cloudfront.net/c/d/2/2240278_2fb45e41_kurt-vile-the-violators.jpg,https://d31fr2pwly4c4s.cloudfront.net/c/d/2/2240278_2fb45e41_kurt-vile-the-violators_1024.jpg,https://d31fr2pwly4c4s.cloudfront.net/c/d/2/2240278_2fb45e41_kurt-vile-the-violators_1024.webp,https://www.skiddle.com/whats-on/Birmingham/XOYO/Kurt-Vile--the-Violators/42313417/,2026-09-12,2026-09-12T18:00:00+00:00,2026-09-12T22:00:00+00:00,This Is Tmrw presents the great Kurt Vile & the Violators plus very special guests Ryan Davis & the Roadhouse band live at XOYO Birmingham.,"{'doorsopen': '18:00', 'doorsclose': '22:00', 'lastentry': ''}",14,,0,153,True,"{'minPrice': 30.2, 'maxPrice': 30.2}",,public,,False,{'enabled': False},#481808,GBP,"[{'artistid': '123549383', 'name': 'Kurt Vile', 'image': 'https://d1mdxzfl9p8pzo.cloudfront.net/3/123549383_1_1024.jpg', 'spotifyartisturl': 'spotify:artist:5gspAQIAH8nJUrMYgXjCJ2'}]","[{'genreid': '5', 'name': 'Rock'}, {'genreid': '26', 'name': 'Indie'}, {'genreid': '46', 'name': 'Alternative'}, {'genreid': '71', 'name': 'Country/Americana'}]",[]
41949635,2187573,False,2187573,False,0,LIVE,Sounds Of Seattle,0,,,,,"{'id': 476, 'name': 'The Flapper', 'address': 'Cambrian Wharf, 8 Kingston Row, Birmingham', 'town': 'Birmingham', 'postcode_lookup': 'Birmingham', 'postcode': 'B1 2NU', 'region': 'Birmingham', 'country': 'GB', 'phone': '0121 236 2421', 'latitude': 52.480479, 'longitude': -1.912217, 'type': 'Nightclub', 'rating': 4, 'reviewCount': 281, 'distance': 7744.135718582458}",https://d31fr2pwly4c4s.cloudfront.net/8/0/3/2187573_62867632_Sounds-Of-Seattle_th.jpg,https://d31fr2pwly4c4s.cloudfront.net/8/0/3/2187573_62867632_Sounds-Of-Seattle.jpg,https://d31fr2pwly4c4s.cloudfront.net/8/0/3/2187573_62867632_Sounds-Of-Seattle_1024.jpg,https://d31fr2pwly4c4s.cloudfront.net/8/0/3/2187573_62867632_Sounds-Of-Seattle_1024.webp,https://www.skiddle.com/whats-on/Birmingham/The-Flapper/Sounds-Of-Seattle/41949635/,2026-09-12,2026-09-12T19:00:00+00:00,2026-09-12T23:30:00+00:00,Sounds of Seattle bring you hits from some of the biggest bands to perform out of Seattle USA.,"{'doorsopen': '19:00', 'doorsclose': '23:30', 'lastentry': '19:30'}",14,,0,0,True,"{'minPrice': 15, 'maxPrice': 15}",,public,,False,{'enabled': False},#080828,GBP,"[{'artistid': '123599615', 'name': 'Sounds of Seattle', 'image': 'https://d1mdxzfl9p8pzo.cloudfront.net/5/123599615_1_1024.jpg', 'spotifyartisturl': None}, {'artistid': '123610762', 'name': 'Vendetta Deluxe', 'image': 'https://d1mdxzfl9p8pzo.cloudfront.net/2/123610762_ee7e55c2_1024.jpg', 'spotifyartisturl': 'spotify:artist:3uO5CmIziAswTeFv29zFsN'}]","[{'genreid': '5', 'name': 'Rock'}, {'genreid': '27', 'name': 'Metal'}, {'genreid': '48', 'name': 'Covers Band/Tribute Act'}, {'genreid': '84', 'name': 'Grunge'}, {'genreid': '124', 'name': 'Hard Rock'}]",[]
41941413,2185772,False,2185772,False,0,LIVE,The Reggaelators,0,,,,,"{'id': 124580, 'name': 'Sutton United Football Club', 'address': 'Coleshill Road', 'town': 'Sutton Coldfield', 'postcode_lookup': 'Sutton-Coldfield', 'postcode': 'B75 7BA', 'region': 'Birmingham', 'country': 'GB', 'phone': '07976662634', 'latitude': 52.5601959, 'longitude': -1.8136432, 'type': 'bar', 'rating': 4, 'reviewCount': 73, 'distance': 15447.078296853064}",https://d31fr2pwly4c4s.cloudfront.net/4/c/a/2185772_42789580_The-Reggaelators_th.jpg,https://d31fr2pwly4c4s.cloudfront.net/4/c/a/2185772_42789580_The-Reggaelators.jpg,https://d31fr2pwly4c4s.cloudfront.net/4/c/a/2185772_42789580_The-Reggaelators_1024.jpg,https://d31fr2pwly4c4s.cloudfront.net/4/c/a/2185772_42789580_The-Reggaelators_1024.webp,https://www.skiddle.com/whats-on/Sutton-Coldfield/Sutton-United-Football-Club/The-Reggaelators/41941413/,2026-09-12,2026-09-12T19:00:00+00:00,2026-09-12T23:00:00+00:00,"Fan-favourites, The Reggaelators are back to take the roof off once again! Playing all the ska/reggae classics that will have you moving all night","{'doorsopen': '19:00', 'doorsclose': '23:00', 'lastentry': '20:30'}",,,0,2,True,"{'minPrice': 8, 'maxPrice': 8}",,public,,False,{'enabled': False},#181818,GBP,[],"[{'genreid': '41', 'name': 'Ska'}, {'genreid': '68', 'name': 'Reggae'}]",[]
42487384,2280765,False,2280765,False,0,LIVE,Lycio,1,2026-07-09 20:45:37,rescheduled,"This show will now take place on Friday, 18th September, with special guest Naomi Dawes!",2026-09-18,"{'id': 121518, 'name': 'The Victoria Birmingham', 'address': '48 John Bright Street', 'town': 'Birmingham', 'postcode_lookup': 'Birmingham', 'postcode': 'B1 1BN', 'region': 'Birmingham', 'country': 'GB', 'phone': '0121 633 9439', 'latitude': 52.4760813, 'longitude': -1.9007447, 'type': 'live', 'rating': 4, 'reviewCount': 85, 'distance': 8637.274485188855}",https://d31fr2pwly4c4s.cloudfront.net/3/d/5/2280765_e4d50557_lycio_th.jpg,https://d31fr2pwly4c4s.cloudfront.net/3/d/5/2280765_e4d50557_lycio.jpg,https://d31fr2pwly4c4s.cloudfront.net/3/d/5/2280765_e4d50557_lycio_1024.jpg,https://d31fr2pwly4c4s.cloudfront.net/3/d/5/2280765_e4d50557_lycio_1024.webp,https://www.skiddle.com/whats-on/Birmingham/The-Victoria-Birmingham/Lycio/42587499/,2026-09-12,2026-09-12T19:30:00+00:00,2026-09-12T23:00:00+00:00,"Birmingham's electronic hybrid trio Lycio headlines The Victoria, Birmingham, on Saturday, 12th September!","{'doorsopen': '19:30', 'doorsclose': '23:00', 'lastentry': ''}",18,,0,1,False,"{'minPrice': 0, 'maxPrice': 0}",,public,,False,{'enabled': False},#080808,GBP,"[{'artistid': '123561983', 'name': 'Lycio', 'image': 'https://d1mdxzfl9p8pzo.cloudfront.net/3/123561983_1_1024.jpg', 'spotifyartisturl': 'spotify:artist:3E6PwsYQH7PGgFn8YSA2i3'}]","[{'genreid': '26', 'name': 'Indie'}, {'genreid': '61', 'name': 'Electronic'}, {'genreid': '98', 'name': 'Indie Pop'}]",[]
42487115,2280734,False,2280734,False,0,LIVE,Bones Ate Arfa,0,,,,,"{'id': 2058, 'name': 'The Sunflower Lounge', 'address': '76 Smallbrook Queensway', 'town': 'Birmingham', 'postcode_lookup': 'Birmingham', 'postcode': 'B5 4EG', 'region': 'Birmingham', 'country': 'GB', 'phone': '0121 632 6756', 'latitude': 52.476205, 'longitude': -1.897554, 'type': 'bar', 'rating': 4, 'reviewCount': 554, 'distance': 8836.736049148043}",https://d31fr2pwly4c4s.cloudfront.net/8/a/2/2280734_fd4e1696_bones-ate-arfa_th.jpg,https://d31fr2pwly4c4s.cloudfront.net/8/a/2/2280734_fd4e1696_bones-ate-arfa.jpg,https://d31fr2pwly4c4s.cloudfront.net/8/a/2/2280734_fd4e1696_bones-ate-arfa_1024.jpg,https://d31fr2pwly4c4s.cloudfront.net/8/a/2/2280734_fd4e1696_bones-ate-arfa_1024.webp,https://www.skiddle.com/whats-on/Birmingham/The-Sunflower-Lounge/Bones-Ate-Arfa/42487115/,2026-09-12,2026-09-12T19:30:00+00:00,2026-09-12T23:00:00+00:00,"Psychedelic street punks Bones Ate Arfa headline The Sunflower Lounge, Birmingham, on Saturday, 12th September!","{'doorsopen': '19:30', 'doorsclose': '23:00', 'lastentry': ''}",18,,0,0,True,"{'minPrice': 10, 'maxPrice': 10}",,public,,False,{'enabled': False},#080818,GBP,[],"[{'genreid': '26', 'name': 'Indie'}, {'genreid': '53', 'name': 'Punk'}]",[]
41638557,2159509,False,2159509,False,0,LIVE,Karma Police - Radiohead Tribute,0,,,,,"{'id': 80637, 'name': 'The Castle And Falcon', 'address': '402 Moseley Road', 'town': 'Birmingham', 'postcode_lookup': 'Birmingham', 'postcode': 'B12 9AT', 'region': 'Birmingham', 'country': 'GB', 'phone': '0121 440 4278', 'latitude': 52.4599842, 'longitude': -1.884336, 'type': 'live', 'rating': 4, 'reviewCount': 2027, 'distance': 10367.31784588706}",https://d31fr2pwly4c4s.cloudfront.net/f/b/0/2159509_7c2f57f0_karma-police-radiohead-tribute_th.jpg,https://d31fr2pwly4c4s.cloudfront.net/f/b/0/2159509_7c2f57f0_karma-police-radiohead-tribute.jpg,https://d31fr2pwly4c4s.cloudfront.net/f/b/0/2159509_7c2f57f0_karma-police-radiohead-tribute_1024.jpg,https://d31fr2pwly4c4s.cloudfront.net/f/b/0/2159509_7c2f57f0_karma-police-radiohead-tribute_1024.webp,https://www.skiddle.com/whats-on/Birmingham/The-Castle-And-Falcon/Karma-Police---Radiohead-Tribute/41638557/,2026-09-12,2026-09-12T19:30:00+00:00,2026-09-12T23:00:00+00:00,"Diving into the legendary anthems that left a mark on an entire era, Karma Police recreate Radiohead's most revered songs.","{'doorsopen': '19:30', 'doorsclose': '23:00', 'lastentry': ''}",14,,0,16,True,"{'minPrice': 16, 'maxPrice': 16}",,public,,False,{'enabled': False},#080808,GBP,[],"[{'genreid': '5', 'name': 'Rock'}, {'genreid': '26', 'name': 'Indie'}, {'genreid': '46', 'name': 'Alternative'}, {'genreid': '48', 'name': 'Covers Band/Tribute Act'}]",[]
41652633,2164373,False,2164373,False,0,LIVE,Uk Pleasure Boys -Wet and Wild Tour,0,,,,,"{'id': 99958, 'name': 'Landrover Sports And Social Club', 'address': '6 Billsmore Green', 'town': 'Solihull', 'postcode_lookup': 'Solihull', 'postcode': 'B92 9LN', 'region': 'Birmingham', 'country': 'GB', 'phone': '', 'latitude': 52.4312704, 'longitude': -1.7743393, 'type': 'Other', 'rating': 4, 'reviewCount': 17, 'distance': 18467.805451654884}",https://d31fr2pwly4c4s.cloudfront.net/1/2/d/2164373_aa786b43_uk-pleasure-boys-wet-and-wild-tour_th.jpg,https://d31fr2pwly4c4s.cloudfront.net/1/2/d/2164373_aa786b43_uk-pleasure-boys-wet-and-wild-tour.jpg,https://d31fr2pwly4c4s.cloudfront.net/1/2/d/2164373_aa786b43_uk-pleasure-boys-wet-and-wild-tour_1024.jpg,https://d31fr2pwly4c4s.cloudfront.net/1/2/d/2164373_aa786b43_uk-pleasure-boys-wet-and-wild-tour_1024.webp,https://www.skiddle.com/whats-on/Solihull/Landrover-Sports-And-Social-Club/Uk-Pleasure-Boys--Wet-and-Wild-Tour/41652633/,2026-09-12,2026-09-12T20:30:00+00:00,2026-09-12T23:45:00+00:00,Uk Pleasure Boys -Wet and Wild Tour,"{'doorsopen': '20:30', 'doorsclose': '23:45', 'lastentry': ''}",18,,0,4,True,"{'minPrice': 15, 'maxPrice': 15}",,public,,False,{'enabled': False},#080808,GBP,[],[],[]
42457300,2271443,False,2271443,False,0,LIVE,King Parrot,0,,,,,"{'id': 80637, 'name': 'The Castle And Falcon', 'address': '402 Moseley Road', 'town': 'Birmingham', 'postcode_lookup': 'Birmingham', 'postcode': 'B12 9AT', 'region': 'Birmingham', 'country': 'GB', 'phone': '0121 440 4278', 'latitude': 52.4599842, 'longitude': -1.884336, 'type': 'live', 'rating': 4, 'reviewCount': 2027, 'distance': 10367.31784588706}",https://d31fr2pwly4c4s.cloudfront.net/7/4/1/2271443_032bd035_king-parrot_th.jpg,https://d31fr2pwly4c4s.cloudfront.net/7/4/1/2271443_032bd035_king-parrot.jpg,https://d31fr2pwly4c4s.cloudfront.net/7/4/1/2271443_032bd035_king-parrot_1024.jpg,https://d31fr2pwly4c4s.cloudfront.net/7/4/1/2271443_032bd035_king-parrot_1024.webp,https://www.skiddle.com/whats-on/Birmingham/The-Castle-And-Falcon/King-Parrot/42457300/,2026-09-13,2026-09-13T19:00:00+00:00,2026-09-13T23:00:00+00:00,"Australian extreme metal cohort King Parrot are bringing their no holds barred, off kilter live experience back to the UK in September!","{'doorsopen': '19:00', 'doorsclose': '23:00', 'lastentry': ''}",14,,0,13,True,"{'minPrice': 16.5, 'maxPrice': 16.5}",,public,,False,{'enabled': False},#282828,GBP,"[{'artistid': '123606623', 'name': 'King Parrot', 'image': 'https://d1mdxzfl9p8pzo.cloudfront.net/3/123606623_0191cec0_1024.jpg', 'spotifyartisturl': 'spotify:artist:1SUN3Jk6gB9lBElMNXVC0f'}]","[{'genreid': '27', 'name': 'Metal'}, {'genreid': '53', 'name': 'Punk'}]",[]
42092291,2207769,False,2207769,False,0,LIVE,The Blow Monkeys,0,,,,,"{'id': 38952, 'name': 'Hare And Hounds Kings Heath', 'address': '106 High Street, Kings Heath', 'town': 'Birmingham', 'postcode_lookup': 'Birmingham', 'postcode': 'B14 7JZ', 'region': 'Birmingham', 'country': 'GB', 'phone': '0121 444 2081', 'latitude': 52.434622, 'longitude': -1.89298, 'type': 'live', 'rating': 4, 'reviewCount': 15186, 'distance': 11460.213562936333}",https://d31fr2pwly4c4s.cloudfront.net/c/c/4/2207769_41db860c_the-blow-monkeys_th.jpg,https://d31fr2pwly4c4s.cloudfront.net/c/c/4/2207769_41db860c_the-blow-monkeys.jpg,https://d31fr2pwly4c4s.cloudfront.net/c/c/4/2207769_41db860c_the-blow-monkeys_1024.jpg,https://d31fr2pwly4c4s.cloudfront.net/c/c/4/2207769_41db860c_the-blow-monkeys_1024.webp,https://www.skiddle.com/whats-on/Birmingham/Hare-And-Hounds-Kings-Heath/The-Blow-Monkeys/42092291/,2026-09-13,2026-09-13T19:00:00+00:00,2026-09-13T22:30:00+00:00,"With worldwide hits such as 'Digging Your Scene' and 'It Doesn't Have To Be This Way', The Blow Monkeys became soulful household names.","{'doorsopen': '19:00', 'doorsclose': '22:30', 'lastentry': ''}",14,,0,14,True,"{'minPrice': 25.6, 'maxPrice': 28.1}",,public,,False,{'enabled': False},#3818a8,GBP,"[{'artistid': '123488008', 'name': 'The Blow Monkeys', 'image': 'https://d1mdxzfl9p8pzo.cloudfront.net/8/123488008_267.jpg', 'spotifyartisturl': 'spotify:artist:06tPmk0aHzCFK0T96YzXnN'}]","[{'genreid': '20', 'name': 'Pop'}, {'genreid': '25', 'name': 'Jazz'}, {'genreid': '43', 'name': 'Soul'}, {'genreid': '45', 'name': 'Funk'}]",[]
42589037,2303641,False,2303641,False,0,LIVE,Francis Mistry,0,,,,,"{'id': 2058, 'name': 'The Sunflower Lounge', 'address': '76 Smallbrook Queensway', 'town': 'Birmingham', 'postcode_lookup': 'Birmingham', 'postcode': 'B5 4EG', 'region': 'Birmingham', 'country': 'GB', 'phone': '0121 632 6756', 'latitude': 52.476205, 'longitude': -1.897554, 'type': 'bar', 'rating': 4, 'reviewCount': 554, 'distance': 8836.736049148043}",https://d31fr2pwly4c4s.cloudfront.net/c/b/b/2303641_30f6298f_francis-mistry_th.jpg,https://d31fr2pwly4c4s.cloudfront.net/c/b/b/2303641_30f6298f_francis-mistry.jpg,https://d31fr2pwly4c4s.cloudfront.net/c/b/b/2303641_30f6298f_francis-mistry_1024.jpg,https://d31fr2pwly4c4s.cloudfront.net/c/b/b/2303641_30f6298f_francis-mistry_1024.webp,https://www.skiddle.com/whats-on/Birmingham/The-Sunflower-Lounge/Francis-Mistry/42589037/,2026-09-13,2026-09-13T19:30:00+00:00,2026-09-13T23:00:00+00:00,"Indie-folk artist Francis Mistry headlines The Sunflower Lounge, Birmingham, on Sunday, 13th September!","{'doorsopen': '19:30', 'doorsclose': '23:00', 'lastentry': ''}",16,,0,0,True,"{'minPrice': 10, 'maxPrice': 10}",,public,,False,{'enabled': False},#e8e8e8,GBP,[],"[{'genreid': '26', 'name': 'Indie'}, {'genreid': '44', 'name': 'Folk'}]",[]
42587275,2302981,False,2302981,False,0,LIVE,An Intimate Evening with: Blue,0,,,,,"{'id': 100895, 'name': '02 Institute Birmingham', 'address': '78 Digbeth', 'town': 'Birmingham', 'postcode_lookup': 'Birmingham', 'postcode': 'B5 6DY', 'region': 'Birmingham', 'country': 'GB', 'phone': '07505778815', 'latitude': 52.47557, 'longitude': -1.887397, 'type': 'live', 'rating': 4, 'reviewCount': 54, 'distance': 9511.478909273563}",https://d31fr2pwly4c4s.cloudfront.net/b/d/8/2302981_87933469_An-Intimate-Evening-with--Blue_th.jpg,https://d31fr2pwly4c4s.cloudfront.net/b/d/8/2302981_87933469_An-Intimate-Evening-with--Blue.jpg,https://d31fr2pwly4c4s.cloudfront.net/b/d/8/2302981_87933469_An-Intimate-Evening-with--Blue_1024.jpg,https://d31fr2pwly4c4s.cloudfront.net/b/d/8/2302981_87933469_An-Intimate-Evening-with--Blue_1024.webp,https://www.skiddle.com/whats-on/Birmingham/02-Institute-Birmingham/An-Intimate-Evening-with-Blue/42587275/,2026-09-15,2026-09-15T19:00:00+00:00,2026-09-15T21:00:00+00:00,Jacaranda Records... presents a live performance from iconic boyband Blue in support of their 7th studio album 'Reflections',"{'doorsopen': '19:00', 'doorsclose': '21:00', 'lastentry': '20:00'}",14,,0,2,True,"{'minPrice': 16.59, 'maxPrice': 16.59}",,public,,False,{'enabled': False},#888888,GBP,"[{'artistid': '123494328', 'name': 'Blue', 'image': 'https://d1mdxzfl9p8pzo.cloudfront.net/8/123494328_267.jpg', 'spotifyartisturl': 'spotify:artist:2yEkZBBjhzKzt6LF5XMaFi'}]",[],[]
42172150,2221686,False,2221686,False,0,LIVE,An Evening with Mull Historical Society (Live),0,,,,,"{'id': 38952, 'name': 'Hare And Hounds Kings Heath', 'address': '106 High Street, Kings Heath', 'town': 'Birmingham', 'postcode_lookup': 'Birmingham', 'postcode': 'B14 7JZ', 'region': 'Birmingham', 'country': 'GB', 'phone': '0121 444 2081', 'latitude': 52.434622, 'longitude': -1.89298, 'type': 'live', 'rating': 4, 'reviewCount': 15186, 'distance': 11460.213562936333}",https://d31fr2pwly4c4s.cloudfront.net/0/9/8/2221686_a726e826_an-evening-with-mull-historical-society-live-_th.jpg,https://d31fr2pwly4c4s.cloudfront.net/0/9/8/2221686_a726e826_an-evening-with-mull-historical-society-live-.jpg,https://d31fr2pwly4c4s.cloudfront.net/0/9/8/2221686_a726e826_an-evening-with-mull-historical-society-live-_1024.jpg,https://d31fr2pwly4c4s.cloudfront.net/0/9/8/2221686_a726e826_an-evening-with-mull-historical-society-live-_1024.webp,https://www.skiddle.com/whats-on/Birmingham/Hare-And-Hounds-Kings-Heath/An-Evening-with-Mull-Historical-Society-Live/42172150/,2026-09-15,2026-09-15T19:00:00+00:00,2026-09-15T22:00:00+00:00,"Bringing his worlds of words and music together, Colin MacIntyre (aka Mull Historical Society) is back with a brand new album.","{'doorsopen': '19:00', 'doorsclose': '22:00', 'lastentry': ''}",14,,0,20,True,"{'minPrice': 18.6, 'maxPrice': 18.6}",,public,,False,{'enabled': False},#080828,GBP,"[{'artistid': '932847', 'name': 'Mull Historical Society', 'image': 'https://d1mdxzfl9p8pzo.cloudfront.net/7/932847_267.jpg', 'spotifyartisturl': 'spotify:artist:14mzDuKZNeTG2l9z0NJ156'}]","[{'genreid': '20', 'name': 'Pop'}, {'genreid': '26', 'name': 'Indie'}, {'genreid': '46', 'name': 'Alternative'}]",[]
42078634,2202934,False,2202934,False,0,LIVE,Dead Calm *SOLD OUT*,0,,,,,"{'id': 38952, 'name': 'Hare And Hounds Kings Heath', 'address': '106 High Street, Kings Heath', 'town': 'Birmingham', 'postcode_lookup': 'Birmingham', 'postcode': 'B14 7JZ', 'region': 'Birmingham', 'country': 'GB', 'phone': '0121 444 2081', 'latitude': 52.434622, 'longitude': -1.89298, 'type': 'live', 'rating': 4, 'reviewCount': 15186, 'distance': 11460.213562936333}",https://d31fr2pwly4c4s.cloudfront.net/b/6/a/2202934_6afffc79_dead-calm_th.jpg,https://d31fr2pwly4c4s.cloudfront.net/b/6/a/2202934_6afffc79_dead-calm.jpg,https://d31fr2pwly4c4s.cloudfront.net/b/6/a/2202934_6afffc79_dead-calm_1024.jpg,https://d31fr2pwly4c4s.cloudfront.net/b/6/a/2202934_6afffc79_dead-calm_1024.webp,https://www.skiddle.com/whats-on/Birmingham/Hare-And-Hounds-Kings-Heath/Dead-Calm-SOLD-OUT/42078634/,2026-09-15,2026-09-15T19:30:00+00:00,2026-09-15T23:00:00+00:00,"Indie-folk, midwestern emo","{'doorsopen': '19:30', 'doorsclose': '23:00', 'lastentry': ''}",14,,0,10,True,"{'minPrice': 16.6, 'maxPrice': 16.6}",,public,,False,{'enabled': False},#080808,GBP,[],"[{'genreid': '26', 'name': 'Indie'}, {'genreid': '44', 'name': 'Folk'}, {'genreid': '88', 'name': 'Emo'}]",[]
42560493,2296046,False,2296046,False,0,LIVE,Don-E & Friends,0,,,,,"{'id': 38008, 'name': 'The Jam House', 'address': ""3-5 St. Paul's square"", 'town': 'Birmingham ', 'postcode_lookup': 'Birmingham', 'postcode': 'B3 1QU', 'region': 'Birmingham', 'country': 'GB', 'phone': '0121 200 3030', 'latitude': 52.485231, 'longitude': -1.904536, 'type': 'live', 'rating': 4, 'reviewCount': 81, 'distance': 8102.218714239657}",https://d31fr2pwly4c4s.cloudfront.net/e/9/5/2296046_1655d80c_don-e-friends_th.jpg,https://d31fr2pwly4c4s.cloudfront.net/e/9/5/2296046_1655d80c_don-e-friends.jpg,https://d31fr2pwly4c4s.cloudfront.net/e/9/5/2296046_1655d80c_don-e-friends_1024.jpg,https://d31fr2pwly4c4s.cloudfront.net/e/9/5/2296046_1655d80c_don-e-friends_1024.webp,https://www.skiddle.com/whats-on/Birmingham/The-Jam-House/Don-E--Friends/42560493/,2026-09-16,2026-09-16T18:00:00+00:00,2026-09-16T23:45:00+00:00,"Soul singer, songwriter, musician and producer, with hits such as “Love Makes The World Go Round” and many other successful releases","{'doorsopen': '18:00', 'doorsclose': '23:45', 'lastentry': '20:45'}",18,,0,0,True,"{'minPrice': 10, 'maxPrice': 10}",,public,,False,{'enabled': False},#d8d8d8,GBP,"[{'artistid': '123524132', 'name': 'DON-E', 'image': 'https://d1mdxzfl9p8pzo.cloudfront.net/2/123524132_267.jpg', 'spotifyartisturl': 'spotify:artist:5oO8FWVbfY83dqWrVrbM6J'}]","[{'genreid': '82', 'name': '1990s'}, {'genreid': '83', 'name': '2000s'}]",[]
41936931,2185176,False,2185176,False,0,LIVE,Rosalie Cunningham,1,2026-05-06 10:46:23,rescheduled,"Due to logistical difficulties, some of my UK tour dates in September have now been moved to January",2027-01-31,"{'id': 80637, 'name': 'The Castle And Falcon', 'address': '402 Moseley Road', 'town': 'Birmingham', 'postcode_lookup': 'Birmingham', 'postcode': 'B12 9AT', 'region': 'Birmingham', 'country': 'GB', 'phone': '0121 440 4278', 'latitude': 52.4599842, 'longitude': -1.884336, 'type': 'live', 'rating': 4, 'reviewCount': 2027, 'distance': 10367.31784588706}",https://d31fr2pwly4c4s.cloudfront.net/f/f/4/2185176_8adee5ad_rosalie-cunningham_th.jpg,https://d31fr2pwly4c4s.cloudfront.net/f/f/4/2185176_8adee5ad_rosalie-cunningham.jpg,https://d31fr2pwly4c4s.cloudfront.net/f/f/4/2185176_8adee5ad_rosalie-cunningham_1024.jpg,https://d31fr2pwly4c4s.cloudfront.net/f/f/4/2185176_8adee5ad_rosalie-cunningham_1024.webp,https://www.skiddle.com/whats-on/Birmingham/The-Castle-And-Falcon/Rosalie-Cunningham/42421432/,2026-09-16,2026-09-16T19:00:00+00:00,2026-09-16T23:00:00+00:00,"Multi award-winning singer, songwriter and multi-instrumentalist Rosalie Cunningham","{'doorsopen': '19:00', 'doorsclose': '23:00', 'lastentry': ''}",14,,0,14,False,"{'minPrice': 0, 'maxPrice': 0}",,public,,False,{'enabled': False},#e8e8e8,GBP,"[{'artistid': '123571259', 'name': 'Rosalie Cunningham', 'image': 'https://d1mdxzfl9p8pzo.cloudfront.net/9/123571259_1_1024.jpg', 'spotifyartisturl': 'spotify:artist:2DvBNcZ05NC2AOuQa7oyqH'}]","[{'genreid': '5', 'name': 'Rock'}, {'genreid': '60', 'name': 'Rock & Roll / 1950s'}]",[]
42470252,2275286,False,2275286,False,0,LIVE,Dessie Magee,0,,,,,"{'id': 38952, 'name': 'Hare And Hounds Kings Heath', 'address': '106 High Street, Kings Heath', 'town': 'Birmingham', 'postcode_lookup': 'Birmingham', 'postcode': 'B14 7JZ', 'region': 'Birmingham', 'country': 'GB', 'phone': '0121 444 2081', 'latitude': 52.434622, 'longitude': -1.89298, 'type': 'live', 'rating': 4, 'reviewCount': 15186, 'distance': 11460.213562936333}",https://d31fr2pwly4c4s.cloudfront.net/f/3/9/2275286_4dc4e6c5_dessie-magee_th.jpg,https://d31fr2pwly4c4s.cloudfront.net/f/3/9/2275286_4dc4e6c5_dessie-magee.jpg,https://d31fr2pwly4c4s.cloudfront.net/f/3/9/2275286_4dc4e6c5_dessie-magee_1024.jpg,https://d31fr2pwly4c4s.cloudfront.net/f/3/9/2275286_4dc4e6c5_dessie-magee_1024.webp,https://www.skiddle.com/whats-on/Birmingham/Hare-And-Hounds-Kings-Heath/Dessie-Magee/42470252/,2026-09-16,2026-09-16T19:30:00+00:00,2026-09-16T23:00:00+00:00,"Irish Brighton based troubadour Dessie Magee is a modern folk-rock singer-songwriter who incorporates elements of rock, blues, punk and soul.","{'doorsopen': '19:30', 'doorsclose': '23:00', 'lastentry': ''}",14,,0,26,True,"{'minPrice': 16.6, 'maxPrice': 16.6}",,public,,False,{'enabled': False},#181818,GBP,[],"[{'genreid': '5', 'name': 'Rock'}, {'genreid': '44', 'name': 'Folk'}, {'genreid': '46', 'name': 'Alternative'}]",[]
41610316,2152957,False,2152957,False,0,LIVE,Robert Arkins - Commitments *SOLD OUT*,0,,,,,"{'id': 38952, 'name': 'Hare And Hounds Kings Heath', 'address': '106 High Street, Kings Heath', 'town': 'Birmingham', 'postcode_lookup': 'Birmingham', 'postcode': 'B14 7JZ', 'region': 'Birmingham', 'country': 'GB', 'phone': '0121 444 2081', 'latitude': 52.434622, 'longitude': -1.89298, 'type': 'live', 'rating': 4, 'reviewCount': 15186, 'distance': 11460.213562936333}",https://d31fr2pwly4c4s.cloudfront.net/a/a/d/2152957_f785758e_robert-arkins-commitments_th.jpg,https://d31fr2pwly4c4s.cloudfront.net/a/a/d/2152957_f785758e_robert-arkins-commitments.jpg,https://d31fr2pwly4c4s.cloudfront.net/a/a/d/2152957_f785758e_robert-arkins-commitments_1024.jpg,https://d31fr2pwly4c4s.cloudfront.net/a/a/d/2152957_f785758e_robert-arkins-commitments_1024.webp,https://www.skiddle.com/whats-on/Birmingham/Hare-And-Hounds-Kings-Heath/Robert-Arkins---Commitments-SOLD-OUT/41610316/,2026-09-17,2026-09-17T19:00:00+00:00,2026-09-17T22:00:00+00:00,The original star of the Commitments playing songs from the film with his 9-piece band!,"{'doorsopen': '19:00', 'doorsclose': '22:00', 'lastentry': ''}",14,,0,19,True,"{'minPrice': 21.6, 'maxPrice': 21.6}",,public,,False,{'enabled': False},#181818,GBP,"[{'artistid': '123608404', 'name': 'Robert Arkins Commitments', 'image': 'https://d1mdxzfl9p8pzo.cloudfront.net/4/123608404_b7d24a44_1024.jpg', 'spotifyartisturl': None}]","[{'genreid': '43', 'name': 'Soul'}]",[]
42443312,2269368,False,2269368,False,0,LIVE,Be N!ce,0,,,,,"{'id': 121518, 'name': 'The Victoria Birmingham', 'address': '48 John Bright Street', 'town': 'Birmingham', 'postcode_lookup': 'Birmingham', 'postcode': 'B1 1BN', 'region': 'Birmingham', 'country': 'GB', 'phone': '0121 633 9439', 'latitude': 52.4760813, 'longitude': -1.9007447, 'type': 'live', 'rating': 4, 'reviewCount': 85, 'distance': 8637.274485188855}",https://d31fr2pwly4c4s.cloudfront.net/4/9/d/2269368_6a237d8e_be-n-ce_th.jpg,https://d31fr2pwly4c4s.cloudfront.net/4/9/d/2269368_6a237d8e_be-n-ce.jpg,https://d31fr2pwly4c4s.cloudfront.net/4/9/d/2269368_6a237d8e_be-n-ce_1024.jpg,https://d31fr2pwly4c4s.cloudfront.net/4/9/d/2269368_6a237d8e_be-n-ce_1024.webp,https://www.skiddle.com/whats-on/Birmingham/The-Victoria-Birmingham/Be-Nce/42443312/,2026-09-17,2026-09-17T19:30:00+00:00,2026-09-17T23:00:00+00:00,"Genre blurring punks Be N!ce headline The Victoria, Birmingham, on Thursday, 17th September!","{'doorsopen': '19:30', 'doorsclose': '23:00', 'lastentry': ''}",18,,0,0,True,"{'minPrice': 12, 'maxPrice': 12}",,public,,False,{'enabled': False},#080808,GBP,[],"[{'genreid': '46', 'name': 'Alternative'}, {'genreid': '53', 'name': 'Punk'}]",[]
42482014,2278619,False,mCLzwbmEVb,False,0,LIVE,Live Music & Happy Hour at The Dry Spy Every Friday & Saturday,0,,,,,"{'id': 115863, 'name': 'The Dry Spy Knowle', 'address': '1673 High St, Knowle, Solihull ', 'town': 'Solihull', 'postcode_lookup': 'Solihull', 'postcode': 'B93 0NA', 'region': 'Birmingham', 'country': 'GB', 'phone': '07711917247', 'latitude': 52.388444, 'longitude': -1.7350295, 'type': 'bar', 'rating': 4, 'reviewCount': 7, 'distance': 23132.041930611493}",https://d31fr2pwly4c4s.cloudfront.net/3/7/f/2278603_dd4a3703_live-music-happy-hour-at-the-dry-spy-every-friday-saturday_th.jpg,https://d31fr2pwly4c4s.cloudfront.net/3/7/f/2278603_dd4a3703_live-music-happy-hour-at-the-dry-spy-every-friday-saturday.jpg,https://d31fr2pwly4c4s.cloudfront.net/3/7/f/2278603_dd4a3703_live-music-happy-hour-at-the-dry-spy-every-friday-saturday_1024.jpg,https://d31fr2pwly4c4s.cloudfront.net/3/7/f/2278603_dd4a3703_live-music-happy-hour-at-the-dry-spy-every-friday-saturday_1024.webp,https://www.skiddle.com/whats-on/Solihull/The-Dry-Spy-Knowle/Live-Music--Happy-Hour-at-The-Dry-Spy-Every-Friday--Saturday/42482014/,2026-09-18,2026-09-18T17:00:00+00:00,2026-09-18T23:45:00+00:00,"Live Music Friday & Saturday 
Happy Hour 5pm-7pm
Book tables Direct on Website
Table Reservations Available 
Open Thurs 241 Drinks","{'doorsopen': '17:00', 'doorsclose': '23:45', 'lastentry': ''}",18,,0,0,True,"{'minPrice': 0, 'maxPrice': 0}",,public,,False,{'enabled': False},,GBP,[],"[{'genreid': '42', 'name': 'Acoustic'}]",[]
42251171,2225180,False,2225180,False,0,LIVE,Rhythm Of The 90s,0,,,,,"{'id': 125271, 'name': 'XOYO', 'address': 'Lower Trinity Street, Deritend', 'town': 'Birmingham', 'postcode_lookup': 'Birmingham', 'postcode': 'B9 4AG', 'region': 'Birmingham', 'country': 'GB', 'phone': '0121 771 4391', 'latitude': 52.475038, 'longitude': -1.8809493, 'type': 'Nightclub', 'rating': 4, 'reviewCount': 7125, 'distance': 9945.324194887584}",https://d31fr2pwly4c4s.cloudfront.net/e/2/e/2225180_8acf8550_rhythm-of-the-90s_th.jpg,https://d31fr2pwly4c4s.cloudfront.net/e/2/e/2225180_8acf8550_rhythm-of-the-90s.jpg,https://d31fr2pwly4c4s.cloudfront.net/e/2/e/2225180_8acf8550_rhythm-of-the-90s_1024.jpg,https://d31fr2pwly4c4s.cloudfront.net/e/2/e/2225180_8acf8550_rhythm-of-the-90s_1024.webp,https://www.skiddle.com/whats-on/Birmingham/XOYO/Rhythm-Of-The-90s/42251171/,2026-09-18,2026-09-18T19:00:00+00:00,2026-09-18T23:00:00+00:00,"XOYO Birmingham presents Rhythm Of The 90s
14 plus (Under 16's accompanied with an adult 18)","{'doorsopen': '19:00', 'doorsclose': '23:00', 'lastentry': ''}",14,,0,2,True,"{'minPrice': 23.7, 'maxPrice': 23.7}",,public,,False,{'enabled': False},#080808,GBP,"[{'artistid': '123533666', 'name': 'Rhythm of the 90s', 'image': 'https://d1mdxzfl9p8pzo.cloudfront.net/6/123533666_4_1024.jpg', 'spotifyartisturl': None}]","[{'genreid': '48', 'name': 'Covers Band/Tribute Act'}, {'genreid': '61', 'name': 'Electronic'}, {'genreid': '82', 'name': '1990s'}]",[]
42506619,2285803,False,2285803,False,0,LIVE,The Crooks - Birmingham,0,,,,,"{'id': 99974, 'name': 'Dead Wax', 'address': '28 Adderley Street', 'town': 'Birmingham', 'postcode_lookup': 'Birmingham', 'postcode': 'B9 4ED', 'region': 'Birmingham', 'country': 'GB', 'phone': '', 'latitude': 52.4746387, 'longitude': -1.8789963, 'type': 'bar', 'rating': 4, 'reviewCount': 706, 'distance': 10084.834114657357}",https://d31fr2pwly4c4s.cloudfront.net/f/f/f/2285803_6219c54b_the-crooks-birmingham_th.jpg,https://d31fr2pwly4c4s.cloudfront.net/f/f/f/2285803_6219c54b_the-crooks-birmingham.jpg,https://d31fr2pwly4c4s.cloudfront.net/f/f/f/2285803_6219c54b_the-crooks-birmingham_1024.jpg,https://d31fr2pwly4c4s.cloudfront.net/f/f/f/2285803_6219c54b_the-crooks-birmingham_1024.webp,https://www.skiddle.com/whats-on/Birmingham/Dead-Wax/The-Crooks---Birmingham/42506619/,2026-09-18,2026-09-18T19:00:00+00:00,2026-09-18T22:30:00+00:00,"""If you're going to see the emergence of a new great band you'll see them at This Feeling first."" Carl Barat","{'doorsopen': '19:00', 'doorsclose': '22:30', 'lastentry': ''}",18,,0,15,True,"{'minPrice': 14, 'maxPrice': 14}",,public,,False,{'enabled': False},#080808,GBP,[],"[{'genreid': '26', 'name': 'Indie'}, {'genreid': '46', 'name': 'Alternative'}, {'genreid': '86', 'name': 'Nu Indie'}, {'genreid': '98', 'name': 'Indie Pop'}]",[]
42565377,2297242,False,2297242,False,0,LIVE,Mitchell Joseph Thompson,0,,,,,"{'id': 106360, 'name': 'The Rhodehouse', 'address': '123 Parade', 'town': 'Sutton Coldfield', 'postcode_lookup': 'Sutton-Coldfield', 'postcode': 'B72 1PU', 'region': 'Birmingham', 'country': 'GB', 'phone': '', 'latitude': 52.560161, 'longitude': -1.825201, 'type': 'live', 'rating': 4, 'reviewCount': 2536, 'distance': 14739.120403282686}",https://d31fr2pwly4c4s.cloudfront.net/2/0/e/2297242_53476958_Mitchell-Joseph-Thompson_th.jpg,https://d31fr2pwly4c4s.cloudfront.net/2/0/e/2297242_53476958_Mitchell-Joseph-Thompson.jpg,https://d31fr2pwly4c4s.cloudfront.net/2/0/e/2297242_53476958_Mitchell-Joseph-Thompson_1024.jpg,https://d31fr2pwly4c4s.cloudfront.net/2/0/e/2297242_53476958_Mitchell-Joseph-Thompson_1024.webp,https://www.skiddle.com/whats-on/Sutton-Coldfield/The-Rhodehouse/Mitchell-Joseph-Thompson/42565377/,2026-09-18,2026-09-18T19:00:00+00:00,2026-09-18T23:45:00+00:00,UB40 and Reggae Show,"{'doorsopen': '19:00', 'doorsclose': '23:45', 'lastentry': ''}",18,,0,3,True,"{'minPrice': 6, 'maxPrice': 6}",,public,,False,{'enabled': False},#181818,GBP,[],"[{'genreid': '68', 'name': 'Reggae'}]",[]
42097978,2209185,False,2209185,False,0,LIVE,Alan Fletcher (Dr Karl Kennedy),0,,,,,"{'id': 65874, 'name': 'Thimblemill Library', 'address': ' Thimblemill Road, Smethwick,', 'town': 'Smethwick', 'postcode_lookup': 'Birmingham', 'postcode': 'B67 5RJ', 'region': 'Birmingham', 'country': 'GB', 'phone': '0121 569 4943', 'latitude': 52.4815962, 'longitude': -1.9765587, 'type': 'Other', 'rating': 4, 'reviewCount': 247, 'distance': 3768.3750241015755}",https://d31fr2pwly4c4s.cloudfront.net/2/6/4/2209185_23194295_Alan-Fletcher--Dr-Karl-Kennedy-_th.jpg,https://d31fr2pwly4c4s.cloudfront.net/2/6/4/2209185_23194295_Alan-Fletcher--Dr-Karl-Kennedy-.jpg,https://d31fr2pwly4c4s.cloudfront.net/2/6/4/2209185_23194295_Alan-Fletcher--Dr-Karl-Kennedy-_1024.jpg,https://d31fr2pwly4c4s.cloudfront.net/2/6/4/2209185_23194295_Alan-Fletcher--Dr-Karl-Kennedy-_1024.webp,https://www.skiddle.com/whats-on/Birmingham/Thimblemill-Library/Alan-Fletcher-Dr-Karl-Kennedy/42097978/,2026-09-18,2026-09-18T19:30:00+00:00,2026-09-18T23:00:00+00:00,"The Friends Of Thimblemill Library welcome back Alan Fletcher, better known as Dr Karl Kennedy from Neighbours, for some Americana/Alt-Country music.","{'doorsopen': '19:30', 'doorsclose': '23:00', 'lastentry': '20:00'}",5,,0,16,True,"{'minPrice': 0, 'maxPrice': 15}",,public,,False,{'enabled': False},#281818,GBP,[],"[{'genreid': '42', 'name': 'Acoustic'}, {'genreid': '44', 'name': 'Folk'}, {'genreid': '67', 'name': 'World Music'}, {'genreid': '71', 'name': 'Country/Americana'}]",[]
42587499,2303156,False,2303156,False,0,LIVE,Lycio,0,,,,,"{'id': 121518, 'name': 'The Victoria Birmingham', 'address': '48 John Bright Street', 'town': 'Birmingham', 'postcode_lookup': 'Birmingham', 'postcode': 'B1 1BN', 'region': 'Birmingham', 'country': 'GB', 'phone': '0121 633 9439', 'latitude': 52.4760813, 'longitude': -1.9007447, 'type': 'live', 'rating': 4, 'reviewCount': 85, 'distance': 8637.274485188855}",https://d31fr2pwly4c4s.cloudfront.net/e/d/5/2303156_e4d50557_lycio_th.jpg,https://d31fr2pwly4c4s.cloudfront.net/e/d/5/2303156_e4d50557_lycio.jpg,https://d31fr2pwly4c4s.cloudfront.net/e/d/5/2303156_e4d50557_lycio_1024.jpg,https://d31fr2pwly4c4s.cloudfront.net/e/d/5/2303156_e4d50557_lycio_1024.webp,https://www.skiddle.com/whats-on/Birmingham/The-Victoria-Birmingham/Lycio/42587499/,2026-09-18,2026-09-18T19:30:00+00:00,2026-09-18T23:00:00+00:00,"Birmingham's electronic hybrid trio Lycio headlines The Victoria, Birmingham, on Saturday, 12th September!","{'doorsopen': '19:30', 'doorsclose': '23:00', 'lastentry': ''}",18,,0,0,True,"{'minPrice': 10, 'maxPrice': 10}",,public,,False,{'enabled': False},#080808,GBP,"[{'artistid': '123561983', 'name': 'Lycio', 'image': 'https://d1mdxzfl9p8pzo.cloudfront.net/3/123561983_1_1024.jpg', 'spotifyartisturl': 'spotify:artist:3E6PwsYQH7PGgFn8YSA2i3'}]","[{'genreid': '26', 'name': 'Indie'}, {'genreid': '61', 'name': 'Electronic'}, {'genreid': '98', 'name': 'Indie Pop'}]",[]
42515001,2289242,False,2289242,False,0,LIVE,Pigs Pigs Pigs Pigs Pigs Pigs Pigs,0,,,,,"{'id': 38952, 'name': 'Hare And Hounds Kings Heath', 'address': '106 High Street, Kings Heath', 'town': 'Birmingham', 'postcode_lookup': 'Birmingham', 'postcode': 'B14 7JZ', 'region': 'Birmingham', 'country': 'GB', 'phone': '0121 444 2081', 'latitude': 52.434622, 'longitude': -1.89298, 'type': 'live', 'rating': 4, 'reviewCount': 15186, 'distance': 11460.213562936333}",https://d31fr2pwly4c4s.cloudfront.net/0/e/a/2289242_0f4cbbc3_pigs-pigs-pigs-pigs-pigs-pigs-pigs_th.jpg,https://d31fr2pwly4c4s.cloudfront.net/0/e/a/2289242_0f4cbbc3_pigs-pigs-pigs-pigs-pigs-pigs-pigs.jpg,https://d31fr2pwly4c4s.cloudfront.net/0/e/a/2289242_0f4cbbc3_pigs-pigs-pigs-pigs-pigs-pigs-pigs_1024.jpg,https://d31fr2pwly4c4s.cloudfront.net/0/e/a/2289242_0f4cbbc3_pigs-pigs-pigs-pigs-pigs-pigs-pigs_1024.webp,https://www.skiddle.com/whats-on/Birmingham/Hare-And-Hounds-Kings-Heath/Pigs-Pigs-Pigs-Pigs-Pigs-Pigs-Pigs/42515001/,2026-09-18,2026-09-18T19:30:00+00:00,2026-09-18T23:00:00+00:00,"Hailing from the UK, Pigsx7 deliver massive riffs, raw energy and pure intensity. One of the most uncompromising heavy bands of the last decade.","{'doorsopen': '19:30', 'doorsclose': '23:00', 'lastentry': ''}",18,,0,90,True,"{'minPrice': 22.6, 'maxPrice': 22.6}",,public,,False,{'enabled': False},#080808,GBP,"[{'artistid': '123563352', 'name': 'Pigs Pigs Pigs Pigs Pigs Pigs Pigs', 'image': 'https://d1plawd8huk6hh.cloudfront.net/assets/default400.png', 'spotifyartisturl': 'spotify:artist:1F7QDWyZTLGzkyGLgFjEhU'}]","[{'genreid': '5', 'name': 'Rock'}, {'genreid': '27', 'name': 'Metal'}, {'genreid': '53', 'name': 'Punk'}]",[]
42510053,2286957,False,2286957,False,0,LIVE,ABBA Tribute Band Sensation,0,,,,,"{'id': 48438, 'name': 'Pelsall Community Centre', 'address': 'Station road', 'town': 'Pelsall', 'postcode_lookup': 'Walsall', 'postcode': 'WS4 3bq', 'region': 'West Midlands', 'country': 'GB', 'phone': '08432899647', 'latitude': 52.628285, 'longitude': -1.966339, 'type': 'Theatre', 'rating': 0, 'reviewCount': 0, 'distance': 14520.163244530546}",https://d31fr2pwly4c4s.cloudfront.net/1/b/a/2286957_16356722_ABBA-Tribute-Band-Sensation_th.jpg,https://d31fr2pwly4c4s.cloudfront.net/1/b/a/2286957_16356722_ABBA-Tribute-Band-Sensation.jpg,https://d31fr2pwly4c4s.cloudfront.net/1/b/a/2286957_16356722_ABBA-Tribute-Band-Sensation_1024.jpg,https://d31fr2pwly4c4s.cloudfront.net/1/b/a/2286957_16356722_ABBA-Tribute-Band-Sensation_1024.webp,https://www.skiddle.com/whats-on/Walsall/Pelsall-Community-Centre/ABBA-Tribute-Band-Sensation/42510053/,2026-09-18,2026-09-18T19:30:00+00:00,2026-09-18T22:30:00+00:00,Sensation perform Abba's greatest hits in a high energy show!,"{'doorsopen': '19:30', 'doorsclose': '22:30', 'lastentry': ''}",,,0,0,False,"{'minPrice': 22.6, 'maxPrice': 22.6}",22.00,public,,False,{'enabled': False},#180808,GBP,[],[],[]
42499941,2283917,False,2283917,False,0,LIVE,Slaughterhouse Festival 2026 - Part 2,0,,,,,"{'id': 80637, 'name': 'The Castle And Falcon', 'address': '402 Moseley Road', 'town': 'Birmingham', 'postcode_lookup': 'Birmingham', 'postcode': 'B12 9AT', 'region': 'Birmingham', 'country': 'GB', 'phone': '0121 440 4278', 'latitude': 52.4599842, 'longitude': -1.884336, 'type': 'live', 'rating': 4, 'reviewCount': 2027, 'distance': 10367.31784588706}",https://d31fr2pwly4c4s.cloudfront.net/5/5/f/2283917_95491435_Slaughterhouse-Festival-2026---Part-2_th.jpg,https://d31fr2pwly4c4s.cloudfront.net/5/5/f/2283917_95491435_Slaughterhouse-Festival-2026---Part-2.jpg,https://d31fr2pwly4c4s.cloudfront.net/5/5/f/2283917_95491435_Slaughterhouse-Festival-2026---Part-2_1024.jpg,https://d31fr2pwly4c4s.cloudfront.net/5/5/f/2283917_95491435_Slaughterhouse-Festival-2026---Part-2_1024.webp,https://www.skiddle.com/whats-on/Birmingham/The-Castle-And-Falcon/Slaughterhouse-Festival-2026---Part-2/42499941/,2026-09-19,2026-09-19T12:30:00+00:00,2026-09-19T23:00:00+00:00,Birmingham's Premier Independent Metal Festival.,"{'doorsopen': '12:30', 'doorsclose': '23:00', 'lastentry': ''}",14,,0,0,True,"{'minPrice': 10, 'maxPrice': 12}",,public,,False,{'enabled': False},#f8f8f8,GBP,[],"[{'genreid': '27', 'name': 'Metal'}]",[]
42437099,2268110,False,2268110,False,0,LIVE,Sugar Witch,0,,,,,"{'id': 68524, 'name': 'The Cuban Embassy (Bulls Head)', 'address': '23 St. Marys Row, Moseley', 'town': 'Birmingham', 'postcode_lookup': 'Birmingham', 'postcode': 'B13 8HW', 'region': 'Birmingham', 'country': 'GB', 'phone': '', 'latitude': 52.4466821, 'longitude': -1.8875046, 'type': 'bar', 'rating': 4, 'reviewCount': 103, 'distance': 10935.665999786246}",https://d31fr2pwly4c4s.cloudfront.net/3/c/7/2268110_57afd213_sugar-witch_th.jpg,https://d31fr2pwly4c4s.cloudfront.net/3/c/7/2268110_57afd213_sugar-witch.jpg,https://d31fr2pwly4c4s.cloudfront.net/3/c/7/2268110_57afd213_sugar-witch_1024.jpg,https://d31fr2pwly4c4s.cloudfront.net/3/c/7/2268110_57afd213_sugar-witch_1024.webp,https://www.skiddle.com/whats-on/Birmingham/The-Cuban-Embassy-%28Bulls-Head%29/Sugar-Witch/42437099/,2026-09-19,2026-09-19T18:00:00+00:00,2026-09-19T22:00:00+00:00,"Sugar Witch makes their first headline appearance.

Support comes from Julianne OC and Cities Prepare for Attack!","{'doorsopen': '18:00', 'doorsclose': '22:00', 'lastentry': ''}",18,,0,0,True,"{'minPrice': 10, 'maxPrice': 10}",,public,,False,{'enabled': False},#181818,GBP,[],[],[]
42467958,2274350,False,2274350,False,0,LIVE,M G Boulter & Jenny Sturgeon,0,,,,,"{'id': 65874, 'name': 'Thimblemill Library', 'address': ' Thimblemill Road, Smethwick,', 'town': 'Smethwick', 'postcode_lookup': 'Birmingham', 'postcode': 'B67 5RJ', 'region': 'Birmingham', 'country': 'GB', 'phone': '0121 569 4943', 'latitude': 52.4815962, 'longitude': -1.9765587, 'type': 'Other', 'rating': 4, 'reviewCount': 247, 'distance': 3768.3750241015755}",https://d31fr2pwly4c4s.cloudfront.net/c/7/c/2274350_d003ee4d_m-g-boulter-jenny-sturgeon_th.jpg,https://d31fr2pwly4c4s.cloudfront.net/c/7/c/2274350_d003ee4d_m-g-boulter-jenny-sturgeon.jpg,https://d31fr2pwly4c4s.cloudfront.net/c/7/c/2274350_d003ee4d_m-g-boulter-jenny-sturgeon_1024.jpg,https://d31fr2pwly4c4s.cloudfront.net/c/7/c/2274350_d003ee4d_m-g-boulter-jenny-sturgeon_1024.webp,https://www.skiddle.com/whats-on/Birmingham/Thimblemill-Library/M-G-Boulter--Jenny-Sturgeon/42467958/,2026-09-19,2026-09-19T19:00:00+00:00,2026-09-19T23:00:00+00:00,Live At The Library welcomes back M G Boulter & Jenny Sturgeon to perform in support of their new collaborative EP.,"{'doorsopen': '19:00', 'doorsclose': '23:00', 'lastentry': '19:30'}",5,,0,2,True,"{'minPrice': 0, 'maxPrice': 15}",,public,,False,{'enabled': False},#d8d8d8,GBP,"[{'artistid': '123567103', 'name': 'M G Boulter', 'image': 'https://d1mdxzfl9p8pzo.cloudfront.net/3/123567103_1_1024.jpg', 'spotifyartisturl': 'spotify:artist:1KFKarv8e50qAWyYNy1WpH'}, {'artistid': '123572965', 'name': 'Jenny Sturgeon', 'image': 'https://d1mdxzfl9p8pzo.cloudfront.net/5/123572965_1_1024.jpg', 'spotifyartisturl': 'spotify:artist:1bzktbHrIylEk8EpIbywZJ'}]","[{'genreid': '42', 'name': 'Acoustic'}, {'genreid': '44', 'name': 'Folk'}, {'genreid': '67', 'name': 'World Music'}, {'genreid': '71', 'name': 'Country/Americana'}, {'genreid': '98', 'name': 'Indie Pop'}]",[]
42498009,2283530,False,2283530,False,0,LIVE,Capleton UK Tour,0,,,,,"{'id': 123586, 'name': '02 Academy Birmingham   Birmingham', 'address': '02 Academy Birmingham', 'town': 'Birmingham', 'postcode_lookup': 'Birmingham', 'postcode': 'B1 1AY', 'region': 'Birmingham', 'country': 'GB', 'phone': '7971076520', 'latitude': 52.4732915, 'longitude': -1.8998955, 'type': 'Other', 'rating': 0, 'reviewCount': 0, 'distance': 8799.470312777852}",https://d31fr2pwly4c4s.cloudfront.net/e/1/e/2283530_4a3174ec_capleton-uk-tour_th.jpg,https://d31fr2pwly4c4s.cloudfront.net/e/1/e/2283530_4a3174ec_capleton-uk-tour.jpg,https://d31fr2pwly4c4s.cloudfront.net/e/1/e/2283530_4a3174ec_capleton-uk-tour_1024.jpg,https://d31fr2pwly4c4s.cloudfront.net/e/1/e/2283530_4a3174ec_capleton-uk-tour_1024.webp,https://www.skiddle.com/whats-on/Birmingham/02-Academy-Birmingham---Birmingham/Capleton-UK-Tour/42498009/,2026-09-19,2026-09-19T19:00:00+00:00,2026-09-19T23:00:00+00:00,Reggae and Dancehall icon Capleton comes to Birmingham this September with special guest Luciano,"{'doorsopen': '19:00', 'doorsclose': '23:00', 'lastentry': ''}",18,,0,35,True,"{'minPrice': 46.95, 'maxPrice': 46.95}",,public,,False,{'enabled': False},#682818,GBP,"[{'artistid': '123594544', 'name': 'Capleton', 'image': 'https://d1mdxzfl9p8pzo.cloudfront.net/4/123594544_2c8e31a6_1024.jpg', 'spotifyartisturl': 'spotify:artist:21J3YJTyq1biE3SvSNjzuf'}, {'artistid': '123496820', 'name': 'Luciano', 'image': 'https://d1mdxzfl9p8pzo.cloudfront.net/0/123496820_1_267.jpg', 'spotifyartisturl': 'spotify:artist:3Vszg64mczF1dWEcW2dU5W'}]","[{'genreid': '24', 'name': 'Dancehall'}, {'genreid': '68', 'name': 'Reggae'}]",[]
41296988,2086245,False,2086245,False,0,LIVE,SYNTH Live at The Castle & Falcon,1,2026-04-21 14:28:20,cancelled,Automatic cancellation: All future dates in the event series have been cancelled,,"{'id': 80637, 'name': 'The Castle And Falcon', 'address': '402 Moseley Road', 'town': 'Birmingham', 'postcode_lookup': 'Birmingham', 'postcode': 'B12 9AT', 'region': 'Birmingham', 'country': 'GB', 'phone': '0121 440 4278', 'latitude': 52.4599842, 'longitude': -1.884336, 'type': 'live', 'rating': 4, 'reviewCount': 2027, 'distance': 10367.31784588706}",https://d31fr2pwly4c4s.cloudfront.net/b/1/7/2086245_eab48883_synth-live-at-the-castle-falcon_th.jpg,https://d31fr2pwly4c4s.cloudfront.net/b/1/7/2086245_eab48883_synth-live-at-the-castle-falcon.jpg,https://d31fr2pwly4c4s.cloudfront.net/b/1/7/2086245_eab48883_synth-live-at-the-castle-falcon_1024.jpg,https://d31fr2pwly4c4s.cloudfront.net/b/1/7/2086245_eab48883_synth-live-at-the-castle-falcon_1024.webp,https://www.skiddle.com/whats-on/Birmingham/The-Castle-And-Falcon/SYNTH-Live-at-The-Castle--Falcon/41296988/,2026-09-19,2026-09-19T19:00:00+00:00,2026-09-19T23:30:00+00:00,"SYNTH return to The Castle & Falcon for a night of iconic 80s Synthpop hits from Depeche Mode, OMD, Erasure, Pet Shop Boys, and more, don't miss out!","{'doorsopen': '19:00', 'doorsclose': '23:30', 'lastentry': ''}",18,,0,0,False,"{'minPrice': 10, 'maxPrice': 10}",,public,,False,{'enabled': False},#080808,GBP,[],"[{'genreid': '20', 'name': 'Pop'}, {'genreid': '61', 'name': 'Electronic'}, {'genreid': '97', 'name': 'Synth Pop'}]",[]
42565398,2297261,False,2297261,False,0,LIVE,Supersonic Queen,0,,,,,"{'id': 106360, 'name': 'The Rhodehouse', 'address': '123 Parade', 'town': 'Sutton Coldfield', 'postcode_lookup': 'Sutton-Coldfield', 'postcode': 'B72 1PU', 'region': 'Birmingham', 'country': 'GB', 'phone': '', 'latitude': 52.560161, 'longitude': -1.825201, 'type': 'live', 'rating': 4, 'reviewCount': 2536, 'distance': 14739.120403282686}",https://d31fr2pwly4c4s.cloudfront.net/7/b/5/2297261_68789634_Supersonic-Queen_th.jpg,https://d31fr2pwly4c4s.cloudfront.net/7/b/5/2297261_68789634_Supersonic-Queen.jpg,https://d31fr2pwly4c4s.cloudfront.net/7/b/5/2297261_68789634_Supersonic-Queen_1024.jpg,https://d31fr2pwly4c4s.cloudfront.net/7/b/5/2297261_68789634_Supersonic-Queen_1024.webp,https://www.skiddle.com/whats-on/Sutton-Coldfield/The-Rhodehouse/Supersonic-Queen/42565398/,2026-09-19,2026-09-19T19:00:00+00:00,2026-09-19T23:45:00+00:00,The UK's most dynamic Queen tribute returns to Sutton Coldfield at the Rhodehouse!,"{'doorsopen': '19:00', 'doorsclose': '23:45', 'lastentry': ''}",18,,0,1,True,"{'minPrice': 13, 'maxPrice': 13}",,public,,False,{'enabled': False},#080808,GBP,[],"[{'genreid': '5', 'name': 'Rock'}, {'genreid': '107', 'name': 'Pop Rock'}]",[]
41435916,2124223,False,2124223,False,0,LIVE,Ultimate RnB,0,,,,,"{'id': 88367, 'name': 'Kingshurst Labour Club ', 'address': '51 Clopton Crescent', 'town': 'Birmingham', 'postcode_lookup': 'Birmingham', 'postcode': 'B37 6QU', 'region': 'Birmingham', 'country': 'GB', 'phone': '', 'latitude': 52.486533, 'longitude': -1.735523, 'type': 'live', 'rating': 4, 'reviewCount': 123, 'distance': 19403.181381232844}",https://d31fr2pwly4c4s.cloudfront.net/e/5/c/2124223_acf69e4d_ultimate-rnb_th.jpg,https://d31fr2pwly4c4s.cloudfront.net/e/5/c/2124223_acf69e4d_ultimate-rnb.jpg,https://d31fr2pwly4c4s.cloudfront.net/e/5/c/2124223_acf69e4d_ultimate-rnb_1024.jpg,https://d31fr2pwly4c4s.cloudfront.net/e/5/c/2124223_acf69e4d_ultimate-rnb_1024.webp,https://www.skiddle.com/whats-on/Birmingham/Kingshurst-Labour-Club-/Ultimate-RnB/41435916/,2026-09-19,2026-09-19T19:00:00+00:00,2026-09-20T00:30:00+00:00,Ultimate RnB is a 6 piece live band playing homage to RnB music of the 90's,"{'doorsopen': '19:00', 'doorsclose': '00:30', 'lastentry': ''}",18,,0,12,True,"{'minPrice': 10, 'maxPrice': 15}",,public,,False,{'enabled': False},#080808,GBP,"[{'artistid': '123584725', 'name': 'Ultimate RnB', 'image': 'https://d1mdxzfl9p8pzo.cloudfront.net/5/123584725_1_1024.jpg', 'spotifyartisturl': None}]",[],[]
42476029,2277339,False,2277339,False,0,LIVE,Tina Turner Tribute Night - Stourport,0,,,,,"{'id': 126431, 'name': ""Severn's Club"", 'address': 'Lickhill Road', 'town': 'Stourport-on-Severn', 'postcode_lookup': 'Stourport-On-Severn', 'postcode': 'DY13 8SB', 'region': 'West Midlands', 'country': 'GB', 'phone': '07487770777', 'latitude': 52.34053475, 'longitude': -2.2806156, 'type': 'live', 'rating': 4, 'reviewCount': 52, 'distance': 25145.408953192455}",https://d31fr2pwly4c4s.cloudfront.net/6/9/6/2277339_7b36b6f9_tina-turner-tribute-night-stourport_th.jpg,https://d31fr2pwly4c4s.cloudfront.net/6/9/6/2277339_7b36b6f9_tina-turner-tribute-night-stourport.jpg,https://d31fr2pwly4c4s.cloudfront.net/6/9/6/2277339_7b36b6f9_tina-turner-tribute-night-stourport_1024.jpg,https://d31fr2pwly4c4s.cloudfront.net/6/9/6/2277339_7b36b6f9_tina-turner-tribute-night-stourport_1024.webp,https://www.skiddle.com/whats-on/Stourport-On-Severn/Severn%27s-Club/Tina-Turner-Tribute-Night---Stourport/42476029/,2026-09-19,2026-09-19T19:00:00+00:00,2026-09-20T00:00:00+00:00,"Tina Turner Tribute Night Stourport On Severn

Join us for a fantastic night of live entertainment with the amazing Sass Brown as Tina Turner","{'doorsopen': '19:00', 'doorsclose': '00:00', 'lastentry': ''}",18,,0,0,True,"{'minPrice': 13.5, 'maxPrice': 13.5}",,public,,False,{'enabled': False},#080808,GBP,[],"[{'genreid': '20', 'name': 'Pop'}, {'genreid': '43', 'name': 'Soul'}]",[]
42459251,2272146,False,2272146,False,0,LIVE,Lacuna,0,,,,,"{'id': 2058, 'name': 'The Sunflower Lounge', 'address': '76 Smallbrook Queensway', 'town': 'Birmingham', 'postcode_lookup': 'Birmingham', 'postcode': 'B5 4EG', 'region': 'Birmingham', 'country': 'GB', 'phone': '0121 632 6756', 'latitude': 52.476205, 'longitude': -1.897554, 'type': 'bar', 'rating': 4, 'reviewCount': 554, 'distance': 8836.736049148043}",https://d31fr2pwly4c4s.cloudfront.net/4/d/7/2272146_e20a8029_lacuna_th.jpg,https://d31fr2pwly4c4s.cloudfront.net/4/d/7/2272146_e20a8029_lacuna.jpg,https://d31fr2pwly4c4s.cloudfront.net/4/d/7/2272146_e20a8029_lacuna_1024.jpg,https://d31fr2pwly4c4s.cloudfront.net/4/d/7/2272146_e20a8029_lacuna_1024.webp,https://www.skiddle.com/whats-on/Birmingham/The-Sunflower-Lounge/Lacuna/42459251/,2026-09-19,2026-09-19T19:30:00+00:00,2026-09-19T23:00:00+00:00,"Yampy Promotions presents The Next Big Thing, featuring Lacuna.","{'doorsopen': '19:30', 'doorsclose': '23:00', 'lastentry': ''}",18,,0,0,True,"{'minPrice': 8, 'maxPrice': 8}",,public,,False,{'enabled': False},#282828,GBP,[],"[{'genreid': '26', 'name': 'Indie'}, {'genreid': '46', 'name': 'Alternative'}]",[]
41930912,2184441,False,2184441,False,0,LIVE,The Doors Rising,0,,,,,"{'id': 38952, 'name': 'Hare And Hounds Kings Heath', 'address': '106 High Street, Kings Heath', 'town': 'Birmingham', 'postcode_lookup': 'Birmingham', 'postcode': 'B14 7JZ', 'region': 'Birmingham', 'country': 'GB', 'phone': '0121 444 2081', 'latitude': 52.434622, 'longitude': -1.89298, 'type': 'live', 'rating': 4, 'reviewCount': 15186, 'distance': 11460.213562936333}",https://d31fr2pwly4c4s.cloudfront.net/7/f/8/2184441_2ea409cf_the-doors-rising_th.jpg,https://d31fr2pwly4c4s.cloudfront.net/7/f/8/2184441_2ea409cf_the-doors-rising.jpg,https://d31fr2pwly4c4s.cloudfront.net/7/f/8/2184441_2ea409cf_the-doors-rising_1024.jpg,https://d31fr2pwly4c4s.cloudfront.net/7/f/8/2184441_2ea409cf_the-doors-rising_1024.webp,https://www.skiddle.com/whats-on/Birmingham/Hare-And-Hounds-Kings-Heath/The-Doors-Rising/41930912/,2026-09-19,2026-09-19T20:00:00+00:00,2026-09-20T00:00:00+00:00,"Prepare for a full evening of psychedelia as The Doors Rising transport you back to the 60s with the music, stage presence and mysticism of The Doors!","{'doorsopen': '20:00', 'doorsclose': '00:00', 'lastentry': ''}",18,,0,18,True,"{'minPrice': 10, 'maxPrice': 15.6}",,public,,False,{'enabled': False},#581818,GBP,[],"[{'genreid': '5', 'name': 'Rock'}, {'genreid': '26', 'name': 'Indie'}, {'genreid': '46', 'name': 'Alternative'}]",[]
42487527,2280908,False,2280908,False,0,LIVE,Underground audio - tunnel club,0,,,,,"{'id': 133457, 'name': 'Tunnel Club Birmingham', 'address': 'Livery street Birmingham', 'town': 'Birmingham', 'postcode_lookup': 'Birmingham', 'postcode': 'B3 1hl', 'region': 'Birmingham', 'country': 'GB', 'phone': '07300448478', 'latitude': 52.4853886, 'longitude': -1.9025705, 'type': 'Nightclub', 'rating': 4, 'reviewCount': 25, 'distance': 8227.802157154061}",https://d31fr2pwly4c4s.cloudfront.net/2/a/a/2280908_db24b6a3_underground-audio-tunnel-club_th.jpg,https://d31fr2pwly4c4s.cloudfront.net/2/a/a/2280908_db24b6a3_underground-audio-tunnel-club.jpg,https://d31fr2pwly4c4s.cloudfront.net/2/a/a/2280908_db24b6a3_underground-audio-tunnel-club_1024.jpg,https://d31fr2pwly4c4s.cloudfront.net/2/a/a/2280908_db24b6a3_underground-audio-tunnel-club_1024.webp,https://www.skiddle.com/whats-on/Birmingham/Tunnel-Club-Birmingham/Underground-audio---tunnel-club/42487527/,2026-09-19,2026-09-19T22:00:00+00:00,2026-09-20T03:00:00+00:00,"Join us for our debut event in Birmingham at the legendary tunnel club 
Featuring: 
posk 
Underground audio 
Boro bass 
Online crew","{'doorsopen': '22:00', 'doorsclose': '03:00', 'lastentry': '22:00'}",18,,0,1,True,"{'minPrice': 10, 'maxPrice': 10}",,public,,False,{'enabled': False},#080808,GBP,"[{'artistid': '123571632', 'name': 'POSK', 'image': 'https://d1mdxzfl9p8pzo.cloudfront.net/2/123571632_1_1024.jpg', 'spotifyartisturl': 'spotify:artist:0Se9VSGYSzcS0QmxztSJxe'}]","[{'genreid': '8', 'name': 'Drum and Bass'}]",[]
42160846,2219427,False,2219427,False,0,LIVE,And Also The Trees + Sons of Geometry,0,,,,,"{'id': 80637, 'name': 'The Castle And Falcon', 'address': '402 Moseley Road', 'town': 'Birmingham', 'postcode_lookup': 'Birmingham', 'postcode': 'B12 9AT', 'region': 'Birmingham', 'country': 'GB', 'phone': '0121 440 4278', 'latitude': 52.4599842, 'longitude': -1.884336, 'type': 'live', 'rating': 4, 'reviewCount': 2027, 'distance': 10367.31784588706}",https://d31fr2pwly4c4s.cloudfront.net/3/d/b/2219427_07d0ad89_and-also-the-trees-sons-of-geometry_th.jpg,https://d31fr2pwly4c4s.cloudfront.net/3/d/b/2219427_07d0ad89_and-also-the-trees-sons-of-geometry.jpg,https://d31fr2pwly4c4s.cloudfront.net/3/d/b/2219427_07d0ad89_and-also-the-trees-sons-of-geometry_1024.jpg,https://d31fr2pwly4c4s.cloudfront.net/3/d/b/2219427_07d0ad89_and-also-the-trees-sons-of-geometry_1024.webp,https://www.skiddle.com/whats-on/Birmingham/The-Castle-And-Falcon/And-Also-The-Trees--Sons-of-Geometry/42160846/,2026-09-20,2026-09-20T19:00:00+00:00,2026-09-20T23:00:00+00:00,Rare UK date by a band characterised by their poetic lyrics and evocative music which are strongly influenced by the native English countryside.,"{'doorsopen': '19:00', 'doorsclose': '23:00', 'lastentry': '19:45'}",14,,0,20,True,"{'minPrice': 22.5, 'maxPrice': 22.5}",,public,,False,{'enabled': False},#282828,GBP,[],"[{'genreid': '26', 'name': 'Indie'}, {'genreid': '46', 'name': 'Alternative'}, {'genreid': '91', 'name': 'Experimental'}, {'genreid': '96', 'name': 'New Wave'}, {'genreid': '111', 'name': 'Minimal'}]",[]
42261456,2229408,False,2229408,False,0,LIVE,Little Barrie,0,,,,,"{'id': 38952, 'name': 'Hare And Hounds Kings Heath', 'address': '106 High Street, Kings Heath', 'town': 'Birmingham', 'postcode_lookup': 'Birmingham', 'postcode': 'B14 7JZ', 'region': 'Birmingham', 'country': 'GB', 'phone': '0121 444 2081', 'latitude': 52.434622, 'longitude': -1.89298, 'type': 'live', 'rating': 4, 'reviewCount': 15186, 'distance': 11460.213562936333}",https://d31fr2pwly4c4s.cloudfront.net/2/b/7/2229408_37f90583_little-barrie_th.jpg,https://d31fr2pwly4c4s.cloudfront.net/2/b/7/2229408_37f90583_little-barrie.jpg,https://d31fr2pwly4c4s.cloudfront.net/2/b/7/2229408_37f90583_little-barrie_1024.jpg,https://d31fr2pwly4c4s.cloudfront.net/2/b/7/2229408_37f90583_little-barrie_1024.webp,https://www.skiddle.com/whats-on/Birmingham/Hare-And-Hounds-Kings-Heath/Little-Barrie/42261456/,2026-09-20,2026-09-20T19:30:00+00:00,2026-09-20T23:00:00+00:00,"The UK's prime purveyors of psychedelic rock'n'soul return with a brand new album ""Gravity Freeze"".","{'doorsopen': '19:30', 'doorsclose': '23:00', 'lastentry': ''}",14,,0,31,True,"{'minPrice': 20.6, 'maxPrice': 20.6}",,public,,False,{'enabled': False},#080818,GBP,"[{'artistid': '123485410', 'name': 'Little Barrie', 'image': 'https://d1mdxzfl9p8pzo.cloudfront.net/0/123485410_267.jpg', 'spotifyartisturl': 'spotify:artist:5ozUXaDjc4mfVyDIWCJH4E'}]","[{'genreid': '5', 'name': 'Rock'}, {'genreid': '40', 'name': 'Blues'}, {'genreid': '43', 'name': 'Soul'}]",[]
42582074,2301776,False,2301776,False,0,LIVE,Fluffy Machine / Goo / Martha's Needle,0,,,,,"{'id': 476, 'name': 'The Flapper', 'address': 'Cambrian Wharf, 8 Kingston Row, Birmingham', 'town': 'Birmingham', 'postcode_lookup': 'Birmingham', 'postcode': 'B1 2NU', 'region': 'Birmingham', 'country': 'GB', 'phone': '0121 236 2421', 'latitude': 52.480479, 'longitude': -1.912217, 'type': 'Nightclub', 'rating': 4, 'reviewCount': 281, 'distance': 7744.135718582458}",https://d31fr2pwly4c4s.cloudfront.net/0/2/1/2301776_7b15621c_fluffy-machine-goo-martha-s-needle_th.jpg,https://d31fr2pwly4c4s.cloudfront.net/0/2/1/2301776_7b15621c_fluffy-machine-goo-martha-s-needle.jpg,https://d31fr2pwly4c4s.cloudfront.net/0/2/1/2301776_7b15621c_fluffy-machine-goo-martha-s-needle_1024.jpg,https://d31fr2pwly4c4s.cloudfront.net/0/2/1/2301776_7b15621c_fluffy-machine-goo-martha-s-needle_1024.webp,https://www.skiddle.com/whats-on/Birmingham/The-Flapper/Fluffy-Machine--Goo--Marthas-Needle/42582074/,2026-09-22,2026-09-22T19:00:00+00:00,2026-09-22T23:00:00+00:00,"Fluffy Machine  - for fans of  Idles, Dinosaur Pile-Up & Soft Play, Clowns","{'doorsopen': '19:00', 'doorsclose': '23:00', 'lastentry': '19:30'}",18,,0,0,True,"{'minPrice': 15, 'maxPrice': 15}",,public,,False,{'enabled': False},#080808,GBP,"[{'artistid': '123601091', 'name': 'Fluffy Machine', 'image': 'https://d1mdxzfl9p8pzo.cloudfront.net/1/123601091_894b628a_1024.jpg', 'spotifyartisturl': 'spotify:artist:5K2ptcSz3Q6QC26AcE8m3a'}]","[{'genreid': '26', 'name': 'Indie'}, {'genreid': '53', 'name': 'Punk'}, {'genreid': '84', 'name': 'Grunge'}, {'genreid': '113', 'name': 'Pop Punk'}]",[]
42144191,2214925,False,2214925,False,0,LIVE,The Surfrajettes,0,,,,,"{'id': 38952, 'name': 'Hare And Hounds Kings Heath', 'address': '106 High Street, Kings Heath', 'town': 'Birmingham', 'postcode_lookup': 'Birmingham', 'postcode': 'B14 7JZ', 'region': 'Birmingham', 'country': 'GB', 'phone': '0121 444 2081', 'latitude': 52.434622, 'longitude': -1.89298, 'type': 'live', 'rating': 4, 'reviewCount': 15186, 'distance': 11460.213562936333}",https://d31fr2pwly4c4s.cloudfront.net/f/3/f/2214925_497f5664_the-surfrajettes_th.jpg,https://d31fr2pwly4c4s.cloudfront.net/f/3/f/2214925_497f5664_the-surfrajettes.jpg,https://d31fr2pwly4c4s.cloudfront.net/f/3/f/2214925_497f5664_the-surfrajettes_1024.jpg,https://d31fr2pwly4c4s.cloudfront.net/f/3/f/2214925_497f5664_the-surfrajettes_1024.webp,https://www.skiddle.com/whats-on/Birmingham/Hare-And-Hounds-Kings-Heath/The-Surfrajettes/42144191/,2026-09-22,2026-09-22T19:30:00+00:00,2026-09-22T23:00:00+00:00,"From Toronto, ON, Canada, The Surfrajettes have charmed audiences with their clever mix of psychedelic rock & reverb-drenched surf music.","{'doorsopen': '19:30', 'doorsclose': '23:00', 'lastentry': ''}",14,,0,22,True,"{'minPrice': 20.6, 'maxPrice': 20.6}",,public,,False,{'enabled': False},#e88888,GBP,"[{'artistid': '123590702', 'name': 'The Surfrajettes', 'image': 'https://d1mdxzfl9p8pzo.cloudfront.net/2/123590702_50e4b3c9_1024.jpg', 'spotifyartisturl': 'spotify:artist:7bsvnY2FZ7P4TR8DAxZzCM'}]","[{'genreid': '60', 'name': 'Rock & Roll / 1950s'}]",[]
42406723,2259939,False,2259939,False,0,LIVE,Leee John of Imagination,0,,,,,"{'id': 38008, 'name': 'The Jam House', 'address': ""3-5 St. Paul's square"", 'town': 'Birmingham ', 'postcode_lookup': 'Birmingham', 'postcode': 'B3 1QU', 'region': 'Birmingham', 'country': 'GB', 'phone': '0121 200 3030', 'latitude': 52.485231, 'longitude': -1.904536, 'type': 'live', 'rating': 4, 'reviewCount': 81, 'distance': 8102.218714239657}",https://d31fr2pwly4c4s.cloudfront.net/6/f/d/2259939_78958902_leee-john-of-imagination_th.jpg,https://d31fr2pwly4c4s.cloudfront.net/6/f/d/2259939_78958902_leee-john-of-imagination.jpg,https://d31fr2pwly4c4s.cloudfront.net/6/f/d/2259939_78958902_leee-john-of-imagination_1024.jpg,https://d31fr2pwly4c4s.cloudfront.net/6/f/d/2259939_78958902_leee-john-of-imagination_1024.webp,https://www.skiddle.com/whats-on/Birmingham/The-Jam-House/Leee-John-of-Imagination/42406723/,2026-09-23,2026-09-23T18:00:00+00:00,2026-09-23T23:45:00+00:00,"Leee John of Imagination performs their classic tracks ‘Body Talk’, ‘Just An illusion’, ‘Flashback’ and so many more.","{'doorsopen': '18:00', 'doorsclose': '23:45', 'lastentry': '20:45'}",18,,0,0,True,"{'minPrice': 25, 'maxPrice': 25}",,public,,False,{'enabled': False},#f8f8f8,GBP,"[{'artistid': '123527676', 'name': 'Imagination', 'image': 'https://d1mdxzfl9p8pzo.cloudfront.net/6/123527676_267.jpg', 'spotifyartisturl': 'spotify:artist:2CkhxuagMCG9uvlbKm5G3m'}, {'artistid': '123554526', 'name': 'Leee John', 'image': 'https://d1mdxzfl9p8pzo.cloudfront.net/6/123554526_1_1024.jpg', 'spotifyartisturl': 'spotify:artist:4FyDcMx1NsTjaQuj8kGfm4'}]","[{'genreid': '20', 'name': 'Pop'}, {'genreid': '57', 'name': 'Disco'}, {'genreid': '62', 'name': '1980s'}]",[]
42256519,2226834,False,2226834,False,0,LIVE,She Her Her Hers,0,,,,,"{'id': 38952, 'name': 'Hare And Hounds Kings Heath', 'address': '106 High Street, Kings Heath', 'town': 'Birmingham', 'postcode_lookup': 'Birmingham', 'postcode': 'B14 7JZ', 'region': 'Birmingham', 'country': 'GB', 'phone': '0121 444 2081', 'latitude': 52.434622, 'longitude': -1.89298, 'type': 'live', 'rating': 4, 'reviewCount': 15186, 'distance': 11460.213562936333}",https://d31fr2pwly4c4s.cloudfront.net/e/4/e/2226834_ad3bddcd_she-her-her-hers_th.jpg,https://d31fr2pwly4c4s.cloudfront.net/e/4/e/2226834_ad3bddcd_she-her-her-hers.jpg,https://d31fr2pwly4c4s.cloudfront.net/e/4/e/2226834_ad3bddcd_she-her-her-hers_1024.jpg,https://d31fr2pwly4c4s.cloudfront.net/e/4/e/2226834_ad3bddcd_she-her-her-hers_1024.webp,https://www.skiddle.com/whats-on/Birmingham/Hare-And-Hounds-Kings-Heath/She-Her-Her-Hers/42256519/,2026-09-24,2026-09-24T19:00:00+00:00,2026-09-24T23:00:00+00:00,"Alternative lo-fi indie/dream-pop band from Tokyo, Japan","{'doorsopen': '19:00', 'doorsclose': '23:00', 'lastentry': ''}",14,,0,4,True,"{'minPrice': 15.6, 'maxPrice': 15.6}",,public,,False,{'enabled': False},#080808,GBP,[],"[{'genreid': '26', 'name': 'Indie'}, {'genreid': '46', 'name': 'Alternative'}]",[]
42582233,2301859,False,2301859,False,0,LIVE,Ollie Cook & The Hogwash,0,,,,,"{'id': 2058, 'name': 'The Sunflower Lounge', 'address': '76 Smallbrook Queensway', 'town': 'Birmingham', 'postcode_lookup': 'Birmingham', 'postcode': 'B5 4EG', 'region': 'Birmingham', 'country': 'GB', 'phone': '0121 632 6756', 'latitude': 52.476205, 'longitude': -1.897554, 'type': 'bar', 'rating': 4, 'reviewCount': 554, 'distance': 8836.736049148043}",https://d31fr2pwly4c4s.cloudfront.net/1/e/7/2301859_71720b3e_ollie-cook-the-hogwash_th.jpg,https://d31fr2pwly4c4s.cloudfront.net/1/e/7/2301859_71720b3e_ollie-cook-the-hogwash.jpg,https://d31fr2pwly4c4s.cloudfront.net/1/e/7/2301859_71720b3e_ollie-cook-the-hogwash_1024.jpg,https://d31fr2pwly4c4s.cloudfront.net/1/e/7/2301859_71720b3e_ollie-cook-the-hogwash_1024.webp,https://www.skiddle.com/whats-on/Birmingham/The-Sunflower-Lounge/Ollie-Cook--The-Hogwash/42582233/,2026-09-24,2026-09-24T19:30:00+00:00,2026-09-24T22:30:00+00:00,Yampy Promotions present Ollie Cook & The Hogwash + guests,"{'doorsopen': '19:30', 'doorsclose': '22:30', 'lastentry': ''}",16,,0,0,True,"{'minPrice': 8, 'maxPrice': 8}",,public,,False,{'enabled': False},#c88828,GBP,"[{'artistid': '123590038', 'name': 'Ollie Cook', 'image': 'https://d1mdxzfl9p8pzo.cloudfront.net/8/123590038_e4118f11_1024.jpg', 'spotifyartisturl': 'spotify:artist:1jnKiI44jsHiQ4ctaVxTtd'}]","[{'genreid': '71', 'name': 'Country/Americana'}]",[]
42482015,2278620,False,mCLzwbmEVb,False,0,LIVE,Live Music & Happy Hour at The Dry Spy Every Friday & Saturday,0,,,,,"{'id': 115863, 'name': 'The Dry Spy Knowle', 'address': '1673 High St, Knowle, Solihull ', 'town': 'Solihull', 'postcode_lookup': 'Solihull', 'postcode': 'B93 0NA', 'region': 'Birmingham', 'country': 'GB', 'phone': '07711917247', 'latitude': 52.388444, 'longitude': -1.7350295, 'type': 'bar', 'rating': 4, 'reviewCount': 7, 'distance': 23132.041930611493}",https://d31fr2pwly4c4s.cloudfront.net/7/2/f/2278603_dd4a3703_live-music-happy-hour-at-the-dry-spy-every-friday-saturday_th.jpg,https://d31fr2pwly4c4s.cloudfront.net/7/2/f/2278603_dd4a3703_live-music-happy-hour-at-the-dry-spy-every-friday-saturday.jpg,https://d31fr2pwly4c4s.cloudfront.net/7/2/f/2278603_dd4a3703_live-music-happy-hour-at-the-dry-spy-every-friday-saturday_1024.jpg,https://d31fr2pwly4c4s.cloudfront.net/7/2/f/2278603_dd4a3703_live-music-happy-hour-at-the-dry-spy-every-friday-saturday_1024.webp,https://www.skiddle.com/whats-on/Solihull/The-Dry-Spy-Knowle/Live-Music--Happy-Hour-at-The-Dry-Spy-Every-Friday--Saturday/42482015/,2026-09-25,2026-09-25T17:00:00+00:00,2026-09-25T23:45:00+00:00,"Live Music Friday & Saturday 
Happy Hour 5pm-7pm
Book tables Direct on Website
Table Reservations Available 
Open Thurs 241 Drinks","{'doorsopen': '17:00', 'doorsclose': '23:45', 'lastentry': ''}",18,,0,0,True,"{'minPrice': 0, 'maxPrice': 0}",,public,,False,{'enabled': False},,GBP,[],"[{'genreid': '42', 'name': 'Acoustic'}]",[]
42437731,2268517,False,2268517,False,0,LIVE,Agrotoxico UK Tour,0,,,,,"{'id': 476, 'name': 'The Flapper', 'address': 'Cambrian Wharf, 8 Kingston Row, Birmingham', 'town': 'Birmingham', 'postcode_lookup': 'Birmingham', 'postcode': 'B1 2NU', 'region': 'Birmingham', 'country': 'GB', 'phone': '0121 236 2421', 'latitude': 52.480479, 'longitude': -1.912217, 'type': 'Nightclub', 'rating': 4, 'reviewCount': 281, 'distance': 7744.135718582458}",https://d31fr2pwly4c4s.cloudfront.net/7/b/1/2268517_0f87058a_agrotoxico-uk-tour_th.jpg,https://d31fr2pwly4c4s.cloudfront.net/7/b/1/2268517_0f87058a_agrotoxico-uk-tour.jpg,https://d31fr2pwly4c4s.cloudfront.net/7/b/1/2268517_0f87058a_agrotoxico-uk-tour_1024.jpg,https://d31fr2pwly4c4s.cloudfront.net/7/b/1/2268517_0f87058a_agrotoxico-uk-tour_1024.webp,https://www.skiddle.com/whats-on/Birmingham/The-Flapper/Agrotoxico-UK-Tour/42437731/,2026-09-25,2026-09-25T19:00:00+00:00,2026-09-25T23:00:00+00:00,"Agrotoxico, Sao Paulo's long running hardcore punk force, returns to the UK in 2026.","{'doorsopen': '19:00', 'doorsclose': '23:00', 'lastentry': ''}",18,,0,0,True,"{'minPrice': 15, 'maxPrice': 15}",,public,,False,{'enabled': False},#080808,GBP,[],"[{'genreid': '27', 'name': 'Metal'}, {'genreid': '53', 'name': 'Punk'}, {'genreid': '99', 'name': 'Hardcore Punk'}]",[]
42000455,2200092,False,2200092,False,0,LIVE,The Grateful Dudes,0,,,,,"{'id': 38952, 'name': 'Hare And Hounds Kings Heath', 'address': '106 High Street, Kings Heath', 'town': 'Birmingham', 'postcode_lookup': 'Birmingham', 'postcode': 'B14 7JZ', 'region': 'Birmingham', 'country': 'GB', 'phone': '0121 444 2081', 'latitude': 52.434622, 'longitude': -1.89298, 'type': 'live', 'rating': 4, 'reviewCount': 15186, 'distance': 11460.213562936333}",https://d31fr2pwly4c4s.cloudfront.net/3/c/6/2200092_66270951_Grateful-Dudes_th.jpg,https://d31fr2pwly4c4s.cloudfront.net/3/c/6/2200092_66270951_Grateful-Dudes.jpg,https://d31fr2pwly4c4s.cloudfront.net/3/c/6/2200092_66270951_Grateful-Dudes_1024.jpg,https://d31fr2pwly4c4s.cloudfront.net/3/c/6/2200092_66270951_Grateful-Dudes_1024.webp,https://www.skiddle.com/whats-on/Birmingham/Hare-And-Hounds-Kings-Heath/The-Grateful-Dudes/42000455/,2026-09-25,2026-09-25T19:30:00+00:00,2026-09-25T23:30:00+00:00,"Playing the music of The Grateful Dead, the Dudes explore the songs and improvisations from their vast repertoire.","{'doorsopen': '19:30', 'doorsclose': '23:30', 'lastentry': ''}",18,,0,7,True,"{'minPrice': 15.6, 'maxPrice': 15.6}",,public,,False,{'enabled': False},#480838,GBP,[],"[{'genreid': '5', 'name': 'Rock'}]",[]
42366260,2252941,False,2252941,False,0,LIVE,Moving Pictures - A Tribute To Rush,0,,,,,"{'id': 80637, 'name': 'The Castle And Falcon', 'address': '402 Moseley Road', 'town': 'Birmingham', 'postcode_lookup': 'Birmingham', 'postcode': 'B12 9AT', 'region': 'Birmingham', 'country': 'GB', 'phone': '0121 440 4278', 'latitude': 52.4599842, 'longitude': -1.884336, 'type': 'live', 'rating': 4, 'reviewCount': 2027, 'distance': 10367.31784588706}",https://d31fr2pwly4c4s.cloudfront.net/c/4/9/2252941_ac9012be_moving-pictures-a-tribute-to-rush_th.jpg,https://d31fr2pwly4c4s.cloudfront.net/c/4/9/2252941_ac9012be_moving-pictures-a-tribute-to-rush.jpg,https://d31fr2pwly4c4s.cloudfront.net/c/4/9/2252941_ac9012be_moving-pictures-a-tribute-to-rush_1024.jpg,https://d31fr2pwly4c4s.cloudfront.net/c/4/9/2252941_ac9012be_moving-pictures-a-tribute-to-rush_1024.webp,https://www.skiddle.com/whats-on/Birmingham/The-Castle-And-Falcon/Moving-Pictures---A-Tribute-To-Rush/42366260/,2026-09-26,2026-09-26T19:00:00+00:00,2026-09-26T23:00:00+00:00,Flawless versions of classic RUSH songs played with real passion.,"{'doorsopen': '19:00', 'doorsclose': '23:00', 'lastentry': ''}",14,,0,24,True,"{'minPrice': 20, 'maxPrice': 20}",,public,,False,{'enabled': False},#080808,GBP,[],"[{'genreid': '5', 'name': 'Rock'}, {'genreid': '48', 'name': 'Covers Band/Tribute Act'}]",[]
42273924,2232595,False,2232595,False,0,LIVE,An Evening with Kristin Hersh,0,,,,,"{'id': 43334, 'name': 'All Saints Church', 'address': 'All Saints Church, Vicarage Road, Kings Heath ', 'town': 'Birmingham', 'postcode_lookup': 'Birmingham', 'postcode': 'B14 7RA', 'region': 'Birmingham', 'country': 'GB', 'phone': '0121 444 0260', 'latitude': 52.432653, 'longitude': -1.894481, 'type': 'Outdoors', 'rating': 4, 'reviewCount': 14, 'distance': 11528.888816085228}",https://d31fr2pwly4c4s.cloudfront.net/9/8/0/2232595_6d83380d_an-evening-with-kristin-hersh_th.jpg,https://d31fr2pwly4c4s.cloudfront.net/9/8/0/2232595_6d83380d_an-evening-with-kristin-hersh.jpg,https://d31fr2pwly4c4s.cloudfront.net/9/8/0/2232595_6d83380d_an-evening-with-kristin-hersh_1024.jpg,https://d31fr2pwly4c4s.cloudfront.net/9/8/0/2232595_6d83380d_an-evening-with-kristin-hersh_1024.webp,https://www.skiddle.com/whats-on/Birmingham/All-Saints-Church/An-Evening-with-Kristin-Hersh/42273924/,2026-09-26,2026-09-26T19:00:00+00:00,2026-09-26T22:00:00+00:00,"This Is Tmrw presents an evening with Kristin Hersh at All Saints Church (Kings Heath) on Saturday, September 26th.","{'doorsopen': '19:00', 'doorsclose': '22:00', 'lastentry': ''}",14,,0,107,True,"{'minPrice': 25, 'maxPrice': 25}",,public,,False,{'enabled': False},#080808,GBP,"[{'artistid': '123562621', 'name': 'Kristin Hersh', 'image': 'https://d1mdxzfl9p8pzo.cloudfront.net/1/123562621_1_1024.jpg', 'spotifyartisturl': 'spotify:artist:6ZWUhhSv3IahZyW5keNSxK'}]","[{'genreid': '26', 'name': 'Indie'}, {'genreid': '46', 'name': 'Alternative'}]",[]
42261820,2229636,False,2229636,False,0,LIVE,Duran Duran & Spandau Ballet Tribute Night - Longbridge,0,,,,,"{'id': 25740, 'name': 'Austin Sports  Social Club', 'address': 'Tessall Lane, Longbridge,', 'town': 'Birmingham', 'postcode_lookup': 'Birmingham', 'postcode': 'B31 2SF', 'region': 'Birmingham', 'country': 'GB', 'phone': '01214751641', 'latitude': 52.3994643, 'longitude': -1.9818634, 'type': 'live', 'rating': 4, 'reviewCount': 10, 'distance': 11705.872619220778}",https://d31fr2pwly4c4s.cloudfront.net/9/4/6/2229636_7f9df267_duran-duran-spandau-ballet-tribute-night-longbridge_th.jpg,https://d31fr2pwly4c4s.cloudfront.net/9/4/6/2229636_7f9df267_duran-duran-spandau-ballet-tribute-night-longbridge.jpg,https://d31fr2pwly4c4s.cloudfront.net/9/4/6/2229636_7f9df267_duran-duran-spandau-ballet-tribute-night-longbridge_1024.jpg,https://d31fr2pwly4c4s.cloudfront.net/9/4/6/2229636_7f9df267_duran-duran-spandau-ballet-tribute-night-longbridge_1024.webp,https://www.skiddle.com/whats-on/Birmingham/Austin-Sports--Social-Club/Duran-Duran--Spandau-Ballet-Tribute-Night---Longbridge/42261820/,2026-09-26,2026-09-26T19:00:00+00:00,2026-09-27T00:00:00+00:00,"Duran Duran & Spandau Ballet Tribute Night  Longbridge
Get ready to relive the iconic sounds of the 80s with Duran Duran & Spandau Ballet Tribute Band","{'doorsopen': '19:00', 'doorsclose': '00:00', 'lastentry': ''}",,,0,0,True,"{'minPrice': 13.5, 'maxPrice': 13.5}",,public,,False,{'enabled': False},#080808,GBP,"[{'artistid': '123600835', 'name': 'Rio Gold', 'image': 'https://d1mdxzfl9p8pzo.cloudfront.net/5/123600835_b3a20ac3_1024.jpg', 'spotifyartisturl': None}]","[{'genreid': '20', 'name': 'Pop'}, {'genreid': '107', 'name': 'Pop Rock'}]",[]
41496208,2141380,False,2141380,False,0,LIVE,Tina Turner Tribute Night - Aldridge,0,,,,,"{'id': 86807, 'name': 'Aldridge Social Club', 'address': 'High Street, Aldridge', 'town': 'Walsall', 'postcode_lookup': 'Walsall', 'postcode': 'WS9 8LZ', 'region': 'West Midlands', 'country': 'GB', 'phone': '01922 452435', 'latitude': 52.605252, 'longitude': -1.914902, 'type': 'live', 'rating': 4, 'reviewCount': 25, 'distance': 13537.720173063826}",https://d31fr2pwly4c4s.cloudfront.net/e/c/a/2141380_c5b138d7_tina-turner-tribute-night-aldridge_th.jpg,https://d31fr2pwly4c4s.cloudfront.net/e/c/a/2141380_c5b138d7_tina-turner-tribute-night-aldridge.jpg,https://d31fr2pwly4c4s.cloudfront.net/e/c/a/2141380_c5b138d7_tina-turner-tribute-night-aldridge_1024.jpg,https://d31fr2pwly4c4s.cloudfront.net/e/c/a/2141380_c5b138d7_tina-turner-tribute-night-aldridge_1024.webp,https://www.skiddle.com/whats-on/Walsall/Aldridge-Social-Club/Tina-Turner-Tribute-Night---Aldridge/41496208/,2026-09-26,2026-09-26T19:00:00+00:00,2026-09-27T00:00:00+00:00,"Tina Turner Tribute Night - Aldridge 
The Return of Sass Brown as Tina Turner - Live at Aldridge Social Club 

She's back by popular demand!","{'doorsopen': '19:00', 'doorsclose': '00:00', 'lastentry': ''}",,,0,0,True,"{'minPrice': 13.5, 'maxPrice': 13.5}",,public,,False,{'enabled': False},#080808,GBP,"[{'artistid': '123580885', 'name': 'SASS BROWN', 'image': 'https://d1mdxzfl9p8pzo.cloudfront.net/5/123580885_59888af3_1024.jpg', 'spotifyartisturl': None}]","[{'genreid': '20', 'name': 'Pop'}, {'genreid': '43', 'name': 'Soul'}]",[]
42587260,2302966,False,2302966,False,0,LIVE,Quad Rox,0,,,,,"{'id': 106360, 'name': 'The Rhodehouse', 'address': '123 Parade', 'town': 'Sutton Coldfield', 'postcode_lookup': 'Sutton-Coldfield', 'postcode': 'B72 1PU', 'region': 'Birmingham', 'country': 'GB', 'phone': '', 'latitude': 52.560161, 'longitude': -1.825201, 'type': 'live', 'rating': 4, 'reviewCount': 2536, 'distance': 14739.120403282686}",https://d31fr2pwly4c4s.cloudfront.net/0/2/6/2302966_c37e8450_quad-rox_th.jpg,https://d31fr2pwly4c4s.cloudfront.net/0/2/6/2302966_c37e8450_quad-rox.jpg,https://d31fr2pwly4c4s.cloudfront.net/0/2/6/2302966_c37e8450_quad-rox_1024.jpg,https://d31fr2pwly4c4s.cloudfront.net/0/2/6/2302966_c37e8450_quad-rox_1024.webp,https://www.skiddle.com/whats-on/Sutton-Coldfield/The-Rhodehouse/Quad-Rox/42587260/,2026-09-26,2026-09-26T19:00:00+00:00,2026-09-26T23:45:00+00:00,"Oasis, The Rolling Stones, The Killers, Queen & Kings Of Leon, The Beatles, Wilson Pickett & much more! Free before 8 pm, £5 after!","{'doorsopen': '19:00', 'doorsclose': '23:45', 'lastentry': ''}",18,,0,0,False,"{'minPrice': 13.5, 'maxPrice': 13.5}",0,public,,False,{'enabled': False},#080808,GBP,[],"[{'genreid': '26', 'name': 'Indie'}, {'genreid': '60', 'name': 'Rock & Roll / 1950s'}, {'genreid': '98', 'name': 'Indie Pop'}, {'genreid': '107', 'name': 'Pop Rock'}]",[]
41948896,2187279,False,2187279,False,0,LIVE,ABBA Riginal,1,2026-06-16 14:33:16,cancelled,Automatic cancellation: All future dates in the event series have been cancelled,,"{'id': 124580, 'name': 'Sutton United Football Club', 'address': 'Coleshill Road', 'town': 'Sutton Coldfield', 'postcode_lookup': 'Sutton-Coldfield', 'postcode': 'B75 7BA', 'region': 'Birmingham', 'country': 'GB', 'phone': '07976662634', 'latitude': 52.5601959, 'longitude': -1.8136432, 'type': 'bar', 'rating': 4, 'reviewCount': 73, 'distance': 15447.078296853064}",https://d31fr2pwly4c4s.cloudfront.net/1/a/6/2187279_357594d9_abba-riginal_th.jpg,https://d31fr2pwly4c4s.cloudfront.net/1/a/6/2187279_357594d9_abba-riginal.jpg,https://d31fr2pwly4c4s.cloudfront.net/1/a/6/2187279_357594d9_abba-riginal_1024.jpg,https://d31fr2pwly4c4s.cloudfront.net/1/a/6/2187279_357594d9_abba-riginal_1024.webp,https://www.skiddle.com/whats-on/Sutton-Coldfield/Sutton-United-Football-Club/ABBA-Riginal/41948896/,2026-09-26,2026-09-26T19:00:00+00:00,2026-09-26T23:00:00+00:00,ABBA Riginal are back with their infectious performances of ABBA's timeless classics,"{'doorsopen': '19:00', 'doorsclose': '23:00', 'lastentry': '20:30'}",,,0,0,False,"{'minPrice': 5, 'maxPrice': 5}",,public,,False,{'enabled': False},#080808,GBP,[],"[{'genreid': '20', 'name': 'Pop'}]",[]
41947213,2186874,False,2186874,False,0,LIVE,Robbie Williams Tribute Night - Wythall,0,,,,,"{'id': 117894, 'name': 'Wythall Community Club', 'address': '52 Silver Street, Wythall', 'town': 'Birmingham', 'postcode_lookup': 'Birmingham', 'postcode': 'B47 6LZ', 'region': 'Birmingham', 'country': 'GB', 'phone': '', 'latitude': 52.383807, 'longitude': -1.88851, 'type': 'Nightclub', 'rating': 0, 'reviewCount': 0, 'distance': 15917.478983513936}",https://d31fr2pwly4c4s.cloudfront.net/4/7/a/2186874_1b034af2_robbie-williams-tribute-night-wythall_th.jpg,https://d31fr2pwly4c4s.cloudfront.net/4/7/a/2186874_1b034af2_robbie-williams-tribute-night-wythall.jpg,https://d31fr2pwly4c4s.cloudfront.net/4/7/a/2186874_1b034af2_robbie-williams-tribute-night-wythall_1024.jpg,https://d31fr2pwly4c4s.cloudfront.net/4/7/a/2186874_1b034af2_robbie-williams-tribute-night-wythall_1024.webp,https://www.skiddle.com/whats-on/Birmingham/Wythall-Community-Club/Robbie-Williams-Tribute-Night---Wythall/41947213/,2026-09-26,2026-09-26T19:00:00+00:00,2026-09-26T23:30:00+00:00,"Robbie Williams Tribute Night - Live in Wythall
A Night of Pure Robbie Williams Magic!
Get ready for an unforgettable evening as the phenomenal......","{'doorsopen': '19:00', 'doorsclose': '23:30', 'lastentry': '20:30'}",,,0,0,True,"{'minPrice': 16, 'maxPrice': 16}",,public,,False,{'enabled': False},#280808,GBP,[],"[{'genreid': '20', 'name': 'Pop'}]",[]
41948685,2187157,False,2187157,False,0,LIVE,"Abba Tribute Night - Shirley, Solihull",0,,,,,"{'id': 125829, 'name': 'Shirley British Legion', 'address': '186 Stratford Rd, Shirley', 'town': 'Birmingham', 'postcode_lookup': 'Solihull', 'postcode': 'B90 3BQ', 'region': 'Birmingham', 'country': 'GB', 'phone': '0121 744 1631', 'latitude': 52.4127163, 'longitude': -1.8288836, 'type': 'Nightclub', 'rating': 4, 'reviewCount': 19, 'distance': 16371.036681713818}",https://d31fr2pwly4c4s.cloudfront.net/e/9/0/2187157_94490d7a_abba-tribute-night-shirley-solihull_th.jpg,https://d31fr2pwly4c4s.cloudfront.net/e/9/0/2187157_94490d7a_abba-tribute-night-shirley-solihull.jpg,https://d31fr2pwly4c4s.cloudfront.net/e/9/0/2187157_94490d7a_abba-tribute-night-shirley-solihull_1024.jpg,https://d31fr2pwly4c4s.cloudfront.net/e/9/0/2187157_94490d7a_abba-tribute-night-shirley-solihull_1024.webp,https://www.skiddle.com/whats-on/Solihull/Shirley-British-Legion/Abba-Tribute-Night---Shirley-Solihull/41948685/,2026-09-26,2026-09-26T19:00:00+00:00,2026-09-27T00:00:00+00:00,"ABBA Tribute Night  Shirley, Solihull 
Get ready to dance and sing along to all the iconic hits of ABBA with the fantastic Melody Mias at our ABBA....","{'doorsopen': '19:00', 'doorsclose': '00:00', 'lastentry': ''}",,,0,0,True,"{'minPrice': 13.5, 'maxPrice': 13.5}",,public,,False,{'enabled': False},#984868,GBP,[],"[{'genreid': '20', 'name': 'Pop'}, {'genreid': '60', 'name': 'Rock & Roll / 1950s'}]",[]
42098284,2209450,False,2209450,False,0,LIVE,Freddie Mercury Tribute Night - Castle Bromwich,0,,,,,"{'id': 32206, 'name': 'Arden Hall', 'address': 'Water Orton Road, Castle Bromich', 'town': 'Solihull', 'postcode_lookup': 'Birmingham', 'postcode': 'B36 9PB', 'region': 'Birmingham', 'country': 'GB', 'phone': '0121 747 7150', 'latitude': 52.504646, 'longitude': -1.776561, 'type': 'Theatre', 'rating': 4, 'reviewCount': 15, 'distance': 16547.74111558684}",https://d31fr2pwly4c4s.cloudfront.net/5/6/7/2209450_da20b268_freddie-mercury-tribute-night-castle-bromwich_th.jpg,https://d31fr2pwly4c4s.cloudfront.net/5/6/7/2209450_da20b268_freddie-mercury-tribute-night-castle-bromwich.jpg,https://d31fr2pwly4c4s.cloudfront.net/5/6/7/2209450_da20b268_freddie-mercury-tribute-night-castle-bromwich_1024.jpg,https://d31fr2pwly4c4s.cloudfront.net/5/6/7/2209450_da20b268_freddie-mercury-tribute-night-castle-bromwich_1024.webp,https://www.skiddle.com/whats-on/Birmingham/Arden-Hall/Freddie-Mercury-Tribute-Night---Castle-Bromwich/42098284/,2026-09-26,2026-09-26T19:00:00+00:00,2026-09-26T23:30:00+00:00,"Freddie Mercury Tribute Night,  Arden Hall, Castle Bromwich
Experience the magic and showmanship of one of the greatest performers in rock history wit","{'doorsopen': '19:00', 'doorsclose': '23:30', 'lastentry': ''}",18,,0,0,True,"{'minPrice': 13.5, 'maxPrice': 13.5}",,public,,False,{'enabled': False},#383838,GBP,[],"[{'genreid': '5', 'name': 'Rock'}, {'genreid': '20', 'name': 'Pop'}]",[]
41496196,2141368,False,2141368,False,0,LIVE,"Coldplay Tribute Night - knowle , Solihull",0,,,,,"{'id': 66004, 'name': 'Knowle Royal British Legion', 'address': '1611 Warwick Road, Knowle', 'town': 'Solihull', 'postcode_lookup': 'Solihull', 'postcode': 'B93 9LU', 'region': 'Birmingham', 'country': 'GB', 'phone': '', 'latitude': 52.395684, 'longitude': -1.742041, 'type': 'live', 'rating': 4, 'reviewCount': 56, 'distance': 22296.982689039993}",https://d31fr2pwly4c4s.cloudfront.net/2/3/b/2141368_0368ce3d_coldplay-tribute-night-knowle-solihull_th.jpg,https://d31fr2pwly4c4s.cloudfront.net/2/3/b/2141368_0368ce3d_coldplay-tribute-night-knowle-solihull.jpg,https://d31fr2pwly4c4s.cloudfront.net/2/3/b/2141368_0368ce3d_coldplay-tribute-night-knowle-solihull_1024.jpg,https://d31fr2pwly4c4s.cloudfront.net/2/3/b/2141368_0368ce3d_coldplay-tribute-night-knowle-solihull_1024.webp,https://www.skiddle.com/whats-on/Solihull/Knowle-Royal-British-Legion/Coldplay-Tribute-Night---knowle--Solihull/41496196/,2026-09-26,2026-09-26T19:00:00+00:00,2026-09-27T00:00:00+00:00,Get ready for an unforgettable evening celebrating one of the worlds biggest bands - Coldplay! Join us on Saturday 26th September,"{'doorsopen': '19:00', 'doorsclose': '00:00', 'lastentry': '20:45'}",14,,0,0,True,"{'minPrice': 18.5, 'maxPrice': 18.5}",,public,,False,{'enabled': False},#f8f8f8,GBP,"[{'artistid': '123610659', 'name': 'The Coldplay Tribute', 'image': 'https://d1mdxzfl9p8pzo.cloudfront.net/9/123610659_1c382bbc_1024.jpg', 'spotifyartisturl': None}]","[{'genreid': '20', 'name': 'Pop'}]",[]
41654517,2165180,False,2165180,False,0,LIVE,James Bond Concert Spectacular at Birmingham Town Hall,0,,,,,"{'id': 12068, 'name': 'Birmingham Town Hall', 'address': 'Victoria Square B3 3DQ', 'town': 'Birmingham', 'postcode_lookup': 'Birmingham', 'postcode': 'B3 3DQ', 'region': 'Birmingham', 'country': 'GB', 'phone': '0121 780 3333', 'latitude': 52.480896, 'longitude': -1.9046315, 'type': 'live', 'rating': 4, 'reviewCount': 102, 'distance': 8220.714912052983}",https://d31fr2pwly4c4s.cloudfront.net/2/0/f/2165180_71346732_James-Bond-Concert-Spectacular-at-Birmingham-Town-Hall_th.jpg,https://d31fr2pwly4c4s.cloudfront.net/2/0/f/2165180_71346732_James-Bond-Concert-Spectacular-at-Birmingham-Town-Hall.jpg,https://d31fr2pwly4c4s.cloudfront.net/2/0/f/2165180_71346732_James-Bond-Concert-Spectacular-at-Birmingham-Town-Hall_1024.jpg,https://d31fr2pwly4c4s.cloudfront.net/2/0/f/2165180_71346732_James-Bond-Concert-Spectacular-at-Birmingham-Town-Hall_1024.webp,https://www.skiddle.com/whats-on/Birmingham/Birmingham-Town-Hall/James-Bond-Concert-Spectacular-at-Birmingham-Town-Hall/41654517/,2026-09-26,2026-09-26T19:30:00+00:00,2026-09-26T22:15:00+00:00,"The world's most critically acclaimed James Bond concert, straight from selling out London's West End multiple times!","{'doorsopen': '19:30', 'doorsclose': '22:15', 'lastentry': '19:30'}",,,0,0,True,"{'minPrice': 39, 'maxPrice': 39}",,public,,False,{'enabled': False},#080808,GBP,"[{'artistid': '123564320', 'name': 'Q The Music Show', 'image': 'https://d1mdxzfl9p8pzo.cloudfront.net/0/123564320_1_1024.jpg', 'spotifyartisturl': None}]",[],[]
42078042,2202797,False,2202797,False,0,LIVE,Speaking In Tongues [Live] - A Tribute to Talking Heads,0,,,,,"{'id': 38952, 'name': 'Hare And Hounds Kings Heath', 'address': '106 High Street, Kings Heath', 'town': 'Birmingham', 'postcode_lookup': 'Birmingham', 'postcode': 'B14 7JZ', 'region': 'Birmingham', 'country': 'GB', 'phone': '0121 444 2081', 'latitude': 52.434622, 'longitude': -1.89298, 'type': 'live', 'rating': 4, 'reviewCount': 15186, 'distance': 11460.213562936333}",https://d31fr2pwly4c4s.cloudfront.net/1/1/2/2202797_89fc0835_speaking-in-tongues-live-a-tribute-to-talking-heads_th.jpg,https://d31fr2pwly4c4s.cloudfront.net/1/1/2/2202797_89fc0835_speaking-in-tongues-live-a-tribute-to-talking-heads.jpg,https://d31fr2pwly4c4s.cloudfront.net/1/1/2/2202797_89fc0835_speaking-in-tongues-live-a-tribute-to-talking-heads_1024.jpg,https://d31fr2pwly4c4s.cloudfront.net/1/1/2/2202797_89fc0835_speaking-in-tongues-live-a-tribute-to-talking-heads_1024.webp,https://www.skiddle.com/whats-on/Birmingham/Hare-And-Hounds-Kings-Heath/Speaking-In-Tongues-Live---A-Tribute-to-Talking-Heads/42078042/,2026-09-26,2026-09-26T19:30:00+00:00,2026-09-26T23:00:00+00:00,Speaking In Tongues recreate the spectacle of Talking Heads at their peak!,"{'doorsopen': '19:30', 'doorsclose': '23:00', 'lastentry': ''}",18,,0,8,True,"{'minPrice': 10, 'maxPrice': 17.1}",,public,,False,{'enabled': False},#080808,GBP,[],"[{'genreid': '26', 'name': 'Indie'}, {'genreid': '46', 'name': 'Alternative'}, {'genreid': '96', 'name': 'New Wave'}]",[]
42508722,2286526,False,2286526,False,0,LIVE,Arctic Monkeys - Tribute,0,,,,,"{'id': 124580, 'name': 'Sutton United Football Club', 'address': 'Coleshill Road', 'town': 'Sutton Coldfield', 'postcode_lookup': 'Sutton-Coldfield', 'postcode': 'B75 7BA', 'region': 'Birmingham', 'country': 'GB', 'phone': '07976662634', 'latitude': 52.5601959, 'longitude': -1.8136432, 'type': 'bar', 'rating': 4, 'reviewCount': 73, 'distance': 15447.078296853064}",https://d31fr2pwly4c4s.cloudfront.net/b/8/7/2286526_426c09ad_arctic-monkeys-tribute_th.jpg,https://d31fr2pwly4c4s.cloudfront.net/b/8/7/2286526_426c09ad_arctic-monkeys-tribute.jpg,https://d31fr2pwly4c4s.cloudfront.net/b/8/7/2286526_426c09ad_arctic-monkeys-tribute_1024.jpg,https://d31fr2pwly4c4s.cloudfront.net/b/8/7/2286526_426c09ad_arctic-monkeys-tribute_1024.webp,https://www.skiddle.com/whats-on/Sutton-Coldfield/Sutton-United-Football-Club/Arctic-Monkeys---Tribute/42508722/,2026-09-26,2026-09-26T19:30:00+00:00,2026-09-26T23:30:00+00:00,"After packing out the venue and taking the roof off, last time out, Mardy Bums are back for another Arctic Monkeys tribute night.","{'doorsopen': '19:30', 'doorsclose': '23:30', 'lastentry': '20:30'}",,,0,1,True,"{'minPrice': 10, 'maxPrice': 10}",,public,,False,{'enabled': False},#383838,GBP,"[{'artistid': '123572298', 'name': 'Mardy Bums', 'image': 'https://d1mdxzfl9p8pzo.cloudfront.net/8/123572298_1_1024.jpg', 'spotifyartisturl': 'spotify:artist:4DGPB3TtdUlluFRwMt8cSd'}]","[{'genreid': '26', 'name': 'Indie'}, {'genreid': '53', 'name': 'Punk'}]",[]
42414182,2261663,False,2261663,False,0,LIVE,Carmichael Musiclover,0,,,,,"{'id': 38008, 'name': 'The Jam House', 'address': ""3-5 St. Paul's square"", 'town': 'Birmingham ', 'postcode_lookup': 'Birmingham', 'postcode': 'B3 1QU', 'region': 'Birmingham', 'country': 'GB', 'phone': '0121 200 3030', 'latitude': 52.485231, 'longitude': -1.904536, 'type': 'live', 'rating': 4, 'reviewCount': 81, 'distance': 8102.218714239657}",https://d31fr2pwly4c4s.cloudfront.net/d/3/4/2261663_88e0a438_carmichael-musiclover_th.jpg,https://d31fr2pwly4c4s.cloudfront.net/d/3/4/2261663_88e0a438_carmichael-musiclover.jpg,https://d31fr2pwly4c4s.cloudfront.net/d/3/4/2261663_88e0a438_carmichael-musiclover_1024.jpg,https://d31fr2pwly4c4s.cloudfront.net/d/3/4/2261663_88e0a438_carmichael-musiclover_1024.webp,https://www.skiddle.com/whats-on/Birmingham/The-Jam-House/Carmichael-Musiclover/42414182/,2026-09-27,2026-09-27T17:00:00+00:00,2026-09-27T22:00:00+00:00,Experience the soul stirring artistry of Carmichael Musiclover as he delivers a rich catalogue of R&B with hits such as Count the Stars,"{'doorsopen': '17:00', 'doorsclose': '22:00', 'lastentry': '20:30'}",18,,0,0,True,"{'minPrice': 25, 'maxPrice': 25}",,public,,False,{'enabled': False},#080808,GBP,[],"[{'genreid': '4', 'name': 'R&B'}, {'genreid': '43', 'name': 'Soul'}]",[]
